strike,maturity_days,moneyness,implied_vol
960.2086,30,0.75,0.32904463203899675
973.0114,30,0.76,0.3251062646495358
985.8141,30,0.77,0.321149896773227
998.6169,30,0.78,0.3171744010665425
1011.4197,30,0.79,0.3131765795068699
1024.2225,30,0.8,0.3091541692312343
1037.0253,30,0.81,0.3051041835973944
1049.828,30,0.82,0.30102434790442467
1062.6308,30,0.83,0.29691092573191646
1075.4336,30,0.84,0.2927611520706892
1088.2364,30,0.85,0.2885710106690628
1101.0392,30,0.86,0.2843372720305485
1113.8419,30,0.87,0.28005543195076266
1126.6447,30,0.88,0.27572093307362283
1139.4475,30,0.89,0.2713289114048133
1152.2503,30,0.9,0.26687406888551946
1165.0531,30,0.91,0.2623504093579796
1177.8559,30,0.92,0.257751261876543
1190.6586,30,0.93,0.2530694627141128
1203.4614,30,0.94,0.2482959922331687
1216.2642,30,0.95,0.24342263131254713
1229.067,30,0.96,0.2384379788676855
1241.8698,30,0.97,0.2333310043769017
1254.6725,30,0.98,0.22808698576443323
1267.4753,30,0.99,0.2226910942325599
1280.2781,30,1.0,0.21712534923258353
1293.0809,30,1.01,0.211369459184957
1305.8837,30,1.02,0.2054008817191125
1318.6864,30,1.03,0.19919494804951057
1331.4892,30,1.04,0.19272798262913585
1344.292,30,1.05,0.18598253269725348
1357.0948,30,1.06,0.1789643014356223
1369.8976,30,1.07,0.1717324333462396
1382.7003,30,1.08,0.16444140160307155
1395.5031,30,1.09,0.1573574502382136
1408.3059,30,1.1,0.15079811518051217
1421.1087,30,1.11,0.14501472273644697
1433.9115,30,1.12,0.1401197851696896
1446.7143,30,1.13,0.1360969142597246
1459.517,30,1.14,0.13285617951801287
1472.3198,30,1.15,0.13028132899477127
1485.1226,30,1.16,0.12825768983401584
1497.9254,30,1.17,0.1266855039835325
1510.7282,30,1.18,0.1254806226620873
1523.5309,30,1.19,0.12457458826608829
1536.3337,30,1.2,0.12391253953272474
960.2086,35,0.75,0.32888169998657374
973.0114,35,0.76,0.32494638938564546
985.8141,35,0.77,0.32099376982455374
998.6169,35,0.78,0.3170215458769901
1011.4197,35,0.79,0.31302731830673725
1024.2225,35,0.8,0.30900851870222606
1037.0253,35,0.81,0.3049626148112982
1049.828,35,0.82,0.30088639569820386
1062.6308,35,0.83,0.29677715364995516
1075.4336,35,0.84,0.29263129269812965
1088.2364,35,0.85,0.28844585169427356
1101.0392,35,0.86,0.2842165381135208
1113.8419,35,0.87,0.2799391443091013
1126.6447,35,0.88,0.2756098285038561
1139.4475,35,0.89,0.27122308676868057
1152.2503,35,0.9,0.2667737553966271
1165.0531,35,0.91,0.26225586606569845
1177.8559,35,0.92,0.25766282253093004
1190.6586,35,0.93,0.2529873041843381
1203.4614,35,0.94,0.24822107275599628
1216.2642,35,0.95,0.24335488370789418
1229.067,35,0.96,0.23837826038496074
1241.8698,35,0.97,0.23327930108514403
1254.6725,35,0.98,0.2280445840884752
1267.4753,35,0.99,0.22265846108787826
1280.2781,35,1.0,0.21710327255834194
1293.0809,35,1.01,0.21135884026958981
1305.8837,35,1.02,0.20540267875766685
1318.6864,35,1.03,0.19921047082570226
1331.4892,35,1.04,0.19275892596099722
1344.292,35,1.05,0.18603261619025102
1357.0948,35,1.06,0.17904042526607722
1369.8976,35,1.07,0.17184601600540603
1382.7003,35,1.08,0.1646060477886751
1395.5031,35,1.09,0.1575814273789962
1408.3059,35,1.1,0.1510778085519715
1421.1087,35,1.11,0.1453376780445411
1433.9115,35,1.12,0.14046994857953304
1446.7143,35,1.13,0.13646018266662802
1459.517,35,1.14,0.13322177959488762
1472.3198,35,1.15,0.13064192675090147
1485.1226,35,1.16,0.12860931306492962
1497.9254,35,1.17,0.1270249144757865
1510.7282,35,1.18,0.12580629252822145
1523.5309,35,1.19,0.12488643593167685
1536.3337,35,1.2,0.12421024444537804
960.2086,40,0.75,0.3287182082630619
973.0114,40,0.76,0.32478616879988886
985.8141,40,0.77,0.32083702968495953
998.6169,40,0.78,0.31686796814524626
1011.4197,40,0.79,0.31287736095097146
1024.2225,40,0.8,0.3088621442589094
1037.0253,40,0.81,0.3048199504761946
1049.828,40,0.82,0.3007477258565174
1062.6308,40,0.83,0.29664223420661423
1075.4336,40,0.84,0.29250094978377245
1088.2364,40,0.85,0.2883196789427763
1101.0392,40,0.86,0.2840946546631504
1113.8419,40,0.87,0.27982219722661483
1126.6447,40,0.88,0.2754977783677666
1139.4475,40,0.89,0.27111620659916685
1152.2503,40,0.9,0.2666723144521091
1165.0531,40,0.91,0.2621600085015631
1177.8559,40,0.92,0.2575731598712121
1190.6586,40,0.93,0.25290392310295023
1203.4614,40,0.94,0.24814461486786038
1216.2642,40,0.95,0.24328563688152519
1229.067,40,0.96,0.23831677661083714
1241.8698,40,0.97,0.23322618223019242
1254.6725,40,0.98,0.22800042434341003
1267.4753,40,0.99,0.2226238918378887
1280.2781,40,1.0,0.21707917566734092
1293.0809,40,1.01,0.21134617086745186
1305.8837,40,1.02,0.20540258851652166
1318.6864,40,1.03,0.1992246236300519
1331.4892,40,1.04,0.19279003536791062
1344.292,40,1.05,0.18608561745163033
1357.0948,40,1.06,0.17912415587125707
1369.8976,40,1.07,0.17197331873506613
1382.7003,40,1.08,0.16478980105751356
1395.5031,40,1.09,0.15782737969031074
1408.3059,40,1.1,0.15137947336387597
1421.1087,40,1.11,0.14567958239304268
1433.9115,40,1.12,0.14083542025643794
1446.7143,40,1.13,0.13683526269589202
1459.517,40,1.14,0.13359625228621713
1472.3198,40,1.15,0.13100955193227617
1485.1226,40,1.16,0.128965809224744
1497.9254,40,1.17,0.12736838332459063
1510.7282,40,1.18,0.12613553663723015
1523.5309,40,1.19,0.125200729353894
1536.3337,40,1.2,0.1245101409990588
960.2086,45,0.75,0.3285541594194588
973.0114,45,0.76,0.32462534267291365
985.8141,45,0.77,0.3206793303339705
998.6169,45,0.78,0.31671395082861525
1011.4197,45,0.79,0.31272672923709405
1024.2225,45,0.8,0.30871505482954686
1037.0253,45,0.81,0.30467666318536535
1049.828,45,0.82,0.3006084586985185
1062.6308,45,0.83,0.2965067870972804
1075.4336,45,0.84,0.2923696052394969
1088.2364,45,0.85,0.2881928187042156
1101.0392,45,0.86,0.2839723916162417
1113.8419,45,0.87,0.2797044235371526
1126.6447,45,0.88,0.27538467668645433
1139.4475,45,0.89,0.2710083129497879
1152.2503,45,0.9,0.26656970396189084
1165.0531,45,0.91,0.26206317678869995
1177.8559,45,0.92,0.257482148248161
1190.6586,45,0.93,0.25281934560808456
1203.4614,45,0.94,0.24806663567888043
1216.2642,45,0.95,0.2432147174403804
1229.067,45,0.96,0.23825364664160167
1241.8698,45,0.97,0.23317126246664577
1254.6725,45,0.98,0.22795409751079246
1267.4753,45,0.99,0.22258741286692144
1280.2781,45,1.0,0.21705314439459
1293.0809,45,1.01,0.21133166100828893
1305.8837,45,1.02,0.20540103174172622
1318.6864,45,1.03,0.19923821970455274
1331.4892,45,1.04,0.1928224812692975
1344.292,45,1.05,0.18614338020390228
1357.0948,45,1.06,0.1792172673603335
1369.8976,45,1.07,0.1721155576282001
1382.7003,45,1.08,0.16499310335253373
1395.5031,45,1.09,0.1580948062933249
1408.3059,45,1.1,0.15170135158880363
1421.1087,45,1.11,0.1460394974512692
1433.9115,45,1.12,0.14121549441131367
1446.7143,45,1.13,0.13722157151748718
1459.517,45,1.14,0.13397972718962506
1472.3198,45,1.15,0.13138405656887273
1485.1226,45,1.16,0.12932753658687
1497.9254,45,1.17,0.1277156306335397
1510.7282,45,1.18,0.12646771309000798
1523.5309,45,1.19,0.12551737375394095
1536.3337,45,1.2,0.12481169096826417
960.2086,50,0.75,0.32838954966626804
973.0114,50,0.76,0.32446390938309855
985.8141,50,0.77,0.32052099576105914
998.6169,50,0.78,0.3165591880941877
1011.4197,50,0.79,0.3125754141918103
1024.2225,50,0.8,0.3085674889823466
1037.0253,50,0.81,0.30453275870831714
1049.828,50,0.82,0.30046818733848235
1062.6308,50,0.83,0.29637070639448054
1075.4336,50,0.84,0.292237401457896
1088.2364,50,0.85,0.2880647013141704
1101.0392,50,0.86,0.28384870744551866
1113.8419,50,0.87,0.27958536090986064
1126.6447,50,0.88,0.2752708525017856
1139.4475,50,0.89,0.27089919735174456
1152.2503,50,0.9,0.2664659319290189
1165.0531,50,0.91,0.26196501658627536
1177.8559,50,0.92,0.2573897638939281
1190.6586,50,0.93,0.25273341991700765
1203.4614,50,0.94,0.24798723163937825
1216.2642,50,0.95,0.24314250116613828
1229.067,50,0.96,0.2381891161982202
1241.8698,50,0.97,0.23311463601886948
1254.6725,50,0.98,0.2279063658515048
1267.4753,50,0.99,0.222549241516404
1280.2781,50,1.0,0.2170254123281732
1293.0809,50,1.01,0.21131572480178457
1305.8837,50,1.02,0.20539869654089635
1318.6864,50,1.03,0.19925252406966604
1331.4892,50,1.04,0.1928579686678072
1344.292,50,1.05,0.1862076177355005
1357.0948,50,1.06,0.17932164095606626
1369.8976,50,1.07,0.17227346083331302
1382.7003,50,1.08,0.165215446421052
1395.5031,50,1.09,0.158382404692937
1408.3059,50,1.1,0.152043043707263
1421.1087,50,1.11,0.14641662439514966
1433.9115,50,1.12,0.1416095766456496
1446.7143,50,1.13,0.1376192203984933
1459.517,50,1.14,0.13437162062470973
1472.3198,50,1.15,0.13176460632052062
1485.1226,50,1.16,0.1296943615949519
1497.9254,50,1.17,0.12806685635863488
1510.7282,50,1.18,0.12680285936054958
1523.5309,50,1.19,0.12583681867169577
1536.3337,50,1.2,0.1251155908708528
960.2086,55,0.75,0.3282246538593478
973.0114,55,0.76,0.3243019029916028
985.8141,55,0.77,0.32036250769704266
998.6169,55,0.78,0.316403811385223
1011.4197,55,0.79,0.312423454599452
1024.2225,55,0.8,0.3084191735508358
1037.0253,55,0.81,0.3043879574720471
1049.828,55,0.82,0.3003270509638788
1062.6308,55,0.83,0.296233620291421
1075.4336,55,0.84,0.2921043719627396
1088.2364,55,0.85,0.287935815948723
1101.0392,55,0.86,0.2837242377429192
1113.8419,55,0.87,0.2794655942633103
1126.6447,55,0.88,0.2751554724522045
1139.4475,55,0.89,0.2707892124594598
1152.2503,55,0.9,0.26636078035547295
1165.0531,55,0.91,0.26186560295176414
1177.8559,55,0.92,0.25729629162740697
1190.6586,55,0.93,0.252645918871816
1203.4614,55,0.94,0.24790639067825496
1216.2642,55,0.95,0.24306867988014924
1229.067,55,0.96,0.2381224686761486
1241.8698,55,0.97,0.233056403329944
1254.6725,55,0.98,0.22785697517454861
1267.4753,55,0.99,0.22250916885547595
1280.2781,55,1.0,0.2169963835996169
1293.0809,55,1.01,0.21129898241967598
1305.8837,55,1.02,0.20539649126852935
1318.6864,55,1.03,0.1992680630393405
1331.4892,55,1.04,0.19289724699534527
1344.292,55,1.05,0.18627943599069113
1357.0948,55,1.06,0.1794379218578057
1369.8976,55,1.07,0.17244731407932812
1382.7003,55,1.08,0.1654562218566299
1395.5031,55,1.09,0.1586890526472152
1408.3059,55,1.1,0.15240276330785646
1421.1087,55,1.11,0.14680936655696067
1433.9115,55,1.12,0.1420171497268575
1446.7143,55,1.13,0.13802733201820913
1459.517,55,1.14,0.13477181321323028
1472.3198,55,1.15,0.13215191173597005
1485.1226,55,1.16,0.13006592690306965
1497.9254,55,1.17,0.1284219481647759
1510.7282,55,1.18,0.12714106745534837
1523.5309,55,1.19,0.12615837602557967
1536.3337,55,1.2,0.12542090571098935
960.2086,60,0.75,0.3280586393497154
973.0114,60,0.76,0.32413950668034497
985.8141,60,0.77,0.32020311351884356
998.6169,60,0.78,0.31624772747952096
1011.4197,60,0.79,0.3122709070482996
1024.2225,60,0.8,0.30826998517133547
1037.0253,60,0.81,0.3042423339882309
1049.828,60,0.82,0.30018525074017643
1062.6308,60,0.83,0.2960956905922879
1075.4336,60,0.84,0.29197035921498143
1088.2364,60,0.85,0.2878060494215642
1101.0392,60,0.86,0.2835988013468069
1113.8419,60,0.87,0.27934470346924295
1126.6447,60,0.88,0.27503925264059975
1139.4475,60,0.89,0.27067775778618497
1152.2503,60,0.9,0.266254948135318
1165.0531,60,0.91,0.2617647735237462
1177.8559,60,0.92,0.257201260005529
1190.6586,60,0.93,0.2525571588988016
1203.4614,60,0.94,0.24782394503103966
1216.2642,60,0.95,0.24299340546025566
1229.067,60,0.96,0.23805474026802168
1241.8698,60,0.97,0.23299673740850912
1254.6725,60,0.98,0.22780621766028195
1267.4753,60,0.99,0.2224683580563174
1280.2781,60,1.0,0.2169666257513903
1293.0809,60,1.01,0.21128222446033784
1305.8837,60,1.02,0.20539546789595522
1318.6864,60,1.03,0.1992870569411969
1331.4892,60,1.04,0.1929426231294117
1344.292,60,1.05,0.18636055000852844
1357.0948,60,1.06,0.1795668859128491
1369.8976,60,1.07,0.17263710485352055
1382.7003,60,1.08,0.16571467713502053
1395.5031,60,1.09,0.15901380335625231
1408.3059,60,1.1,0.15277951331492734
1421.1087,60,1.11,0.14721758297274193
1433.9115,60,1.12,0.14243738408404258
1446.7143,60,1.13,0.1384460618085498
1459.517,60,1.14,0.13518026408728795
1472.3198,60,1.15,0.13254545971295065
1485.1226,60,1.16,0.13044272134443385
1497.9254,60,1.17,0.12878080184789165
1510.7282,60,1.18,0.12748240528654034
1523.5309,60,1.19,0.1264825320529688
1536.3337,60,1.2,0.12572859839131606
960.2086,65,0.75,0.32789220162147725
973.0114,65,0.76,0.32397610064531007
985.8141,65,0.77,0.3200430851154996
998.6169,65,0.78,0.3160911779512322
1011.4197,65,0.79,0.3121175314533398
1024.2225,65,0.8,0.3081200522527879
1037.0253,65,0.81,0.30409603855446743
1049.828,65,0.82,0.3000426606256052
1062.6308,65,0.83,0.2959570903374302
1075.4336,65,0.84,0.29183564481400187
1088.2364,65,0.85,0.2876753494720202
1101.0392,65,0.86,0.28347257058272957
1113.8419,65,0.87,0.27922274254237406
1126.6447,65,0.88,0.27492186766586757
1139.4475,65,0.89,0.27056558863811053
1152.2503,65,0.9,0.26614769885648815
1165.0531,65,0.91,0.2616631325821417
1177.8559,65,0.92,0.2571053739538239
1190.6586,65,0.93,0.2524671410726894
1203.4614,65,0.94,0.2477405753720084
1216.2642,65,0.95,0.24291684619159262
1229.067,65,0.96,0.23798574833496455
1241.8698,65,0.97,0.23293592935940857
1254.6725,65,0.98,0.22775450151003607
1267.4753,65,0.99,0.2224268885321221
1280.2781,65,1.0,0.21693683788199095
1293.0809,65,1.01,0.21126635484650755
1305.8837,65,1.02,0.20539673875931322
1318.6864,65,1.03,0.19931033149214794
1331.4892,65,1.04,0.19299496895557697
1344.292,65,1.05,0.18645184576160911
1357.0948,65,1.06,0.1797094682268849
1369.8976,65,1.07,0.17284262605735626
1382.7003,65,1.08,0.16599007738048188
1395.5031,65,1.09,0.15935545186068295
1408.3059,65,1.1,0.15317228318106482
1421.1087,65,1.11,0.14764006314067535
1433.9115,65,1.12,0.14287012457814485
1446.7143,65,1.13,0.13887502853683042
1459.517,65,1.14,0.135596812231494
1472.3198,65,1.15,0.13294559109795867
1485.1226,65,1.16,0.13082454153308615
1497.9254,65,1.17,0.12914383107870728
1510.7282,65,1.18,0.12782661424312386
1523.5309,65,1.19,0.12680915479430602
1536.3337,65,1.2,0.1260382854890288
960.2086,70,0.75,0.32772548599326445
973.0114,70,0.76,0.32381225782607553
985.8141,70,0.77,0.31988241722046284
998.6169,70,0.78,0.3159336304564144
1011.4197,70,0.79,0.3119634429065736
1024.2225,70,0.8,0.3079694426652772
1037.0253,70,0.81,0.30394894948713563
1049.828,70,0.82,0.29989931844088535
1062.6308,70,0.83,0.29581733733768295
1075.4336,70,0.84,0.29169987533824626
1088.2364,70,0.85,0.2875437947193851
1101.0392,70,0.86,0.2833450857122816
1113.8419,70,0.87,0.2790998298687909
1126.6447,70,0.88,0.274803704475975
1139.4475,70,0.89,0.27045197365488644
1152.2503,70,0.9,0.2660394405407142
1165.0531,70,0.91,0.26156019976046135
1177.8559,70,0.92,0.2570081013576874
1190.6586,70,0.93,0.25237598539018047
1203.4614,70,0.94,0.24765596733212109
1216.2642,70,0.95,0.24283930865054845
1229.067,70,0.96,0.2379157659440838
1241.8698,70,0.97,0.2328743579639849
1254.6725,70,0.98,0.22770232298820614
1267.4753,70,0.99,0.22238541385587768
1280.2781,70,1.0,0.21690780824764092
1293.0809,70,1.01,0.21125233129853893
1305.8837,70,1.02,0.2054014056730435
1318.6864,70,1.03,0.19933907041202506
1331.4892,70,1.04,0.19305536687463162
1344.292,70,1.05,0.18655403428852868
1357.0948,70,1.06,0.17986538570185873
1369.8976,70,1.07,0.17306340052149277
1382.7003,70,1.08,0.1662813150044542
1395.5031,70,1.09,0.15971244264786164
1408.3059,70,1.1,0.15357942060169688
1421.1087,70,1.11,0.14807600709437074
1433.9115,70,1.12,0.14331462260759753
1446.7143,70,1.13,0.13931357237505274
1459.517,70,1.14,0.13602143007783188
1472.3198,70,1.15,0.13335210507902537
1485.1226,70,1.16,0.13121110984793283
1497.9254,70,1.17,0.1295107245688172
1510.7282,70,1.18,0.12817432907634543
1523.5309,70,1.19,0.12713848073845518
1536.3337,70,1.2,0.12634999820838919
960.2086,75,0.75,0.32755781649419696
973.0114,75,0.76,0.32364779843399677
985.8141,75,0.77,0.3197211536981708
998.6169,75,0.78,0.3157755352221925
1011.4197,75,0.79,0.31180868789717114
1024.2225,75,0.8,0.3078179246880738
1037.0253,75,0.81,0.303801180168815
1049.828,75,0.82,0.29975499089646135
1062.6308,75,0.83,0.29567692391063494
1075.4336,75,0.84,0.2915634681452091
1088.2364,75,0.85,0.28741137634743213
1101.0392,75,0.86,0.2832168242430256
1113.8419,75,0.87,0.2789758973919356
1126.6447,75,0.88,0.27468466549172776
1139.4475,75,0.89,0.27033753369714036
1152.2503,75,0.9,0.2659299959575751
1165.0531,75,0.91,0.2614564244592919
1177.8559,75,0.92,0.2569098677641474
1190.6586,75,0.93,0.25228398913744926
1203.4614,75,0.94,0.24757044612064835
1216.2642,75,0.95,0.24276065696763466
1229.067,75,0.96,0.23784520140625318
1241.8698,75,0.97,0.23281249495240744
1254.6725,75,0.98,0.2276502545014216
1267.4753,75,0.99,0.22234464482974056
1280.2781,75,1.0,0.21688036912414244
1293.0809,75,1.01,0.21124111163989537
1305.8837,75,1.02,0.2054105059469604
1318.6864,75,1.03,0.19937431429834832
1331.4892,75,1.04,0.1931246663515332
1344.292,75,1.05,0.18666759313929074
1357.0948,75,1.06,0.1800345668729945
1369.8976,75,1.07,0.17329877350775835
1382.7003,75,1.08,0.16658741394718785
1395.5031,75,1.09,0.16008393826288983
1408.3059,75,1.1,0.1540001166508862
1421.1087,75,1.11,0.1485243746106836
1433.9115,75,1.12,0.14377040828863352
1446.7143,75,1.13,0.13976196424915036
1459.517,75,1.14,0.1364537554551622
1472.3198,75,1.15,0.13376482164370396
1485.1226,75,1.16,0.1316031621364412
1497.9254,75,1.17,0.12988150955429478
1510.7282,75,1.18,0.12852514293212908
1523.5309,75,1.19,0.12746987473243016
1536.3337,75,1.2,0.12666386013199846
960.2086,80,0.75,0.3273896905242566
973.0114,80,0.76,0.32348273712027936
985.8141,80,0.77,0.3195591750557171
998.6169,80,0.78,0.3156167927145004
1011.4197,80,0.79,0.31165324728254873
1024.2225,80,0.8,0.30766605770544253
1037.0253,80,0.81,0.3036527701586725
1049.828,80,0.82,0.299610157212581
1062.6308,80,0.83,0.2955357006755443
1075.4336,80,0.84,0.2914263336019267
1088.2364,80,0.85,0.28727802248579154
1101.0392,80,0.86,0.2830877066927637
1113.8419,80,0.87,0.2788512362617525
1126.6447,80,0.88,0.2745643319578743
1139.4475,80,0.89,0.27022221962547943
1152.2503,80,0.9,0.26581981793621917
1165.0531,80,0.91,0.2613514810924057
1177.8559,80,0.92,0.256810838344015
1190.6586,80,0.93,0.252190924688356
1203.4614,80,0.94,0.24748432323186667
1216.2642,80,0.95,0.2426819533148321
1229.067,80,0.96,0.23777448500261272
1241.8698,80,0.97,0.23275102920818938
1254.6725,80,0.98,0.22759891962646003
1267.4753,80,0.99,0.2223053203464562
1280.2781,80,1.0,0.21685535631186792
1293.0809,80,1.01,0.21123361163428453
1305.8837,80,1.02,0.20542505503612923
1318.6864,80,1.03,0.19941689194963527
1331.4892,80,1.04,0.19320350653604998
1344.292,80,1.05,0.18679279103279176
1357.0948,80,1.06,0.18021740932954922
1369.8976,80,1.07,0.17354818952259196
1382.7003,80,1.08,0.16690721711676637
1395.5031,80,1.09,0.16046854329801719
1408.3059,80,1.1,0.15443379893501885
1421.1087,80,1.11,0.14898498772714658
1433.9115,80,1.12,0.14423697456807233
1446.7143,80,1.13,0.140219786928901
1459.517,80,1.14,0.13689447490643059
1472.3198,80,1.15,0.13418414604001036
1485.1226,80,1.16,0.13199978819362643
1497.9254,80,1.17,0.13025659509213583
1510.7282,80,1.18,0.12887933503013035
1523.5309,80,1.19,0.1278042784658687
1536.3337,80,1.2,0.12697953655060487
960.2086,85,0.75,0.3272209764212502
973.0114,85,0.76,0.32331705186892445
985.8141,85,0.77,0.31939659336672027
998.6169,85,0.78,0.3154573990363858
1011.4197,85,0.79,0.3114971216154944
1024.2225,85,0.8,0.3075133479146014
1037.0253,85,0.81,0.3035033458961363
1049.828,85,0.82,0.29946440813140607
1062.6308,85,0.83,0.2953937517334728
1075.4336,85,0.84,0.29128804950427445
1088.2364,85,0.85,0.2871439267998691
1101.0392,85,0.86,0.2829577345159857
1113.8419,85,0.87,0.278725489166175
1126.6447,85,0.88,0.2744433906096568
1139.4475,85,0.89,0.2701060266143573
1152.2503,85,0.9,0.2657088951409115
1165.0531,85,0.91,0.2612460020447833
1177.8559,85,0.92,0.25671124885273955
1190.6586,85,0.93,0.2520977425638357
1203.4614,85,0.94,0.2473979453378042
1216.2642,85,0.95,0.24260318574297499
1229.067,85,0.96,0.23770409539887968
1241.8698,85,0.97,0.2326897634174524
1254.6725,85,0.98,0.22754896717372242
1267.4753,85,0.99,0.22226817917626823
1280.2781,85,1.0,0.21683357637871034
1293.0809,85,1.01,0.2112306751889834
1305.8837,85,1.02,0.2054458096575289
1318.6864,85,1.03,0.19946752011032207
1331.4892,85,1.04,0.19329233786766725
1344.292,85,1.05,0.18692949633931819
1357.0948,85,1.06,0.18041286191222078
1369.8976,85,1.07,0.1738110042175631
1382.7003,85,1.08,0.16724036164919112
1395.5031,85,1.09,0.1608656920512182
1408.3059,85,1.1,0.1548790280601037
1421.1087,85,1.11,0.14945621332751044
1433.9115,85,1.12,0.14471374954466867
1446.7143,85,1.13,0.1406867880977841
1459.517,85,1.14,0.13734282858392785
1472.3198,85,1.15,0.1346097200235818
1485.1226,85,1.16,0.1324020986007199
1497.9254,85,1.17,0.1306358916583252
1510.7282,85,1.18,0.1292365360742033
1523.5309,85,1.19,0.1281413168396921
1536.3337,85,1.2,0.12729775485785982
960.2086,90,0.75,0.32705169014035385
973.0114,90,0.76,0.32315076499966344
985.8141,90,0.77,0.3192333999920137
998.6169,90,0.78,0.3152973188415877
1011.4197,90,0.79,0.3113403617146422
1024.2225,90,0.8,0.30735964771671886
1037.0253,90,0.81,0.303353394136573
1049.828,90,0.82,0.2993181010652086
1062.6308,90,0.83,0.29525118148553214
1075.4336,90,0.84,0.2911492261944043
1088.2364,90,0.85,0.287009138209632
1101.0392,90,0.86,0.2828272087112342
1113.8419,90,0.87,0.27859956830454
1126.6447,90,0.88,0.2743218399139923
1139.4475,90,0.89,0.2699894906203963
1152.2503,90,0.9,0.2655976014025213
1165.0531,90,0.91,0.26114013203342823
1177.8559,90,0.92,0.2566113792556522
1190.6586,90,0.93,0.25200440075492975
1203.4614,90,0.94,0.24731169559389332
1216.2642,90,0.95,0.2425248292132436
1229.067,90,0.96,0.23763454149195873
1241.8698,90,0.97,0.23263031003336576
1254.6725,90,0.98,0.2275010475327341
1267.4753,90,0.99,0.22223393600939256
1280.2781,90,1.0,0.21681578250744343
1293.0809,90,1.01,0.21123305576420404
1305.8837,90,1.02,0.20547341536100974
1318.6864,90,1.03,0.1995267349234775
1331.4892,90,1.04,0.19339144578603218
1344.292,90,1.05,0.18707823747557809
1357.0948,90,1.06,0.1806208714857897
1369.8976,90,1.07,0.17408613886615207
1382.7003,90,1.08,0.16758531704671634
1395.5031,90,1.09,0.16127362682960739
1408.3059,90,1.1,0.155334419054275
1421.1087,90,1.11,0.14993771614685897
1433.9115,90,1.12,0.14520022085710463
1446.7143,90,1.13,0.14116269359494518
1459.517,90,1.14,0.13779897008377587
1472.3198,90,1.15,0.13504218803229284
1485.1226,90,1.16,0.1328097476236918
1497.9254,90,1.17,0.13101930733002637
1510.7282,90,1.18,0.12959744262978665
1523.5309,90,1.19,0.12848098425370078
1536.3337,90,1.2,0.12761817164704772
960.2086,95,0.75,0.3268818419147644
973.0114,95,0.76,0.32298391362773704
985.8141,95,0.77,0.31906941093412233
998.6169,95,0.78,0.3151367518853401
1011.4197,95,0.79,0.31118307064113027
1024.2225,95,0.8,0.3072058671738272
1037.0253,95,0.81,0.3032028077230853
1049.828,95,0.82,0.29917094649410164
1062.6308,95,0.83,0.2951078287002827
1075.4336,95,0.84,0.291009816295942
1088.2364,95,0.85,0.28687369201745805
1101.0392,95,0.86,0.2826959608739304
1113.8419,95,0.87,0.2784728364550798
1126.6447,95,0.88,0.2741999452215137
1139.4475,95,0.89,0.26987248197701075
1152.2503,95,0.9,0.2654857852066304
1165.0531,95,0.91,0.26103412705631923
1177.8559,95,0.92,0.2565117603898448
1190.6586,95,0.93,0.25191129718210664
1203.4614,95,0.94,0.2472261144407896
1216.2642,95,0.95,0.2424473740432707
1229.067,95,0.96,0.23756634537877253
1241.8698,95,0.97,0.23257276718727635
1254.6725,95,0.98,0.2274557929205588
1267.4753,95,0.99,0.222203262959755
1280.2781,95,1.0,0.2168026584004756
1293.0809,95,1.01,0.2112414069241787
1305.8837,95,1.02,0.20550794145774223
1318.6864,95,1.03,0.1995949288938939
1331.4892,95,1.04,0.19350115274374366
1344.292,95,1.05,0.18723842994218307
1357.0948,95,1.06,0.18084092955342967
1369.8976,95,1.07,0.17437333933517749
1382.7003,95,1.08,0.1679414623405997
1395.5031,95,1.09,0.16169228265797086
1408.3059,95,1.1,0.15579965879402205
1421.1087,95,1.11,0.15042865262811572
1433.9115,95,1.12,0.14569595664522073
1446.7143,95,1.13,0.14164714010964205
1459.517,95,1.14,0.13826281309713082
1472.3198,95,1.15,0.135481095184999
1485.1226,95,1.16,0.13322259742890766
1497.9254,95,1.17,0.1314073148894173
1510.7282,95,1.18,0.12996196132572374
1523.5309,95,1.19,0.1288238532614176
1536.3337,95,1.2,0.127940910998145
960.2086,100,0.75,0.3267114644628448
973.0114,100,0.76,0.32281654059956066
985.8141,100,0.77,0.31890529763808123
998.6169,100,0.78,0.31497560059822205
1011.4197,100,0.79,0.3110248716917161
1024.2225,100,0.8,0.30705122474824276
1037.0253,100,0.81,0.3030517115598052
1049.828,100,0.82,0.29902364431863415
1062.6308,100,0.83,0.2949640314860661
1075.4336,100,0.84,0.2908699223887249
1088.2364,100,0.85,0.28673794112765616
1101.0392,100,0.86,0.28256459380671
1113.8419,100,0.87,0.27834580188450286
1126.6447,100,0.88,0.27407752032063115
1139.4475,100,0.89,0.26975531820548304
1152.2503,100,0.9,0.2653740427138179
1165.0531,100,0.91,0.26092828357770453
1177.8559,100,0.92,0.25641197209271865
1190.6586,100,0.93,0.25181882439088044
1203.4614,100,0.94,0.2471410464328728
1216.2642,100,0.95,0.24237126833158462
1229.067,100,0.96,0.23750002733496034
1241.8698,100,0.97,0.23251770948165765
1254.6725,100,0.98,0.227413802071701
1267.4753,100,0.99,0.22217677659943189
1280.2781,100,1.0,0.21679480901467624
1293.0809,100,1.01,0.21125627980078807
1305.8837,100,1.02,0.20555083369123756
1318.6864,100,1.03,0.19967236660438512
1331.4892,100,1.04,0.19362074925545703
1344.292,100,1.05,0.18740986836957665
1357.0948,100,1.06,0.1810725121810753
1369.8976,100,1.07,0.17467160376715482
1382.7003,100,1.08,0.16830764037815538
1395.5031,100,1.09,0.16212001606205698
1408.3059,100,1.1,0.15627372846160054
1421.1087,100,1.11,0.15092826915566146
1433.9115,100,1.12,0.14620053596294233
1446.7143,100,1.13,0.1421400520361277
1459.517,100,1.14,0.1387342555456649
1472.3198,100,1.15,0.1359266196453879
1485.1226,100,1.16,0.1336413277582231
1497.9254,100,1.17,0.13179995212102685
1510.7282,100,1.18,0.13033010185311025
1523.5309,100,1.19,0.12916958427373432
1536.3337,100,1.2,0.12826600615539027
960.2086,105,0.75,0.3265406022901579
973.0114,105,0.76,0.3226486086125079
985.8141,105,0.77,0.31874049022452217
998.6169,105,0.78,0.31481405291800707
1011.4197,105,0.79,0.3108666521049702
1024.2225,105,0.8,0.30689624295723694
1037.0253,105,0.81,0.30290034326540133
1049.828,105,0.82,0.29887565709221003
1062.6308,105,0.83,0.2948198536259967
1075.4336,105,0.84,0.29072958611171523
1088.2364,105,0.85,0.2866018367807884
1101.0392,105,0.86,0.2824327780225849
1113.8419,105,0.87,0.27821863883702325
1126.6447,105,0.88,0.2739552976139158
1139.4475,105,0.89,0.2696384118082422
1152.2503,105,0.9,0.2652625966704009
1165.0531,105,0.91,0.26082291992272494
1177.8559,105,0.92,0.2563133012303296
1190.6586,105,0.93,0.2517273782244375
1203.4614,105,0.94,0.2470577860878489
1216.2642,105,0.95,0.24229700611693647
1229.067,105,0.96,0.2374360933055809
1241.8698,105,0.97,0.2324656791412847
1254.6725,105,0.98,0.22737562924558746
1267.4753,105,0.99,0.22215502993394157
1280.2781,105,1.0,0.21679275669225978
1293.0809,105,1.01,0.21127812544924487
1305.8837,105,1.02,0.20560192488425102
1318.6864,105,1.03,0.19975920139411546
1331.4892,105,1.04,0.19375117939806724
1344.292,105,1.05,0.1875922572591299
1357.0948,105,1.06,0.18131507737999097
1369.8976,105,1.07,0.1749802614161124
1382.7003,105,1.08,0.16868334015994618
1395.5031,105,1.09,0.1625562583642609
1408.3059,105,1.1,0.15675567959360343
1421.1087,105,1.11,0.15143593054132506
1433.9115,105,1.12,0.14671275298836295
1446.7143,105,1.13,0.14264087911363246
1459.517,105,1.14,0.13921316278469964
1472.3198,105,1.15,0.13637877627869077
1485.1226,105,1.16,0.1340656006689007
1497.9254,105,1.17,0.13219700625427191
1510.7282,105,1.18,0.13070208442729914
1523.5309,105,1.19,0.1295185679504745
1536.3337,105,1.2,0.1285938541176175
960.2086,110,0.75,0.32636915305350517
973.0114,110,0.76,0.32248022356443273
985.8141,110,0.77,0.31857529326706324
998.6169,110,0.78,0.31465169893665607
1011.4197,110,0.79,0.3107078333347093
1024.2225,110,0.8,0.3067408382988319
1037.0253,110,0.81,0.302748289568263
1049.828,110,0.82,0.2987274088499468
1062.6308,110,0.83,0.29467542820239156
1075.4336,110,0.84,0.29058924650212403
1088.2364,110,0.85,0.2864657356056445
1101.0392,110,0.86,0.28230098357627603
1113.8419,110,0.87,0.278091339038004
1126.6447,110,0.88,0.27383325318209106
1139.4475,110,0.89,0.26952163735328927
1152.2503,110,0.9,0.265151732925805
1165.0531,110,0.91,0.2607183664666329
1177.8559,110,0.92,0.2562156786380121
1190.6586,110,0.93,0.25163735421355554
1203.4614,110,0.94,0.2469763041195838
1216.2642,110,0.95,0.24222504312933277
1229.067,110,0.96,0.23737502505131683
1241.8698,110,0.97,0.23241717889561722
1254.6725,110,0.98,0.22734177707105682
1267.4753,110,0.99,0.22213850842006302
1280.2781,110,1.0,0.2167969413123924
1293.0809,110,1.01,0.2113073004300686
1305.8837,110,1.02,0.2056614469248042
1318.6864,110,1.03,0.19985549171732597
1331.4892,110,1.04,0.1938918162298279
1344.292,110,1.05,0.18778524367790356
1357.0948,110,1.06,0.1815680735438731
1369.8976,110,1.07,0.17529886826880536
1382.7003,110,1.08,0.16906772001982345
1395.5031,110,1.09,0.16300015622945038
1408.3059,110,1.1,0.15724512603379215
1421.1087,110,1.11,0.15195100021409014
1433.9115,110,1.12,0.14723280701600308
1446.7143,110,1.13,0.14314933629542032
1459.517,110,1.14,0.13969963138862068
1472.3198,110,1.15,0.13683756029266536
1485.1226,110,1.16,0.1344956227705753
1497.9254,110,1.17,0.13259927539884006
1510.7282,110,1.18,0.1310783119185993
1523.5309,110,1.19,0.12987070691426253
1536.3337,110,1.2,0.1289242415485981
960.2086,115,0.75,0.3261976348743122
973.0114,115,0.76,0.32231168539422994
985.8141,115,0.77,0.31840983592080035
998.6169,115,0.78,0.31448939502484846
1011.4197,115,0.79,0.31054877264507974
1024.2225,115,0.8,0.30658530524283545
1037.0253,115,0.81,0.30259615539609996
1049.828,115,0.82,0.29857901142761384
1062.6308,115,0.83,0.29453077246784193
1075.4336,115,0.84,0.29044881619808993
1088.2364,115,0.85,0.2863294979750582
1101.0392,115,0.86,0.2821693918494035
1113.8419,115,0.87,0.2779647710415899
1126.6447,115,0.88,0.27371168294908127
1139.4475,115,0.89,0.2694056047419241
1152.2503,115,0.9,0.265041756602046
1165.0531,115,0.91,0.26061518203703443
1177.8559,115,0.92,0.2561194916592136
1190.6586,115,0.93,0.25154914132689254
1203.4614,115,0.94,0.24689703552319572
1216.2642,115,0.95,0.2421558139930826
1229.067,115,0.96,0.23731728663411303
1241.8698,115,0.97,0.23237266698312584
1254.6725,115,0.98,0.22731285153049904
1267.4753,115,0.99,0.22212762913025633
1280.2781,115,1.0,0.21680772327148054
1293.0809,115,1.01,0.2113440743278048
1305.8837,115,1.02,0.20572954310106648
1318.6864,115,1.03,0.19996121644297005
1331.4892,115,1.04,0.19404246379939186
1344.292,115,1.05,0.1879884375102288
1357.0948,115,1.06,0.18183094828551616
1369.8976,115,1.07,0.17562614231060095
1382.7003,115,1.08,0.16946005902193187
1395.5031,115,1.09,0.1634511692203431
1408.3059,115,1.1,0.15774098328342
1421.1087,115,1.11,0.1524725199152652
1433.9115,115,1.12,0.1477599289165744
1446.7143,115,1.13,0.14366519009557102
1459.517,115,1.14,0.14019273237925095
1472.3198,115,1.15,0.13730295207550647
1485.1226,115,1.16,0.1349314667648142
1497.9254,115,1.17,0.13300636242765923
1510.7282,115,1.18,0.13145825407533931
1523.5309,115,1.19,0.13022629124931615
1536.3337,115,1.2,0.1292576310202868
960.2086,120,0.75,0.3260256828247486
973.0114,120,0.76,0.32214279556700104
985.8141,120,0.77,0.31824370510425726
998.6169,120,0.78,0.31432687335083254
1011.4197,120,0.79,0.310389436612392
1024.2225,120,0.8,0.3064294169859772
1037.0253,120,0.81,0.30244397742805423
1049.828,120,0.82,0.2984306153381616
1062.6308,120,0.83,0.294386461812156
1075.4336,120,0.84,0.29030877861028065
1088.2364,120,0.85,0.28619362225319345
1101.0392,120,0.86,0.2820382184179202
1113.8419,120,0.87,0.2778386273223794
1126.6447,120,0.88,0.27359103594282147
1139.4475,120,0.89,0.26929054853103895
1152.2503,120,0.9,0.26493297777669167
1165.0531,120,0.91,0.26051290745303307
1177.8559,120,0.92,0.2560251052961218
1190.6586,120,0.93,0.2514632008059383
1203.4614,120,0.94,0.24682038515092403
1216.2642,120,0.95,0.24208972611741864
1229.067,120,0.96,0.23726341642797058
1241.8698,120,0.97,0.2323325542040218
1254.6725,120,0.98,0.2272885730629778
1267.4753,120,0.99,0.22212274224318568
1280.2781,120,1.0,0.2168253883238427
1293.0809,120,1.01,0.21138863825565307
1305.8837,120,1.02,0.20580628012148475
1318.6864,120,1.03,0.20007628871759028
1331.4892,120,1.04,0.19420287474057193
1344.292,120,1.05,0.18820142538653353
1357.0948,120,1.06,0.18210315536219132
1369.8976,120,1.07,0.17596193533841625
1382.7003,120,1.08,0.16985950341211756
1395.5031,120,1.09,0.16390845232627638
1408.3059,120,1.1,0.15824279178496986
1421.1087,120,1.11,0.1530001773827846
1433.9115,120,1.12,0.14829342399258905
1446.7143,120,1.13,0.14418771135609817
1459.517,120,1.14,0.14069307243085194
1472.3198,120,1.15,0.13777489408821775
1485.1226,120,1.16,0.13537318864052886
1497.9254,120,1.17,0.1334185305389912
1510.7282,120,1.18,0.13184298575742323
1523.5309,120,1.19,0.13058556477763694
1536.3337,120,1.2,0.1295937622139128
960.2086,125,0.75,0.32585352908242027
973.0114,125,0.76,0.3219737942399278
985.8141,125,0.77,0.31807787675860233
998.6169,125,0.78,0.3141641950514966
1011.4197,125,0.79,0.3102303198887184
1024.2225,125,0.8,0.3062736258168589
1037.0253,125,0.81,0.30229189111144844
1049.828,125,0.82,0.2982821692378355
1062.6308,125,0.83,0.2942423077517566
1075.4336,125,0.84,0.290168718614329
1088.2364,125,0.85,0.2860582672150418
1101.0392,125,0.86,0.28190752470614183
1113.8419,125,0.87,0.27771327596912426
1126.6447,125,0.88,0.27347111161134
1139.4475,125,0.89,0.26917674274325654
1152.2503,125,0.9,0.2648257042138481
1165.0531,125,0.91,0.26041285083582766
1177.8559,125,0.92,0.2559328667754267
1190.6586,125,0.93,0.25137939637182116
1203.4614,125,0.94,0.24674674176586983
1216.2642,125,0.95,0.2420271554758095
1229.067,125,0.96,0.2372131019388369
1241.8698,125,0.97,0.2322972027470116
1254.6725,125,0.98,0.227270230118779
1267.4753,125,0.99,0.22212413416060472
1280.2781,125,1.0,0.21685015353257894
1293.0809,125,1.01,0.211441113674643
1305.8837,125,1.02,0.20589165940933854
1318.6864,125,1.03,0.20020056824692042
1331.4892,125,1.04,0.19437276391422953
1344.292,125,1.05,0.18842378085866496
1357.0948,125,1.06,0.18238430726661148
1369.8976,125,1.07,0.17630558674185273
1382.7003,125,1.08,0.17026593762265171
1395.5031,125,1.09,0.1643715692238163
1408.3059,125,1.1,0.15874975442611228
1421.1087,125,1.11,0.15353330861257022
1433.9115,125,1.12,0.14883331571630687
1446.7143,125,1.13,0.14471720244804506
1459.517,125,1.14,0.1412002774806333
1472.3198,125,1.15,0.13825331740581012
1485.1226,125,1.16,0.13582082347597638
1497.9254,125,1.17,0.1338358834373941
1510.7282,125,1.18,0.1322319212162258
1523.5309,125,1.19,0.13094861685339068
1536.3337,125,1.2,0.12993309805063594
960.2086,130,0.75,0.3256813048195841
973.0114,130,0.76,0.32180427592968763
985.8141,130,0.77,0.3179119346766389
998.6169,130,0.78,0.31400135203111995
1011.4197,130,0.79,0.3100710418863453
1024.2225,130,0.8,0.3061180185429002
1037.0253,130,0.81,0.30214005471349165
1049.828,130,0.82,0.2981344755755037
1062.6308,130,0.83,0.29409851455507524
1075.4336,130,0.84,0.29002937250778565
1088.2364,130,0.85,0.28592363890651123
1101.0392,130,0.86,0.28177802031462357
1113.8419,130,0.87,0.27758899303851714
1126.6447,130,0.88,0.2733525537289557
1139.4475,130,0.89,0.2690644682229299
1152.2503,130,0.9,0.26472023641925363
1165.0531,130,0.91,0.26031487666169745
1177.8559,130,0.92,0.25584310490358275
1190.6586,130,0.93,0.25129889991430227
1203.4614,130,0.94,0.24667641816076905
1216.2642,130,0.95,0.24196844397245976
1229.067,130,0.96,0.23716769197612766
1241.8698,130,0.97,0.23226692645070543
1254.6725,130,0.98,0.22725761957679008
1267.4753,130,0.99,0.22213203168405113
1280.2781,130,1.0,0.21688217377201188
1293.0809,130,1.01,0.21150156107452944
1305.8837,130,1.02,0.20598562744475257
1318.6864,130,1.03,0.2003338719955676
1331.4892,130,1.04,0.194551819177272
1344.292,130,1.05,0.1886550720484546
1357.0948,130,1.06,0.18267324752698294
1369.8976,130,1.07,0.1766565074030719
1382.7003,130,1.08,0.17067835750777363
1395.5031,130,1.09,0.16483952851571404
1408.3059,130,1.1,0.15926143965358616
1421.1087,130,1.11,0.15407154913834464
1433.9115,130,1.12,0.14937859821596214
1446.7143,130,1.13,0.14525270041682692
1459.517,130,1.14,0.14171376918082443
1472.3198,130,1.15,0.13873801543438077
1485.1226,130,1.16,0.13627439837730304
1497.9254,130,1.17,0.13425851096054967
1510.7282,130,1.18,0.13262540795836053
1523.5309,130,1.19,0.13131518245806947
1536.3337,130,1.2,0.13027565271442215
960.2086,135,0.75,0.32550912953468913
973.0114,135,0.76,0.32163531292992603
985.8141,135,0.77,0.3177460688665944
998.6169,135,0.78,0.31383913585116346
1011.4197,135,0.79,0.3099120629513752
1024.2225,135,0.8,0.3059627404174531
1037.0253,135,0.81,0.30198877891217957
1049.828,135,0.82,0.2979871505761156
1062.6308,135,0.83,0.2939556425565758
1075.4336,135,0.84,0.28989084098678314
1088.2364,135,0.85,0.2857899576580712
1101.0392,135,0.86,0.28164953947665666
1113.8419,135,0.87,0.27746626568807475
1126.6447,135,0.88,0.2732355729700121
1139.4475,135,0.89,0.26895400120078067
1152.2503,135,0.9,0.2646170514057247
1165.0531,135,0.91,0.2602193060553183
1177.8559,135,0.92,0.25575612817247684
1190.6586,135,0.93,0.2512215571254825
1203.4614,135,0.94,0.24660975030570087
1216.2642,135,0.95,0.2419138981120167
1229.067,135,0.96,0.2371269888769749
1241.8698,135,0.97,0.23224199216309543
1254.6725,135,0.98,0.22725098185219889
1267.4753,135,0.99,0.22214660681024756
1280.2781,135,1.0,0.21692154838099934
1293.0809,135,1.01,0.2115699882276006
1305.8837,135,1.02,0.20608808505461848
1318.6864,135,1.03,0.2004759833876409
1331.4892,135,1.04,0.19473970995503723
1344.292,135,1.05,0.18889486745101347
1357.0948,135,1.06,0.18297039189444275
1369.8976,135,1.07,0.17701415337190565
1382.7003,135,1.08,0.1710962955917894
1395.5031,135,1.09,0.16531217087746788
1408.3059,135,1.1,0.1597772934752189
1421.1087,135,1.11,0.1546137299717777
1433.9115,135,1.12,0.14992907026437638
1446.7143,135,1.13,0.14579400607877058
1459.517,135,1.14,0.14223354024836818
1472.3198,135,1.15,0.1392292020183303
1485.1226,135,1.16,0.13673389700701455
1497.9254,135,1.17,0.13468648705614777
1510.7282,135,1.18,0.1330235644112779
1523.5309,135,1.19,0.1316859267828335
1536.3337,135,1.2,0.13062163549451264
960.2086,140,0.75,0.32533676060626643
973.0114,140,0.76,0.3214663751905682
985.8141,140,0.77,0.31758019048619973
998.6169,140,0.78,0.31367690067281623
1011.4197,140,0.79,0.30975349282299963
1024.2225,140,0.8,0.3058079527487725
1037.0253,140,0.81,0.30183775909067556
1049.828,140,0.82,0.29784051771283643
1062.6308,140,0.83,0.29381334747559107
1075.4336,140,0.84,0.28975332154215455
1088.2364,140,0.85,0.2856572897231295
1101.0392,140,0.86,0.281522393778508
1113.8419,140,0.87,0.2773447305095933
1126.6447,140,0.88,0.2731204088526554
1139.4475,140,0.89,0.26884560813987257
1152.2503,140,0.9,0.2645157091166785
1165.0531,140,0.91,0.2601264303782207
1177.8559,140,0.92,0.25567222295630243
1190.6586,140,0.93,0.25114767268459137
1203.4614,140,0.94,0.24654701967234233
1216.2642,140,0.95,0.2418637887111566
1229.067,140,0.96,0.23709125113003465
1241.8698,140,0.97,0.23222262189725404
1254.6725,140,0.98,0.22725050578928296
1267.4753,140,0.99,0.2221679818137439
1280.2781,140,1.0,0.2169683276911097
1293.0809,140,1.01,0.21164635784566382
1305.8837,140,1.02,0.20619889563518823
1318.6864,140,1.03,0.200626660135088
1331.4892,140,1.04,0.19493609408102053
1344.292,140,1.05,0.18914274032848
1357.0948,140,1.06,0.18327479148759845
1369.8976,140,1.07,0.17737801678862578
1382.7003,140,1.08,0.17151926742278897
1395.5031,140,1.09,0.16578890945002772
1408.3059,140,1.1,0.16029667013613025
1421.1087,140,1.11,0.15516005188441737
1433.9115,140,1.12,0.15048389100312912
1446.7143,140,1.13,0.14634073444579743
1459.517,140,1.14,0.1427590921037669
1472.3198,140,1.15,0.13972643589780934
1485.1226,140,1.16,0.13719929538532277
1497.9254,140,1.17,0.13511986363137857
1510.7282,140,1.18,0.13342649773333104
1523.5309,140,1.19,0.13206079242284036
1536.3337,140,1.2,0.13097074471595452
960.2086,145,0.75,0.3251648897433587
973.0114,145,0.76,0.32129772494098
985.8141,145,0.77,0.3174152539297643
998.6169,145,0.78,0.31351516956163544
1011.4197,145,0.79,0.3095954789576335
1024.2225,145,0.8,0.30565382255402257
1037.0253,145,0.81,0.3016877648543847
1049.828,145,0.82,0.2976950137934699
1062.6308,145,0.83,0.29367215937080143
1075.4336,145,0.84,0.28961701250679023
1088.2364,145,0.85,0.28552628040002237
1101.0392,145,0.86,0.2813968300881681
1113.8419,145,0.87,0.27722509690779584
1126.6447,145,0.88,0.27300730225410036
1139.4475,145,0.89,0.26873954262505567
1152.2503,145,0.9,0.26441741476693453
1165.0531,145,0.91,0.2600365161920757
1177.8559,145,0.92,0.25559165220498714
1190.6586,145,0.93,0.2510775160655542
1203.4614,145,0.94,0.2464884767343298
1216.2642,145,0.95,0.2418183514192712
1229.067,145,0.96,0.2370606960558044
1241.8698,145,0.97,0.23220899552786992
1254.6725,145,0.98,0.22725633350775548
1267.4753,145,0.99,0.22219623437585417
1280.2781,145,1.0,0.21702251924887514
1293.0809,145,1.01,0.21173059455458326
1305.8837,145,1.02,0.20631789234515055
1318.6864,145,1.03,0.2007856408391112
1331.4892,145,1.04,0.1951406329486546
1344.292,145,1.05,0.18939827200312134
1357.0948,145,1.06,0.1835860022475271
1369.8976,145,1.07,0.17774762103397315
1382.7003,145,1.08,0.17194680930462378
1395.5031,145,1.09,0.1662692704411383
1408.3059,145,1.1,0.16081940824186028
1421.1087,145,1.11,0.15570963332684967
1433.9115,145,1.12,0.1510429507038533
1446.7143,145,1.13,0.14689235680582732
1459.517,145,1.14,0.1432908275591201
1472.3198,145,1.15,0.1402298355669968
1485.1226,145,1.16,0.1376705799950313
1497.9254,145,1.17,0.13555869666762782
1510.7282,145,1.18,0.13383430207646546
1523.5309,145,1.19,0.13243990283005425
1536.3337,145,1.2,0.13132396696045934
960.2086,150,0.75,0.324993342032039
973.0114,150,0.76,0.3211297302192636
985.8141,150,0.77,0.31725046449235095
998.6169,150,0.78,0.31335406118065834
1011.4197,150,0.79,0.3094381791071962
1024.2225,150,0.8,0.30550039873604146
1037.0253,150,0.81,0.30153868039407306
1049.828,150,0.82,0.29755020994191134
1062.6308,150,0.83,0.2935322309453246
1075.4336,150,0.84,0.2894821176555959
1088.2364,150,0.85,0.28539678861059997
1101.0392,150,0.86,0.28127289530347205
1113.8419,150,0.87,0.2771075340317015
1126.6447,150,0.88,0.2728964855436297
1139.4475,150,0.89,0.2686360433905373
1152.2503,150,0.9,0.2643219521788582
1165.0531,150,0.91,0.2599498069429764
1177.8559,150,0.92,0.255514836076065
1190.6586,150,0.93,0.2510113248648465
1203.4614,150,0.94,0.24643434124049324
1216.2642,150,0.95,0.24177778784684284
1229.067,150,0.96,0.23703550257846698
1241.8698,150,0.97,0.23220125382143963
1254.6725,150,0.98,0.2272685651214133
1267.4753,150,0.99,0.22223140259141339
1280.2781,150,1.0,0.21708409362208358
1293.0809,150,1.01,0.211822591158082
1305.8837,150,1.02,0.2064448843378508
1318.6864,150,1.03,0.20095265051302388
1331.4892,150,1.04,0.195352954297132
1344.292,150,1.05,0.18966113618136915
1357.0948,150,1.06,0.18390359294762254
1369.8976,150,1.07,0.17812251877807359
1382.7003,150,1.08,0.1723786821994875
1395.5031,150,1.09,0.16675282651736012
1408.3059,150,1.1,0.1613448450019825
1421.1087,150,1.11,0.15626245951075904
1433.9115,150,1.12,0.15160574021203746
1446.7143,150,1.13,0.14744891351041176
1459.517,150,1.14,0.143827763908613
1472.3198,150,1.15,0.1407385855230103
1485.1226,150,1.16,0.13814752042181377
1497.9254,150,1.17,0.13600298976951541
1510.7282,150,1.18,0.13424705727537806
1523.5309,150,1.19,0.13282337232557556
1536.3337,150,1.2,0.1316807685099228
960.2086,155,0.75,0.324822277592629
973.0114,155,0.76,0.3209619357086763
985.8141,155,0.77,0.3170863761647457
998.6169,155,0.78,0.31319371986484407
1011.4197,155,0.79,0.3092817533716134
1024.2225,155,0.8,0.3053481871041109
1037.0253,155,0.81,0.30139067930168384
1049.828,155,0.82,0.29740679474077375
1062.6308,155,0.83,0.29339374478512587
1075.4336,155,0.84,0.28934867363198974
1088.2364,155,0.85,0.28526908186853156
1101.0392,155,0.86,0.28115146745730396
1113.8419,155,0.87,0.2769922373197302
1126.6447,155,0.88,0.27278817846333403
1139.4475,155,0.89,0.26853545120564754
1152.2503,155,0.9,0.2642295643324364
1165.0531,155,0.91,0.25986652354307166
1177.8559,155,0.92,0.2554412446127598
1190.6586,155,0.93,0.25094930701891077
1203.4614,155,0.94,0.24638480303835453
1216.2642,155,0.95,0.24174226713197447
1229.067,155,0.96,0.2370158140668898
1241.8698,155,0.97,0.23219950163751327
1254.6725,155,0.98,0.22728726326426268
1267.4753,155,0.99,0.2222734897408356
1280.2781,155,1.0,0.21715298973127597
1293.0809,155,1.01,0.2119222142003275
1305.8837,155,1.02,0.2065796621172426
1318.6864,155,1.03,0.20112740516884534
1331.4892,155,1.04,0.19557272280277624
1344.292,155,1.05,0.1899308881409412
1357.0948,155,1.06,0.18422714914909796
1369.8976,155,1.07,0.17850229028668307
1382.7003,155,1.08,0.17281398234366552
1395.5031,155,1.09,0.16723942859293484
1408.3059,155,1.1,0.1618725614391115
1421.1087,155,1.11,0.15681765496121078
1433.9115,155,1.12,0.1521718303629264
1446.7143,155,1.13,0.14800962365514192
1459.517,155,1.14,0.14436982473424098
1472.3198,155,1.15,0.14125331175342823
1485.1226,155,1.16,0.13863033540358646
1497.9254,155,1.17,0.13645274541852306
1510.7282,155,1.18,0.13466482795068305
1523.5309,155,1.19,0.13321130466693074
1536.3337,155,1.2,0.13204145893774755
960.2086,160,0.75,0.3246520394806939
973.0114,160,0.76,0.32079495724363505
985.8141,160,0.77,0.31692310855009875
998.6169,160,0.78,0.3130342964604486
1011.4197,160,0.79,0.30912612618506735
1024.2225,160,0.8,0.305197059388551
1037.0253,160,0.81,0.30124420355387094
1049.828,160,0.82,0.2972648670597798
1062.6308,160,0.83,0.29325688201088024
1075.4336,160,0.84,0.28921731134888756
1088.2364,160,0.85,0.28514337348937896
1101.0392,160,0.86,0.28103187566382687
1113.8419,160,0.87,0.27687940294242686
1126.6447,160,0.88,0.27268258641083715
1139.4475,160,0.89,0.26843741419981465
1152.2503,160,0.9,0.2641404642934044
1165.0531,160,0.91,0.2597868647094683
1177.8559,160,0.92,0.25537208626797014
1190.6586,160,0.93,0.2508916525048818
1203.4614,160,0.94,0.2463400232937528
1216.2642,160,0.95,0.24171202891318258
1229.067,160,0.96,0.23700174120054396
1241.8698,160,0.97,0.23220381117716118
1254.6725,160,0.98,0.22731245729483585
1267.4753,160,0.99,0.22232246875759837
1280.2781,160,1.0,0.21722911968375186
1293.0809,160,1.01,0.21202933870285817
1305.8837,160,1.02,0.20672200210797012
1318.6864,160,1.03,0.20130961559896504
1331.4892,160,1.04,0.19579959389991192
1344.292,160,1.05,0.19020657896176532
1357.0948,160,1.06,0.1845562750010364
1369.8976,160,1.07,0.17888654185999373
1382.7003,160,1.08,0.17325269637720694
1395.5031,160,1.09,0.1677278942562789
1408.3059,160,1.1,0.162402496635161
1421.1087,160,1.11,0.15737504544665867
1433.9115,160,1.12,0.15274066715871112
1446.7143,160,1.13,0.1485744467340137
1459.517,160,1.14,0.14491670778895693
1472.3198,160,1.15,0.14177352801926107
1485.1226,160,1.16,0.13911869598848936
1497.9254,160,1.17,0.1369079488524168
1510.7282,160,1.18,0.13508766329802652
1523.5309,160,1.19,0.13360379188322527
1536.3337,160,1.2,0.1324061536217518
960.2086,165,0.75,0.3244822189918611
973.0114,165,0.76,0.3206288630703289
985.8141,165,0.77,0.31676079940966256
998.6169,165,0.78,0.31287594128913504
1011.4197,165,0.79,0.30897211031916316
1024.2225,165,0.8,0.30504724231042935
1037.0253,165,0.81,0.3010989114715268
1049.828,165,0.82,0.2971245798984201
1062.6308,165,0.83,0.29312182103428364
1075.4336,165,0.84,0.28908785736902765
1088.2364,165,0.85,0.28501981460123743
1101.0392,165,0.86,0.28091473995510324
1113.8419,165,0.87,0.27676921827430556
1126.6447,165,0.88,0.2725798992689984
1139.4475,165,0.89,0.26834297491755615
1152.2503,165,0.9,0.26405484052137157
1165.0531,165,0.91,0.2597110073763455
1177.8559,165,0.92,0.25530704492672596
1190.6586,165,0.93,0.2508384913440964
1203.4614,165,0.94,0.24630013598481834
1216.2642,165,0.95,0.24168708805006225
1229.067,165,0.96,0.23699336481218697
1241.8698,165,0.97,0.2322142251873361
1254.6725,165,0.98,0.2273441472643289
1267.4753,165,0.99,0.22237828635249135
1280.2781,165,1.0,0.21731237311188645
1293.0809,165,1.01,0.21214381236871924
1305.8837,165,1.02,0.20687167052959352
1318.6864,165,1.03,0.20149899047106845
1331.4892,165,1.04,0.1960332293835264
1344.292,165,1.05,0.1904888503701845
1357.0948,165,1.06,0.1848905938686868
1369.8976,165,1.07,0.17927490436568835
1382.7003,165,1.08,0.17369444073137902
1395.5031,165,1.09,0.16821884793989367
1408.3059,165,1.1,0.16293384800882518
1421.1087,165,1.11,0.15793424308663132
1433.9115,165,1.12,0.15331230964078213
1446.7143,165,1.13,0.14914240584720703
1459.517,165,1.14,0.14546810667986107
1472.3198,165,1.15,0.14229858125645833
1485.1226,165,1.16,0.1396125933664895
1497.9254,165,1.17,0.13736871297435937
1510.7282,165,1.18,0.1355156010019362
1523.5309,165,1.19,0.13400091339922976
1536.3337,165,1.2,0.13277495933239358
960.2086,170,0.75,0.3243133759479354
973.0114,170,0.76,0.3204637689777742
985.8141,170,0.77,0.31659959013666417
998.6169,170,0.78,0.31271884261558136
1011.4197,170,0.79,0.30881929596522534
1024.2225,170,0.8,0.30489872523247846
1037.0253,170,0.81,0.3009553219074499
1049.828,170,0.82,0.2969860936167971
1062.6308,170,0.83,0.29298854653360995
1075.4336,170,0.84,0.2889605414895902
1088.2364,170,0.85,0.28489890187816697
1101.0392,170,0.86,0.2808002093938668
1113.8419,170,0.87,0.2766618582381884
1126.6447,170,0.88,0.27248029105356864
1139.4475,170,0.89,0.2682518436161264
1152.2503,170,0.9,0.2639728596382816
1165.0531,170,0.91,0.25963910727357364
1177.8559,170,0.92,0.2552462749329382
1190.6586,170,0.93,0.25078996783145163
1203.4614,170,0.94,0.24626524957385934
1216.2642,170,0.95,0.24166699361663527
1229.067,170,0.96,0.2369907386638699
1241.8698,170,0.97,0.23223078984966075
1254.6725,170,0.98,0.22738230761751493
1267.4753,170,0.99,0.22244086677874705
1280.2781,170,1.0,0.21740262103388056
1293.0809,170,1.01,0.21226539083069987
1305.8837,170,1.02,0.20702842666062163
1318.6864,170,1.03,0.201695238840692
1331.4892,170,1.04,0.19627329892993559
1344.292,170,1.05,0.19077685553583162
1357.0948,170,1.06,0.185229748311266
1369.8976,170,1.07,0.17966703182340724
1382.7003,170,1.08,0.17413887540293124
1395.5031,170,1.09,0.16871155422431575
1408.3059,170,1.1,0.163466592800972
1421.1087,170,1.11,0.15849471289113573
1433.9115,170,1.12,0.153885999367224
1446.7143,170,1.13,0.14971368220878692
1459.517,170,1.14,0.14602353488002476
1472.3198,170,1.15,0.14282878655293046
1485.1226,170,1.16,0.14011170645680562
1497.9254,170,1.17,0.13783447944647112
1510.7282,170,1.18,0.1359486496297498
1523.5309,170,1.19,0.1344027354311346
1536.3337,170,1.2,0.13314797324739394
960.2086,175,0.75,0.3241455835104912
973.0114,175,0.76,0.3202998040225106
985.8141,175,0.77,0.3164396208608359
998.6169,175,0.78,0.3125629169269911
1011.4197,175,0.79,0.3086679456974547
1024.2225,175,0.8,0.30475231985446377
1037.0253,175,0.81,0.3008135444149774
1049.828,175,0.82,0.29684956457009565
1062.6308,175,0.83,0.29285771766902813
1075.4336,175,0.84,0.2888355438570301
1088.2364,175,0.85,0.2847801666103985
1101.0392,175,0.86,0.280688436368729
1113.8419,175,0.87,0.2765574838248295
1126.6447,175,0.88,0.2723839344985999
1139.4475,175,0.89,0.2681641940509748
1152.2503,175,0.9,0.26389466808992185
1165.0531,175,0.91,0.25957137211027137
1177.8559,175,0.92,0.2551899048366215
1190.6586,175,0.93,0.25074618724850256
1203.4614,175,0.94,0.24623544878140652
1216.2642,175,0.95,0.24165281257715132
1229.067,175,0.96,0.236993892120916
1241.8698,175,0.97,0.2322536303881959
1254.6725,175,0.98,0.22742689058364318
1267.4753,175,0.99,0.22251011523799533
1280.2781,175,1.0,0.21749971926489517
1293.0809,175,1.01,0.21239387946523777
1305.8837,175,1.02,0.20719202557169672
1318.6864,175,1.03,0.20189807217256206
1331.4892,175,1.04,0.19651948122439677
1344.292,175,1.05,0.19107026030957724
1357.0948,175,1.06,0.1855733996929147
1369.8976,175,1.07,0.18006277351443806
1382.7003,175,1.08,0.17458569144993044
1395.5031,175,1.09,0.16920575114419809
1408.3059,175,1.1,0.16400039301958527
1421.1087,175,1.11,0.15905668101918097
1433.9115,175,1.12,0.15446142616915157
1446.7143,175,1.13,0.15028782843786478
1459.517,175,1.14,0.14658320038383907
1472.3198,175,1.15,0.14336371696989325
1485.1226,175,1.16,0.1406160826638782
1497.9254,175,1.17,0.13830580718439262
1510.7282,175,1.18,0.13638681105058825
1523.5309,175,1.19,0.13480930693138107
1536.3337,175,1.2,0.13352528215741188
960.2086,180,0.75,0.32397895083132944
973.0114,180,0.76,0.32013709909588084
985.8141,180,0.77,0.31628102835183897
998.6169,180,0.78,0.31240873009036385
1011.4197,180,0.79,0.3085182264580674
1024.2225,180,0.8,0.30460733331197015
1037.0253,180,0.81,0.30067371585704505
1049.828,180,0.82,0.29671514326471865
1062.6308,180,0.83,0.2927290913161725
1075.4336,180,0.84,0.2887130220065512
1088.2364,180,0.85,0.284664176851183
1101.0392,180,0.86,0.2805795664585055
1113.8419,180,0.87,0.2764562417703681
1126.6447,180,0.88,0.27229115290433337
1139.4475,180,0.89,0.2680801728671086
1152.2503,180,0.9,0.2638203933540645
1165.0531,180,0.91,0.25950791725651307
1177.8559,180,0.92,0.2551380401691433
1190.6586,180,0.93,0.25070723357057295
1203.4614,180,0.94,0.24621079640344393
1216.2642,180,0.95,0.24164408774436386
1229.067,180,0.96,0.2370028326972774
1241.8698,180,0.97,0.23228199275134034
1254.6725,180,0.98,0.22747782926090424
1267.4753,180,0.99,0.2225859209377981
1280.2781,180,1.0,0.21760351141215126
1293.0809,180,1.01,0.21252857608504286
1305.8837,180,1.02,0.2073622203997759
1318.6864,180,1.03,0.2021072662779982
1331.4892,180,1.04,0.1967714647687156
1344.292,180,1.05,0.19136874389701422
1357.0948,180,1.06,0.18592122758607152
1369.8976,180,1.07,0.18046110048367764
1382.7003,180,1.08,0.17503460484962727
1395.5031,180,1.09,0.16970118148474936
1408.3059,180,1.1,0.1645349698432497
1421.1087,180,1.11,0.15961939052480428
1433.9115,180,1.12,0.15503852570689883
1446.7143,180,1.13,0.15086447985015844
1459.517,180,1.14,0.14714631678758647
1472.3198,180,1.15,0.14390312665273436
1485.1226,180,1.16,0.14112556726489844
1497.9254,180,1.17,0.13878229922633248
1510.7282,180,1.18,0.13683007260826843
1523.5309,180,1.19,0.13522068105829013
1536.3337,180,1.2,0.13390696186738665
960.2086,185,0.75,0.3238135970731148
973.0114,185,0.76,0.3199757829270462
985.8141,185,0.77,0.31612370525588807
998.6169,185,0.78,0.31225611710245854
1011.4197,185,0.79,0.308370530336976
1024.2225,185,0.8,0.3044643176462745
1037.0253,185,0.81,0.3005359718846666
1049.828,185,0.82,0.29658274332607426
1062.6308,185,0.83,0.29260286581087225
1075.4336,185,0.84,0.2885929296894889
1088.2364,185,0.85,0.2845510361916113
1101.0392,185,0.86,0.2804737344939199
1113.8419,185,0.87,0.27635826437287486
1126.6447,185,0.88,0.27220128532693044
1139.4475,185,0.89,0.2679999048570137
1152.2503,185,0.9,0.2637501449841249
1165.0531,185,0.91,0.25944821820469843
1177.8559,185,0.92,0.2550907656587139
1190.6586,185,0.93,0.2506731709665802
1203.4614,185,0.94,0.24619133512684718
1216.2642,185,0.95,0.24164084045766343
1229.067,185,0.96,0.23701754845407305
1241.8698,185,0.97,0.23231684771482433
1254.6725,185,0.98,0.22753504040482134
1267.4753,185,0.99,0.22266816157020689
1280.2781,185,1.0,0.21771383149011295
1293.0809,185,1.01,0.21267027329170432
1305.8837,185,1.02,0.20753876422761136
1318.6864,185,1.03,0.2023224824549762
1331.4892,185,1.04,0.19702894842981247
1344.292,185,1.05,0.19167199914555302
1357.0948,185,1.06,0.18627292905968926
1369.8976,185,1.07,0.18086273386828808
1382.7003,185,1.08,0.17548535301992804
1395.5031,185,1.09,0.17019760242701554
1408.3059,185,1.1,0.1650700728378531
1421.1087,185,1.11,0.1601826601648496
1433.9115,185,1.12,0.15561665261519964
1446.7143,185,1.13,0.1514433171983994
1459.517,185,1.14,0.1477126203715305
1472.3198,185,1.15,0.14444676409392965
1485.1226,185,1.16,0.14163959251099803
1497.9254,185,1.17,0.13926389325639396
1510.7282,185,1.18,0.13727858331533654
1523.5309,185,1.19,0.13563686935240143
1536.3337,185,1.2,0.13429307678112898
960.2086,190,0.75,0.3236496420733581
973.0114,190,0.76,0.3198159797928675
985.8141,190,0.77,0.3159684349584287
998.6169,190,0.78,0.31210525667567074
1011.4197,190,0.79,0.3082243398622543
1024.2225,190,0.8,0.304323373447465
1037.0253,190,0.81,0.300400442706449
1049.828,190,0.82,0.29645310074778997
1062.6308,190,0.83,0.29247919151643526
1075.4336,190,0.84,0.28847610897265796
1088.2364,190,0.85,0.28444085641165967
1101.0392,190,0.86,0.2803710631505884
1113.8419,190,0.87,0.2762636698034396
1126.6447,190,0.88,0.2721154831757473
1139.4475,190,0.89,0.26792349608874044
1152.2503,190,0.9,0.2636840156079617
1165.0531,190,0.91,0.25939337193299394
1177.8559,190,0.92,0.2550481604133103
1190.6586,190,0.93,0.2506440453218248
1203.4614,190,0.94,0.24617708930925
1216.2642,190,0.95,0.24164307300436755
1229.067,190,0.96,0.23703801024016466
1241.8698,190,0.97,0.23235764691683986
1254.6725,190,0.98,0.22759842693513932
1267.4753,190,0.99,0.22275672285802622
1280.2781,190,1.0,0.21783050619216188
1293.0809,190,1.01,0.2128182604697371
1305.8837,190,1.02,0.2077214116252406
1318.6864,190,1.03,0.2025434379153448
1331.4892,190,1.04,0.1972916417796265
1344.292,190,1.05,0.19197973256509715
1357.0948,190,1.06,0.18662821790773396
1369.8976,190,1.07,0.18126692476570044
1382.7003,190,1.08,0.17593769221425332
1395.5031,190,1.09,0.17069455428741068
1408.3059,190,1.1,0.16560547221564495
1421.1087,190,1.11,0.16074617374716202
1433.9115,190,1.12,0.15619572435366127
1446.7143,190,1.13,0.15202388564990887
1459.517,190,1.14,0.14828216856969695
1472.3198,190,1.15,0.14499437348433478
1485.1226,190,1.16,0.14215861673922328
1497.9254,190,1.17,0.13975046313590317
1510.7282,190,1.18,0.13773169287131137
1523.5309,190,1.19,0.1360578839579566
1536.3337,190,1.2,0.1346836796477856
960.2086,195,0.75,0.32348720281063326
973.0114,195,0.76,0.3196578097924302
985.8141,195,0.77,0.31581479270605956
998.6169,195,0.78,0.3119562824479448
1011.4197,195,0.79,0.30808027665050003
1024.2225,195,0.8,0.3041846165114543
1037.0253,195,0.81,0.30026725173478674
1049.828,195,0.82,0.2963258688313165
1062.6308,195,0.83,0.2923581958105312
1075.4336,195,0.84,0.28836174496217326
1088.2364,195,0.85,0.2843337459413543
1101.0392,195,0.86,0.2802716625204013
1113.8419,195,0.87,0.2761725624879079
1126.6447,195,0.88,0.27203336591588145
1139.4475,195,0.89,0.2678510359461175
1152.2503,195,0.9,0.26362208192465825
1165.0531,195,0.91,0.25934295292686194
1177.8559,195,0.92,0.2550102417096007
1190.6586,195,0.93,0.25061988574892685
1203.4614,195,0.94,0.24616806669884364
1216.2642,195,0.95,0.2416507708174859
1229.067,195,0.96,0.23706417376957348
1241.8698,195,0.97,0.23240432571865596
1254.6725,195,0.98,0.22766788017864667
1267.4753,195,0.99,0.2228514432050942
1280.2781,195,1.0,0.21795335685432832
1293.0809,195,1.01,0.21297232546744316
1305.8837,195,1.02,0.2079099199032663
1318.6864,195,1.03,0.2027698681038482
1331.4892,195,1.04,0.19755926526808226
1344.292,195,1.05,0.1922916641648442
1357.0948,195,1.06,0.18698682385236182
1369.8976,195,1.07,0.18167343426236957
1382.7003,195,1.08,0.17639139602598874
1395.5031,195,1.09,0.17119266255432722
1408.3059,195,1.1,0.16614075836810613
1421.1087,195,1.11,0.16131005618633568
1433.9115,195,1.12,0.15677543355113158
1446.7143,195,1.13,0.15260628806746407
1459.517,195,1.14,0.1488541344110797
1472.3198,195,1.15,0.14554592461423177
1485.1226,195,1.16,0.14268197976173977
1497.9254,195,1.17,0.14024195118333527
1510.7282,195,1.18,0.13819007491611407
1523.5309,195,1.19,0.13648372373382334
1536.3337,195,1.2,0.13507881082261375
960.2086,200,0.75,0.3233263919356953
973.0114,200,0.76,0.3195012418997459
985.8141,200,0.77,0.3156629903996422
998.6169,200,0.78,0.31180952560434977
1011.4197,200,0.79,0.307938396814357
1024.2225,200,0.8,0.30404815836844495
1037.0253,200,0.81,0.3001367197769496
1049.828,200,0.82,0.29620122135005744
1062.6308,200,0.83,0.29223997509395166
1075.4336,200,0.84,0.28825039738215497
1088.2364,200,0.85,0.2842298051172912
1101.0392,200,0.86,0.280175630385498
1113.8419,200,0.87,0.2760851588696935
1126.6447,200,0.88,0.2719550292995723
1139.4475,200,0.89,0.2677825986153948
1152.2503,200,0.9,0.2635644057081456
1165.0531,200,0.91,0.2592970165352856
1177.8559,200,0.92,0.2549770620075186
1190.6586,200,0.93,0.25060070606179763
1203.4614,200,0.94,0.24616429573306878
1216.2642,200,0.95,0.24166390447391833
1229.067,200,0.96,0.23709598153510092
1241.8698,200,0.97,0.2324568057169717
1254.6725,200,0.98,0.22774328186680065
1267.4753,200,0.99,0.22295219788987825
1280.2781,200,1.0,0.21808220114465016
1293.0809,200,1.01,0.21313225600539984
1305.8837,200,1.02,0.20810405012115024
1318.6864,200,1.03,0.20300101574793278
1331.4892,200,1.04,0.1978315502633957
1344.292,200,1.05,0.19260752716373847
1357.0948,200,1.06,0.18734849174357862
1369.8976,200,1.07,0.18208203504291542
1382.7003,200,1.08,0.17684625397514575
1395.5031,200,1.09,0.17169069731948075
1408.3059,200,1.1,0.16667625311639522
1421.1087,200,1.11,0.16187354646395583
1433.9115,200,1.12,0.1573555229333655
1446.7143,200,1.13,0.15318988802445166
1459.517,200,1.14,0.14942856218219047
1472.3198,200,1.15,0.1461004341390437
1485.1226,200,1.16,0.1432095991678972
1497.9254,200,1.17,0.14073818261009816
1510.7282,200,1.18,0.13865330999207293
1523.5309,200,1.19,0.13691437547359186
1536.3337,200,1.2,0.13547850598457442
960.2086,205,0.75,0.3231673169513553
973.0114,205,0.76,0.3193467788828734
985.8141,205,0.77,0.31551315946114167
998.6169,205,0.78,0.31166454642983493
1011.4197,205,0.79,0.3077987855054922
1024.2225,205,0.8,0.30391410445307654
1037.0253,205,0.81,0.3000082222503777
1049.828,205,0.82,0.2960792838093819
1062.6308,205,0.83,0.29212491773719107
1075.4336,205,0.84,0.2881421408433266
1088.2364,205,0.85,0.2841291243777867
1101.0392,205,0.86,0.2800830524062971
1113.8419,205,0.87,0.27600093808774917
1126.6447,205,0.88,0.2718805503661287
1139.4475,205,0.89,0.26771824428837687
1152.2503,205,0.9,0.26351114223530403
1165.0531,205,0.91,0.2592556015075195
1177.8559,205,0.92,0.25494863922814937
1190.6586,205,0.93,0.25058650619508227
1203.4614,205,0.94,0.24616579668382782
1216.2642,205,0.95,0.24168243151160687
1229.067,205,0.96,0.23713336456106668
1241.8698,205,0.97,0.23251499698031888
1254.6725,205,0.98,0.22782450590766926
1267.4753,205,0.99,0.22305881349304243
1280.2781,205,1.0,0.2182168545095591
1293.0809,205,1.01,0.21329784084902167
1305.8837,205,1.02,0.2083035678880377
1318.6864,205,1.03,0.20323763128436487
1331.4892,205,1.04,0.19810823898787808
1344.292,205,1.05,0.192927067615426
1357.0948,205,1.06,0.18771298076951556
1369.8976,205,1.07,0.18249251199661537
1382.7003,205,1.08,0.1773020702811379
1395.5031,205,1.09,0.17218894619862152
1408.3059,205,1.1,0.16721138300512448
1421.1087,205,1.11,0.16243677719603147
1433.9115,205,1.12,0.1579356108810309
1446.7143,205,1.13,0.15377449123016051
1459.517,205,1.14,0.15000512697489504
1472.3198,205,1.15,0.14665844462331648
1485.1226,205,1.16,0.14374126406217014
1497.9254,205,1.17,0.14123912134013578
1510.7282,205,1.18,0.13912134565204048
1523.5309,205,1.19,0.13734997769676996
1536.3337,205,1.2,0.1358827744488754
960.2086,210,0.75,0.32301025559778135
973.0114,210,0.76,0.3191941998436982
985.8141,210,0.77,0.31536537193116304
998.6169,210,0.78,0.3115218603231061
1011.4197,210,0.79,0.3076615369537583
1024.2225,210,0.8,0.3037825535310048
1037.0253,210,0.81,0.2998827690936766
1049.828,210,0.82,0.2959601581493717
1062.6308,210,0.83,0.2920124690470582
1075.4336,210,0.84,0.2880370511935029
1088.2364,210,0.85,0.2840317837453934
1101.0392,210,0.86,0.27999400266322927
1113.8419,210,0.87,0.2759208796151457
1126.6447,210,0.88,0.27180999060500716
1139.4475,210,0.89,0.26765802021588764
1152.2503,210,0.9,0.2634622331121765
1165.0531,210,0.91,0.2592187319998066
1177.8559,210,0.92,0.2549249785146234
1190.6586,210,0.93,0.25057727355712356
1203.4614,210,0.94,0.24617243393353805
1216.2642,210,0.95,0.2417062980807783
1229.067,210,0.96,0.23717624400062634
1241.8698,210,0.97,0.2325788000138613
1254.6725,210,0.98,0.22791141995164202
1267.4753,210,0.99,0.22317112611688725
1280.2781,210,1.0,0.2183571314059666
1293.0809,210,1.01,0.2134688707774279
1305.8837,210,1.02,0.2085082439883793
1318.6864,210,1.03,0.2034789731418878
1331.4892,210,1.04,0.19838908437234679
1344.292,210,1.05,0.1932500439769985
1357.0948,210,1.06,0.18808006368654234
1369.8976,210,1.07,0.18290466224565333
1382.7003,210,1.08,0.17775866276842578
1395.5031,210,1.09,0.17268722688950747
1408.3059,210,1.1,0.16774602751152615
1421.1087,210,1.11,0.16299951619142203
1433.9115,210,1.12,0.15851586952466962
1446.7143,210,1.13,0.15435997506706695
1459.517,210,1.14,0.15058354209525848
1472.3198,210,1.15,0.1472193545977591
1485.1226,210,1.16,0.14427675863030662
1497.9254,210,1.17,0.14174414641353567
1510.7282,210,1.18,0.13959396213666928
1523.5309,210,1.19,0.13778990771056415
1536.3337,210,1.2,0.13629162278479756
960.2086,215,0.75,0.3228546775853468
973.0114,215,0.76,0.31904365475435953
985.8141,215,0.77,0.3152200378202952
998.6169,215,0.78,0.31138151629908695
1011.4197,215,0.79,0.3075267407935702
1024.2225,215,0.8,0.30365370397113234
1037.0253,215,0.81,0.2997600169118308
1049.828,215,0.82,0.2958439320749736
1062.6308,215,0.83,0.2919031457393395
1075.4336,215,0.84,0.28793519948915935
1088.2364,215,0.85,0.2839378528804583
1101.0392,215,0.86,0.2799085441894509
1113.8419,215,0.87,0.2758445631451705
1126.6447,215,0.88,0.2717433980786953
1139.4475,215,0.89,0.26760196167597616
1152.2503,215,0.9,0.2634171492015075
1165.0531,215,0.91,0.25918641922886104
1177.8559,215,0.92,0.25490607339063404
1190.6586,215,0.93,0.2505729843087412
1203.4614,215,0.94,0.24618367048965575
1216.2642,215,0.95,0.24173544044235573
1229.067,215,0.96,0.237224532584888
1241.8698,215,0.97,0.23264810733191496
1254.6725,215,0.98,0.2280033867697762
1267.4753,215,0.99,0.2232889741328547
1280.2781,215,1.0,0.21850284634517014
1293.0809,215,1.01,0.21364513937698795
1305.8837,215,1.02,0.20871785486010716
1318.6864,215,1.03,0.2037248079068996
1331.4892,215,1.04,0.19867384984795702
1344.292,215,1.05,0.193576226642717
1357.0948,215,1.06,0.18844960069867508
1369.8976,215,1.07,0.18331829484785414
1382.7003,215,1.08,0.17821586187414665
1395.5031,215,1.09,0.17318537779369192
1408.3059,215,1.1,0.16828005169963645
1421.1087,215,1.11,0.16356157961678006
1433.9115,215,1.12,0.15909576468520562
1446.7143,215,1.13,0.15494576358112508
1459.517,215,1.14,0.1511635437774121
1472.3198,215,1.15,0.14778268874396278
1485.1226,215,1.16,0.1448158632322891
1497.9254,215,1.17,0.1422536192058182
1510.7282,215,1.18,0.14007146282173347
1523.5309,215,1.19,0.13823484471423353
1536.3337,215,1.2,0.13670504635734915
960.2086,220,0.75,0.32270146922036785
973.0114,220,0.76,0.3188952464365902
985.8141,220,0.77,0.3150766262929419
998.6169,220,0.78,0.31124358281261455
1011.4197,220,0.79,0.3073944802248486
1024.2225,220,0.8,0.30352715557462895
1037.0253,220,0.81,0.29964007196015974
1049.828,220,0.82,0.29573056744895065
1062.6308,220,0.83,0.2917969878658196
1075.4336,220,0.84,0.2878366494748905
1088.2364,220,0.85,0.2838473914142561
1101.0392,220,0.86,0.27982672954475074
1113.8419,220,0.87,0.2757720477021773
1126.6447,220,0.88,0.27168080895439756
1139.4475,220,0.89,0.2675500928863647
1152.2503,220,0.9,0.2633769145676577
1165.0531,220,0.91,0.2591586628807718
1177.8559,220,0.92,0.25489190686979407
1190.6586,220,0.93,0.25057360456351424
1203.4614,220,0.94,0.2462004585681044
1216.2642,220,0.95,0.24176978632528062
1229.067,220,0.96,0.23727813593222413
1241.8698,220,0.97,0.23272280494025466
1254.6725,220,0.98,0.22810126546281576
1267.4753,220,0.99,0.22341219443644758
1280.2781,220,1.0,0.21865381477206983
1293.0809,220,1.01,0.21382644368445916
1305.8837,220,1.02,0.20893218294909952
1318.6864,220,1.03,0.2039749103945166
1331.4892,220,1.04,0.19896230909083684
1344.292,220,1.05,0.19390539745815713
1357.0948,220,1.06,0.1888213366023158
1369.8976,220,1.07,0.18373323032410002
1382.7003,220,1.08,0.17867350973974902
1395.5031,220,1.09,0.17368325292518347
1408.3059,220,1.1,0.16881332189231588
1421.1087,220,1.11,0.16412280594789566
1433.9115,220,1.12,0.15967516013063365
1446.7143,220,1.13,0.15553193027262024
1459.517,220,1.14,0.15174470200984924
1472.3198,220,1.15,0.14834902022068763
1485.1226,220,1.16,0.14535835553520624
1497.9254,220,1.17,0.14276717910762854
1510.7282,220,1.18,0.1405533267575623
1523.5309,220,1.19,0.13868436570573853
1536.3337,220,1.2,0.13712303056735603
960.2086,225,0.75,0.3225503220125812
973.0114,225,0.76,0.3187489939999437
985.8141,225,0.77,0.31493563019642407
998.6169,225,0.78,0.3111081337213008
1011.4197,225,0.79,0.30726483244406055
1024.2225,225,0.8,0.3034037215959949
1037.0253,225,0.81,0.29952301571180145
1049.828,225,0.82,0.2956206747017491
1062.6308,225,0.83,0.29169404237619156
1075.4336,225,0.84,0.2877414566805142
1088.2364,225,0.85,0.2837604493885612
1101.0392,225,0.86,0.2797487840930687
1113.8419,225,0.87,0.2757033763151026
1126.6447,225,0.88,0.27162224869477336
1139.4475,225,0.89,0.2675024278734995
1152.2503,225,0.9,0.26334103932906033
1165.0531,225,0.91,0.2591354641704384
1177.8559,225,0.92,0.25488245250764113
1190.6586,225,0.93,0.25057909150770813
1203.4614,225,0.94,0.24622224110623403
1216.2642,225,0.95,0.2418092561535893
1229.067,225,0.96,0.23733708672105747
1241.8698,225,0.97,0.23280277365795735
1254.6725,225,0.98,0.22820441251781193
1267.4753,225,0.99,0.22354062336289318
1280.2781,225,1.0,0.21880985380066809
1293.0809,225,1.01,0.2140125847013421
1305.8837,225,1.02,0.2091510169602779
1318.6864,225,1.03,0.20422906364359542
1331.4892,225,1.04,0.1992542457320035
1344.292,225,1.05,0.19423735808969908
1357.0948,225,1.06,0.18919503617911396
1369.8976,225,1.07,0.1841493000993462
1382.7003,225,1.08,0.17913154717423133
1395.5031,225,1.09,0.17418071904319474
1408.3059,225,1.1,0.16934571141545107
1421.1087,225,1.11,0.16468304831226188
1433.9115,225,1.12,0.16025389201080428
1446.7143,225,1.13,0.15611818360507862
1459.517,225,1.14,0.15232725548060264
1472.3198,225,1.15,0.14891715344660528
1485.1226,225,1.16,0.1459039265477012
1497.9254,225,1.17,0.14328464658171508
1510.7282,225,1.18,0.1410396135700704
1523.5309,225,1.19,0.13913842487271438
1536.3337,225,1.2,0.1375456704065393
960.2086,230,0.75,0.3224013485570775
973.0114,230,0.76,0.3186053777947159
985.8141,230,0.77,0.3147970874626771
998.6169,230,0.78,0.31097523976416147
1011.4197,230,0.79,0.3071378675808538
1024.2225,230,0.8,0.3032830492317962
1037.0253,230,0.81,0.2994089151943363
1049.828,230,0.82,0.295513474838062
1062.6308,230,0.83,0.2915943553312459
1075.4336,230,0.84,0.28764966826685145
1088.2364,230,0.85,0.28367706774400275
1101.0392,230,0.86,0.2796739957616026
1113.8419,230,0.87,0.2756385790929779
1126.6447,230,0.88,0.2715677330461752
1139.4475,230,0.89,0.26745897130250856
1152.2503,230,0.9,0.263309521807245
1165.0531,230,0.91,0.25911677579603415
1177.8559,230,0.92,0.254877675391632
1190.6586,230,0.93,0.25058939443988687
1203.4614,230,0.94,0.24624895309396394
1216.2642,230,0.95,0.2418537641533628
1229.067,230,0.96,0.23740068239415657
1241.8698,230,0.97,0.2328878902725833
1254.6725,230,0.98,0.22831268272815194
1267.4753,230,0.99,0.22367409746974676
1280.2781,230,1.0,0.21897078282459792
1293.0809,230,1.01,0.21420336779867213
1305.8837,230,1.02,0.20937415202260426
1318.6864,230,1.03,0.20448705885107127
1331.4892,230,1.04,0.19954945304265945
1344.292,230,1.05,0.19457189208087813
1357.0948,230,1.06,0.18957002482166252
1369.8976,230,1.07,0.18456634590962873
1382.7003,230,1.08,0.1795897964763346
1395.5031,230,1.09,0.17467765393901857
1408.3059,230,1.1,0.16987702384229744
1421.1087,230,1.11,0.16524219033802817
1433.9115,230,1.12,0.16083196517636386
1446.7143,230,1.13,0.1567043075051635
1459.517,230,1.14,0.1529105520696242
1472.3198,230,1.15,0.1494872601093626
1485.1226,230,1.16,0.14645260024613946
1497.9254,230,1.17,0.1438058371402641
1510.7282,230,1.18,0.1415297574273908
1523.5309,230,1.19,0.13959698183651703
1536.3337,230,1.2,0.1379724548032828
960.2086,235,0.75,0.3222546298408309
973.0114,235,0.76,0.31846376991895653
985.8141,235,0.77,0.31466105081651485
998.6169,235,0.78,0.31084496479137796
1011.4197,235,0.79,0.30701341634514906
1024.2225,235,0.8,0.3031652313868789
1037.0253,235,0.81,0.29929782730025933
1049.828,235,0.82,0.2954094745243225
1062.6308,235,0.83,0.2914979683414509
1075.4336,235,0.84,0.2875613232186956
1088.2364,235,0.85,0.28359727886107644
1101.0392,235,0.86,0.27960340683371593
1113.8419,235,0.87,0.27557767532446864
1126.6447,235,0.88,0.271517268900281
1139.4475,235,0.89,0.2674198404059618
1152.2503,235,0.9,0.2632823502122622
1165.0531,235,0.91,0.2591025866341547
1177.8559,235,0.92,0.2548775330670554
1190.6586,235,0.93,0.25060445573166024
1203.4614,235,0.94,0.24628052274928264
1216.2642,235,0.95,0.24190321934908698
1229.067,235,0.96,0.23746971711709025
1241.8698,235,0.97,0.2329780285480102
1254.6725,235,0.98,0.2284259299915157
1267.4753,235,0.99,0.22381245420211568
1280.2781,235,1.0,0.21913642401912972
1293.0809,235,1.01,0.21439860303763245
1305.8837,235,1.02,0.20960138978270312
1318.6864,235,1.03,0.2047486952583256
1331.4892,235,1.04,0.19984773360301714
1344.292,235,1.05,0.1949088239930065
1357.0948,235,1.06,0.18994713669193164
1369.8976,235,1.07,0.18498421920542568
1382.7003,235,1.08,0.1800475386617283
1395.5031,235,1.09,0.17517394498943437
1408.3059,235,1.1,0.17040761627583925
1421.1087,235,1.11,0.1657998442013472
1433.9115,235,1.12,0.16140877041649027
1446.7143,235,1.13,0.15729014526658464
1459.517,235,1.14,0.1534944508966387
1472.3198,235,1.15,0.15005907786942804
1485.1226,235,1.16,0.1470039272342869
1497.9254,235,1.17,0.14433056221093465
1510.7282,235,1.18,0.14202454693475036
1523.5309,235,1.19,0.1400598591719207
1536.3337,235,1.2,0.13840399812121526
960.2086,240,0.75,0.3221101607748251
973.0114,240,0.76,0.3183246608390546
985.8141,240,0.77,0.3145275753339766
998.6169,240,0.78,0.3107173675799355
1011.4197,240,0.79,0.30689213205352234
1024.2225,240,0.8,0.30305033403986203
1037.0253,240,0.81,0.29918963178431807
1049.828,240,0.82,0.29530869419663197
1062.6308,240,0.83,0.29140491706276533
1075.4336,240,0.84,0.28747645269077376
1088.2364,240,0.85,0.28352110709265155
1101.0392,240,0.86,0.2795365510184741
1113.8419,240,0.87,0.2755206749809524
1126.6447,240,0.88,0.2714708550704818
1139.4475,240,0.89,0.2673848900483952
1152.2503,240,0.9,0.2632595040040964
1165.0531,240,0.91,0.25909286093645295
1177.8559,240,0.92,0.2548819763985304
1190.6586,240,0.93,0.250624211712016
1203.4614,240,0.94,0.24631687255908213
1216.2642,240,0.95,0.24195752645842963
1229.067,240,0.96,0.23754359315583778
1241.8698,240,0.97,0.233073060101957
1254.6725,240,0.98,0.22854399097604147
1267.4753,240,0.99,0.22395503245462295
1280.2781,240,1.0,0.21930660274935876
1293.0809,240,1.01,0.21459810540318333
1305.8837,240,1.02,0.20983253843963792
1318.6864,240,1.03,0.20501378000011752
1331.4892,240,1.04,0.20014889896120633
1344.292,240,1.05,0.19524797645315442
1357.0948,240,1.06,0.19032571450026817
1369.8976,240,1.07,0.18540278056878026
1382.7003,240,1.08,0.1805056697654095
1395.5031,240,1.09,0.17566948832772528
1408.3059,240,1.1,0.17093658807964804
1421.1087,240,1.11,0.1663564881496026
1433.9115,240,1.12,0.1619845369221344
1446.7143,240,1.13,0.15787525904699223
1459.517,240,1.14,0.15407854360883808
1472.3198,240,1.15,0.1506323671044402
1485.1226,240,1.16,0.14755773349693518
1497.9254,240,1.17,0.1448586299946968
1510.7282,240,1.18,0.14252303307889586
1523.5309,240,1.19,0.14052707550471352
1536.3337,240,1.2,0.13883988434254418
960.2086,245,0.75,0.32196842890885774
973.0114,245,0.76,0.3181880764735358
985.8141,245,0.77,0.31439671620463605
998.6169,245,0.78,0.31059250081686607
1011.4197,245,0.79,0.3067736233909297
1024.2225,245,0.8,0.30293840808264766
1037.0253,245,0.81,0.29908505361584303
1049.828,245,0.82,0.295211158015997
1062.6308,245,0.83,0.291315230691617
1075.4336,245,0.84,0.28739508045917617
1088.2364,245,0.85,0.2834486253909256
1101.0392,245,0.86,0.27947344813088765
1113.8419,245,0.87,0.27546757985180076
1126.6447,245,0.88,0.27142848300550837
1139.4475,245,0.89,0.26735358217450433
1152.2503,245,0.9,0.2632409550221374
1165.0531,245,0.91,0.2590875565959918
1177.8559,245,0.92,0.25489095036805853
1190.6586,245,0.93,0.25064869147578783
1203.4614,245,0.94,0.24635792020237857
1216.2642,245,0.95,0.24201658669391585
1229.067,245,0.96,0.23762220800163789
1241.8698,245,0.97,0.2331728551683026
1254.6725,245,0.98,0.22866670888116292
1267.4753,245,0.99,0.22410267304277892
1280.2781,245,1.0,0.2194811478973215
1293.0809,245,1.01,0.21480169495586965
1305.8837,245,1.02,0.21006741273143245
1318.6864,245,1.03,0.20528212792475523
1331.4892,245,1.04,0.2004527692874804
1344.292,245,1.05,0.19558918114824667
1357.0948,245,1.06,0.19070560921763793
1369.8976,245,1.07,0.18582189915363706
1382.7003,245,1.08,0.18096358898309864
1395.5031,245,1.09,0.17616418810706194
1408.3059,245,1.1,0.17146430750417105
1421.1087,245,1.11,0.16691160386194712
1433.9115,245,1.12,0.1625590732282497
1446.7143,245,1.13,0.15845997745095058
1459.517,245,1.14,0.1546633157858739
1472.3198,245,1.15,0.1512069042817652
1485.1226,245,1.16,0.14811399412638776
1497.9254,245,1.17,0.14538984633877985
1510.7282,245,1.18,0.14302530513100298
1523.5309,245,1.19,0.14099846000367708
1536.3337,245,1.2,0.13928006830773607
960.2086,250,0.75,0.32182876194239807
973.0114,250,0.76,0.3180540557725757
985.8141,250,0.77,0.3142685207328661
998.6169,250,0.78,0.31047057025189
1011.4197,250,0.79,0.3066579760179244
1024.2225,250,0.8,0.3028294944616341
1037.0253,250,0.81,0.29898318250152867
1049.828,250,0.82,0.2951168889153668
1062.6308,250,0.83,0.291228931943027
1075.4336,250,0.84,0.28731722333485965
1088.2364,250,0.85,0.28337988912403367
1101.0392,250,0.86,0.27941410704120295
1113.8419,250,0.87,0.27541838444871397
1126.6447,250,0.88,0.2713901374524536
1139.4475,250,0.89,0.26732690073179494
1152.2503,250,0.9,0.2632266684439421
1165.0531,250,0.91,0.25908662585451464
1177.8559,250,0.92,0.25490439481144656
1190.6586,250,0.93,0.2506777166177941
1203.4614,250,0.94,0.2464035793700367
1216.2642,250,0.95,0.24208029847946783
1229.067,250,0.96,0.2377054554405706
1241.8698,250,0.97,0.23327728325758
1254.6725,250,0.98,0.22879396854322828
1267.4753,250,0.99,0.22425471909503547
1280.2781,250,1.0,0.21965989211934556
1293.0809,250,1.01,0.21500919693907067
1305.8837,250,1.02,0.21030583388229793
1318.6864,250,1.03,0.20555356139265307
1331.4892,250,1.04,0.20075917302784865
1344.292,250,1.05,0.19593227836890725
1357.0948,250,1.06,0.19108667974791896
1369.8976,250,1.07,0.1862414521541624
1382.7003,250,1.08,0.1814211997806002
1395.5031,250,1.09,0.17665795586004454
1408.3059,250,1.1,0.17199066861873377
1421.1087,250,1.11,0.16746513399581586
1433.9115,250,1.12,0.1631322387874178
1446.7143,250,1.13,0.1590437921333855
1459.517,250,1.14,0.15524779391407992
1472.3198,250,1.15,0.15178222625711493
1485.1226,250,1.16,0.1486720069726169
1497.9254,250,1.17,0.14592383812359458
1510.7282,250,1.18,0.14353120375810752
1523.5309,250,1.19,0.14147396596323492
1536.3337,250,1.2,0.13972451125208363
960.2086,255,0.75,0.32169164416140505
973.0114,255,0.76,0.31792263626967265
985.8141,255,0.77,0.31414303221075346
998.6169,255,0.78,0.310350985102621
1011.4197,255,0.79,0.3065452453224236
1024.2225,255,0.8,0.302723626553288
1037.0253,255,0.81,0.2988845132074101
1049.828,255,0.82,0.2950259062591381
1062.6308,255,0.83,0.29114603726408833
1075.4336,255,0.84,0.28724289164169264
1088.2364,255,0.85,0.2833142443174402
1101.0392,255,0.86,0.2793585277220357
1113.8419,255,0.87,0.27537307676043987
1126.6447,255,0.88,0.27135579707595153
1139.4475,255,0.89,0.2673043211493942
1152.2503,255,0.9,0.26321660361449456
1165.0531,255,0.91,0.2590900159620139
1177.8559,255,0.92,0.2549222450955566
1190.6586,255,0.93,0.25071069722425515
1203.4614,255,0.94,0.24645376049292597
1216.2642,255,0.95,0.2421485580892759
1229.067,255,0.96,0.23779322657592722
1241.8698,255,0.97,0.23338621372747423
1254.6725,255,0.98,0.22892562683092246
1267.4753,255,0.99,0.22441101637558472
1280.2781,255,1.0,0.21984217204349585
1293.0809,255,1.01,0.21522044183970918
1305.8837,255,1.02,0.21054762951818484
1318.6864,255,1.03,0.20582791005916215
1331.4892,255,1.04,0.20106794656042198
1344.292,255,1.05,0.1962771165720157
1357.0948,255,1.06,0.1914687925787636
1369.8976,255,1.07,0.18666132430305074
1382.7003,255,1.08,0.18187841048123635
1395.5031,255,1.09,0.1771507099324933
1408.3059,255,1.1,0.172515582432134
1421.1087,255,1.11,0.16801700784427262
1433.9115,255,1.12,0.16370391544749135
1446.7143,255,1.13,0.15962660225968212
1459.517,255,1.14,0.1558321352186817
1472.3198,255,1.15,0.1523587996835543
1485.1226,255,1.16,0.1492319453704786
1497.9254,255,1.17,0.14646091008640869
1510.7282,255,1.18,0.14404056561384276
1523.5309,255,1.19,0.1419530179471237
1536.3337,255,1.2,0.14017296126213635
960.2086,260,0.75,0.3215570898283654
973.0114,260,0.76,0.31779386116960456
985.8141,260,0.77,0.3140202888260512
998.6169,260,0.78,0.3102346500019005
1011.4197,260,0.79,0.3064354702097493
1024.2225,260,0.8,0.30262063352942825
1037.0253,260,0.81,0.2987890497677077
1049.828,260,0.82,0.29493822483643073
1062.6308,260,0.83,0.2910665571234258
1075.4336,260,0.84,0.2871720896678351
1088.2364,260,0.85,0.2832527080344535
1101.0392,260,0.86,0.2793067027118108
1113.8419,260,0.87,0.27533163890626877
1126.6447,260,0.88,0.271325435037392
1139.4475,260,0.89,0.26728581174433147
1152.2503,260,0.9,0.26321072569965676
1165.0531,260,0.91,0.2590976697886701
1177.8559,260,0.92,0.25494443273917866
1190.6586,260,0.93,0.2507485570456829
1203.4614,260,0.94,0.246508371388657
1216.2642,260,0.95,0.24222126021594786
1229.067,260,0.96,0.2378854105733599
1241.8698,260,0.97,0.23349951627386012
1254.6725,260,0.98,0.22906154229064932
1267.4753,260,0.99,0.22457141354679952
1280.2781,260,1.0,0.22002882841567908
1293.0809,260,1.01,0.2154352654092943
1305.8837,260,1.02,0.21079263355700942
1318.6864,260,1.03,0.2061050106465
1331.4892,260,1.04,0.20137893385694586
1344.292,260,1.05,0.19662355196225276
1357.0948,260,1.06,0.19185182142379156
1369.8976,260,1.07,0.18708140740011148
1382.7003,260,1.08,0.18233513451817668
1395.5031,260,1.09,0.17764237497515128
1408.3059,260,1.1,0.1730389718580921
1421.1087,260,1.11,0.16856715275187326
1433.9115,260,1.12,0.16427399782651284
1446.7143,260,1.13,0.1602082843844718
1459.517,260,1.14,0.1564161349102453
1472.3198,260,1.15,0.1529358536983914
1485.1226,260,1.16,0.1497935467956001
1497.9254,260,1.17,0.1470004305400367
1510.7282,260,1.18,0.1445532240186083
1523.5309,260,1.19,0.14243638640663622
1536.3337,260,1.2,0.14062583306038326
960.2086,265,0.75,0.32142512657779226
973.0114,265,0.76,0.3176677637409823
985.8141,265,0.77,0.31390032353304653
998.6169,265,0.78,0.31012114978686367
1011.4197,265,0.79,0.30632867941230685
1024.2225,265,0.8,0.3025212976142313
1037.0253,265,0.81,0.29869679874389843
1049.828,265,0.82,0.29485385453140306
1062.6308,265,0.83,0.29099049643198044
1075.4336,265,0.84,0.2871048161058947
1088.2364,265,0.85,0.2831947849776619
1101.0392,265,0.86,0.2792586181998468
1113.8419,265,0.87,0.2752940477170958
1126.6447,265,0.88,0.27129914381635595
1139.4475,265,0.89,0.2672713348418371
1152.2503,265,0.9,0.26320895931678584
1165.0531,265,0.91,0.259109526390225
1177.8559,265,0.92,0.25497088598063683
1190.6586,265,0.93,0.250790716321368
1203.4614,265,0.94,0.2465673178357358
1216.2642,265,0.95,0.24229829847444717
1229.067,265,0.96,0.2379818951770748
1241.8698,265,0.97,0.23361656135172454
1254.6725,265,0.98,0.22920157545199948
1267.4753,265,0.99,0.224735745688973
1280.2781,265,1.0,0.22021920620197796
1293.0809,265,1.01,0.2156535086520071
1305.8837,265,1.02,0.21104068607898946
1318.6864,265,1.03,0.2063847067086985
1331.4892,265,1.04,0.2016919861515147
1344.292,265,1.05,0.19697144809267578
1357.0948,265,1.06,0.19223564686491182
1369.8976,265,1.07,0.1875015998705424
1382.7003,265,1.08,0.18279129047499545
1395.5031,265,1.09,0.17813288148226286
1408.3059,265,1.1,0.1735607687926833
1421.1087,265,1.11,0.16911549894011682
1433.9115,265,1.12,0.1648423900149186
1446.7143,265,1.13,0.1607884978488753
1459.517,265,1.14,0.1569996227020971
1472.3198,265,1.15,0.15351330130934016
1485.1226,265,1.16,0.15035658980862793
1497.9254,265,1.17,0.14754228961486024
1510.7282,265,1.18,0.14506900962772878
1523.5309,265,1.19,0.14292321469134814
1536.3337,265,1.2,0.14108253076545893
960.2086,270,0.75,0.32129577471320847
973.0114,270,0.76,0.31754437437899796
985.8141,270,0.77,0.31378292641425715
998.6169,270,0.78,0.31001053418379343
1011.4197,270,0.79,0.3062248945610323
1024.2225,270,0.8,0.30242463014563087
1037.0253,270,0.81,0.29860776577407483
1049.828,270,0.82,0.2947728003338646
1062.6308,270,0.83,0.2909178548590574
1075.4336,270,0.84,0.28704115802136454
1088.2364,270,0.85,0.28314047029933237
1101.0392,270,0.86,0.27921425486405427
1113.8419,270,0.87,0.27526027526135904
1126.6447,270,0.88,0.2712767398668754
1139.4475,270,0.89,0.26726084768659514
1152.2503,270,0.9,0.2632112656081535
1165.0531,270,0.91,0.259125521528415
1177.8559,270,0.92,0.255001530295278
1190.6586,270,0.93,0.2508370924653982
1203.4614,270,0.94,0.24663050408278128
1216.2642,270,0.95,0.2423795658477695
1229.067,270,0.96,0.2380825673011813
1241.8698,270,0.97,0.2337382205342291
1254.6725,270,0.98,0.2293455890816688
1267.4753,270,0.99,0.2249038455584611
1280.2781,270,1.0,0.22041315465368777
1293.0809,270,1.01,0.21587501778558063
1305.8837,270,1.02,0.21129163318157657
1318.6864,270,1.03,0.20666684839278338
1331.4892,270,1.04,0.20200696161786516
1344.292,270,1.05,0.1973206754841647
1357.0948,270,1.06,0.19262015600062563
1369.8976,270,1.07,0.18792180635171082
1382.7003,270,1.08,0.18324680199542845
1395.5031,270,1.09,0.17862216536955566
1408.3059,270,1.1,0.17408091230577263
1421.1087,270,1.11,0.16966198136521107
1433.9115,270,1.12,0.1654090042638926
1446.7143,270,1.13,0.1613678639834734
1459.517,270,1.14,0.15758246491719421
1472.3198,270,1.15,0.15409098182369724
1485.1226,270,1.16,0.1509208677429795
1497.9254,270,1.17,0.1480862252324689
1510.7282,270,1.18,0.14558775110295294
1523.5309,270,1.19,0.14341357278869515
1536.3337,270,1.2,0.14154313756478382
960.2086,275,0.75,0.3211690693430896
973.0114,275,0.76,0.3174237193358679
985.8141,275,0.77,0.3136687225157701
998.6169,275,0.78,0.3099028340672424
1011.4197,275,0.79,0.30612413100338903
1024.2225,275,0.8,0.30233111537735236
1037.0253,275,0.81,0.2985219538840274
1049.828,275,0.82,0.2946950625175254
1062.6308,275,0.83,0.290848627231915
1075.4336,275,0.84,0.28698105370135696
1088.2364,275,0.85,0.2830897515914013
1101.0392,275,0.86,0.27917358854411806
1113.8419,275,0.87,0.27523028932639
1126.6447,275,0.88,0.27125767856966404
1139.4475,275,0.89,0.26725430319847826
1152.2503,275,0.9,0.26321758680998886
1165.0531,275,0.91,0.2591455881485571
1177.8559,275,0.92,0.2550362888661072
1190.6586,275,0.93,0.25088760066392407
1203.4614,275,0.94,0.24669783329961245
1216.2642,275,0.95,0.24246516669394594
1229.067,275,0.96,0.23818731354598935
1241.8698,275,0.97,0.23386386681729124
1254.6725,275,0.98,0.22949344839212077
1267.4753,275,0.99,0.2250756077714714
1280.2781,275,1.0,0.22061052734077227
1293.0809,275,1.01,0.2160996441798566
1305.8837,275,1.02,0.21154532682279867
1318.6864,275,1.03,0.20695129219877295
1331.4892,275,1.04,0.20232372505635385
1344.292,275,1.05,0.1976711112633682
1357.0948,275,1.06,0.1930052421042311
1369.8976,275,1.07,0.18834193730700644
1382.7003,275,1.08,0.18370159761510818
1395.5031,275,1.09,0.179110167586521
1408.3059,275,1.1,0.17459934758281834
1421.1087,275,1.11,0.1702064346399934
1433.9115,275,1.12,0.16597351093663493
1446.7143,275,1.13,0.16194537365685852
1459.517,275,1.14,0.15816428203093646
1472.3198,275,1.15,0.1546688798690266
1485.1226,275,1.16,0.15148618821269422
1497.9254,275,1.17,0.1486324670994135
1510.7282,275,1.18,0.14610942907180208
1523.5309,275,1.19,0.14390731812237248
1536.3337,275,1.2,0.14200759087293172
960.2086,280,0.75,0.3210450318175395
973.0114,280,0.76,0.3173058204935621
985.8141,280,0.77,0.3135572991273342
998.6169,280,0.78,0.30979806927171066
1011.4197,280,0.79,0.3060261888467409
1024.2225,280,0.8,0.3022407446172081
1037.0253,280,0.81,0.29843936273573424
1049.828,280,0.82,0.2946206368962515
1062.6308,280,0.83,0.29078280390169814
1075.4336,280,0.84,0.2869238988186716
1088.2364,280,0.85,0.2830426103169632
1101.0392,280,0.86,0.2791365908025595
1113.8419,280,0.87,0.27520405386185015
1126.6447,280,0.88,0.271242923592932
1139.4475,280,0.89,0.2672516506103056
1152.2503,280,0.9,0.2632278623600972
1165.0531,280,0.91,0.25916965681654036
1177.8559,280,0.92,0.2550750830107358
1190.6586,280,0.93,0.2509421543961705
1203.4614,280,0.94,0.24676920797616805
1216.2642,280,0.95,0.2425542251919089
1229.067,280,0.96,0.23829602064009117
1241.8698,280,0.97,0.23399331843725676
1254.6725,280,0.98,0.22964502121063246
1267.4753,280,0.99,0.2252508941643733
1280.2781,280,1.0,0.22081118215866338
1293.0809,280,1.01,0.21632724427724662
1305.8837,280,1.02,0.2118016246561727
1318.6864,280,1.03,0.20723790074056925
1331.4892,280,1.04,0.2026421475913254
1344.292,280,1.05,0.1980226388187024
1357.0948,280,1.06,0.19339080429437674
1369.8976,280,1.07,0.18876192578737022
1382.7003,280,1.08,0.1841556105495011
1395.5031,280,1.09,0.17959694455995073
1408.3059,280,1.1,0.1751160251551573
1421.1087,280,1.11,0.17074934997499863
1433.9115,280,1.12,0.1665364686013195
1446.7143,280,1.13,0.16252134121771653
1459.517,280,1.14,0.15874544061269386
1472.3198,280,1.15,0.15524639622509975
1485.1226,280,1.16,0.1520524932621743
1497.9254,280,1.17,0.14918016640252824
1510.7282,280,1.18,0.14663332777708607
1523.5309,280,1.19,0.14440430487452646
1536.3337,280,1.2,0.14247531219685575
960.2086,285,0.75,0.32092368182862685
973.0114,285,0.76,0.3171908274109045
985.8141,285,0.77,0.31344870546598197
998.6169,285,0.78,0.30969625235930254
1011.4197,285,0.79,0.3059318730370421
1024.2225,285,0.8,0.30215351134014173
1037.0253,285,0.81,0.2983599883708258
1049.828,285,0.82,0.29454951511441974
1062.6308,285,0.83,0.2907203710959133
1075.4336,285,0.84,0.2868706888852185
1088.2364,285,0.85,0.28299902286339623
1101.0392,285,0.86,0.27910322940665144
1113.8419,285,0.87,0.27518152938963253
1126.6447,285,0.88,0.27123193342455765
1139.4475,285,0.89,0.26725283601417366
1152.2503,285,0.9,0.26324202929477913
1165.0531,285,0.91,0.25919765611763684
1177.8559,285,0.92,0.25511789682104385
1190.6586,285,0.93,0.25100066588958914
1203.4614,285,0.94,0.2468445302746392
1216.2642,285,0.95,0.24264762683559482
1229.067,285,0.96,0.2384085758178633
1241.8698,285,0.97,0.23412646122859582
1254.6725,285,0.98,0.22980017811364223
1267.4753,285,0.99,0.22542957012247317
1280.2781,285,1.0,0.22101498131265587
1293.0809,285,1.01,0.21655767949864546
1305.8837,285,1.02,0.21206038985981607
1318.6864,285,1.03,0.2075265425094046
1331.4892,285,1.04,0.20296215049203303
1344.292,285,1.05,0.19837514747385765
1357.0948,285,1.06,0.1937767472194746
1369.8976,285,1.07,0.18918175546338634
1382.7003,285,1.08,0.18460877846003862
1395.5031,285,1.09,0.18008233933644616
1408.3059,285,1.1,0.1756309002504966
1421.1087,285,1.11,0.1712898077073514
1433.9115,285,1.12,0.16709735685804222
1446.7143,285,1.13,0.16309564197069282
1459.517,285,1.14,0.15932544451887173
1472.3198,285,1.15,0.15582374662430132
1485.1226,285,1.16,0.15261910586014804
1497.9254,285,1.17,0.149729533269886
1510.7282,285,1.18,0.14715996970761988
1523.5309,285,1.19,0.14490438452168622
1536.3337,285,1.2,0.14294710277477207
960.2086,290,0.75,0.3208050358630408
973.0114,290,0.76,0.317078178109565
985.8141,290,0.77,0.3133429683072242
998.6169,290,0.78,0.30959739060528646
1011.4197,290,0.79,0.3058401499428949
1024.2225,290,0.8,0.3020694085937427
1037.0253,290,0.81,0.29828382321208297
1049.828,290,0.82,0.2944816849565476
1062.6308,290,0.83,0.29066131125563943
1075.4336,290,0.84,0.28682091080415495
1088.2364,290,0.85,0.282958961338912
1101.0392,290,0.86,0.2790734687521299
1113.8419,290,0.87,0.27516267338330586
1126.6447,290,0.88,0.2712246623157193
1139.4475,290,0.89,0.2672578028354209
1152.2503,290,0.9,0.2632600226147431
1165.0531,290,0.91,0.25922951301957536
1177.8559,290,0.92,0.25516461407697083
1190.6586,290,0.93,0.25106304651779954
1203.4614,290,0.94,0.24692370233955804
1216.2642,290,0.95,0.24274478000281194
1229.067,290,0.96,0.23852486714067114
1241.8698,290,0.97,0.23426321478298465
1254.6725,290,0.98,0.22995879253088392
1267.4753,290,0.99,0.22561150461695956
1280.2781,290,1.0,0.22122179128364083
1293.0809,290,1.01,0.21679081613787235
1305.8837,290,1.02,0.21232149096197683
1318.6864,290,1.03,0.20781709164114587
1331.4892,290,1.04,0.2032835847897033
1344.292,290,1.05,0.1987285321781828
1357.0948,290,1.06,0.19416298075673705
1369.8976,290,1.07,0.18960125257865212
1382.7003,290,1.08,0.18506104321240055
1395.5031,290,1.09,0.18056576809204888
1408.3059,290,1.1,0.17614393238909545
1421.1087,290,1.11,0.17182823381864548
1433.9115,290,1.12,0.16765615221590044
1446.7143,290,1.13,0.16366817797484878
1459.517,290,1.14,0.15990421943224273
1472.3198,290,1.15,0.15640069983098456
1485.1226,290,1.16,0.15318652257524182
1497.9254,290,1.17,0.15028034723655917
1510.7282,290,1.18,0.14768882210260523
1523.5309,290,1.19,0.14540740635692745
1536.3337,290,1.2,0.143422118832441
960.2086,295,0.75,0.3206891068296551
973.0114,295,0.76,0.3169687300625999
985.8141,295,0.77,0.3132401017108636
998.6169,295,0.78,0.3095014718792019
1011.4197,295,0.79,0.30575149548156
1024.2225,295,0.8,0.3019884276782581
1037.0253,295,0.81,0.2982108561963802
1049.828,295,0.82,0.29441713062858116
1062.6308,295,0.83,0.29060571755978526
1075.4336,295,0.84,0.2867745447993663
1088.2364,295,0.85,0.282922394193959
1101.0392,295,0.86,0.2790472702420998
1113.8419,295,0.87,0.2751475625546096
1126.6447,295,0.88,0.2712210610378335
1139.4475,295,0.89,0.2672665024933255
1152.2503,295,0.9,0.26328177562115984
1165.0531,295,0.91,0.25926515320227794
1177.8559,295,0.92,0.25521510435652417
1190.6586,295,0.93,0.2511292071485592
1203.4614,295,0.94,0.24700662657015093
1216.2642,295,0.95,0.24284559189999474
1229.067,295,0.96,0.23864478376900033
1241.8698,295,0.97,0.23440346066561535
1254.6725,295,0.98,0.23012074082319037
1267.4753,295,0.99,0.22579657022045446
1280.2781,295,1.0,0.221431457590181
1293.0809,295,1.01,0.21702652524718816
1305.8837,295,1.02,0.212584846991467
1318.6864,295,1.03,0.20810942768847693
1331.4892,295,1.04,0.20360631991259534
1344.292,295,1.05,0.19908269321330077
1357.0948,295,1.06,0.1945494197260911
1369.8976,295,1.07,0.19001985172079233
1382.7003,295,1.08,0.18551235063566043
1395.5031,295,1.09,0.18104819869871036
1408.3059,295,1.1,0.17665508502774924
1421.1087,295,1.11,0.17236457117660123
1433.9115,295,1.12,0.16821281721308506
1446.7143,295,1.13,0.16423886491672265
1459.517,295,1.14,0.1604816686173499
1472.3198,295,1.15,0.1569770939989269
1485.1226,295,1.16,0.15375421342176765
1497.9254,295,1.17,0.15083241732699817
1510.7282,295,1.18,0.1482197525438234
1523.5309,295,1.19,0.14591321800948034
1536.3337,295,1.2,0.1439004391695881
960.2086,300,0.75,0.32057590408514364
973.0114,300,0.76,0.31686203762550763
985.8141,300,0.77,0.313140111893021
998.6169,300,0.78,0.3094083257713906
1011.4197,300,0.79,0.3056658915067053
1024.2225,300,0.8,0.3019105575302851
1037.0253,300,0.81,0.29814107297340864
1049.828,300,0.82,0.2943558330554146
1062.6308,300,0.83,0.2905534606537506
1075.4336,300,0.84,0.2867315658226558
1088.2364,300,0.85,0.28288928672151403
1101.0392,300,0.86,0.2790245926298384
1113.8419,300,0.87,0.2751360018222123
1126.6447,300,0.88,0.27122107749907554
1139.4475,300,0.89,0.2672788508443356
1152.2503,300,0.9,0.2633072202232476
1165.0531,300,0.91,0.25930450135662897
1177.8559,300,0.92,0.2552687887140609
1190.6586,300,0.93,0.2511990584479746
1203.4614,300,0.94,0.24709320585879024
1216.2642,300,0.95,0.24294996922319229
1229.067,300,0.96,0.23876821619177144
1241.8698,300,0.97,0.23454708279262096
1254.6725,300,0.98,0.23028590233745158
1267.4753,300,0.99,0.2259846431043562
1280.2781,300,1.0,0.22164386169382252
1293.0809,300,1.01,0.2172646825161124
1305.8837,300,1.02,0.21285036832725282
1318.6864,300,1.03,0.2084034353987137
1331.4892,300,1.04,0.20393025028734885
1344.292,300,1.05,0.1994375359152678
1357.0948,300,1.06,0.19493598361898026
1369.8976,300,1.07,0.1904384908144773
1382.7003,300,1.08,0.1859626502876172
1395.5031,300,1.09,0.18152909951952179
1408.3059,300,1.1,0.1771643252455631
1421.1087,300,1.11,0.17289877398615053
1433.9115,300,1.12,0.1687673102002858
1446.7143,300,1.13,0.16480762721406197
1459.517,300,1.14,0.16105767631498952
1472.3198,300,1.15,0.15755278822701874
1485.1226,300,1.16,0.1543220561750229
1497.9254,300,1.17,0.15138556137755727
1510.7282,300,1.18,0.14875244200631346
1523.5309,300,1.19,0.1464216659618691
1536.3337,300,1.2,0.14438193543528172
960.2086,305,0.75,0.32046564520381937
973.0114,305,0.76,0.3167581276087604
985.8141,305,0.77,0.31304299968974186
998.6169,305,0.78,0.30931871305214775
1011.4197,305,0.79,0.30558332203212285
1024.2225,305,0.8,0.3018357844916416
1037.0253,305,0.81,0.2980744561176859
1049.828,305,0.82,0.2942977701576828
1062.6308,305,0.83,0.2905039653970358
1075.4336,305,0.84,0.28669194459148445
1088.2364,305,0.85,0.2828596014720371
1101.0392,305,0.86,0.27900539233135113
1113.8419,305,0.87,0.2751274425001029
1126.6447,305,0.88,0.2712246572539805
1139.4475,305,0.89,0.2672947996471736
1152.2503,305,0.9,0.2633362872189858
1165.0531,305,0.91,0.2593474814545556
1177.8559,305,0.92,0.25532658722014356
1190.6586,305,0.93,0.25127251114620264
1203.4614,305,0.94,0.247183343799025
1216.2642,305,0.95,0.24305781850978223
1229.067,305,0.96,0.23889505641828315
1241.8698,305,0.97,0.23469396751605395
1254.6725,305,0.98,0.23045415944181294
1267.4753,305,0.99,0.22617560302077203
1280.2781,305,1.0,0.22185889838747547
1293.0809,305,1.01,0.2175056681453815
1305.8837,305,1.02,0.21311734009924152
1318.6864,305,1.03,0.20869900449786383
1331.4892,305,1.04,0.20425527521505923
1344.292,305,1.05,0.19979297041157432
1357.0948,305,1.06,0.19532259634169122
1369.8976,305,1.07,0.19085661106848784
1382.7003,305,1.08,0.18641189522938303
1395.5031,305,1.09,0.182008440062346
1408.3059,305,1.1,0.1776716234639339
1421.1087,305,1.11,0.17343080445697875
1433.9115,305,1.12,0.16931958994071816
1446.7143,305,1.13,0.16537439612967522
1459.517,305,1.14,0.16163236756275257
1472.3198,305,1.15,0.15812765164653475
1485.1226,305,1.16,0.154889830473897
1497.9254,305,1.17,0.15193961277865878
1510.7282,305,1.18,0.14928733550642628
1523.5309,305,1.19,0.14693241542113886
1536.3337,305,1.2,0.14486647665678157
960.2086,310,0.75,0.32035755292865625
973.0114,310,0.76,0.3166570114133424
985.8141,310,0.77,0.3129487619555021
998.6169,310,0.78,0.309231592741733
1011.4197,310,0.79,0.30550377115400473
1024.2225,310,0.8,0.3017640922863177
1037.0253,310,0.81,0.2980109853893934
1049.828,310,0.82,0.2942429171149418
1062.6308,310,0.83,0.2904582143656063
1075.4336,310,0.84,0.28665564836695673
1088.2364,310,0.85,0.2828332986066792
1101.0392,310,0.86,0.27898962371165514
1113.8419,310,0.87,0.2751228394063833
1126.6447,310,0.88,0.2712317439304331
1139.4475,310,0.89,0.2673142851270807
1152.2503,310,0.9,0.26336890655062173
1165.0531,310,0.91,0.2593940169925933
1177.8559,310,0.92,0.25538791932125654
1190.6586,310,0.93,0.25134947626919485
1203.4614,310,0.94,0.24727694486630553
1216.2642,310,0.95,0.24316904627155786
1229.067,310,0.96,0.23902519813753095
1241.8698,310,0.97,0.2348440036884352
1254.6725,310,0.98,0.2306253975438146
1267.4753,310,0.99,0.2263693332714701
1280.2781,310,1.0,0.22207645052203373
1293.0809,310,1.01,0.21774836671759715
1305.8837,310,1.02,0.21338665188042985
1318.6864,310,1.03,0.20899602948131007
1331.4892,310,1.04,0.20458079864958328
1344.292,310,1.05,0.20014891137231042
1357.0948,310,1.06,0.1957091931635886
1369.8976,310,1.07,0.1912741568929536
1382.7003,310,1.08,0.18686004181088353
1395.5031,310,1.09,0.18248619138581673
1408.3059,310,1.1,0.17817695319419655
1421.1087,310,1.11,0.17396063071271353
1433.9115,310,1.12,0.16986961765322967
1446.7143,310,1.13,0.1659391089285539
1459.517,310,1.14,0.1622051341085127
1472.3198,310,1.15,0.15870136087432007
1485.1226,310,1.16,0.1554577151521681
1497.9254,310,1.17,0.1524944048954967
1510.7282,310,1.18,0.1498234428046008
1523.5309,310,1.19,0.14744581129726844
1536.3337,310,1.2,0.1453539296650423
960.2086,315,0.75,0.3202526247165359
973.0114,315,0.76,0.3165586913519128
985.8141,315,0.77,0.3128573759435702
998.6169,315,0.78,0.30914743452467974
1011.4197,315,0.79,0.30542722194983263
1024.2225,315,0.8,0.3016954621072232
1037.0253,315,0.81,0.29795063793847193
1049.828,315,0.82,0.29419124661480356
1062.6308,315,0.83,0.29041568400494094
1075.4336,315,0.84,0.2866226415492808
1088.2364,315,0.85,0.28281033620442314
1101.0392,315,0.86,0.27897723934773083
1113.8419,315,0.87,0.27512164420945573
1126.6447,315,0.88,0.2712422795918916
1139.4475,315,0.89,0.2673372425710444
1152.2503,315,0.9,0.263405007536594
1165.0531,315,0.91,0.25944403121100035
1177.8559,315,0.92,0.2554527041491506
1190.6586,315,0.93,0.25142986534041667
1203.4614,315,0.94,0.24737391457420319
1216.2642,315,0.95,0.24328355930477016
1229.067,315,0.96,0.23915853684907365
1241.8698,315,0.97,0.23499708270943348
1254.6725,315,0.98,0.23079950509386404
1267.4753,315,0.99,0.22656572066597913
1280.2781,315,1.0,0.22229640486745092
1293.0809,315,1.01,0.21799316706589467
1305.8837,315,1.02,0.21365769762834103
1318.6864,315,1.03,0.2092944094114042
1331.4892,315,1.04,0.20490772898448398
1344.292,315,1.05,0.20050527777477933
1357.0948,315,1.06,0.19609569028196847
1369.8976,315,1.07,0.1916910757966106
1382.7003,315,1.08,0.18730704946800814
1395.5031,315,1.09,0.18296232633414314
1408.3059,315,1.1,0.1786802908081051
1421.1087,315,1.11,0.17448822587109877
1433.9115,315,1.12,0.17041735782344988
1446.7143,315,1.13,0.166501898835158
1459.517,315,1.14,0.16277627409200757
1472.3198,315,1.15,0.1592743267754526
1485.1226,315,1.16,0.1560250642475103
1497.9254,315,1.17,0.15304960555176794
1510.7282,315,1.18,0.15036102496062173
1523.5309,315,1.19,0.14796128268587266
1536.3337,315,1.2,0.14584415950615004
960.2086,320,0.75,0.32015039202545087
973.0114,320,0.76,0.3164631639369331
985.8141,320,0.77,0.31276867291111654
998.6169,320,0.78,0.3090662134552391
1011.4197,320,0.79,0.30535365593484387
1024.2225,320,0.8,0.3016298727584613
1037.0253,320,0.81,0.29789338853828
1049.828,320,0.82,0.2941428531259337
1062.6308,320,0.83,0.29037634601300694
1075.4336,320,0.84,0.2865928861444893
1088.2364,320,0.85,0.28279067053366436
1101.0392,320,0.86,0.2789681902703482
1113.8419,320,0.87,0.27512380607986836
1126.6447,320,0.88,0.27125620504805265
1139.4475,320,0.89,0.26736360654251506
1152.2503,320,0.9,0.263444519081557
1165.0531,320,0.91,0.259497447290381
1177.8559,320,0.92,0.255520860787051
1190.6586,320,0.93,0.2515135905559722
1203.4614,320,0.94,0.2474743907741226
1216.2642,320,0.95,0.24340126496358033
1229.067,320,0.96,0.2392944699690605
1241.8698,320,0.97,0.23515309855696434
1254.6725,320,0.98,0.2309763735761531
1267.4753,320,0.99,0.22676465547069596
1280.2781,320,1.0,0.22251865202001767
1293.0809,320,1.01,0.21823996214171057
1305.8837,320,1.02,0.21393037552639182
1318.6864,320,1.03,0.20959404772215998
1331.4892,320,1.04,0.2052354788486246
1344.292,320,1.05,0.20086199268090543
1357.0948,320,1.06,0.19648203237269268
1369.8976,320,1.07,0.192107318271334
1382.7003,320,1.08,0.18775288053159886
1395.5031,320,1.09,0.1834368196549095
1408.3059,320,1.1,0.17918161532768653
1421.1087,320,1.11,0.17501356634906565
1433.9115,320,1.12,0.17096267132326257
1446.7143,320,1.13,0.16706198899223076
1459.517,320,1.14,0.16334566182026447
1472.3198,320,1.15,0.15984603368683747
1485.1226,320,1.16,0.15659205712599855
1497.9254,320,1.17,0.15360552704801242
1510.7282,320,1.18,0.15089989190370418
1523.5309,320,1.19,0.1484787461875804
1536.3337,320,1.2,0.14633702984744695
960.2086,325,0.75,0.3200508669291224
973.0114,325,0.76,0.31637042161262874
985.8141,325,0.77,0.31268339116834226
998.6169,325,0.78,0.3089879068818522
1011.4197,325,0.79,0.30528305283400864
1024.2225,325,0.8,0.30156730082295546
1037.0253,325,0.81,0.29783920980067835
1049.828,325,0.82,0.2940975715361279
1062.6308,325,0.83,0.2903401683718954
1075.4336,325,0.84,0.28656634213953147
1088.2364,325,0.85,0.28277425629527214
1101.0392,325,0.86,0.2789625429966141
1113.8419,325,0.87,0.27512927221474553
1126.6447,325,0.88,0.27127346012374076
1139.4475,325,0.89,0.26739331107792275
1152.2503,325,0.9,0.2634873698660548
1165.0531,325,0.91,0.25955423780936676
1177.8559,325,0.92,0.25559230849870723
1190.6586,325,0.93,0.251600564936125
1203.4614,325,0.94,0.2475774798377347
1216.2642,325,0.95,0.2435225713918526
1229.067,325,0.96,0.23943389691460612
1241.8698,325,0.97,0.23531194780473352
1254.6725,325,0.98,0.23115589748888615
1267.4753,325,0.99,0.2269660313505782
1280.2781,325,1.0,0.22274308630587264
1293.0809,325,1.01,0.2184886488825772
1305.8837,325,1.02,0.21420458782805166
1318.6864,325,1.03,0.20989485203109384
1331.4892,325,1.04,0.20556396491036794
1344.292,325,1.05,0.20121898302675392
1357.0948,325,1.06,0.1968681586487534
1369.8976,325,1.07,0.19252283766921321
1382.7003,325,1.08,0.18819750004805508
1395.5031,325,1.09,0.18390964803792356
1408.3059,325,1.1,0.17968090823187058
1421.1087,325,1.11,0.17553663234305059
1433.9115,325,1.12,0.17150608920638813
1446.7143,325,1.13,0.16762028824047492
1459.517,325,1.14,0.1639132063283815
1472.3198,325,1.15,0.16041642881503318
1485.1226,325,1.16,0.15715851689429475
1497.9254,325,1.17,0.15416164201742744
1510.7282,325,1.18,0.1514398771949058
1523.5309,325,1.19,0.1489980686074324
1536.3337,325,1.2,0.1468324033801171
960.2086,330,0.75,0.31995405031158614
973.0114,330,0.76,0.3162804538093902
985.8141,330,0.77,0.3126004864673033
998.6169,330,0.78,0.308912492695678
1011.4197,330,0.79,0.30521539053036606
1024.2225,330,0.8,0.30150772083719307
1037.0253,330,0.81,0.297788072379627
1049.828,330,0.82,0.29405484333199083
1062.6308,330,0.83,0.2903071161227678
1075.4336,330,0.84,0.2865429678112842
1088.2364,330,0.85,0.2827610468420747
1101.0392,330,0.86,0.2789601055180805
1113.8419,330,0.87,0.27513798826444896
1126.6447,330,0.88,0.2712939935307971
1139.4475,330,0.89,0.2674262898658992
1152.2503,330,0.9,0.26353348851742014
1165.0531,330,0.91,0.25961432114586924
1177.8559,330,0.92,0.25566696692539703
1190.6586,330,0.93,0.25169070245586433
1203.4614,330,0.94,0.2476840851924689
1216.2642,330,0.95,0.24364638771875954
1229.067,330,0.96,0.23957620306939506
1241.8698,330,0.97,0.2354735296280259
1254.6725,330,0.98,0.23133797431544084
1267.4753,330,0.99,0.22716974530486314
1280.2781,330,1.0,0.22296960568185764
1293.0809,330,1.01,0.21873912808068385
1305.8837,330,1.02,0.214480240704343
1318.6864,330,1.03,0.2101967339582451
1331.4892,330,1.04,0.20589310769026947
1344.292,330,1.05,0.20157617942354736
1357.0948,330,1.06,0.1972540116677673
1369.8976,330,1.07,0.192937590076109
1382.7003,330,1.08,0.1886408756111605
1395.5031,330,1.09,0.18438079010175656
1408.3059,330,1.1,0.18017815327806425
1421.1087,330,1.11,0.17605740685468824
1433.9115,330,1.12,0.17204669470247289
1446.7143,330,1.13,0.16817629261976536
1459.517,330,1.14,0.1644788335110798
1472.3198,330,1.15,0.16098543458787137
1485.1226,330,1.16,0.15772430908371501
1497.9254,330,1.17,0.15471786716282215
1510.7282,330,1.18,0.15198081694354032
1523.5309,330,1.19,0.14951890768195114
1536.3337,330,1.2,0.14733028675606255
960.2086,335,0.75,0.3198599362713169
973.0114,335,0.76,0.3161932432181432
985.8141,335,0.77,0.3125204240235248
998.6169,335,0.78,0.3088399483638869
1011.4197,335,0.79,0.30515064510991596
1024.2225,335,0.8,0.3014511054762078
1037.0253,335,0.81,0.2977399451632701
1049.828,335,0.82,0.2940156437261245
1062.6308,335,0.83,0.29027715195458875
1075.4336,335,0.84,0.2865227199869483
1088.2364,335,0.85,0.2827509943782247
1101.0392,335,0.86,0.2789603267733499
1113.8419,335,0.87,0.27514989868355266
1126.6447,335,0.88,0.2713177218788622
1139.4475,335,0.89,0.26746247641014675
1152.2503,335,0.9,0.2635828037633016
1165.0531,335,0.91,0.25967755915321805
1177.8559,335,0.92,0.25574475625512305
1190.6586,335,0.93,0.2517839181568213
1203.4614,335,0.94,0.24779363336551685
1216.2642,335,0.95,0.24377312422290595
1229.067,335,0.96,0.2397211773275766
1241.8698,335,0.97,0.23563774579933838
1254.6725,335,0.98,0.23152250448789166
1267.4753,335,0.99,0.22737569759797743
1280.2781,335,1.0,0.2231981116346481
1293.0809,335,1.01,0.21899130425282898
1305.8837,335,1.02,0.21475724409745253
1318.6864,335,1.03,0.210499608952312
1331.4892,335,1.04,0.20622283138206624
1344.292,335,1.05,0.20193351596953818
1357.0948,335,1.06,0.19763953714846555
1369.8976,335,1.07,0.19335153418443685
1382.7003,335,1.08,0.18908297720463482
1395.5031,335,1.09,0.18485022634643683
1408.3059,335,1.1,0.18067345067110058
1421.1087,335,1.11,0.17657587545133344
1433.9115,335,1.12,0.17258494168671273
1446.7143,335,1.13,0.1687299833158152
1459.517,335,1.14,0.16504247876013797
1472.3198,335,1.15,0.16155296819110776
1485.1226,335,1.16,0.1582893140156835
1497.9254,335,1.17,0.15527407889053566
1510.7282,335,1.18,0.15252256719574014
1523.5309,335,1.19,0.15004183924972894
1536.3337,335,1.2,0.1478300043488865
960.2086,340,0.75,0.3197685144896561
973.0114,340,0.76,0.31610859295488025
985.8141,340,0.77,0.3124431741450329
998.6169,340,0.78,0.3087702504248175
1011.4197,340,0.79,0.30508879095745023
1024.2225,340,0.8,0.30139742571560746
1037.0253,340,0.81,0.2976947954545924
1049.828,340,0.82,0.29397944347483335
1062.6308,340,0.83,0.29025023665817934
1075.4336,340,0.84,0.28650555426786534
1088.2364,340,0.85,0.282744050140951
1101.0392,340,0.86,0.278964159099848
1113.8419,340,0.87,0.27516494702261735
1126.6447,340,0.88,0.2713445963371281
1139.4475,340,0.89,0.2675018041769919
1152.2503,340,0.9,0.2636352445692237
1165.0531,340,0.91,0.2597433796468902
1177.8559,340,0.92,0.25582559736762556
1190.6586,340,0.93,0.25188012824261835
1203.4614,340,0.94,0.2479060505254566
1216.2642,340,0.95,0.24390269246909346
1229.067,340,0.96,0.23986884224537272
1241.8698,340,0.97,0.2358045006752852
1254.6725,340,0.98,0.2317093222747552
1267.4753,340,0.99,0.2275837916867102
1280.2781,340,1.0,0.22342850907894884
1293.0809,340,1.01,0.21924508551227553
1305.8837,340,1.02,0.21503551161536494
1318.6864,340,1.03,0.21080339612381324
1331.4892,340,1.04,0.20655306368178175
1344.292,340,1.05,0.2022909300721561
1357.0948,340,1.06,0.1980246837982527
1369.8976,340,1.07,0.19376463116720435
1382.7003,340,1.08,0.18952377705479354
1395.5031,340,1.09,0.18531793908505131
1408.3059,340,1.1,0.18116666422120878
1421.1087,340,1.11,0.1770920260457271
1433.9115,340,1.12,0.17312079642751205
1446.7143,340,1.13,0.16928133564213518
1459.517,340,1.14,0.16560408398379695
1472.3198,340,1.15,0.16211877303486957
1485.1226,340,1.16,0.15885341992508842
1497.9254,340,1.17,0.15582994572686573
1510.7282,340,1.18,0.15306497963893279
1523.5309,340,1.19,0.15056579550054158
1536.3337,340,1.2,0.14833214019135274
960.2086,345,0.75,0.31967977152191496
973.0114,345,0.76,0.31602724289377526
985.8141,345,0.77,0.31236870961699315
998.6169,345,0.78,0.30870337425273175
1011.4197,345,0.79,0.30502980087778964
1024.2225,345,0.8,0.30134665100016794
1037.0253,345,0.81,0.29765271549482
1049.828,345,0.82,0.29394620990367887
1062.6308,345,0.83,0.29022632948275684
1075.4336,345,0.84,0.28649142522508075
1088.2364,345,0.85,0.28274016456667095
1101.0392,345,0.86,0.27897105291850044
1113.8419,345,0.87,0.27518307617320437
1126.6447,345,0.88,0.27137455467693
1139.4475,345,0.89,0.26754420672865736
1152.2503,345,0.9,0.26369074026145917
1165.0531,345,0.91,0.25981271050727095
1177.8559,345,0.92,0.2559094119583311
1190.6586,345,0.93,0.25197925015945066
1203.4614,345,0.94,0.24802126299537453
1216.2642,345,0.95,0.24403500542126572
1229.067,345,0.96,0.2400191063873936
1241.8698,345,0.97,0.23597370117601435
1254.6725,345,0.98,0.23189837795568624
1267.4753,345,0.99,0.22779393414454982
1280.2781,345,1.0,0.2236607062554312
1293.0809,345,1.01,0.21950038344291056
1305.8837,345,1.02,0.21531496038174652
1318.6864,345,1.03,0.21110801808514942
1331.4892,345,1.04,0.20688373562467272
1344.292,345,1.05,0.2026483622798855
1357.0948,345,1.06,0.19840940315110112
1369.8976,345,1.07,0.1941768445547393
1382.7003,345,1.08,0.1899632494927405
1395.5031,345,1.09,0.18578391236303882
1408.3059,345,1.1,0.1816572648331974
1421.1087,345,1.11,0.1776058486985709
1433.9115,345,1.12,0.17365423367009217
1446.7143,345,1.13,0.1698303236183165
1459.517,345,1.14,0.16616359635292105
1472.3198,345,1.15,0.1626834198918667
1485.1226,345,1.16,0.15941677034144985
1497.9254,345,1.17,0.15638603757657477
1510.7282,345,1.18,0.15360812521719644
1523.5309,345,1.19,0.15109107318357143
1536.3337,345,1.2,0.14883617201434407
960.2086,350,0.75,0.31959369163863344
973.0114,350,0.76,0.3159481464374986
985.8141,350,0.77,0.31229700416306033
998.6169,350,0.78,0.30863929397816503
1011.4197,350,0.79,0.3049736462244295
1024.2225,350,0.8,0.3012987494006344
1037.0253,350,0.81,0.29761352617585063
1049.828,350,0.82,0.29391590768661086
1062.6308,350,0.83,0.29020538842146787
1075.4336,350,0.84,0.286480286572394
1088.2364,350,0.85,0.28273928744294624
1101.0392,350,0.86,0.2789809571981761
1113.8419,350,0.87,0.2752042285754739
1126.6447,350,0.88,0.27140753466219875
1139.4475,350,0.89,0.26758961784323804
1152.2503,350,0.9,0.26374922063641704
1165.0531,350,0.91,0.2598849798769347
1177.8559,350,0.92,0.25599612264385974
1190.6586,350,0.93,0.25208120266354755
1203.4614,350,0.94,0.2481391971414576
1216.2642,350,0.95,0.24416997753472264
1229.067,350,0.96,0.24017188056313796
1241.8698,350,0.97,0.23614525675826026
1254.6725,350,0.98,0.2320900934043685
1267.4753,350,0.99,0.22800603458395166
1280.2781,350,1.0,0.22389461462895055
1293.0809,350,1.01,0.21975711297602835
1305.8837,350,1.02,0.21559551086343332
1318.6864,350,1.03,0.21141340079738935
1331.4892,350,1.04,0.20721478142976765
1344.292,350,1.05,0.20300575612327892
1357.0948,350,1.06,0.19879364941509106
1369.8976,350,1.07,0.194588140115002
1382.7003,350,1.08,0.19040143375597077
1395.5031,350,1.09,0.18624813187107483
1408.3059,350,1.1,0.18214625156849432
1421.1087,350,1.11,0.1781173354423717
1433.9115,350,1.12,0.17418523418001652
1446.7143,350,1.13,0.1703769222135129
1459.517,350,1.14,0.16672096769650477
1472.3198,350,1.15,0.1632459806960086
1485.1226,350,1.16,0.15997841923568057
1497.9254,350,1.17,0.15694140380876642
1510.7282,350,1.18,0.15415113618434906
1523.5309,350,1.19,0.15161750581071584
1536.3337,350,1.2,0.14934200196690098
960.2086,355,0.75,0.31951025674227285
973.0114,355,0.76,0.3158717657114893
985.8141,355,0.77,0.31222803156268897
998.6169,355,0.78,0.3085779824965093
1011.4197,355,0.79,0.3049202970374704
1024.2225,355,0.8,0.3012536877612429
1037.0253,355,0.81,0.2975766770286743
1049.828,355,0.82,0.29388849943984796
1062.6308,355,0.83,0.2901873704447719
1075.4336,355,0.84,0.2864720913210351
1088.2364,355,0.85,0.28274147850022413
1101.0392,355,0.86,0.278993819829789
1113.8419,355,0.87,0.2752283463955141
1126.6447,355,0.88,0.2714434741622575
1139.4475,355,0.89,0.26763797162237163
1152.2503,355,0.9,0.2638106160576743
1165.0531,355,0.91,0.2599601163281417
1177.8559,355,0.92,0.2560856530513925
1190.6586,355,0.93,0.2521859058769416
1203.4614,355,0.94,0.24826027951693092
1216.2642,355,0.95,0.24430752483030224
1229.067,355,0.96,0.24032707781776044
1241.8698,355,0.97,0.23631907938300123
1254.6725,355,0.98,0.2322833798874445
1267.4753,355,0.99,0.22822000557721478
1280.2781,355,1.0,0.2241301487875339
1293.0809,355,1.01,0.2200151922699934
1305.8837,355,1.02,0.21587708673753828
1318.6864,355,1.03,0.21171947342361147
1331.4892,355,1.04,0.20754613835173463
1344.292,355,1.05,0.20336305796466167
1357.0948,355,1.06,0.1991773793289788
1369.8976,355,1.07,0.19499848573819448
1382.7003,355,1.08,0.19083826241103402
1395.5031,355,1.09,0.18671058485557857
1408.3059,355,1.1,0.18263312296199227
1421.1087,355,1.11,0.17862648012351207
1433.9115,355,1.12,0.17471378318627187
1446.7143,355,1.13,0.1709211083784346
1459.517,355,1.14,0.16727626971046522
1472.3198,355,1.15,0.1638068165458192
1485.1226,355,1.16,0.16053927843875054
1497.9254,355,1.17,0.1574963102512236
1510.7282,355,1.18,0.15469476856874365
1523.5309,355,1.19,0.15214494785267088
1536.3337,355,1.2,0.1498495055449559
960.2086,360,0.75,0.319429275916709
973.0114,360,0.76,0.31579806781683306
985.8141,360,0.77,0.3121617651654365
998.6169,360,0.78,0.30851941152525836
1011.4197,360,0.79,0.30486972217211733
1024.2225,360,0.8,0.301211431838209
1037.0253,360,0.81,0.29754313949224925
1049.828,360,0.82,0.29386394617773215
1062.6308,360,0.83,0.2901722316949789
1075.4336,360,0.84,0.2864667919188637
1088.2364,360,0.85,0.28274655627563766
1101.0392,360,0.86,0.2790095879300232
1113.8419,360,0.87,0.2752553716778974
1126.6447,360,0.88,0.2714823112543487
1139.4475,360,0.89,0.2676892025875548
1152.2503,360,0.9,0.2638748575417001
1165.0531,360,0.91,0.2600380490048084
1177.8559,360,0.92,0.25617792789387206
1190.6586,360,0.93,0.2522934189125636
1203.4614,360,0.94,0.24838343706610114
1216.2642,360,0.95,0.24444706495288152
1229.067,360,0.96,0.24048461341670888
1241.8698,360,0.97,0.23649508347860046
1254.6725,360,0.98,0.23247865187981706
1267.4753,360,0.99,0.22843576257653295
1280.2781,360,1.0,0.2243672263425168
1293.0809,360,1.01,0.22027454259297954
1305.8837,360,1.02,0.2161596147641581
1318.6864,360,1.03,0.21202616818859898
1331.4892,360,1.04,0.20787774653975977
1344.292,360,1.05,0.20372021685597522
1357.0948,360,1.06,0.19956055202717538
1369.8976,360,1.07,0.19540785132598779
1382.7003,360,1.08,0.1912736830867605
1395.5031,360,1.09,0.18717126002945958
1408.3059,360,1.1,0.18311787747228025
1421.1087,360,1.11,0.1791332782595117
1433.9115,360,1.12,0.17523986947913367
1446.7143,360,1.13,0.17146286146182974
1459.517,360,1.14,0.16782891534564048
1472.3198,360,1.15,0.16436583430663568
1485.1226,360,1.16,0.16109881381316543
1497.9254,360,1.17,0.1580506130051942
1510.7282,360,1.18,0.1552384812502123
1523.5309,360,1.19,0.15267324826732334
1536.3337,360,1.2,0.15035832955613698
