date,spot_price,risk_free_rate,dividend_rate,theta,kappa,rho,eta,v0,lambda_,nu,delta,feller,iv_rmse,rmse,n_helpers,accepted,n_maturities,n_strikes,contracts_count,total_volume,spot_min,spot_max,spot_range_pct,high_move,calculation_date
2012-01-03,1280.3824,0.001578,0.020857999999999998,0.10675586225645767,0.6343534376723274,-0.867937479952975,0.5757793472727148,0.040858909769923416,0.08545947325185312,-0.3940201893974087,0.40847380172474174,-0.19607996031767877,0.010327484221271974,0.15230043921782926,370,True,11,113,370,332384,1258.86,1284.62,0.02046295854979907,False,2012-01-03 16:19:32.942
2012-01-04,1274.1283,0.001578,0.020857999999999998,0.14217656760970568,1.339936733570472,-0.9072680108601163,1.0717171831817316,0.047011264860441375,0.1344291049804178,0.12057395528012875,0.0010005237043186036,-0.7675625095405644,0.01128461581913652,0.15458286638314472,340,True,10,107,340,226712,1268.15,1278.73,0.008342861648858557,False,2012-01-04 16:14:58.707
2012-01-06,1278.3748,0.001675,0.020933999999999998,0.08382870394123089,0.9040080036998898,-0.8467504614988517,0.5864949386252296,0.032688342598928416,0.058422751477443614,-0.48996291034260064,0.4999536778240376,-0.19241267442768942,0.013428933425046289,0.21426707352298915,267,True,8,99,267,338015,1273.44,1281.76,0.006533484106043375,False,2012-01-06 16:17:59.965
2012-01-05,1274.731,0.001776,0.020865,0.11817213180476438,0.8123531072109682,-0.8818172890459927,0.6428321568684553,0.037997093809694245,0.06811791495035416,-0.34616344072388916,0.42057523665079105,-0.22123818498946146,0.01150511729371119,0.17936352805760503,333,True,8,107,333,276393,1265.31,1283.05,0.014020279615272191,False,2012-01-05 16:18:55.947
2012-01-09,1279.0535,0.001675,0.020933999999999998,0.13368266242146332,1.2582923519078681,-0.86091732568805,1.0499274023323337,0.04573703111160709,0.05147651742165462,0.08418372330059276,0.09985549914056734,-0.7659238067531049,0.007978635632265842,0.096681938443538,223,True,7,93,223,234730,1274.75,1281.95,0.005648166307119062,False,2012-01-09 16:16:15.534
2012-01-10,1293.0412,0.0015229999999999998,0.020710000000000003,0.10524248637756933,0.5265196065279449,-0.8712897801754196,0.48703059963167505,0.030793122282806666,0.08981280463879332,-0.4158374791881134,0.4115179049622516,-0.12637433994250813,0.005643888339120683,0.09063657185568975,245,True,7,100,245,302943,1280.77,1296.3,0.012125518242932065,False,2012-01-10 16:15:08.454
2012-01-11,1289.269,0.001675,0.020712,0.07671893201385417,1.4866584115623183,-0.8003113671483966,0.829154252965742,0.03954642868130185,0.050830457276475303,-0.49999997451229483,0.3739475681228227,-0.4593870840022297,0.007333289828664062,0.099591483097432,232,True,8,96,232,235676,1285.41,1293.79,0.006519320683672891,False,2012-01-11 16:17:04.080
2012-01-12,1291.4098,0.001675,0.020712,0.07539774874563283,1.187019887559291,-0.8001344382699623,0.7071384296229187,0.03884059989220399,0.0651675309576891,-0.4999999980489061,0.3498832420072401,-0.321047504173038,0.0077469680084998995,0.1129345689515447,266,True,9,97,266,288675,1285.77,1296.66,0.008469632982570863,False,2012-01-12 16:14:58.635
2012-01-13,1284.3522,0.000967,0.020777999999999998,0.0746884175190014,1.545583812091369,-0.8126381076773864,0.7774802178994817,0.04048234471296008,0.06349347337169413,-0.4999999632014825,0.3855028813692794,-0.37360107108884566,0.007813913950230579,0.09786982798355302,254,True,7,99,254,178159,1277.58,1294.82,0.013494262590209694,False,2012-01-13 16:16:13.565
2012-01-17,1297.3128,0.000967,0.020705,0.12280590825193792,1.3679734711360891,-0.9085416050714334,1.0393548089258793,0.04391280257490992,0.4095881340198852,0.031155311393465904,0.0679867860440638,-0.7442679696625037,0.00954323455643104,0.12093373782706694,281,True,8,102,281,283916,1290.97,1302.92,0.009256605498191295,False,2012-01-17 16:19:52.232
2012-01-18,1298.6547,0.001017,0.020491000000000002,0.02939702603304222,0.7849296079665876,-0.8660974672297089,0.3066985698776383,0.026584178198787743,0.22261255691732484,-0.3699067389324714,0.327949903180754,-0.0479148205259898,0.008879562193011755,0.11342409699448244,313,True,9,107,313,678202,1291.14,1308.04,0.013089207986740403,False,2012-01-18 16:14:58.089
2012-01-19,1313.1668,0.001017,0.020395,0.08206492580312111,1.2374277106229787,-0.779193980793244,0.8350253599854118,0.02982638715993855,0.0675118474599741,-0.4830241304552342,0.4999553687634183,-0.4941685253007651,0.006874244405959847,0.10156416387603437,243,True,8,91,243,359925,1308.07,1315.47,0.0056571895999451005,False,2012-01-19 16:19:09.254
2012-01-20,1311.6792,0.001017,0.020383,0.08797736741997796,0.6926280659227697,-0.7952172341130481,0.5224506819311372,0.024975677265146243,0.0966405582345423,-0.42664157523645563,0.4101303621215135,-0.15108352736815783,0.008254549552682395,0.15526673177266173,241,True,7,95,241,434863,1309.2,1315.38,0.004720439963336487,False,2012-01-20 16:16:15.514
2012-01-23,1316.1228,0.001017,0.020457999999999997,0.07237600271764706,0.8366955232973663,-0.8018290044143457,0.5534342459736858,0.02573139852377087,0.07748334201708988,-0.46835919809005466,0.499992214928428,-0.1851761096804356,0.007491815342605283,0.11667563146135795,315,True,9,103,315,335741,1309.97,1322.26,0.009381894241852873,False,2012-01-23 16:17:27.394
2012-01-24,1311.9362,0.001017,0.02048,0.09888994423944375,0.3683463225920058,-0.832356604546136,0.36494500127376345,0.02395251891656031,0.11289438928449358,-0.4318989008460534,0.38656318830132597,-0.060333359350851976,0.008824988393887038,0.19957247926402732,260,True,8,91,260,211520,1306.15,1315.96,0.007510622822799684,False,2012-01-24 16:15:28.883
2012-01-25,1316.1761,0.000967,0.020305,0.11864898067501138,0.3481551970524737,-0.8915615901552623,0.38055194874175213,0.02313863880769525,0.08503036133585494,-0.44853670318208844,0.47864379722983996,-0.062203267197177683,0.007775899350067337,0.15237848052322348,317,True,8,105,317,254963,1307.75,1328.3,0.01571401261709049,False,2012-01-25 16:18:45.401
2012-01-26,1323.2468,0.001017,0.020427,0.12164580300985979,0.33831539117848425,-0.808424940356047,0.4307092487973395,0.024918626587375106,0.06765207904841414,-0.49999999503307446,0.49647438060986676,-0.1032011621385654,0.007457590105705368,0.14673074258357885,381,True,9,113,381,391850,1313.6,1333.47,0.015126370280146295,False,2012-01-26 16:19:31.408
2012-01-27,1315.6682,0.0010680000000000002,0.020481,0.13875792224747183,0.5775249466721697,-0.8180281142262803,0.6525274401069852,0.028243806960156007,0.04164831128477719,-0.33538495949591535,0.49995148693716435,-0.2655197367999506,0.008877911005149721,0.16165420390869897,293,True,9,94,293,274444,1311.72,1319.99,0.006304699173604211,False,2012-01-27 16:19:45.886
2012-01-30,1307.1162,0.001119,0.020534,0.3343128763711639,0.09910062455847468,-0.8909863485119706,0.3869555507646568,0.028069783294973776,0.08495194974461241,-0.39492323882186203,0.4555679616854399,-0.08347336857493394,0.0065864765516100475,0.13066860600159044,327,True,8,103,327,256070,1300.54,1316.16,0.01201039568179385,False,2012-01-30 16:19:16.467
2012-01-31,1312.0988,0.001119,0.020543999999999996,0.13596040134407167,0.2810658021398186,-0.8765024448050728,0.40561462428556505,0.027468663894726353,0.0762604862171043,-0.44316809601384066,0.4999792433068288,-0.08809558490827377,0.006827326898828353,0.12573096777062132,322,True,9,103,322,210606,1306.78,1321.41,0.011195457536846476,False,2012-01-31 16:19:32.133
2012-02-01,1326.4317,0.001017,0.020402999999999998,0.11002479569591071,0.3631348092221563,-0.8780922917307694,0.3966264880265911,0.024151829559885922,0.07675113358602467,-0.43299871606860596,0.4911187761414002,-0.0774049046148251,0.007678729527584972,0.13993801050430568,371,True,11,111,371,422921,1312.45,1330.42,0.013691950169530287,False,2012-02-01 16:16:50.867
2012-02-02,1325.9511,0.0012720000000000001,0.020387,0.09539885719797045,0.5351010538391091,-0.8559089425976456,0.4571438517808377,0.02394405874795902,0.06996667979219201,-0.38911923325963593,0.49996268258969556,-0.10688444317765919,0.007231490216094744,0.1347542295748424,267,True,9,90,267,202453,1321.58,1329.19,0.005758259053557202,False,2012-02-02 16:15:15.429
2012-02-06,1341.6754,0.001527,0.020125,0.06134474201040153,1.162097975868869,-0.728199655485836,0.6890123766332007,0.025850625007775168,0.04894762735859682,-0.4261160200788998,0.4999520875605427,-0.3321608541127604,0.00964726972242498,0.11230900006593728,207,True,9,81,207,170856,1337.52,1344.33,0.005091512650278185,False,2012-02-06 16:18:29
2012-02-03,1342.2899,0.001527,0.020125,0.20871691639731876,0.15044156777736267,-0.8839256837822729,0.3219924250980391,0.020372446515088717,0.0838097037353794,-0.35301335663877786,0.42450566442720783,-0.040879721571577585,0.00880926109084273,0.16796804192566125,345,True,10,99,345,638115,1326.21,1345.34,0.014424563229051168,False,2012-02-03 16:18:17.181
2012-02-07,1343.7008,0.00198,0.020097999999999998,0.15774566684758887,0.7553324679151935,-0.997245440955426,1.0665673612183506,0.019863985431389126,4.999681284513634,0.011484943239469813,0.03420884717249669,-0.8992650883304412,0.007168399265883853,0.09896111253894155,306,True,10,102,306,226987,1336.07,1349.24,0.00985726795751729,False,2012-02-07 16:16:46.406
2012-02-08,1347.3485,0.001573,0.020081,0.1646765812433431,0.7719552638083963,-0.9907313700077085,1.198040141111613,0.020744115959504643,3.876547607916667,0.02463611110279658,0.03178608189127602,-1.1810542722811943,0.008464826418524321,0.11394433060390692,298,True,10,109,298,208666,1342.2,1351.0,0.006556399940396362,False,2012-02-08 16:18:31.520
2012-02-10,1340.6152,0.0015229999999999998,0.0202,0.2358601104752173,0.5018456472158738,-0.9318011666051668,1.2574018361583423,0.033513231219761706,3.0529225992137823,-0.0013461685829527221,0.049237971928384444,-1.344328637986685,0.009230097142369493,0.1282298209379295,272,True,10,95,272,358125,1337.38,1351.21,0.01034111471683441,False,2012-02-10 16:18:23.063
2012-02-09,1350.3661,0.001573,0.020081,0.043702145520203094,1.0559577994120153,-0.7690652045386778,0.437083548086601,0.025433260211188732,0.10138771289562314,-0.3874047495000553,0.3256108371139131,-0.0987467851817774,0.009320041385990603,0.13151636228219027,285,True,9,98,285,295120,1344.87,1354.28,0.006996958813863197,False,2012-02-09 16:17:40.043
2012-02-13,1350.1142,0.0016289999999999998,0.020104999999999998,0.05062559842083541,0.7108324501267426,-0.8505217573013416,0.384470598816316,0.024269718116250862,0.1326302819468032,-0.39286431305694997,0.37521939507422375,-0.07584500502494664,0.006976942888499505,0.1044531071074858,248,True,8,88,248,363424,1343.06,1353.32,0.007639271514303214,False,2012-02-13 16:19:27.111
2012-02-14,1346.5697,0.0016289999999999998,0.020155,0.08887470583694607,2.7163342029192394,-0.8483122233590424,1.4299747449674176,0.03650543912461378,0.1372593130892546,0.10309852941786125,0.0010000042153600322,-1.5620009647660655,0.00979285898319437,0.11898361435360513,289,True,9,98,289,338628,1340.87,1351.3,0.007778531848725123,False,2012-02-14 16:18:24.797
2012-02-16,1352.2582,0.001527,0.020093999999999997,0.047211551232447045,2.038153008785701,-0.768940865320828,0.7552035013083155,0.02624591027347665,0.1273782201983696,-0.4216101344766512,0.3677127267759762,-0.3778835980006345,0.009196782928770268,0.13325841960574578,325,True,8,101,325,375577,1341.22,1359.02,0.013271499082924576,False,2012-02-16 16:19:29.302
2012-02-17,1360.1999,0.001527,0.02005,0.06783606572121656,0.8789220726700769,-0.8236009273292394,0.48409738042586165,0.021163959008456378,0.09373919767667864,-0.47045898808880177,0.4571162121656055,-0.11510504276423097,0.007462858939801938,0.14310360257613047,269,True,9,95,269,368175,1357.31,1363.21,0.00434683307424244,False,2012-02-17 16:18:51.296
2012-02-21,1363.8662,0.001527,0.020038999999999998,0.08724204654746666,0.5066408465207433,-0.8498805026488764,0.4747135532321246,0.02106608217563561,0.23966461370022948,-0.19949052534015946,0.2461040326670082,-0.136952188992248,0.01142529253871286,0.14005856805976286,324,True,9,101,324,488773,1358.11,1367.76,0.007105462738658863,False,2012-02-21 16:19:07.673
2012-02-22,1358.9989,0.001527,0.020111,0.11994386389839833,0.5503141767657805,-0.8620180525189665,0.5365893870470972,0.023192616946370335,0.11984879651831049,-0.28509004504186664,0.3136205793183344,-0.15591455285287173,0.011540059834747464,0.18659864399367193,286,True,7,98,286,424899,1355.61,1362.63,0.005178480536437657,False,2012-02-22 16:18:34.784
2012-02-24,1366.6058,0.001578,0.020028,0.07039050635962227,0.9243905750501393,-0.8268925700792465,0.4764274749079419,0.019741799894799756,0.06394404105340519,-0.4999997597310067,0.4048411086369981,-0.09684649754347419,0.013467292321445286,0.2321467641335985,283,True,8,90,283,362019,1363.46,1368.88,0.003975180790048993,False,2012-02-24 16:16:55.072
2012-02-23,1360.3123,0.001527,0.020053,0.07684634896618045,0.8321383914040918,-0.8499145593344674,0.5239381230117489,0.021373891788861767,0.12497890153347575,-0.279275108588298,0.3000410575360768,-0.14661756231708475,0.01372564003615048,0.19250247203855558,346,True,10,101,346,363543,1352.28,1364.18,0.008799952672523537,False,2012-02-23 16:19:14.350
2012-02-27,1366.12,0.001578,0.020021,0.09188961114081297,0.6923575840304127,-0.8446306328185053,0.5677963406623778,0.02195956565000193,0.14632004482973499,-0.2378134610664503,0.2671399264990693,-0.1951517461356923,0.013294767660416483,0.20760753589470052,380,True,11,102,380,290335,1354.99,1371.94,0.012509317411936616,False,2012-02-27 16:19:08.911
2012-02-28,1370.7968,0.001578,0.019975,0.07150243879106936,0.8594151247397847,-0.8653383464882152,0.5098228041399266,0.023122608304830355,0.11858632338139927,-0.2849060324147201,0.29422329135855574,-0.1370187369154466,0.01470866664178714,0.21798442000377596,301,True,9,100,301,287623,1366.08,1373.09,0.0051314710705083755,False,2012-02-28 16:15:59.544
2012-03-01,1372.6427,0.001017,0.019892,0.28207810181693177,0.18767441431258575,-0.8987626110892736,0.5149222363701935,0.020409820658954747,0.19254810632928038,-0.1721562516707822,0.2244547900701899,-0.15926722441068425,0.01301233417245928,0.19973574041021527,304,True,9,96,304,297245,1365.9,1376.15,0.0075042096786002155,False,2012-03-01 16:18:14.458
2012-02-29,1370.7188,0.001578,0.020087,0.07623173468848794,0.7875795754138698,-0.8586183274837161,0.5160532548795957,0.022833184014103565,0.1302190857780417,-0.2651776744452041,0.28071701851283115,-0.1462338473937808,0.013942615937147686,0.2170629392703128,412,True,10,112,412,332615,1363.81,1378.04,0.010434004736730174,False,2012-02-29 16:19:40.211
2012-03-05,1363.2899,0.001777,0.020038999999999998,0.07636727707065688,0.9755606468709984,-0.8574034084363408,0.5996546245402249,0.02312819811470707,0.1435428836740265,-0.24235858162897503,0.24946663127433755,-0.21058384829482452,0.012094082301588002,0.1691656839378484,269,True,8,94,269,174512,1359.13,1369.59,0.007696099710844395,False,2012-03-05 16:18:26.655
2012-03-02,1370.408,0.001221,0.019957,0.1766727738737455,0.2514197768622162,-0.9090225831192614,0.43560387283654106,0.019186724809393287,0.22266568824599767,-0.1665603213359544,0.21379054731945812,-0.10091267526026168,0.015426123343687741,0.21432777832886382,315,True,10,93,315,256598,1366.42,1374.52,0.005927899181803475,False,2012-03-02 16:19:15.569
2012-03-06,1344.5626,0.001777,0.020038999999999998,0.08258673896129479,0.984933891688252,-0.8618661336707759,0.6971278933111078,0.029594279208689726,0.18678603386563378,-0.2387455000599297,0.23434141899476663,-0.32330234321840357,0.011031791914754566,0.15199076796741207,350,True,11,113,350,230930,1340.03,1363.63,0.017611546010164014,False,2012-03-06 16:19:45.864
2012-03-07,1350.6763,0.00198,0.020265,0.07794024984814624,1.7142367904106455,-0.8345656659841368,0.9667506149104168,0.02995622506551484,0.10154437586851772,-0.25873072719160034,0.2663322959060823,-0.667390663942689,0.011766126323985937,0.16005504709577875,292,True,8,109,292,216655,1343.39,1354.85,0.008530657515687823,False,2012-03-07 16:15:21.496
2012-03-08,1363.1503,0.001573,0.020146999999999998,0.07804523694181109,1.765541174696228,-0.8279268292788358,0.8920944069177218,0.023422542756536983,0.04039406418407681,-0.49999986365192,0.4928343793009584,-0.5202482722345005,0.009219566743273245,0.13995333381703576,289,True,8,102,289,203499,1352.65,1368.71,0.01187299005655551,False,2012-03-08 16:19:35.864
2012-03-09,1372.4632,0.001573,0.019995,0.0805829591988383,1.3628745679254297,-0.8422572557910275,0.7792198529498823,0.02136157520531835,0.06773395219080926,-0.2950741113387355,0.3234570599758206,-0.3875346478306976,0.011545803376414797,0.17311497654494137,261,True,9,91,261,189407,1365.97,1374.75,0.0064276667862397385,False,2012-03-09 16:15:10.626
2012-03-12,1369.6579,0.001675,0.020005000000000002,0.06220670363501609,1.6956181680788067,-0.7943007324491822,0.8623295020769544,0.023487517730793418,0.0739764916979407,-0.29288919243396344,0.3251608331384039,-0.5326545364326335,0.013730249419613705,0.18663638380967898,248,True,9,89,248,243819,1366.72,1372.91,0.004529091547647024,False,2012-03-12 16:15:11.433
2012-03-13,1383.4884,0.001878,0.01968,0.12949958827392982,0.40505363999370914,-0.8465438855241011,0.5309552410140624,0.020067167811476046,0.15535018598725037,-0.19798860744792743,0.21884336639170193,-0.1770049087442173,0.012244930012755558,0.19882562839626805,430,True,10,119,430,442631,1371.92,1396.13,0.017646801562773318,False,2012-03-13 16:19:00.180
2012-03-15,1398.9362,0.001929,0.019656,0.20084743131753074,0.1840273001021506,-0.916598718998438,0.38123167727463764,0.020330266457792345,0.2504423903592647,-0.14673536639403392,0.18213458554841183,-0.07141477072199885,0.01430202860521576,0.22412216616219097,385,True,10,115,385,377224,1392.89,1402.63,0.0069926555578689875,False,2012-03-15 16:19:51.409
2012-03-19,1409.9642,0.00198,0.019481,0.08242344857530035,2.2619340046483187,-0.8596385634308561,1.1275942473204241,0.019491438907550576,0.10228452353523951,0.0709078244978135,0.08234119036272158,-0.898595984364406,0.008364229020543339,0.14355740646509527,369,True,12,110,369,374196,1402.47,1413.92,0.008164167504474351,False,2012-03-19 16:19:26.893
2012-03-20,1403.3356,0.00198,0.01954,0.04965610604857662,1.6924251591162873,-0.7714010453558063,0.6047240855262618,0.019304946530526685,0.05869999081739222,-0.4999999724107194,0.42163509061473625,-0.1976127332548585,0.009639960495092852,0.15327716835075103,309,True,9,103,309,298243,1397.68,1409.59,0.008521263808596968,False,2012-03-20 16:17:06.929
2012-03-21,1404.7461,0.001878,0.01958,0.06776563331603645,3.463924133268785,-0.8030501586019729,1.4476238501292733,0.0163551469460557,0.022584348892633565,0.11061804423806616,0.12845654930391992,-1.6261447861637768,0.01378585860432573,0.20628259774025828,272,True,9,100,272,539274,1400.64,1407.68,0.0050262737034498794,False,2012-03-21 16:19:14.990
2012-03-22,1392.6789,0.001827,0.019764999999999998,0.05029113480101742,1.4454537998077215,-0.789114877238511,0.5468382723408594,0.021315685268081266,0.050939902278124526,-0.49999998668545464,0.4346697727030891,-0.15364507230718993,0.009655166227206276,0.15409354342409548,302,True,11,99,302,337154,1388.83,1402.89,0.010123629241880039,False,2012-03-22 16:18:08.628
2012-03-23,1394.4228,0.001726,0.019704,0.0506217960252203,1.641568131926831,-0.7941210230077629,0.5844592585664963,0.018626778308032596,0.04190529519574189,-0.49999996431099947,0.45761723266242105,-0.1753943706522946,0.0093105324300412,0.16909893254304953,295,True,9,113,295,190566,1386.94,1399.13,0.008789132911301234,False,2012-03-23 16:16:54.185
2012-03-26,1411.9232,0.001726,0.019406,0.13801418655048578,1.0931347131805833,-0.8786705289739936,1.972596735984678,0.007950468164618748,4.999754006636692,-0.010037709312752111,0.03752201708716676,-3.5894016863579723,0.008982653164807397,0.16203636696569013,343,True,10,108,343,309318,1397.11,1416.58,0.01393591055822374,False,2012-03-26 16:18:28.121
2012-03-27,1416.4239,0.0016239999999999998,0.019479,0.045887343536848396,1.0354805298936396,-0.7790832587852072,0.4257019862630495,0.01779753338895823,0.06550175152024637,-0.39413083417546535,0.3649481478214782,-0.08619127950641109,0.010238658623724523,0.17269109852003348,288,True,9,100,288,304449,1411.95,1419.12,0.005078083501540265,False,2012-03-27 16:19:44.962
2012-03-28,1406.8297,0.001675,0.019617,0.057719071521838056,0.7299109963269876,-0.8105400153525115,0.40400309570041987,0.020395044346850733,0.05817374735547334,-0.49999983156131345,0.4338660225049173,-0.07895893133237568,0.008432049531495137,0.1637641317344023,357,True,10,124,357,381107,1397.28,1413.65,0.011715618916752657,False,2012-03-28 16:18:31.403
2012-03-29,1396.2133,0.001675,0.019652,0.07574273938615071,2.1408368671359774,-0.8475686224037922,1.1068806353249132,0.024415797832704,0.10034026140736549,0.056081861345127056,0.08342355965837937,-0.9008790430657962,0.008745855413320937,0.1564853968286824,321,True,10,116,321,273890,1391.83,1405.39,0.009742569135598567,False,2012-03-29 16:17:43.631
2012-03-30,1407.9753,0.001675,0.019583,0.044957219752691624,1.4171929289773222,-0.7956755235118164,0.49797174374004954,0.018223569734695244,0.051273769220779745,-0.4999999246960362,0.42879573476340577,-0.12054974968351723,0.008255325672991183,0.14468639493461052,297,True,11,99,297,316028,1401.42,1410.89,0.006757431747798748,False,2012-03-30 16:15:17.881
2012-04-03,1413.0818,0.001675,0.019583,0.04178306083575883,1.4325428781302496,-0.7696644353632478,0.49349152321162326,0.019442375338904288,0.05649016555135658,-0.499576036711942,0.41091633240386477,-0.12382183102822958,0.008321144292079663,0.1578405890891707,340,True,11,111,340,283948,1404.62,1419.0,0.01023764434508978,False,2012-04-03 16:17:22.730
2012-04-04,1398.3913,0.001878,0.019792,0.1308501233313758,0.5116928169691635,-0.8983662924487493,0.7264929921131199,0.022145729640688807,0.4866053315865771,-0.06761814122133128,0.12307670429600322,-0.39388193117308545,0.013264463699294038,0.17065278361664107,320,True,10,104,320,312073,1394.09,1413.09,0.013628962262120847,False,2012-04-04 16:16:00.024
2012-04-05,1397.6031,0.001726,0.019818,0.08208496792281571,0.8497885417292761,-0.8600531550159238,0.6581928061457871,0.021627527873116115,0.21794213423602818,-0.12309286902991105,0.17526966994905122,-0.29370803968401776,0.011917468646128051,0.18740291470860979,269,True,9,100,269,266676,1392.96,1401.54,0.006159545141281919,False,2012-04-05 16:19:36.680
2012-04-09,1382.304,0.001573,0.020052,0.42211730945420833,0.1866752170389691,-0.896138941912777,0.9428198706434957,0.030417377840682863,1.7228523116515686,-0.004058283617000426,0.048981387718168165,-0.731311627763678,0.006841368516129978,0.11382049522021924,268,True,10,109,268,232259,1378.24,1397.45,0.013938065939168798,False,2012-04-09 16:16:51.950
2012-04-11,1371.091,0.001573,0.020405000000000003,0.0690469407056669,0.7849166052491324,-0.8362346516346079,0.5173668324004592,0.02916742300187695,0.09786463199648614,-0.36912390982094556,0.3405218952602229,-0.15927625866502448,0.008130894779293912,0.12857812629618812,246,True,9,99,246,279147,1358.98,1374.59,0.011486556093540656,False,2012-04-11 16:18:32.956
2012-04-10,1365.5753,0.001573,0.020405000000000003,0.38001818310679797,0.20468521488683702,-0.8738100137152784,0.840555870366947,0.03761678984303306,0.5313647028753444,-0.0003297440021822876,0.07111872574446233,-0.5509659642680952,0.010337479905197865,0.13055249830750648,385,True,9,130,385,394522,1357.46,1382.99,0.018807184005421806,False,2012-04-10 16:19:48.951
2012-04-12,1384.1083,0.001675,0.020005000000000002,0.056846582607884895,0.9271234246072227,-0.8555637836734107,0.45173655167416754,0.025054654707284584,0.08336283444069803,-0.45578119475836565,0.41890448426781696,-0.09865831542918857,0.0072325205672291604,0.11944738848636154,300,True,9,111,300,275685,1368.77,1388.07,0.014100250589945684,False,2012-04-12 16:19:21.762
2012-04-13,1376.815,0.0016239999999999998,0.020259999999999997,0.056358798697949596,1.0536926567640792,-0.8496438562700422,0.4857977114007574,0.026409466697859867,0.10547894895958831,-0.35201872232869114,0.331856230780884,-0.11722971173806468,0.007882977834056065,0.12855162550412647,253,True,9,97,253,167347,1369.91,1387.61,0.012920556824900675,False,2012-04-13 16:19:03.051
2012-04-16,1370.1254,0.0016239999999999998,0.02027,0.08076497627193514,1.0520347988817127,-0.8292170932884664,0.6718873560515194,0.031938784817117045,0.04990177524895324,-0.49999984941440945,0.4746088641396501,-0.281497488084038,0.005262958083803483,0.11543989891974293,261,True,7,100,261,219127,1365.38,1379.62,0.010429331028724453,False,2012-04-16 16:14:38.995
2012-04-17,1387.04,0.0016239999999999998,0.019962,0.1229996459958083,0.9670097886652324,-0.8925663035470627,0.8901582523524842,0.031231955061620284,0.21202790482608902,0.038875971850433164,0.07569221464579524,-0.5544979908706191,0.006257804919563091,0.10282170991413554,275,True,9,107,275,240730,1369.57,1392.76,0.01693232182363813,False,2012-04-17 16:15:52.314
2012-04-18,1387.5777,0.001573,0.020043000000000002,0.09993376450204419,1.5857666571284401,-0.8953274040714644,1.0070729943963497,0.03274858755367457,0.03614440276949149,0.19168794598917907,0.0010002513505964247,-0.6972527527050953,0.006813345089548628,0.12187550748120207,231,True,7,99,231,289100,1383.33,1390.78,0.005385555145916099,False,2012-04-18 16:19:19.500
2012-04-19,1380.2635,0.001573,0.020168,0.11964179738937651,1.0842171811307482,-0.8568143559037164,0.9621939866284838,0.03279515440877004,0.053950353846726105,0.08692672009860619,0.11625815426483727,-0.6663818832821629,0.0072811130704980714,0.11836086171152498,271,True,8,111,271,271492,1370.32,1390.33,0.014602428629808983,False,2012-04-19 16:16:12.247
2012-04-20,1383.9303,0.001573,0.020146,0.11802468200141353,1.1957122262716826,-0.8233237917465778,1.011676526331209,0.02774143561008615,0.035078439488409476,0.0835298616670274,0.12326462516810166,-0.7412422833877463,0.006342797661974192,0.11254574020199869,261,True,7,98,261,319344,1376.96,1387.4,0.007581919590982977,False,2012-04-20 16:17:30.753
2012-04-23,1363.399,0.001573,0.020321,0.10032738385102216,1.3811081040210533,-0.8621489463124987,0.9484926242871682,0.03721498029185376,0.057231384644396296,0.08201793636533324,0.11477751425368976,-0.6225123325434039,0.007765486541886634,0.12012042222945987,316,True,9,100,316,316719,1358.79,1378.53,0.014527631201289415,False,2012-04-23 16:16:58.883
2012-04-24,1372.3339,0.001675,0.020246,0.08829205634613348,0.8548525464108545,-0.8582723857546358,0.6091542385256697,0.028466147511045682,0.04281146971009178,-0.39486672759083213,0.4999771873763858,-0.22011550792310283,0.005763711329853633,0.10550831839997274,256,True,9,89,256,234561,1366.82,1375.51,0.006357823268609009,False,2012-04-24 16:15:17.972
2012-04-25,1388.2805,0.001675,0.019986999999999998,0.08661849279557936,1.609793790448938,-0.8400216790702933,0.9875938383850273,0.02642638497264425,0.054848160434241365,0.06747629526602145,0.11918992078922826,-0.6964657659353322,0.008724071205555224,0.15646695654025009,274,True,10,102,274,293138,1372.11,1391.29,0.013978471113831992,False,2012-04-25 16:19:58.797
2012-04-27,1401.5357,0.001675,0.019817,0.10839805159204413,0.5058574428099016,-0.8521836616969385,0.5723540669946758,0.021698615556653436,0.14917449412132808,-0.10124426389408801,0.19932067350608504,-0.21792125563749143,0.010247743808698345,0.16071581115309508,275,True,12,93,275,260465,1397.31,1406.64,0.006677115314425608,False,2012-04-27 16:18:46.261
2012-04-30,1396.9849,0.001726,0.019905,0.06866677227349799,1.0168735932803616,-0.7813681920184884,0.6872848054630823,0.025124043186789142,0.04383981032414867,-0.2960961069568716,0.4508832933686198,-0.3327095488989945,0.008284897191840229,0.1523557298852989,237,True,10,82,237,192249,1394.03,1403.26,0.006621091368191445,False,2012-04-30 16:17:03.401
2012-04-26,1395.5773,0.0016239999999999998,0.01986,0.1127780103345256,0.9784742706720285,-0.8559723142926329,0.9182072222488364,0.023970908185498345,0.1914436297065624,0.04066451356010777,0.07258730144253646,-0.6224037401700893,0.008034523094660413,0.1466344913098712,327,True,10,106,327,345179,1387.63,1402.08,0.010413438740874525,False,2012-04-26 16:17:13.220
2012-05-02,1399.3168,0.0009660000000000001,0.019793,0.1496608853506354,0.4023096645736319,-0.8687512990738825,0.688009602667426,0.023878978664249324,0.24519671420292344,-0.08079931207671391,0.16275374259149428,-0.3529371721921755,0.010134752663980362,0.1546637302791037,294,True,11,96,294,290918,1393.92,1405.5,0.008307506887052396,False,2012-05-02 16:19:47.687
2012-05-01,1408.9467,0.0009660000000000001,0.019793,0.0851227095842113,0.7362053566564766,-0.8114808106664418,0.6062434389051611,0.024801727207308957,0.02449624783856855,-0.49999989755939456,0.49650459128611285,-0.24219551767753586,0.009507657260968236,0.1937051422047573,357,True,11,102,357,279953,1396.05,1415.31,0.013796067476093299,False,2012-05-01 16:17:41.341
2012-05-03,1395.6157,0.001578,0.020057000000000002,0.07588515116132513,0.7350690839867197,-0.8348161370324867,0.5759234053884105,0.02405460349322207,0.08814714345827931,-0.22471535887611863,0.32134318759340746,-0.22012611176948535,0.008479680461489556,0.14729123217177095,292,True,9,93,292,203719,1388.75,1403.07,0.01031143114311428,False,2012-05-03 16:19:08.754
2012-05-07,1369.2045,0.001878,0.020381999999999997,0.06317884604688011,0.6776007578036707,-0.8063982028386125,0.4841332644043892,0.027815194020176563,0.06371949596213045,-0.49999999145073454,0.458554104695426,-0.1487649497857954,0.006337055931063479,0.10605547144728007,281,True,10,101,281,159482,1363.97,1373.85,0.007243561075390037,False,2012-05-07 16:17:31.471
2012-05-08,1354.1122,0.001878,0.020381999999999997,0.06403223801769792,0.5407001472513928,-0.879094324352148,0.38921422357309227,0.026959684481485547,0.10163706221636917,-0.3844764321849641,0.4287228641871563,-0.08224323078159407,0.005852747394295078,0.11074845824206897,343,True,10,111,343,252056,1347.8,1369.16,0.01584804867190992,False,2012-05-08 16:14:57.417
2012-05-09,1353.5345,0.001573,0.020638,0.10440744011065568,1.0754340574065733,-0.8814209210808325,0.836148894736585,0.039354205083311444,0.09090570029738759,0.07183650959471409,0.11309994803302854,-0.47457834028594026,0.007158446284465456,0.10165268826938148,336,True,9,107,336,205721,1343.13,1363.7,0.015314973234161977,False,2012-05-09 16:19:17.090
2012-05-10,1360.558,0.0016239999999999998,0.020596999999999997,0.053618695711238465,0.9138036811767355,-0.8147533544884609,0.4775456500463058,0.029444167229501383,0.05884580102722463,-0.4999999405429751,0.48648387856788367,-0.13005592483649886,0.005910643723014959,0.1020583958470555,284,True,10,101,284,315451,1354.58,1365.77,0.008260863145772124,False,2012-05-10 16:14:27.606
2012-05-11,1358.1765,0.001726,0.020621999999999998,0.12219074985805589,0.4619724852440443,-0.8028344289320265,0.6240245858557868,0.03089667708220644,0.07549447876243631,-0.2616431899268056,0.3264036630998679,-0.27650915498096734,0.00608535457551508,0.10318192937748538,271,True,8,91,271,163016,1349.02,1365.64,0.012320054558123683,False,2012-05-11 16:15:20.592
2012-05-14,1340.7628,0.001777,0.020866,0.09886796782335112,1.2787192134389331,-0.8798290997781849,0.9120734818357281,0.04572270591780907,0.09213189665462604,0.06667118643770423,0.10542213138956193,-0.5790292961691856,0.007613212464817572,0.1169540394500326,376,True,10,114,376,348408,1336.63,1351.93,0.011446698039098369,False,2012-05-14 16:19:35.757
2012-05-15,1337.9286,0.001777,0.021016,0.07002350779750409,0.9688922928908904,-0.8425685812901595,0.6250009490185827,0.038162117968117575,0.09249220931906178,-0.31484291565415945,0.3614037794438875,-0.25493571222175526,0.00742743027779018,0.11628406993004942,391,True,10,118,391,363937,1328.41,1344.93,0.012435919633245751,False,2012-05-15 16:17:56.049
2012-05-16,1333.0062,0.001827,0.021145,0.08422297703710478,0.7431147975188441,-0.8103060082809636,0.6392383947467982,0.03939782062821413,0.09707003052605176,-0.34253343986120227,0.322052155248083,-0.2834510442637387,0.007403983514695018,0.11368713850832585,392,True,10,110,392,603932,1324.8,1341.75,0.012794384057970953,False,2012-05-16 16:19:20.697
2012-05-17,1315.9622,0.001878,0.021494,0.062242121948799745,1.027402411405858,-0.8486528694375743,0.6146799140706365,0.03923551658961051,0.16416277986247252,-0.31352686032650684,0.3271474458211522,-0.24993598439945636,0.007038190994861298,0.11112749088941126,452,True,10,123,452,524983,1304.86,1326.36,0.016476863418297683,False,2012-05-17 16:19:10.292
2012-05-18,1303.4259,0.001878,0.021661,0.10531449888823512,0.7226937673782402,-0.8374339118790882,0.7731142801649505,0.04513708441348314,0.16613010348787474,-0.2724374707195398,0.2966884116509001,-0.4454854262727894,0.007672025623544879,0.11681203349124622,481,True,10,127,481,551179,1291.98,1312.18,0.015634916949178734,False,2012-05-18 16:16:25.202
2012-05-21,1307.9247,0.001878,0.021326,0.11136348142007652,0.7891443649872462,-0.8327630024459437,0.7710159467191365,0.04246437137744074,0.10112727437592785,-0.3314857669833867,0.34709553493025996,-0.41870186243917584,0.00894540104976979,0.15744844492714682,436,True,11,115,436,407099,1295.73,1315.95,0.01560510291495909,False,2012-05-21 16:18:44.199
2012-05-22,1321.9578,0.001878,0.021317,0.09257068621260095,1.1377549996447889,-0.8256345007566623,0.7718051863845743,0.037089383869225556,0.052901221475979844,-0.4604847325553531,0.4999795901765216,-0.3850377236122561,0.010020318328505948,0.16230219377462288,387,True,9,113,387,376387,1310.09,1328.43,0.013999038234014494,False,2012-05-22 16:18:24.466
2012-05-23,1304.8663,0.001878,0.021284,0.08796257002963902,1.1761722334287976,-0.9469634643672278,0.6124035733659892,0.04281617321167677,0.06823926517323971,-0.49999994034588535,0.48301024955761357,-0.1681198717716374,0.01113468224977885,0.21286054285371614,442,True,11,119,442,343314,1296.53,1320.62,0.01858036451142664,False,2012-05-23 16:19:35.389
2012-05-25,1320.4847,0.001878,0.021364,0.12310276964833664,1.1434316414662693,-0.8535658588141031,0.8936235128657121,0.03799985515534392,0.0856029070546375,-0.24379741432307295,0.3182918344778322,-0.5170437788103722,0.009327640998372841,0.14274312285292665,337,True,9,108,337,247078,1314.26,1324.12,0.007502320697578835,False,2012-05-25 16:18:47.890
2012-05-24,1317.8517,0.001878,0.021291,0.08925637753144064,1.0085931814045916,-0.833593746944116,0.7368167986930853,0.04076820646363223,0.0843406372432574,-0.37536804954560393,0.3875872799814899,-0.3628522472861565,0.009569289750218084,0.13496276739090476,381,True,10,113,381,371908,1310.5,1324.13,0.010400610454025294,False,2012-05-24 16:19:41.822
2012-05-30,1315.0136,0.001726,0.021497000000000002,0.09457119009736467,1.0302358239388063,-0.9203843936293958,0.6860973985546083,0.04046620359694833,0.13333365889427926,-0.2862015823696335,0.32303464462175585,-0.275868384401737,0.008268544295800982,0.1787065802717689,339,True,9,101,339,300574,1310.76,1331.25,0.01563215233910098,False,2012-05-30 16:18:50.263
2012-05-29,1329.2614,0.001827,0.021156,0.06997175932224846,1.7559059474846572,-0.85945273196698,0.8133883491358699,0.03607024813618578,0.1287274725088303,-0.2569064611451179,0.2873489424106801,-0.41587294981017364,0.010919785033054082,0.18319293057189986,375,True,11,115,375,365725,1318.9,1334.93,0.01215406778375927,False,2012-05-29 16:19:34.235
2012-05-31,1308.4651,0.001777,0.021560000000000003,0.073958228021065,1.5979140038513395,-0.9541365945409879,0.6177698138137657,0.043644194496062876,0.12039165765935629,-0.32090844988389017,0.3312973408703933,-0.14528176634971415,0.01223424088904809,0.22311761767667643,436,True,11,123,436,433594,1298.97,1319.74,0.01598959175346626,False,2012-05-31 16:18:38.142
2012-06-01,1285.0416,0.000916,0.022105,0.18977973462161085,0.40030502961523234,-0.929863648654637,0.7043567729976699,0.05247633753188529,0.17461219680083623,-0.21961855967921767,0.2798700703588633,-0.3441788990915413,0.010076830655412688,0.1744487115782114,573,True,15,129,573,617341,1277.25,1309.87,0.02553924447054201,False,2012-06-01 16:18:54.474
2012-06-04,1274.2404,0.001827,0.022119,0.08318361550101479,1.6648428410506018,-0.8633682068399585,0.9355229288498657,0.06567337400934005,0.10460332921550898,-0.28996404930309605,0.3076676845603678,-0.5982278568846902,0.011045180688898846,0.16319020635963805,435,True,13,120,435,267079,1266.74,1282.55,0.012480856371473115,False,2012-06-04 16:16:45.392
2012-06-05,1282.2448,0.001827,0.022119,0.1533017684174862,1.0969097804728916,-0.9207378550864346,1.0170749806739883,0.06093832727341707,0.38475630444492964,0.03915600780500366,0.06620646185168022,-0.698125098031132,0.008329171782275746,0.11920038113498926,433,True,13,118,433,229068,1274.3,1287.44,0.010311543592560701,False,2012-06-05 16:18:13.062
2012-06-06,1307.3026,0.001726,0.021529,0.2627821251469792,0.27322408067695264,-0.9132280260050858,0.7098531671633693,0.04624315848242734,0.23042583952057827,-0.10370690472781004,0.18890711455346512,-0.36029470980862777,0.00996740776537714,0.15073777425707865,457,True,12,126,457,381381,1285.61,1315.13,0.022961862462177685,False,2012-06-06 16:15:24.935
2012-06-07,1322.1477,0.001827,0.021535000000000002,0.1574664739088233,0.613121604417312,-0.8812573647955502,0.7513312417045307,0.04090631137602439,0.05190950138031679,-0.2941380969974131,0.398727864943439,-0.3714064405114429,0.008536807905163158,0.1318227949567749,452,True,12,122,452,358580,1312.98,1329.05,0.012239333424728382,False,2012-06-07 16:19:07.126
2012-06-11,1320.9637,0.001777,0.021646000000000002,0.08237731501629818,1.348643689959964,-0.8681131363637283,0.7825505693247091,0.04402288911343715,0.041430890639049825,-0.39953275569957025,0.4999574843486795,-0.390190101365277,0.011754792515089547,0.18453019710037918,392,True,12,124,392,229245,1307.87,1335.38,0.02103420064685335,False,2012-06-11 16:19:25.845
2012-06-13,1321.1269,0.001675,0.021601,0.08386266010894937,1.3244148556413142,-0.8736806964277591,0.833088641251343,0.0512643055897467,0.05772879517271373,-0.45881524755902864,0.4999801354984721,-0.47189877841822725,0.009301972631235025,0.13978973502133463,448,True,11,125,448,223105,1310.51,1327.25,0.01277365300531863,False,2012-06-13 16:16:15.641
2012-06-14,1325.1,0.001675,0.021373000000000003,0.08169912191860572,1.2565818302441465,-0.8826014901007032,0.8633955833791044,0.049518086103671935,0.173809998929895,-0.20500414623091712,0.25116439321118644,-0.5401286690989016,0.01229818084009365,0.15824036658021678,416,True,11,120,416,285508,1314.24,1333.68,0.014791818845872884,False,2012-06-14 16:18:04.102
2012-06-15,1337.8592,0.0016239999999999998,0.021135,0.08303470541188385,1.1227526995494186,-0.8735255024939999,0.7875743154464564,0.04138877791801339,0.07077564888748374,-0.40885319782031565,0.4487788953144413,-0.43381842303598783,0.008695550648495523,0.11905052400652082,380,True,12,104,380,357316,1329.19,1343.32,0.01063053438560324,False,2012-06-15 16:18:45.815
2012-06-18,1342.9651,0.001675,0.02106,0.30898716300035456,0.2719957298461349,-0.8746142056797088,0.7726219533989809,0.031216546062464604,0.15594056431563766,-0.1628347994941595,0.2141022242388018,-0.4288583050473208,0.009859998148009723,0.13290719537635565,352,True,11,104,352,325455,1334.63,1348.22,0.010182597424005069,False,2012-06-18 16:15:25.767
2012-06-19,1358.3408,0.001675,0.020857999999999998,0.13230755905558214,1.0731029592025465,-0.9061274892832801,0.8554910792758422,0.0251582910623199,0.07091347273254711,-0.11800119141410957,0.2462518903003353,-0.4479057204257236,0.008757677183817151,0.19759874180687464,423,True,12,111,423,412125,1344.83,1363.46,0.013853052058624638,False,2012-06-19 16:16:20.192
2012-06-20,1355.7695,0.001726,0.020895,0.10145291740944366,0.9060127319295797,-0.8547900678064804,0.6472418578423371,0.02678363409938755,0.042992350705726504,-0.47222624564087956,0.4999614313348147,-0.23508675281448801,0.007758797085326673,0.14434598182989458,387,True,12,109,387,476235,1346.45,1361.57,0.011229529503509195,False,2012-06-20 16:17:12.592
2012-06-21,1340.2532,0.001726,0.021389000000000002,0.10812730018715523,1.0645964884442032,-0.81034099587693,0.8022677100629874,0.02803928792604088,0.05743048200865089,-0.2616743373422647,0.3450470452849779,-0.41340959044131415,0.01054164076203538,0.1664384108671952,442,True,11,114,442,382296,1324.41,1358.27,0.02556610113182467,False,2012-06-21 16:16:36.518
2012-06-22,1331.5695,0.001726,0.021237,0.127827302046338,0.6321836097678903,-0.8370473281978886,0.5931698748021199,0.027401488441321686,0.044416925156788786,-0.4905250482351821,0.4999896100597209,-0.19022984990367384,0.007531038195200202,0.13620290041587788,325,True,12,98,325,306485,1325.92,1337.79,0.008952274647037406,False,2012-06-22 16:19:35.250
2012-06-25,1313.6786,0.001726,0.021602999999999997,0.3073611453913814,0.2223964669679548,-0.8684709594462058,0.6432289183172242,0.03683619598058036,0.10858309037762781,-0.15994619628576712,0.24155287858288518,-0.27703137572301206,0.008596433771846348,0.13113211067734626,400,True,13,108,400,317120,1309.31,1334.9,0.019544645653053916,False,2012-06-25 16:16:23.311
2012-06-26,1318.27,0.001827,0.021503,0.7043922252716187,0.10303214433701505,-0.8487564268216475,0.6708351241983794,0.03283848552118367,0.1499763909774068,-0.10995959334416644,0.19389277897121152,-0.3048696810101419,0.007963846340048826,0.12656936333420096,366,True,11,107,366,204787,1310.36,1324.24,0.010592508928844113,False,2012-06-26 16:16:34.225
2012-06-27,1330.7276,0.00198,0.021342,0.14360000376649035,0.6873415396869448,-0.8555009923100542,0.7030380469707088,0.03262542071279505,0.0629968354473637,-0.18061603598884218,0.27823998597915917,-0.29685800011256747,0.009438904994459863,0.1517668072612308,346,True,10,107,346,265687,1320.71,1334.24,0.010244489706294324,False,2012-06-27 16:18:37.718
2012-06-28,1319.1467,0.002031,0.021516999999999998,0.1516894822011237,0.6669707244119272,-0.8427873775725605,0.7222165784370675,0.03333952532476127,0.08691636809272324,-0.1595661888132676,0.24877570893770395,-0.31925189851063773,0.007226932378465122,0.1154584532722919,402,True,13,109,402,204080,1313.41,1331.52,0.013788535187032158,False,2012-06-28 16:16:59.611
2012-06-29,1354.8166,0.002031,0.020989,0.1385562991919372,0.4840342806729125,-0.8528243251115992,0.5230084759625615,0.024282120167636687,0.03970457699817567,-0.43381918667260627,0.49996901574254704,-0.13940586870454094,0.008929454827977436,0.17958454363059365,479,True,13,114,479,404642,1330.12,1362.17,0.024095570324482063,False,2012-06-29 16:18:01.389
2012-07-02,1360.6562,0.0012720000000000001,0.020972,0.10703262059121112,0.7080884697638908,-0.8324437216063038,0.6116887207514556,0.024589933005864498,0.09237846312972778,-0.15816436539193918,0.2519363343696733,-0.22258596203605266,0.009543542960996396,0.15866300951894538,391,True,13,93,391,387803,1355.8,1366.35,0.0077813836849092155,False,2012-07-02 16:16:44.699
2012-07-03,1371.06,0.001726,0.020868,0.7106177038563571,0.08108610240250105,-0.8807332188500755,0.5363418714774796,0.020353634195830462,0.19530599158293244,-0.09818939460025948,0.1793737649577593,-0.17242016329211174,0.009096046909575344,0.14618584459354173,356,True,12,95,356,221753,1363.83,1374.78,0.008028859901894059,False,2012-07-03 13:15:48.899
2012-07-05,1369.2744,0.001726,0.020968,0.08993180277183078,0.794202366068688,-0.8279837697457003,0.5901398007674648,0.02474990715189901,0.06006774585053681,-0.26355486818947266,0.37071796717745525,-0.20541688335744177,0.00871095481332186,0.14955024737505687,386,True,13,105,386,291447,1363.07,1373.85,0.007908618046028382,False,2012-07-05 16:15:44.719
2012-07-09,1350.015,0.0016239999999999998,0.021217,0.08943274294738272,0.910038900808951,-0.7808530964181057,0.640132999538277,0.027908248426161658,0.027490164726068283,-0.4999999855338759,0.4814335522346905,-0.2469957069215404,0.006757068230576994,0.09995553101566061,302,True,12,96,302,179452,1346.69,1354.66,0.0059182142883662525,False,2012-07-09 16:19:42.244
2012-07-11,1339.9115,0.001675,0.021402,0.08335978842540086,1.1139205657698528,-0.8159165740995658,0.6728848893113927,0.030049021399625286,0.05280103561886824,-0.2513997753704551,0.31746976631782303,-0.2670617088930497,0.0076837563936120465,0.13350289750290825,336,True,11,106,336,195324,1333.45,1344.9,0.008586748659492383,False,2012-07-11 16:16:19.342
2012-07-10,1348.4309,0.0016239999999999998,0.021217,0.10118169594414116,0.770704258374441,-0.8078304623959359,0.667988538575119,0.028335576304020095,0.08688471499855634,-0.16528819670638872,0.2607302989509198,-0.2902463598003282,0.008428562438332827,0.12802178614764914,419,True,12,118,419,208579,1336.27,1361.49,0.01887343126763308,False,2012-07-10 16:14:42.071
2012-07-13,1351.6643,0.001675,0.021166,0.15978240320584378,0.3850019661501356,-0.8698599584115536,0.5370115853035219,0.0243625342793214,0.15554584209904132,-0.09788931787788976,0.19543092724933037,-0.16534836396931463,0.008202026641118196,0.12455907306853374,395,True,11,110,395,273186,1334.81,1357.59,0.017066099295030668,False,2012-07-13 16:16:53.986
2012-07-12,1331.1709,0.001675,0.021511999999999996,0.5179825858075611,0.09294503368131415,-0.851151746265115,0.5408135652003673,0.0280760313380749,0.2645350124741723,-0.10451449176479015,0.16261398809941655,-0.19619149453629597,0.01054399442704691,0.15174644157544367,405,True,12,118,405,243574,1325.46,1341.29,0.011943023554086718,False,2012-07-12 16:14:15.582
2012-07-16,1353.5117,0.0016239999999999998,0.021215,0.08543310164684907,0.8105102637341876,-0.8404581682617288,0.5193366832892194,0.026874772623140496,0.031091245558141925,-0.3539812052039989,0.49998550258162544,-0.13122177911501245,0.008648061445177293,0.15790023813937937,342,True,11,103,342,203324,1348.66,1357.26,0.006376699835392019,False,2012-07-16 16:16:20.886
2012-07-17,1356.5648,0.001675,0.021059,0.09292688510052331,0.6446851875550581,-0.7919231381395948,0.5456140023636742,0.024978264745595672,0.041509836740169025,-0.31052520083751717,0.4245071481015503,-0.17787746687543105,0.006915853697124458,0.13436064618704163,451,True,10,118,451,262607,1345.4,1365.36,0.014835736583915349,False,2012-07-17 16:15:38.422
2012-07-18,1369.3587,0.001573,0.020814,0.1868261022006164,0.31284612286181,-0.7899784467899921,0.5419538485854981,0.022626867731684007,0.04939157933823154,-0.28852909252532205,0.35779176468619217,-0.1768183305509388,0.0065864908283688,0.15488425580020412,411,True,10,106,411,501244,1358.96,1375.24,0.011979749219991787,False,2012-07-18 16:15:31.207
2012-07-19,1375.972,0.001573,0.020772,0.07669199003006304,0.9590874739075992,-0.7225349937644799,0.6517632605198701,0.022367432702862945,0.040217820235168594,-0.34534701129509343,0.4132320698852428,-0.2776866937897322,0.008459160680500786,0.16228780529413359,379,True,12,97,379,308176,1371.21,1380.35,0.006665645670612008,False,2012-07-19 16:15:19.520
2012-07-20,1366.1785,0.001522,0.020985,0.07106479819430586,1.1833089003653203,-0.7428011387323594,0.6070049136347685,0.021717935426592932,0.052666895683664096,-0.3537853500551201,0.40522565709545844,-0.2002717487647778,0.0057066992108581295,0.10737486005604728,338,True,10,96,338,281169,1362.2,1376.51,0.010505065335486563,False,2012-07-20 16:19:01.647
2012-07-23,1344.0783,0.001522,0.021176,0.08938432425648354,1.1481431378411309,-0.8122752905701676,0.8318395813640768,0.029463005551955742,0.1965331183630423,-0.12095603292387512,0.19017054588319096,-0.4867050920726662,0.009615775351841625,0.13872639511457557,450,True,11,114,450,274284,1337.59,1362.34,0.01850342780672709,False,2012-07-23 16:15:53.913
2012-07-24,1337.0053,0.0016239999999999998,0.021369,0.08350702875743435,1.3838265017707856,-0.8116852815545407,0.764296644698822,0.031936980716859326,0.09620680538693029,-0.1923856249886346,0.26477736074559094,-0.3530308821405318,0.00833340820404385,0.14528835648599492,448,True,12,115,448,289103,1329.47,1351.53,0.016593078444793852,False,2012-07-24 16:19:10.984
2012-07-25,1337.8249,0.001675,0.021377999999999998,0.06949229729157336,1.8690329453009926,-0.803793044885706,0.8890661881928085,0.032886813995319876,0.07960141953906955,-0.24040468019312766,0.30601375392848135,-0.5306719008224873,0.008239570378774892,0.12519987342995784,403,True,11,118,403,276079,1331.5,1343.98,0.009372887720615841,False,2012-07-25 16:17:33.137
2012-07-26,1357.7563,0.001675,0.021031,0.07922584356924403,1.5767546517417386,-0.7841474239164752,0.9109254351732584,0.025727193699026076,0.11674129960409209,-0.13374713780990932,0.2096661097538004,-0.5799457136736526,0.00925140840468139,0.14410479390870443,421,True,12,113,421,305997,1338.17,1363.11,0.018637392857409507,False,2012-07-26 16:19:38.721
2012-07-27,1379.8243,0.001675,0.020647000000000002,0.08094809641434085,2.1769436271454885,-0.8431706945943757,1.033197771815746,0.02326037848748455,0.16869987576064596,0.05000792099538964,0.08003391781225692,-0.7150587504475063,0.006899515450785244,0.11700881882230742,484,True,12,114,484,450749,1360.05,1389.19,0.02142568287930602,False,2012-07-27 16:19:05.715
2012-07-30,1385.1462,0.001675,0.020776,0.10464763373407952,0.5855520748638111,-0.7979413891209183,0.5493730127209608,0.024948758199019826,0.04473825880328217,-0.4077791569864573,0.49996529208966517,-0.1792574289809482,0.006974720196066044,0.14926763727081435,385,True,12,96,385,289068,1381.37,1391.74,0.007507040112352259,False,2012-07-30 16:17:53.972
2012-07-31,1382.8925,0.001573,0.020891000000000003,0.09582353250551486,0.570098298715422,-0.8537735517760364,0.4990811021509567,0.028100258684524267,0.05354312304561996,-0.35665723352825857,0.4999509144979006,-0.13982428080762177,0.006828274653257611,0.11985976313606184,358,True,10,95,358,262516,1379.17,1387.13,0.005771587259003619,False,2012-07-31 16:14:59.646
2012-08-02,1363.9809,0.001374,0.021145,0.19261875561792216,0.28315124967288874,-0.8630619554082866,0.5176510494596686,0.026834852971140424,0.10850333909323465,-0.16251293675830059,0.27393955145062726,-0.15888212627939338,0.00826385872282465,0.15106502585871776,475,True,10,113,475,369949,1354.85,1375.13,0.014968446691515869,False,2012-08-02 16:16:55.643
2012-08-06,1398.1124,0.001675,0.020711,0.12100590388560091,0.4745373032550568,-0.7472320565862262,0.53139369572831,0.021544912326613652,0.030475722970574128,-0.39705232267257157,0.4999777527597425,-0.16753562924416437,0.007843027517037285,0.13568283113275575,330,True,11,105,330,214181,1391.04,1399.63,0.0061752357948010594,False,2012-08-06 16:16:02.508
2012-08-03,1390.7413,0.001777,0.020756,0.09743486472602986,0.6692595229215765,-0.8155754326440228,0.4921763464225361,0.020628178244394568,0.04054521005430967,-0.3140830117843164,0.4999587379690278,-0.1118191338128941,0.008890052786039682,0.16881066039441053,434,True,12,99,434,387491,1365.45,1394.16,0.02102603537295389,False,2012-08-03 16:18:46.457
2012-08-08,1400.7856,0.001726,0.020535,0.10366853501991685,0.6119909224429281,-0.7463208365830044,0.4941551677653377,0.02081168095813435,0.02521449284979646,-0.4999999438744874,0.45551154359788026,-0.11730092507889722,0.009404196243378356,0.17091737707423807,305,True,11,92,305,156656,1396.3,1404.14,0.005614839217933154,False,2012-08-08 16:17:30.987
2012-08-07,1404.0858,0.001675,0.020711,0.07292039743526284,1.1955644352790336,-0.7761429889056332,0.5926700076055355,0.01960428614820779,0.032538313374327346,-0.26117586994061553,0.49999231418724893,-0.17689567035512008,0.008469770768358989,0.1310580119987365,369,True,12,98,369,278551,1394.46,1407.13,0.009085954419632003,False,2012-08-07 16:14:43.233
2012-08-09,1403.1644,0.001726,0.020535,0.0980230053011186,0.7386433762581345,-0.7915628179198293,0.5257033705006374,0.01817601985197913,0.029376524275477406,-0.2534934449955221,0.4999587769027692,-0.13155594658255598,0.009396764512119848,0.15756138592605745,326,True,13,83,326,170930,1398.8,1405.93,0.005097226193880644,False,2012-08-09 16:16:20.209
2012-08-10,1400.5476,0.0016239999999999998,0.020849000000000003,0.11977822599448747,0.6220632402550239,-0.6688478660697234,0.6008139991074423,0.017888064442533554,0.022168929271880123,-0.4999997976196927,0.375658893278414,-0.21195819877521885,0.0081391769429398,0.15450860550995688,332,True,10,103,332,144178,1395.79,1405.95,0.007279031946066494,False,2012-08-10 16:16:19.042
2012-08-14,1406.6735,0.001777,0.020931,0.09218747057472082,0.7378785042181939,-0.7652299680078986,0.5321334473308438,0.01935598463820731,0.02886943008064432,-0.3521363417145395,0.4999658056962762,-0.14711969997754035,0.009781164550742925,0.17092597436287132,392,True,13,100,392,259598,1400.6,1409.72,0.006511495073540097,False,2012-08-14 16:16:15.557
2012-08-15,1405.1751,0.001777,0.020950000000000003,0.11131174207572098,0.7095794566055424,-0.7116832311606796,0.5845411085860898,0.018240653544116896,0.025020272986421774,-0.41378317354845456,0.49996151814043194,-0.183719256715242,0.008274463236704969,0.15606090080089555,324,True,12,92,324,214928,1401.95,1407.73,0.004122828916865773,False,2012-08-15 16:16:54.186
2012-08-17,1416.225,0.001777,0.020771,0.07689728361389096,1.282283560308685,-0.7515098793776348,0.6558276727220257,0.01591143122044945,0.03960881601150776,-0.22523629621874258,0.3744835184636787,-0.2329016910870148,0.010696756293850453,0.19490455294549455,297,True,10,92,297,276002,1414.68,1418.66,0.0028133570842876487,False,2012-08-17 16:18:13.106
2012-08-16,1411.9696,0.001777,0.020809,0.13356482659490265,0.6625421705699981,-0.7648307893694669,0.5760626502659161,0.01709372036057328,0.062277775830329285,-0.18816906850119083,0.2899249087269787,-0.1548635167834067,0.009248434763981357,0.15436405479751336,452,True,12,108,452,488588,1404.15,1417.44,0.009464800769148463,False,2012-08-16 16:19:58.762
2012-08-20,1415.5756,0.001777,0.020775000000000002,0.0666994289885903,2.318769049351801,-0.6950550856245088,0.9354466099396873,0.015303071444633224,0.01627865235855088,-0.4985115614590155,0.4999681302204,-0.5657392169512906,0.008793198115436216,0.18031866874405542,349,True,12,95,349,442564,1412.13,1418.13,0.004248900596970584,False,2012-08-20 16:19:54.568
2012-08-21,1419.7868,0.001776,0.020752000000000003,0.11209932140389933,0.8497091418388907,-0.7427041850321427,0.6662299869275826,0.015763947683076308,0.05340468355726361,-0.24826262824409104,0.30782159607157267,-0.2533587590998683,0.0077143613991990405,0.14347652973159372,453,True,11,106,453,363374,1410.86,1426.68,0.01121301900968219,False,2012-08-21 16:18:09.610
2012-08-22,1410.9235,0.001827,0.020755,0.09641347890578345,1.345488722845599,-0.7535791462539373,0.7753644160797121,0.016078012575599376,0.02885317806367475,-0.4271622123420718,0.49997827559176394,-0.3417434805265455,0.005486712997101113,0.12316031114762319,389,True,12,96,389,305084,1406.78,1416.09,0.006617950212542079,False,2012-08-22 16:16:48.311
2012-08-23,1404.7168,0.001777,0.021044999999999998,0.18019816668145788,0.5014321603912095,-0.753944742758036,0.6560092034002344,0.01850707506576054,0.03903056260432499,-0.406190872782309,0.4665885378067091,-0.24963376291057268,0.0058418884248008915,0.11381482498169371,418,True,11,101,418,361077,1400.53,1413.49,0.009253639693544535,False,2012-08-23 16:18:16.138
2012-08-27,1412.2386,0.001726,0.020935000000000002,0.07722916077260945,1.461683936424407,-0.7738290115381182,0.6933642898331155,0.01796100240622743,0.043691741143817214,-0.3524138253435486,0.4247497944321894,-0.2549847909660582,0.008867930787685477,0.16446026829078628,307,True,10,89,307,185220,1409.13,1416.07,0.00492502466060607,False,2012-08-27 16:15:39.358
2012-08-24,1406.1997,0.001777,0.020922999999999997,0.0937362897607932,1.0746095449158246,-0.7975049041545498,0.6568709578915868,0.01869633279616866,0.03399802599133466,-0.41431107933847716,0.49995475018785873,-0.2300196319575231,0.008551112805921635,0.13384294798307003,405,True,12,118,405,181701,1398.1,1413.41,0.01095057578141767,False,2012-08-24 16:16:35.042
2012-08-28,1410.542,0.001726,0.020962,0.08528572984631015,1.457708050716131,-0.8318522325536214,0.7508378419063426,0.021420359279678933,0.030872615547397016,-0.3719982819100097,0.4999638816066388,-0.31511407482223924,0.006919740017818446,0.14831784341273468,333,True,11,94,333,196462,1405.6,1413.63,0.005712862834376997,False,2012-08-28 16:15:35.131
2012-08-29,1410.8754,0.001726,0.020975,0.08805689698203187,1.2787621462330185,-0.7992231514008004,0.7528126777292836,0.021181206337362885,0.03835460964267007,-0.39492647219047133,0.4999633471722207,-0.3415192745992085,0.006141957167943397,0.10899790098153443,331,True,11,102,331,159307,1406.73,1413.92,0.005111144284972946,False,2012-08-29 16:14:55.176
2012-08-30,1400.7648,0.001675,0.021157,0.1628317293797133,0.6152475907866383,-0.8247985019514418,0.7384064225178216,0.02310086402839636,0.16477756602870797,-0.13450428636645897,0.20064280096819717,-0.3448803864065868,0.0075560419076568875,0.14913723725834033,379,True,11,95,379,300513,1397.01,1410.08,0.009355695377985862,False,2012-08-30 16:14:59.584
2012-08-31,1407.7185,0.001573,0.021052,0.059019502099472945,1.6626042143894835,-0.7914516062509931,0.6156718624040664,0.021035491961443928,0.10025326884748977,-0.2788466597164441,0.31647709697807636,-0.18279969631258625,0.007423851026561317,0.12828725974893973,368,True,10,96,368,173626,1398.96,1413.05,0.010071767598787584,False,2012-08-31 16:15:36.087
2012-09-05,1405.2445,0.001726,0.021248999999999997,0.1709819258893156,0.3764408567564012,-0.8447593290284223,0.5615170336255593,0.02184473595751731,0.16510442082107005,-0.16937034468046883,0.22946956132930857,-0.18657221370838054,0.007277666648054035,0.1268718972064952,335,True,10,92,335,192957,1401.25,1408.81,0.0053951828724352335,False,2012-09-05 16:15:27.137
2012-09-04,1401.4315,0.001878,0.021079,0.06565460606456093,1.4320994201399024,-0.7646846555378584,0.6919328143188505,0.025296516044265555,0.11673914359649754,-0.24612115703042398,0.27191021683745925,-0.2907231729820619,0.0073454963943120075,0.13124875498992453,358,True,10,95,358,235920,1396.56,1409.31,0.009129575528441292,False,2012-09-04 16:19:24.136
2012-09-07,1435.8823,0.001827,0.020762,0.11021211509575372,0.6293798176261686,-0.8074761202136892,0.5122623581547316,0.01522839343237876,0.08614838660429604,-0.2156692725837254,0.2913588778103867,-0.12368216178392699,0.01094612348780708,0.16851823186713513,362,True,12,90,362,517465,1431.45,1437.92,0.004519892416780191,False,2012-09-07 16:14:54.711
2012-09-06,1428.0806,0.001726,0.021248999999999997,0.3594416933382162,0.12977963800441936,-0.8382545047933413,0.452851882982157,0.017545109065239393,0.19279822009908415,-0.1588981461099254,0.20375110359891063,-0.11177840223022681,0.01162257504787638,0.17514925228145045,458,True,13,106,458,346522,1403.74,1432.12,0.020217419180190044,False,2012-09-06 16:17:39.126
2012-09-11,1434.8947,0.001726,0.020829,0.12263571238438259,0.48979525510717664,-0.8004578339886139,0.5933319080468635,0.018860914060612126,0.15115580617363195,-0.13287197130609035,0.2139993507087995,-0.2319099730414137,0.008101095743664516,0.12667074948586624,308,True,11,90,308,323374,1429.13,1437.75,0.006031641628123419,False,2012-09-11 16:16:21.750
2012-09-12,1436.6067,0.001726,0.020829,0.12542912961961808,0.4232203841470721,-0.7528554532931757,0.5781823534036519,0.02049631414218094,0.06431781776747324,-0.2544858925528253,0.3019708772037599,-0.2281265049456901,0.00781577761761382,0.12921456324309338,305,True,12,91,305,195524,1433.17,1439.15,0.004172568501991991,False,2012-09-12 16:15:10.768
2012-09-17,1461.9708,0.001675,0.020339,0.07665414542433077,0.6000321797379814,-0.6861316194351128,0.48347391425048514,0.018168682856020954,0.0549541823659207,-0.28613133605870067,0.3410078217031258,-0.14175711783085865,0.007830629270280439,0.1454465885245767,312,True,10,97,312,238052,1457.55,1465.63,0.005543549106377332,False,2012-09-17 16:16:05.382
2012-09-18,1458.3655,0.001675,0.020367000000000003,0.08082013221151192,0.6056782353923275,-0.7110406854260413,0.44384264964162,0.016091690241387527,0.04834529722413206,-0.36681727542678366,0.4074973048507474,-0.09909430751680756,0.006425116038393186,0.12533549239024974,289,True,9,91,289,356435,1456.2,1461.19,0.003426727097926019,False,2012-09-18 16:17:09.664
2012-09-19,1461.0719,0.001777,0.020344,0.16241133882350067,0.2745168760634861,-0.7757392281958952,0.4529377793814571,0.014000345048051246,0.15204256536677613,-0.12303909111439008,0.20048784423634788,-0.1159833252487739,0.009115004901061352,0.17563382247401357,373,True,11,103,373,392617,1457.97,1465.09,0.004883502404027462,False,2012-09-19 16:19:15.670
2012-09-21,1463.6163,0.001726,0.020375,0.19473873171785774,0.2307000219199315,-0.693223113196243,0.45105082593086576,0.012226706155732662,0.08893463420509712,-0.2694845472314262,0.2809736131323836,-0.1135943882209773,0.006553149026737171,0.1418384342666803,337,True,10,101,337,359027,1459.53,1467.07,0.005166046604043739,False,2012-09-21 16:14:58.007
2012-09-24,1456.1074,0.001675,0.020377999999999997,0.10668187346382896,0.40677822954029647,-0.7603997056087759,0.41757058644566003,0.013130556205379479,0.11929652887022689,-0.21974917108562977,0.24915514875839587,-0.08757346744125587,0.007455738179373549,0.14457022872972264,339,True,11,111,339,268333,1452.06,1460.62,0.005895073206341195,False,2012-09-24 16:18:55.360
2012-09-26,1435.211,0.0016239999999999998,0.020765,0.13329662148783014,0.2969801955803458,-0.7818283210772236,0.4646678858134042,0.017440602767222247,0.18000322361299256,-0.19180519142376698,0.22491151132534812,-0.1367433306669886,0.0073407219904832646,0.13188994245282853,398,True,10,110,398,295804,1430.53,1441.6,0.007738390666396366,False,2012-09-26 16:19:21.040
2012-09-25,1454.4186,0.001675,0.020607,0.29923443961310214,0.15455238894092488,-0.8109422732228819,0.4701483455275946,0.014646451547351268,0.1272689577058127,-0.1661796373931897,0.23716907491991765,-0.12854467181112678,0.009157225419247376,0.16688037531906968,456,True,11,118,456,249519,1441.59,1463.21,0.014997329337745224,False,2012-09-25 16:18:19.477
2012-10-04,1459.7018,0.001777,0.020472999999999998,0.48305990752193617,0.0570906450817614,-0.7818509074269664,0.3471220537324128,0.014218130569627056,0.17914053086478418,-0.1722643263389178,0.21512660750453816,-0.0653373167202814,0.0075404343450743575,0.13587960285594894,393,True,14,101,393,306135,1451.08,1463.14,0.008311051079196385,False,2012-10-04 16:19:11.358
2012-10-08,1455.7434,0.001675,0.020558,0.11134265012152486,0.3809076412471569,-0.7178103778098703,0.48214412626995706,0.017149048446569636,0.06321139415300896,-0.2868430139237058,0.31203880975485204,-0.14764042604062527,0.005469627303571329,0.1156568514100515,247,True,10,96,247,125853,1453.1,1460.93,0.0053884798018031255,False,2012-10-08 16:14:56.481
2012-10-09,1446.2988,0.001573,0.020765,0.05484969865710553,1.3198263339497307,-0.7136902770275585,0.6190809911580956,0.01950988701518786,0.04962836599220911,-0.3073066846473824,0.3660392122386411,-0.23847712021957987,0.006454925851253844,0.11459976807076477,372,True,11,114,372,150125,1441.2,1455.85,0.010165140160976804,False,2012-10-09 16:19:12.867
2012-10-10,1434.8907,0.001675,0.020904,0.0542193951817673,1.3234090770006748,-0.721829041994785,0.6040501526356363,0.020828605931663382,0.05396505857390303,-0.3091116347605157,0.35429091309986177,-0.22136770743306056,0.00727238993082166,0.13265389209347175,393,True,12,107,393,347159,1430.69,1442.47,0.00823378929048224,False,2012-10-10 16:14:57.949
2012-10-12,1431.0849,0.0016239999999999998,0.021011000000000002,0.05458770324683592,1.173248156368268,-0.7569639326892951,0.5214138847099551,0.018742266120886156,0.05561199755408955,-0.30315727342137505,0.3731924617242721,-0.1437825947788696,0.005227935507586631,0.10790775229608263,350,True,10,106,350,226598,1425.68,1438.4,0.008922058245889763,False,2012-10-12 16:16:08.982
2012-10-11,1437.01,0.001675,0.020904,0.1990610763494339,0.19118086952042845,-0.7687991163734673,0.4718621690853162,0.01696074974232212,0.2171447173056995,-0.12418048399863021,0.1744267615122379,-0.14654056728558518,0.006634598613461675,0.12200013617259133,355,True,11,105,355,239380,1432.82,1443.72,0.007607375664772986,False,2012-10-11 16:17:32.733
2012-10-15,1434.9373,0.001675,0.020845,0.04299923938783862,1.8529595708518947,-0.7293601408970327,0.6312899511742466,0.019746633638824385,0.047208027983312154,-0.31862301886048267,0.38674143545182427,-0.23917529812748797,0.006479639612810807,0.1308649486051252,368,True,10,108,368,233322,1427.24,1441.31,0.009858187831058407,False,2012-10-15 16:18:20.515
2012-10-16,1452.6941,0.001675,0.020634,0.09460984182525932,0.4758083520795456,-0.7401647282182122,0.4952609559233812,0.01613792596393931,0.07861781893630954,-0.21302796499364454,0.2995521046088058,-0.15525110860337513,0.004957361022990304,0.09806656195129371,342,True,10,101,342,243286,1440.31,1455.47,0.010525511868972659,False,2012-10-16 16:16:22.890
2012-10-17,1456.8872,0.001827,0.020557,0.08621472373822373,0.5235644716601408,-0.7423660561932632,0.5147592720909284,0.017002863451576807,0.10000437108454092,-0.1856275898583608,0.2554095963932849,-0.1746991756369263,0.007671342039866945,0.15996289702786487,357,True,10,113,357,500748,1453.35,1462.17,0.006068737743833319,False,2012-10-17 16:17:01.720
2012-10-18,1458.4724,0.001777,0.020628999999999998,0.05932575576065833,0.9986558565291567,-0.6908694771127678,0.5984062916507982,0.015583554434652477,0.10950284118837506,-0.1933010457502181,0.2510041248383264,-0.2395980630204605,0.0069850736850287235,0.12696879617293297,371,True,12,109,371,330908,1452.64,1464.02,0.007834012556448888,False,2012-10-18 16:17:07.088
2012-10-22,1429.6963,0.001777,0.020971000000000004,0.026312654382010192,12.370348041689638,-0.6369715322492505,1.6672341616525597,0.029847101341835058,0.036018250471125994,-0.4999999852468531,0.4583580385983045,-2.1286763645690017,0.008544894711063096,0.13409914461678218,393,True,10,111,393,393343,1422.09,1435.41,0.009366495791405693,False,2012-10-22 16:19:44.539
2012-10-24,1413.7668,0.001777,0.021344,0.04165724734169343,2.8626634992010223,-0.8010073068614779,0.8070880067655816,0.03267292560690659,0.030387107640210836,-0.3692726804866451,0.49997506727525587,-0.4128896877803303,0.010062907030684414,0.15875907909980866,362,True,11,102,362,274902,1407.1,1419.96,0.009139364650700088,False,2012-10-24 16:19:49.215
2012-10-23,1413.2739,0.001777,0.021278000000000002,0.026465068984060536,11.979848031816541,-0.65122056321366,1.5369407750947404,0.036200911144088965,0.04605018012232984,-0.4999999146557248,0.46207217681754126,-1.7280919369876482,0.010333805857953491,0.15586182235053261,445,True,12,106,445,472464,1407.56,1433.74,0.018599562363238453,False,2012-10-23 16:15:58.994
2012-10-25,1412.6452,0.001777,0.021283,0.029355460107404963,6.537523388537705,-0.7258977249839764,1.0365911078494934,0.03264122138114304,0.03308625323531338,-0.4589304450508264,0.49995858814605876,-0.690697110805749,0.011075038754720046,0.17541474372665594,396,True,12,109,396,251887,1405.14,1421.02,0.011301364988542062,False,2012-10-25 16:16:38.520
2012-10-26,1409.9966,0.001726,0.0213,0.0336643619167956,3.2052131311377168,-0.7260258202448521,0.7970324737389546,0.02746385805820314,0.049975003762592396,-0.41358012394445004,0.41200291426720775,-0.41945785446026584,0.009330417191848758,0.1592984969055508,371,True,11,111,371,263103,1403.28,1416.65,0.009527678011515883,False,2012-10-26 16:16:42.490
2012-11-01,1423.9078,0.001017,0.021103999999999998,0.07583234406290086,0.4957882089628116,-0.7644031336313643,0.4902018873447942,0.023376798079245233,0.05514440660529972,-0.3308501037241869,0.3825303685272103,-0.16510432626760368,0.008711069137558104,0.17893880678947557,435,True,11,122,435,358803,1412.2,1428.35,0.011436057215691742,False,2012-11-01 16:15:06.354
2012-11-05,1413.3842,0.001726,0.021313,0.037479002529346384,2.198491811966116,-0.7328233692171118,0.6649693051294863,0.02910371106173307,0.03188666653757874,-0.4652530727929731,0.49999269967167864,-0.2773896164015411,0.007243674939152621,0.11808963164034601,429,True,12,122,429,203659,1408.17,1419.8,0.008258946007939194,False,2012-11-05 16:16:31.265
2012-11-06,1427.8657,0.001675,0.021158999999999997,0.04878247146681591,1.4484426384835278,-0.7114825576848274,0.6752417709788351,0.025809842036532735,0.027987392717167388,-0.41032333734917814,0.49998748873996923,-0.3146342259083491,0.007055096032279892,0.11643755388775658,406,True,12,116,406,230786,1417.26,1433.31,0.011324668726980125,False,2012-11-06 16:15:54.402
2012-11-07,1400.7775,0.001827,0.021979000000000002,0.05090217255608168,1.4217459228611564,-0.8149037065440755,0.5543550009323357,0.0268815576123397,0.04439167385487034,-0.3695779802943657,0.47073718703930656,-0.16256955446592153,0.006119850074949227,0.11381439703457846,539,True,11,124,539,379572,1388.14,1428.27,0.02890918783408014,False,2012-11-07 16:18:56.332
2012-11-08,1389.4382,0.001827,0.021979000000000002,0.05338088760815096,1.3555355572691208,-0.8018535440043703,0.5401688219338756,0.027554153715333193,0.04387169263759304,-0.42318377589470396,0.45079545146423905,-0.14706297372656055,0.005066005416906877,0.11514807329888486,570,True,14,138,570,448091,1377.51,1401.13,0.017146880966381506,False,2012-11-08 16:16:01.669
2012-11-09,1382.9213,0.001573,0.02222,0.06633268378851845,0.8082583838571133,-0.7914624841916825,0.49107467469499555,0.02690769905101277,0.0659415966016991,-0.29831184054820853,0.32143288440909473,-0.13392644053517,0.005515676721158067,0.11811015852712746,504,True,12,128,504,360201,1373.28,1391.36,0.013165559827566176,False,2012-11-09 16:16:33.877
2012-11-12,1380.4077,0.001472,0.022216999999999997,0.07442743367958554,0.6829201076068889,-0.7690251334558443,0.504385834009913,0.026883939107410396,0.056297553623714164,-0.27281753026927774,0.3391183727254525,-0.1527490875151412,0.006153251299854191,0.12282469041558218,425,True,11,108,425,257054,1377.22,1384.84,0.005532885087349726,False,2012-11-12 16:18:15.096
2012-11-13,1383.0119,0.001726,0.022331,0.10411485438076487,0.4308908679069904,-0.8166360267611121,0.4182066876888942,0.0236729191281727,0.05910264157421969,-0.2367113345934515,0.3344955810796586,-0.08517255369544088,0.006658324618234917,0.12380479440903316,496,True,12,118,496,279927,1371.39,1388.79,0.012687856845973622,False,2012-11-13 16:16:23.998
2012-11-15,1353.5728,0.001726,0.022850000000000002,0.4010508386098239,0.06351405903189163,-0.8632233082492934,0.3629347722293188,0.028018012427312698,0.14588638014430563,-0.15452762742682832,0.23559453269784558,-0.08077691561663954,0.00751999130499804,0.14136415873695554,534,True,12,118,534,537371,1348.08,1360.62,0.009302118568630835,False,2012-11-15 16:19:43.871
2012-11-16,1353.3825,0.001675,0.022754,0.09383477622884458,0.4221510848037562,-0.8615820446605801,0.382302530982032,0.026322188549245194,0.08928920886043419,-0.2211065074039496,0.31499340994375646,-0.06693032004061862,0.006913920717881406,0.13617379093885626,534,True,11,129,534,594957,1343.35,1362.01,0.01389064651803329,False,2012-11-16 16:19:02.186
2012-11-19,1381.7586,0.001675,0.022366999999999998,0.13172117035117054,0.29218473327870226,-0.8356013817272235,0.37461689580588886,0.020506722881849276,0.0604053476551011,-0.24630791874226496,0.32931222519488507,-0.06336398857080965,0.007271410397449194,0.16713174266719466,464,True,12,124,464,323984,1359.88,1386.89,0.01986204665117519,False,2012-11-19 16:14:47.547
2012-11-20,1384.3385,0.001675,0.022366999999999998,0.1054548766491807,0.39238726640564786,-0.8072405352335849,0.4152153389178217,0.020099811722968992,0.047056157588973524,-0.27859560591583876,0.3914608728351094,-0.08964547611760794,0.005846022130865365,0.1259686197540785,434,True,10,114,434,288255,1377.04,1389.73,0.009215418578981005,False,2012-11-20 16:15:22.117
2012-11-23,1402.2915,0.001726,0.021890999999999997,0.059299121575783625,0.7384500746859748,-0.8203696197311954,0.36310388850068526,0.017352010482923577,0.07884612955643786,-0.251369302489317,0.29805912132796647,-0.04426555233141784,0.006513358588927806,0.16760551193541026,348,True,10,114,348,234347,1391.03,1409.16,0.013033507544768952,False,2012-11-23 13:16:39.498
2012-11-26,1402.3619,0.001675,0.021941000000000002,0.10371582385589985,0.379058120946295,-0.8216025219326953,0.4185756174830093,0.01944590949928419,0.11019643893497964,-0.17162673929158995,0.24481651287448622,-0.09657689694485391,0.007609147463954299,0.17037223551544714,395,True,10,119,395,308553,1397.7,1409.15,0.00819202976318234,False,2012-11-26 16:14:58.034
2012-11-29,1415.5716,0.001675,0.021879,0.18534128082645368,0.16230702531952773,-0.811022459439574,0.37571237242931277,0.01764882354788631,0.12286725246927455,-0.15156608999893295,0.24219304203259337,-0.0809954028767568,0.006992411650572515,0.15169769125668467,418,True,11,116,418,309753,1409.18,1419.7,0.007465334449821892,False,2012-11-29 16:17:54.549
2012-11-30,1414.8281,0.001675,0.021877,0.13859998025970718,0.25172366071068586,-0.8094776500609131,0.42916350302247175,0.019725489059491938,0.09775969169156937,-0.15628108451451045,0.261735372347386,-0.11440352351571455,0.007327367643522684,0.158002266591376,337,True,11,110,337,292767,1411.66,1418.85,0.005093294419336036,False,2012-11-30 16:17:18.099
2012-12-04,1406.951,0.001726,0.02204,0.08163624045306783,0.5022813520934784,-0.812790385158807,0.5374478236278288,0.022445144204465507,0.22091312302496066,-0.09233256455786958,0.187274851724345,-0.2068414406530994,0.006813607944020989,0.12596260795891892,366,True,9,108,366,362490,1403.99,1413.14,0.006517140435473356,False,2012-12-04 16:19:20.501
2012-12-05,1408.4007,0.001726,0.02204,0.13953838904951696,0.21501085997488237,-0.7889754975982918,0.43973818153122535,0.022289464814577577,0.15670974834431303,-0.14276230680219706,0.21894288999646938,-0.13336513023829621,0.006205036606884507,0.12422951024239484,415,True,10,120,415,294214,1398.23,1415.56,0.01239424129077471,False,2012-12-05 16:15:54.804
2012-12-10,1419.6034,0.001726,0.022262,0.1944910639292087,0.1309264960228684,-0.814583836353954,0.3772462234873206,0.02219300998261477,0.14653000052738677,-0.11882013674890156,0.21033846833561345,-0.09138664611942346,0.006177702558739213,0.11709649626465263,314,True,11,89,314,195704,1415.75,1421.62,0.004146212254988457,False,2012-12-10 16:16:37.257
2012-12-11,1430.5186,0.001726,0.022118000000000002,0.08880514199821518,0.369298080848247,-0.6962122380285131,0.46206782169811544,0.02161377020008717,0.1101448542733175,-0.14760129934658744,0.20927980664057808,-0.14791553483004755,0.007579041622490226,0.14242026629888432,378,True,11,104,378,225103,1418.55,1434.27,0.011081738394839835,False,2012-12-11 16:18:24.306
2012-12-12,1431.7666,0.0015229999999999998,0.022143000000000003,0.29991405199002763,0.09110485617908759,-0.7787050169390018,0.40393705178452965,0.020455403761055167,0.14917597749898182,-0.12929059668421075,0.22086927783671678,-0.10851788865910006,0.0062936482938975025,0.12446798465914623,411,True,12,114,411,274499,1426.82,1438.59,0.008249113413044462,False,2012-12-12 16:19:43.643
2012-12-13,1422.3731,0.001421,0.022364000000000002,0.8548941348821943,0.034014714505127684,-0.8152606033206131,0.430961584019676,0.019781673077450428,0.3403649005295914,-0.08176157110404589,0.15587870576980556,-0.12756992704049636,0.00605594199846029,0.10923655097004238,414,True,11,111,414,220914,1416.01,1431.36,0.010840318924301373,False,2012-12-13 16:17:19.311
2012-12-14,1415.8763,0.0012690000000000002,0.022513000000000002,0.33704409585085887,0.06448197495052314,-0.8140553204180743,0.3636311666695467,0.021142285389863128,0.27991198241269094,-0.11651117542896679,0.18161160468600207,-0.08876108748170203,0.007011923826548424,0.12176982863771477,318,True,11,91,318,201638,1411.88,1419.45,0.005361645465620235,False,2012-12-14 16:16:31.454
2012-12-17,1424.9508,0.0013189999999999999,0.022209,0.06669455106680575,0.3522770935946455,-0.7798718280403517,0.3276448272851127,0.02003933185989932,0.2167840921892493,-0.16432643846478942,0.2129549024711455,-0.060361207629863335,0.006778801018482935,0.1163332576370324,314,True,10,106,314,168672,1413.54,1430.67,0.012118510972452201,False,2012-12-17 16:19:13.937
2012-12-21,1427.5287,0.001421,0.022306,0.021199099399638995,6.268937192938753,-0.7313987477871826,0.7098806472193601,0.027547660435623907,0.12907683046571414,-0.3389379986791192,0.33095576184869174,-0.23813888793017257,0.008767863002123674,0.11797414689152529,423,True,11,112,423,524795,1422.58,1443.67,0.014825176791463557,False,2012-12-21 16:17:41.957
2012-12-24,1426.2593,0.0013700000000000001,0.022353,0.022364492362400096,12.845625514071456,-0.7238275036021152,1.220179120677619,0.032449370339292474,0.10374964714914679,-0.3184600033370077,0.3266224435245646,-0.9142652991382015,0.007490630919814098,0.11122830881876244,257,True,10,94,257,116321,1424.66,1430.15,0.003853551022700241,False,2012-12-24 13:16:19.855
2012-12-26,1421.5018,0.001472,0.022463,0.022010250845246448,9.961377739981526,-0.735057592209146,1.034793340216573,0.03426862866805837,0.12486744195005041,-0.29555718743546644,0.30875569187218427,-0.6322924113140772,0.007829470295760635,0.11097022622778496,410,True,12,121,410,196618,1416.43,1429.31,0.009093283819179065,False,2012-12-26 16:16:35.750
2012-12-27,1409.8173,0.001421,0.022515,0.022247183534171756,7.189477066375091,-0.7498208230993565,0.8338852190578732,0.037348152280018206,0.12671172531512243,-0.32674967821822,0.32625300180816197,-0.3754733269424663,0.008830100987241902,0.12600131521280228,553,True,15,142,553,274989,1401.8,1422.8,0.014980739049793135,False,2012-12-27 16:17:32.055
2012-12-28,1408.9909,0.0013700000000000001,0.022795,0.02604326855225369,3.35395777404024,-0.7984345420399237,0.5880471458655226,0.033873679801615805,0.14193940998277782,-0.2893619300898101,0.29494160158164967,-0.1711033997160893,0.00813454587105227,0.12321491442948357,455,True,12,141,455,256731,1401.58,1418.1,0.011786697869547114,False,2012-12-28 16:18:09.886
2013-01-02,1453.5811,0.0013189999999999999,0.021869999999999997,0.0587141427727367,0.6928090873752085,-0.8319760690328207,0.38854536648829646,0.016174721264892902,0.11407300699537821,-0.2234768232253873,0.2877127163163627,-0.0696121184787298,0.006671244093445621,0.14604003389616285,495,True,12,116,495,588750,1426.19,1462.43,0.025410359068567256,False,2013-01-02 16:19:38.213
2012-12-31,1412.8267,0.0013700000000000001,0.022416000000000002,0.023562717254046805,4.327811552977214,-0.8128714087256217,0.6165149250960592,0.03159457676912733,0.14591558692385231,-0.2769825917674432,0.305452607206349,-0.17614065296300088,0.011191543575403097,0.1669838676365581,508,True,13,124,508,308322,1398.2,1426.74,0.020411958232012584,False,2012-12-31 16:16:50.124
2013-01-03,1461.3918,0.001472,0.021916,0.09893394933046662,0.298431421056721,-0.8287099330835327,0.3090925070197918,0.014785371531496602,0.08287694263300381,-0.26464457421415777,0.3328573341530681,-0.036488179716890466,0.005967441400424391,0.14204491975530376,428,True,13,106,428,451465,1455.57,1465.44,0.006780848739668999,False,2013-01-03 16:16:50.735
2013-01-04,1463.0485,0.001268,0.021809,0.11243117621043126,0.3239482036929443,-0.8155730307350695,0.350983295935951,0.013881948870959995,0.0964374819022573,-0.16117254928365818,0.2630976285718346,-0.050345518881155155,0.008374125523404902,0.18683162700264888,448,True,13,102,448,352371,1458.99,1467.94,0.006134380633177727,False,2013-01-04 16:16:16.091
2013-01-07,1459.8643,0.0013700000000000001,0.021879,0.051967084107211105,1.248916223216687,-0.6925851485164467,0.5481154763469273,0.0164629326645489,0.019672551628330225,-0.47328283543993493,0.4999514711286361,-0.17062550658149495,0.00806503880064014,0.1692802763208223,370,True,12,102,370,375785,1456.65,1466.47,0.0067414958981224515,False,2013-01-07 16:14:59.237
2013-01-08,1454.5807,0.001116,0.021962000000000002,0.05164603775884576,1.3935508859327,-0.7123722104551211,0.5705507634114065,0.01566679748370289,0.02066669727554681,-0.3983190203332289,0.4999745060271495,-0.18158541028183242,0.007538159661365999,0.1474258785217033,372,True,13,110,372,358398,1451.64,1461.89,0.007060979306164006,False,2013-01-08 16:15:00.490
2013-01-09,1461.6785,0.001116,0.021962000000000002,0.05753196570781599,1.1427841194470856,-0.7675932571034425,0.49752658873706906,0.01440630284310517,0.03279931715884379,-0.256512251909704,0.41308551556797124,-0.1160394729574118,0.006993330261209318,0.1470947206497945,392,True,14,102,392,366094,1457.15,1464.73,0.005201935284630865,False,2013-01-09 16:16:39.645
2013-01-10,1466.5783,0.0009130000000000001,0.021741999999999997,0.051124993675033016,1.5663327103045734,-0.7430592529063361,0.5821802861895954,0.014242939104600323,0.020785883782177272,-0.3188577186011934,0.49998323620823504,-0.1787763858131619,0.008164095288363071,0.18737729877665996,441,True,12,133,441,353249,1461.02,1472.3,0.007720633529999521,False,2013-01-10 16:14:54.970
2013-01-11,1469.6807,0.000862,0.021759,0.047658222608003904,1.4857185468238578,-0.7286515162059124,0.49955995553542,0.013783231454715904,0.02825965910043261,-0.4199424536102669,0.4646360230535505,-0.10794673869980781,0.0056110064132129525,0.12399211521191969,312,True,12,98,312,258367,1467.65,1472.75,0.0034749429359859363,False,2013-01-11 16:16:16.302
2013-01-14,1468.89,0.0013189999999999999,0.021779000000000003,0.05713574755408988,1.0984988000948372,-0.7734026286024406,0.48578454105681157,0.014989163005340686,0.04120419535085978,-0.2648018551907253,0.3818404035187115,-0.11045952006839851,0.004815461426560805,0.11248576083328464,302,True,10,92,302,261219,1465.69,1472.05,0.004339253184506786,False,2013-01-14 16:17:39.339
2013-01-15,1468.6916,0.0013700000000000001,0.021755,0.04530595547277334,1.5192607761225196,-0.7775100907187625,0.49010344453578913,0.014041739335821195,0.05072005021629357,-0.2805783272545916,0.3759815370141233,-0.10253826419676945,0.004938941130841929,0.10797053036935529,393,True,12,114,393,292257,1463.76,1473.23,0.006469639831666374,False,2013-01-15 16:18:08.115
2013-01-16,1471.7336,0.0013700000000000001,0.021759,0.042628382240033826,1.99725950299693,-0.7610521934266333,0.6023433694881342,0.013493532858499645,0.05850195044680778,-0.21669873604410972,0.31548341536801705,-0.19253765171373266,0.005628805368403997,0.13149529126653667,358,True,10,115,358,417546,1467.6,1473.96,0.004333605887162806,False,2013-01-16 16:17:34.730
2013-01-17,1480.6895,0.001421,0.021638,0.054918113779391216,1.0897152556113698,-0.7734024587170742,0.5191108691692512,0.013966692978799457,0.07898856996381855,-0.17961997075692196,0.25740372031121217,-0.14978588170004825,0.00567356985021452,0.14799929511693244,484,True,14,129,484,419368,1472.63,1485.16,0.008508586678255936,False,2013-01-17 16:19:02.497
2013-01-22,1487.3482,0.0013189999999999999,0.021478999999999998,0.05955516417597092,1.1127115307007862,-0.8017915548535853,0.5845143885851142,0.011673935250679631,0.12875417474040424,-0.0951812772158583,0.17229796178435508,-0.2091216346802674,0.005728027199004963,0.13283037060911546,430,True,12,111,430,492950,1481.16,1492.51,0.007662912852088866,False,2013-01-22 16:19:55.281
2013-01-23,1493.4402,0.0013189999999999999,0.021438000000000002,0.0516408289197047,1.079421625576084,-0.7908191105364365,0.4999490253829061,0.011023148481866646,0.05644826558621014,-0.20851600692748704,0.3069731405737694,-0.13846457298410947,0.00492340359577929,0.1392678027129027,356,True,11,102,356,378991,1489.96,1496.13,0.00414105076646365,False,2013-01-23 16:17:53.942
2013-01-24,1496.7764,0.0013189999999999999,0.021439,0.06314555947708018,0.6850052323795792,-0.7879328375953798,0.47159623897230746,0.0110499073457813,0.09400276188772827,-0.16969261349312975,0.23340784093949715,-0.135892935326154,0.005384661959408573,0.13388404758630995,528,True,15,121,528,635510,1489.46,1502.27,0.008600432371463462,False,2013-01-24 16:15:42.090
2013-01-25,1500.3753,0.0013700000000000001,0.021322999999999998,0.047598427217393165,0.8056351117725686,-0.7717904578064742,0.3772286314731179,0.010328053132870663,0.07636500846837804,-0.2628823835544941,0.3097590577486663,-0.06560751194011537,0.003911586913003346,0.114101260252537,418,True,13,123,418,280247,1494.82,1503.24,0.00563278521828714,False,2013-01-25 16:18:00.588
2013-01-28,1500.5138,0.0013700000000000001,0.021379000000000002,0.047461401824307754,0.8581611766698735,-0.7521474892426335,0.46778143534011524,0.012756919623725339,0.0792262682600013,-0.22621835187566627,0.28926435407887263,-0.13736040637695918,0.004596301342623168,0.10819780147674246,362,True,13,107,362,280550,1496.33,1503.23,0.00461128227062213,False,2013-01-28 16:14:58.985
2013-01-30,1505.5091,0.0013189999999999999,0.021424,0.029302294760120244,1.6099913951752503,-0.7463232381212217,0.4812297727608259,0.013467605840584622,0.08455249601548692,-0.23895464773497113,0.2955500705511618,-0.1372292093460713,0.005228465414002771,0.1171165215197642,407,True,12,115,407,290425,1500.13,1509.91,0.006519434982301453,False,2013-01-30 16:18:37.968
2013-01-29,1504.9345,0.0013700000000000001,0.021278000000000002,0.04064218402886153,1.1530933568385924,-0.7621253227925903,0.49510531957523823,0.012220912460228023,0.07934043155834528,-0.20578909029920878,0.28355433718332246,-0.15140081264951522,0.00506604264371799,0.11537259179157903,430,True,13,117,430,363748,1498.09,1509.35,0.007516237342215737,False,2013-01-29 16:16:29.072
2013-01-31,1499.9402,0.0013189999999999999,0.021481,0.03022730550776183,2.1194549364971715,-0.7191976996146084,0.6149611464938505,0.014457636675072256,0.08157419046761367,-0.22561509851059403,0.27713725541320894,-0.2500463879461631,0.006290521651520636,0.12840485469094967,393,True,13,101,393,184884,1496.76,1504.19,0.004964055693631675,False,2013-01-31 16:15:52.864
2013-02-01,1511.3071,0.0013700000000000001,0.021267,0.07712766518114166,0.4410433605584148,-0.8049477899558507,0.39456874124118446,0.010305709317903354,0.19709302653068067,-0.12029665257067416,0.17214754570984184,-0.08765120227762287,0.007277319510374806,0.1697068546129531,459,True,15,108,459,407998,1498.11,1514.41,0.010880375940351739,False,2013-02-01 16:16:32.655
2013-02-04,1501.3593,0.001268,0.021516999999999998,0.036347103123503026,2.6409808241272326,-0.717759581533829,0.8063425968364379,0.01612002210114294,0.018742008325894437,-0.41721083104032225,0.49996471253032587,-0.4582043787494372,0.005686849938128293,0.11797498946390633,474,True,13,120,474,229944,1495.02,1513.17,0.012140305815306895,False,2013-02-04 16:14:33.796
2013-02-05,1509.7228,0.001015,0.021307,0.03323022655704286,1.977314773021542,-0.7282092886080773,0.5570032670728484,0.012483270360037225,0.05073535584311699,-0.3080930945100107,0.36127139087199833,-0.17883940376563967,0.005033341008533038,0.11374197744762876,390,True,13,113,390,181846,1495.71,1514.96,0.0128701419392796,False,2013-02-05 16:15:29.639
2013-02-06,1509.507,0.001015,0.021307,0.03819081364156085,2.157700533563328,-0.7280603113048039,0.7088615190621492,0.013011477032676345,0.04549400614727961,-0.27083116609809266,0.35541886057906297,-0.33767597526387083,0.004744820681691518,0.09823771439534028,360,True,13,98,360,188582,1504.81,1512.47,0.005090343631422023,False,2013-02-06 16:15:40.393
2013-02-07,1505.5258,0.0013189999999999999,0.021568999999999998,0.03601864144905556,2.6183127364765677,-0.7338256873096096,0.8203965737617931,0.012657491869069965,0.11433136327623977,-0.14198507645316175,0.19983002903773178,-0.4844344029267992,0.0062985891462221414,0.13039894826879245,440,True,12,117,440,191680,1498.49,1512.82,0.009562960046446634,False,2013-02-07 16:17:02.618
2013-02-08,1516.6578,0.001015,0.021448000000000002,0.03138065981923789,2.9752747376162825,-0.7254250325511209,0.7003648568201797,0.01019837039184752,0.059663800283110954,-0.2463901234745044,0.30400029530245143,-0.3037787638489331,0.004090045568261664,0.09027911154258128,362,True,11,93,362,243266,1509.39,1518.31,0.00590967211920046,False,2013-02-08 16:16:34.624
2013-02-11,1516.3648,0.001015,0.021448000000000002,0.0384633344063293,2.6938588459067065,-0.7203714249260479,0.9197950132447358,0.010375925280383927,0.11248619805462924,-0.1130213750699885,0.1870108436758182,-0.6387932791227677,0.004306446582498243,0.09692820449534538,308,True,10,89,308,283578,1513.7,1518.28,0.0030256986192771507,False,2013-02-11 16:19:50.380
2013-02-12,1519.1794,0.001116,0.021440999999999998,0.03638210700025688,2.4397922610766343,-0.7056022855385827,0.8242060015113266,0.010570929402039662,0.07289116804975228,-0.17499970150033353,0.2425106224811395,-0.5017859667255113,0.004842828375140955,0.10339649239880709,346,True,11,95,346,214226,1515.61,1522.29,0.004407466300697438,False,2013-02-12 16:15:18.584
2013-02-14,1520.2351,0.001472,0.021472,0.03360963161630571,2.140718643052565,-0.7008157994111923,0.7254802396158461,0.011067172227465403,0.09380533787205052,-0.1847306479428725,0.22281102891821442,-0.38242404809875635,0.0056563131903627625,0.12254869548886274,385,True,12,104,385,220292,1514.02,1523.14,0.00602369849803841,False,2013-02-14 16:14:31.788
2013-02-15,1520.1796,0.001472,0.021505,0.036589893276066855,1.6046792155930003,-0.7470490693954116,0.5440498351502132,0.0100534599115551,0.08552127043156472,-0.21012303000888444,0.25300353845171375,-0.17856014064523304,0.005129670643769394,0.1259295622950072,434,True,11,121,434,421954,1514.17,1524.24,0.0066505081992114246,False,2013-02-15 16:14:59.355
2013-02-19,1526.8977,0.0015229999999999998,0.021372,0.06009570415309985,0.7328616877521377,-0.7653563141562748,0.5232246596119715,0.009288097669069776,0.14070729267571527,-0.1508985072692669,0.19850587410859255,-0.18568036608147565,0.00549727735938291,0.11947475240956396,437,True,13,106,437,388387,1519.79,1530.94,0.007336539916699136,False,2013-02-19 16:15:43.038
2013-02-20,1520.9112,0.001472,0.021644,0.06796016106898606,0.4363019803726141,-0.7784217516735387,0.41280927063074724,0.010593069222484871,0.20865644918217172,-0.14022540276974682,0.18139833026474303,-0.11110918819700862,0.006987925838429327,0.14550281792393388,503,True,12,120,503,381882,1511.41,1530.94,0.012921708867878356,False,2013-02-20 16:19:25.576
2013-02-25,1505.696,0.001472,0.022024,0.019919562651104252,11.942172469939889,-0.6971689488134503,1.3730364679282827,0.01991416984547782,0.057159376046918786,-0.37415724055540894,0.3922970670945075,-1.4094634368504542,0.013522372282504852,0.21595693666135865,525,True,12,140,525,342911,1487.85,1525.81,0.025513324595893394,False,2013-02-25 16:19:47.317
2013-02-22,1510.3569,0.001522,0.021621,0.6223165632119055,0.031471236813453145,-0.7872357288066946,0.35890962904314044,0.012673818150003006,0.17878217286869588,-0.18770922818112643,0.20264449137110963,-0.08964597795233237,0.005802944631137519,0.11291498893259867,419,True,10,113,419,245332,1502.42,1515.64,0.008799137391674705,False,2013-02-22 16:17:18.985
2013-02-26,1492.907,0.001472,0.021916,0.022591749510176225,6.113324818383226,-0.8098465630638675,0.8441185115438262,0.024705686660445078,0.1544306618184679,-0.19921278155511996,0.22019178675524104,-0.4363146555884499,0.00755425498932195,0.12913008537897017,474,True,10,122,474,421127,1485.11,1498.91,0.009292240978782784,False,2013-02-26 16:17:08.958
2013-02-27,1511.2928,0.001472,0.021661,0.050022805420806504,0.6954728219932031,-0.8272595437457443,0.4350133322233499,0.013640001977625778,0.2296871668470883,-0.152325490245145,0.17469758435496208,-0.11965759591201222,0.006879751425549959,0.13422688453684664,472,True,11,122,472,348058,1494.88,1520.08,0.016857540404580762,False,2013-02-27 16:16:47.973
2013-03-01,1514.4353,0.0013700000000000001,0.021633,0.11563556719091295,0.18785428277757837,-0.7937372517404392,0.4128568573505514,0.01155348314321927,0.3632101439108131,-0.14844837146394824,0.15509345461234028,-0.12700551158491868,0.0077556245124698,0.13582116589594184,446,True,12,105,446,314741,1501.48,1519.96,0.012307856248501503,False,2013-03-01 16:15:18.333
2013-03-04,1518.7756,0.0012690000000000002,0.021536,0.04103327173381508,1.802867894203348,-0.7965281121292482,0.6808189216358984,0.01444515262919758,0.14222609043888337,-0.17243398143861755,0.19012162064242824,-0.31555926765143366,0.006532840780162091,0.13044694495762,412,True,12,118,412,190068,1512.29,1525.27,0.008583009872445091,False,2013-03-04 16:19:01.673
2013-03-06,1541.7928,0.0013189999999999999,0.021345999999999997,0.053484779879291476,0.9560974800435766,-0.7916418577085625,0.5392556811370602,0.011956134269550741,0.08531335119359854,-0.19402845046019207,0.2683670643692126,-0.18852336311204285,0.004543326418988861,0.10359961045348906,376,True,11,105,376,309496,1538.11,1545.19,0.004603051797335889,False,2013-03-06 16:19:28.840
2013-03-05,1539.9226,0.001065,0.021336,0.0792144266789933,0.5452081410027628,-0.7915853528493557,0.5234568800955781,0.01110614870362966,0.1905555103797379,-0.12876551972000516,0.1573979986606662,-0.18763040469888925,0.005490391318915573,0.12026786451036962,459,True,13,110,459,494732,1525.2,1543.4,0.01193286126409654,False,2013-03-05 16:15:56.763
2013-03-08,1548.2061,0.0013189999999999999,0.021296,0.060849281223563007,0.7744742030551217,-0.7474261283711521,0.5190020487236002,0.011035041701611483,0.08267780497241618,-0.18670262900954593,0.24218502935248262,-0.17511072941510242,0.004995311367966647,0.11359553873197038,428,True,12,117,428,316344,1542.94,1552.44,0.006157076749581991,False,2013-03-08 16:19:05.462
2013-03-07,1544.1759,0.0013189999999999999,0.021296,0.05566031429248424,0.968582908153874,-0.760738956583929,0.601071215307692,0.011867561332396023,0.09465639324571443,-0.1682935356249574,0.2277679143377147,-0.2534633476991198,0.005671028232237856,0.13422346396796886,375,True,12,108,375,280684,1541.46,1545.78,0.002802537853723086,False,2013-03-07 16:19:03.535
2013-03-11,1552.8723,0.0013189999999999999,0.021296,0.05908293615932424,0.7629168342228966,-0.7460783813510133,0.5242522201890125,0.011812169412638494,0.07427344281370546,-0.20134687352562053,0.2461602664513898,-0.18468965715057856,0.005454274940049101,0.1293383026458594,420,True,14,119,420,280277,1547.4,1556.27,0.0057321959415792545,False,2013-03-11 16:18:49.471
2013-03-12,1552.9078,0.001167,0.021214,0.08397178805783517,0.42594749633088824,-0.7654619824522405,0.4854926694862858,0.011361345706976032,0.1823129111126154,-0.11920733420087114,0.16432659608764397,-0.16416798635359417,0.006991502080257175,0.14630333030006815,450,True,12,110,450,410838,1548.24,1556.76,0.005503022787164857,False,2013-03-12 16:18:25.384
2013-03-14,1560.8127,0.001421,0.021098,0.03918524987408478,1.4390319204379716,-0.6983706759930516,0.6024591879844539,0.01032545884317892,0.05352314587347649,-0.2740014298522076,0.30337028108672304,-0.2501794224285955,0.005159242733874509,0.12629553050857645,325,True,11,112,325,351757,1554.52,1563.29,0.005641612845122657,False,2013-03-14 16:17:09.437
2013-03-13,1553.6598,0.001421,0.021216,0.0542932616283781,0.754014754168039,-0.7081168263549994,0.5515394030106828,0.011815592441544748,0.09573662563752963,-0.2113509760642878,0.22223966840543258,-0.22231987243397533,0.006621912095339164,0.1570569764997305,370,True,11,116,370,292003,1548.41,1556.39,0.005153673768575562,False,2013-03-13 16:18:22.933
2013-03-15,1559.4499,0.0013700000000000001,0.021131999999999998,0.04323100375928578,1.4339490952768372,-0.6922237258358864,0.6678588275574447,0.00929166707132268,0.06844566109824701,-0.21709905822293316,0.2653626187704943,-0.3220532960893299,0.005475328791371584,0.1331880446649542,364,True,10,106,364,406987,1555.86,1563.62,0.004987595284922763,False,2013-03-15 16:19:08.415
2013-03-18,1552.895,0.0013189999999999999,0.021226,0.026912198158843596,2.7859045125802036,-0.7309451673995335,0.6096198160144605,0.012796308877954965,0.05587064536021681,-0.3425772129343798,0.33586582418809624,-0.2216866914891546,0.006374226943405049,0.1496181602212908,426,True,12,112,426,260458,1545.13,1560.7,0.010076822014976061,False,2013-03-18 16:19:41.939
2013-03-20,1555.3786,0.0013189999999999999,0.021138,0.08091181264267812,0.5888654325679278,-0.7808051160363667,0.5649954419612155,0.011789250216299181,0.12498486468287416,-0.15949613539548552,0.17690490236589992,-0.22392751033357772,0.006816614687551911,0.14486366657128236,361,True,11,107,361,516408,1548.34,1561.56,0.008538176369531358,False,2013-03-20 16:15:19.843
2013-03-21,1550.3095,0.0012690000000000002,0.021317,0.08818082041905116,0.5283100040643719,-0.8012947975590361,0.5712238349764751,0.012660510406501966,0.13702613160902002,-0.16082301589694042,0.18529531964115795,-0.23312305045725412,0.007916180061273658,0.15102894596940009,414,True,13,115,414,338395,1543.6,1558.71,0.00978880538999749,False,2013-03-21 16:15:40.547
2013-03-19,1547.3997,0.0012690000000000002,0.021279,0.027882384649148488,5.314146828119354,-0.71415687035891,1.0553745529022436,0.016735583321050403,0.029302032052786735,-0.4609273786366014,0.4635321363213724,-0.8174732750262581,0.008603610824538862,0.14696752311268652,467,True,13,125,467,358860,1538.57,1557.22,0.012121645423997629,False,2013-03-19 16:14:59.659
2013-03-22,1554.5283,0.0012690000000000002,0.02113,0.047567267154325306,1.6311849876132916,-0.7980222655866877,0.6799646686601112,0.01363114505421581,0.07141545276501507,-0.18973894478151448,0.2333468425000246,-0.3071699264582023,0.00511346578198466,0.1030816848494839,333,True,10,102,333,176143,1548.36,1557.74,0.0060580226820636796,False,2013-03-22 16:14:57.670
2013-03-26,1560.2891,0.001268,0.021092,0.08983722482341709,0.5521244577874146,-0.7845330509963333,0.596486942665011,0.010928893843615062,0.1873317335183638,-0.10894511276672829,0.14543010887675714,-0.25659401468034165,0.004908331316317061,0.10566350133830199,355,True,12,97,355,243626,1551.69,1563.86,0.007843061436240362,False,2013-03-26 16:16:33.790
2013-03-25,1555.0283,0.0012690000000000002,0.0212,0.036285514124144325,2.733994516487871,-0.8305930623348878,0.663262040924897,0.013445266972761761,0.026719936214389367,-0.4080723000654615,0.49997708051682466,-0.2415077416451522,0.00648924676092575,0.16359563869308325,410,True,11,113,410,224597,1546.22,1564.91,0.012087542523056216,False,2013-03-25 16:14:58.260
2013-03-28,1566.2818,0.0012180000000000001,0.021012,0.06058530378224993,0.8546527765550033,-0.7993849148747366,0.5447659654478183,0.011741360794915615,0.08843837781115337,-0.1735398814822515,0.2433197055762881,-0.1932111609184371,0.005041984561852547,0.12483233412403993,438,True,15,116,438,270712,1561.15,1570.26,0.0058354418217339,False,2013-03-28 16:16:29.221
2013-03-27,1559.2194,0.0012180000000000001,0.021096,0.25301552589033827,0.16059122791614067,-0.822960404700941,0.5657409934479949,0.01269685275978103,0.16945114419610605,-0.11145903960894117,0.16273026307212912,-0.2387987236983692,0.006185395976682724,0.13946427782614917,426,True,13,125,426,208698,1551.9,1564.07,0.00784200012887415,False,2013-03-27 16:16:38.306
2013-04-01,1562.8333,0.0013700000000000001,0.021112000000000002,0.04274521520640077,1.511832851164871,-0.7799718571792519,0.6050483464282234,0.013859056260635499,0.05115893505072626,-0.254842392350936,0.3423475271702168,-0.23683626035722963,0.004619783028565464,0.11127985586083174,390,True,12,118,390,167345,1558.55,1570.57,0.007712296686022357,False,2013-04-01 16:14:59.357
2013-04-02,1570.9103,0.001268,0.021004000000000002,0.7782253597521515,0.050244213999592544,-0.7888157072877278,0.5798077379477998,0.011475775879126914,0.17648594793042435,-0.10423506250083683,0.1556700531827627,-0.25797436995355055,0.005661859869971911,0.1367565352955073,368,True,12,109,368,286889,1562.17,1573.64,0.007342350704468759,False,2013-04-02 16:17:05.868
2013-04-03,1559.6192,0.001472,0.021234000000000003,0.0415198783199519,1.6007318065418792,-0.788989145324614,0.5810004306946198,0.013478893273046183,0.04415921485224368,-0.30299909227031024,0.3782959479626021,-0.20463712080634253,0.005693273168992517,0.13134626240042438,494,True,14,139,494,455747,1549.87,1571.47,0.013936652751521228,False,2013-04-03 16:20:00.635
2013-04-08,1554.7242,0.0013189999999999999,0.021183,0.07801506045876413,0.6484648529488769,-0.785791768196908,0.5763381815887264,0.013893644029443857,0.09502977889195648,-0.15577749113772707,0.2079449984609583,-0.2309856501406193,0.005071634812718518,0.10786222366425059,382,True,12,111,382,110577,1548.67,1563.07,0.009298301122898867,False,2013-04-08 16:17:19.604
2013-04-09,1567.4233,0.0013189999999999999,0.021082,0.05702034344983024,1.0114303445005814,-0.768852743029428,0.5804747603636705,0.01322261219640594,0.03375890242676885,-0.2862594744881788,0.35454404543947876,-0.2216067361812542,0.00434329917516469,0.11231341989952505,426,True,13,132,426,196714,1560.96,1573.88,0.00827695776957782,False,2013-04-09 16:17:09.232
2013-04-10,1583.655,0.000964,0.020838000000000002,0.14647392937677647,0.29991396718444757,-0.77258860044668,0.6105217175678268,0.011853365845027343,0.1509498323594672,-0.08245504945314182,0.14899794936528607,-0.28487761312500204,0.004588727181057603,0.117869094350572,529,True,14,127,529,424213,1570.63,1588.89,0.011625908075103553,False,2013-04-10 16:14:48.900
2013-04-11,1593.0768,0.0009130000000000001,0.020768,0.0886504627857904,0.5095380936592573,-0.7579129604170087,0.5776020088957305,0.012051484558130952,0.09722991464339097,-0.10827257138186026,0.187089907212456,-0.24328250506061844,0.005339328684051717,0.13238551057471226,492,True,13,123,492,453083,1586.25,1597.18,0.006890464933018148,False,2013-04-11 16:15:36.222
2013-04-12,1586.0043,0.0012180000000000001,0.020829,0.04841627541309417,1.1319370341017871,-0.7288500382908008,0.5699397750678143,0.012630233347968785,0.04799026502190332,-0.21272343087728535,0.30350396326393597,-0.21522299681764462,0.004482937518823069,0.10980443396588235,418,True,11,122,418,256318,1580.03,1593.3,0.008398574710606788,False,2013-04-12 16:17:54.984
2013-04-16,1567.3527,0.001116,0.021019,0.09912026348932446,0.288227646186917,-0.776800643164105,0.4435369616121833,0.013702291640846893,0.2190216938742759,-0.13796332595779862,0.17108768837573335,-0.13958663584625736,0.00613525735374536,0.11849955857852548,463,True,11,132,463,204321,1552.36,1575.35,0.014809709088098089,False,2013-04-16 16:15:51.629
2013-04-18,1544.3737,0.001065,0.021473,0.02804561053752095,11.27229691559197,-0.7381555325650121,1.6034482106682773,0.03095823782909255,0.03126141503970787,-0.47649147659792673,0.4999663311400648,-1.9387692659793179,0.007439915196057138,0.11990473549037985,537,True,14,146,537,331762,1536.48,1554.31,0.011604446527127,False,2013-04-18 16:16:30.571
2013-04-19,1550.9297,0.001065,0.021292,0.03149824645487588,6.491399881302799,-0.7598744841762126,1.228564071453238,0.021182600838528645,0.03145560212341294,-0.26418158844686573,0.3856222360589383,-1.1004342510689016,0.00691683651168509,0.1447974986687743,438,True,12,137,438,266418,1539.4,1555.82,0.010666493439002167,False,2013-04-19 16:18:41.875
2013-04-22,1557.4408,0.001015,0.021197,0.17835688217027082,0.2055489786853491,-0.8108220567456902,0.5420830084020856,0.015313993463229016,0.24878293700223184,-0.11508525626394875,0.1557755002973069,-0.22053183805505094,0.006582849274012426,0.131507798884982,523,True,14,159,523,271359,1548.19,1565.52,0.01119371653350032,False,2013-04-22 16:16:23.535
2013-04-23,1576.5238,0.001015,0.020978,0.10626523307866942,0.371381266801522,-0.787506837339304,0.5371269238711606,0.013786763868326278,0.12933070498306315,-0.13182019189752256,0.19537680984604536,-0.20957549859186503,0.005565344323357672,0.1319780245439002,477,True,15,129,477,395447,1562.5,1579.55,0.010912000000000033,False,2013-04-23 16:18:23.872
2013-04-24,1579.5698,0.001065,0.020983,0.04379471006298799,1.4005185540384906,-0.7633257005825665,0.6133018064655776,0.014060647349477554,0.0623397639088898,-0.18290737203147392,0.27897494783808824,-0.2534684977900391,0.0053133241998146955,0.13523534648065702,370,True,14,113,370,210088,1575.81,1582.96,0.00453734904588754,False,2013-04-24 16:18:10.733
2013-04-29,1592.2695,0.001015,0.020804999999999997,0.043313129104244744,1.1266111006901987,-0.7513364393349806,0.5398739683935788,0.013840746947376643,0.06379901609582485,-0.21501781750848112,0.2934678285057198,-0.1938697976400912,0.00464881660444548,0.12864094100963125,471,True,13,131,471,232487,1582.34,1596.65,0.00904356838606124,False,2013-04-29 16:15:26.223
2013-04-26,1582.1339,0.001015,0.020953,0.042296564976101195,1.2233929960751264,-0.7787106694299141,0.5204310024720652,0.014552894279562656,0.07626070997350745,-0.1956084428390465,0.27588995413422757,-0.16735778563448134,0.004969486097879527,0.12991611535571157,461,True,14,130,461,194667,1577.56,1585.78,0.0052105783615203904,False,2013-04-26 16:16:29.438
2013-04-30,1594.1838,0.001015,0.020756,0.039319347325302456,1.1306860068823354,-0.7562748275793353,0.5009968901778449,0.014632219863850871,0.0624687279728026,-0.25320780041260815,0.3128402300717723,-0.1620822123269398,0.0057016253046812725,0.13384435738803213,454,True,13,131,454,255231,1586.54,1597.57,0.006952235682680552,False,2013-04-30 16:16:08.405
2013-05-02,1595.3867,0.0013189999999999999,0.020762,0.043331603278704806,1.115388639915575,-0.7677951379323953,0.5177788325851522,0.013859859800779225,0.09884503839817683,-0.1647169099458732,0.23589340132798106,-0.17143176338045146,0.004714538682481312,0.10774244288570013,438,True,14,106,438,373784,1582.77,1598.56,0.009976180999134332,False,2013-05-02 16:18:54.083
2013-05-01,1588.9081,0.001015,0.020756,0.043130180771069934,1.0472931281632478,-0.7684278782015089,0.5659538785411445,0.015750861410161233,0.10476991222900152,-0.1548948307207221,0.23310337866882114,-0.22996390875980421,0.005741624481488817,0.12665143144769245,440,True,12,122,440,242486,1581.4,1597.55,0.010212469963323478,False,2013-05-01 16:15:58.572
2013-05-03,1616.16,0.001421,0.020555,0.15598008717213324,0.19855388892704093,-0.7857549146586067,0.45238202629416424,0.011936070816275767,0.16581985395900783,-0.08106739602835165,0.1754303025450959,-0.1427085919076021,0.0072940623028681035,0.15184635932600046,527,True,16,117,527,707395,1602.86,1618.46,0.009732602972187365,False,2013-05-03 16:19:23.860
2013-05-06,1617.2807,0.0012690000000000002,0.020516,0.043767171495450743,1.1945878447611118,-0.6677607539618649,0.5612110192536204,0.01310823602663882,0.0261838657233613,-0.36170016242428543,0.3860864034509226,-0.21039034599560652,0.004537498531664695,0.11992903369188952,377,True,14,108,377,258144,1614.21,1619.77,0.003444409339553145,False,2013-05-06 16:18:59.697
2013-05-08,1629.8079,0.001015,0.020405000000000003,0.03602389833510784,2.38667902839777,-0.6180512492424398,0.7997322855612801,0.012547360288713297,0.01303559229144685,-0.4999998362156085,0.42722082452400695,-0.46761676321399837,0.00570650578044853,0.1538412557905246,508,True,15,126,508,427366,1622.8,1632.78,0.006149864431846286,False,2013-05-08 16:17:26.422
2013-05-09,1629.6382,0.001421,0.020723,0.04541900164104672,1.2848381951695604,-0.6456885378785853,0.6088798750359078,0.012510422336006919,0.04984234050524119,-0.2314467374912777,0.27451401350913235,-0.2540225660339711,0.005297604603467137,0.13851700343750492,555,True,15,149,555,333129,1623.09,1635.01,0.007344016659581509,False,2013-05-09 16:17:20.094
2013-05-07,1622.065,0.0013700000000000001,0.020430999999999998,0.04729980841816012,1.3757303037190094,-0.6895524232202316,0.7110977680328538,0.012055897762274448,0.0599187494672083,-0.11671459700623148,0.22053560503974315,-0.37551647609937366,0.0057211244494132125,0.13801593210533267,540,True,15,130,540,362073,1616.64,1626.01,0.005795971892319729,False,2013-05-07 16:14:59.179
2013-05-13,1632.7309,0.001065,0.020638,0.039571695932266025,1.6388339110724757,-0.6219618533230405,0.5972882049641126,0.01328240516256532,0.050627201708595894,-0.23466747238779342,0.29776300053528265,-0.22705032536435918,0.004857616062917681,0.10846511863748608,443,True,15,134,443,215388,1626.74,1636.0,0.0056923663277475,False,2013-05-13 16:17:21.978
2013-05-10,1628.8111,0.001421,0.020723,0.040572242949293666,4.276205626608436,-0.6761981798841357,1.2523369215056648,0.009857946862394452,0.023274738299657594,0.16720256600247668,0.001006024156548036,-1.2213572577984975,0.005911177534969773,0.13088030416193613,461,True,14,139,461,234889,1623.77,1633.7,0.006115398116728343,False,2013-05-10 16:17:55.514
2013-05-14,1646.1839,0.001065,0.020456,0.0502755086005579,0.8464429474989464,-0.6585095982934733,0.4453003198708034,0.013754057955552176,0.08859848704719323,-0.1606801081292435,0.2448321803432351,-0.11318167550331007,0.0052052005584358,0.11952454417245141,619,True,15,145,619,631489,1633.75,1651.1,0.010619739862280042,False,2013-05-14 16:15:41.288
2013-05-15,1654.8014,0.001065,0.020376,0.0442722908888918,1.0296013912806423,-0.6124080746761609,0.5029205659314451,0.014002835569850195,0.08973167280999397,-0.15806519953041406,0.267502145793779,-0.1617634710480364,0.0058733365505489145,0.12190841150864479,615,True,15,143,615,510593,1646.71,1661.45,0.008951181446642087,False,2013-05-15 16:19:54.060
2013-05-16,1656.6622,0.001015,0.020484,0.0438364955206154,1.1512681525978883,-0.5944289038968992,0.5656397096635978,0.013167811544138359,0.08914042824938465,-0.1842815879936273,0.2698684777387878,-0.21901315871955018,0.006326643323746699,0.1159738057771058,597,True,15,137,597,422725,1648.6,1660.48,0.007206114278782039,False,2013-05-16 16:17:12.585
2013-05-17,1661.4299,0.001015,0.020278,0.03651414650036124,3.065836912260084,-0.5666594178548728,0.9417441229384628,0.011410968305962284,0.04495947195941924,-0.18804405083123693,0.2946990792868468,-0.6629891567681748,0.006824753464612811,0.11768842739463234,576,True,14,136,576,502611,1652.45,1667.35,0.009016914278798138,False,2013-05-17 16:19:35.932
2013-05-20,1668.1163,0.001065,0.020295999999999998,0.03798213025983105,1.8547713453190386,-0.5740167761422819,0.621981587931996,0.013997269356443222,0.059034221378880626,-0.17382178242832141,0.2897866754756674,-0.24596476204618767,0.006529994689172809,0.13426035222844682,523,True,13,125,523,314525,1663.59,1672.82,0.0055482420548331746,False,2013-05-20 16:17:08.581
2013-05-21,1669.6316,0.000964,0.020264,0.046755459753077676,1.5597560524044785,-0.5883384719475286,0.6890233162948993,0.014095061000998797,0.06936230330836933,-0.12942297846536296,0.23224286330173166,-0.32889890773238706,0.0060978486683996675,0.12144284182521986,521,True,14,125,521,403411,1662.67,1674.9,0.007355638821894939,False,2013-05-21 16:16:37.075
2013-05-23,1645.7756,0.001015,0.02051,0.050961317178498715,0.9607219413287845,-0.6476963433276114,0.5221004511980752,0.016415781623513537,0.12410404752514641,-0.1490260184996859,0.21700998323933426,-0.1746695699964353,0.0057907359107611895,0.10996727646285005,664,True,14,152,664,384165,1635.53,1655.5,0.012210109261218127,False,2013-05-23 16:18:39.473
2013-05-22,1672.4409,0.001015,0.020439,0.039011597751673885,2.0656281747795218,-0.5491329678094257,0.6973688744379426,0.01617594921612551,0.032080041289955445,-0.26070145569429837,0.35849911870298284,-0.3251564361167969,0.006618627184444853,0.12866649677060976,724,True,15,158,724,688581,1648.86,1687.1,0.023191780988076616,False,2013-05-22 16:19:55.436
2013-05-28,1666.1929,0.001167,0.020390000000000002,0.05613453024373797,0.9402985566565518,-0.6824564804746346,0.5258193899619716,0.0151668855711292,0.11503313350794032,-0.13976366073637475,0.185774934063665,-0.1709195953264193,0.006562371707941257,0.14460898614957426,517,True,12,136,517,234239,1652.63,1674.21,0.013057974259210958,False,2013-05-28 16:15:22.561
2013-05-24,1643.3575,0.001015,0.020516999999999997,0.04025598685049723,2.1173952638537576,-0.6770849407236295,0.5955180409250246,0.015993501321865965,0.045243866597019414,-0.2925507114713011,0.3517513282484955,-0.1841660652691753,0.004124012308977341,0.10182683818596841,494,True,12,129,494,258434,1637.03,1649.66,0.007715191535891286,False,2013-05-24 16:14:53.782
2013-05-30,1657.3644,0.0012690000000000002,0.020487000000000002,0.059408892733022016,1.0329892792136672,-0.6873150268761624,0.6500960272548966,0.016314660730467015,0.08721036628758756,-0.177246584892238,0.2154264515374048,-0.2998873460862662,0.005846331910413274,0.11824311788116898,515,True,14,127,515,254368,1648.79,1661.91,0.0079573505419126,False,2013-05-30 16:15:02.672
2013-05-29,1647.0029,0.0012180000000000001,0.020555,0.037773574037141676,3.661387210935866,-0.6686840595000909,0.9522000435975497,0.019851746269970834,0.015089190573891107,-0.4428337668021371,0.4999864490868172,-0.6300775612453164,0.005917635153268339,0.12511151689772776,513,True,12,148,513,238853,1640.32,1656.51,0.009870025360905199,False,2013-05-29 16:15:06.231
2013-05-31,1646.8374,0.0012690000000000002,0.020789,0.06443011995454948,0.7522426804660782,-0.7396404645526635,0.5015553510170647,0.01561691387889766,0.12423008858069116,-0.17888633947354965,0.2250147081306805,-0.1546235978591285,0.0061121052995083336,0.11150846767772483,606,True,13,156,606,375880,1630.74,1658.99,0.01732342372174589,False,2013-05-31 16:17:55.300
2013-06-04,1637.6506,0.0015229999999999998,0.020687999999999998,0.09022498367766846,0.44453954413008423,-0.72037858317709,0.5504778710226663,0.01726218716580342,0.2520626557479574,-0.1485448853255731,0.15764117722413382,-0.2228087402592172,0.006811760132249478,0.1596568040182313,531,True,13,150,531,271161,1623.62,1646.37,0.014011899336051625,False,2013-06-04 16:17:25.964
2013-06-03,1630.3909,0.0015229999999999998,0.020687999999999998,0.0238457952567507,9.527563628617706,-0.7641108425617016,0.8613794464172384,0.02453724433180316,0.046052434543264895,-0.49999996759828536,0.49624740896489034,-0.287589887542703,0.005815565025828986,0.11604756243250276,587,True,13,143,587,385957,1622.72,1640.42,0.010907611910865755,False,2013-06-03 16:16:50.683
2013-06-10,1643.859,0.0012690000000000002,0.020962,0.04219394956909932,2.8206331430859453,-0.7869623867526504,0.7575284334660572,0.020335875449192985,0.01820278089922044,-0.31769593473796665,0.49999724313802324,-0.33582202232494185,0.005304684943917927,0.11896695892292611,451,True,13,120,451,164260,1639.32,1648.51,0.005605982968547973,False,2013-06-10 16:16:28.471
2013-06-07,1638.101,0.0012690000000000002,0.020962,0.12894408603229027,0.2815346594267576,-0.7871949537404828,0.46056557326477154,0.01656345552725929,0.17220069660684906,-0.16301299825281124,0.19074419975143767,-0.1395161885843169,0.006462101078602253,0.14054364530227118,579,True,14,139,579,376741,1625.27,1644.4,0.011770352003051876,False,2013-06-07 16:22:35.433
2013-06-12,1620.1758,0.0012180000000000001,0.02117,0.040640752595511184,4.252892322991525,-0.7823121626456987,0.9829624548063495,0.030053033525801163,0.01926435275678449,-0.37269170583386935,0.4999921798610665,-0.6205336981308298,0.007383644100399819,0.13167418100157963,572,True,13,152,572,228878,1610.92,1637.67,0.016605418021999885,False,2013-06-12 16:17:53.725
2013-06-13,1621.2556,0.001167,0.020872,0.08692064271451454,0.5961439127329522,-0.7814411356849629,0.6296086286886358,0.02282570119643551,0.2745537771367989,-0.11366694276165676,0.12868503926881372,-0.29277260122899706,0.006549548197613745,0.13569190608161125,602,True,13,152,602,312715,1608.31,1639.24,0.019231367087190865,False,2013-06-13 16:13:43.240
2013-06-14,1631.6886,0.001116,0.020996,0.0452928132846022,2.7686959241760167,-0.8020131164625102,0.7556637495676041,0.024392572512376604,0.019679458191877313,-0.4065300260656735,0.49997855845144423,-0.3202236473394838,0.004299060229825873,0.0989501953901959,429,True,11,128,429,199209,1624.05,1640.68,0.010239832517471736,False,2013-06-14 16:14:45.309
2013-06-18,1648.3562,0.001167,0.020685,0.050211374517953995,2.530642332628395,-0.7970680880954271,0.8948306030743763,0.025728213166738192,0.020485246305316597,-0.1949671628327719,0.3807926761322399,-0.546587748329266,0.004770257408430026,0.10504997485670851,455,True,12,123,455,225672,1640.22,1654.19,0.008517150138396046,False,2013-06-18 16:15:39.648
2013-06-17,1640.9724,0.001116,0.020845,0.03838662841215185,3.33820521777718,-0.7894310393855547,0.7834099583116442,0.024881675220467,0.028068681654367555,-0.46825705520093674,0.499981351535818,-0.3574462762652139,0.004391502614833598,0.1063363476223028,477,True,12,125,477,205026,1630.41,1646.4,0.009807349071705884,False,2013-06-17 16:18:38.935
2013-06-19,1646.4902,0.001167,0.020975999999999998,0.04587963018445357,2.7658666538888217,-0.8067306499645374,0.8601285064830214,0.02512977449546297,0.015900218207581047,-0.33218043259857694,0.4999542291011672,-0.4860271692248507,0.005978474160630982,0.13156512712886395,510,True,11,148,510,368098,1628.91,1652.45,0.014451381598737711,False,2013-06-19 16:15:56.409
2013-06-20,1598.1466,0.001167,0.021530999999999998,0.04141506451555696,4.044839202967657,-0.858462040143633,0.9132311547384392,0.0380160830022397,0.02005740247894104,-0.3009274983953672,0.4999750090677547,-0.49895658889298405,0.009635339198885007,0.16756899733809402,689,True,12,148,689,919045,1584.32,1623.05,0.02444581902645937,False,2013-06-20 16:21:19.611
2013-06-21,1589.6924,0.0012180000000000001,0.021474000000000004,0.030950568410979817,4.992870166324163,-0.8306089474730334,0.8162062196611825,0.03404454191268283,0.04607413781610228,-0.49999909347643695,0.46913998586434874,-0.35712825371368606,0.006729094669681719,0.1435641507681649,604,True,12,139,604,602271,1577.7,1599.19,0.013621093997591371,False,2013-06-21 16:17:14.927
2013-06-24,1568.0385,0.001268,0.021705000000000002,0.05135855389307644,3.681963557660237,-0.8772770206081205,1.038149778892726,0.04325210292385404,0.043257070428044615,0.052092261737573274,0.15048246996627002,-0.6995543157981425,0.0078080914287966315,0.14770002645113062,707,True,13,157,707,739391,1560.33,1588.77,0.01822691353752104,False,2013-06-24 16:19:50.471
2013-06-25,1585.852,0.0013700000000000001,0.021509999999999998,0.04476908594636194,2.407025925340285,-0.8621440994844305,0.6833444214665182,0.030443523763492762,0.07803995912712043,-0.20930474620346634,0.2559142066399656,-0.2514388972960493,0.006312645365104888,0.14796583346365233,545,True,13,131,545,348108,1577.15,1593.76,0.010531655200836987,False,2013-06-25 16:22:37.678
2013-06-26,1601.0645,0.001573,0.021348,0.049631844432249585,2.1322004335325624,-0.8559217441871817,0.6759986592136816,0.027777782356286335,0.022942429026206038,-0.43428019010271857,0.4999865646537838,-0.24532410682776876,0.005208358056726018,0.1519423803463176,514,True,12,135,514,397505,1593.2,1606.83,0.008555109214160028,False,2013-06-26 16:19:55.582
2013-06-27,1615.7558,0.001472,0.021223000000000002,0.0804738701273647,0.7746395884225784,-0.854888083915492,0.5854073504135954,0.022889834876996987,0.17386364405512714,-0.10242370872862074,0.15626851775476083,-0.21802527464979843,0.005955206275754538,0.1435820884779815,529,True,14,124,529,506003,1607.5,1620.07,0.007819595645412125,False,2013-06-27 16:21:25.982
2013-06-28,1610.3097,0.001421,0.021318999999999998,0.056481431139178674,1.301436496364367,-0.8255054793215199,0.5745033422298389,0.02361206787320178,0.040621025221732936,-0.3319791711761938,0.38982233662704774,-0.18304009853041947,0.0066033074853356875,0.1583105956887422,470,True,11,129,470,278390,1601.06,1615.91,0.009275105242776638,False,2013-06-28 16:14:59.089
2013-07-01,1621.972,0.0013189999999999999,0.021252,0.05347450505733931,1.6195604167403463,-0.7950095959357633,0.6864511531909847,0.02357366517228633,0.040785307874975925,-0.1780835045775282,0.313925782869452,-0.2980048023259363,0.005959670194192713,0.13767295766482718,477,True,13,137,477,277416,1609.78,1626.56,0.010423784616531373,False,2013-07-01 16:17:49.006
2013-07-02,1617.351,0.001421,0.021294,0.05518717550074526,1.8114086626787018,-0.7795415349136476,0.7723131880301958,0.023445401324495407,0.03005181748428025,-0.1565684812270419,0.32655845859445204,-0.396534604863725,0.006162839441311734,0.13860867161354984,513,True,13,142,513,292490,1606.99,1624.26,0.010746799917858763,False,2013-07-02 16:20:50.332
2013-07-03,1611.8506,0.001472,0.021277,0.05808482459070649,1.2064593721350054,-0.8072682372223505,0.6446168146323018,0.021404175660918106,0.30419270719160646,-0.07457082113817,0.13049905543953405,-0.27537687569414404,0.005214295268668474,0.12128010320350222,397,True,12,112,397,157269,1604.85,1618.97,0.008798330061999593,False,2013-07-03 13:17:26.130
2013-07-08,1641.3426,0.001015,0.020968,0.04259351673226323,1.8901039047365267,-0.7328495861522465,0.593343949272009,0.019246896941983532,0.02012943865632089,-0.45368087085122594,0.47636090040780876,-0.19104469755348172,0.005048010296053356,0.12522530752503955,479,True,13,134,479,492180,1635.46,1644.62,0.005600870703043714,False,2013-07-08 16:14:57.441
2013-07-05,1624.5607,0.001015,0.021064,0.10170044542285568,0.5554234388186259,-0.8488101754033044,0.5880763522445862,0.018973167949334263,0.31766999283682046,-0.06313269045097622,0.12412949791114464,-0.2328601738170017,0.007735264676471962,0.15481146434922205,538,True,13,138,538,275756,1614.77,1631.9,0.01060832192820027,False,2013-07-05 16:16:36.262
2013-07-09,1649.5933,0.001015,0.020968,0.046881463847503066,1.0854156406973248,-0.7312138062122098,0.4860354409854848,0.017850326159439007,0.030626221335619444,-0.3411825330137496,0.42591758694221604,-0.13445870165622265,0.004799121264857014,0.11205949443049071,528,True,13,119,528,372841,1644.0,1654.17,0.006186131386861415,False,2013-07-09 16:17:20.184
2013-07-10,1651.0611,0.001015,0.02086,0.04049874505124222,2.130775577816889,-0.6928149085608603,0.7186477649828303,0.01883891081629439,0.011551799270580103,-0.43966089375076933,0.49996398175733997,-0.3438671363399783,0.006716066562829372,0.1529951161468929,450,True,13,129,450,271654,1647.66,1657.92,0.006227012854593816,False,2013-07-10 16:22:15.114
2013-07-11,1670.7202,0.0009130000000000001,0.020586000000000004,0.07258909038705029,0.453237920886188,-0.7739174952633209,0.3830538014704223,0.015616147804979594,0.11167399596118191,-0.12544749517781942,0.2127176040291321,-0.08092995800884921,0.006366912434215504,0.13521367053544597,564,True,14,123,564,477086,1658.26,1676.63,0.011077876810632992,False,2013-07-11 16:44:09.581
2013-07-12,1675.1706,0.0009130000000000001,0.020586000000000004,0.0466473868288113,1.1197811353304725,-0.6757415862631341,0.5087371252212153,0.017504863681370355,0.02447379501716138,-0.3045732602087746,0.42068540056851234,-0.15434373501161436,0.006385457812088717,0.14901840498496005,419,True,12,121,419,263123,1672.33,1680.19,0.004700029300437114,False,2013-07-12 16:16:22.244
2013-07-15,1681.5394,0.000964,0.020495,0.056527197624660214,0.8165626655896208,-0.7329734695213196,0.4774093931939456,0.017120836601589216,0.05578878321035033,-0.13862471917134636,0.2917000005527041,-0.13560373036840367,0.006029507720163299,0.12429744910756459,398,True,12,109,398,504974,1677.89,1684.49,0.003933511731996742,False,2013-07-15 16:12:19.608
2013-07-16,1677.0256,0.000862,0.020571000000000002,0.04496594250712483,1.001747968567805,-0.6479119338896385,0.46668504047923953,0.018034035404907126,0.026060000701093964,-0.43627373082464915,0.4556382606328682,-0.12770584388461143,0.005618627883254571,0.1348299571222878,442,True,12,133,442,321667,1671.9,1683.73,0.00707578204438053,False,2013-07-16 16:16:49.166
2013-07-18,1689.6399,0.000964,0.020430999999999998,0.038669637134230786,1.4046779943802918,-0.6451854712179342,0.5463230999265161,0.015777128458534306,0.03256852446467396,-0.33125730760012495,0.4194177782959678,-0.18983215284706814,0.005746845831774082,0.1321239934678723,487,True,13,107,487,414861,1681.05,1693.07,0.007150292971654704,False,2013-07-18 16:22:36.628
2013-07-19,1688.583,0.000964,0.0204,0.03774937465189317,1.5516464123206175,-0.64551281706368,0.5285622997174461,0.0143724177807537,0.027254701469440396,-0.4264197143664637,0.4999879105404481,-0.16223074119068148,0.005578340370883199,0.13374948563470196,388,True,12,109,388,242902,1684.12,1692.09,0.004732441868750437,False,2013-07-19 16:29:04.156
2013-07-22,1694.8899,0.0009130000000000001,0.020360999999999997,0.0391254793021308,1.891872761955288,-0.6456533658544825,0.6254528197373578,0.013531330870157707,0.02021671737325465,-0.3556647045182002,0.49998916364105833,-0.2431503725371185,0.006194270243809734,0.1438451944078796,408,True,13,110,408,295547,1690.67,1697.56,0.004075307422501062,False,2013-07-22 16:16:36.238
2013-07-23,1694.5489,0.000964,0.020398,0.04884610052510274,1.189397900001751,-0.6951800556297725,0.5280075732101783,0.012690813565227804,0.02470908199847274,-0.306238407817729,0.4999750201659774,-0.16259709859163857,0.005647587020773854,0.13462940410956883,397,True,12,110,397,211084,1691.19,1698.78,0.004487964096287156,False,2013-07-23 16:15:00.349
2013-07-24,1687.5114,0.001167,0.020475,0.07493113079810229,0.7036133671176941,-0.6977338893549674,0.6131925299616132,0.014007486117512409,0.08907874350602418,-0.12021194641560681,0.19827855749223608,-0.2705599883151457,0.0069128723335294216,0.1538384928464631,499,True,14,132,499,243390,1682.57,1698.32,0.009360680387740183,False,2013-07-24 16:17:53.073
2013-07-25,1686.2195,0.001116,0.020425,0.09484796662021516,0.4280568143599929,-0.7296375834079133,0.46903651355726106,0.01274329833971678,0.16879955833498517,-0.0985368121033857,0.16201169589568398,-0.13879461417000627,0.006026226477639727,0.13376889069448003,425,True,14,120,425,198603,1680.11,1690.9,0.006422198546523816,False,2013-07-25 16:14:58.962
2013-07-26,1686.188,0.001015,0.020409,0.04627624785863308,1.140103798544287,-0.7184356910939025,0.46164652740078854,0.012982997320631889,0.04856805297337877,-0.2772713431049775,0.33672976148145417,-0.107598064329198,0.004782018894069113,0.1273208838185907,473,True,13,125,473,318262,1676.03,1691.83,0.00942703889548513,False,2013-07-26 16:15:17.732
2013-07-29,1685.9286,0.001065,0.020498,0.04179831718785926,1.3139244925904052,-0.7636231469703082,0.44496690264735667,0.01367841433078016,0.04689931489031589,-0.261345358613818,0.3630716591842162,-0.08815587904720061,0.005001841426808472,0.12295825267741642,401,True,12,108,401,199249,1681.87,1690.92,0.005380915290718269,False,2013-07-29 16:17:19.496
2013-07-30,1687.6663,0.001065,0.020496,0.039650231871725776,1.5132247072237115,-0.7435799122435564,0.4980174009365782,0.013978297401324776,0.03594123934750505,-0.35761140970773014,0.3960492955258218,-0.12802191060473544,0.004954703580623133,0.12357434725552446,476,True,13,129,476,252871,1682.42,1693.19,0.006401493087338395,False,2013-07-30 16:14:46.522
2013-07-31,1691.7537,0.001015,0.020522,0.18837506113141608,0.22276311790593253,-0.7861208614397152,0.5643596773799778,0.012883216907922287,0.2307134389315975,-0.08179915620309863,0.1287712142049205,-0.23457581354572288,0.007061707325413222,0.14763850640151546,486,True,13,129,486,259147,1685.0,1698.41,0.007958456973293782,False,2013-07-31 16:19:48.039
2013-08-01,1704.1194,0.0013189999999999999,0.020289,0.07084780831192392,0.5302988361326227,-0.748932470635284,0.41660503297456297,0.012549856749566641,0.06630007935158418,-0.19379747744528653,0.2721253204136632,-0.09841873291901589,0.005800103935235489,0.14254824714390824,516,True,14,119,516,558223,1691.22,1707.85,0.009833138207920866,False,2013-08-01 16:20:47.229
2013-08-02,1704.5479,0.001421,0.020257,0.06076927554267861,0.7439091321360082,-0.7370296073777877,0.44108746350637323,0.01179539801507107,0.027091158836475674,-0.27724786333548523,0.4364057327153247,-0.10414451240351016,0.006504868361825036,0.1799403838867171,523,True,14,125,523,393731,1700.68,1709.67,0.005286120845779285,False,2013-08-02 16:14:35.959
2013-08-05,1706.7732,0.001015,0.020289,0.06576825567664464,0.7369999091900525,-0.7228047974391596,0.4784008240769589,0.011437919992513161,0.01828435007574869,-0.2807021978736604,0.4999781742137844,-0.13192495155496287,0.004492031119592607,0.11314735729212728,392,True,13,104,392,239276,1703.59,1709.18,0.0032813059480274465,False,2013-08-05 16:14:57.882
2013-08-07,1688.7259,0.0012180000000000001,0.020539,0.03464779801751756,2.436983267321113,-0.7089622601654868,0.6212687220739029,0.014054094189950782,0.021473177111851486,-0.4285056523439918,0.4568673453633549,-0.2171026169909166,0.0049678456976835345,0.12073232712081769,495,True,13,128,495,227743,1684.94,1695.05,0.006000213657459508,False,2013-08-07 16:17:20.870
2013-08-06,1698.2367,0.001015,0.020289,0.05010298074000733,0.9912973412285243,-0.7281171666039227,0.4622618460507196,0.011764465285785581,0.08368057062873081,-0.11983247361022663,0.20814255521823713,-0.11435211112383276,0.00583288507162373,0.1227033032531717,434,True,13,109,434,217272,1693.29,1705.79,0.0073820786752416545,False,2013-08-06 16:15:45.059
2013-08-08,1696.6002,0.001015,0.020492,0.04570400954519519,1.7075877477770607,-0.7035762883461665,0.6737961910475347,0.011514221345660472,0.038462687719119586,-0.21539824227070492,0.28502725627813996,-0.29791409362284366,0.005629802261793836,0.13210356211603438,471,True,14,136,471,240642,1688.44,1700.12,0.006917628106417606,False,2013-08-08 16:17:40.041
2013-08-09,1692.0925,0.001015,0.020492,0.03873590564197463,2.177495419790656,-0.7368751216023399,0.6126002055711256,0.01206143124097191,0.04238368334104227,-0.24617279596695385,0.30248295917949036,-0.20658449763209977,0.004699876553520935,0.1107309877599486,411,True,11,117,411,160563,1686.03,1699.42,0.007941732946626257,False,2013-08-09 16:17:07.488
2013-08-12,1688.6081,0.001015,0.020492,0.04281981662025433,1.6538469164489251,-0.7638483138373409,0.5880759513612877,0.013740128347637921,0.08055869478233774,-0.1614892256159552,0.23197304392771742,-0.20419848120885145,0.00469867249210884,0.10246144610685247,423,True,13,108,423,118252,1683.35,1691.49,0.004835595687171512,False,2013-08-12 16:15:38.077
2013-08-13,1689.6185,0.001065,0.020554000000000003,0.04552448116013716,1.7685843011057718,-0.739888020095653,0.6595896047603274,0.01249051641581853,0.0667347488904027,-0.16412754239892974,0.22537631377417117,-0.2740306813162767,0.005194240350672738,0.11259651206215093,493,True,14,130,493,191552,1682.62,1696.76,0.008403561113026203,False,2013-08-13 16:19:27.065
2013-08-14,1688.5739,0.001065,0.020679,0.05071854119391201,1.4855148110956766,-0.7508479949608236,0.6392621035625408,0.012384519641525826,0.07512217979159956,-0.16242262883065497,0.20820447962549088,-0.2579697487697596,0.005494719570683708,0.13459827125262852,462,True,13,116,462,278623,1684.83,1695.34,0.006238018078975394,False,2013-08-14 16:17:02.909
2013-08-16,1659.0374,0.001116,0.021071,0.037290214225134066,2.5865814038542463,-0.7642247168510223,0.6399616562822911,0.01607988275186492,0.03259204392075069,-0.35092665663502154,0.3658774055198009,-0.21664257219062752,0.0051970947064621685,0.12201420031685357,576,True,12,139,576,329777,1652.65,1663.56,0.006601518772879844,False,2013-08-16 16:22:00.715
2013-08-19,1652.7226,0.001116,0.021204999999999998,0.032028549866560264,4.845683433947189,-0.7651142396655133,0.8564694056698786,0.018465880073884767,0.020908866392900686,-0.367392267131446,0.46417118484165454,-0.4231394158450301,0.004868179270025828,0.11213526416130493,560,True,12,132,560,406844,1645.84,1659.06,0.008032372527098541,False,2013-08-19 16:20:08.049
2013-08-15,1663.2319,0.001065,0.020996,0.0354143414924328,3.044128397152153,-0.7937738188474595,0.6783981601694392,0.017425643820593393,0.05526547653568165,-0.19977709952084172,0.28135497886607963,-0.24461245851416322,0.0064898514490133435,0.13315141323029636,627,True,13,129,627,416656,1658.59,1679.61,0.012673415370887398,False,2013-08-15 16:17:13.018
2013-08-21,1648.291,0.0013189999999999999,0.021242,0.03583719718642224,4.63699258063912,-0.7774518714368723,1.027197972123216,0.02167306003496895,0.084555418822083,-0.07756620043241755,0.16990617487211912,-0.7227820390053652,0.006464765053071437,0.141539909078836,530,True,13,120,530,545386,1639.45,1656.98,0.010692610326633822,False,2013-08-21 16:20:02.268
2013-08-20,1654.5967,0.001167,0.021131,0.03472258864826046,4.19541921250734,-0.7910833195137508,0.817758455093379,0.019196208820321626,0.014842318551754876,-0.3296789318467914,0.485629781556646,-0.3773772598309076,0.004965098146100453,0.11830203011186984,539,True,12,119,539,292932,1646.09,1658.92,0.007794227533123976,False,2013-08-20 16:14:45.954
2013-08-23,1660.2952,0.0012690000000000002,0.020996,0.036906775010803014,3.0896979291891027,-0.7287912065137785,0.8204855135860363,0.01655384200611774,0.03322059598218175,-0.21408349785712366,0.3149784750723933,-0.4451349053566893,0.004646162093747578,0.10115017609403242,394,True,13,100,394,280316,1654.89,1664.85,0.006018526911154121,False,2013-08-23 16:15:06.953
2013-08-22,1654.2297,0.0012690000000000002,0.021067999999999996,0.035256998532853696,3.504412724130548,-0.7473322791092555,0.8150659683907314,0.018301364291584556,0.03980385032130732,-0.19537612015235137,0.2848986560592919,-0.41722238428235175,0.005201314991085962,0.12986656379557776,462,True,14,102,462,281411,1645.03,1659.55,0.008826586749177912,False,2013-08-22 16:17:16.131
2013-08-26,1664.5705,0.0012180000000000001,0.021088,0.05238843484976689,1.2637690717967598,-0.7629971802206456,0.6327642914891498,0.015518709422871362,0.10558175208642069,-0.13185399473116566,0.19136468827423092,-0.26797688121781593,0.005587776124132773,0.12741465335720487,506,True,12,139,506,165088,1656.02,1669.44,0.008103766862719075,False,2013-08-26 16:27:55.117
2013-08-28,1635.7963,0.001167,0.021397,0.03296953118205204,5.0994565645789205,-0.7582566313351076,0.9658823006691439,0.024628970788982383,0.044121237441229616,-0.19737425141962636,0.30933178142079104,-0.5966752343111092,0.006334626153510835,0.11732654909165215,521,True,12,120,521,472560,1627.47,1641.1,0.008374962364897653,False,2013-08-28 16:19:32.133
2013-08-27,1637.6445,0.0012180000000000001,0.021428,0.03651239313427719,2.4472227696385334,-0.811525695897732,0.6831651711679715,0.021664981468275335,0.2094138204449766,-0.10484932957713883,0.15928348752010768,-0.28800673139257016,0.006528106371192765,0.1344419476174011,656,True,12,138,656,539976,1629.05,1652.54,0.014419446916914769,False,2013-08-27 16:16:41.204
2013-08-29,1641.9211,0.001167,0.02137,0.062220113386819736,1.041286915044019,-0.7954061139897336,0.6659789795924076,0.020199198933098107,0.28176075534268424,-0.08990132875223472,0.14204952960271103,-0.3139500214144433,0.006318132009479745,0.11519185381658245,497,True,13,112,497,230060,1631.03,1646.34,0.009386706559658675,False,2013-08-29 16:19:15.578
2013-08-30,1633.3985,0.001116,0.021456,0.030723836797749284,3.2077276939704866,-0.7552216900035221,0.634449469962699,0.024055479541566758,0.09677867528823256,-0.2552263164048988,0.27037369659104393,-0.20541872561360994,0.005645863895460587,0.11012348511300064,480,True,13,130,480,171311,1628.05,1640.08,0.0073892079481587825,False,2013-08-30 16:20:50.600
2013-09-04,1651.118,0.0012180000000000001,0.021211999999999998,0.04502228472199469,2.2440097964533496,-0.7594179835605085,0.6893844405227432,0.022111658256464495,0.027078326488577477,-0.3087718318952427,0.35547519208748524,-0.2731900108851195,0.005926290209599087,0.18451815997344828,501,True,12,128,501,208446,1637.48,1655.72,0.011139067347387455,False,2013-09-04 16:18:31.651
2013-09-03,1641.1076,0.001116,0.021456,0.0340740002845022,2.5772337280601074,-0.771007142560563,0.6053432014871154,0.022313324709518342,0.09029874690830174,-0.2304776228637441,0.27803032151362705,-0.19080706602037287,0.0060522642184479706,0.12809444600055744,547,True,12,140,547,244240,1633.58,1651.35,0.010877949044429958,False,2013-09-03 16:16:08.004
2013-09-05,1656.3251,0.001015,0.02119,0.05622667705425093,1.3725565960343333,-0.7747275508271747,0.6984783620064067,0.020030331648421336,0.11023914475162758,-0.11235625341429029,0.1978577249450173,-0.33352342926334405,0.00547560505057833,0.12877595662728963,451,True,13,118,451,286871,1653.07,1659.16,0.0036840545167478034,False,2013-09-05 16:17:27.006
2013-09-06,1657.341,0.001015,0.02119,0.06295309283523959,0.9944766689100175,-0.829833575679333,0.5752048366162246,0.01865391672249106,0.15358553383044346,-0.12338909657129678,0.19208940968442226,-0.2056498399459533,0.006546232330707609,0.14377422230917739,635,True,13,159,635,326624,1640.62,1664.83,0.014756616401116585,False,2013-09-06 16:14:57.860
2013-09-09,1667.9099,0.001065,0.021002999999999997,0.0464229520723366,1.863721227917357,-0.7953131978739592,0.6817320736616673,0.020272790777795594,0.05940373330986141,-0.17706971152954457,0.25898532930310053,-0.2917197377794295,0.005503293572957869,0.12653135858176204,505,True,12,129,505,181162,1657.64,1672.4,0.008904225284138922,False,2013-09-09 16:19:07.243
2013-09-10,1681.2236,0.0013700000000000001,0.020859000000000003,0.03864475957095168,2.8122106338171937,-0.7213223428023867,0.8157211734937655,0.018384247343536317,0.019201976038897967,-0.33984009255741987,0.4206260525096211,-0.4480466252725677,0.004930095449784623,0.113923473934241,426,True,12,114,426,257613,1674.32,1684.09,0.005835204739834676,False,2013-09-10 16:14:56.168
2013-09-11,1685.2903,0.0013700000000000001,0.020859000000000003,0.06579339903218177,0.9326571389661894,-0.7381443700097806,0.6717064833629636,0.015267673711938254,0.12380984930781928,-0.10999836175247117,0.15923312028541392,-0.3284642331834082,0.005326518763601383,0.1204631647818817,464,True,12,113,464,391359,1678.7,1689.13,0.006213141121105714,False,2013-09-11 16:14:57.796
2013-09-12,1685.8668,0.001116,0.020895999999999998,0.05184830649641162,1.4802679204106486,-0.7131375551145133,0.7584455002453061,0.015471865539544487,0.05927455887804528,-0.14314293003401926,0.21980307041473765,-0.42174080717383833,0.005772135297565959,0.14557246565007836,471,True,12,121,471,246866,1681.98,1689.95,0.004738463001938253,False,2013-09-12 16:20:29.499
2013-09-13,1686.7421,0.001065,0.020841,0.037788095556159154,2.9361975139476004,-0.834198440994333,0.6590728741435005,0.0174004837407947,0.017260743044438785,-0.38790076109836147,0.4999687599649796,-0.21247042897415666,0.006721304438335062,0.1721128622266565,392,True,11,115,392,116222,1682.22,1688.73,0.003869886221778307,False,2013-09-13 16:20:10.782
2013-09-16,1701.2917,0.001015,0.020723,0.04082863567555507,1.8005575166339376,-0.7262299489145696,0.6956780286109422,0.017867407823162935,0.03329585886308276,-0.22078729096300476,0.3215555692739955,-0.33693930577294845,0.006709356100558407,0.14191454089611152,419,True,10,119,419,355102,1692.34,1704.95,0.007451221385773588,False,2013-09-16 16:18:32.185
2013-09-17,1703.9453,0.001015,0.020638,0.06599231718395572,0.7063476558030386,-0.7509901588868719,0.602885833651643,0.01722232777076357,0.10778908036063155,-0.13166592882119652,0.18472894698028924,-0.27024429133004124,0.005173218591699062,0.10753222829578944,370,True,10,109,370,301421,1698.82,1705.46,0.0039085953779682825,False,2013-09-17 16:18:56.115
2013-09-18,1713.6587,0.001065,0.020390000000000002,0.024745176879360543,3.2238245812697777,-0.5998475168048373,1.017147146533647,0.024184261465642024,1.975914393368264e-08,-0.027645112576948176,0.10490942829124617,-0.8750400987184384,0.018031656629785068,0.6555918434021276,495,True,10,142,495,497879,1700.42,1729.44,0.017066371837546113,False,2013-09-18 16:27:00.912
2013-09-19,1724.2052,0.001015,0.020446,0.05925503513300635,0.5917969267643763,-0.7194772365901123,0.39418535720070613,0.0156292766072608,0.0381876898401951,-0.28741218249794453,0.35033075441942435,-0.08524820045739169,0.006413906287965351,0.18552004569403033,479,True,12,111,479,404833,1720.2,1728.99,0.005109870945238848,False,2013-09-19 16:19:46.518
2013-09-20,1716.8772,0.001015,0.020598,0.052274167244983,0.9569666811926664,-0.7015651725152819,0.5009554461691144,0.014059914204897809,0.05172415929842845,-0.22181328200809972,0.31296417996652404,-0.1509070863654129,0.005202324100667844,0.12865996815713573,493,True,10,147,493,336227,1708.89,1725.23,0.009561762313548439,False,2013-09-20 16:16:52.007
2013-09-23,1701.9545,0.000964,0.020638,0.03452155418644733,1.48159537906417,-0.7129731774833363,0.49032366682579664,0.015820553245472845,0.09269684576865404,-0.21002633902325402,0.25622106219144936,-0.13812334792798742,0.00585560846323373,0.13441382551884937,445,True,11,124,445,314347,1697.19,1710.61,0.007907187763302792,False,2013-09-23 16:17:29.436
2013-09-24,1701.842,0.000964,0.020701999999999998,0.05237984942946237,0.918650006632871,-0.7306873947395013,0.5239979629235455,0.015161198330117325,0.12229015164371027,-0.14832547411459754,0.19220330330066576,-0.17833636709641656,0.0057053576732338535,0.11909468049744025,481,True,11,136,481,281347,1694.9,1707.59,0.007487167384506277,False,2013-09-24 16:26:37.437
2013-09-25,1696.4803,0.000964,0.020760999999999998,0.05645462544209498,0.7755720217278781,-0.7792192599087427,0.4572603216222144,0.014953132523047103,0.16817494023451243,-0.13260944203286706,0.16776392524250627,-0.12151774575001954,0.006003987354716065,0.13992454004659577,475,True,13,142,475,317161,1691.88,1701.71,0.0058101047355603175,False,2013-09-25 16:14:53.066
2013-09-26,1697.9452,0.0009130000000000001,0.020687,0.038997345777569505,1.2413647347490124,-0.7618278397446088,0.468964278019013,0.014136071669569025,0.10988835121242395,-0.18479470046371624,0.2411758880473487,-0.12310763446371796,0.005921481435955291,0.1339252190709898,486,True,13,142,486,317790,1693.13,1703.85,0.006331468936230378,False,2013-09-26 16:18:00.694
2013-09-27,1690.6281,0.000862,0.020791,0.07333808757212523,0.29532330669012113,-0.7712360491593703,0.3471559082705732,0.014118571043268587,0.20901238204062933,-0.17358679305018876,0.19480287561871,-0.07720033159090722,0.006659741097515447,0.12573432019015962,386,True,11,112,386,316075,1687.11,1695.52,0.004984855759257112,False,2013-09-27 16:15:27.889
2013-09-30,1681.835,0.000862,0.020922,0.011858805730002078,16.63907879758528,-0.7091665112683824,0.8375311411194085,0.02540529592246989,0.3445616897294506,-0.16031621416161387,0.16559631591192342,-0.30681920637125776,0.00902931761243903,0.15767807348156596,465,True,11,125,465,277337,1674.99,1687.07,0.007211983355124518,False,2013-09-30 16:18:19.353
2013-10-02,1686.9721,0.0013189999999999999,0.020759,0.020954632318073325,19.586445536829213,-0.6820167897982156,1.879945792838206,0.028790732314002882,0.05858181073723059,-0.3427478585000735,0.33991635353522376,-2.713342654725622,0.0072313165265995615,0.11117085163085343,450,True,10,129,450,400280,1680.34,1693.87,0.008051941868907564,False,2013-10-02 16:17:10.999
2013-10-01,1691.6872,0.0013189999999999999,0.020759,0.01983547971744145,13.536741836354837,-0.6954422693664778,1.1971378603778342,0.022402744919404846,0.06634743458056937,-0.33555998107017165,0.3359461891946011,-0.8961235204795038,0.007067931779993051,0.12063043280851864,482,True,11,118,482,410009,1682.14,1696.55,0.00856646890270718,False,2013-10-01 16:17:26.761
2013-10-03,1678.4839,0.0013189999999999999,0.020759,0.018185181861041344,18.296640829269926,-0.7084647358381677,1.4750132191928542,0.034064428593613715,0.12106446736714878,-0.2745459193783054,0.2711965991137417,-1.5102085149408109,0.008280505745652688,0.13823841621960337,536,True,12,132,536,385189,1670.36,1691.81,0.01284154314040098,False,2013-10-03 16:17:00.359
2013-10-04,1686.3113,0.0012690000000000002,0.020856,0.017565424464147463,12.656702521956781,-0.7327006474464203,1.1025725791253522,0.024866142721560545,0.20937554865471109,-0.18679286271871343,0.20089438268345935,-0.771025588009898,0.007947621583761182,0.12955862344686297,531,True,13,141,531,264964,1677.34,1691.92,0.00869233429119931,False,2013-10-04 16:16:13.717
2013-10-07,1681.3635,0.001167,0.021037,0.02463299555577458,14.716153388996075,-0.7358660077325312,1.7027523763542105,0.039203708507847775,0.06889671775105607,-0.3457250186634515,0.31025085017112747,-2.174359773121436,0.006153377651914576,0.09146554463986005,477,True,12,119,477,185853,1674.7,1685.66,0.006544455723413112,False,2013-10-07 16:14:57.826
2013-10-08,1664.6497,0.001167,0.021037,0.03170696384512901,12.075072273215447,-0.7825267105745077,1.7668020474070474,0.05119737863337263,0.0266810101023614,-0.46886609949988,0.49996197337880705,-2.3558617147334107,0.007805314061766723,0.11576415453287016,604,True,12,150,604,359026,1655.09,1676.77,0.013098985553655629,False,2013-10-08 16:17:55.186
2013-10-09,1655.3545,0.001116,0.021330000000000002,0.025976767107033102,16.84273399288661,-0.7610640000759665,1.8821448783317907,0.05908883377596839,0.05146848719733143,-0.40506935424080825,0.3961151721465193,-2.6674297862727405,0.008085886464506408,0.11948572825395974,601,True,11,155,601,386408,1646.48,1662.41,0.009675185851027779,False,2013-10-09 16:14:47.906
2013-10-14,1703.3031,0.001268,0.020669,0.02020125701277611,18.52950864666486,-0.7510939745261829,1.8077950130069678,0.03247267965058463,0.0807665156708399,-0.26592365787641686,0.28919055564417473,-2.5194840760693946,0.00865858615001515,0.14300943551274126,390,True,11,115,390,307086,1692.13,1711.03,0.011169354600414794,False,2013-10-14 16:20:32.084
2013-10-11,1698.0137,0.001268,0.020882,0.022128760022797397,17.02348613961139,-0.7359321904209348,1.641636414964809,0.025527706409134484,0.03380744404618802,-0.4999998548269683,0.48321409231005397,-1.9415528398687545,0.0074796055880642625,0.14202055598441837,401,True,10,125,401,218147,1688.65,1703.38,0.008722944363841023,False,2013-10-11 16:19:50.985
2013-10-16,1714.4226,0.0012180000000000001,0.020539,0.022682852914135583,10.026820103578064,-0.71855823873027,1.3014419655281249,0.023694119965735134,0.04940710575556131,-0.358128183291105,0.38307863485286303,-1.238877418425791,0.009373998399965574,0.14765446948610045,476,True,11,128,476,550070,1700.49,1721.76,0.012508159412875086,False,2013-10-16 16:17:51.344
2013-10-18,1740.5654,0.001116,0.020272000000000002,0.023408145871433184,1.7869233870148997,-0.5916082926289665,0.422528793314115,0.011590239368502732,0.0716113197847805,-0.2998190987207212,0.3222456891870104,-0.09487345457084169,0.006173924037827813,0.14851957570886118,509,True,11,127,509,640977,1735.74,1745.31,0.005513498565453245,False,2013-10-18 16:24:42.074
2013-10-22,1754.2561,0.000964,0.020156,0.019296013847997968,14.980198882014164,-0.45929625911416944,1.9281062080294853,0.009862562419412963,0.0267502070966119,-0.4999998184997278,0.420571006441702,-3.139477299295623,0.009229935449153995,0.14794557834739644,480,True,13,111,480,473581,1746.48,1759.33,0.007357656543447444,False,2013-10-22 16:15:16.128
2013-10-17,1725.6432,0.0012180000000000001,0.020413999999999998,0.5368228841111922,0.036983783753109435,-0.7452472349129933,0.33789964433955866,0.011315754825337934,0.1993144971153161,-0.15216500022147225,0.19206992884022775,-0.07446868672542252,0.007033870736388007,0.14299497256776425,567,True,12,125,567,648828,1714.14,1733.45,0.01126512420222392,False,2013-10-17 16:17:18.607
2013-10-23,1745.0384,0.000964,0.020253,0.018760751466667724,4.884714211053248,-0.5064058759833086,0.6874592546547641,0.012538764550436217,0.08560801729298777,-0.26540970417326976,0.28323111783828286,-0.289318408211944,0.006815212346059867,0.12147581597141263,416,True,12,116,416,304513,1740.5,1751.88,0.0065383510485492735,False,2013-10-23 16:17:56.024
2013-10-24,1749.9792,0.001015,0.020186000000000003,0.018629878811115802,12.809268927703936,-0.4896054501409277,1.4788987665136193,0.009188600886278365,0.0350000169493846,-0.4711211244054649,0.3638252338958444,-1.7098713060312736,0.007260194959167263,0.1291024145729955,439,True,13,120,439,241047,1745.5,1753.94,0.004835290747636778,False,2013-10-24 16:15:03.115
2013-10-25,1755.6003,0.000964,0.020097999999999998,0.028299827059372454,1.901403423687696,-0.6503024163427019,0.4673932986655353,0.01118460467008518,0.05961391257169293,-0.3048743773871358,0.3431253749893618,-0.11083771951652932,0.005531226281255943,0.14820586128381713,405,True,13,115,405,215499,1752.55,1759.82,0.004148241134346975,False,2013-10-25 16:16:55.079
2013-10-28,1761.73,0.000964,0.020072999999999997,0.03270510296725492,1.0852578099577634,-0.6128460407454817,0.39986800751616614,0.011470010827707135,0.07319924729490854,-0.2854225349377674,0.31540736143781023,-0.08890748659357624,0.005162878120110324,0.12629818800252532,429,True,12,117,429,546125,1757.67,1764.99,0.004164604277253403,False,2013-10-28 16:16:08.131
2013-10-29,1768.642,0.000964,0.019969,0.029547078928898973,1.8020031487581425,-0.6332053114341779,0.5013196970749045,0.011376008703507445,0.06668263995457424,-0.24543060392036528,0.33083737075544023,-0.14483358014231146,0.006075536210305716,0.1315165008918266,419,True,12,110,419,274649,1764.44,1772.04,0.004307315635555753,False,2013-10-29 16:16:18.962
2013-10-30,1768.4853,0.0009130000000000001,0.02009,0.03122032024664276,1.4900504519574251,-0.6703515875868213,0.4885015695832189,0.01315694397552335,0.08200728864206469,-0.2163118054456349,0.30335186141180437,-0.14559407889773726,0.007335931273126345,0.15889865833414848,512,True,12,142,512,516734,1757.24,1775.22,0.010231954656165332,False,2013-10-30 16:21:12.269
2013-10-31,1761.981,0.0009130000000000001,0.020175000000000002,0.044164007599227534,0.8464965489529587,-0.6723194975021879,0.41436222512667,0.011431385119804847,0.0798049509283977,-0.24902379608771838,0.3011437502318454,-0.09692669357056843,0.0069061701764120235,0.1487637114959066,536,True,13,135,536,274335,1755.88,1768.53,0.007204364762967819,False,2013-10-31 16:18:23.156
2013-11-04,1764.7298,0.0012180000000000001,0.020049,0.031632531734992704,2.454121671746043,-0.6708853062414012,0.616082862915868,0.010664799719047394,0.062199232061587964,-0.20750972077557522,0.2724165157921407,-0.22429793065253206,0.00606267736923092,0.1357657756510256,346,True,10,98,346,167485,1761.56,1768.68,0.0040418719771113665,False,2013-11-04 16:15:38.169
2013-11-01,1758.1942,0.0013189999999999999,0.020117,0.03645362232768495,1.311517276542332,-0.6988841383398922,0.44370887383504165,0.011641325854094435,0.07592082525119849,-0.23477528276603069,0.29470058689164974,-0.1012584537693447,0.008248109448624898,0.18300209466971024,522,True,12,122,522,271831,1752.7,1765.57,0.007342956581274596,False,2013-11-01 16:14:59.086
2013-11-05,1762.9211,0.0012180000000000001,0.020049,0.04078121167966236,1.9549668144691883,-0.6636701739531172,0.7057491525523741,0.012014910409158714,0.020961607624049767,-0.33556634564421695,0.46549532689812795,-0.3386300353532279,0.005379271949445951,0.12436006173753184,445,True,12,126,445,231117,1755.78,1766.96,0.006367540352435919,False,2013-11-05 16:17:04.388
2013-11-06,1769.3947,0.0012180000000000001,0.020066999999999998,0.02980740982840845,2.756828138624592,-0.6288425688686664,0.6464197836284397,0.01086614002246935,0.04655591440305509,-0.23968204520674188,0.29806558897508567,-0.2535107243572955,0.006447587986986724,0.134131604157481,415,True,12,115,415,227724,1764.48,1773.65,0.005196998549147569,False,2013-11-06 16:15:00.937
2013-11-08,1760.4083,0.001065,0.020358,0.049397826501226226,0.9419496093575663,-0.6830299685410766,0.45106455334259193,0.011836485245014164,0.09341260226442265,-0.15392603061662913,0.20876518841671504,-0.11039870453026619,0.00599301716984201,0.12290336613693123,443,True,11,118,443,177734,1747.63,1770.64,0.013166402499384944,False,2013-11-08 16:18:21.765
2013-11-07,1757.0941,0.001065,0.020358,0.03703734606161756,1.5097290056857713,-0.6573473602443315,0.5242571419178783,0.012940330228871347,0.06466268164392855,-0.1938283447786984,0.2563355413372541,-0.163012839566211,0.007144542014366749,0.1516207324796111,583,True,13,141,583,253565,1746.2,1774.54,0.0162295269728554,False,2013-11-07 16:17:45.513
2013-11-11,1771.2222,0.001015,0.020075,0.0320316320737416,2.6883356809292502,-0.6054842758705912,0.6886894046651494,0.01114583020849117,0.036449194565337,-0.3161748990047635,0.35745561634512796,-0.3020695372535632,0.004747073227342849,0.1142188050096091,343,True,10,111,343,139512,1767.92,1773.38,0.003088375039594471,False,2013-11-11 16:14:59.310
2013-11-12,1767.2935,0.0013189999999999999,0.020139,0.04926969068452428,1.515542103192083,-0.6543794176260394,0.7008449441822467,0.011429540877387494,0.040201545110602706,-0.2674063719280816,0.31382035106260064,-0.3418430544985219,0.005018664716097858,0.11217806058833936,435,True,11,119,435,293018,1762.32,1771.74,0.00534522674656146,False,2013-11-12 16:21:07.365
2013-11-13,1772.8983,0.000964,0.019965999999999998,0.04024194346007393,1.477417790915173,-0.6982370548017641,0.5040490487978314,0.01049758184325726,0.08605536224678513,-0.2241775644925642,0.2596716192872809,-0.13515711717616719,0.005073081659617428,0.11754408448138043,542,True,13,141,542,337411,1760.64,1782.0,0.0121319520174481,False,2013-11-13 16:17:04.500
2013-11-14,1787.6975,0.0012180000000000001,0.019859,0.02849610611451138,2.381338812773028,-0.6533916290738915,0.5255236850777556,0.009453161746893047,0.07873933871658921,-0.24958758244244206,0.29571794817066466,-0.14045737657093457,0.005547642977365806,0.11919813577079118,540,True,12,129,540,620257,1780.22,1791.53,0.006353147363808986,False,2013-11-14 16:20:22.073
2013-11-15,1793.9133,0.0012180000000000001,0.0197,0.03055143507572795,2.10453700598942,-0.6177092556119683,0.5166763464438472,0.008813998994155496,0.06346674426338905,-0.2921602289441516,0.32445851570766104,-0.13836119556865709,0.005542708890136052,0.11551136546249206,462,True,12,120,462,327255,1790.95,1798.22,0.004059298137859768,False,2013-11-15 16:23:48.390
2013-11-18,1797.2597,0.0012690000000000002,0.019796,0.038255656035915395,1.285923339752845,-0.6050029981921621,0.48452403787636505,0.009788806980624997,0.10277919571737608,-0.2025871902480458,0.2506883166690428,-0.13637586133173646,0.005826457115482128,0.12473796708870392,503,True,13,128,503,397284,1788.0,1802.33,0.00801454138702451,False,2013-11-18 16:24:53.404
2013-11-19,1789.2881,0.0012690000000000002,0.019831,0.03402794847619198,1.1111037212193469,-0.6445963604027032,0.368090124302573,0.010272065790205231,0.1374128971629601,-0.18831286503077993,0.24156263184677274,-0.05987317925436941,0.006195330968038242,0.12548005746785515,471,True,12,118,471,446387,1784.88,1795.5,0.005949979830576879,False,2013-11-19 16:18:43.431
2013-11-20,1788.4029,0.001116,0.019902,0.026813696127754014,1.9016886188518785,-0.6515267953639847,0.44586203231275595,0.01048890339144503,0.10349552627230647,-0.22870746980713255,0.299834437506916,-0.09681035034705605,0.007967171832711437,0.15620835491754767,497,True,11,129,497,509383,1777.25,1795.72,0.01039246026164009,False,2013-11-20 16:14:55.292
2013-11-21,1793.2966,0.001116,0.019753,0.03833763096310294,0.7543802811152389,-0.7192404394312981,0.2772615957718004,0.008514582388001134,0.1890153186775575,-0.15476067743589003,0.2139048056790119,-0.019031686843449455,0.007812221821619481,0.1430756244802259,458,True,12,118,458,242209,1783.52,1797.16,0.0076477976137077075,False,2013-11-21 16:27:17.221
2013-11-22,1801.1014,0.001167,0.019669000000000002,0.022032018042837307,2.522002740539271,-0.5832386226618881,0.46681229992429135,0.008633663708920413,0.11443269826202833,-0.2006222333150013,0.24909856792306562,-0.10678410359331385,0.007659564550712677,0.13665009225069644,425,True,11,123,425,245878,1794.75,1804.84,0.005621952918233752,False,2013-11-22 16:28:02.247
2013-11-25,1805.1142,0.001167,0.019697,0.043626244810199895,0.6981794149300767,-0.6581602321541711,0.3456570393416128,0.009271227548513297,0.11245148062364835,-0.1917414843529981,0.27466080074669125,-0.058560896692045936,0.005857246711979487,0.1247215401728299,451,True,12,123,451,271950,1800.58,1808.1,0.004176432038565325,False,2013-11-25 16:23:48.129
2013-11-27,1806.818,0.001116,0.019684999999999998,0.03346691338500254,0.9922881563661327,-0.5702730797978756,0.38157287015533886,0.0086402787877118,0.13637587508227494,-0.18672718610056047,0.245519920305,-0.07918021167444467,0.005838033788627663,0.12538060148010474,391,True,12,119,391,240258,1802.77,1808.26,0.0030453136007366766,False,2013-11-27 16:17:38.066
2013-11-29,1811.7857,0.001167,0.019704,0.10002773793963414,0.283302231367399,-0.6880628060601016,0.376621752713573,0.009326769701186918,0.16195806540155472,-0.15096403789250987,0.2279888574760849,-0.08516778190318017,0.007562518092214222,0.15691222681516764,359,True,11,115,359,219325,1804.02,1813.55,0.005282646533852242,False,2013-11-29 13:18:00.157
2013-11-26,1805.2407,0.001167,0.019705999999999998,0.4616479323870804,0.0459968118678087,-0.604310248517505,0.3319018825323676,0.008803840715795154,0.15281901600319453,-0.16118232358632173,0.22942731807318348,-0.06769019343818672,0.006683508528031189,0.1260790572122174,373,True,12,102,373,220717,1800.77,1808.34,0.004203757281607379,False,2013-11-26 16:23:37.046
2013-12-03,1794.492,0.001472,0.019843,0.0951812739310563,0.1980348590138114,-0.6800763581955631,0.32892409655969906,0.011431481594117237,0.19462445382232196,-0.18479956222075067,0.22427591333443292,-0.07049264097023084,0.007308930250763704,0.14545570819919712,447,True,11,113,447,217363,1787.85,1799.53,0.006532986548088537,False,2013-12-03 16:15:07.825
2013-12-04,1790.0531,0.001167,0.019874,0.02103783956438974,1.8817151000255086,-0.6569686320363884,0.3973855987085691,0.011867980036315725,0.20033468683165068,-0.19236534827293056,0.21719378145605134,-0.07874087330051545,0.008124939072792145,0.15925027485991905,533,True,13,129,533,321237,1779.09,1799.8,0.01164078264730839,False,2013-12-04 16:16:12.798
2013-12-05,1787.091,0.001167,0.019874,0.049358729845323135,0.3583525672645277,-0.703160144353789,0.3329611318725709,0.012093201765018921,0.2624281381221215,-0.15711453947661752,0.1923056936629559,-0.07548746022388794,0.00790392572523854,0.14424503138465442,474,True,14,123,474,285094,1783.39,1792.3,0.004996102927570467,False,2013-12-05 16:17:47.301
2013-12-09,1809.0499,0.001015,0.019478,0.021258894136641244,3.9555308797507798,-0.6310280252605961,0.6586440882834411,0.011393060130348461,0.08899515879483334,-0.23636894399835917,0.2917599194772764,-0.265631610577051,0.008178263445072526,0.13644070167582611,358,True,12,114,358,165766,1806.71,1811.41,0.002601413619230497,False,2013-12-09 16:18:26.815
2013-12-06,1802.31,0.0012180000000000001,0.019507,0.02949050064928122,0.9822711690608285,-0.76437529350014,0.31987765256073164,0.009833434021230828,0.20562913152922307,-0.15385103430362482,0.2158837211162886,-0.044386375509846976,0.008607896709495305,0.14855803724559025,478,True,12,127,478,346220,1790.89,1806.04,0.008459481040153038,False,2013-12-06 16:22:33.148
2013-12-10,1804.4113,0.001015,0.019478,0.023593547233374753,5.0127961631048255,-0.6045584011364751,0.9735915490294054,0.011537683195289954,0.08110336254078643,-0.21476015743260826,0.26999823357572994,-0.7113412182504902,0.005817642459644939,0.11065597979948584,357,True,12,100,357,235203,1801.82,1808.52,0.003718462443529358,False,2013-12-10 16:18:43.220
2013-12-11,1790.2472,0.001065,0.019740999999999998,0.049065433934414766,0.4795692900604167,-0.7431464778628596,0.37662965479713534,0.012960526210726511,0.21960739098353366,-0.15103552219865296,0.19675695277783056,-0.09478934623574219,0.0060706635446568,0.12415832741486774,529,True,13,137,529,185919,1780.09,1802.97,0.012853282699189394,False,2013-12-11 16:18:27.611
2013-12-13,1776.2892,0.0013189999999999999,0.019785999999999998,0.019352443403882705,4.938394786382782,-0.6587725326736978,0.7237418572814774,0.017159055765265996,0.13777544699885558,-0.2027544857548544,0.22740552218901108,-0.3326622647622381,0.0065850364390169416,0.11459898480335161,409,True,11,114,409,210626,1772.45,1780.85,0.004739202798386355,False,2013-12-13 16:15:40.535
2013-12-16,1787.987,0.0013189999999999999,0.019618,0.021692989318001916,12.250451283257062,-0.6595599997780052,1.4391451332538692,0.021208071811514472,0.03367722784314774,-0.4615641201201694,0.49995431009728647,-1.5396408969115003,0.006758530831497951,0.12751638878144345,391,True,10,115,391,179438,1778.03,1792.22,0.007980742732125012,False,2013-12-16 16:15:24.029
2013-12-12,1778.6123,0.0013189999999999999,0.019826,0.21108968557096525,0.058068428586346615,-0.7665091672240775,0.3097706676625192,0.013701690622180754,0.30044351211434117,-0.14358085691968486,0.17356572032490308,-0.07144257388029901,0.006427037716753439,0.11962944441937884,498,True,13,121,498,202581,1772.28,1782.94,0.006014850926490123,False,2013-12-12 16:14:47.242
2013-12-17,1781.4794,0.0012690000000000002,0.019681,0.025765606826364116,7.876362459783148,-0.6706954999007289,1.3047503496092039,0.02227691408912122,0.030440065601044005,-0.4999999788347296,0.4742631010002492,-1.2964949580839265,0.006075297115567208,0.10059588240105133,345,True,9,105,345,142825,1777.11,1786.57,0.005323249545610587,False,2013-12-17 16:16:49.158
2013-12-18,1785.0017,0.0012690000000000002,0.019336,0.01741773094335453,6.500411541931345,-0.6049539288333131,0.7296749715812817,0.01592982428122351,0.07285364427836587,-0.4118760603429699,0.346289889945008,-0.30598072563527123,0.011566738053179005,0.19302580571090083,475,True,14,128,475,428393,1767.99,1811.08,0.02437230979813232,False,2013-12-18 16:14:55.254
