date,spot_price,risk_free_rate,dividend_rate,theta,kappa,rho,eta,v0,lambda_,nu,delta,feller,iv_rmse,rmse,n_helpers,accepted,n_maturities,n_strikes,contracts_count,total_volume,spot_min,spot_max,spot_range_pct,high_move,calculation_date
2012-01-03,1280.3824,0.001578,0.020857999999999998,0.10923944653564722,0.7196495757516813,-0.8321698652337178,0.6410368980950559,0.041154128278753775,0.06994628105299333,-0.4976081502691278,0.49995169376075693,-0.25370006200987716,0.008973855061291029,0.17413287736514987,370,True,11,113,370,332384,1258.86,1284.62,0.02046295854979907,False,2012-01-03 16:19:32.942
2012-01-04,1274.1283,0.001578,0.020857999999999998,0.12514454019845314,0.7234887064469849,-0.8607617053130235,0.7115218257451507,0.04159372847589157,0.06871311556086834,-0.42342166886849336,0.49997494931694725,-0.3251819854975494,0.009922094943698546,0.21138003849197676,340,True,10,107,340,226712,1268.15,1278.73,0.008342861648858557,False,2012-01-04 16:14:58.707
2012-01-05,1274.731,0.001776,0.020865,0.16284053890078293,0.540246322752787,-0.8340092413002502,0.7078893850948239,0.0384471007305443,0.06016610733356185,-0.43417071053497114,0.4999577510865592,-0.32515937685746765,0.009958409254346571,0.20821681290331404,333,True,8,107,333,276393,1265.31,1283.05,0.014020279615272191,False,2012-01-05 16:18:55.947
2012-01-06,1278.3748,0.001675,0.020933999999999998,0.10757162177969001,0.8753852727677013,-0.8683144703533268,0.653156691425379,0.03341985252885097,0.0649784149318139,-0.42610514249278003,0.4999607987762779,-0.23828043660639192,0.010784707223412366,0.25489051421296005,267,True,8,99,267,338015,1273.44,1281.76,0.006533484106043375,False,2012-01-06 16:17:59.965
2012-01-09,1279.0535,0.001675,0.020933999999999998,0.1047242866800451,0.707756910427383,-0.8825803126599435,0.585026826276623,0.03680550393083292,0.06705832868979292,-0.49999993407194965,0.48533862188310767,-0.19401771228853743,0.005343455001233575,0.16023878682661438,223,True,7,93,223,234730,1274.75,1281.95,0.005648166307119062,False,2012-01-09 16:16:15.534
2012-01-10,1293.0412,0.0015229999999999998,0.020710000000000003,0.09047270802470246,0.8458019033834488,-0.8326687828323159,0.5875218004817563,0.03192179865053573,0.06458564845996291,-0.49999998331081286,0.48746544546586257,-0.19213788873822787,0.0053422682800294075,0.10398244827182286,245,True,7,100,245,302943,1280.77,1296.3,0.012125518242932065,False,2012-01-10 16:15:08.454
2012-01-11,1289.269,0.001675,0.020712,0.10304160860636531,0.5881930062946499,-0.8126099125232656,0.5746918797516058,0.034645419045309794,0.07486909143795284,-0.4999999916002649,0.40217658694438,-0.20905404957320484,0.005425973186529333,0.10652255325350533,232,True,8,96,232,235676,1285.41,1293.79,0.006519320683672891,False,2012-01-11 16:17:04.080
2012-01-12,1291.4098,0.001675,0.020712,0.08925152248662707,0.5483892053872796,-0.864332308009417,0.4777164026705301,0.033624266174139036,0.0901677449720725,-0.4999999896170855,0.46680754358348453,-0.13032381838837936,0.005958649928862331,0.13876859010797937,266,True,9,97,266,288675,1285.77,1296.66,0.008469632982570863,False,2012-01-12 16:14:58.635
2012-01-13,1284.3522,0.000967,0.020777999999999998,0.1073500331619604,0.5511169290961094,-0.8697615226711275,0.51723241545805,0.03447363573804776,0.08993204959483136,-0.4999999516870536,0.4647569778344381,-0.14920453037139858,0.005686662230391054,0.10333302395928552,254,True,7,99,254,178159,1277.58,1294.82,0.013494262590209694,False,2012-01-13 16:16:13.565
2012-01-17,1297.3128,0.000967,0.020705,0.05911928351829608,0.6327284054643894,-0.8249990415362894,0.40749264986445494,0.029504881349449664,0.1384979140634053,-0.4525307718194635,0.37052643694961857,-0.091237359708098,0.006487421549515944,0.278204725178523,281,True,8,102,281,283916,1290.97,1302.92,0.009256605498191295,False,2012-01-17 16:19:52.232
2012-01-18,1298.6547,0.001017,0.020491000000000002,0.043646643736654535,1.0919358969989785,-0.7980999592818441,0.5058705923585539,0.03185738005461546,0.14168977906660402,-0.4537118472199032,0.409671961684568,-0.16058638205403677,0.007975730909387406,0.1313172739245,313,True,9,107,313,678202,1291.14,1308.04,0.013089207986740403,False,2012-01-18 16:14:58.089
2012-01-19,1313.1668,0.001017,0.020395,0.08169992219121276,0.6109438986646841,-0.82342136953787,0.4813521462868302,0.02570472748150419,0.10092015803553551,-0.49999998959382275,0.49357549402945655,-0.13187175076673624,0.005619633760728543,0.0977777450065313,243,True,8,91,243,359925,1308.07,1315.47,0.0056571895999451005,False,2012-01-19 16:19:09.254
2012-01-20,1311.6792,0.001017,0.020383,0.11683488638541073,0.5719398818258,-0.7935402482037192,0.5742006999363242,0.02511567388447693,0.07985463435865672,-0.4848309679427154,0.49995940685634926,-0.1960613815825594,0.007051310988576281,0.1824299001729339,241,True,7,95,241,434863,1309.2,1315.38,0.004720439963336487,False,2012-01-20 16:16:15.514
2012-01-23,1316.1228,0.001017,0.020457999999999997,0.09619909395654731,0.48305610432071083,-0.8272715906366889,0.4697135490252684,0.024509588499675907,0.08864620074633564,-0.466942101185766,0.4999540246491995,-0.12769169900624966,0.006898011358795967,0.11730181131891529,315,True,9,103,315,335741,1309.97,1322.26,0.009381894241852873,False,2012-01-23 16:17:27.394
2012-01-24,1311.9362,0.001017,0.02048,0.07396883498763927,0.8387135335589073,-0.7989801688109364,0.5396071861312106,0.02479567018930809,0.09609734200588108,-0.4286831379997724,0.47102131435417066,-0.16709858939300565,0.006947615822858724,0.2900482193095438,260,True,8,91,260,211520,1306.15,1315.96,0.007510622822799684,False,2012-01-24 16:15:28.883
2012-01-25,1316.1761,0.000967,0.020305,0.1303922616537553,0.3716422224436214,-0.8561435113966221,0.45128157542211406,0.022405421716684755,0.08862518464285984,-0.4334914457010947,0.4999505717058327,-0.10673652049456159,0.006772474445041419,0.17579553403492207,317,True,8,105,317,254963,1307.75,1328.3,0.01571401261709049,False,2012-01-25 16:18:45.401
2012-01-26,1323.2468,0.001017,0.020427,0.09484292188338823,0.5590013690047666,-0.8051550232457803,0.4787259087050101,0.0232339821319729,0.07807232551502181,-0.4422781781860244,0.49996751406233725,-0.12314384931898534,0.006915664764424489,0.1798136659553832,381,True,9,113,381,391850,1313.6,1333.47,0.015126370280146295,False,2012-01-26 16:19:31.408
2012-01-27,1315.6682,0.0010680000000000002,0.020481,0.26429890954026747,0.21506046139169954,-0.7972191184635381,0.555847900075523,0.025383342081445864,0.06287079682088854,-0.3959889219564545,0.4999500098232956,-0.19528639715626261,0.007486997554858127,0.18498796193610478,293,True,9,94,293,274444,1311.72,1319.99,0.006304699173604211,False,2012-01-27 16:19:45.886
2012-01-30,1307.1162,0.001119,0.020534,0.328866784966663,0.10851761512788705,-0.8570759508484284,0.4212631315233972,0.02677094192794156,0.09320235364482186,-0.383179146880835,0.4699441260705807,-0.10608694758218322,0.0059668918205670034,0.15354857589129473,327,True,8,103,327,256070,1300.54,1316.16,0.01201039568179385,False,2012-01-30 16:19:16.467
2012-01-31,1312.0988,0.001119,0.020543999999999996,0.13979328025568868,0.3071151174175279,-0.826151184303953,0.47400134942794625,0.026996934458230794,0.07890247396055731,-0.4266472452346463,0.49995000649368765,-0.13881201989969957,0.00640963915501329,0.13736566086503194,322,True,9,103,322,210606,1306.78,1321.41,0.011195457536846476,False,2012-01-31 16:19:32.133
2012-02-01,1326.4317,0.001017,0.020402999999999998,0.14227866807851533,0.3079696064041745,-0.8490447607077463,0.4521655488627217,0.02392580723396412,0.07798792145743341,-0.42381015483677187,0.4999524457161018,-0.11681867276262525,0.007003308115224068,0.15034781034516398,371,True,11,111,371,422921,1312.45,1330.42,0.013691950169530287,False,2012-02-01 16:16:50.867
2012-02-02,1325.9511,0.0012720000000000001,0.020387,0.11443575782549867,0.5049634857966082,-0.8230761700464938,0.5372076638001049,0.023111143739556726,0.07424127656539192,-0.3603913465037357,0.4999563583647315,-0.17302031570288595,0.0065548513408779,0.14768748788378613,267,True,9,90,267,202453,1321.58,1329.19,0.005758259053557202,False,2012-02-02 16:15:15.429
2012-02-03,1342.2899,0.001527,0.020125,0.16624141085495447,0.2576534492900251,-0.8342291664986826,0.4248476092434061,0.0199099761653915,0.0722015899128891,-0.384341395065991,0.49995883885686104,-0.09483014523659938,0.007424218068378007,0.20056488598601868,345,True,10,99,345,638115,1326.21,1345.34,0.014424563229051168,False,2012-02-03 16:18:17.181
2012-02-06,1341.6754,0.001527,0.020125,0.08041505600712778,0.9607738147073079,-0.7211838955900643,0.6696362148761822,0.02316678232400709,0.04795242919400911,-0.49999244567312007,0.49997745946682715,-0.2938913000339605,0.00691180241143001,0.13938066382210512,207,True,9,81,207,170856,1337.52,1344.33,0.005091512650278185,False,2012-02-06 16:18:29.000
2012-02-07,1343.7008,0.00198,0.020097999999999998,0.10435316600084728,0.42134714639908705,-0.8363252371455735,0.433271466730032,0.023274729915571345,0.05606180803851964,-0.48787445494053827,0.4999725520908232,-0.09978634645805876,0.006351036302353482,0.1962038430242929,306,True,10,102,306,226987,1336.07,1349.24,0.00985726795751729,False,2012-02-07 16:16:46.406
2012-02-08,1347.3485,0.001573,0.020081,0.1137330437059697,0.36875719143825264,-0.8359700662308124,0.4422413944515034,0.02463065375402084,0.0561710821281185,-0.4999999611339904,0.49581033649734685,-0.11169769542493536,0.007010489780730313,0.20445325645495385,298,True,10,109,298,208666,1342.2,1351.0,0.006556399940396362,False,2012-02-08 16:18:31.520
2012-02-09,1350.3661,0.001573,0.020081,0.09710927039502619,0.45621472994136353,-0.7911892223393652,0.46508794377347074,0.024885448779235597,0.0670557716146255,-0.4999998800221914,0.4382183768587072,-0.12770143630729563,0.006572051729316627,0.2066284884782944,285,True,9,98,285,295120,1344.87,1354.28,0.006996958813863197,False,2012-02-09 16:17:40.043
2012-02-10,1340.6152,0.0015229999999999998,0.0202,0.08164731133093567,0.6211431639341817,-0.7955430939404312,0.5734375691716266,0.03059244216251541,0.0815468970114992,-0.4999999811384884,0.4494422545477288,-0.22740130716383095,0.007623056397553817,0.25562865025974973,272,True,10,95,272,358125,1337.38,1351.21,0.01034111471683441,False,2012-02-10 16:18:23.063
2012-02-13,1350.1142,0.0016289999999999998,0.020104999999999998,0.0722513364900525,0.742303141579253,-0.7789933697060561,0.5459224409493546,0.025475886144165523,0.08691899682383045,-0.49999994917666724,0.46514135773251747,-0.19076652341237016,0.005404318584001711,0.13785003391479342,248,True,8,88,248,363424,1343.06,1353.32,0.007639271514303214,False,2012-02-13 16:19:27.111
2012-02-14,1346.5697,0.0016289999999999998,0.020155,0.07415325437351945,1.0783051277728362,-0.7495259595620434,0.7246603940295739,0.02761208007273508,0.08180455688055158,-0.4999999650363413,0.46862137592074493,-0.36521301781107834,0.006476257384677599,0.12407154083242422,289,True,9,98,289,338628,1340.87,1351.3,0.007778531848725123,False,2012-02-14 16:18:24.797
2012-02-15,1350.3712,0.001527,0.0203,0.07615478014540271,0.5409074370261358,-0.777447844224786,0.4903505623216337,0.02511124743496011,0.12940928988811734,-0.44949476744801586,0.42570059222306256,-0.1580583000776651,0.007347726908166895,0.1932799351120198,347,True,7,110,347,733718,1340.8,1355.81,0.011194809069212441,False,2012-02-15 16:19:57.550
2012-02-16,1352.2582,0.001527,0.020093999999999997,0.05610677713334817,1.44769041140835,-0.767784638695834,0.6940698232797258,0.026196728759341984,0.10589528122816905,-0.49999940753888206,0.44594134531675983,-0.31928243304560294,0.00831433198477507,0.15015618450801885,325,True,8,101,325,375577,1341.22,1359.02,0.013271499082924576,False,2012-02-16 16:19:29.302
2012-02-17,1360.1999,0.001527,0.02005,0.0734575622121829,0.9052411636476246,-0.8052022190557477,0.5482770802748718,0.021185123395550537,0.08875286247014313,-0.4863185165505696,0.4999776759290836,-0.16761413856338972,0.00671236593501938,0.15961319645888816,269,True,9,95,269,368175,1357.31,1363.21,0.00434683307424244,False,2012-02-17 16:18:51.296
2012-02-21,1363.8662,0.001527,0.020038999999999998,0.11349246044408788,0.8128895656796203,-0.7867663535494194,0.8036479844750759,0.023136308159257574,0.08798176979686949,-0.310129038847521,0.4017513490708957,-0.4613364091942397,0.008252848888686956,0.20084651290942446,324,True,9,101,324,488773,1358.11,1367.76,0.007105462738658863,False,2012-02-21 16:19:07.673
2012-02-22,1358.9989,0.001527,0.020111,0.11218024500814608,1.0187213274513047,-0.7690755530963292,0.8853633093340089,0.02199211517400719,0.06588309370412102,-0.38813856920413886,0.47620931543305456,-0.5553073732978455,0.008966026968622427,0.27669766100791654,286,True,7,98,286,424899,1355.61,1362.63,0.005178480536437657,False,2012-02-22 16:18:34.784
2012-02-23,1360.3123,0.001527,0.020053,0.09735366067178679,1.4645919145169226,-0.7806734463532623,1.0438861634693029,0.021497179240754085,0.04360194047933909,-0.40686686520956233,0.49996595605186034,-0.8045315537456141,0.010090635232472011,0.2966627994074222,346,True,10,101,346,363543,1352.28,1364.18,0.008799952672523537,False,2012-02-23 16:19:14.350
2012-02-24,1366.6058,0.001578,0.020028,0.1370003030824082,0.5166928516142971,-0.8382917275769107,0.5622323810936325,0.01672723816997864,0.07263609568881216,-0.42573846873973387,0.499977573488688,-0.17453109580687062,0.009280302460157826,0.5625743828731661,283,True,8,90,283,362019,1363.46,1368.88,0.003975180790048993,False,2012-02-24 16:16:55.072
2012-02-27,1366.12,0.001578,0.020021,0.10891618236010402,0.7379771911786185,-0.8178719655577583,0.7062316004829574,0.021421614174811237,0.07039836658546375,-0.4037141015227187,0.49998012202059566,-0.33800775685670403,0.009854007191272659,0.3315577798221378,380,True,11,102,380,290335,1354.99,1371.94,0.012509317411936616,False,2012-02-27 16:19:08.911
2012-02-28,1370.7968,0.001578,0.019975,0.10767115008801537,0.7841501329912414,-0.7957839144282282,0.7216035008280663,0.022063037820626918,0.0661070719418342,-0.41680779291041575,0.4681052379795441,-0.3518509190856468,0.010476356892944422,0.4399227312968851,301,True,9,100,301,287623,1366.08,1373.09,0.0051314710705083755,False,2012-02-28 16:15:59.544
2012-02-29,1370.7188,0.001578,0.020087,0.10432833566464317,0.8439792091416195,-0.8131348444366239,0.7202642876910605,0.021635589056280644,0.061218078724881504,-0.4288102881571939,0.49695236375293017,-0.34267875167249695,0.00951870479589674,0.44263949623845245,412,True,10,112,412,332615,1363.81,1378.04,0.010434004736730174,False,2012-02-29 16:19:40.211
2012-03-01,1372.6427,0.001017,0.019892,0.1519521212160485,0.4825875343018948,-0.8325517041980054,0.6587405393415613,0.020157657283928605,0.06509607329099142,-0.3996433867662091,0.4999644287922869,-0.28727869915282006,0.009222838683760417,0.3052855615483002,304,True,9,96,304,297245,1365.9,1376.15,0.0075042096786002155,False,2012-03-01 16:18:14.458
2012-03-02,1370.408,0.001221,0.019957,0.11781351179223697,0.6183917226652985,-0.843072748828907,0.5969521047548113,0.01945927194714871,0.06585599123442895,-0.41819983601217087,0.49997158944831765,-0.21064201435029944,0.009432109449235065,0.46060212151270447,315,True,10,93,315,256598,1366.42,1374.52,0.005927899181803475,False,2012-03-02 16:19:15.569
2012-03-05,1363.2899,0.001777,0.020038999999999998,0.12159926271192249,0.671483514744912,-0.832001783340322,0.6953201222115207,0.022946984752993296,0.07860235886510424,-0.35187482223109506,0.37236089083150453,-0.3201662717198609,0.009577077868907364,0.2659146365398267,269,True,8,94,269,174512,1359.13,1369.59,0.007696099710844395,False,2012-03-05 16:18:26.655
2012-03-06,1344.5626,0.001777,0.020038999999999998,0.10690342574987508,0.8937432526120009,-0.8231605656531157,0.8217715065249539,0.029165837004455016,0.09361230544271146,-0.3601424459003607,0.37295647978549223,-0.48421997804617456,0.008296191898038145,0.24837137053256006,350,True,11,113,350,230930,1340.03,1363.63,0.017611546010164014,False,2012-03-06 16:19:45.864
2012-03-07,1350.6763,0.00198,0.020265,0.10669584196002102,1.5416174667210605,-0.7886339495267835,1.2152962901372002,0.028523354280650722,0.035983863604476564,-0.49999991228433793,0.47418558125157595,-1.1479767256370854,0.008654505495041378,0.2328957508403433,292,True,8,109,292,216655,1343.39,1354.85,0.008530657515687823,False,2012-03-07 16:15:21.496
2012-03-08,1363.1503,0.001573,0.020146999999999998,0.09750281306010909,1.5335184356420624,-0.7888594057636683,1.0740847400637648,0.020794510398332994,0.04434331281997894,-0.4629044158071719,0.49996945500148104,-0.8546133061285672,0.00750215413944881,0.16697956771271885,289,True,8,102,289,203499,1352.65,1368.71,0.01187299005655551,False,2012-03-08 16:19:35.864
2012-03-09,1372.4632,0.001573,0.019995,0.09728296211494299,1.7689965583978748,-0.7805360931517209,1.1846272848246504,0.018297907739937287,0.029017090912763513,-0.48041030988613315,0.49999903204203605,-1.0591553536068536,0.0084941088365698,0.24159547356411828,261,True,9,91,261,189407,1365.97,1374.75,0.0064276667862397385,False,2012-03-09 16:15:10.626
2012-03-12,1369.6579,0.001675,0.020005000000000002,0.0977828717700303,1.411601517027015,-0.7767614012559791,1.0418727404719221,0.020238746657256144,0.038324000341598094,-0.47477816471280443,0.4999539548365645,-0.8094379070788076,0.008734249784888438,0.30204930266488067,248,True,9,89,248,243819,1366.72,1372.91,0.004529091547647024,False,2012-03-12 16:15:11.433
2012-03-13,1383.4884,0.001878,0.01968,0.12395876386851264,0.6053420166608795,-0.8191920280733993,0.6762334299917537,0.01948107469954511,0.049512941248809846,-0.44042695297019563,0.4999740605328056,-0.30721675563250167,0.007871567597261982,0.37590168402705015,430,True,10,119,430,442631,1371.92,1396.13,0.017646801562773318,False,2012-03-13 16:19:00.180
2012-03-14,1395.0171,0.00198,0.01977,0.15779687505728307,0.41090789793629445,-0.7954096373449632,0.6338829913142167,0.02220260069306541,0.0496775073995528,-0.3927899593926264,0.4575281715918623,-0.2721276822160507,0.011557248521934814,0.4417022238854113,368,True,9,109,368,334481,1389.97,1399.4,0.006784319086023505,False,2012-03-14 16:15:32.255
2012-03-15,1398.9362,0.001929,0.019656,0.14820431260578293,0.4839409890943486,-0.8379070837401883,0.6467671021731591,0.021000146949671127,0.0976714983285073,-0.21033108644937387,0.29006648234936955,-0.2748634011924844,0.01060713766419023,0.39731579962006053,385,True,10,115,385,377224,1392.89,1402.63,0.0069926555578689875,False,2012-03-15 16:19:51.409
2012-03-16,1404.3416,0.001929,0.019635,0.09693450922988762,2.879374761754971,-0.7832412078296076,1.8452771761496758,0.013077324742406854,0.027905175082549277,0.1637287689573211,0.001000006082931055,-2.846826297979636,0.008970263955278477,0.2705911237142164,252,True,8,93,252,336521,1401.52,1405.88,0.0031109081568583274,False,2012-03-16 16:18:20.295
2012-03-19,1409.9642,0.00198,0.019481,0.09262329178556152,2.5759496742217918,-0.8153557615664228,1.5066317473671769,0.015150825318965194,0.037623392330939885,0.16310138213198047,0.0010000020623005068,-1.7927533455739386,0.00694976071677131,0.18415611410645052,369,True,12,110,369,374196,1402.47,1413.92,0.008164167504474351,False,2012-03-19 16:19:26.893
2012-03-20,1403.3356,0.00198,0.01954,0.12600428570309546,0.3989543230023968,-0.7933393675746127,0.49524725441589396,0.017940246377463394,0.06644790429593854,-0.4999999673128982,0.45285034108690525,-0.14472993401032314,0.0071405592176217916,0.2186369245908005,309,True,9,103,309,298243,1397.68,1409.59,0.008521263808596968,False,2012-03-20 16:17:06.929
2012-03-21,1404.7461,0.001878,0.01958,0.13871030549787702,0.4368451278036593,-0.8189148190925302,0.5402134947777747,0.015975687625990297,0.0513938081789014,-0.49039048883911496,0.49998508190497465,-0.17064077767420738,0.007574061315053129,0.26677806491315964,272,True,9,100,272,539274,1400.64,1407.68,0.0050262737034498794,False,2012-03-21 16:19:14.990
2012-03-22,1392.6789,0.001827,0.019764999999999998,0.0863969555758742,0.932309737477114,-0.7822556800259498,0.6652452819919448,0.020020191223841445,0.04370434898883042,-0.4999998878836601,0.46310276928840777,-0.2814538392690118,0.0069642046322628635,0.2140846641032593,302,True,11,99,302,337154,1388.83,1402.89,0.010123629241880039,False,2012-03-22 16:18:08.628
2012-03-23,1394.4228,0.001726,0.019704,0.10926125853085293,0.5465234721113973,-0.820704444099436,0.5132351886015563,0.017663002602232764,0.04673772531094433,-0.49999998896210246,0.47928285715617275,-0.14398267405978948,0.006952567737895379,0.21138013449919713,295,True,9,113,295,190566,1386.94,1399.13,0.008789132911301234,False,2012-03-23 16:16:54.185
2012-03-26,1411.9232,0.001726,0.019406,0.10621616601113032,0.49587134117883286,-0.7793108892774313,0.4974921076457514,0.01513248496713822,0.04720901972810153,-0.4999999967872951,0.4760941443642926,-0.14215929178018644,0.007336466255961511,0.2403806925596364,343,True,10,108,343,309318,1397.11,1416.58,0.01393591055822374,False,2012-03-26 16:18:28.121
2012-03-27,1416.4239,0.0016239999999999998,0.019479,0.13302666469495733,0.3222586945605183,-0.7979656595307494,0.4516805885300264,0.01697971607343286,0.04706769046596059,-0.4999999040548702,0.4873174876769302,-0.11827735544215753,0.007146706884873666,0.2631832561402188,288,True,9,100,288,304449,1411.95,1419.12,0.005078083501540265,False,2012-03-27 16:19:44.962
2012-03-28,1406.8297,0.001675,0.019617,0.07981057715218219,0.7864571575449192,-0.772835081242627,0.6082461795847584,0.02021504482437778,0.04623932646661406,-0.49999998905288584,0.470667908138195,-0.24442821568120476,0.007429450849933477,0.2361937381765577,357,True,10,124,357,381107,1397.28,1413.65,0.011715618916752657,False,2012-03-28 16:18:31.403
2012-03-29,1396.2133,0.001675,0.019652,0.06836845632696006,1.0971975377268501,-0.7922646613529539,0.6339333401705138,0.020922107205255887,0.046135877184135886,-0.4999999820750363,0.4500205812370185,-0.25184407589949187,0.006639938793213735,0.19854228541521968,321,True,10,116,321,273890,1391.83,1405.39,0.009742569135598567,False,2012-03-29 16:17:43.631
2012-03-30,1407.9753,0.001675,0.019583,0.10630322083984571,0.4523383913474801,-0.8048963717794118,0.4838707263291798,0.017656584234938384,0.0471189081365122,-0.4999999480352256,0.45272245645154235,-0.13796082397882456,0.006409585610484611,0.18920586674681758,297,True,11,99,297,316028,1401.42,1410.89,0.006757431747798748,False,2012-03-30 16:15:17.881
2012-04-03,1413.0818,0.001675,0.019583,0.09930103636493494,0.4511889060972554,-0.7797324530723836,0.48475260118907937,0.018413631288500296,0.055736260557707695,-0.49999999249861216,0.4514989044799528,-0.14537803241594108,0.006114301263471407,0.22648986092012993,340,True,11,111,340,283948,1404.62,1419.0,0.01023764434508978,False,2012-04-03 16:17:22.730
2012-04-04,1398.3913,0.001878,0.019792,0.08241083389491521,0.6897987935001144,-0.8108594688637368,0.5451425611817879,0.021650431459936,0.056464250408835,-0.4999993749194589,0.4965549168649858,-0.18348662442773772,0.009980894389664506,0.26250327763285075,320,True,10,104,320,312073,1394.09,1413.09,0.013628962262120847,False,2012-04-04 16:16:00.024
2012-04-05,1397.6031,0.001726,0.019818,0.0898302700444371,0.7879608084722671,-0.8228722152207898,0.6224767334686057,0.021828001436870685,0.04224461595139773,-0.4703494440891074,0.4999640278215447,-0.24591181929075207,0.008047858398824837,0.258862284550052,269,True,9,100,269,266676,1392.96,1401.54,0.006159545141281919,False,2012-04-05 16:19:36.680
2012-04-09,1382.304,0.001573,0.020052,0.11884105138060405,0.35891469794772607,-0.8077435671492468,0.5260491785593043,0.026196134961641165,0.06318162566837257,-0.49999994959465,0.4188590432901609,-0.19142013814279946,0.0050986970408137215,0.16090242250843395,268,True,10,109,268,232259,1378.24,1397.45,0.013938065939168798,False,2012-04-09 16:16:51.950
2012-04-10,1365.5753,0.001573,0.020405000000000003,0.10048865519243656,0.3820174530848697,-0.7692578076985649,0.5257773562977271,0.029416995505656022,0.08383897733990821,-0.49999997601820245,0.3934187963155027,-0.19966498815435058,0.009487109623655152,0.18296357236547522,385,True,9,130,385,394522,1357.46,1382.99,0.018807184005421806,False,2012-04-10 16:19:48.951
2012-04-11,1371.091,0.001573,0.020405000000000003,0.1333840003515817,0.4527812167730544,-0.8175440291633285,0.602115628841013,0.029822541450911826,0.05415670383363043,-0.49999998372671844,0.471253866230302,-0.24175569054011514,0.005928861058285785,0.16899376755230028,246,True,9,99,246,279147,1358.98,1374.59,0.011486556093540656,False,2012-04-11 16:18:32.956
2012-04-12,1384.1083,0.001675,0.020005000000000002,0.08892339381557951,0.5730038474486928,-0.8289448958752335,0.5044534789388895,0.0250432681178456,0.07168885595158216,-0.499999991323274,0.47268622361457846,-0.1525664188445039,0.006031368753592762,0.14423985593534458,300,True,9,111,300,275685,1368.77,1388.07,0.014100250589945684,False,2012-04-12 16:19:21.762
2012-04-13,1376.815,0.0016239999999999998,0.020259999999999997,0.0970374679740205,0.7385869968082843,-0.8278837936492305,0.612097248746894,0.027641534490479455,0.051864470450025436,-0.4999998551857714,0.4979566073187051,-0.23132181782589326,0.005717050311431441,0.17977828329698,253,True,9,97,253,167347,1369.91,1387.61,0.012920556824900675,False,2012-04-13 16:19:03.051
2012-04-16,1370.1254,0.0016239999999999998,0.02027,0.1013351888563826,0.7766495617464985,-0.8094554544916818,0.7014788822286064,0.03129115769533478,0.04914973722866086,-0.4988251298758357,0.499956245865684,-0.3346687621830787,0.004770786280087449,0.1315699630837949,261,True,7,100,261,219127,1365.38,1379.62,0.010429331028724453,False,2012-04-16 16:14:38.995
2012-04-17,1387.04,0.0016239999999999998,0.019962,0.11161685340865722,0.4916381790367949,-0.8234441290438353,0.5601963538485769,0.02561512019858831,0.05671145507256835,-0.49999996050317247,0.4711357152735427,-0.20406974174594178,0.0047030113788283315,0.1351712282815649,275,True,9,107,275,240730,1369.57,1392.76,0.01693232182363813,False,2012-04-17 16:15:52.314
2012-04-18,1387.5777,0.001573,0.020043000000000002,0.1148726819637393,1.4322039239401727,-0.8360202029690713,1.1458588285298943,0.03056378749474674,0.028775286183200872,0.19999747787666267,0.04865376014779621,-0.9839502431959039,0.005618237189673005,0.16871277397259668,231,True,7,99,231,289100,1383.33,1390.78,0.005385555145916099,False,2012-04-18 16:19:19.500
2012-04-19,1380.2635,0.001573,0.020168,0.12771433469826768,0.49625496477524966,-0.8053042764227718,0.6269086718967852,0.02666361276096131,0.05293886855125247,-0.49139298443953955,0.4999580941126072,-0.26625673756542456,0.005940987821903512,0.15595213578490724,271,True,8,111,271,271492,1370.32,1390.33,0.014602428629808983,False,2012-04-19 16:16:12.247
2012-04-20,1383.9303,0.001573,0.020146,0.13796478921449026,0.4673012123599317,-0.7813015848916547,0.6067210625600459,0.022515251013015967,0.052856026140046725,-0.49999997208018004,0.48152435900774887,-0.23916822122816364,0.004579644224102921,0.1641537485431465,261,True,7,98,261,319344,1376.96,1387.4,0.007581919590982977,False,2012-04-20 16:17:30.753
2012-04-23,1363.399,0.001573,0.020321,0.10414492563403438,0.6529963472420858,-0.8181680467572595,0.6344196764474568,0.030208288962934635,0.05333615400601758,-0.4895000589296961,0.4999695688658068,-0.2664758138180495,0.0060694827332700525,0.20579698968386545,316,True,9,100,316,316719,1358.79,1378.53,0.014527631201289415,False,2012-04-23 16:16:58.883
2012-04-24,1372.3339,0.001675,0.020246,0.1124309361120234,0.6144887049582296,-0.8718012826242213,0.5692849468100103,0.026324898125518355,0.05342253982619396,-0.3871071168018314,0.4999795512997811,-0.18591027000703883,0.005020334472974611,0.11946581548334455,256,True,9,89,256,234561,1366.82,1375.51,0.006357823268609009,False,2012-04-24 16:15:17.972
2012-04-25,1388.2805,0.001675,0.019986999999999998,0.11974221064743332,0.5474454426451363,-0.801255953046498,0.6123821606764863,0.02237346784911129,0.04142766643083769,-0.4999999334608983,0.49272972905609747,-0.24390725569241933,0.0066784646396227795,0.2681321210938285,274,True,10,102,274,293138,1372.11,1391.29,0.013978471113831992,False,2012-04-25 16:19:58.797
2012-04-26,1395.5773,0.0016239999999999998,0.01986,0.14267953312471165,0.45652918936072745,-0.8228392242861744,0.6050393463020892,0.020985697122186224,0.03770535587067695,-0.42293819629478674,0.4999972704932576,-0.2357978673820761,0.0064485426861548385,0.259432763038888,327,True,10,106,327,345179,1387.63,1402.08,0.010413438740874525,False,2012-04-26 16:17:13.220
2012-04-27,1401.5357,0.001675,0.019817,0.16437383901847014,0.3385896318514641,-0.8187887224925462,0.5541845800872784,0.020301472654503456,0.0402962260067388,-0.39178832635212096,0.4999593101258095,-0.19580999352796186,0.00701095816697875,0.25244574853127316,275,True,12,93,275,260465,1397.31,1406.64,0.006677115314425608,False,2012-04-27 16:18:46.261
2012-04-30,1396.9849,0.001726,0.019905,0.13174322720259585,0.438602036404092,-0.8067656389836849,0.6005121400893568,0.02172830962082363,0.05654103243559417,-0.3020133472280119,0.4999919169288034,-0.24504913492768832,0.006129324779163119,0.1995565326428278,237,True,10,82,237,192249,1394.03,1403.26,0.006621091368191445,False,2012-04-30 16:17:03.401
2012-05-01,1408.9467,0.0009660000000000001,0.019793,0.14583200106172345,0.3592465923929548,-0.7832886911805428,0.56866006954562,0.020642295954063795,0.04198079564303814,-0.4617816457930862,0.4999507037546892,-0.21859497580908951,0.007027346233859629,0.27135380986444474,357,True,11,102,357,279953,1396.05,1415.31,0.013796067476093299,False,2012-05-01 16:17:41.341
2012-05-02,1399.3168,0.0009660000000000001,0.019793,0.12640276007421375,0.4433962293857616,-0.7922290445976323,0.602891420106058,0.022558779244652105,0.0448673406825419,-0.4513040532400314,0.49998169379668395,-0.2513850500357804,0.006615187098508508,0.22776541842302456,294,True,11,96,294,290918,1393.92,1405.5,0.008307506887052396,False,2012-05-02 16:19:47.687
2012-05-03,1395.6157,0.001578,0.020057000000000002,0.12413086136900955,0.4148784831322314,-0.8016901509006503,0.5611252058673946,0.02268611347582885,0.05205034650002188,-0.4010639775950094,0.4999979136058757,-0.21186304971038195,0.006469710771371485,0.17983764316745263,292,True,9,93,292,203719,1388.75,1403.07,0.01031143114311428,False,2012-05-03 16:19:08.754
2012-05-04,1373.1054,0.001827,0.020387,0.11248432265771739,0.4043470528710568,-0.8187075379899328,0.530445460329866,0.02626972747915666,0.07007502606938704,-0.3866619873425936,0.444870794358051,-0.1904069776628733,0.006636751680065899,0.26093406654720536,427,True,12,110,427,426891,1367.97,1391.51,0.017207979707157373,False,2012-05-04 16:17:59.367
2012-05-07,1369.2045,0.001878,0.020381999999999997,0.08379646944123516,0.47359408548809595,-0.8268886454904016,0.449165065482314,0.02536310201641556,0.07084656792457046,-0.4826542802627568,0.4999725462426652,-0.12237823142542555,0.005369204068422299,0.1464321729851698,281,True,10,101,281,159482,1363.97,1373.85,0.007243561075390037,False,2012-05-07 16:17:31.471
2012-05-08,1354.1122,0.001878,0.020381999999999997,0.07843982305844652,0.6302909938985738,-0.8291735715769528,0.5135316244204351,0.02875284520237878,0.0752582975156138,-0.4083074620542664,0.4839045922292599,-0.16483490120641775,0.005470496771617979,0.12402529613874592,343,True,10,111,343,252056,1347.8,1369.16,0.01584804867190992,False,2012-05-08 16:14:57.417
2012-05-09,1353.5345,0.001573,0.020638,0.1121734579876591,0.5020458404325324,-0.815504408419558,0.6059503875741441,0.031696563070235544,0.07150202140316642,-0.35040140670220116,0.4165521566190806,-0.2545434362219801,0.006183676839081788,0.19215916651862022,336,True,9,107,336,205721,1343.13,1363.7,0.015314973234161977,False,2012-05-09 16:19:17.090
2012-05-10,1360.558,0.0016239999999999998,0.020596999999999997,0.09198435860463226,0.46319620710691134,-0.8251465454279933,0.45926353435947903,0.027519888190852753,0.06259975476841521,-0.48372469334638174,0.4999674511241772,-0.12570938195470507,0.004666523579726768,0.11852155036955758,284,True,10,101,284,315451,1354.58,1365.77,0.008260863145772124,False,2012-05-10 16:14:27.606
2012-05-11,1358.1765,0.001726,0.020621999999999998,0.16392794280158196,0.3677222015147271,-0.807708539569226,0.6156871976993404,0.029545572320071777,0.05165361278355391,-0.36138792248194784,0.45844790707252614,-0.25851083737731073,0.005041859377322047,0.11538265196640363,271,True,8,91,271,163016,1349.02,1365.64,0.012320054558123683,False,2012-05-11 16:15:20.592
2012-05-14,1340.7628,0.001777,0.020866,0.0993789815372653,0.6518775327627266,-0.8131135503437678,0.6487755100312385,0.036280386849480234,0.05970787256690053,-0.43616646878470455,0.4443301941253503,-0.29134381183032343,0.005515900543731157,0.26165189632053976,376,True,10,114,376,348408,1336.63,1351.93,0.011446698039098369,False,2012-05-14 16:19:35.757
2012-05-15,1337.9286,0.001777,0.021016,0.0917526717097499,0.7623087004220795,-0.8244410056978999,0.6457699665915245,0.036783026138055265,0.06489227069736547,-0.4208598459579496,0.46940251413104733,-0.27713112988899236,0.006261158884788564,0.13138963548112081,391,True,10,118,391,363937,1328.41,1344.93,0.012435919633245751,False,2012-05-15 16:17:56.049
2012-05-16,1333.0062,0.001827,0.021145,0.10846773692894783,0.5579599192507062,-0.8009055383571361,0.6197149739924389,0.037515012357275945,0.06942736436953692,-0.4861362157455154,0.43567158682608864,-0.26300534951408405,0.00585553583482255,0.13922654816193408,392,True,10,110,392,603932,1324.8,1341.75,0.012794384057970953,False,2012-05-16 16:19:20.697
2012-05-17,1315.9622,0.001878,0.021494,0.07014948379293041,1.1269660986077805,-0.8376439114332128,0.6738637151254795,0.04108202239733383,0.08949162003753604,-0.4713095775199965,0.4827198191123571,-0.29598012642377636,0.00600713582623498,0.12366851855610263,452,True,10,123,452,524983,1304.86,1326.36,0.016476863418297683,False,2012-05-17 16:19:10.292
2012-05-18,1303.4259,0.001878,0.021661,0.111351319312381,0.8866653669691446,-0.8348872046984661,0.8545206021771897,0.047649876175569754,0.10105473894067812,-0.3168479577813102,0.3839705825268685,-0.5327427427440455,0.007221187422355809,0.1335232418621197,481,True,10,127,481,551179,1291.98,1312.18,0.015634916949178734,False,2012-05-18 16:16:25.202
2012-05-21,1307.9247,0.001878,0.021326,0.10910730408170924,0.808517958048406,-0.8388971728878322,0.7708227561102791,0.04189950747492042,0.08875129358003424,-0.3934349364938202,0.4378647633110012,-0.41773729192882664,0.008245741612004334,0.1743399876343695,436,True,11,115,436,407099,1295.73,1315.95,0.01560510291495909,False,2012-05-21 16:18:44.199
2012-05-22,1321.9578,0.001878,0.021317,0.13882462949491242,0.5608003224856826,-0.845083327917135,0.685279854481871,0.034887761296302854,0.0705318953945388,-0.4055762665163181,0.4999824049299481,-0.31390268497928975,0.008959187756508514,0.21621738232140886,387,True,9,113,387,376387,1310.09,1328.43,0.013999038234014494,False,2012-05-22 16:18:24.466
2012-05-23,1304.8663,0.001878,0.021284,0.11768212179071272,0.632399061751436,-0.8295664296374466,0.700521492591152,0.041132590824978166,0.08233771840360081,-0.49999999273498413,0.4821685727828803,-0.34188623477140556,0.008749321306006549,0.3094032842162645,442,True,11,119,442,343314,1296.53,1320.62,0.01858036451142664,False,2012-05-23 16:19:35.389
2012-05-24,1317.8517,0.001878,0.021291,0.14177402430488475,0.49760434091223016,-0.8539089401188366,0.6507362565242542,0.038563484020839325,0.07493977155186525,-0.4999999947455475,0.49373554281432896,-0.28236293570978654,0.0075791146517537825,0.15364648626410576,381,True,10,113,381,371908,1310.5,1324.13,0.010400610454025294,False,2012-05-24 16:19:41.822
2012-05-25,1320.4847,0.001878,0.021364,0.17072681096108405,0.8699861930591576,-0.8218259332518608,1.0012572755322648,0.038046436547678496,0.03852159630763204,-0.39220760307294833,0.4999613249801305,-0.7054561951639657,0.007481642923102848,0.18404683475509376,337,True,9,108,337,247078,1314.26,1324.12,0.007502320697578835,False,2012-05-25 16:18:47.890
2012-05-29,1329.2614,0.001827,0.021156,0.10598192886728167,1.1910420294029973,-0.8282417792017324,0.8834132155610064,0.035617398274880065,0.05562199027256351,-0.480916157729205,0.49996494655068274,-0.5279610461515746,0.0076411841319057715,0.24845145683513692,375,True,11,115,375,365725,1318.9,1334.93,0.01215406778375927,False,2012-05-29 16:19:34.235
2012-05-30,1315.0136,0.001726,0.021497000000000002,0.10092777550161101,1.0565721312402347,-0.8205015258749304,0.8521223357718924,0.041917590627715676,0.07189879000043542,-0.4456374422238138,0.47383533013851165,-0.5128375253951996,0.005895455001177382,0.23082243657357918,339,True,9,101,339,300574,1310.76,1331.25,0.01563215233910098,False,2012-05-30 16:18:50.263
2012-05-31,1308.4651,0.001777,0.021560000000000003,0.11197962061154187,0.8922851523642812,-0.8462454258359903,0.826508056061962,0.04551876243006268,0.07889381903789511,-0.40735083377709846,0.4474641125599476,-0.4832800610571952,0.008683805517639927,0.325029191052692,436,True,11,123,436,433594,1298.97,1319.74,0.01598959175346626,False,2012-05-31 16:18:38.142
2012-06-01,1285.0416,0.000916,0.022105,0.15069501113550363,0.7006511899210481,-0.8677755608892269,0.8969028084416041,0.05579881182391515,0.08110297643970776,-0.319062690256458,0.4259152064695591,-0.5932653700559243,0.0081649503102625,0.21791257919816734,573,True,15,129,573,617341,1277.25,1309.87,0.02553924447054201,False,2012-06-01 16:18:54.474
2012-06-04,1274.2404,0.001827,0.022119,0.10821111203377606,1.1901787896866376,-0.8380555254209688,0.959702486100649,0.06261121507772384,0.05771032635634103,-0.4671027827506963,0.49997522982657644,-0.663447721125757,0.008845918068184404,0.22099609709783605,435,True,13,120,435,267079,1266.74,1282.55,0.012480856371473115,False,2012-06-04 16:16:45.392
2012-06-05,1282.2448,0.001827,0.022119,0.1232441873592228,0.7800474664423769,-0.8475802629541733,0.7837458078814458,0.05196586972333334,0.061987683434067645,-0.4999817815266574,0.4999594111665697,-0.4219848591651174,0.006534444810439919,0.20469481075877743,433,True,13,118,433,229068,1274.3,1287.44,0.010311543592560701,False,2012-06-05 16:18:13.062
2012-06-06,1307.3026,0.001726,0.021529,0.22381102929355887,0.42871612388797126,-0.8686592575232653,0.8060659846943335,0.04728442723297698,0.03862257983945351,-0.2841100836855958,0.4999831453921261,-0.4578395777570221,0.007739755706651366,0.1971060644734456,457,True,12,126,457,381381,1285.61,1315.13,0.022961862462177685,False,2012-06-06 16:15:24.935
2012-06-07,1322.1477,0.001827,0.021535000000000002,0.19452857180666355,0.4992964086457576,-0.8446502538346374,0.7990107643100729,0.039387620388129894,0.040712907881690893,-0.40800531239799226,0.4999656325675361,-0.44416336691925584,0.007546535318901035,0.15248895565278092,452,True,12,122,452,358580,1312.98,1329.05,0.012239333424728382,False,2012-06-07 16:19:07.126
2012-06-08,1317.6331,0.0016239999999999998,0.021368,0.21588648256182696,0.4278783478670323,-0.8744555578252342,0.7656090629670131,0.038519511868080475,0.044997080843947615,-0.39356812143424336,0.4999970077494098,-0.4014109343264691,0.007829304541790255,0.5246879804499228,373,True,11,116,373,208568,1307.78,1325.75,0.013740843261099034,False,2012-06-08 16:18:44.638
2012-06-11,1320.9637,0.001777,0.021646000000000002,0.1583980513147688,0.5588052045130656,-0.8654799409600571,0.7629312740720009,0.0418453943640924,0.04961638619439346,-0.3426434113472809,0.49996842598714364,-0.4050368180382857,0.01058300635588129,0.24123742784427574,392,True,12,124,392,229245,1307.87,1335.38,0.02103420064685335,False,2012-06-11 16:19:25.845
2012-06-12,1314.9252,0.001675,0.021398999999999998,0.11216007932818663,0.9062298965940849,-0.8675269558285625,0.8301812187135089,0.0483389932994637,0.05421779362239524,-0.4008387760315746,0.4999916981546633,-0.48591522172151314,0.009110333734671641,0.21994215253331367,408,True,12,119,408,211815,1306.62,1324.31,0.013538748832866432,False,2012-06-12 16:18:08.975
2012-06-13,1321.1269,0.001675,0.021601,0.12080097579218528,0.8341335061036828,-0.8512676541332974,0.8524460050724177,0.049039051809682925,0.059945672950864455,-0.44200809840728483,0.4999500401626851,-0.5251359086073613,0.008643431271995202,0.15606027086419477,448,True,11,125,448,223105,1310.51,1327.25,0.01277365300531863,False,2012-06-13 16:16:15.641
2012-06-14,1325.1,0.001675,0.021373000000000003,0.10425123189169955,1.21524096420973,-0.8410480750413899,0.9932606113398561,0.0502852088358513,0.07342074762675371,-0.32760565064691827,0.40498714113991074,-0.7331859069109825,0.010749884280408087,0.2064421465173957,416,True,11,120,416,285508,1314.24,1333.68,0.014791818845872884,False,2012-06-14 16:18:04.102
2012-06-15,1337.8592,0.0016239999999999998,0.021135,0.13126021098434482,0.7239459211557676,-0.8318343441724405,0.8626965740412876,0.03963705525043409,0.057592125378425466,-0.4811227521518677,0.4999547340696536,-0.5541947901582511,0.007152033586273066,0.1433008767020922,380,True,12,104,380,357316,1329.19,1343.32,0.01063053438560324,False,2012-06-15 16:18:45.815
2012-06-18,1342.9651,0.001675,0.02106,0.2477069031081702,0.4144785886727677,-0.8406213685270377,0.8730963676564948,0.032281856061644444,0.054917965499914775,-0.30133992239464014,0.36739061970380393,-0.5569588520054123,0.008949460426981871,0.15795601473463772,352,True,11,104,352,325455,1334.63,1348.22,0.010182597424005069,False,2012-06-18 16:15:25.767
2012-06-19,1358.3408,0.001675,0.020857999999999998,0.22037281926553004,0.4971880231956312,-0.852062587309014,0.8477004030966202,0.026109519242294158,0.02981876813367173,-0.3631122999428648,0.4999856681207293,-0.49946252065681834,0.006725511842185731,0.2501639014623719,423,True,12,111,423,412125,1344.83,1363.46,0.013853052058624638,False,2012-06-19 16:16:20.192
2012-06-20,1355.7695,0.001726,0.020895,0.1576941827679501,0.5677551771729041,-0.8220238754890166,0.7052260106359727,0.025610640820263462,0.04555939171016083,-0.4699991271158754,0.49997994848381555,-0.31828034872442135,0.006799096294156703,0.16485605133517225,387,True,12,109,387,476235,1346.45,1361.57,0.011229529503509195,False,2012-06-20 16:17:12.592
2012-06-21,1340.2532,0.001726,0.021389000000000002,0.18152814252333388,0.5399048573315282,-0.8012391757553461,0.7591247538484936,0.027916228456111202,0.03972811247795255,-0.42730672090243893,0.49998133977666975,-0.3802545401241003,0.009385937993143221,0.18229633460343145,442,True,11,114,442,382296,1324.41,1358.27,0.02556610113182467,False,2012-06-21 16:16:36.518
2012-06-22,1331.5695,0.001726,0.021237,0.13534198506004455,0.5244260720160001,-0.8229647733900127,0.5638298424544784,0.025893805430180925,0.058035726177107554,-0.49996930184341765,0.49996207991709773,-0.1759503600344673,0.006958210655714866,0.1491294109086997,325,True,12,98,325,306485,1325.92,1337.79,0.008952274647037406,False,2012-06-22 16:19:35.250
2012-06-25,1313.6786,0.001726,0.021602999999999997,0.18942827630380568,0.4210748777422835,-0.8251217249980001,0.6781935353164983,0.03529870306639367,0.042111702397839325,-0.4418559928052638,0.4999924355265219,-0.30041949477397745,0.006586110190714631,0.1596880199862784,400,True,13,108,400,317120,1309.31,1334.9,0.019544645653053916,False,2012-06-25 16:16:23.311
2012-06-26,1318.27,0.001827,0.021503,0.19185650778320334,0.4935259251773033,-0.8147852131353127,0.7182818210797822,0.032562021204757055,0.03293242866801601,-0.36732050155481416,0.4999639723452892,-0.3265564534837044,0.006216109753872382,0.15543253639624768,366,True,11,107,366,204787,1310.36,1324.24,0.010592508928844113,False,2012-06-26 16:16:34.225
2012-06-27,1330.7276,0.00198,0.021342,0.16216905741759532,0.6444696308745773,-0.81573469568829,0.7510018480416392,0.03096615612861952,0.030088755444439612,-0.412494590358194,0.4999801148026674,-0.3549777106155657,0.006965361970681614,0.19439793347448917,346,True,10,107,346,265687,1320.71,1334.24,0.010244489706294324,False,2012-06-27 16:18:37.718
2012-06-28,1319.1467,0.002031,0.021516999999999998,0.16520639677094448,0.617121711250507,-0.821567412911144,0.7417002715159234,0.03367048214513478,0.031212842934231905,-0.391948643616351,0.4999581636481527,-0.34621438419716355,0.00615732253408638,0.130968199065223,402,True,13,109,402,204080,1313.41,1331.52,0.013788535187032158,False,2012-06-28 16:16:59.611
2012-06-29,1354.8166,0.002031,0.020989,0.14060570115922089,0.5083636543705136,-0.8223586562841237,0.5910023537021417,0.023987479515627973,0.04508058644124427,-0.41196538175087544,0.49995411424849395,-0.20632612594821165,0.008315441348745529,0.20473677661837833,479,True,13,114,479,404642,1330.12,1362.17,0.024095570324482063,False,2012-06-29 16:18:01.389
2012-07-02,1360.6562,0.0012720000000000001,0.020972,0.1373266737810566,0.5749071747151988,-0.8245522133447025,0.62435347221252,0.022757787070564726,0.04465398861462089,-0.3309227140403908,0.4999633932506879,-0.231917078190824,0.007004263464925695,0.20546291258391516,391,True,13,93,391,387803,1355.8,1366.35,0.0077813836849092155,False,2012-07-02 16:16:44.699
2012-07-03,1371.06,0.001726,0.020868,0.1779791156951859,0.40851371637589484,-0.8304127878803997,0.5851564224689125,0.019800581585290893,0.041819331596645894,-0.36347290376461683,0.4999633792472645,-0.19699421877674497,0.006235583821030521,0.18908680347404005,356,True,12,95,356,221753,1363.83,1374.78,0.008028859901894059,False,2012-07-03 13:15:48.899
2012-07-05,1369.2744,0.001726,0.020968,0.12964664666200673,0.5619147105035049,-0.8229726898937444,0.5947988094488912,0.022944176613816994,0.04649036661275901,-0.36301164318414325,0.49998279782287286,-0.20808490786815495,0.0069411166664111856,0.17936867949501042,386,True,13,105,386,291447,1363.07,1373.85,0.007908618046028382,False,2012-07-05 16:15:44.719
2012-07-06,1352.6006,0.001675,0.021182,0.16485600814408577,0.4654275470814078,-0.791466819069765,0.6178313009611464,0.023843807243294803,0.04488990289548574,-0.37809543930975115,0.499995520648258,-0.22825846146307371,0.0075461400766252944,0.2499583797850404,394,True,13,101,394,240200,1348.03,1367.09,0.014139151205833755,False,2012-07-06 16:15:29.747
2012-07-09,1350.015,0.0016239999999999998,0.021217,0.10761348956543616,0.8901570770738745,-0.7637083004091022,0.7176304065301184,0.026092404689584875,0.02744896116378852,-0.4999897746673707,0.4999573786137726,-0.3234075817260059,0.005392242649766887,0.1276666897175434,302,True,12,96,302,179452,1346.69,1354.66,0.0059182142883662525,False,2012-07-09 16:19:42.244
2012-07-10,1348.4309,0.0016239999999999998,0.021217,0.13076310810813857,0.5955932772460084,-0.8042973635443494,0.6479747485015931,0.027639698822077178,0.0352112790690025,-0.3741592534811214,0.4999826341630717,-0.26410801849370213,0.006971202820303379,0.1526381162194582,419,True,12,118,419,208579,1336.27,1361.49,0.01887343126763308,False,2012-07-10 16:14:42.071
2012-07-11,1339.9115,0.001675,0.021402,0.11208747981353695,0.7765765906374211,-0.789966263257798,0.6756934771499046,0.02869016102019348,0.030023563148999892,-0.46547321169529526,0.49998530594235907,-0.28247264920945403,0.006302907012509193,0.16039562438083935,336,True,11,106,336,195324,1333.45,1344.9,0.008586748659492383,False,2012-07-11 16:16:19.342
2012-07-12,1331.1709,0.001675,0.021511999999999996,0.14986154464474286,0.48747170218654623,-0.804589504069994,0.626998260802959,0.029270052535312042,0.037445680895382506,-0.38496566705514107,0.49995802799147404,-0.24702029452937957,0.0078097653323665785,0.2523047043528028,405,True,12,118,405,243574,1325.46,1341.29,0.011943023554086718,False,2012-07-12 16:14:15.582
2012-07-13,1351.6643,0.001675,0.021166,0.15175480971360056,0.48061892396664124,-0.8082116827151371,0.5945965624791523,0.024223760207927547,0.030033109378567648,-0.36769148423215287,0.4999540473864822,-0.20767260540939822,0.006013584601486719,0.16613152879392465,395,True,11,110,395,273186,1334.81,1357.59,0.017066099295030668,False,2012-07-13 16:16:53.986
2012-07-16,1353.5117,0.0016239999999999998,0.021215,0.21048919651343867,0.309576092738006,-0.7897674026846396,0.6092011440230586,0.024856941238264263,0.034974263105910515,-0.3144245618675199,0.49995003380357395,-0.24080118783861806,0.00674460258224306,0.18842688326346718,342,True,11,103,342,203324,1348.66,1357.26,0.006376699835392019,False,2012-07-16 16:16:20.886
2012-07-17,1356.5648,0.001675,0.021059,0.13349498634077617,0.4917478369260448,-0.7809372914373207,0.5753591159811362,0.023200114463252437,0.0369618674289356,-0.3577945545199805,0.49995476729237104,-0.1997463707954974,0.005846186339688878,0.15654668004134734,451,True,10,118,451,262607,1345.4,1365.36,0.014835736583915349,False,2012-07-17 16:15:38.422
2012-07-18,1369.3587,0.001573,0.020814,0.16908345846165532,0.4094960666264441,-0.7521955611463174,0.6087954875695507,0.02134477406885764,0.03365702307433405,-0.400878451046615,0.4999515580203255,-0.23215392334175977,0.005527792873455812,0.19023146793040369,411,True,10,106,411,501244,1358.96,1375.24,0.011979749219991787,False,2012-07-18 16:15:31.207
2012-07-19,1375.972,0.001573,0.020772,0.13923460437066495,0.49474167193232216,-0.7404138677768367,0.6292021232772965,0.020498154839035762,0.04019465350241615,-0.3532059828328147,0.49997039298863183,-0.2581249900223018,0.006765253534919159,0.2070671146256092,379,True,12,97,379,308176,1371.21,1380.35,0.006665645670612008,False,2012-07-19 16:15:19.520
2012-07-20,1366.1785,0.001522,0.020985,0.10923641895065823,0.726321764046596,-0.7547205007530473,0.5868349151201122,0.020581549204226838,0.044499502060098756,-0.4232916842132878,0.49996032171499977,-0.18569364058327908,0.004610639192232217,0.12712119620294512,338,True,10,96,338,281169,1362.2,1376.51,0.010505065335486563,False,2012-07-20 16:19:01.647
2012-07-23,1344.0783,0.001522,0.021176,0.0834328118786044,1.4332091434892436,-0.7996799635512876,0.8324024393882569,0.030351173855049964,0.05915779155534687,-0.27424044916010976,0.3905279727581001,-0.4537404833966531,0.008924518703009617,0.15406489481437124,450,True,11,114,450,274284,1337.59,1362.34,0.01850342780672709,False,2012-07-23 16:15:53.913
2012-07-24,1337.0053,0.0016239999999999998,0.021369,0.08072532751291486,1.553404274297511,-0.7732598667339996,0.8034932459011416,0.0319273104799189,0.03979291771101467,-0.4347791396867707,0.4999650217181627,-0.3948032586034955,0.0075694834322692535,0.16351979836084665,448,True,12,115,448,289103,1329.47,1351.53,0.016593078444793852,False,2012-07-24 16:19:10.984
2012-07-25,1337.8249,0.001675,0.021377999999999998,0.07758475559085631,1.642565211795409,-0.7827739979817516,0.8547380705338253,0.031208382901381237,0.04241625017785357,-0.47270094741512464,0.49995891607412585,-0.4757011282215067,0.00676960772075935,0.1527299688397564,403,True,11,118,403,276079,1331.5,1343.98,0.009372887720615841,False,2012-07-25 16:17:33.137
2012-07-26,1357.7563,0.001675,0.021031,0.07389325877299882,2.248800281431639,-0.7360982924932207,1.0210867985676995,0.024617886885726286,0.027961052850928435,-0.4132897098479851,0.4999835135624065,-0.7102758879599922,0.007908527226766406,0.16575038507226805,421,True,12,113,421,305997,1338.17,1363.11,0.018637392857409507,False,2012-07-26 16:19:38.721
2012-07-27,1379.8243,0.001675,0.020647000000000002,0.08903343260546685,1.0212876037213496,-0.7965310321949498,0.631247956181134,0.020776703068453688,0.04351869380141765,-0.4081795947433287,0.49998131307555266,-0.2166165001094119,0.005376137395413593,0.16389073600806905,484,True,12,114,484,450749,1360.05,1389.19,0.02142568287930602,False,2012-07-27 16:19:05.715
2012-07-30,1385.1462,0.001675,0.020776,0.13467402727790728,0.4184038089206661,-0.795934276124909,0.5249175971242201,0.02305512975717246,0.05881558332638732,-0.3600807230810868,0.4999510717071703,-0.16284223181914093,0.0064239920919650015,0.17394529304568424,385,True,12,96,385,289068,1381.37,1391.74,0.007507040112352259,False,2012-07-30 16:17:53.972
2012-07-31,1382.8925,0.001573,0.020891000000000003,0.14149358970863501,0.3974084611053986,-0.799864430014979,0.5454090186953686,0.026022579218509735,0.059663967850268146,-0.3377007521254733,0.4999532088807967,-0.18500949818947032,0.005875090905437615,0.13561208109943332,358,True,10,95,358,262516,1379.17,1387.13,0.005771587259003619,False,2012-07-31 16:14:59.646
2012-08-02,1363.9809,0.001374,0.021145,0.16566392120678525,0.40029260418236223,-0.8356289159477435,0.5516867159444013,0.025626838102645055,0.05079800557159878,-0.32847703559752606,0.4999560336866486,-0.17173014767166708,0.006822281129993734,0.18422416672067252,475,True,10,113,475,369949,1354.85,1375.13,0.014968446691515869,False,2012-08-02 16:16:55.643
2012-08-03,1390.7413,0.001777,0.020756,0.13189899887426898,0.508686009358139,-0.8106056500788058,0.5175515269915989,0.019110836272782747,0.04924824780669809,-0.2819064785153086,0.4999728615066843,-0.1336692323399646,0.008049980938341167,0.1931106542247761,434,True,12,99,434,387491,1365.45,1394.16,0.02102603537295389,False,2012-08-03 16:18:46.457
2012-08-06,1398.1124,0.001675,0.020711,0.13052427107489237,0.555834273021344,-0.7599106426103509,0.5630116507910177,0.01913096092865553,0.03770054337462929,-0.34191443714024145,0.4999529177443262,-0.17188239227731952,0.006757544087910255,0.16521838028535277,330,True,11,105,330,214181,1391.04,1399.63,0.0061752357948010594,False,2012-08-06 16:16:02.508
2012-08-07,1404.0858,0.001675,0.020711,0.13855974129482812,0.5394569945945404,-0.7559839180538547,0.5741365358644478,0.017896797251747778,0.03859402804093467,-0.31041373635376884,0.4999611904385495,-0.18013871859301833,0.006221151443357719,0.13863800172462534,369,True,12,98,369,278551,1394.46,1407.13,0.009085954419632003,False,2012-08-07 16:14:43.233
2012-08-08,1400.7856,0.001726,0.020535,0.12356187170079397,0.631849621055617,-0.7707348817666282,0.5397867742278625,0.018559931255074966,0.03349931930043985,-0.39616094991184236,0.4999712022484644,-0.1352247180091825,0.007587025499733303,0.2598573200164387,305,True,11,92,305,156656,1396.3,1404.14,0.005614839217933154,False,2012-08-08 16:17:30.987
2012-08-09,1403.1644,0.001726,0.020535,0.10081239635536889,1.089076135222419,-0.7198461853701305,0.7151015764627154,0.015664271897038225,0.026197174623303853,-0.2764614169751572,0.499975606332935,-0.29178551464902924,0.007472829184607531,0.19115324840998382,326,True,13,83,326,170930,1398.8,1405.93,0.005097226193880644,False,2012-08-09 16:16:20.209
2012-08-10,1400.5476,0.0016239999999999998,0.020849000000000003,0.15601942645996664,0.584120717415058,-0.7143613833076459,0.6323429157376204,0.015630051217903028,0.028935488319670254,-0.35264114035329824,0.4999788533972983,-0.21758920445459207,0.0062787436764635595,0.2522599184415195,332,True,10,103,332,144178,1395.79,1405.95,0.007279031946066494,False,2012-08-10 16:16:19.042
2012-08-13,1401.9352,0.001726,0.020893000000000002,0.1638920271597831,0.5503154300480105,-0.694989434551361,0.6493639531504414,0.015624700338871329,0.029387239662277905,-0.36682568877546096,0.4999833100630943,-0.2412889208354161,0.006338097693546829,0.24069259318793168,335,True,11,92,335,367163,1397.32,1405.87,0.006118856095955083,False,2012-08-13 16:19:34.504
2012-08-14,1406.6735,0.001777,0.020931,0.09615226829025057,1.0352183930202974,-0.7346165646543382,0.67747762724497,0.016950599082665517,0.030016882798849637,-0.3295687461424329,0.4999588353483253,-0.25989874208809505,0.007689232141101005,0.2006163034094128,392,True,13,100,392,259598,1400.6,1409.72,0.006511495073540097,False,2012-08-14 16:16:15.557
2012-08-15,1405.1751,0.001777,0.020950000000000003,0.10028235187645226,1.1023915257932162,-0.70406086608773,0.7311917457281814,0.016277440324481446,0.02667982072520304,-0.35472171822870674,0.4999522392179668,-0.31354053923059666,0.007225247138347935,0.18368216226681053,324,True,12,92,324,214928,1401.95,1407.73,0.004122828916865773,False,2012-08-15 16:16:54.186
2012-08-16,1411.9696,0.001777,0.020809,0.10382960333651958,1.1924699113219959,-0.7200009597432205,0.7737789125454257,0.015703641652712774,0.027389466290544836,-0.32927503159576144,0.49998632713655805,-0.35110644973338667,0.007890891572149221,0.19395482953728657,452,True,12,108,452,488588,1404.15,1417.44,0.009464800769148463,False,2012-08-16 16:19:58.762
2012-08-17,1416.225,0.001777,0.020771,0.08602515854092929,1.9574683134762807,-0.6947035199506523,1.0142188860765695,0.011659609576275348,0.020509248660425493,-0.28228896774833945,0.4999664679216416,-0.6918569048631125,0.007854595882216967,0.25048171286864096,297,True,10,92,297,276002,1414.68,1418.66,0.0028133570842876487,False,2012-08-17 16:18:13.106
2012-08-20,1415.5756,0.001777,0.020775000000000002,0.08599500475169253,1.9220375484024053,-0.7079175992470859,0.9977677899228672,0.012633816191847065,0.024043372128285334,-0.3402217954304475,0.49996607977358776,-0.6649693063919703,0.0066563426507726215,0.243822959719821,349,True,12,95,349,442564,1412.13,1418.13,0.004248900596970584,False,2012-08-20 16:19:54.568
2012-08-21,1419.7868,0.001776,0.020752000000000003,0.09934116364601708,1.2879003441133283,-0.7368954382195705,0.8060532136801002,0.013848652831879107,0.029692848866315038,-0.369994098641422,0.49996545427577593,-0.3938387455953696,0.006065321225107656,0.18447139185881395,453,True,11,106,453,363374,1410.86,1426.68,0.01121301900968219,False,2012-08-21 16:18:09.610
2012-08-22,1410.9235,0.001827,0.020755,0.08530433011455367,1.9476312706010432,-0.7106610022589654,0.955312781244775,0.014455409346352675,0.026524583563091148,-0.4407801114150753,0.49995352815243654,-0.5803397483120694,0.00508035925383781,0.13354847930041464,389,True,12,96,389,305084,1406.78,1416.09,0.006617950212542079,False,2012-08-22 16:16:48.311
2012-08-23,1404.7168,0.001777,0.021044999999999998,0.10603309194386196,1.2023596118746378,-0.7442526415804671,0.7757383187622992,0.01690343668296538,0.03677910961242966,-0.4078327935183127,0.49995601376631826,-0.3467901246451791,0.005283378460233891,0.12561855089271143,418,True,11,101,418,361077,1400.53,1413.49,0.009253639693544535,False,2012-08-23 16:18:16.138
2012-08-24,1406.1997,0.001777,0.020922999999999997,0.15099069815956817,0.5634529143677043,-0.8392108592480984,0.5764259187580122,0.017822533649727218,0.04485678455082974,-0.38696206408971434,0.499993204222286,-0.16211454197517236,0.007733024253966589,0.1573841595657034,405,True,12,118,405,181701,1398.1,1413.41,0.01095057578141767,False,2012-08-24 16:16:35.042
2012-08-27,1412.2386,0.001726,0.020935000000000002,0.09069583487043105,1.3384240938372136,-0.7687156272251707,0.7177003756297823,0.01605026321443477,0.04409505679797354,-0.3788726814407717,0.49998654055254427,-0.2723148479765981,0.006992318343564353,0.20185216792697938,307,True,10,89,307,185220,1409.13,1416.07,0.00492502466060607,False,2012-08-27 16:15:39.358
2012-08-28,1410.542,0.001726,0.020962,0.09619348622501925,1.3229794240146895,-0.7736669662339257,0.8157920836787506,0.019157242056796926,0.034667143897958566,-0.39456603742619406,0.49999939683736205,-0.41099271779303576,0.005864201237526694,0.17080913949644186,333,True,11,94,333,196462,1405.6,1413.63,0.005712862834376997,False,2012-08-28 16:15:35.131
2012-08-29,1410.8754,0.001726,0.020975,0.10141051107208655,1.0626489751208703,-0.8153641865081435,0.6880655195412693,0.01979051827629646,0.046017114506099445,-0.3947580130909401,0.49995086778544645,-0.25790660786712394,0.005625147425862756,0.1222739993377956,331,True,11,102,331,159307,1406.73,1413.92,0.005111144284972946,False,2012-08-29 16:14:55.176
2012-08-30,1400.7648,0.001675,0.021157,0.10759999721213045,1.1462690536899447,-0.7859060262509142,0.795181961244452,0.02273261001300052,0.06194196437632503,-0.2687121351778156,0.38222301532447706,-0.38563725752579414,0.006155569611024851,0.18135172650760034,379,True,11,95,379,300513,1397.01,1410.08,0.009355695377985862,False,2012-08-30 16:14:59.584
2012-08-31,1407.7185,0.001573,0.021052,0.09035022677331334,1.0519495175392137,-0.778840852171226,0.6178414274651592,0.019886543989750243,0.07367620553192337,-0.3562175556141114,0.416496947314371,-0.19164027456469462,0.00531125682520303,0.1681996483874872,368,True,10,96,368,173626,1398.96,1413.05,0.010071767598787584,False,2012-08-31 16:15:36.087
2012-09-04,1401.4315,0.001878,0.021079,0.08709632499022894,0.9561630557207048,-0.7379935429921605,0.6694952976366906,0.024052266750266234,0.09631973983349622,-0.30293229041606345,0.3333879401598753,-0.2816673770682391,0.006348821547470851,0.14837844296142452,358,True,10,95,358,235920,1396.56,1409.31,0.009129575528441292,False,2012-09-04 16:19:24.136
2012-09-05,1405.2445,0.001726,0.021248999999999997,0.17993474801283393,0.3862165222352041,-0.7966718619180881,0.6293765222082539,0.021321986889092686,0.1335157641321446,-0.1875776257881209,0.26460459413350823,-0.25712726149338766,0.006757015230731385,0.14342061054236355,335,True,10,92,335,192957,1401.25,1408.81,0.0053951828724352335,False,2012-09-05 16:15:27.137
2012-09-06,1428.0806,0.001726,0.021248999999999997,0.11213416870434317,0.6398463052286099,-0.8304955149885075,0.5680889690503633,0.017417085834974935,0.09800054178133133,-0.2046022542580169,0.3482055400595281,-0.17922780968599344,0.009064467596955318,0.2760829000266156,458,True,13,106,458,346522,1403.74,1432.12,0.020217419180190044,False,2012-09-06 16:17:39.126
2012-09-07,1435.8823,0.001827,0.020762,0.11718292030276406,0.6506337993428875,-0.8248636504077596,0.5567856219364808,0.014411293823272131,0.06282510410944524,-0.23054232837180172,0.4294676476225945,-0.15752389148582946,0.008882594513363559,0.27875264406986966,362,True,12,90,362,517465,1431.45,1437.92,0.004519892416780191,False,2012-09-07 16:14:54.711
2012-09-10,1435.7429,0.0016239999999999998,0.020893000000000002,0.12184592162506797,0.5938081309902749,-0.8057526923890238,0.5572933846180032,0.01648072200548865,0.03728950692285045,-0.3290519905033989,0.4999715359025994,-0.16586971856105134,0.007818551273142559,0.3259705788072359,365,True,12,100,365,219053,1429.08,1438.71,0.006738601058023486,False,2012-09-10 16:16:51.564
2012-09-11,1434.8947,0.001726,0.020829,0.18651874363773627,0.342913911670724,-0.7514857375999822,0.6273754728882441,0.01784544844152064,0.10029343887864349,-0.18247633795245466,0.26856641318444496,-0.2656802400202977,0.006897196825307216,0.15202113029456926,308,True,11,90,308,323374,1429.13,1437.75,0.006031641628123419,False,2012-09-11 16:16:21.750
2012-09-12,1436.6067,0.001726,0.020829,0.1418733709685666,0.42735854724803213,-0.7450859765209548,0.6048711390543908,0.019569011704978913,0.05052358283103705,-0.30396070894352667,0.36479602779434894,-0.24460749944034071,0.00708009129065984,0.14368849211440954,305,True,12,91,305,195524,1433.17,1439.15,0.004172568501991991,False,2012-09-12 16:15:10.768
2012-09-14,1467.0459,0.0016239999999999998,0.020274999999999998,0.14494376713910048,0.30951484222404135,-0.6889401463731961,0.45502857429657534,0.01526048094382778,0.039489657023674865,-0.42161249689530617,0.49995196097701505,-0.11732650899154022,0.006927310605543979,0.19706582866099207,406,True,11,105,406,379159,1460.07,1474.51,0.00988993678385297,False,2012-09-14 16:18:10.950
2012-09-17,1461.9708,0.001675,0.020339,0.14666527081232725,0.3393552846074377,-0.6848471082667301,0.49281067088319347,0.016702551224153452,0.047408823148696384,-0.32777832307354815,0.40963163764968136,-0.14331908789925474,0.006222601763169507,0.1812683936803485,312,True,10,97,312,238052,1457.55,1465.63,0.005543549106377332,False,2012-09-17 16:16:05.382
2012-09-18,1458.3655,0.001675,0.020367000000000003,0.13784885034295583,0.36665308103107963,-0.7151893227532862,0.45672151021797325,0.015086246732794236,0.04718436644625142,-0.3811803754682085,0.43919102763059276,-0.10750912650611234,0.00529551284501769,0.1361232810911018,289,True,9,91,289,356435,1456.2,1461.19,0.003426727097926019,False,2012-09-18 16:17:09.664
2012-09-19,1461.0719,0.001777,0.020344,0.10634426112864019,0.6368622980405114,-0.7118436534373351,0.6139209199567582,0.013276867423050634,0.05565575422807698,-0.21684948957486283,0.3523760943367571,-0.24144559490894033,0.0070237671221698135,0.2260227430175305,373,True,11,103,373,392617,1457.97,1465.09,0.004883502404027462,False,2012-09-19 16:19:15.670
2012-09-20,1456.7477,0.001777,0.020373000000000002,0.1317312956428795,0.5179501646637642,-0.680208383831212,0.6595565474690372,0.012456994958572254,0.1047801929417669,-0.17325416205083916,0.26084161554020163,-0.29855434677007553,0.0067916552967392605,0.2133031845967163,351,True,8,104,351,341121,1450.0,1461.23,0.0077448275862068705,False,2012-09-20 16:19:35.843
2012-09-21,1463.6163,0.001726,0.020375,0.09377574645085097,0.7353002727679091,-0.6608769792616822,0.5911874438870047,0.0113519649825001,0.05265328616579907,-0.3826597880821976,0.3998148477043845,-0.21159592992100038,0.005547028866241986,0.18234141547601448,337,True,10,101,337,359027,1459.53,1467.07,0.005166046604043739,False,2012-09-21 16:14:58.007
2012-09-24,1456.1074,0.001675,0.020377999999999997,0.2080287085373189,0.21778261672558705,-0.759404444262012,0.44303498676788167,0.012663747323329618,0.08750798143047274,-0.2732560885727439,0.3141708234303688,-0.10566992650181352,0.0062763707268080485,0.16566865347900628,339,True,11,111,339,268333,1452.06,1460.62,0.005895073206341195,False,2012-09-24 16:18:55.360
2012-09-25,1454.4186,0.001675,0.020607,0.11653866201855755,0.45048516363099433,-0.7300714731334635,0.4983739497089762,0.013648529868614822,0.06225679133534786,-0.3349616480398989,0.4046078577295965,-0.14337871729099105,0.007216418658295281,0.20147158544072818,456,True,11,118,456,249519,1441.59,1463.21,0.014997329337745224,False,2012-09-25 16:18:19.477
2012-09-27,1442.1888,0.001573,0.020590999999999998,0.20647024023359983,0.24687190770207418,-0.770156454695094,0.5798738901477256,0.0158319284675096,0.09963456815239714,-0.24082377440226144,0.29569365086352506,-0.23431032429470783,0.008545277475125327,0.20485943628299808,460,True,13,120,460,287179,1433.36,1450.2,0.01174861863035126,False,2012-09-27 16:18:04.116
2012-09-28,1440.1123,0.0015229999999999998,0.020686,0.2571412794432603,0.1471454407539503,-0.783517206617936,0.39738691530569065,0.014075744137332485,0.08922364111995412,-0.3261517235085637,0.3684384301653929,-0.08224202665674568,0.005299217343184717,0.15022211555264867,338,True,11,95,338,229675,1435.6,1447.13,0.008031485093340951,False,2012-09-28 16:15:37.659
2012-10-02,1444.7481,0.001476,0.020667,0.3959100500844333,0.1007169007058019,-0.7316481085348048,0.5073396859257535,0.016669984146202955,0.08940209002079275,-0.2800685067051235,0.348203934816245,-0.17764389050967638,0.006237329469872747,0.18405752843260703,341,True,11,108,341,230449,1439.03,1451.37,0.008575220808461292,False,2012-10-02 16:17:18.647
2012-10-04,1459.7018,0.001777,0.020472999999999998,0.500909788703043,0.06423612162897165,-0.7785358608155768,0.3771250195683216,0.014475478452866088,0.0907543986603231,-0.2807936538957451,0.33897000618460155,-0.07787027615986464,0.005841303765137031,0.1716945619872507,393,True,14,101,393,306135,1451.08,1463.14,0.008311051079196385,False,2012-10-04 16:19:11.358
2012-10-08,1455.7434,0.001675,0.020558,0.12529952050942153,0.4169277499558076,-0.7254255982348128,0.5056324833113757,0.01630465783425003,0.054048890051168884,-0.3092516572814733,0.3535895587976682,-0.15118251386655923,0.0047109375320533685,0.13331118458453342,247,True,10,96,247,125853,1453.1,1460.93,0.0053884798018031255,False,2012-10-08 16:14:56.481
2012-10-09,1446.2988,0.001573,0.020765,0.07280183510521333,0.9524801469702258,-0.6903245458031122,0.6230401572778588,0.018328001129311444,0.04090925565352291,-0.39439060958040795,0.4357835012667566,-0.24949443237938754,0.0053868642588338015,0.13379442845577716,372,True,11,114,372,150125,1441.2,1455.85,0.010165140160976804,False,2012-10-09 16:19:12.867
2012-10-10,1434.8907,0.001675,0.020904,0.07851004405397205,0.81471905541016,-0.7328084170007663,0.5681928238417315,0.019435868906215292,0.0481725539301206,-0.346632718379243,0.43003875035680117,-0.19491582720151665,0.006022232609927352,0.16755786040500117,393,True,12,107,393,347159,1430.69,1442.47,0.00823378929048224,False,2012-10-10 16:14:57.949
2012-10-11,1437.01,0.001675,0.020904,0.13224153990180748,0.3700695318605906,-0.7357986766530232,0.5326243107139332,0.017333199148175705,0.10189814208145231,-0.1895211805623056,0.254379529507239,-0.1858115268355215,0.005748319177013665,0.13970075194557274,355,True,11,105,355,239380,1432.82,1443.72,0.007607375664772986,False,2012-10-11 16:17:32.733
2012-10-12,1431.0849,0.0016239999999999998,0.021011000000000002,0.07467386716105273,0.7877890416260622,-0.740698435199999,0.5181759637394661,0.0182407474708267,0.0436927262540357,-0.3815837425735429,0.44556101596865116,-0.15085182090668922,0.00458760360551281,0.1201822363912478,350,True,10,106,350,226598,1425.68,1438.4,0.008922058245889763,False,2012-10-12 16:16:08.982
2012-10-15,1434.9373,0.001675,0.020845,0.060783020676391374,1.1003484990659789,-0.7285363850787977,0.5875651355068381,0.01900748520322353,0.037592656863183624,-0.4053561010476397,0.4779452614810574,-0.2114677773232418,0.005686942623975151,0.14181465191070702,368,True,10,108,368,233322,1427.24,1441.31,0.009858187831058407,False,2012-10-15 16:18:20.515
2012-10-16,1452.6941,0.001675,0.020634,0.10956869647912168,0.42307726713727173,-0.7133246670314767,0.49983984957239613,0.015811814745745528,0.05240883076526818,-0.31644392025129514,0.3976419699222207,-0.15712782588019558,0.004398734621748941,0.10671619978378803,342,True,10,101,342,243286,1440.31,1455.47,0.010525511868972659,False,2012-10-16 16:16:22.890
2012-10-17,1456.8872,0.001827,0.020557,0.11610749134492052,0.4211047567658224,-0.68723928062636,0.5756283735427633,0.016611370060761833,0.06355959837266946,-0.2556625324924637,0.33639600669574155,-0.23356119062450192,0.006737709477688646,0.1854202460703236,357,True,10,113,357,500748,1453.35,1462.17,0.006068737743833319,False,2012-10-17 16:17:01.720
2012-10-18,1458.4724,0.001777,0.020628999999999998,0.07848061824643694,0.7419416022021756,-0.6629429571155152,0.6153636461985585,0.015186254044129552,0.07816603653123405,-0.250349714216129,0.3090516787161639,-0.2622163457756273,0.006119145186223258,0.15518461584804089,371,True,12,109,371,330908,1452.64,1464.02,0.007834012556448888,False,2012-10-18 16:17:07.088
2012-10-19,1440.2345,0.001726,0.020978,0.3068224634636062,0.10578266207598354,-0.6702901963603211,0.4978428960091544,0.016904975894988166,0.1316201261029423,-0.2338014403259378,0.2601296075673242,-0.18293455516699877,0.008257294539168802,0.17141616800701096,440,True,10,109,440,455192,1429.89,1457.34,0.019197280909720282,False,2012-10-19 16:19:40.458
2012-10-22,1429.6963,0.001777,0.020971000000000004,0.03011592738067349,7.77535310889299,-0.661566641767518,1.282111696855059,0.025488543705555065,0.03976051937280238,-0.49999999951827767,0.49540618893932814,-1.1754864640395284,0.007324763972257038,0.16202324537382906,393,True,10,111,393,393343,1422.09,1435.41,0.009366495791405693,False,2012-10-22 16:19:44.539
2012-10-23,1413.2739,0.001777,0.021278000000000002,0.03385222787905535,6.744145002317615,-0.671095403817123,1.2692875809947004,0.03109782626683824,0.042395461719851896,-0.49999999094810993,0.49825421006846543,-1.1544822963316819,0.008750410387218422,0.18380014780933163,445,True,12,106,445,472464,1407.56,1433.74,0.018599562363238453,False,2012-10-23 16:15:58.994
2012-10-24,1413.7668,0.001777,0.021344,0.036582246605169705,4.001183409632424,-0.710722252530215,0.92697066094071,0.027509743178906358,0.06298372904312616,-0.3376623416497042,0.39704323849095574,-0.5665300498374826,0.008026795483766757,0.18033799005795306,362,True,11,102,362,274902,1407.1,1419.96,0.009139364650700088,False,2012-10-24 16:19:49.215
2012-10-25,1412.6452,0.001777,0.021283,0.0539437519702268,1.37713801599005,-0.7435357805031233,0.723575674234467,0.025757130533760025,0.08435087088613293,-0.25171820212103163,0.32170887321307406,-0.3749857732171885,0.008323912382958374,0.21003922184416518,396,True,12,109,396,251887,1405.14,1421.02,0.011301364988542062,False,2012-10-25 16:16:38.520
2012-10-26,1409.9966,0.001726,0.0213,0.10192610974939126,0.39781758415691004,-0.7881340529343892,0.5401070820568069,0.023074643302084804,0.10378121616587753,-0.2573797410099995,0.3203424991985552,-0.21061966260188852,0.006515561910148132,0.2070796115689239,371,True,11,111,371,263103,1403.28,1416.65,0.009527678011515883,False,2012-10-26 16:16:42.490
2012-10-31,1411.2643,0.001675,0.021328,0.047804761538455684,1.2862329194830668,-0.7240805692240978,0.601056256262082,0.024596516281642725,0.07257787376121594,-0.31308358316697893,0.3952974259721151,-0.2382925071941903,0.00901249514114833,0.24603951657065418,394,True,12,110,394,261774,1406.01,1418.74,0.009053989658679429,False,2012-10-31 16:16:51.170
2012-11-01,1423.9078,0.001017,0.021103999999999998,0.07867824433667836,0.5435133512329279,-0.7532657464987419,0.49602073721289447,0.021739357930017085,0.055343244404397224,-0.34727490910454084,0.44500516822789205,-0.16051121924812095,0.007909202063437608,0.21988996499863123,435,True,11,122,435,358803,1412.2,1428.35,0.011436057215691742,False,2012-11-01 16:15:06.354
2012-11-02,1425.0318,0.001017,0.021103999999999998,0.14532722077255103,0.21630368615536466,-0.793062982509839,0.430556349345467,0.020749186770770277,0.06764069842649871,-0.28035902332240215,0.4165632013265936,-0.12250914285806126,0.008335673520763904,0.22022206308468537,463,True,12,117,463,322571,1412.91,1434.2,0.01506819259542369,False,2012-11-02 16:15:11.692
2012-11-05,1413.3842,0.001726,0.021313,0.06020870107681762,1.0320467765277417,-0.7407456771013111,0.5987936733744086,0.026575482336475734,0.03405889076352252,-0.46400327167121813,0.49998137642614765,-0.23427747154271394,0.005507843304815948,0.14332627354568733,429,True,12,122,429,203659,1408.17,1419.8,0.008258946007939194,False,2012-11-05 16:16:31.265
2012-11-06,1427.8657,0.001675,0.021158999999999997,0.07015020718731539,0.8513526126495395,-0.7056853010612444,0.6185343105927175,0.023708945350256676,0.03236582069257537,-0.42658517697000836,0.4999844029355323,-0.26313956904675334,0.005579323281134735,0.1338435356789957,406,True,12,116,406,230786,1417.26,1433.31,0.011324668726980125,False,2012-11-06 16:15:54.402
2012-11-07,1400.7775,0.001827,0.021979000000000002,0.0579615230158978,1.1980306109401386,-0.7772388897699144,0.5750329177156385,0.025892098907762118,0.042190189342898546,-0.4136008589453377,0.4999840824348279,-0.19178349879704634,0.005692783306694944,0.12143313021184336,539,True,11,124,539,379572,1388.14,1428.27,0.02890918783408014,False,2012-11-07 16:18:56.332
2012-11-08,1389.4382,0.001827,0.021979000000000002,0.06260507299625515,1.0603243795369919,-0.7756904637509103,0.5526429896799107,0.0262121180530664,0.04741582387706944,-0.4131265608086067,0.4500975943027155,-0.1726509036811052,0.00456385977143781,0.1294613754005322,570,True,14,138,570,448091,1377.51,1401.13,0.017146880966381506,False,2012-11-08 16:16:01.669
2012-11-09,1382.9213,0.001573,0.02222,0.07745663650011778,0.736386923536809,-0.8028452716571525,0.4962046426744792,0.026135245995919154,0.04363637534868563,-0.419386318137217,0.46189232742918207,-0.1321429388920463,0.0046811000048337485,0.13936371241912351,504,True,12,128,504,360201,1373.28,1391.36,0.013165559827566176,False,2012-11-09 16:16:33.877
2012-11-12,1380.4077,0.001472,0.022216999999999997,0.09630042453935787,0.5476150689872905,-0.7730947847288893,0.5038047783886938,0.025933128552978413,0.038654828702149785,-0.3944069212094361,0.48071522059463295,-0.1483481274720292,0.005092069346566902,0.1394242379105358,425,True,11,108,425,257054,1377.22,1384.84,0.005532885087349726,False,2012-11-12 16:18:15.096
2012-11-13,1383.0119,0.001726,0.022331,0.13244304053196884,0.3480894532868125,-0.8086805179076342,0.4326764306582895,0.023190603878290337,0.04617832225497486,-0.3041880987384527,0.4192571234259556,-0.09500484250636522,0.0061070408401312,0.13706913006062854,496,True,12,118,496,279927,1371.39,1388.79,0.012687856845973622,False,2012-11-13 16:16:23.998
2012-11-14,1364.9288,0.001675,0.022722000000000003,0.16118554983189612,0.23917960412061695,-0.8192158484012891,0.4086252970246252,0.024988090847147912,0.06535264118429668,-0.2346004439925019,0.36177331076202274,-0.08987004137094938,0.007615474068098173,0.16683001259183416,589,True,14,138,589,477602,1352.5,1380.1,0.02040665434380773,False,2012-11-14 16:19:53.424
2012-11-15,1353.5728,0.001726,0.022850000000000002,0.22932951720032302,0.13736896256588554,-0.8046684404508554,0.41418939435013047,0.027314518585237865,0.11638493759957819,-0.17759616993945831,0.2763684057478069,-0.10854733866504034,0.006938408451096318,0.1629671062480241,534,True,12,118,534,537371,1348.08,1360.62,0.009302118568630835,False,2012-11-15 16:19:43.871
2012-11-16,1353.3825,0.001675,0.022754,0.08880914339744332,0.5204207992921538,-0.8262181566590073,0.4237465254706957,0.026522052681694927,0.04755456415950252,-0.36904221760717737,0.48388782898996346,-0.08712486706578902,0.006276514059822583,0.15070186703362667,534,True,11,129,534,594957,1343.35,1362.01,0.01389064651803329,False,2012-11-16 16:19:02.186
2012-11-19,1381.7586,0.001675,0.022366999999999998,0.10708814904829395,0.4368923058569132,-0.8213628801594217,0.4235739054898892,0.019902832621799815,0.0445215883342144,-0.2974400212926787,0.4298568411801536,-0.0858428766766417,0.0065328518296872435,0.19782460543031263,464,True,12,124,464,323984,1359.88,1386.89,0.01986204665117519,False,2012-11-19 16:14:47.547
2012-11-20,1384.3385,0.001675,0.022366999999999998,0.1407679196050084,0.31551372376758746,-0.7716994130134534,0.45437934736926666,0.019184093297165326,0.04022829012236834,-0.3199654880299041,0.4461183981244706,-0.11763217031253555,0.005186648893579951,0.14060626664317852,434,True,10,114,434,288255,1377.04,1389.73,0.009215418578981005,False,2012-11-20 16:15:22.117
2012-11-21,1388.8702,0.001726,0.022286,0.1674888480428122,0.2511845592920387,-0.7974356340233695,0.44113578546321547,0.017553296902087526,0.0700735639306003,-0.21072974977609812,0.33992401251642046,-0.11045955625231804,0.005515038568080268,0.14718435940821253,362,True,10,101,362,370944,1386.39,1391.22,0.0034838681756215184,False,2012-11-21 16:15:10.517
2012-11-23,1402.2915,0.001726,0.021890999999999997,0.10476825437424792,0.4003078377347776,-0.820033083783433,0.39198284146842033,0.01694945505001997,0.056869831689660456,-0.2944785236970964,0.40424965433903415,-0.06977144126205206,0.00486794051780975,0.24928516394469577,348,True,10,114,348,234347,1391.03,1409.16,0.013033507544768952,False,2012-11-23 13:16:39.498
2012-11-26,1402.3619,0.001675,0.021941000000000002,0.14394034368680658,0.3202352194716817,-0.7400367287591466,0.5287575768865426,0.018667489381510905,0.07661718683374508,-0.1892721028448148,0.29815193940786777,-0.18739504001218035,0.00620908237735846,0.22618029924568356,395,True,10,119,395,308553,1397.7,1409.15,0.00819202976318234,False,2012-11-26 16:14:58.034
2012-11-27,1404.0755,0.001675,0.022090000000000002,0.34400408941153526,0.10362284058429916,-0.7810237529227528,0.4257690912696009,0.01794390642295817,0.06729969444461006,-0.2219372345443091,0.35077954673884604,-0.1099859572456647,0.0061329992210947554,0.18672394215144686,425,True,9,118,425,276297,1398.03,1409.01,0.007853908714405389,False,2012-11-27 16:19:11.674
2012-11-29,1415.5716,0.001675,0.021879,0.42203515150626064,0.07841920679639187,-0.7688897868810368,0.4186053273307243,0.01718055979636704,0.09799659726598504,-0.16817660620851088,0.28047677416264993,-0.1090390964270308,0.006307098221519432,0.17795289764437794,418,True,11,116,418,309753,1409.18,1419.7,0.007465334449821892,False,2012-11-29 16:17:54.549
2012-11-30,1414.8281,0.001675,0.021877,0.15669874322990884,0.24193669190763392,-0.8146364994114309,0.4390789989113984,0.018543621255007418,0.0944167891812099,-0.15328936151037287,0.29206089098029503,-0.11696801615878001,0.006517682153752617,0.19287918219183559,337,True,11,110,337,292767,1411.66,1418.85,0.005093294419336036,False,2012-11-30 16:17:18.099
2012-12-04,1406.951,0.001726,0.02204,0.10116609340510004,0.4299436402449255,-0.756846002823763,0.5667146722172871,0.02142210330354339,0.17899826203391517,-0.10970737900598802,0.2105029388138814,-0.23417408277045343,0.006169455007386735,0.14544591624516168,366,True,9,108,366,362490,1403.99,1413.14,0.006517140435473356,False,2012-12-04 16:19:20.501
2012-12-05,1408.4007,0.001726,0.02204,0.11484361849508697,0.3171847339956191,-0.766543645634226,0.47426596161120427,0.021777654473827415,0.13682254139324218,-0.14897470087854012,0.2399467218171701,-0.15207491717608324,0.00586474965819387,0.1342786851990574,415,True,10,120,415,294214,1398.23,1415.56,0.01239424129077471,False,2012-12-05 16:15:54.804
2012-12-07,1415.4872,0.001827,0.022265,0.07726432951825357,0.4320093116269314,-0.8221384111725432,0.3794935527316689,0.02080769424726334,0.08846527500921107,-0.18905616575760043,0.36293323183907694,-0.07725753694790972,0.012877877848714206,3403.562216745309,403,True,11,108,403,325029,1410.91,1420.34,0.006683629714155925,False,2012-12-07 16:18:38.983
2012-12-13,1422.3731,0.001421,0.022364000000000002,0.24583564967721105,0.14879102065595892,-0.7479018921406302,0.4884858956254092,0.01936213709274077,0.25229901300899366,-0.09442796041908397,0.17891800685101264,-0.1654621957667722,0.00549782692154877,0.13026535033263173,414,True,11,111,414,220914,1416.01,1431.36,0.010840318924301373,False,2012-12-13 16:17:19.311000
2012-12-14,1415.8763,0.0012690000000000002,0.022513000000000002,0.18388722075375377,0.1551655749832306,-0.7794516442712893,0.4087181648279511,0.020971836229557384,0.19776630747389878,-0.13151276436400536,0.2199141549384201,-0.10998460557967929,0.006278550111827993,0.14201687580011094,318,True,11,91,318,201638,1411.88,1419.45,0.005361645465620235,False,2012-12-14 16:16:31.454000
2012-12-21,1427.5287,0.001421,0.022306,0.029292345355562997,7.757211276501473,-0.6759553683088667,1.1982799820768386,0.029812781111463692,0.06415661462413683,-0.49999992368555524,0.4571046058592432,-0.981421092031371,0.007965080185882809,0.142722238417756,423,True,11,112,423,524795,1422.58,1443.67,0.014825176791463557,False,2012-12-21 16:17:41.957000
2012-12-24,1426.2593,0.0013700000000000001,0.022353,0.028996041558580182,13.458572849027124,-0.7195310162382341,1.5785300671541043,0.031657163208681484,0.05005388569936353,-0.4821359916056483,0.49146851534186065,-1.7112664976104024,0.006324696279641669,0.13175289266685455,257,True,10,94,257,116321,1424.66,1430.15,0.003853551022700241,False,2012-12-24 13:16:19.855000
2012-12-26,1421.5018,0.001472,0.022463,0.0257580493580064,10.984818476285922,-0.7167144726767197,1.2157671037033362,0.032785735626312866,0.10782839923163748,-0.31989449320601937,0.3352964984213613,-0.9121946574453716,0.0070701436863262815,0.14231214991106247,410,True,12,121,410,196618,1416.43,1429.31,0.009093283819179065,False,2012-12-26 16:16:35.750000
2012-12-27,1409.8173,0.001421,0.022515,0.02826363882084699,8.251183056290884,-0.7129566181729802,1.1106443287376497,0.037357148734661616,0.09235414469580894,-0.3822932606824674,0.37016868187202506,-0.7671139094617088,0.007814293509633795,0.1531490671449626,553,True,15,142,553,274989,1401.8,1422.8,0.014980739049793135,False,2012-12-27 16:17:32.055000
2012-12-28,1408.9909,0.0013700000000000001,0.022795,0.0332716657831522,3.2919308020519154,-0.7648670128082345,0.7358097312109744,0.03381946604515154,0.11326883888100682,-0.30314980805365166,0.3182954880384917,-0.3223599176904954,0.007416346749816073,0.1480736504782887,455,True,12,141,455,256731,1401.58,1418.1,0.011786697869547114,False,2012-12-28 16:18:09.886000
2012-12-31,1412.8267,0.0013700000000000001,0.022416000000000002,0.027514682168737783,5.4080029941064245,-0.7903103092548638,0.800417800036374,0.033902540686321855,0.10424108410742493,-0.3337119727186033,0.3873145457969562,-0.34306968751422756,0.010753942317498367,0.2010876829033121,508,True,13,124,508,308322,1398.2,1426.74,0.020411958232012584,False,2012-12-31 16:16:50.124000
2013-01-02,1453.5811,0.0013189999999999999,0.021869999999999997,0.06780328271618159,0.5638008537059779,-0.7956809315644131,0.40523596985395394,0.016155956155696514,0.09580964354365129,-0.253839826834255,0.3367873040263728,-0.08776109390457276,0.0061965626849624054,0.16705814814232253,495,True,12,116,495,588750,1426.19,1462.43,0.025410359068567256,False,2013-01-02 16:19:38.213000
2013-01-03,1461.3918,0.001472,0.021916,0.12065820993234753,0.25423048872810855,-0.828383619644439,0.3289293393455202,0.014428819190026858,0.08420192553651105,-0.25968631661652103,0.3545639248296621,-0.046844518921961516,0.00546641757058984,0.15338464552911463,428,True,13,106,428,451465,1455.57,1465.44,0.006780848739668999,False,2013-01-03 16:16:50.735000
2013-01-04,1463.0485,0.001268,0.021809,0.07899959668999612,0.5248278198103937,-0.8245006499342816,0.35737761080980496,0.013761014885601495,0.052894429914397564,-0.2884948238202825,0.44511380403129713,-0.04479638451470229,0.006879997693552541,0.27512128739463254,448,True,13,102,448,352371,1458.99,1467.94,0.006134380633177727,False,2013-01-04 16:16:16.091000
2013-01-07,1459.8643,0.0013700000000000001,0.021879,0.07428198580973266,0.803834024548823,-0.7651182508169663,0.48254333583941034,0.015504930561038839,0.028815811861535246,-0.34764356021994613,0.499967787380419,-0.11342729575319402,0.006177760241996914,0.211250943299839,370,True,12,102,370,375785,1456.65,1466.47,0.0067414958981224515,False,2013-01-07 16:14:59.237000
2013-01-08,1454.5807,0.001116,0.021962000000000002,0.06389451078055197,1.1763705863240284,-0.7508020242758042,0.5505157733390469,0.015002576360153745,0.023288236804706007,-0.36366469608974755,0.4999546389011328,-0.15274037047547911,0.00615933105210498,0.15988484470078979,372,True,13,110,372,358398,1451.64,1461.89,0.007060979306164006,False,2013-01-08 16:15:00.490000
2013-01-09,1461.6785,0.001116,0.021962000000000002,0.07036487328879007,0.9257305874805927,-0.7965618478705356,0.4851156250946111,0.01435215282059388,0.028649217857046112,-0.29615942991204347,0.4743419663900692,-0.10505933873567708,0.006080888931695405,0.15512728443318827,392,True,14,102,392,366094,1457.15,1464.73,0.005201935284630865,False,2013-01-09 16:16:39.645000
2013-01-10,1466.5783,0.0009130000000000001,0.021741999999999997,0.060634673039155804,1.0828742582993502,-0.7918037963142923,0.46594750243592375,0.013856525906411383,0.03030155302046776,-0.3550490513754074,0.49998552206072616,-0.08578762183727628,0.006700962738616647,0.20698507059324847,441,True,12,133,441,353249,1461.02,1472.3,0.007720633529999521,False,2013-01-10 16:14:54.970000
2013-01-11,1469.6807,0.000862,0.021759,0.05965004412502561,1.1169133032287817,-0.771099831868513,0.4740389655559458,0.013635795392785146,0.02953969796929599,-0.39013579716847246,0.48933735576523407,-0.09146508522250132,0.004764091731976918,0.13553391147678948,312,True,12,98,312,258367,1467.65,1472.75,0.0034749429359859363,False,2013-01-11 16:16:16.302000
2013-01-14,1468.89,0.0013189999999999999,0.021779000000000003,0.06410253595582772,1.0067760201456881,-0.7816802214872569,0.4884194876282884,0.014572134820256334,0.04084973980117411,-0.26781695345197654,0.4025057801480557,-0.10947980383337155,0.004464251241979909,0.11935110685248694,302,True,10,92,302,261219,1465.69,1472.05,0.004339253184506786,False,2013-01-14 16:17:39.339000
2013-01-15,1468.6916,0.0013700000000000001,0.021755,0.0546104844552073,1.1391626593662567,-0.8058236898802206,0.44930275904174716,0.013969114763302848,0.050153567227584954,-0.2925753068028008,0.3989375980069793,-0.07745251987997914,0.004232122506742899,0.11238519535309555,393,True,12,114,393,292257,1463.76,1473.23,0.006469639831666374,False,2013-01-15 16:18:08.115000
2013-01-16,1471.7336,0.0013700000000000001,0.021759,0.0524348813048352,1.4604695826500735,-0.7871994588655821,0.5457546225619041,0.013107649646932255,0.06291140314065224,-0.20907050089618853,0.3210814447891678,-0.14468900961652878,0.004926205671892769,0.14440537620400481,358,True,10,115,358,417546,1467.6,1473.96,0.004333605887162806,False,2013-01-16 16:17:34.730000
2013-01-17,1480.6895,0.001421,0.021638,0.05981879407762577,0.9913748339293874,-0.7802322927918002,0.5067150876270723,0.013270135388527608,0.06739960637989327,-0.20254173605259299,0.31261569300135217,-0.1381544859397866,0.005079119488040876,0.16637140669925915,484,True,14,129,484,419368,1472.63,1485.16,0.008508586678255936,False,2013-01-17 16:19:02.497000
2013-01-22,1487.3482,0.0013189999999999999,0.021478999999999998,0.05480549878091713,1.2665064543974605,-0.7619586215747104,0.592082102178072,0.011091780891207631,0.06678350028663142,-0.16948902187089712,0.2670706648556824,-0.21173817983459753,0.005117622260392355,0.15545114399031285,430,True,12,111,430,492950,1481.16,1492.51,0.007662912852088866,False,2013-01-22 16:19:55.281000
2013-01-23,1493.4402,0.0013189999999999999,0.021438000000000002,0.05519224525830611,0.864120604143262,-0.7895077785598672,0.44933581310848164,0.010308385691924266,0.06794371082159809,-0.21231536677202115,0.31532151114412443,-0.10651716030859923,0.004794880537415246,0.1616607457296452,356,True,11,102,356,378991,1489.96,1496.13,0.00414105076646365,False,2013-01-23 16:17:53.942000
2013-01-24,1496.7764,0.0013189999999999999,0.021439,0.05745811545585621,0.7553409118359818,-0.7528540805494942,0.4715323920539586,0.010593087889390255,0.0737942496671124,-0.22034808107516174,0.2843504701847956,-0.13554186611452101,0.005003450077531459,0.14416195829945586,528,True,15,121,528,635510,1489.46,1502.27,0.008600432371463462,False,2013-01-24 16:15:42.090000
2013-01-25,1500.3753,0.0013700000000000001,0.021322999999999998,0.06148768141470218,0.5521402286703841,-0.7630680695583174,0.37668914191402936,0.010334093229511131,0.07234754969712613,-0.2699488428988401,0.32951921027919684,-0.07399506468247695,0.0036284864009336836,0.12165311316000829,418,True,13,123,418,280247,1494.82,1503.24,0.00563278521828714,False,2013-01-25 16:18:00.588000
2013-01-28,1500.5138,0.0013700000000000001,0.021379000000000002,0.07717280112452576,0.3778265985401736,-0.729655909947309,0.4123147625930348,0.011783970967222559,0.09631983365489338,-0.22442783201111044,0.2816229172588771,-0.11168758955475694,0.004293861256637342,0.11861224135963742,362,True,13,107,362,280550,1496.33,1503.23,0.00461128227062213,False,2013-01-28 16:14:58.985000
2013-01-29,1504.9345,0.0013700000000000001,0.021278000000000002,0.05559380720669964,0.6675060577328192,-0.7478497100476462,0.4402071914738685,0.011428926141983663,0.07469927340433645,-0.24153580511008288,0.3186445549687901,-0.11956396525950619,0.004167415133854092,0.12215380847244574,430,True,13,117,430,363748,1498.09,1509.35,0.007516237342215737,False,2013-01-29 16:16:29.072000
2013-01-30,1505.5091,0.0013189999999999999,0.021424,0.04982058743598267,0.6752414102189689,-0.7182143647952749,0.45196018198746696,0.01249847286723932,0.09526882047421703,-0.2263077993872558,0.282069673646137,-0.13698615866572347,0.0045290785989457825,0.1337067970432039,407,True,12,115,407,290425,1500.13,1509.91,0.006519434982301453,False,2013-01-30 16:18:37.968000
2013-01-31,1499.9402,0.0013189999999999999,0.021481,0.052377734070801193,0.7593641868268008,-0.7161301360707822,0.5102070095529861,0.013315670635493023,0.09436366826795718,-0.22334898136218156,0.2754371384811096,-0.18076364171599218,0.005122653177848133,0.15157754661125172,393,True,13,101,393,184884,1496.76,1504.19,0.004964055693631675,False,2013-01-31 16:15:52.864000
2013-02-01,1511.3071,0.0013700000000000001,0.021267,0.05890623408847174,0.5788658332731819,-0.7644392869606038,0.3824902572855399,0.010583052835893284,0.0782385654834161,-0.24478943204460296,0.3242346270970037,-0.07810118435714193,0.005152295857952057,0.259209300680023,459,True,15,108,459,407998,1498.11,1514.41,0.010880375940351739,False,2013-02-01 16:16:32.655000
2013-02-04,1501.3593,0.001268,0.021516999999999998,0.045022204714455505,1.2379090192677502,-0.7189871904623283,0.5732370901430729,0.014333933785600503,0.04752606866615905,-0.31034746922919715,0.3651700401579349,-0.21713397494901052,0.0045572754517053,0.14436798459661904,474,True,13,120,474,229944,1495.02,1513.17,0.012140305815306895,False,2013-02-04 16:14:33.796000
2013-02-05,1509.7228,0.001015,0.021307,0.05204093386680872,0.8375961526525595,-0.7236732940284029,0.47876221086755655,0.012191356406050999,0.06199005329229518,-0.2869284656747689,0.33394962794511596,-0.14203468258022017,0.00412129217863538,0.12451416166185332,390,True,13,113,390,181846,1495.71,1514.96,0.0128701419392796,False,2013-02-05 16:15:29.639000
2013-02-06,1509.507,0.001015,0.021307,0.04612976626743176,1.2923146207356757,-0.7200541445355434,0.5889725411261454,0.01267456988838855,0.056489259844944385,-0.27899023266317013,0.33787341972397633,-0.22766031140354615,0.004220662827365706,0.10658680863790274,360,True,13,98,360,188582,1504.81,1512.47,0.005090343631422023,False,2013-02-06 16:15:40.393000
2013-02-07,1505.5258,0.0013189999999999999,0.021568999999999998,0.04124064977269654,1.9567603007772205,-0.6923398435909036,0.7751077577296784,0.012264895907522073,0.09222497213484927,-0.1832684583866734,0.22859273721395978,-0.4393959035857905,0.005692030136556287,0.15111690090754634,440,True,12,117,440,191680,1498.49,1512.82,0.009562960046446634,False,2013-02-07 16:17:02.618000
2013-02-08,1516.6578,0.001015,0.021448000000000002,0.038968712289560836,1.7363764217387458,-0.7152930501063525,0.6042373941234109,0.01023194747485771,0.06957720309685883,-0.23955334231043066,0.2905795723842414,-0.22977412204682154,0.003678484487231056,0.09658217151179878,362,True,11,93,362,243266,1509.39,1518.31,0.00590967211920046,False,2013-02-08 16:16:34.624000
2013-02-11,1516.3648,0.001015,0.021448000000000002,0.042350073464812794,2.080534512956342,-0.6800542542476818,0.8717540945584011,0.010391135157630876,0.09265169833597686,-0.14691240947932185,0.2153521824300352,-0.5837336224397787,0.003916404926715929,0.10623574005912138,308,True,10,89,308,283578,1513.7,1518.28,0.0030256986192771507,False,2013-02-11 16:19:50.380000
2013-02-12,1519.1794,0.001116,0.021440999999999998,0.0426338726008827,1.6136971158389497,-0.6954792686235631,0.7011082211890453,0.01045540368057182,0.07596227270894344,-0.19546562971588016,0.257018581742865,-0.35395642331268795,0.004511542754768038,0.11282199561512872,346,True,11,95,346,214226,1515.61,1522.29,0.004407466300697438,False,2013-02-12 16:15:18.584000
2013-02-14,1520.2351,0.001472,0.021472,0.04522411214118148,1.184630420804011,-0.6988302259374248,0.603969400135452,0.010570692068543216,0.09351250700924321,-0.20096526451018687,0.2432662911625445,-0.2576313183073865,0.004897598269468547,0.13632443876255232,385,True,12,104,385,220292,1514.02,1523.14,0.00602369849803841,False,2013-02-14 16:14:31.788000
2013-02-15,1520.1796,0.001472,0.021505,0.04930977524757026,0.937090356306021,-0.7609648520377942,0.49332056750173975,0.009654681987816837,0.09173536137947005,-0.195987797446346,0.27188894080434556,-0.1509497526080077,0.004744962331669731,0.15923590039987953,434,True,11,121,434,421954,1514.17,1524.24,0.0066505081992114246,False,2013-02-15 16:14:59.355000
2013-02-19,1526.8977,0.0015229999999999998,0.021372,0.08268132445243327,0.450797632907167,-0.7252196859494953,0.5070089911696617,0.00914928527374202,0.12292332114088302,-0.17383338111046942,0.21874576354406175,-0.18251302642930534,0.0050607137575106945,0.12879155611724907,437,True,13,106,437,388387,1519.79,1530.94,0.007336539916699136,False,2013-02-19 16:15:43.038000
2013-02-20,1520.9112,0.001472,0.021644,0.14600613684408542,0.17369609456233212,-0.7170865826228171,0.4430112275988243,0.010283132045023966,0.20023587500357096,-0.14678239244777966,0.19369617853149343,-0.14553755627471515,0.0069263761947401204,0.16858838390989803,503,True,12,120,503,381882,1511.41,1530.94,0.012921708867878356,False,2013-02-20 16:19:25.576000
2013-02-22,1510.3569,0.001522,0.021621,0.0827417985986181,0.29366241157715656,-0.7320700417030911,0.41993647968753756,0.012842700645430418,0.1633841169628735,-0.19677635138906563,0.2075919929862329,-0.12775033474295847,0.005550574153374853,0.12144828986023645,419,True,10,113,419,245332,1502.42,1515.64,0.008799137391674705,False,2013-02-22 16:17:18.985000
2013-02-25,1505.696,0.001472,0.022024,0.022550076275673174,14.794797672257644,-0.6939391044850584,1.86432801172842,0.02561684037749076,0.038622000645535906,-0.48518032468745914,0.4999828180339656,-2.80847130333012,0.012512594021212815,0.2449146962325922,525,True,12,140,525,342911,1487.85,1525.81,0.025513324595893394,False,2013-02-25 16:19:47.317000
2013-02-26,1492.907,0.001472,0.021916,0.030107863929920185,7.583304450660569,-0.7492191853411965,1.3880278977958036,0.027978550792403856,0.037914557269715,-0.3706160147256052,0.3912021912230119,-1.4699872479801448,0.006854823328797196,0.15549957554786567,474,True,10,122,474,421127,1485.11,1498.91,0.009292240978782784,False,2013-02-26 16:17:08.958000
2013-02-27,1511.2928,0.001472,0.021661,0.053226721671369846,0.6252273797251505,-0.7680208584703105,0.4951739684694524,0.013931942898046454,0.19782071750420724,-0.16538623748574433,0.1889193095249255,-0.17863965160588532,0.006463667429094525,0.15218429285166593,472,True,11,122,472,348058,1494.88,1520.08,0.016857540404580762,False,2013-02-27 16:16:47.973000
2013-02-28,1519.4355,0.001522,0.021682999999999997,0.11059752249659911,0.23282211676912024,-0.7495955528666945,0.4653513551479634,0.01254121411715576,0.17174878794051532,-0.18926481766145334,0.21391138122809664,-0.16505278514388877,0.006664720664098453,0.15736908023458207,462,True,12,123,462,297755,1514.46,1525.34,0.007184078813570416,False,2013-02-28 16:19:05.322000
2013-03-01,1514.4353,0.0013700000000000001,0.021633,0.1724589839666194,0.11511712080241707,-0.7385426802796969,0.47200084426555877,0.012388084557404488,0.31595290863182085,-0.15727948678390127,0.16545239964942154,-0.18307883360590538,0.007382338968938086,0.15178525124978234,446,True,12,105,446,314741,1501.48,1519.96,0.012307856248501503,False,2013-03-01 16:15:18.333000
2013-03-04,1518.7756,0.0012690000000000002,0.021536,0.030455018845038657,6.254654130048132,-0.7555342880141047,1.1865289283146174,0.01572137065821516,0.026102096947788346,-0.4815429318231931,0.4999534922704841,-1.026879678927805,0.0063538102450620025,0.14256566556795583,412,True,12,118,412,190068,1512.29,1525.27,0.008583009872445091,False,2013-03-04 16:19:01.673000
2013-03-05,1539.9226,0.001065,0.021336,0.058154591457556214,0.9353191538013947,-0.7300581038991356,0.6388972718386468,0.010721627923971749,0.11997039131122485,-0.16284391477373228,0.19880958732906373,-0.2994035174193711,0.0046625863191565396,0.14556209525144292,459,True,13,110,459,494732,1525.2,1543.4,0.01193286126409654,False,2013-03-05 16:15:56.763000
2013-03-06,1541.7928,0.0013189999999999999,0.021345999999999997,0.05417940472614799,0.9381614108430331,-0.7296178508134966,0.59401123687731,0.011326792547110791,0.08564466058829806,-0.20198545118899786,0.26999267451411646,-0.2511912959834743,0.004164243404545645,0.11437871786459311,376,True,11,105,376,309496,1538.11,1545.19,0.004603051797335889,False,2013-03-06 16:19:28.840000
2013-03-07,1544.1759,0.0013189999999999999,0.021296,0.056615500048229364,0.9626772376424704,-0.6971821205892104,0.6455272793657798,0.010908732166186335,0.08994982038871262,-0.19089161329204662,0.23983439582916605,-0.30770056201703233,0.005252378354854805,0.1544148203204376,375,True,12,108,375,280684,1541.46,1545.78,0.002802537853723086,False,2013-03-07 16:19:03.535000
2013-03-08,1548.2061,0.0013189999999999999,0.021296,0.05346764067858998,1.0439076171627328,-0.7017534271000355,0.5960964636821047,0.010502310591497536,0.06042148439101262,-0.23380746432565994,0.288043295538115,-0.2437004392621106,0.004606669435410699,0.12420447058527662,428,True,12,117,428,316344,1542.94,1552.44,0.006157076749581991,False,2013-03-08 16:19:05.462000
2013-03-11,1552.8723,0.0013189999999999999,0.021296,0.051714381545597626,1.0721695509238567,-0.6933130942756929,0.6193550576455469,0.010982916291000747,0.05325133274993336,-0.26381153974309995,0.2937281292559107,-0.27270751695502193,0.004878853519831154,0.146267634690472,420,True,14,119,420,280277,1547.4,1556.27,0.0057321959415792545,False,2013-03-11 16:18:49.471000
2013-03-12,1552.9078,0.001167,0.021214,0.05252354979907494,1.0015554002966995,-0.683476838595,0.6377136992070818,0.01048133501430275,0.09193219237552056,-0.18378954107036918,0.23616099268142748,-0.3014682722683481,0.005767408885358253,0.18726494536897642,450,True,12,110,450,410838,1548.24,1556.76,0.005503022787164857,False,2013-03-12 16:18:25.384000
2013-03-13,1553.6598,0.001421,0.021216,0.06541467484320679,0.668599023845052,-0.679337929444476,0.6103263732092175,0.010578013663968292,0.09728928993326362,-0.1993319696741309,0.24449463414645511,-0.2850259063440979,0.005904656948189197,0.20001462454418165,370,True,11,116,370,292003,1548.41,1556.39,0.005153673768575562,False,2013-03-13 16:18:22.933000
2013-03-14,1560.8127,0.001421,0.021098,0.04972092530151557,0.9816494933930203,-0.6862683491419412,0.5518302098507609,0.009567342157394724,0.05333902824603548,-0.29783988340762146,0.33252473106062674,-0.2068995382374049,0.004376152434340786,0.14060590910294554,325,True,11,112,325,351757,1554.52,1563.29,0.005641612845122657,False,2013-03-14 16:17:09.437000
2013-03-15,1559.4499,0.0013700000000000001,0.021131999999999998,0.04588769977010717,1.3384802874907693,-0.683316449725951,0.6544770084072283,0.008843598386697625,0.055513164724783536,-0.26019541347339964,0.3292492802793407,-0.30550059137250896,0.004878903837149601,0.14959516454397428,364,True,10,106,364,406987,1555.86,1563.62,0.004987595284922763,False,2013-03-15 16:19:08.415000
2013-03-18,1552.895,0.0013189999999999999,0.021226,0.03964915622710927,1.2577871582395523,-0.7203613146129687,0.5288563885514104,0.011962916556290148,0.05961044695774834,-0.3318405400507373,0.3478489588066684,-0.17994868063665675,0.005070185706649311,0.186029425711076,426,True,12,112,426,260458,1545.13,1560.7,0.010076822014976061,False,2013-03-18 16:19:41.939000
2013-03-19,1547.3997,0.0012690000000000002,0.021279,0.03752816656280551,1.8558696429019228,-0.6916287311166988,0.7382961120808168,0.015266935108684921,0.07428466793627128,-0.27872567200744486,0.2744194556941953,-0.4057863789582945,0.007756148279028171,0.16027051464277783,467,True,13,125,467,358860,1538.57,1557.22,0.012121645423997629,False,2013-03-19 16:14:59.659000
2013-03-20,1555.3786,0.0013189999999999999,0.021138,0.069835450824146,0.8018095952388695,-0.7144034931127784,0.7219509759286838,0.010910287848879274,0.1182865033528431,-0.16312681424960834,0.18007838220203276,-0.40922374252711413,0.006214750494431976,0.17755398959084306,361,True,11,107,361,516408,1548.34,1561.56,0.008538176369531358,False,2013-03-20 16:15:19.843000
2013-03-21,1550.3095,0.0012690000000000002,0.021317,0.09768210278365368,0.4896074749918409,-0.7183310091312113,0.7154464728112578,0.01204045348892929,0.1572393251416665,-0.15546721325853394,0.16755781496560343,-0.4162118800664736,0.007359240768070697,0.18132426832643272,414,True,13,115,414,338395,1543.6,1558.71,0.00978880538999749,False,2013-03-21 16:15:40.547000
2013-03-22,1554.5283,0.0012690000000000002,0.02113,0.04938765319864239,1.5553350898110823,-0.750421933678609,0.775848301007055,0.013675394214627417,0.06864005971562803,-0.19099819615234995,0.2253172145251524,-0.44831188612899586,0.004770335961540029,0.11902354476579749,333,True,10,102,333,176143,1548.36,1557.74,0.0060580226820636796,False,2013-03-22 16:14:57.670000
2013-03-25,1555.0283,0.0012690000000000002,0.0212,0.03918213766990878,2.2663857112519668,-0.7456484982522465,0.7700423180290135,0.013589339696650899,0.0283314448947722,-0.3838895354208899,0.455885197512468,-0.41536149765271896,0.005774713018423001,0.19685564676108244,410,True,11,113,410,224597,1546.22,1564.91,0.012087542523056216,False,2013-03-25 16:14:58.260000
2013-03-26,1560.2891,0.001268,0.021092,0.08138954998750778,0.6871485539053555,-0.7203083696878951,0.7067375937320668,0.010810110637263805,0.13754880158381874,-0.12923346619169357,0.15853414730914692,-0.3876246032403447,0.004414981918840332,0.12012295072917516,355,True,12,97,355,243626,1551.69,1563.86,0.007843061436240362,False,2013-03-26 16:16:33.790000
2013-03-27,1559.2194,0.0012180000000000001,0.021096,0.04775579416195275,1.4964353498733503,-0.7666704231166797,0.7049545343819034,0.012644783676608066,0.05717816511608826,-0.20814338047034187,0.30381664022154337,-0.35403397845516327,0.005395235871808878,0.1649432207377293,426,True,13,125,426,208698,1551.9,1564.07,0.00784200012887415,False,2013-03-27 16:16:38.306000
2013-03-28,1566.2818,0.0012180000000000001,0.021012,0.05613566081808247,0.8889610960564387,-0.7728334757932844,0.5293786661209733,0.011592544899126514,0.06053642168641131,-0.2445770908233645,0.32407725742010735,-0.18043693500663077,0.004452509980520961,0.13927372075666447,438,True,15,116,438,270712,1561.15,1570.26,0.0058354418217339,False,2013-03-28 16:16:29.221000
2013-04-01,1562.8333,0.0013700000000000001,0.021112000000000002,0.05266973326432624,0.9744201046305367,-0.7512724135591793,0.5739051678714641,0.013112565354726668,0.06994562050181746,-0.22759470336909618,0.30662538129598976,-0.22672224771299887,0.004780549404456353,0.12474885562609969,390,True,12,118,390,167345,1558.55,1570.57,0.007712296686022357,False,2013-04-01 16:14:59.357000
2013-04-02,1570.9103,0.001268,0.021004000000000002,0.06817888606201804,0.8726118990444108,-0.7228806607161522,0.7077735134546136,0.01094141821012166,0.09322394277736347,-0.15170974438694648,0.21870620197351362,-0.3819559318652679,0.004805739394437927,0.15494118122108688,368,True,12,109,368,286889,1562.17,1573.64,0.007342350704468759,False,2013-04-02 16:17:05.868000
2013-04-03,1559.6192,0.001472,0.021234000000000003,0.052563614562852176,1.0442515529516097,-0.746559202248335,0.5966777875197606,0.013060356509435739,0.05950938371862585,-0.2500167493555805,0.3174728926151937,-0.24624510984746018,0.005442774494587374,0.14416658629085047,494,True,14,139,494,455747,1549.87,1571.47,0.013936652751521228,False,2013-04-03 16:20:00.635000
2013-04-04,1557.3378,0.0013189999999999999,0.021183,0.10273695580199656,0.43257719460178645,-0.7487639107861696,0.6748159795790705,0.013404829185585814,0.23919522216520187,-0.11182129866540937,0.14981470621597132,-0.3664932780497496,0.006050604247722199,0.15167302719478024,394,True,15,113,394,198837,1552.53,1562.6,0.006486187062407778,False,2013-04-04 16:14:35.626000
2013-04-08,1554.7242,0.0013189999999999999,0.021183,0.07904563865718892,0.642960989019518,-0.740402018325982,0.6162919457097488,0.013166065348835666,0.100396873890827,-0.16227529378165653,0.20476989765778927,-0.2781692383292967,0.004802170715237471,0.12038063327409043,382,True,12,111,382,110577,1548.67,1563.07,0.009298301122898867,False,2013-04-08 16:17:19.604000
2013-04-09,1567.4233,0.0013189999999999999,0.021082,0.06131512696321779,0.9233060590663336,-0.739062866589276,0.5998581714532596,0.012615961367588809,0.040594034501320334,-0.2678806700038695,0.32689695815588204,-0.24660456938412717,0.004170426161720821,0.11974931411342946,426,True,13,132,426,196714,1560.96,1573.88,0.00827695776957782,False,2013-04-09 16:17:09.232000
2013-04-10,1583.655,0.000964,0.020838000000000002,0.0668690148801004,0.9423594362781209,-0.7219442140473205,0.726487635761096,0.011198877761579601,0.0692606529037513,-0.12213865081299295,0.21375780607685416,-0.40175499057997743,0.003908082070547779,0.13396135126952877,529,True,14,127,529,424213,1570.63,1588.89,0.011625908075103553,False,2013-04-10 16:14:48.900000
2013-04-11,1593.0768,0.0009130000000000001,0.020768,0.05390433500064852,1.095007008621922,-0.7165785687399269,0.6267406910844294,0.011400476818986321,0.03499858464799131,-0.238778614025405,0.35172754256725974,-0.27475264461936,0.0043151116065358935,0.15140588075324907,492,True,13,123,492,453083,1586.25,1597.18,0.006890464933018148,False,2013-04-11 16:15:36.222000
2013-04-12,1586.0043,0.0012180000000000001,0.020829,0.05517989872352652,0.9705472850961552,-0.7114297109854423,0.5669821400461409,0.011938600587935347,0.042171931733585744,-0.24583550349918853,0.3413679921400619,-0.21435934533530282,0.004022066574585728,0.12068438771959833,418,True,11,122,418,256318,1580.03,1593.3,0.008398574710606788,False,2013-04-12 16:17:54.984000
2013-04-16,1567.3527,0.001116,0.021019,0.07536014397339112,0.4223344057112366,-0.7314896516483619,0.4950463242528798,0.01375530132280065,0.17010913192429233,-0.15927051490483296,0.19400041291848136,-0.18141649991765668,0.00593773652260513,0.13041108665385398,463,True,11,132,463,204321,1552.36,1575.35,0.014809709088098089,False,2013-04-16 16:15:51.629000
2013-04-17,1555.8703,0.001116,0.021324999999999997,0.05672851152156617,0.6115363998530278,-0.6573668940972993,0.7345779500672035,0.016917807999835537,0.3429157578479591,-0.14002806905253082,0.14232708453426493,-0.47022166531509574,0.009950305595003294,0.23383877469070025,517,True,15,139,517,453282,1543.69,1574.57,0.020004016350432918,False,2013-04-17 16:19:48.336000
2013-04-18,1544.3737,0.001065,0.021473,0.03007908297871777,10.806409854352582,-0.7140647820164711,1.7824224313864772,0.029914445868856193,0.030146921370505286,-0.4901802640071966,0.499999389155274,-2.5269359264874716,0.007074095794557686,0.12821243478615865,537,True,14,146,537,331762,1536.48,1554.31,0.011604446527127,False,2013-04-18 16:16:30.571000
2013-04-19,1550.9297,0.001065,0.021292,0.03574428053748789,4.835936662439296,-0.7684401844655224,1.1408672793837145,0.02079900486173534,0.03133840524031316,-0.22808272978426752,0.39116880089109296,-0.9558639957208923,0.006590588107250709,0.16748915742321652,438,True,12,137,438,266418,1539.4,1555.82,0.010666493439002167,False,2013-04-19 16:18:41.875000
2013-04-22,1557.4408,0.001015,0.021197,0.053797400606266144,1.1262598610329235,-0.7433351626560328,0.7005203089758074,0.015898063574469785,0.12926797900644646,-0.15596511420547274,0.2014246421738614,-0.36954899742606906,0.0058952909754118425,0.14867251983113713,523,True,14,159,523,271359,1548.19,1565.52,0.01119371653350032,False,2013-04-22 16:16:23.535000
2013-04-23,1576.5238,0.001015,0.020978,0.05301541897700951,0.987189902608093,-0.7481636788230581,0.5879985826614369,0.013594962418416113,0.05888073398312201,-0.22444502524439863,0.31835545625245354,-0.24106976061857613,0.004899814303499903,0.15128485500481206,477,True,15,129,477,395447,1562.5,1579.55,0.010912000000000033,False,2013-04-23 16:18:23.872000
2013-04-24,1579.5698,0.001065,0.020983,0.049804773031228974,1.1204693575940623,-0.7251578653006149,0.6336327404764989,0.013046941314897385,0.07390150068694344,-0.17824578318222242,0.2675596178061795,-0.2898810057169197,0.005121558384305649,0.15633124174107704,370,True,14,113,370,210088,1575.81,1582.96,0.00453734904588754,False,2013-04-24 16:18:10.733000
2013-04-25,1588.588,0.001015,0.020904,0.054055463252823524,0.9004380272221433,-0.7086037437609436,0.6035117406731938,0.012719253254918263,0.07349240205645913,-0.19293246937472242,0.27827169586394523,-0.26687923174648537,0.005803672066178494,0.1823356744836214,429,True,14,122,429,299946,1583.24,1592.58,0.0058992951163436835,False,2013-04-25 16:18:40.170000
2013-04-26,1582.1339,0.001015,0.020953,0.042715098737580365,1.234941020224301,-0.7476036693206439,0.5415684733985197,0.01422475345393987,0.055163586164248955,-0.24574857772357053,0.34294979790919344,-0.1877951561512646,0.004390447662986352,0.14637157557604277,461,True,14,130,461,194667,1577.56,1585.78,0.0052105783615203904,False,2013-04-26 16:16:29.438000
2013-04-29,1592.2695,0.001015,0.020804999999999997,0.05545395988087532,0.6785810499318866,-0.7410970263297488,0.4930383821793807,0.012956406292016477,0.07402400279271817,-0.2154305951159686,0.3020586167269457,-0.16782683366437084,0.004531233804243071,0.14917543939177666,471,True,13,131,471,232487,1582.34,1596.65,0.00904356838606124,False,2013-04-29 16:15:26.223000
2013-04-30,1594.1838,0.001015,0.020756,0.04968401697066698,0.7678131426031647,-0.7492310617453465,0.48026697073926894,0.013861945618389632,0.06412147938566012,-0.2472645013426659,0.3357115438130774,-0.15436028076828023,0.005158179124216805,0.16310263631801825,454,True,13,131,454,255231,1586.54,1597.57,0.006952235682680552,False,2013-04-30 16:16:08.405000
2013-05-01,1588.9081,0.001015,0.020756,0.041716925824327816,1.3229628983521597,-0.7144084131954929,0.6516171001899415,0.014989506381958168,0.07937270330331714,-0.18869126677168008,0.2723371867161072,-0.31422495506215864,0.005190627366863809,0.1441065391374452,440,True,12,122,440,242486,1581.4,1597.55,0.010212469963323478,False,2013-05-01 16:15:58.572000
2013-05-02,1595.3867,0.0013189999999999999,0.020762,0.04579462165156711,1.03448613961239,-0.741088285939774,0.5439856584501237,0.013665995091581706,0.07817265883252787,-0.1947872779224104,0.2776696838484222,-0.20117259386473538,0.0042903424434627,0.1186950588279801,438,True,14,106,438,373784,1582.77,1598.56,0.009976180999134332,False,2013-05-02 16:18:54.083000
2013-05-03,1616.16,0.001421,0.020555,0.06183791642185459,0.6034579278964709,-0.7246834684151701,0.46479770123066594,0.011873982454250576,0.06118909365545965,-0.1972453941962322,0.3259031600695557,-0.14140374125057636,0.005438557706882165,0.19760859942565734,527,True,16,117,527,707395,1602.86,1618.46,0.009732602972187365,False,2013-05-03 16:19:23.860000
2013-05-06,1617.2807,0.0012690000000000002,0.020516,0.050497497811276014,1.007356689302251,-0.6750366878315242,0.5504747725267719,0.012525363539788364,0.024434852794549034,-0.38502336243460944,0.45476233586386944,-0.2012844907619719,0.003957215432327053,0.1424077359470767,377,True,14,108,377,258144,1614.21,1619.77,0.003444409339553145,False,2013-05-06 16:18:59.697000
2013-05-07,1622.065,0.0013700000000000001,0.020430999999999998,0.04928262522040145,1.0950509199780654,-0.6653060406201294,0.5881504323318979,0.011964129127599412,0.025567570393140445,-0.32993845013049594,0.42526868102908055,-0.23798696287912877,0.004386038014609156,0.17243341661691278,540,True,15,130,540,362073,1616.64,1626.01,0.005795971892319729,False,2013-05-07 16:14:59.179000
2013-05-08,1629.8079,0.001015,0.020405000000000003,0.04467842239333833,1.3801785871151864,-0.6637155262009266,0.6147227259788547,0.012187288193281716,0.020124362205393702,-0.40388511029351915,0.49998837734998997,-0.25455562604812765,0.004576323680008408,0.21599862357840385,508,True,15,126,508,427366,1622.8,1632.78,0.006149864431846286,False,2013-05-08 16:17:26.422000
2013-05-09,1629.6382,0.001421,0.020723,0.04970649767239956,0.9605700309613211,-0.6540641855974988,0.5107954942622985,0.012195188753778669,0.04123157357779669,-0.31154409886132706,0.370112045472719,-0.16541889294235446,0.004504094092432933,0.16402037585833118,555,True,15,149,555,333129,1623.09,1635.01,0.007344016659581509,False,2013-05-09 16:17:20.094000
2013-05-10,1628.8111,0.001421,0.020723,0.045530306856833604,1.3390400769998043,-0.6558432409700845,0.5484339417328242,0.011523419039112292,0.044883530588966256,-0.271911309911258,0.3557365064185433,-0.17884597724580448,0.004419593428257742,0.2350424193888383,461,True,14,139,461,234889,1623.77,1633.7,0.006115398116728343,False,2013-05-10 16:17:55.514000
2013-05-13,1632.7309,0.001065,0.020638,0.05245517112988264,1.044461417536865,-0.6435746525013385,0.5597901295485974,0.01300410741060122,0.04915631294430825,-0.22953324733034275,0.3220147421399315,-0.20379018434912335,0.0041672349816019305,0.12620679888107894,443,True,15,134,443,215388,1626.74,1636.0,0.0056923663277475,False,2013-05-13 16:17:21.978000
2013-05-14,1646.1839,0.001065,0.020456,0.05977885185771348,0.7073772037670315,-0.6395223795081064,0.47656162448158934,0.013395275305499088,0.06395878715596583,-0.19504734292474638,0.30543356027908297,-0.14253858778550543,0.004299113851953093,0.15170083890467906,619,True,15,145,619,631489,1633.75,1651.1,0.010619739862280042,False,2013-05-14 16:15:41.288000
2013-05-15,1654.8014,0.001065,0.020376,0.06458840084424251,0.5723293612708643,-0.6345103399815827,0.44182184364076243,0.013626738918539676,0.07157794639571027,-0.18799092142295235,0.3293488028277872,-0.12127486511673859,0.0049898766039094605,0.14038110927265354,615,True,15,143,615,510593,1646.71,1661.45,0.008951181446642087,False,2013-05-15 16:19:54.060000
2013-05-16,1656.6622,0.001015,0.020484,0.0662615930958233,0.5986492951046394,-0.5995113522740698,0.5023934260302366,0.012832334060583777,0.08453783845060447,-0.20095381577982943,0.2931643379816914,-0.17306424251974872,0.005710554555500629,0.12803755082020138,597,True,15,137,597,422725,1648.6,1660.48,0.007206114278782039,False,2013-05-16 16:17:12.585000
2013-05-17,1661.4299,0.001015,0.020278,0.05105986599753461,1.2425420171839716,-0.5970879662602125,0.616860014582596,0.011637604962675846,0.05664855775474894,-0.21157533639154583,0.3140550208349483,-0.25362821980340067,0.005335597191304022,0.144624879210404,576,True,14,136,576,502611,1652.45,1667.35,0.009016914278798138,False,2013-05-17 16:19:35.932000
2013-05-20,1668.1163,0.001065,0.020295999999999998,0.051160252634228395,0.9054565074563993,-0.5923074622682285,0.4538341094531043,0.013620478216371015,0.04502087848922601,-0.2823057375473479,0.40499288315294857,-0.11331863156154127,0.005195079356713498,0.16318126134738112,523,True,13,125,523,314525,1663.59,1672.82,0.0055482420548331746,False,2013-05-20 16:17:08.581000
2013-05-21,1669.6316,0.000964,0.020264,0.0452738546581893,1.676266151368727,-0.551241601750228,0.6661761544893053,0.014102740279684401,0.02298198018163161,-0.4011297291874465,0.46375212971206153,-0.2920086085991387,0.005541866012685953,0.14191724085055277,521,True,14,125,521,403411,1662.67,1674.9,0.007355638821894939,False,2013-05-21 16:16:37.075000
2013-05-22,1672.4409,0.001015,0.020439,0.05262689455657676,1.0400099290735814,-0.6019978739715753,0.5357476975108556,0.015820672198285857,0.03898875725133016,-0.25260836435144185,0.38146200650310325,-0.17756060963788675,0.005703679378467196,0.1473835886851877,724,True,15,158,724,688581,1648.86,1687.1,0.023191780988076616,False,2013-05-22 16:19:55.436000
2013-05-23,1645.7756,0.001015,0.02051,0.053105649261309666,0.8692834428742301,-0.6389715561722552,0.4879374707897454,0.016570352889010365,0.07697017624407859,-0.2155765224663041,0.29680820048323725,-0.14575525214880852,0.005489328328511178,0.11718772586724797,664,True,14,152,664,384165,1635.53,1655.5,0.012210109261218127,False,2013-05-23 16:18:39.473000
2013-05-24,1643.3575,0.001015,0.020516999999999997,0.04285012402662855,1.615463386005364,-0.6545729118395318,0.5675498921294011,0.015929566724710843,0.051265139923572955,-0.28510145579110047,0.34962950323011543,-0.18366726715448053,0.004036447373690484,0.11007027376278686,494,True,12,129,494,258434,1637.03,1649.66,0.007715191535891286,False,2013-05-24 16:14:53.782000
2013-05-28,1666.1929,0.001167,0.020390000000000002,0.052740259804949875,1.090176094913525,-0.6361198937264801,0.577202211655016,0.014863273038639846,0.062111285556902596,-0.20849126720116323,0.2774501338095662,-0.21817005218167185,0.005695057848028043,0.17892302509595284,517,True,12,136,517,234239,1652.63,1674.21,0.013057974259210958,False,2013-05-28 16:15:22.561000
2013-05-29,1647.0029,0.0012180000000000001,0.020555,0.04552767549094699,1.6838626420957739,-0.6439736377472892,0.7374967678157787,0.018399459161700955,0.056613313081169035,-0.23342693752364235,0.2715646242820691,-0.3905767786573905,0.0056372127466957165,0.13649440093738494,513,True,12,148,513,238853,1640.32,1656.51,0.009870025360905199,False,2013-05-29 16:15:06.231000
2013-05-30,1657.3644,0.0012690000000000002,0.020487000000000002,0.05193689210593431,1.1494845687593567,-0.6700329692720097,0.6103076619777505,0.016044597580729646,0.06740475617407415,-0.22498786364214857,0.2816252290466976,-0.25307413021856595,0.005420573176704784,0.13094290919018892,515,True,14,127,515,254368,1648.79,1661.91,0.0079573505419126,False,2013-05-30 16:15:02.672000
2013-05-31,1646.8374,0.0012690000000000002,0.020789,0.043540599476580254,1.3657333375591763,-0.6976759199210645,0.5521576117080207,0.016355132316554142,0.0784529151336471,-0.25195860558937233,0.30028797051911904,-0.1859483316821508,0.0057393917622430325,0.12458367726068129,606,True,13,156,606,375880,1630.74,1658.99,0.01732342372174589,False,2013-05-31 16:17:55.300000
2013-06-03,1630.3909,0.0015229999999999998,0.020687999999999998,0.024621702775813353,8.930597748787317,-0.7245639725788945,0.9641492604656786,0.023841713308750897,0.048064702868933884,-0.4807913596684986,0.49995415105053065,-0.4898107496945367,0.005800890458438678,0.13463993029684734,587,True,13,143,587,385957,1622.72,1640.42,0.010907611910865755,False,2013-06-03 16:16:50.683000
2013-06-04,1637.6506,0.0015229999999999998,0.020687999999999998,0.17661941428483455,0.17806070915498634,-0.7028473505755702,0.5742154445019296,0.01782846017084932,0.31576687206092385,-0.12024447780776132,0.14852416110418568,-0.26682542038835666,0.006268381935919556,0.1947136130100661,531,True,13,150,531,271161,1623.62,1646.37,0.014011899336051625,False,2013-06-04 16:17:25.964000
2013-06-06,1611.0289,0.0012690000000000002,0.020962,0.0316652944999462,5.819038340714412,-0.7474044174621948,1.020886188607681,0.028551487624867103,0.03759371926262027,-0.44221065878908905,0.4999803060427017,-0.6736854845595173,0.0070297679374307425,0.17292373033538885,646,True,14,147,646,749177,1598.23,1622.56,0.01522309054391413,False,2013-06-06 16:18:36.138000
2013-06-07,1638.101,0.0012690000000000002,0.020962,0.07013471069886999,0.5897093731743964,-0.7338121238736346,0.5190426339981087,0.016822553315498708,0.1287890072754863,-0.18717856729380342,0.2350679060464216,-0.1866870633396981,0.005701593528870272,0.1708438306886543,579,True,14,139,579,376741,1625.27,1644.4,0.011770352003051876,False,2013-06-07 16:22:35.433000
2013-06-10,1643.859,0.0012690000000000002,0.020962,0.048137128964516586,1.9328348232499923,-0.7318154072498818,0.7591384095175573,0.018831270003772858,0.045258131066937275,-0.2030932782333087,0.30347822798475166,-0.39020888649705954,0.004734633150039879,0.13769948247254155,451,True,13,120,451,164260,1639.32,1648.51,0.005605982968547973,False,2013-06-10 16:16:28.471000
2013-06-11,1632.2283,0.0009130000000000001,0.020871,0.09447761022995849,0.479631173651004,-0.7489450632846932,0.653335474221465,0.01993221280360461,0.31880178051922864,-0.0983836247566682,0.13439860763319886,-0.3362184277195124,0.005940491802247071,0.13770617882129169,461,True,12,138,461,222891,1622.92,1639.62,0.010290094397752192,False,2013-06-11 16:15:04.757000
2013-06-12,1620.1758,0.0012180000000000001,0.02117,0.04263474850326877,3.3901451717769264,-0.747405896399302,0.9521169796097229,0.02901456175859747,0.02196835553560076,-0.41983847983592654,0.49997517721130313,-0.6174507692845812,0.006982360183906842,0.14773892495819893,572,True,13,152,572,228878,1610.92,1637.67,0.016605418021999885,False,2013-06-12 16:17:53.725000
2013-06-13,1621.2556,0.001167,0.020872,0.08059243008307163,0.6569467957943999,-0.7663712360537529,0.6716464834025452,0.02253890488146363,0.2950868469973266,-0.10230327946474752,0.13487631918816195,-0.3452191212502892,0.006222202267736665,0.16026792585693517,602,True,13,152,602,312715,1608.31,1639.24,0.019231367087190865,False,2013-06-13 16:13:43.240000
2013-06-14,1631.6886,0.001116,0.020996,0.04984314363500486,2.2015422610209496,-0.7632056749451994,0.7853783974031304,0.02392788506095147,0.020653452325135685,-0.40138796973775476,0.4664225527687381,-0.39735565283830837,0.00391474452099012,0.11169187111450107,429,True,11,128,429,199209,1624.05,1640.68,0.010239832517471736,False,2013-06-14 16:14:45.309000
2013-06-17,1640.9724,0.001116,0.020845,0.04041652112445221,2.845984154670132,-0.7646410099196908,0.7900543232682666,0.02412047441331375,0.030457807385105923,-0.4366677856427424,0.49996227498021734,-0.39413627630071546,0.004036430003823742,0.12354014499335039,477,True,12,125,477,205026,1630.41,1646.4,0.009807349071705884,False,2013-06-17 16:18:38.935000
2013-06-18,1648.3562,0.001167,0.020685,0.05126001787172258,1.973922755081753,-0.7539219440059934,0.8513169833988372,0.023983070845823462,0.03925832478546984,-0.2190561841963648,0.3320525404609497,-0.522373974817515,0.003966182290037395,0.12020851918455043,455,True,12,123,455,225672,1640.22,1654.19,0.008517150138396046,False,2013-06-18 16:15:39.648000
2013-06-19,1646.4902,0.001167,0.020975999999999998,0.04682868318139828,2.653461017369279,-0.7647750331700359,0.9235236900866505,0.02406854816859394,0.017657786105601044,-0.35209327581035654,0.4999828185658199,-0.6043798355181101,0.005535340811929841,0.15025985239538697,510,True,11,148,510,368098,1628.91,1652.45,0.014451381598737711,False,2013-06-19 16:15:56.409000
2013-06-20,1598.1466,0.001167,0.021530999999999998,0.04378756952726592,3.468039542651895,-0.8204802137212642,0.9801260942872982,0.03638440162505239,0.026426036460503104,-0.2967951575328165,0.49998175586556076,-0.6569331155085192,0.00892677436344574,0.20177371254215914,689,True,12,148,689,919045,1584.32,1623.05,0.02444581902645937,False,2013-06-20 16:21:19.611000
2013-06-21,1589.6924,0.0012180000000000001,0.021474000000000004,0.035217896406322335,4.103191442015949,-0.825259577788787,0.8550433240622294,0.033945276324915036,0.0419007727849227,-0.4674652097379788,0.4999956732862947,-0.44208754374293446,0.0063738272498380134,0.169409858792431,604,True,12,139,604,602271,1577.7,1599.19,0.013621093997591371,False,2013-06-21 16:17:14.927000
2013-06-24,1568.0385,0.001268,0.021705000000000002,0.03956012657061867,3.712142000485017,-0.8312242296182473,0.886703217089088,0.039016192686910374,0.03791201226944102,-0.43242661268671023,0.49999640806549517,-0.49253698042154453,0.007076403236385453,0.18500232297322988,707,True,13,157,707,739391,1560.33,1588.77,0.01822691353752104,False,2013-06-24 16:19:50.471000
2013-06-25,1585.852,0.0013700000000000001,0.021509999999999998,0.045814064944480065,2.190151414675149,-0.8433384191774713,0.6804857145881273,0.02977389762902178,0.035532555387461404,-0.4462980481156735,0.4999788160905505,-0.26238132945817,0.004703320819843352,0.20330001107459594,545,True,13,131,545,348108,1577.15,1593.76,0.010531655200836987,False,2013-06-25 16:22:37.678000
2013-06-26,1601.0645,0.001573,0.021348,0.055998630193187744,1.7192955552533356,-0.8184331300398399,0.7243558150050075,0.026566036497437426,0.02525320419945645,-0.406059611445185,0.499989616525011,-0.33213495474872273,0.004411419200714836,0.19239954575830245,514,True,12,135,514,397505,1593.2,1606.83,0.008555109214160028,False,2013-06-26 16:19:55.582000
2013-06-27,1615.7558,0.001472,0.021223000000000002,0.05589519397964055,1.5666807496211719,-0.8113523662924925,0.6686420040481174,0.023764424403402425,0.025475344983270847,-0.40846752452885526,0.49995969327079015,-0.27194228076899446,0.004945163446005693,0.1936771562324206,529,True,14,124,529,506003,1607.5,1620.07,0.007819595645412125,False,2013-06-27 16:21:25.982000
2013-06-28,1610.3097,0.001421,0.021318999999999998,0.055671448989398145,1.3414865137311918,-0.8254836007567306,0.5882273542618387,0.02348486964997367,0.03355337854533485,-0.3686326400745019,0.499980516316178,-0.1966464242635795,0.005951057018096972,0.2073462853539537,470,True,11,129,470,278390,1601.06,1615.91,0.009275105242776638,False,2013-06-28 16:14:59.089000
2013-07-01,1621.972,0.0013189999999999999,0.021252,0.05691161901789777,1.2965743259462412,-0.7810224402514762,0.6202150076935041,0.022079726092189673,0.03739292957203759,-0.28828917110600016,0.4218711948212545,-0.2370863676349732,0.005362736566666109,0.16908938180982996,477,True,13,137,477,277416,1609.78,1626.56,0.010423784616531373,False,2013-07-01 16:17:49.006000
2013-07-02,1617.351,0.001421,0.021294,0.056604158095304495,1.5154646371270886,-0.766691904426863,0.6740886769604038,0.022172834129565857,0.024098643121853176,-0.3574143053929269,0.49996662371512424,-0.28283234459065765,0.005195391046256091,0.15205334616810506,513,True,13,142,513,292490,1606.99,1624.26,0.010746799917858763,False,2013-07-02 16:20:50.332000
2013-07-03,1611.8506,0.001472,0.021277,0.055289034624522185,1.268761209463115,-0.78531914650727,0.6014685196338767,0.02192694852331835,0.09896253949255415,-0.15582824727948172,0.24705065211290303,-0.22146721523005347,0.004634467771021691,0.13794342323290265,397,True,12,112,397,157269,1604.85,1618.97,0.008798330061999593,False,2013-07-03 13:17:26.130000
2013-07-05,1624.5607,0.001015,0.021064,0.060761190662894836,1.1338744141201857,-0.7714743288157825,0.6058717021218923,0.019848681239954057,0.04151085483981293,-0.25234013422834883,0.3761883720419391,-0.22928940050380947,0.006305832418306016,0.2152099955480286,538,True,13,138,538,275756,1614.77,1631.9,0.01060832192820027,False,2013-07-05 16:16:36.262000
2013-07-08,1641.3426,0.001015,0.020968,0.05563989654671895,1.183063635143312,-0.7384012345483849,0.5456795256711724,0.01844647486590076,0.0220726702835049,-0.46158847398312897,0.49555844351863887,-0.16611506820159744,0.004202146898025885,0.1395149474593564,479,True,13,134,479,492180,1635.46,1644.62,0.005600870703043714,False,2013-07-08 16:14:57.441000
2013-07-09,1649.5933,0.001015,0.020968,0.06029015327884107,0.7788766763739197,-0.7368092873390671,0.4614254567301689,0.016914602168433324,0.028515064899930307,-0.39969606584793493,0.49997181126663115,-0.11899626371084915,0.003964150737906314,0.12500950103441205,528,True,13,119,528,372841,1644.0,1654.17,0.006186131386861415,False,2013-07-09 16:17:20.184000
2013-07-10,1651.0611,0.001015,0.02086,0.05813448027611835,1.1167479628017745,-0.7093838282704049,0.6086691720495857,0.017412768193467303,0.018043550224043838,-0.3768149467316161,0.4930525480491641,-0.24063503616973794,0.005428990885508541,0.1848391574336391,450,True,13,129,450,271654,1647.66,1657.92,0.006227012854593816,False,2013-07-10 16:22:15.114000
2013-07-11,1670.7202,0.0009130000000000001,0.020586000000000004,0.06435647718928686,0.5244275795198751,-0.770717908564741,0.3555544893820365,0.015255468470952714,0.04692265227269122,-0.28385574084005305,0.4039935592974561,-0.05891837180211318,0.005051462372829795,0.1730000283999016,564,True,14,123,564,477086,1658.26,1676.63,0.011077876810632992,False,2013-07-11 16:44:09.581000
2013-07-12,1675.1706,0.0009130000000000001,0.020586000000000004,0.07206620993217783,0.6175679712951331,-0.6987653458057573,0.4623149031149507,0.016353642219255612,0.025216469380903574,-0.3301768266175956,0.4916277584537732,-0.12472350350869782,0.005212401343064905,0.18128202197205864,419,True,12,121,419,263123,1672.33,1680.19,0.004700029300437114,False,2013-07-12 16:16:22.244000
2013-07-15,1681.5394,0.000964,0.020495,0.0600990579129783,0.7829460519508092,-0.7040677385383952,0.46987175231795697,0.016397483716440283,0.0284424039312868,-0.2948037002714862,0.48095090290461995,-0.1266708233884887,0.005120149025305425,0.14409001605864366,398,True,12,109,398,504974,1677.89,1684.49,0.003933511731996742,False,2013-07-15 16:12:19.608000
2013-07-16,1677.0256,0.000862,0.020571000000000002,0.06516733782549992,0.5572068676060855,-0.6633353871910211,0.4121930444044181,0.016937713821929195,0.03034822727692101,-0.4329292885033206,0.4824161266787136,-0.09727972949543383,0.004777767702457769,0.15115992498690203,442,True,12,133,442,321667,1671.9,1683.73,0.00707578204438053,False,2013-07-16 16:16:49.166000
2013-07-17,1680.7551,0.0009130000000000001,0.020520999999999998,0.12485095637047836,0.29622799998241495,-0.6665195008075592,0.5139735513115498,0.01658099601433188,0.07503372152938972,-0.13900054330661868,0.26133294942984897,-0.1902001132447692,0.005568432521259158,0.18485366771799638,347,True,12,106,347,429393,1678.12,1684.75,0.003950849760446351,False,2013-07-17 16:14:56.600000
2013-07-18,1689.6399,0.000964,0.020430999999999998,0.05276429154155196,0.837595426789245,-0.6819604941323683,0.4547771153951674,0.014926745632733603,0.031798960112758845,-0.3880625780695275,0.4999773865413818,-0.11843196610119269,0.004802177505368257,0.1501442801234039,487,True,13,107,487,414861,1681.05,1693.07,0.007150292971654704,False,2013-07-18 16:22:36.628000
2013-07-19,1688.583,0.000964,0.0204,0.049898387498087726,0.9173249947613478,-0.7044706179503547,0.4285293881407928,0.013784991103423835,0.034665499097952544,-0.3886958666391572,0.49999889637926515,-0.0920913603997562,0.004704209518376289,0.15366641109246812,388,True,12,109,388,242902,1684.12,1692.09,0.004732441868750437,False,2013-07-19 16:29:04.156000
2013-07-22,1694.8899,0.0009130000000000001,0.020360999999999997,0.05097520829096967,1.292961752430772,-0.6426167357112775,0.5923776802481185,0.012621819450707535,0.023838254258406955,-0.34643429016045274,0.4999965662121306,-0.21909332677131066,0.005329514629578848,0.157490138100006,408,True,13,110,408,295547,1690.67,1697.56,0.004075307422501062,False,2013-07-22 16:16:36.238000
2013-07-23,1694.5489,0.000964,0.020398,0.058853706160132684,0.9613315156344083,-0.6728183585820865,0.5240971551395969,0.011750729255054817,0.027825849529932504,-0.32862388478194354,0.4999788547382708,-0.16152198293817374,0.005157558517953751,0.1450225132650095,397,True,12,110,397,211084,1691.19,1698.78,0.004487964096287156,False,2013-07-23 16:15:00.349000
2013-07-24,1687.5114,0.001167,0.020475,0.0472137308891763,1.5145578060360356,-0.6516816062213263,0.6517703231737291,0.013460333751326263,0.024669322968387003,-0.35754597339535477,0.4783391633279171,-0.2817887048294139,0.0058263800225066414,0.19759997838916843,499,True,14,132,499,243390,1682.57,1698.32,0.009360680387740183,False,2013-07-24 16:17:53.073000
2013-07-25,1686.2195,0.001116,0.020425,0.06303070971552555,0.8245270178025017,-0.7048677237201514,0.5146188402082277,0.012881807417768785,0.07159301613263053,-0.16913278005452698,0.25920703208113427,-0.16089150447382647,0.005320551749386657,0.16557861271551544,425,True,14,120,425,198603,1680.11,1690.9,0.006422198546523816,False,2013-07-25 16:14:58.962000
2013-07-26,1686.188,0.001015,0.020409,0.05003221827411037,1.0178359727800976,-0.7378221475283427,0.43541929634330845,0.012943493717564286,0.0354197711325728,-0.3754779397000735,0.45891050202521305,-0.08774078051335124,0.004206332637352084,0.14202524162248403,473,True,13,125,473,318262,1676.03,1691.83,0.00942703889548513,False,2013-07-26 16:15:17.732000
2013-07-29,1685.9286,0.001065,0.020498,0.05508784744432121,0.7528406526203236,-0.7756139531551693,0.38539436279558886,0.013138317987590534,0.05086954398735817,-0.28949518791806084,0.4019698967703808,-0.06558407283175476,0.004920784174782059,0.13948845328638054,401,True,12,108,401,199249,1681.87,1690.92,0.005380915290718269,False,2013-07-29 16:17:19.496000
2013-07-30,1687.6663,0.001065,0.020496,0.04668502629690915,1.0925519350902997,-0.7520537693531714,0.462268348342532,0.013615442322375113,0.03852052051884298,-0.35199961190420304,0.42210728866696084,-0.11168039423847327,0.004661512140935657,0.13480265906582262,476,True,13,129,476,252871,1682.42,1693.19,0.006401493087338395,False,2013-07-30 16:14:46.522000
2013-07-31,1691.7537,0.001015,0.020522,0.0452393284716146,1.1605440977702957,-0.7440607495743022,0.4924459241612792,0.013212586373909947,0.04138849317148623,-0.3153765913624594,0.38746137303255906,-0.1374985169334083,0.005812420416284732,0.1966534193287887,486,True,13,129,486,259147,1685.0,1698.41,0.007958456973293782,False,2013-07-31 16:19:48.039000
2013-08-01,1704.1194,0.0013189999999999999,0.020289,0.07104085067692074,0.5311281255888924,-0.7249244304174571,0.43312442960273057,0.012219265888174128,0.059797102717006,-0.21705679552499374,0.3080793925170831,-0.11213318379814406,0.005441051738339979,0.15675742974584728,516,True,14,119,516,558223,1691.22,1707.85,0.009833138207920866,False,2013-08-01 16:20:47.229000
2013-08-02,1704.5479,0.001421,0.020257,0.06113938827926553,0.6788766594476535,-0.7632719230817594,0.3866708836550721,0.011127387944094699,0.03260279706227619,-0.29819077013329726,0.47635744439768496,-0.06650216491519267,0.005847808872855543,0.20547607856848632,523,True,14,125,523,393731,1700.68,1709.67,0.005286120845779285,False,2013-08-02 16:14:35.959000
2013-08-05,1706.7732,0.001015,0.020289,0.05726298992421896,1.0381721752086506,-0.6927391230293778,0.5377331927468453,0.010509276542781828,0.01837383428575686,-0.2871783981524943,0.49995634564478614,-0.170259300964561,0.0041904334161341145,0.1208926604891136,392,True,13,104,392,239276,1703.59,1709.18,0.0032813059480274465,False,2013-08-05 16:14:57.882000
2013-08-06,1698.2367,0.001015,0.020289,0.0516992787943601,0.9823744275882239,-0.6992161777844467,0.4689721391471266,0.011673862147033576,0.036328482604889224,-0.25986369854505736,0.36223130257120045,-0.11835876847156487,0.004569220381075157,0.14013900260883297,434,True,13,109,434,217272,1693.29,1705.79,0.0073820786752416545,False,2013-08-06 16:15:45.059000
2013-08-07,1688.7259,0.0012180000000000001,0.020539,0.04165358344728407,1.5353136150429563,-0.7370524514292504,0.5228754538169565,0.013615491011169125,0.031001485370534817,-0.3489331676802651,0.4308039519723066,-0.14549611264040196,0.004490463989689743,0.13560027630979363,495,True,13,128,495,227743,1684.94,1695.05,0.006000213657459508,False,2013-08-07 16:17:20.870000
2013-08-08,1696.6002,0.001015,0.020492,0.04321942884871815,1.804018454381549,-0.6952748540303927,0.642346183388354,0.01132111888023856,0.02950819297023025,-0.3049852460883364,0.3771146523962802,-0.25667132485174926,0.005325369958829918,0.13959254854792458,471,True,14,136,471,240642,1688.44,1700.12,0.006917628106417606,False,2013-08-08 16:17:40.041000
2013-08-09,1692.0925,0.001015,0.020492,0.046111316449311504,1.400648911967079,-0.7319946014335104,0.5526159869116517,0.012354917879019899,0.046350173583564844,-0.24807061345725967,0.3098937052126827,-0.17621289856214312,0.004440143267169922,0.11780072985626922,411,True,11,117,411,160563,1686.03,1699.42,0.007941732946626257,False,2013-08-09 16:17:07.488000
2013-08-12,1688.6081,0.001015,0.020492,0.044171086521390394,1.5030664381028482,-0.7488125308400105,0.5894319367440896,0.01378182336610217,0.07166981778009723,-0.18409016562898572,0.25492646534810814,-0.21464585268421044,0.00453723161223838,0.10484444638667023,423,True,13,108,423,118252,1683.35,1691.49,0.004835595687171512,False,2013-08-12 16:15:38.077000
2013-08-13,1689.6185,0.001065,0.020554000000000003,0.04306162600855545,1.7542020602747876,-0.7246302074790479,0.6207328516872493,0.012679538418225684,0.04822709801187297,-0.23647360965396289,0.29714428561822187,-0.23423168703780403,0.004960448108667911,0.116740692252709,493,True,14,130,493,191552,1682.62,1696.76,0.008403561113026203,False,2013-08-13 16:19:27.065000
2013-08-14,1688.5739,0.001065,0.020679,0.045874018480916406,1.6384688035063566,-0.7195726369757063,0.6468885133878377,0.01229486275035401,0.05507868075191024,-0.21189442675087725,0.266772935660374,-0.2681384524082155,0.005099843975651039,0.15096627254269776,462,True,13,116,462,278623,1684.83,1695.34,0.006238018078975394,False,2013-08-14 16:17:02.909000
2013-08-15,1663.2319,0.001065,0.020996,0.05590419259789706,0.9728896015288416,-0.7697121083214155,0.5861640791499921,0.0159243816212634,0.1880504702410089,-0.11345467620259563,0.16265027854726324,-0.23481111236503888,0.006224290093292186,0.1526143933630276,627,True,13,129,627,416656,1658.59,1679.61,0.012673415370887398,False,2013-08-15 16:17:13.018000
2013-08-16,1659.0374,0.001116,0.021071,0.04020297473688216,1.9187807210825158,-0.767248287936557,0.5863448812731503,0.01619283346710123,0.04269999091355103,-0.3033455916950492,0.34225758597787015,-0.18951893408463089,0.004994301354571553,0.13689460060538353,576,True,12,139,576,329777,1652.65,1663.56,0.006601518772879844,False,2013-08-16 16:22:00.715000
2013-08-19,1652.7226,0.001116,0.021204999999999998,0.03508331265259611,3.0802077145035027,-0.7612160956814781,0.7122771279873705,0.017703601209935544,0.037979447969492916,-0.2765761250250792,0.3567649502988015,-0.29121092648820723,0.004582101287961539,0.12332156266396652,560,True,12,132,560,406844,1645.84,1659.06,0.008032372527098541,False,2013-08-19 16:20:08.049000
2013-08-20,1654.5967,0.001167,0.021131,0.04021939279481376,2.3254155777513943,-0.7781175133215807,0.6618614559882774,0.01745738457705118,0.04162149822771664,-0.24241049662137693,0.3223023939830668,-0.2510069818573982,0.004187236046024207,0.1379656379620379,539,True,12,119,539,292932,1646.09,1658.92,0.007794227533123976,False,2013-08-20 16:14:45.954000
2013-08-21,1648.291,0.0013189999999999999,0.021242,0.037257038148841876,4.42963615970717,-0.7482406459590042,1.020957780253087,0.021958727668052205,0.014664919579573691,-0.326734418941542,0.4999994230979981,-0.7122845422839117,0.005900820991638931,0.16391342911033116,530,True,13,120,530,545386,1639.45,1656.98,0.010692610326633822,False,2013-08-21 16:20:02.268000
2013-08-22,1654.2297,0.0012690000000000002,0.021067999999999996,0.040507696198034376,2.3444623747257296,-0.7317503265893784,0.7379062740298099,0.017237362011492206,0.0552851543765638,-0.18678337344204157,0.27148693267423135,-0.3545681300063328,0.004600745976737296,0.1459443491988335,462,True,14,102,462,281411,1645.03,1659.55,0.008826586749177912,False,2013-08-22 16:17:16.131000
2013-08-23,1660.2952,0.0012690000000000002,0.020996,0.04206143868002227,2.196061339919921,-0.7083022682817053,0.756376155738887,0.01585990297905509,0.04919445282726184,-0.19634872365936445,0.2742858170507654,-0.38736589019711837,0.004430550725197817,0.1094992787794794,394,True,13,100,394,280316,1654.89,1664.85,0.006018526911154121,False,2013-08-23 16:15:06.953000
2013-08-26,1664.5705,0.0012180000000000001,0.021088,0.04333437363411024,1.6783349450000424,-0.7231400783499677,0.6388074553470444,0.015595111895941425,0.05159677682703212,-0.21976216136535237,0.2947330900945264,-0.2626157778273348,0.0050228270574766455,0.13973852593067038,506,True,12,139,506,165088,1656.02,1669.44,0.008103766862719075,False,2013-08-26 16:27:55.117000
2013-08-27,1637.6445,0.0012180000000000001,0.021428,0.03338327392857435,3.968877324233207,-0.7556447710187542,0.8271859061530629,0.023041234619098544,0.041754192468198933,-0.29436901431248774,0.38922668120151993,-0.419248285530695,0.005672123144988072,0.15416892593082304,656,True,12,138,656,539976,1629.05,1652.54,0.014419446916914769,False,2013-08-27 16:16:41.204000
2013-08-28,1635.7963,0.001167,0.021397,0.036083287751024276,3.692435830778724,-0.7504687207997124,0.8509122642329587,0.02270885486742116,0.05605139816405199,-0.21838616712909292,0.3075257645382058,-0.4575812322536984,0.0056844261651802595,0.1350540396381378,521,True,12,120,521,472560,1627.47,1641.1,0.008374962364897653,False,2013-08-28 16:19:32.133000
2013-08-29,1641.9211,0.001167,0.02137,0.04300136128123594,2.450766112621854,-0.7361467867680997,0.7883888269426657,0.02163129234882672,0.0622847237543954,-0.20025931904008942,0.30246009268264196,-0.41078438439870735,0.005635214029316324,0.139936805011909,497,True,13,112,497,230060,1631.03,1646.34,0.009386706559658675,False,2013-08-29 16:19:15.578000
2013-08-30,1633.3985,0.001116,0.021456,0.03800754003388798,1.8813674909486635,-0.7573796169537043,0.595809027700026,0.022995875052135958,0.1092325780041276,-0.22762360760339825,0.26224602664517693,-0.21197609702747688,0.005086089038164247,0.12433542912701182,480,True,13,130,480,171311,1628.05,1640.08,0.0073892079481587825,False,2013-08-30 16:20:50.600000
2013-09-03,1641.1076,0.001116,0.021456,0.032636331469279724,3.0838462503444517,-0.7697068314065482,0.6360857833793276,0.022709718072453696,0.0670875055757432,-0.2736372320653454,0.34999816987921095,-0.2033142669642191,0.0058023389630110144,0.14468841023604662,547,True,12,140,547,244240,1633.58,1651.35,0.010877949044429958,False,2013-09-03 16:16:08.004000
2013-09-04,1651.118,0.0012180000000000001,0.021211999999999998,0.046322747750130074,1.8311285147331355,-0.7584899582896932,0.6470061571537268,0.020887675255007686,0.05329703802053113,-0.21902337229900384,0.3164747365768505,-0.24897115882272625,0.005013860671915251,0.24893941346012383,501,True,12,128,501,208446,1637.48,1655.72,0.011139067347387455,False,2013-09-04 16:18:31.651000
2013-09-05,1656.3251,0.001015,0.02119,0.05244294458929856,1.4804910448854738,-0.7569971480494107,0.6699009234614143,0.019553116378005525,0.06965140330413647,-0.16309444969363388,0.27938776184208985,-0.2934846275906924,0.004945075997275226,0.14534784752691926,451,True,13,118,451,286871,1653.07,1659.16,0.0036840545167478034,False,2013-09-05 16:17:27.006000
2013-09-06,1657.341,0.001015,0.02119,0.05423558575927946,1.235620517967737,-0.7661960468808804,0.6350431725419114,0.01878395392828642,0.09391382292316729,-0.16544126843442472,0.25533084476555085,-0.26925062585576687,0.0058811098653334505,0.1668399437851093,635,True,13,159,635,326624,1640.62,1664.83,0.014756616401116585,False,2013-09-06 16:14:57.860000
2013-09-09,1667.9099,0.001065,0.021002999999999997,0.049833872101355314,1.6120459327229282,-0.7473362383799433,0.7114669498095958,0.019399202550190838,0.05154032760319866,-0.2077233961658154,0.2984579833544099,-0.34551623900572104,0.004840608060503578,0.1493105411060475,505,True,12,129,505,181162,1657.64,1672.4,0.008904225284138922,False,2013-09-09 16:19:07.243000
2013-09-10,1681.2236,0.0013700000000000001,0.020859000000000003,0.0440237104364962,2.2397773022053866,-0.6946790306701276,0.7949586389813459,0.017314369180439895,0.02722605302718922,-0.30219430701644856,0.3460437810123617,-0.4347526229020207,0.004444399121709775,0.12490728557965687,426,True,12,114,426,257613,1674.32,1684.09,0.005835204739834676,False,2013-09-10 16:14:56.168000
2013-09-11,1685.2903,0.0013700000000000001,0.020859000000000003,0.04925636736558983,1.610746670898527,-0.7038958217854618,0.7154104033031652,0.01518447723709845,0.04135208780368696,-0.23388283082648453,0.29971865795168123,-0.35313298564504014,0.004633784111087293,0.12851780378191105,464,True,12,113,464,391359,1678.7,1689.13,0.006213141121105714,False,2013-09-11 16:14:57.796000
2013-09-12,1685.8668,0.001116,0.020895999999999998,0.04927770563818792,1.8179623759544625,-0.6803821420120854,0.8230407668644019,0.014306974988598974,0.04790096561121814,-0.1732367412683944,0.2686819818192767,-0.49822607427357324,0.005211525838254551,0.16721315602658857,471,True,12,121,471,246866,1681.98,1689.95,0.004738463001938253,False,2013-09-12 16:20:29.499000
2013-09-13,1686.7421,0.001065,0.020841,0.05141686929765007,1.5521030046632927,-0.6820931741273825,0.7768606871347232,0.015243205254111212,0.06390129330959428,-0.16917450694793634,0.23125208713813977,-0.4439039725609094,0.004853300214728031,0.2543689519051732,392,True,11,115,392,116222,1682.22,1688.73,0.003869886221778307,False,2013-09-13 16:20:10.782000
2013-09-16,1701.2917,0.001015,0.020723,0.046511440793443076,1.3824367093248127,-0.7076577412448385,0.636188353239007,0.016289787822870223,0.04486218026934934,-0.2145257484764756,0.3324161554605585,-0.27613737448407294,0.005985076551516275,0.1743300131578799,419,True,10,119,419,355102,1692.34,1704.95,0.007451221385773588,False,2013-09-16 16:18:32.185000
2013-09-17,1703.9453,0.001015,0.020638,0.06234426023667883,0.8798785958408956,-0.6787817040183708,0.6939485261201782,0.016238342435496045,0.0935402636429761,-0.15681503303287006,0.18650618946885725,-0.37185379659279094,0.004648853320365045,0.12535788306052784,370,True,10,109,370,301421,1698.82,1705.46,0.0039085953779682825,False,2013-09-17 16:18:56.115000
2013-09-18,1713.6587,0.001065,0.020390000000000002,0.048457558769751684,1.136565762145014,-0.6770468635999782,0.6594791050377584,0.015539958153630568,0.07756830394328115,-0.17498152781898274,0.23794597687569705,-0.3247622855517436,0.00866490786529485,0.6882332200985425,495,True,10,142,495,497879,1700.42,1729.44,0.017066371837546113,False,2013-09-18 16:27:00.912000
2013-09-19,1724.2052,0.001015,0.020446,0.06351050804522906,0.6306155587613498,-0.6802548220527543,0.45478354005765304,0.014229152604018792,0.04147790921343668,-0.2511382106564354,0.3954431330595897,-0.12672663927105227,0.005253087013492368,0.24694218317659838,479,True,12,111,479,404833,1720.2,1728.99,0.005109870945238848,False,2013-09-19 16:19:46.518000
2013-09-20,1716.8772,0.001015,0.020598,0.059199047191501424,0.7935036698501724,-0.6860801472617178,0.48159588179582646,0.013363957301773213,0.04710656154658324,-0.260101664366388,0.3624083264572784,-0.1379852709665198,0.004823370265638076,0.14157054755528542,493,True,10,147,493,336227,1708.89,1725.23,0.009561762313548439,False,2013-09-20 16:16:52.007000
2013-09-23,1701.9545,0.000964,0.020638,0.052551605279384905,0.7408186985946961,-0.7139927189029058,0.44269993529368096,0.014904964803674422,0.09031571120755512,-0.2183111780222278,0.2788273790739949,-0.11812080904475715,0.004983551758417398,0.1520895571681121,445,True,11,124,445,314347,1697.19,1710.61,0.007907187763302792,False,2013-09-23 16:17:29.436000
2013-09-24,1701.842,0.000964,0.020701999999999998,0.07122864616755975,0.6236637204574172,-0.7052622085555769,0.528479680569235,0.014549061306753394,0.10257748747865493,-0.16755024821323974,0.21449746600063466,-0.19044532783055013,0.005138925255759617,0.13472166275621425,481,True,11,136,481,281347,1694.9,1707.59,0.007487167384506277,False,2013-09-24 16:26:37.437000
2013-09-25,1696.4803,0.000964,0.020760999999999998,0.05904600484790418,0.7945942767965709,-0.7385496828539134,0.5249247066401427,0.01466002045227381,0.1217730685953184,-0.15010199086554618,0.20122459184644007,-0.18171071260154537,0.00552126239088237,0.17723244843058472,475,True,13,142,475,317161,1691.88,1701.71,0.0058101047355603175,False,2013-09-25 16:14:53.066000
2013-09-26,1697.9452,0.0009130000000000001,0.020687,0.042474645469061385,1.0434866486184298,-0.7413236117965801,0.46668487720587787,0.013743492992516593,0.10342211462956896,-0.19850071026202332,0.25887628273256597,-0.12915132370913163,0.005687657492061857,0.1412948457654722,486,True,13,142,486,317790,1693.13,1703.85,0.006331468936230378,False,2013-09-26 16:18:00.694000
2013-09-27,1690.6281,0.000862,0.020791,0.062326236770715346,0.38290402142938396,-0.7245661381044441,0.40211052931105445,0.014185310836108671,0.19323455653894994,-0.17943651826031393,0.2035416917045598,-0.11396294438268269,0.0064401082519442415,0.13554738380840992,386,True,11,112,386,316075,1687.11,1695.52,0.004984855759257112,False,2013-09-27 16:15:27.889000
2013-10-01,1691.6872,0.0013189999999999999,0.020759,0.021088939587053487,9.301758558601357,-0.6940465146961957,0.9999126121793419,0.019593340967881057,0.07972429456700426,-0.3116986800332453,0.327571926393075,-0.6074967834039116,0.0064191437052953625,0.13441649262033292,482,True,11,118,482,410009,1682.14,1696.55,0.00856646890270718,False,2013-10-01 16:17:26.761000
2013-10-03,1678.4839,0.0013189999999999999,0.020759,0.021266597802738114,18.439742791241894,-0.7187387831545955,1.6948768030116066,0.03527914215342913,0.08129161127794228,-0.3327287289088366,0.3395630507920972,-2.0883061903322826,0.007589938474268515,0.15103711356534993,536,True,12,132,536,385189,1670.36,1691.81,0.01284154314040098,False,2013-10-03 16:17:00.359000
2013-10-04,1686.3113,0.0012690000000000002,0.020856,0.02383954852882139,13.231454324175056,-0.7218376812179471,1.5770409260276768,0.026562846868147257,0.09391923497026533,-0.25205537281688606,0.2789708424464789,-1.8561942874301225,0.007206497821366881,0.14993130015381254,531,True,13,141,531,264964,1677.34,1691.92,0.00869233429119931,False,2013-10-04 16:16:13.717000
2013-10-07,1681.3635,0.001167,0.021037,0.025210400687266262,17.14685366707717,-0.7209100820987264,1.9413051147603344,0.041284782146369395,0.050377233539904163,-0.47760370142893116,0.37598794504282745,-2.904107445648762,0.0057920597454435875,0.0992065015535559,477,True,12,119,477,185853,1674.7,1685.66,0.006544455723413112,False,2013-10-07 16:14:57.826000
2013-10-08,1664.6497,0.001167,0.021037,0.028003308193249463,15.0365764778765,-0.7691407171210197,1.8448371533486525,0.05386693779155641,0.04292707597705378,-0.49999997201930824,0.474445682821137,-2.5612763518128774,0.007143236628189713,0.12414304263275767,604,True,12,150,604,359026,1655.09,1676.77,0.013098985553655629,False,2013-10-08 16:17:55.186000
2013-10-11,1698.0137,0.001268,0.020882,0.02237764006834699,11.830858634803437,-0.7475724892420909,1.2093510146465596,0.021470201565789063,0.05412058418261675,-0.39919326795348975,0.41097174188554947,-0.9330364841684106,0.006789704444037662,0.15870632318107183,401,True,10,125,401,218147,1688.65,1703.38,0.008722944363841023,False,2013-10-11 16:19:50.985000
2013-10-16,1714.4226,0.0012180000000000001,0.020539,0.0296824438087511,9.331019415476883,-0.6681254021333759,1.8492406163313768,0.02236904185912801,0.022898789070080555,-0.4999999328551057,0.48685839805919745,-2.8657559381331343,0.008504796888073296,0.17973285493080063,476,True,11,128,476,550070,1700.49,1721.76,0.012508159412875086,False,2013-10-16 16:17:51.344000
2013-10-17,1725.6432,0.0012180000000000001,0.020413999999999998,0.20864439723162903,0.10516612121687462,-0.6990612248054381,0.37578172414176336,0.011419647249096696,0.13617620906381164,-0.1966314702820671,0.24378476829595025,-0.09732726025798988,0.006127373759617788,0.16205571285753306,567,True,12,125,567,648828,1714.14,1733.45,0.01126512420222392,False,2013-10-17 16:17:18.607000
2013-10-18,1740.5654,0.001116,0.020272000000000002,0.08174914370312465,0.2385508308453885,-0.700835354748332,0.28077492937375254,0.010849319640044215,0.08044048291031382,-0.28424046650171814,0.3488786538708819,-0.03983190866227683,0.0048687892706830455,0.18807705700967725,509,True,11,127,509,640977,1735.74,1745.31,0.005513498565453245,False,2013-10-18 16:24:42.074000
2013-10-22,1754.2561,0.000964,0.020156,0.08317884969724378,0.2821036261667762,-0.6231134070717051,0.3563580731437929,0.010958686593197941,0.09609123119801082,-0.21331275590065787,0.30065861489063606,-0.08006096605480942,0.005615947707634322,0.23742083151238091,480,True,13,111,480,473581,1746.48,1759.33,0.007357656543447444,False,2013-10-22 16:15:16.128000
2013-10-23,1745.0384,0.000964,0.020253,0.05491789613795902,0.4311322851633462,-0.6456141070388212,0.32961569552797804,0.011782380599374495,0.1126201751267892,-0.2209076857818371,0.2882343812607059,-0.061292750621749575,0.004925860978914314,0.17904393210455136,416,True,12,116,416,304513,1740.5,1751.88,0.0065383510485492735,False,2013-10-23 16:17:56.024000
2013-10-24,1749.9792,0.001015,0.020186000000000003,0.04120162518862867,0.8608752275435245,-0.6274115877985903,0.4006093699424125,0.0106044116536506,0.07778308554935094,-0.27648594378917984,0.3217911088466367,-0.08954895036680927,0.0047228698689414095,0.23507173953498245,439,True,13,120,439,241047,1745.5,1753.94,0.004835290747636778,False,2013-10-24 16:15:03.115000
2013-10-25,1755.6003,0.000964,0.020097999999999998,0.04466934800300489,0.9408037866958386,-0.6405123963137179,0.46439722507523923,0.010612951224130949,0.05982284102878436,-0.2903121327655839,0.3739987003230835,-0.13161459915666002,0.0044619679757102754,0.18345452901948028,405,True,13,115,405,215499,1752.55,1759.82,0.004148241134346975,False,2013-10-25 16:16:55.079000
2013-10-28,1761.73,0.000964,0.020072999999999997,0.16010548875047065,0.12763276282922204,-0.6750056481250307,0.297342742756749,0.010787401756031633,0.08987520413340755,-0.2585093320669419,0.31993395567886207,-0.047543294923415205,0.004955614555152501,0.14569799253796764,429,True,12,117,429,546125,1757.67,1764.99,0.004164604277253403,False,2013-10-28 16:16:08.131000
2013-10-29,1768.642,0.000964,0.019969,0.061684842627798414,0.5317056316141148,-0.6344924664715215,0.4052962934309749,0.010688077128589957,0.07066496119946954,-0.2630611321153837,0.3552443717961162,-0.09866872904802525,0.004582757032628179,0.1428534202953893,419,True,12,110,419,274649,1764.44,1772.04,0.004307315635555753,False,2013-10-29 16:16:18.962000
2013-10-30,1768.4853,0.0009130000000000001,0.02009,0.058484264477615594,0.55174947059376,-0.6409478145139009,0.43722753628969513,0.012406421875085522,0.07321396844906512,-0.25377010306199227,0.3503954512464771,-0.12663059456277698,0.0062512715690395335,0.18688205315715173,512,True,12,142,512,516734,1757.24,1775.22,0.010231954656165332,False,2013-10-30 16:21:12.269000
2013-10-31,1761.981,0.0009130000000000001,0.020175000000000002,0.10236161850244464,0.27127965407944155,-0.6588635922530057,0.3781715973354333,0.01080238599910947,0.08866634863371087,-0.241978708153026,0.31196202923721467,-0.08747650811452323,0.006364924263975741,0.16579626672008735,536,True,13,135,536,274335,1755.88,1768.53,0.007204364762967819,False,2013-10-31 16:18:23.156000
2013-11-01,1758.1942,0.0013189999999999999,0.020117,0.07862779354878487,0.3822471540948903,-0.6962723206758721,0.367336956916487,0.011079372627152036,0.07812625819889162,-0.26280172760266235,0.3343719237996053,-0.07482593928309783,0.0071859293981671535,0.21146706365410659,522,True,12,122,522,271831,1752.7,1765.57,0.007342956581274596,False,2013-11-01 16:14:59.086000
2013-11-04,1764.7298,0.0012180000000000001,0.020049,0.03897873995882304,2.131881852046901,-0.6543401384737279,0.6757852430002018,0.009989291746735931,0.04565528042445162,-0.25299822550606066,0.32957788481179,-0.2904895579891014,0.005368947215424043,0.15079106017878216,346,True,10,98,346,167485,1761.56,1768.68,0.0040418719771113665,False,2013-11-04 16:15:38.169000
2013-11-05,1762.9211,0.0012180000000000001,0.020049,0.05009367146390162,1.4990271726309712,-0.6516619527864169,0.6895075670124252,0.011292533677488472,0.02450132059511283,-0.3209985674723488,0.4469197873099655,-0.3252371355649196,0.00490752048383421,0.13289326307919533,445,True,12,126,445,231117,1755.78,1766.96,0.006367540352435919,False,2013-11-05 16:17:04.388000
2013-11-06,1769.3947,0.0012180000000000001,0.020066999999999998,0.04632970226158051,1.2306277644237233,-0.6794270105072141,0.5056449460237956,0.010878311842152962,0.039726672937766515,-0.29396809316418177,0.37429336606985164,-0.1416475755982361,0.004917076514945923,0.1623374900133824,415,True,12,115,415,227724,1764.48,1773.65,0.005196998549147569,False,2013-11-06 16:15:00.937000
2013-11-07,1757.0941,0.001065,0.020358,0.05315086264254152,0.9732024674497493,-0.6596921322734801,0.5147678957003001,0.012385166087199143,0.04884731414352941,-0.2475021494385332,0.3255906125269893,-0.16153288510210684,0.005848374233270665,0.17062474940943945,583,True,13,141,583,253565,1746.2,1774.54,0.0162295269728554,False,2013-11-07 16:17:45.513000
2013-11-08,1760.4083,0.001065,0.020358,0.057467011132555756,0.9612958680966572,-0.6638895848572264,0.5210596730752837,0.011913916098352321,0.04224051521034588,-0.2472932482317905,0.3112759348098841,-0.1610175821981406,0.005117440592591997,0.1407726493223515,443,True,11,118,443,177734,1747.63,1770.64,0.013166402499384944,False,2013-11-08 16:18:21.765000
2013-11-11,1771.2222,0.001015,0.020075,0.046314299399483,1.4374282184024683,-0.5950285988208168,0.6196549392374908,0.010679010162721875,0.04287173156059788,-0.29159138591092915,0.35356917923294506,-0.25082528197670373,0.004167000135222921,0.1260921761988542,343,True,10,111,343,139512,1767.92,1773.38,0.003088375039594471,False,2013-11-11 16:14:59.310000
2013-11-12,1767.2935,0.0013189999999999999,0.020139,0.05466788732025344,1.049346085763919,-0.6233268422012574,0.5922237054972247,0.011051795468348839,0.05135850094417487,-0.28729441021478763,0.3165170316237963,-0.23599785019988168,0.004351276464424412,0.10763018175724638,435,True,11,119,435,293018,1762.32,1771.74,0.00534522674656146,False,2013-11-12 16:21:07.365000
2013-11-13,1772.8983,0.000964,0.019965999999999998,0.048753065932077934,1.0736579286811607,-0.6887116083137031,0.49259131451509036,0.010609291068491691,0.07834154775719432,-0.2392758972742585,0.2823590023975286,-0.13795797156472295,0.004798685932707028,0.1246927982780012,542,True,13,141,542,337411,1760.64,1782.0,0.0121319520174481,False,2013-11-13 16:17:04.500000
2013-11-14,1787.6975,0.0012180000000000001,0.019859,0.040129116909683855,1.21120118088813,-0.6842749220053015,0.4245906640123862,0.009324341982892231,0.07865026334494181,-0.2634897383200688,0.3219954045476383,-0.08306836438846522,0.004624436787409783,0.12621022942683852,540,True,12,129,540,620257,1780.22,1791.53,0.006353147363808986,False,2013-11-14 16:20:22.073000
2013-11-15,1793.9133,0.0012180000000000001,0.0197,0.044191861727492725,1.2215183978347626,-0.6393960293446871,0.47878036798159074,0.008671753647441443,0.061866234356967656,-0.29718794705525187,0.3408543718390113,-0.12126829649518288,0.0046050043040895975,0.1285209267311344,462,True,12,120,462,327255,1790.95,1798.22,0.004059298137859768,False,2013-11-15 16:23:48.390000
2013-11-18,1797.2597,0.0012690000000000002,0.019796,0.055472899880827105,0.8279799218687515,-0.6200929041347981,0.4843081535138314,0.009570368135354607,0.09096038741836499,-0.21287895274080756,0.28033429615652533,-0.14269349294165629,0.005048672035464848,0.13744893639302933,503,True,13,128,503,397284,1788.0,1802.33,0.00801454138702451,False,2013-11-18 16:24:53.404000
2013-11-19,1789.2881,0.0012690000000000002,0.019831,0.1514304406894395,0.16248989825984178,-0.6917186220432189,0.31713454599937374,0.01063020974211381,0.11625414581741886,-0.20772757044483195,0.2771154930082401,-0.051362486464088836,0.005102586701221694,0.14030541311975306,471,True,12,118,471,446387,1784.88,1795.5,0.005949979830576879,False,2013-11-19 16:18:43.431000
2013-11-20,1788.4029,0.001116,0.019902,0.05783691530480387,0.547486851197698,-0.7311785213011429,0.34599245110491117,0.0102662832093228,0.10170014279062084,-0.22461646975687005,0.3354924822224548,-0.05638087493515431,0.00654022516799954,0.19459878524281662,497,True,11,129,497,509383,1777.25,1795.72,0.01039246026164009,False,2013-11-20 16:14:55.292000
2013-11-22,1801.1014,0.001167,0.019669000000000002,0.07409859446158022,0.3971205540551009,-0.682188997511202,0.3305176909833613,0.008710034297257356,0.10633805636373506,-0.21139570589985754,0.28353376409808906,-0.050389794278398785,0.005484585173209779,0.17081695582169085,425,True,11,123,425,245878,1794.75,1804.84,0.005621952918233752,False,2013-11-22 16:28:02.247000
2013-11-25,1805.1142,0.001167,0.019697,0.15598303679771172,0.15993204609417724,-0.6885809719605537,0.32828888850400134,0.009064345610184108,0.10992429974870514,-0.19174699515402993,0.2901030500287203,-0.05788022185310987,0.00525808742309316,0.13262494166514754,451,True,12,123,451,271950,1800.58,1808.1,0.004176432038565325,False,2013-11-25 16:23:48.129000
2013-11-26,1805.2407,0.001167,0.019705999999999998,0.08631116087554105,0.3501553274973239,-0.6350517841730858,0.3928880826370129,0.008924153451966751,0.10734407362616777,-0.1844522653320262,0.2919422295667392,-0.09391641987208972,0.005760153364499024,0.1493361755741838,373,True,12,102,373,220717,1800.77,1808.34,0.004203757281607379,False,2013-11-26 16:23:37.046000
2013-12-04,1790.0531,0.001167,0.019874,0.07912764448134126,0.21906409703018653,-0.6758075103917858,0.3220591060547024,0.011535448513978704,0.19067035744766564,-0.1995109087076952,0.23631190699501536,-0.06905401581589275,0.007137797021979997,0.18398971863157018,533,True,13,129,533,321237,1779.09,1799.8,0.01164078264730839,False,2013-12-04 16:16:12.798000
2013-12-06,1802.31,0.0012180000000000001,0.019507,0.039929485639421544,0.6370889001355395,-0.8116035891669505,0.29741908165628195,0.010104037323664647,0.15376397943521122,-0.18015986519521637,0.2745374749145708,-0.03758084595527233,0.00764276540258376,0.17455733234523493,478,True,12,127,478,346220,1790.89,1806.04,0.008459481040153038,False,2013-12-06 16:22:33.148000
2013-12-09,1809.0499,0.001015,0.019478,0.034157763457471506,1.3555411430851094,-0.7255839989581717,0.48890482717520417,0.011303302706019386,0.08608725938573293,-0.21200527886642329,0.3442366382891273,-0.14642342259047283,0.006052297654415486,0.21816671455478848,358,True,12,114,358,165766,1806.71,1811.41,0.002601413619230497,False,2013-12-09 16:18:26.815000
2013-12-10,1804.4113,0.001015,0.019478,0.031087006725106163,2.3735491768777988,-0.5901957544681931,0.7787942777154857,0.011077746988186284,0.09569674027924446,-0.21159179781034537,0.261803661492071,-0.45894744855444447,0.005130124508692192,0.12165114325027973,357,True,12,100,357,235203,1801.82,1808.52,0.003718462443529358,False,2013-12-10 16:18:43.220000
2013-12-11,1790.2472,0.001065,0.019740999999999998,0.07987054432076891,0.27962138636931483,-0.7110210634315478,0.4015533891938849,0.012841684083293566,0.18476929731033442,-0.16598647272462308,0.2193613187260212,-0.11657809970700518,0.005647559704322247,0.13486729034328424,529,True,13,137,529,185919,1780.09,1802.97,0.012853282699189394,False,2013-12-11 16:18:27.611000
2013-12-12,1778.6123,0.0013189999999999999,0.019826,0.06056091821754214,0.3014224388541337,-0.7069835298366717,0.3798210556868807,0.013890124922886235,0.23459023832088355,-0.16309671050119948,0.2014344995140146,-0.10775519500634193,0.006029765776449003,0.13425844607168338,498,True,13,121,498,202581,1772.28,1782.94,0.006014850926490123,False,2013-12-12 16:14:47.242000
2013-12-13,1776.2892,0.0013189999999999999,0.019785999999999998,0.024871948527677462,3.353156734529838,-0.6323814408380087,0.7610924137730497,0.01608697265922204,0.1086114682557151,-0.2348444953853844,0.25356825605151934,-0.41246257888996474,0.0056147717851065485,0.13871322310846776,409,True,11,114,409,210626,1772.45,1780.85,0.004739202798386355,False,2013-12-13 16:15:40.535000
2013-12-16,1787.987,0.0013189999999999999,0.019618,0.024788038723450638,9.978814974473371,-0.6159513859296446,1.5324169711465587,0.018959504333545645,0.03187975675475117,-0.4867429666252288,0.4999818771552924,-1.8535912694552028,0.0059950630521389365,0.1488501090235741,391,True,10,115,391,179438,1778.03,1792.22,0.007980742732125012,False,2013-12-16 16:15:24.029000
2013-12-17,1781.4794,0.0012690000000000002,0.019681,0.029238518006401988,6.330469960978782,-0.6464364317685743,1.3199579341872882,0.020402242913207542,0.031576459451589524,-0.49999999014695395,0.45367107242330523,-1.3721018281378436,0.005438610734417516,0.11535488125015944,345,True,9,105,345,142825,1777.11,1786.57,0.005323249545610587,False,2013-12-17 16:16:49.158000
2013-12-18,1785.0017,0.0012690000000000002,0.019336,0.09549622063129137,0.16993311604249797,-0.6540653457539292,0.35251946771248643,0.013184800569415147,0.15238390906878077,-0.23568387763332996,0.2560760473192097,-0.09181403443198032,0.009900796154616424,0.2591471488446547,475,True,14,128,475,428393,1767.99,1811.08,0.02437230979813232,False,2013-12-18 16:14:55.254000
2013-12-19,1807.1692,0.0012690000000000002,0.01936,0.04001644035243426,0.7658278205980502,-0.7883979307182889,0.3402394701989472,0.01070558863540189,0.08401675224035089,-0.2928556057871858,0.37998041304432106,-0.05447149047486706,0.0075798901858810455,0.26372234256995214,456,True,13,119,456,358388,1801.35,1810.84,0.005268271018957993,False,2013-12-19 16:14:21.342000
2013-12-20,1820.3732,0.0012690000000000002,0.019267,0.10427345603194674,0.1188192428973038,-0.8033061613855336,0.18199989056215937,0.00827225987853714,0.12903731153304251,-0.28705248107620346,0.3270840113040773,-0.008344573964635567,0.0053589274096682606,0.13601777703194887,419,True,11,124,419,492018,1810.35,1823.75,0.007401883613666005,False,2013-12-20 16:19:30.466000
2013-12-24,1831.7033,0.0012180000000000001,0.019041,0.06355004709298073,0.34486588702166526,-0.9759729620587356,0.26032115778817677,0.007199038344141032,0.1608881821885887,-0.1664576053370141,0.29208189722430317,-0.023934618470198024,0.006874517881316207,0.2598036078996203,314,True,12,100,314,83224,1828.06,1833.32,0.002877367263656616,False,2013-12-24 13:16:07.457000
2013-12-26,1839.9027,0.001167,0.018951,0.49160572092798216,0.031920218832401766,-0.806742260131225,0.23020936019442964,0.007893026422433218,0.12356677011258212,-0.2141393107753307,0.29637175116994785,-0.021612025138565,0.005455777206806206,0.15150177646219204,386,True,13,110,386,219983,1835.18,1842.84,0.0041739774844973265,False,2013-12-26 16:18:07.466000
2014-01-02,1834.8323,0.001116,0.018934,0.018279338898448468,1.561829087914201,-0.6286676059741799,0.3156500631787197,0.011698125804801625,0.12329582606319242,-0.29314467283577456,0.3025544954728223,-0.04253655598585304,0.006060358575596545,0.2096383463933492,551,True,15,130,551,527876,1827.74,1845.43,0.009678619497302643,False,2014-01-02 16:20:48.406000
2014-01-06,1828.6021,0.001116,0.018934,0.1824921673567287,0.07839164768785736,-0.7080649469686162,0.26218029361746764,0.010849018143808349,0.13612745555859015,-0.23025599335162336,0.25690034762348685,-0.04012678298289718,0.004578160044596391,0.11880206280123023,427,True,13,129,427,185668,1823.73,1837.12,0.007342095595290976,False,2014-01-06 16:14:59.947000
2014-01-07,1837.7105,0.001015,0.019105,0.07148989478485167,0.3088164258147297,-0.7145440065663716,0.3236103230589285,0.010702860560519204,0.08864569789725676,-0.2630790469594876,0.29404674982286805,-0.06056913361164612,0.004384277787165657,0.13521359355027932,406,True,14,119,406,212898,1829.82,1840.1,0.005618038932791114,False,2014-01-07 16:14:41.417000
2014-01-08,1836.8526,0.001015,0.019122,0.05165066526277152,0.5585817066653024,-0.7001923920196428,0.3744639215142567,0.010425643426394503,0.10173466842040746,-0.2273247726788035,0.25706230933070423,-0.08252099501008109,0.004738730801802895,0.16695404370846806,416,True,14,121,416,313002,1831.57,1839.97,0.004586229300545419,False,2014-01-08 16:29:46.152000
2014-01-09,1835.998,0.0008119999999999999,0.019115,0.04733314238721916,0.6033139754783916,-0.6583111862346203,0.37157080022451844,0.01037489896616285,0.07671962631046703,-0.2944681277250675,0.3150725657214473,-0.08095136696845308,0.004078694505900458,0.1110763483420469,474,True,13,121,474,261369,1830.43,1843.07,0.006905481225722765,False,2014-01-09 16:22:20.934000
2014-01-10,1836.599,0.000862,0.019071,0.04005037285838571,1.2122940940923297,-0.6561295824493031,0.5184803240437469,0.009593049089136009,0.05865450543916117,-0.2875202363611032,0.30880974651039894,-0.1717161854556753,0.003942714891554565,0.13198062543346198,437,True,12,123,437,276026,1832.44,1842.84,0.005675492785575331,False,2014-01-10 16:19:22.225000
2014-01-13,1831.9941,0.001065,0.019326,0.03967894589988878,1.0837055158352034,-0.6900055219456237,0.47847206024010924,0.011061480580518285,0.06798336146075293,-0.2787327029682578,0.30107443900935177,-0.14293492736194252,0.005191812803929703,0.1353886028617863,580,True,12,165,580,279914,1815.75,1843.39,0.015222359906374772,False,2014-01-13 16:15:20.622000
2014-01-14,1832.7223,0.001065,0.019119999999999998,0.036880934155835585,1.7400933889677483,-0.6980719805045537,0.6191122132799761,0.010716994450370644,0.05457176872540119,-0.2700204925091033,0.2878437770559686,-0.25494739322538196,0.004153823517261086,0.1851482282928973,490,True,13,142,490,247462,1821.67,1839.26,0.0096559750119396,False,2014-01-14 16:16:19.021000
2014-01-15,1847.7853,0.001015,0.019024,0.03659306931149856,2.03209889875113,-0.6771012938572469,0.7314059311924874,0.009445825627504826,0.06732314421791805,-0.22518736921955304,0.2528475865240322,-0.38623316448390965,0.004485993155535632,0.14284774078470805,420,True,13,113,420,358675,1841.0,1850.82,0.0053340575774034615,False,2014-01-15 16:15:44.514000
2014-01-16,1844.0749,0.001015,0.019053,0.03814463837799853,1.3968825153903563,-0.7155494860649276,0.5351252109676443,0.010607347778630951,0.06511719982202173,-0.2785063732309577,0.29598326575181705,-0.17979183460093762,0.004269888152247268,0.21405878135429746,420,True,14,124,420,262001,1840.34,1847.39,0.0038308138713498696,False,2014-01-16 16:30:37.153000
2014-01-17,1842.2683,0.001015,0.01913,0.028919350826162083,1.6688164274784503,-0.7132242596217512,0.4398846815245651,0.008493420971005756,0.09405352546882267,-0.2819389804892092,0.2771240259423002,-0.09697635757854453,0.0039068049417313065,0.12858647691119748,502,True,11,141,502,350663,1835.27,1846.02,0.00585744876775629,False,2014-01-17 16:14:36.131000
2014-01-21,1840.6054,0.001015,0.019081,0.029215133150764724,2.6196169789773482,-0.6646524745076047,0.698804200134171,0.009316643414480139,0.07973360398022199,-0.275481554416836,0.27195385446302495,-0.335262392435504,0.004821175427268855,0.12094974254510472,523,True,16,125,523,242564,1832.41,1849.3,0.009217369475172044,False,2014-01-21 16:23:21.430000
2014-01-22,1844.8391,0.001015,0.019077999999999998,0.0276858090074373,2.4842222923892963,-0.6881292572380886,0.5959986427759282,0.009145622253339245,0.06955704648210724,-0.31931808077401647,0.2972667555069058,-0.21765897435253223,0.004520394804170236,0.16398971687899722,420,True,14,112,420,472869,1840.89,1846.82,0.0032212679736431937,False,2014-01-22 16:16:22.018000
2014-01-23,1826.854,0.000964,0.019249000000000002,0.045749745654219805,0.4543598461140892,-0.6921267949400468,0.35796173877284104,0.010689821709653604,0.15017086181792375,-0.23913060990970453,0.23680471981374523,-0.08656291163485563,0.005507656599253139,0.12306296513834185,641,True,17,143,641,388684,1820.06,1842.01,0.012060041976638125,False,2014-01-23 16:17:59.144000
2014-01-24,1802.2339,0.001015,0.019669000000000002,0.020573505476169224,16.950625068663165,-0.6917912098855523,1.8405537291860274,0.023277586397978098,0.04874618391450839,-0.4999998148781539,0.41651823680215105,-2.690170474671327,0.008292493460994758,0.175434508917661,763,True,18,174,763,435788,1790.29,1825.39,0.019605762194951692,False,2014-01-24 16:22:43.221000
2014-01-28,1790.2504,0.000964,0.019692,0.021437276980030243,17.86394327303858,-0.6349180255650044,1.9155063680735016,0.024136948140295225,0.04628327247473973,-0.46963700045595397,0.4365408906677569,-2.903256046330785,0.0064365969928064,0.15010520233985394,556,True,16,137,556,297793,1779.49,1793.87,0.00808096701864014,False,2014-01-28 16:16:29.264000
2014-01-30,1791.2898,0.0008119999999999999,0.019701,0.016671798652599507,19.60996794501546,-0.654765105448004,1.4534278090884425,0.02412471400017893,0.0864992076984215,-0.3686582944273889,0.373791107262275,-1.4585855219051735,0.005622630991902613,0.1330209670781808,580,True,17,131,580,344917,1780.41,1798.76,0.010306614768508249,False,2014-01-30 16:16:54.540000
2014-01-31,1781.6008,0.0008119999999999999,0.019829,0.019596528901302177,13.38482255016878,-0.6393839069913724,1.426408443812812,0.030537708429853514,0.078932147284694,-0.4395899435714388,0.3437992934195481,-1.5100489246941207,0.005501803668079358,0.13971173914034324,556,True,16,136,556,309868,1772.28,1793.84,0.012165120635565518,False,2014-01-31 16:17:23.717000
2014-02-03,1754.492,0.0008119999999999999,0.019829,0.0137224129597107,14.635655976309131,-0.639675514507807,1.0631240362592016,0.04096362979464318,0.18179807388113528,-0.3055910244246237,0.2848259974645237,-0.7285596859857126,0.006641509181206189,0.1699790697497789,870,True,16,168,870,841912,1739.66,1784.83,0.025964843705091667,False,2014-02-03 16:22:42.420000
2014-02-04,1753.0263,0.001167,0.020125,0.01808489190169923,14.932069917767105,-0.6545600156950675,1.3173210698803395,0.034457617064081035,0.12885507477230448,-0.31605886234491765,0.3259307296948909,-1.195245060487816,0.00597991597480279,0.20091365717814322,661,True,15,145,661,525274,1744.72,1758.73,0.00802994176716032,False,2014-02-04 16:25:43.900000
2014-02-05,1748.1165,0.000964,0.020183,0.02352498922573559,10.095944190769744,-0.6821935889527466,1.3139421929711523,0.03654968115978048,0.07202630921721602,-0.44465079412493014,0.42444464884932986,-1.2514301298468689,0.005955659522454771,0.14508891577082828,669,True,17,148,669,367340,1737.92,1755.76,0.010265144540600124,False,2014-02-05 16:16:05.094000
2014-02-06,1769.61,0.000964,0.020007999999999998,0.021609786610964247,6.409072477811517,-0.7084221079648328,0.8614165956248034,0.024217673950472963,0.09025230429117059,-0.3457014195466275,0.3791303427235164,-0.4650411739784046,0.005673233208455471,0.1427271017473225,650,True,18,133,650,395042,1753.19,1774.06,0.011904014967002885,False,2014-02-06 16:16:51.114000
2014-02-07,1788.2373,0.001015,0.019746,0.024578211221494686,1.5106199906826998,-0.7682256077060867,0.38364577017801527,0.014635245144479555,0.11481734330787469,-0.26848024266014714,0.3320529679330837,-0.07292740256265903,0.0055738488708757744,0.1759883501388965,688,True,17,140,688,430500,1777.3,1798.03,0.011663759635402116,False,2014-02-07 16:14:58.230000
2014-02-10,1796.2731,0.0009130000000000001,0.019715,0.28699995888820784,0.06708906776310417,-0.8245292128573579,0.3975677248001316,0.015542413535188867,0.12957677358355463,-0.22691938323877692,0.26693555739935365,-0.11955097642303499,0.006408428465929293,0.34827191729258294,481,True,16,122,481,210292,1791.86,1799.9,0.004486957686426596,False,2014-02-10 16:24:57.719000
2014-02-11,1814.3382,0.0009130000000000001,0.019715,0.07274996974315465,0.35951864100883163,-0.7821111530470714,0.4135297671529723,0.013112843508104195,0.11245287878647359,-0.21775278756759073,0.2862740826784136,-0.11869692781060633,0.004849991130775558,0.27117538647628076,631,True,15,142,631,503474,1800.41,1823.53,0.012841519431684878,False,2014-02-11 16:17:26.785000
2014-02-12,1820.4393,0.001167,0.019559,0.043510890340288155,0.7591047874097243,-0.69629346482984,0.46061955030662016,0.013278797137234701,0.09023635373316465,-0.24115605881589455,0.304387782256688,-0.14611171980112847,0.004846272365526432,0.18637699591394022,538,True,15,113,538,230481,1816.0,1826.55,0.0058094713656386965,False,2014-02-12 16:17:45.977000
2014-02-13,1825.1359,0.001065,0.019457,0.03913415700928799,0.9872538066294232,-0.6962478315876057,0.4945369195158516,0.01318211734468053,0.08866703133584318,-0.2529724936210657,0.2946063587274148,-0.1672960738109217,0.004916005024232219,0.20206923417495223,618,True,16,131,618,306127,1809.22,1830.25,0.011623793679043981,False,2014-02-13 16:14:56.804000
2014-02-14,1836.3785,0.000964,0.019377,0.04635254310654648,0.619300367407242,-0.708028558430917,0.37785587792201475,0.01182677299069476,0.06985405752572114,-0.3185897612395441,0.35625178599002627,-0.08536277052792798,0.0033469147091998944,0.13713937271210416,572,True,16,125,572,353112,1825.59,1841.65,0.008797155987927185,False,2014-02-14 16:16:00.333000
2014-02-18,1840.6757,0.000964,0.019379,0.049711655955904877,0.4481414959007183,-0.7160733192701388,0.37419038234951585,0.012187283383017725,0.12008133559795413,-0.2126191528967019,0.2859829692125323,-0.09546273051531473,0.004253996618530963,0.12884645312236753,472,True,16,103,472,212356,1835.1,1842.87,0.00423410168383187,False,2014-02-18 16:21:19.399000
2014-02-19,1839.6602,0.001015,0.019539,0.02753374070888758,1.163535449106456,-0.6640339157157091,0.4604492348595941,0.012814718800700621,0.127750323225294,-0.23506564131596727,0.27514305444548603,-0.1479405311601932,0.005752248353717231,0.20502871502866066,614,True,17,129,614,700761,1826.99,1847.49,0.011220641601760173,False,2014-02-19 16:18:11.381000
2014-02-20,1835.9295,0.001065,0.019450000000000002,0.019326612452510536,2.5822930078259936,-0.6842707975725077,0.5020361843471257,0.012723204995938743,0.1240591649602128,-0.26538646961507656,0.2927870674114706,-0.15222637799165972,0.004804281932569689,0.11267805837233628,515,True,15,123,515,289775,1824.77,1842.79,0.009875217150654647,False,2014-02-20 16:21:40.481000
2014-02-21,1842.0171,0.001015,0.019502,0.03157403071624853,0.6210976245555024,-0.6708437912513167,0.345671974900837,0.010706719612266631,0.14530211137024177,-0.24986110870367118,0.26391814661786966,-0.08026800328083604,0.004204322133364617,0.1495553142589918,503,True,15,126,503,339613,1835.6,1846.13,0.005736543909348635,False,2014-02-21 16:14:48.559000
2014-02-24,1853.1524,0.000964,0.019375,0.10229502541561632,0.10169090509840899,-0.735077111995529,0.24590422155672634,0.01032825997404379,0.16081937782650677,-0.22209037330764037,0.2640413619319045,-0.039663938736262006,0.005598147216894543,0.2251381327422986,610,True,15,121,610,409871,1836.25,1858.71,0.01223144996596326,False,2014-02-24 16:32:12.536000
2014-02-25,1846.8415,0.000964,0.019496,0.03198582368313504,0.8509818058969167,-0.7395518735725429,0.4012112950321212,0.012204616204078412,0.12908447713836035,-0.21805971276358088,0.28002914072049795,-0.10653179525940257,0.005699908142232497,0.5839159911019997,522,True,17,126,522,258032,1840.2,1852.88,0.006890555374415852,False,2014-02-25 16:18:06.390000
2014-02-26,1847.8616,0.000964,0.01952,0.02631128630699287,1.3543560353993467,-0.6859310660811366,0.4356871853280503,0.012523380130111898,0.09679012814254155,-0.2790224550958146,0.31636447871661294,-0.11855362464108689,0.004236539595546956,0.16759126853818676,526,True,14,121,526,270279,1840.93,1852.65,0.006366347443955034,False,2014-02-26 16:15:24.985000
2014-02-27,1849.3983,0.000964,0.01944,0.03523931088207591,0.9156460089555282,-0.6967331769317531,0.4519157051220459,0.01250866165585626,0.10518928569086367,-0.25088471885899233,0.2918504228772901,-0.1396943358009241,0.004571049955742847,0.2759378565569992,576,True,16,119,576,351570,1841.19,1854.53,0.007245314171812733,False,2014-02-27 16:15:21.618000
2014-02-28,1863.5057,0.001015,0.019387,0.03418058943160584,0.9254331894105204,-0.7015221673749461,0.42939723677857583,0.011700712504433566,0.09735408937047509,-0.2643682790594729,0.3100709680748955,-0.12111828316583127,0.0047315154776404085,0.1538111024751061,619,True,15,141,619,508566,1847.67,1867.92,0.010959749305882616,False,2014-02-28 16:16:46.223000
2014-03-03,1843.8403,0.001015,0.019545999999999997,0.02076367173028351,4.651791860694273,-0.705803183776191,0.8043032316511536,0.018334851992581756,0.09381053104938833,-0.3027687709554156,0.3193747756044151,-0.45372713013836796,0.0051092580304124,0.14141311587797126,609,True,15,139,609,343884,1834.44,1854.11,0.010722618346743262,False,2014-03-03 16:18:26.385000
2014-03-04,1870.9431,0.001065,0.019254,0.027347926041999624,1.2678306711634046,-0.7287471046533059,0.44418382867530026,0.01211618353065544,0.12499276620541207,-0.22716598079192774,0.27293908013086166,-0.12795419479913742,0.004232039644118319,0.13132726028995684,574,True,15,129,574,382532,1851.88,1876.23,0.013148800138237826,False,2014-03-04 16:14:46.435000
2014-03-05,1874.1339,0.001065,0.019254,0.03754341071012638,0.9053252229848694,-0.7134133655179017,0.4976554414584892,0.012628010661887528,0.09995642760879912,-0.2598235281020968,0.2934693249379862,-0.17968294506772842,0.005638692482466554,0.19618233528632745,450,True,15,109,450,248937,1871.11,1876.52,0.002891331883213777,False,2014-03-05 16:15:59.376000
2014-03-06,1879.8288,0.000964,0.019252000000000002,0.0361494577519533,1.0289331598980649,-0.7475752980516372,0.47149673806430753,0.01215616351281285,0.11168789470104419,-0.21951626126688298,0.2754831170529694,-0.1479184224186444,0.0057775330905303155,0.17776873349032915,583,True,16,133,583,316595,1875.0,1881.92,0.003690666666666731,False,2014-03-06 16:29:16.240000
2014-03-07,1876.96,0.000964,0.019264,0.03775675596899136,0.9027700127808883,-0.7385438864777926,0.4507812222443314,0.012415178032174573,0.12352983029678188,-0.21314475329294577,0.26258544122923755,-0.1350323761907109,0.00563225158326523,0.18893582321101143,613,True,16,131,613,355779,1870.56,1883.53,0.006933752459156617,False,2014-03-07 16:19:46.645000
2014-03-10,1872.9171,0.0009130000000000001,0.019286,0.03359448609503475,2.361882724753269,-0.6970822832090804,0.8146468690532098,0.014666878511239831,0.06832741093200094,-0.2894449800781675,0.3083945233252261,-0.5049570485485446,0.00544591568158208,0.15407238055696407,595,True,17,135,595,164839,1867.04,1877.87,0.005800625589167829,False,2014-03-10 16:17:29.177000
2014-03-11,1873.6303,0.0009130000000000001,0.019384,0.037998512536047455,1.261447610799372,-0.7117976566933875,0.5872911939478912,0.013382751427289515,0.09883951483527738,-0.2427052458685202,0.26074858668405687,-0.24904468078368547,0.004517024146299349,0.14056793635013934,624,True,16,134,624,249856,1863.88,1882.19,0.009823593793591767,False,2014-03-11 16:17:09.611000
2014-03-12,1863.6435,0.001167,0.01941,0.028485597417125814,2.7119525958589614,-0.7032403680117193,0.7344756336453404,0.015052148888579604,0.0805928102048114,-0.29517411879823807,0.29976748130566405,-0.3849512766987889,0.004739866270858104,0.2012859188415008,558,True,14,121,558,198974,1854.38,1868.38,0.007549693158899418,False,2014-03-12 16:17:00.935000
2014-03-13,1856.3218,0.001167,0.019649,0.022075595839646866,4.06069069504428,-0.6741865040274819,0.8034969731333427,0.01612284690405628,0.12216744678314767,-0.26251851727907743,0.2569773415859073,-0.46632305260721907,0.0077942374546842745,0.15661862519109876,692,True,18,140,692,251419,1841.86,1874.21,0.017563767061557378,False,2014-03-13 16:17:17.731000
2014-03-14,1845.2099,0.001167,0.019728000000000002,0.023833505074392476,9.39203268215076,-0.7226328433911794,1.353119950397267,0.02664155527458952,0.04817365382516358,-0.4999991382662454,0.4356863127956322,-1.3832434829853022,0.006880396689840505,0.12040522064839297,637,True,16,133,637,231723,1839.65,1852.44,0.006952409425705852,False,2014-03-14 16:20:46.314000
2014-03-17,1858.0094,0.001167,0.019541,0.025692448232238627,8.033666588413425,-0.7205524151771532,1.374869072511497,0.021852375591424986,0.03514545641782611,-0.49999990007890344,0.47977773808305174,-1.4774558406728697,0.005367769389982986,0.1397577874953528,463,True,13,119,463,186684,1845.81,1862.23,0.008895823513796142,False,2014-03-17 16:16:27.617000
2014-03-18,1867.4213,0.001167,0.019411,0.026280265760745467,3.5344441622213596,-0.7129348406922885,0.8552201005546105,0.015932373912933343,0.06400921006471101,-0.34036180784930076,0.34761208177972786,-0.5456291565932527,0.004813451013501928,0.12496148146105678,504,True,14,128,504,378383,1860.0,1873.73,0.00738172043010743,False,2014-03-18 16:17:35.063000
2014-03-19,1870.0413,0.0013189999999999999,0.019531,0.03132462002965152,1.246064099781623,-0.6969615510473851,0.5980843917679571,0.014223317291054352,0.13215563338488692,-0.22243170275245963,0.2642447182078206,-0.279639970759949,0.005825043144254279,0.15451781245375726,458,True,11,122,458,267326,1850.35,1874.08,0.01282460075120917,False,2014-03-19 16:26:03.752000
2014-03-20,1868.1861,0.0012690000000000002,0.019417,0.0274898148871751,1.2443416897903943,-0.6941861651475393,0.545840865051093,0.0132820285489098,0.16300108675548,-0.21509098155863368,0.2398663680416251,-0.22952880454226032,0.005387091737120335,0.13647464913324683,510,True,14,132,510,263749,1854.63,1873.46,0.010152968516631278,False,2014-03-20 16:16:47.604000
2014-03-21,1874.6667,0.0012180000000000001,0.019474,0.01984143640482731,4.789525407079646,-0.6677540820028477,0.802784263844087,0.013122489306895841,0.07093916019565305,-0.3817785760427488,0.3714682907915057,-0.4544004467279418,0.004762882066420901,0.13307679521400803,497,True,12,127,497,313574,1863.48,1883.97,0.010995556700367004,False,2014-03-21 16:22:59.359000
2014-03-24,1856.3104,0.0012180000000000001,0.019545,0.02173813203280503,4.639317239070312,-0.6950530078015555,0.8420876801516606,0.01671290998622317,0.08504461721338931,-0.313940412608831,0.31278582791613824,-0.5074114796932476,0.005935587654615051,0.13407108237329052,566,True,15,140,566,258554,1849.69,1873.24,0.012731863177072977,False,2014-03-24 16:18:31.209000
2014-03-25,1864.7285,0.001167,0.019469,0.03743760285461315,1.1324133569445345,-0.7567800619927622,0.5476486883742445,0.013672054507416626,0.10618312279021258,-0.22981073210861008,0.26860881042753715,-0.21512940282893286,0.005037800895432193,0.16873338408296906,544,True,15,137,544,197477,1855.96,1871.87,0.008572383025496233,False,2014-03-25 16:16:14.950000
2014-03-26,1865.175,0.001116,0.019613000000000002,0.0338019948914634,1.4854632948060187,-0.7274470802873301,0.5781732888981679,0.01419987254428704,0.08494626984477631,-0.2512212891557841,0.28608474283259905,-0.23386110659034542,0.0049694998694709775,0.17406132730222007,571,True,14,131,571,362135,1852.56,1875.92,0.01260957809733565,False,2014-03-26 16:28:18.983000
2014-03-27,1849.3102,0.001116,0.019665,0.034700377220297694,1.1190387116608869,-0.7596513932222473,0.5084337077728556,0.015654309325240413,0.12172586554256522,-0.2091503811880091,0.25205170358668294,-0.18084270436215605,0.005014925546428168,0.13719361397677293,553,True,13,122,553,296472,1842.11,1855.55,0.007295981238905513,False,2014-03-27 16:20:28.672000
2014-03-28,1862.2039,0.001116,0.019588,0.04146817628825949,1.076585598232845,-0.7507640518042262,0.5419889834631523,0.014164441130353473,0.07382634883269276,-0.257519747428688,0.29684143288633374,-0.20446397544157935,0.0042300676490406594,0.12626398226658953,525,True,14,135,525,290262,1851.68,1866.63,0.008073749243929784,False,2014-03-28 16:19:09.720000
2014-03-31,1871.8936,0.001116,0.019442,0.033553920986053046,1.097124989921364,-0.7750606625421642,0.4418045788187009,0.012490760539445915,0.09257754168980334,-0.253324259941416,0.29520969360000915,-0.1215655954178783,0.004665216286774986,0.17676165098605232,479,True,13,121,479,182328,1862.73,1875.18,0.0066837383839848385,False,2014-03-31 16:17:52.244000
2014-04-01,1881.0458,0.001116,0.019442,0.062228536946524526,0.4595492932947209,-0.7423019011707831,0.4371882979668446,0.011585976334029911,0.09989890166932532,-0.21440777040477096,0.2625550428064172,-0.13393944752606696,0.004765423414687372,0.15847003024668105,555,True,16,129,555,411468,1875.15,1885.71,0.0056315494760419416,False,2014-04-01 16:21:29.227000
2014-04-02,1888.8358,0.001015,0.019287000000000002,0.05041558663017733,0.6815954457054921,-0.7542849118625866,0.437669673477598,0.011448874835348542,0.07744142184852111,-0.22234444371524947,0.2848596714701104,-0.12282867460258812,0.004709495334156654,0.18224349074660964,540,True,14,128,540,337314,1883.8,1893.05,0.004910287716318074,False,2014-04-02 16:20:38.165000
2014-04-03,1888.5954,0.001065,0.01931,0.1476122027230253,0.18992885369284812,-0.7232303824387282,0.4577218113118064,0.011861191364841747,0.08722838052156237,-0.19876717116653106,0.2585898010114342,-0.1534376236420399,0.005234452911278511,0.1640125821174789,550,True,14,141,550,244065,1882.68,1893.8,0.005906473750185937,False,2014-04-03 16:18:16.536000
2014-04-04,1878.7763,0.001015,0.019584,0.06535848733672098,0.4029829387716515,-0.7507687045787668,0.410172389855661,0.01246010270919082,0.10872409405833652,-0.19211642951098737,0.2558370100624674,-0.1155646787986612,0.006586028045331738,0.19988757939651794,683,True,15,146,683,461270,1863.26,1897.28,0.01825832143662187,False,2014-04-04 16:17:36.829000
2014-04-07,1850.8124,0.000964,0.019802,0.04732998609144495,0.7628234147486623,-0.7734053621667201,0.5311675823310817,0.016087851038866802,0.1523076292469174,-0.16196046603945696,0.19754870873749353,-0.20993015729888104,0.005529193517213858,0.1626324793676879,695,True,15,159,695,262127,1841.48,1863.97,0.012213002584877453,False,2014-04-07 16:15:19.312000
2014-04-08,1848.6314,0.000964,0.019745,0.04014136771791343,1.2535529158571443,-0.7701877979373386,0.5900165667957643,0.017007954692298204,0.08573688178023132,-0.20564195920489625,0.2548632918997251,-0.24748089199489215,0.005138833209412232,0.11796207122763054,582,True,16,144,582,185256,1837.49,1854.91,0.009480323702441895,False,2014-04-08 16:14:45.825000
2014-04-09,1861.862,0.000862,0.01954,0.04396598196377109,1.120895156378324,-0.783015838204805,0.5486317086693207,0.014462485638079978,0.06605875316679881,-0.21482427211816169,0.2861954935546656,-0.20243423930020277,0.004596055489403644,0.12812460117935232,621,True,15,148,621,203363,1852.38,1872.42,0.010818514559647552,False,2014-04-09 16:15:12.711000
2014-04-10,1852.8136,0.000862,0.01954,0.03898367458151538,0.8525126509568114,-0.7685905751586832,0.4840246783087125,0.015702999285185447,0.12244973453436821,-0.1927020675242353,0.23988303197935817,-0.16781173768880192,0.007255607133208571,0.16395910046981388,778,True,15,155,778,322101,1830.87,1872.51,0.022743285978797045,False,2014-04-10 16:14:59.046000
2014-04-11,1824.914,0.0009130000000000001,0.02016,0.02472129314028492,4.276378011207861,-0.7790047520320077,0.7365138431571199,0.022863462059860954,0.04959918456388382,-0.3671987626274269,0.41501105169848407,-0.33101745237459423,0.006009108038801433,0.13123611000759255,733,True,16,148,733,462507,1814.36,1835.07,0.011414493264842784,False,2014-04-11 16:17:22.980000
2014-04-14,1827.9915,0.0009130000000000001,0.019996,0.024586550891481464,4.536457434010582,-0.7823530010800016,0.7660313283139596,0.0240664009030674,0.047785642784095674,-0.3371116351811035,0.4009897015027089,-0.3637323128217682,0.006360780945377468,0.19078978358041263,674,True,16,149,674,237195,1815.8,1834.18,0.010122260160810637,False,2014-04-14 16:16:13.347000
2014-04-15,1831.1993,0.000862,0.019864,0.02589984725468525,3.7884494255762284,-0.7739239456667437,0.7365360217403419,0.0222360553928122,0.055775634163970536,-0.31720197207308565,0.3623964273901018,-0.34624478841204065,0.006190663302689573,0.13384849190357112,720,True,16,159,720,260712,1816.34,1843.99,0.01522292081878951,False,2014-04-15 16:14:58.042000
2014-04-16,1852.3634,0.000862,0.019660999999999998,0.03753517405875001,1.1612089975606048,-0.7843859253484967,0.5046292834413207,0.01575817229372814,0.09621367782269272,-0.20134031307882286,0.2555978969596338,-0.16747835002245298,0.005241113836563258,0.14425086183701818,613,True,14,141,613,333695,1847.67,1862.31,0.007923492831511947,False,2014-04-16 16:50:45.851000
2014-04-17,1863.5664,0.0009130000000000001,0.01964,0.049605073289226496,0.7848074384320161,-0.7915344268422893,0.466830472566189,0.012846846040733868,0.07562059054376093,-0.22773662861993743,0.28724467349281935,-0.14006982911367077,0.004404049888770163,0.12240689649480507,623,True,15,137,623,342274,1856.72,1869.58,0.006926192425352085,False,2014-04-17 16:16:41.132000
2014-04-21,1868.8532,0.0009130000000000001,0.019568000000000002,0.047812144157676505,0.950538923407151,-0.7876983291803514,0.507034197023924,0.0132911137355397,0.0669128663223512,-0.2201872933991522,0.29592894335712605,-0.16618906888484478,0.0038852685180523912,0.12712361509077638,529,True,13,135,529,238489,1863.18,1871.89,0.004674803293294172,False,2014-04-21 16:24:31.190000
2014-04-22,1881.3756,0.0009130000000000001,0.019488000000000002,0.04211716232184711,1.0969439004247294,-0.7917690950877387,0.4690244111003416,0.012252537144079758,0.05604662138375726,-0.2512537635675883,0.33090780034657025,-0.1275835695837254,0.0033733432431250804,0.17444243003515775,624,True,15,134,624,437444,1872.78,1884.88,0.006460983137368093,False,2014-04-22 16:15:51.210000
2014-04-23,1876.5761,0.0009130000000000001,0.019541,0.04902708237511458,0.9258887675287207,-0.7587330204654741,0.5178693762779992,0.012842437812779753,0.07553736346423105,-0.17542309020271954,0.2639724445555689,-0.17740144113491613,0.003773276552502339,0.1230950268131788,463,True,14,116,463,195313,1873.91,1879.69,0.0030844597659438477,False,2014-04-23 16:32:02.583000
2014-04-24,1878.1399,0.0009130000000000001,0.019513,0.0479312903434113,0.8881248552058628,-0.7697628513762572,0.48931431580811613,0.012852522122766087,0.08409632704082153,-0.17888765369400014,0.2532531567061361,-0.15429055906262015,0.0038154031416153143,0.13207142706561797,555,True,14,139,555,243635,1870.24,1884.06,0.007389425956026985,False,2014-04-24 16:17:52.131000
2014-04-25,1866.6431,0.000862,0.019673,0.044365079082206396,1.0096516840151382,-0.7682121325982434,0.5122094515049982,0.014516306749842079,0.07944399434577318,-0.20076241956410362,0.2662244608671616,-0.17277196859742217,0.003213100518878959,0.088840366971573,550,True,14,128,550,236616,1859.7,1874.44,0.007926009571436188,False,2014-04-25 16:15:01.890000
2014-04-28,1864.239,0.000862,0.01962,0.03751069783813337,1.3822650998192005,-0.7697334902324703,0.5562205065500785,0.014593204023846222,0.08673638893934374,-0.17627914104699907,0.2547234596736255,-0.20568179492379535,0.0049663616131339116,0.12378290466454768,598,True,13,146,598,200571,1850.61,1877.01,0.014265566488887549,False,2014-04-28 16:15:19.941000
2014-04-29,1877.6457,0.000862,0.019530000000000002,0.052610116241294705,0.6660453083919147,-0.7927818178172131,0.4639948448728566,0.012814090815258066,0.09680108871218535,-0.1756518268440798,0.25494315808347884,-0.14520977387565104,0.004617852567029574,0.14006235276697265,478,True,13,132,478,206966,1871.38,1880.6,0.004926845429575888,False,2014-04-29 16:19:56.170000
2014-04-30,1879.2211,0.001015,0.01948,0.045013803214165746,0.8278660752756106,-0.7788019142679325,0.46043797644838935,0.012103403968185805,0.09962156571083282,-0.19120010761384826,0.24588730425600647,-0.1374723289556074,0.0037990138244265496,0.12225643935900185,487,True,13,131,487,162131,1872.69,1885.2,0.006680230043413449,False,2014-04-30 16:17:24.456000
2014-05-01,1883.5776,0.001015,0.01948,0.0451284654224897,0.913513242705495,-0.777692982072904,0.48570839224013723,0.011496155161824765,0.08876522740243979,-0.18400827054766417,0.26287960042300396,-0.15346174071965624,0.004615286923358411,0.15374964743650735,617,True,17,139,617,397154,1878.04,1888.59,0.005617558731443317,False,2014-05-01 16:19:26.491000
2014-05-02,1885.375,0.001167,0.019508,0.043076527010723974,1.0444050763429544,-0.7699271100001858,0.4878098675594358,0.010955003381999106,0.08763833607472958,-0.19517171942050315,0.25536748892372035,-0.14797977992590527,0.0052146088574560115,0.16764251661480603,614,True,16,143,614,279361,1878.5,1891.33,0.006829917487356951,False,2014-05-02 16:14:55.042000
2014-05-05,1880.3381,0.000964,0.019467,0.044224094936643865,1.0709795834374998,-0.7662180443875731,0.5126988614460523,0.012002418525242947,0.07852497419167359,-0.20397315997395235,0.2627783939195611,-0.1681339169817837,0.004391649111509619,0.154719215374816,626,True,14,159,626,199176,1866.77,1885.49,0.010028016306240284,False,2014-05-05 16:14:50.272000
2014-05-06,1874.8808,0.0009130000000000001,0.019646999999999998,0.04197636622060153,1.2682427931244211,-0.7351694939027136,0.5521621352449362,0.012376854707912487,0.06869291058689819,-0.21396326649105651,0.2679782948368395,-0.19841057571658863,0.0034715664062893166,0.12051844038362136,627,True,14,145,627,229757,1867.72,1882.14,0.007720643351251777,False,2014-05-06 16:30:58.373000
2014-05-07,1871.9439,0.0009130000000000001,0.019646999999999998,0.044291847326532616,1.0648687733477984,-0.7489944343568197,0.5404332915893792,0.01343323501506054,0.0781884999278003,-0.17725158400383548,0.2530283912470301,-0.19773813239430554,0.004015873234353756,0.11946135250825524,631,True,14,147,631,183127,1859.79,1878.83,0.010237715010834592,False,2014-05-07 16:23:58.721000
2014-05-08,1883.1152,0.001015,0.019641,0.043919758706026976,0.9705430855882299,-0.7334721138116487,0.5087908987199369,0.012101174836908684,0.07801209437160408,-0.2013972099410067,0.2446002162055097,-0.17361614235456518,0.003941384433729491,0.11264156223951287,661,True,15,150,661,199984,1870.05,1889.07,0.010170851046763518,False,2014-05-08 16:14:55.486000
2014-05-09,1873.6315,0.000862,0.019625999999999998,0.039627018527651284,1.2120494989546449,-0.7415498426269708,0.5083489854026693,0.012394373755180552,0.06563458054671903,-0.2118164258793066,0.28142471904877286,-0.16235887505691093,0.003712763351480169,0.11633487190496351,568,True,14,138,568,177115,1867.02,1878.57,0.006186329016293346,False,2014-05-09 16:15:07.986000
2014-05-12,1893.6843,0.0013700000000000001,0.019443,0.03752149923303649,1.0528319997204303,-0.7561447676233809,0.4042683511967692,0.010748780666942303,0.0624203464439998,-0.24200942434247796,0.3025580722112369,-0.08442522963930149,0.003750205769221764,0.2402618207307982,667,True,16,135,667,234412,1883.05,1897.13,0.007477231087862801,False,2014-05-12 16:15:10.206000
2014-05-13,1898.875,0.000862,0.019472,0.040778645232094395,1.1315524387223266,-0.7345079706865629,0.47622287205550057,0.011093135034619454,0.03964019201053642,-0.2738009459671012,0.3487841220656529,-0.13450187294845167,0.004172135777842732,0.17243169939872852,549,True,15,131,549,274775,1896.11,1902.17,0.0031960171087122013,False,2014-05-13 16:14:57.723000
2014-05-14,1892.2534,0.0008119999999999999,0.01958,0.038248046411213245,1.492880394079084,-0.7019185473723243,0.539415353466523,0.010385340584314498,0.05209425692526085,-0.2456883400909362,0.2984402976823266,-0.17676940635715974,0.0038066387669165444,0.13455999328016743,584,True,13,135,584,299659,1885.77,1896.53,0.005705892022887182,False,2014-05-14 16:18:22.455000
2014-05-15,1869.2032,0.000761,0.019784,0.04106770228131442,0.9093523174842381,-0.7509507216312444,0.43579538569025533,0.011916682173055635,0.13442066380699677,-0.1653034725166631,0.21186141540909753,-0.1152275977023864,0.004070804653884039,0.1260112543008068,705,True,14,131,705,413867,1862.36,1887.22,0.01334865439549815,False,2014-05-15 16:16:00.766000
2014-05-16,1871.0972,0.000761,0.019711,0.04791538444916821,0.776458734126418,-0.7465354756589595,0.4661132098042999,0.011672907464929671,0.09045465245000482,-0.2008034614927706,0.2438280871534266,-0.1428528868449037,0.003965160405541923,0.1206903866293614,644,True,14,137,644,426820,1864.82,1878.28,0.007217854806361945,False,2014-05-16 16:18:27.034000
2014-05-19,1882.4952,0.000761,0.019646,0.03582197428248883,1.1766815745596422,-0.7700951001247478,0.44244079392515434,0.010314957290814226,0.10299708687137571,-0.1896218520657903,0.2315232424154239,-0.11145174192401296,0.0032474182291061422,0.11942571883784815,604,True,13,130,604,250116,1872.43,1885.98,0.0072365856133473905,False,2014-05-19 16:18:59.699000
2014-05-20,1875.4422,0.000761,0.019777,0.03704326406175905,1.1516346914839846,-0.7720946141827084,0.46393839672187376,0.010872510207469427,0.10149979160473574,-0.18831913418393575,0.22873591845525815,-0.12991821999421543,0.0033142822101179257,0.11719391044600863,667,True,14,137,667,310420,1868.17,1884.12,0.008537766905581279,False,2014-05-20 16:24:12.034000
2014-05-21,1881.0607,0.000761,0.019634,0.04198631238971221,0.9282043898668144,-0.7756190226885731,0.444960242609978,0.009771223536733558,0.09983883513734651,-0.17817103606698362,0.22531826595832224,-0.12004585855462992,0.003533703447251633,0.1410741428174152,595,True,12,130,595,561160,1875.44,1888.8,0.00712366164739997,False,2014-05-21 16:16:26.484000
2014-05-22,1893.5046,0.000761,0.0196,0.04309879371402965,0.9201380930090938,-0.7825907312131003,0.4461741458444096,0.009353895205817383,0.07660941715906847,-0.19558380563645658,0.27694774147884055,-0.11975768470194939,0.00358810573472654,0.1337358091337817,610,True,15,123,610,257691,1885.68,1896.33,0.0056478299605446924,False,2014-05-22 16:15:29.600000
2014-05-23,1898.621,0.000761,0.019518,0.04106502678481342,1.1804945825052535,-0.7721906724773016,0.4819041480581661,0.00941465994961483,0.05628722981712067,-0.2164906252910935,0.2937392502577295,-0.13527752461585613,0.004228091071614645,0.17607271010609962,532,True,14,125,532,221876,1893.58,1901.26,0.004055809630435503,False,2014-05-23 16:24:56.314000
2014-05-27,1910.0932,0.000761,0.019402,0.0443769875099392,1.0328588904445908,-0.7569836977512058,0.4718256220457436,0.009382278635381823,0.04957572035683602,-0.22061507572155464,0.32408265730263847,-0.13094908545727435,0.0036277462328412743,0.14833652193196475,566,True,16,118,566,329951,1904.6,1912.28,0.004032342749133777,False,2014-05-27 16:38:57.595000
2014-05-28,1911.2405,0.0007099999999999999,0.019443,0.04278092830074956,1.1607563800154048,-0.7413805585993996,0.5080284053928227,0.008878509614179651,0.06279465702925516,-0.19742797517759292,0.2812531108874608,-0.15877638974982092,0.004072008352819886,0.16306045160473537,533,True,13,117,533,254197,1907.3,1914.46,0.003753997797934394,False,2014-05-28 16:15:32.248000
2014-05-29,1916.7474,0.0009130000000000001,0.019354,0.04823243778846328,0.9383583920664622,-0.7418833397387563,0.48145696274090094,0.009062859361968848,0.0664366155988226,-0.18990849389253006,0.2764538509868825,-0.14128218143443713,0.004326369489746105,0.20791023815669668,617,True,15,130,617,386505,1909.82,1920.03,0.005346053554785346,False,2014-05-29 16:17:33.151000
2014-05-30,1920.2935,0.0009130000000000001,0.019319,0.04492968259319257,1.1231251248109217,-0.7148580384789487,0.4890633996417968,0.008396271026045107,0.048380533144569624,-0.24531695317708344,0.3341511080914138,-0.13825969812880284,0.004493662048870371,0.16573533665123333,530,True,15,118,530,204530,1916.64,1924.03,0.0038557058185155757,False,2014-05-30 16:18:34.102000
2014-06-02,1922.0197,0.001167,0.019320999999999998,0.0456429254880079,0.97244455078008,-0.7796988646546666,0.4236947160244926,0.009289918844865129,0.05881524255513529,-0.22381123736918135,0.3237880010890827,-0.09074678404212642,0.004689152666888249,0.18117283116060126,612,True,16,127,612,383358,1915.98,1925.86,0.005156630027453257,False,2014-06-02 16:20:05.600000
2014-06-03,1922.7543,0.0012180000000000001,0.019341999999999998,0.06099893693992983,0.7164140156712451,-0.7298514874034046,0.4910146068614955,0.009240964025509725,0.07383855407329493,-0.17452398638447628,0.2549278408983505,-0.1536943574217246,0.004409408513648304,0.17281624681998373,519,True,14,114,519,289138,1918.79,1925.01,0.003241626233199124,False,2014-06-03 16:22:59.594000
2014-06-04,1926.2431,0.0012180000000000001,0.019341999999999998,0.06148479592995759,0.6379634452897174,-0.7265542125498444,0.45395374292707813,0.009701602879292105,0.08338491428838386,-0.17412624756319023,0.2360957614171733,-0.12762389622868187,0.003983576289517699,0.13697495954851371,545,True,15,123,545,324549,1918.6,1928.63,0.005227770249140118,False,2014-06-04 16:19:44.497000
2014-06-05,1935.621,0.000964,0.019214,0.05862920417307866,0.6170840437167859,-0.7454649799641591,0.40403955428986266,0.008657413461134578,0.09854094701279717,-0.14747819434816684,0.23040709414956062,-0.09088966864871,0.004439596494186616,0.17057070920272327,708,True,17,141,708,596373,1922.93,1941.74,0.009781947340776753,False,2014-06-05 16:27:57.329000
2014-06-06,1947.5124,0.000862,0.019167,0.059262563710640384,0.5598683257835337,-0.7655891989543345,0.36123745159844095,0.007899779519019517,0.07350234204431587,-0.17647343395159423,0.2825743511259784,-0.06413403178470349,0.00496637537419459,0.17717951883440577,604,True,16,121,604,455721,1943.28,1949.44,0.0031698983162489203,False,2014-06-06 16:14:58.386000
2014-06-09,1951.9671,0.000862,0.019167,0.05311882068792206,0.7012242302548135,-0.737653708286305,0.4021863855971276,0.008069364415545122,0.0638625572296953,-0.17754487551613926,0.27790504043255526,-0.0872574804618182,0.004683902684387646,0.17618405120148775,588,True,16,124,588,317572,1947.16,1955.55,0.0043088395406643,False,2014-06-09 16:25:44.557000
2014-06-10,1948.4563,0.000862,0.01916,0.04105528735576905,1.1369427270000467,-0.6888083170530797,0.46299131897691126,0.007386542806884086,0.06648781622926911,-0.1848285510319679,0.2704840203284117,-0.12100594071990277,0.004284008850347236,0.14895765581076895,505,True,14,114,505,289068,1944.82,1950.86,0.0031056858732427806,False,2014-06-10 16:19:54.193000
2014-06-11,1944.0828,0.000964,0.019248,0.043124858633066414,1.1917914893118942,-0.6909059505890794,0.5342067339810046,0.007428666886488871,0.07523400983377873,-0.17633721088877208,0.24118243453045998,-0.1825851556373176,0.004403696295636553,0.17781367614897656,567,True,16,124,567,255251,1940.09,1947.46,0.00379879283950757,False,2014-06-11 16:15:35.052000
2014-06-12,1935.0864,0.000964,0.019248,0.040193432890845475,0.9299504281029726,-0.7553435966528121,0.4280218405462991,0.008805481218784583,0.1249285193535562,-0.16269744105219833,0.21837340083028056,-0.10844689573710181,0.004536663521565363,0.11983114154915234,635,True,17,131,635,290601,1925.78,1942.54,0.00870296710943097,False,2014-06-12 16:15:44.859000
2014-06-13,1934.2655,0.000964,0.019299,0.04444755515514019,1.0755864817948544,-0.738211522389582,0.5617285535681815,0.00835853561920329,0.1355335213807235,-0.14843740176468648,0.20839056794502828,-0.2199245889464014,0.007368462409250315,0.1788630952382128,486,True,14,119,486,211942,1927.69,1937.28,0.00497486629074162,False,2014-06-13 16:57:00.016000
2014-06-16,1937.4892,0.000964,0.019282999999999998,0.05127306442152209,0.7890131809696437,-0.7090003863284655,0.5688269841992701,0.009888147438097863,0.10233528569348163,-0.20280426277811378,0.21497533247351697,-0.24265389063866355,0.0044620702967350405,0.1165096218958728,494,True,14,131,494,161599,1931.1,1941.15,0.005204287711666922,False,2014-06-16 16:15:28.596000
2014-06-17,1940.3992,0.0009130000000000001,0.019244,0.05092618605229255,0.6388074353571854,-0.7365613877584923,0.4585496182529459,0.009158464079633609,0.11979256843073356,-0.193430223780563,0.22354173578656866,-0.14520369979074665,0.004604435488217474,0.12591345622533753,473,True,14,119,473,209775,1933.55,1943.63,0.005213208864523811,False,2014-06-17 16:43:19.282000
2014-06-18,1944.2575,0.0008119999999999999,0.019103000000000002,0.050177605829509066,0.5993399610147289,-0.738274359435374,0.39840041599487624,0.007802235278097131,0.09470362312625454,-0.22806302967637807,0.2591205156548712,-0.09857600282154964,0.005152416109111968,0.13881786238005414,521,True,13,130,521,524231,1939.29,1957.49,0.009384877970803673,False,2014-06-18 16:22:11.874000
2014-06-19,1956.7991,0.0008119999999999999,0.019098999999999998,0.04519307177001859,1.0278466711272067,-0.6781190380958378,0.5435900210175978,0.0059727375900491654,0.06619018341694911,-0.23179746287364966,0.2757625871435056,-0.2025870141962593,0.0041888642411620014,0.1098705149908538,425,True,13,108,425,430226,1952.29,1959.81,0.003851886758627021,False,2014-06-19 16:25:00.814000
2014-06-20,1962.2944,0.000761,0.019066,0.05791234645588106,0.6118267245997973,-0.675794003154385,0.48097588019203114,0.005548729871470788,0.08729938267721656,-0.23051592721014671,0.24893788044982698,-0.16047315483451832,0.00408401423175612,0.13383728774493617,436,True,14,110,436,303164,1959.51,1963.9,0.0022403560073691597,False,2014-06-20 16:22:19.245000
2014-06-23,1961.1552,0.000761,0.019057,0.06244002469720073,0.5203766706618811,-0.6574535507466527,0.48655313010931306,0.005847906195732701,0.11827834675258647,-0.2025120793782323,0.23283817139359442,-0.1717492840832202,0.004422472139411795,0.1865226933598166,399,True,13,97,399,195949,1959.03,1963.74,0.002404251083444331,False,2014-06-23 16:19:06.860000
2014-06-24,1960.7091,0.000761,0.019189,0.04940128209638038,0.58361473172944,-0.721456959841793,0.37898489810705077,0.006721339980654625,0.10033577691558293,-0.23357160829636325,0.2629997532607931,-0.08596692099767281,0.004664075963817751,0.15143732860672532,602,True,14,137,602,320944,1948.34,1968.15,0.010167629879795248,False,2014-06-24 16:18:00.844000
2014-06-25,1955.0503,0.001015,0.019101,0.0888335505245147,0.33096200820437205,-0.7361349798581733,0.4502586387034767,0.0072734595493734525,0.14043760643510822,-0.17712895103704973,0.20085982327910407,-0.14393178117207212,0.005256540683117753,0.1690609969691989,525,True,16,134,525,169711,1947.5,1960.82,0.006839537869062884,False,2014-06-25 16:14:46.358000
2014-06-26,1952.371,0.000964,0.019138,0.06998470799565606,0.35814240123564645,-0.7356552158289962,0.38751883188834807,0.007516953019899132,0.1296315171774433,-0.2012640736500237,0.2194241917152073,-0.10004186232543015,0.00515102006335199,0.13760620101517146,568,True,16,132,568,236552,1944.69,1959.39,0.0075590454005523,False,2014-06-26 16:16:08.013000
2014-06-27,1956.3573,0.000964,0.019107,0.050568499103815605,0.6455889190261662,-0.7266621289452724,0.44924843828586836,0.006768570096636906,0.13361408297567973,-0.18298249579442014,0.21015925716797232,-0.13653123395587574,0.004698208190860276,0.1369603650260337,470,True,13,131,470,200319,1952.18,1961.42,0.004733170097019679,False,2014-06-27 16:15:38.615000
2014-06-30,1961.5512,0.000964,0.019121,0.06148025431536195,0.5081855049542963,-0.6892044717654404,0.48618891898696664,0.0060723692248923185,0.15222421279855725,-0.17293007666757834,0.19280357420668412,-0.1738929167777737,0.005133138492413218,0.16273066103512407,452,True,13,111,452,206900,1958.23,1964.24,0.0030690981141132667,False,2014-06-30 16:22:04.656000
2014-07-01,1973.8667,0.001015,0.018999,0.10014212729752699,0.2668466364781747,-0.719236364992737,0.3933802221491329,0.005955408812168501,0.13371656267235135,-0.17982969206362426,0.20929413076558684,-0.10130281949987258,0.005152645576597795,0.1545320696582094,642,True,15,138,642,540233,1963.06,1978.58,0.00790602426823428,False,2014-07-01 16:18:20.311000
2014-07-02,1974.2279,0.001116,0.018991,0.05587206535890563,0.5554406081186384,-0.739091193599499,0.389431738777515,0.0055141798350847706,0.125083848424485,-0.1688891933593941,0.21416655045527278,-0.08958985124768898,0.004450326101063893,0.16730685396383632,474,True,16,113,474,320024,1972.59,1976.65,0.002058207737036133,False,2014-07-02 16:14:45.011000
2014-07-03,1982.4521,0.0012180000000000001,0.018889,0.07545775318168207,0.36769850979893015,-0.7320295383378659,0.3501282332845371,0.005527722765303356,0.09391430271829782,-0.20216704557578624,0.24001357107870697,-0.0670983729475913,0.004133343344534325,0.15744821463823827,461,True,15,113,461,286254,1977.01,1985.59,0.004339887001077347,False,2014-07-03 13:16:53.112000
2014-07-07,1977.9463,0.000964,0.018968,0.14466912701608511,0.16178829991972524,-0.7404516294336644,0.3222544256105623,0.006377052789600021,0.12225770821236069,-0.18804291107895763,0.2207502328823556,-0.05703637060398701,0.0035703186452875164,0.10995508954718435,562,True,15,119,562,239853,1974.88,1983.44,0.004334440573604548,False,2014-07-07 16:14:50.844000
2014-07-08,1964.4059,0.000862,0.019112,0.2933963591669656,0.07800070856461233,-0.7356030181636193,0.39367306080073605,0.007837526147864425,0.15133027033713972,-0.17667871764586696,0.18904583680300746,-0.1092082309896184,0.004046113268722094,0.11633559149426116,633,True,14,129,633,279425,1959.46,1975.68,0.008277790819919861,False,2014-07-08 16:14:49.852000
2014-07-09,1969.461,0.000862,0.019112,0.061857172267584554,0.4851470013429915,-0.7603899461572577,0.3955444594084168,0.007265489569077158,0.11748111877158604,-0.19729731722675803,0.2030764067002644,-0.0964357760943457,0.004007779305398369,0.13237482287116267,541,True,15,125,541,205065,1965.28,1974.11,0.004492998453146546,False,2014-07-09 16:35:13.996000
2014-07-10,1961.3229,0.000862,0.019108,0.5314159370949111,0.03760189894576432,-0.7767981601864856,0.3803576020228578,0.008336125191995012,0.1749814979563441,-0.1745789562056479,0.18521323101158238,-0.10470740868695569,0.0058947111418717925,0.14458793894153354,620,True,15,146,620,242058,1952.86,1972.83,0.010226027467406862,False,2014-07-10 16:17:36.049000
2014-07-11,1965.5499,0.000964,0.019092,0.040963069205071784,0.9091151707435245,-0.7872153984272819,0.4665043893104629,0.008505110169721292,0.12217471966337164,-0.19279265316827296,0.20842503250868671,-0.1431460499368326,0.005126767130841219,0.14234070900276685,471,True,15,119,471,370181,1959.63,1968.6,0.0045773947122669245,False,2014-07-11 16:14:45.042000
2014-07-14,1977.7803,0.000862,0.019,0.06500721649723942,0.4722592460091608,-0.7856837124395687,0.4291529069817572,0.007146005068838215,0.12667375621485036,-0.1736228230368353,0.20798883977963262,-0.12277169947461158,0.0045500962399822415,0.1386823250254073,518,True,14,125,518,167893,1972.8,1979.85,0.003573600973235891,False,2014-07-14 16:17:13.379000
2014-07-16,1979.6305,0.000862,0.018966,0.06050111491469829,0.46727256345434715,-0.8277227697038618,0.34893185760309686,0.007039513389412265,0.12719962019783876,-0.1728498209700545,0.2028825118972243,-0.06521241913427367,0.004220644410876676,0.12903084300672488,471,True,13,108,471,506955,1975.67,1983.82,0.004125182849362474,False,2014-07-16 16:20:14.076000
2014-07-18,1971.1531,0.0008119999999999999,0.01901,0.22031246928017573,0.07816791580507731,-0.7981486432170715,0.3219850640910958,0.006794371004288705,0.21379940465952024,-0.1750723786845388,0.17723031553740967,-0.06923164839874414,0.005593884539992996,0.14867389446685123,555,True,12,134,555,405885,1960.82,1979.91,0.009735722809844916,False,2014-07-18 16:18:48.478000
2014-07-22,1984.0384,0.0008119999999999999,0.018964,0.09370750828291466,0.2803440356940505,-0.7987495358331206,0.4022303465377984,0.007497743993754981,0.14137218458609485,-0.17702726380118122,0.198789315505374,-0.10924856958218546,0.004313464095445086,0.12254894514422549,514,True,16,119,514,196041,1977.23,1986.24,0.004556880079707559,False,2014-07-22 16:22:40.229000
2014-07-23,1987.3215,0.001015,0.018932,0.04881495430414062,0.6850673516265084,-0.8499232463009591,0.37549623751085437,0.007809740871911309,0.12692053417492666,-0.15701970761040854,0.21730902629354917,-0.07411436145499466,0.004205550621237057,0.14351915240741328,548,True,17,118,548,289237,1982.44,1989.23,0.0034250721333306533,False,2014-07-23 16:29:43.794000
2014-07-24,1988.4429,0.001015,0.018923000000000002,0.05087737609564236,0.699444353745756,-0.8164668322075884,0.3788399462522578,0.007769114557292432,0.120581065553602,-0.16592521596711074,0.21970810653420586,-0.07234791798942089,0.003940295541741365,0.14972477944739448,532,True,17,120,532,464863,1985.8,1991.31,0.002774700372645711,False,2014-07-24 16:21:24.305000
2014-07-25,1978.861,0.001015,0.019018999999999998,0.06156308914684344,0.4874639799873309,-0.8281477736306734,0.35338664075403653,0.008085708397994069,0.15842953700961568,-0.15566555127114473,0.19904743290819643,-0.06486254095175216,0.004501234643030286,0.14283904956210727,572,True,15,134,572,317547,1974.42,1983.28,0.004487393766270609,False,2014-07-25 16:16:58.347000
2014-07-28,1974.0649,0.001015,0.019014,0.07523644251342534,0.2864118280066377,-0.7886521939736023,0.34148331385229164,0.008474730921700957,0.2002551937927991,-0.1674114681855275,0.19445066180262507,-0.07351363957356978,0.005284973956774424,0.16311959057801742,525,True,13,121,525,200930,1967.36,1981.52,0.007197462589459969,False,2014-07-28 16:15:20.437000
2014-07-29,1978.6341,0.001015,0.019106,0.0748877152667577,0.3245417567818022,-0.8156625010068873,0.3365083321990472,0.007927254394576515,0.1874182236542817,-0.15709361692750884,0.19762368245041848,-0.06462947629128643,0.005102133653394159,0.1384661635839615,624,True,15,139,624,202825,1969.95,1984.85,0.007563643747303228,False,2014-07-29 16:15:59.255000
2014-07-30,1968.3397,0.001065,0.019119999999999998,0.40421267804769373,0.042244972318447885,-0.7974165860195526,0.3201130711673201,0.008791240814703623,0.23601187684049185,-0.1481183369925582,0.18652389803671351,-0.06832047154239271,0.006363167794328575,0.16653906136999208,634,True,16,137,634,284085,1962.54,1978.9,0.008336135823983293,False,2014-07-30 16:14:57.182000
2014-08-05,1924.9864,0.000862,0.019628,0.02887824472470243,1.7571245412512262,-0.7788119618021655,0.5855980932295025,0.015165384633091857,0.25484271986527324,-0.1571172694733059,0.17006523381624808,-0.24143978176596234,0.006792445741566254,0.173868660688053,753,True,15,151,753,289812,1913.77,1936.34,0.011793475705021983,False,2014-08-05 16:51:48.949000
2014-08-06,1921.785,0.000862,0.019628,0.028853878925924947,1.5159246953034469,-0.8142233918515224,0.5130441075023116,0.01560809786951598,0.24449766112006638,-0.17211089865255147,0.1889909611199969,-0.17573364100463273,0.007110102404673553,0.16865732341689232,664,True,18,144,664,272898,1911.45,1927.91,0.008611263700332161,False,2014-08-06 16:20:14.620000
2014-08-07,1916.5443,0.000862,0.019796,0.06447082854333382,0.3770729953710022,-0.8174621176251355,0.44584825126631245,0.014750990961842052,0.3481419594676674,-0.14124713332333327,0.1578522325361312,-0.1501602462914585,0.006173335370083329,0.1457095154510948,785,True,17,158,785,381750,1904.78,1928.67,0.012542130849757083,False,2014-08-07 16:14:55.257000
2014-08-08,1918.9375,0.000862,0.019575,0.050751431332959784,0.7031560161208271,-0.8141153430472995,0.48361586219554814,0.016162921756277565,0.21642613377669745,-0.17202484517563058,0.18663527304401073,-0.16251195363011595,0.005404935517317459,0.1311044905056662,736,True,18,166,736,248651,1909.01,1932.31,0.012205279176117356,False,2014-08-08 16:17:10.269000
2014-08-11,1940.5302,0.000862,0.019575,0.0400346402096343,1.0784138050825753,-0.8405119180637436,0.44203195888051094,0.013015247535029818,0.1717393708750815,-0.16682708703915944,0.20159098687039909,-0.10904443530457451,0.0047300010230633,0.1774750744485329,665,True,16,136,665,254729,1934.77,1944.9,0.005235764457790948,False,2014-08-11 16:16:29.084000
2014-08-12,1933.7706,0.001421,0.019579,0.03468147768753132,1.6942516683575328,-0.8490315196370741,0.5020583445868102,0.013794788447947992,0.14408033933125433,-0.1646774065962998,0.2041323929061239,-0.1345442785028393,0.004241241320106173,0.12259699424481918,620,True,14,132,620,291939,1928.3,1939.65,0.005886013587097505,False,2014-08-12 16:17:04.658000
2014-08-13,1945.007,0.000761,0.019469,0.04639311108283572,1.0302502727658351,-0.8599825939154206,0.43753380851128665,0.011306726383375706,0.11621508670916295,-0.17807871235628842,0.23274410561317638,-0.09584280289529688,0.0039361906696551655,0.12637565213595175,658,True,18,139,658,255474,1937.47,1948.41,0.005646539043185239,False,2014-08-13 16:16:09.505000
2014-08-14,1952.339,0.000761,0.019392,0.05886179342036623,0.6903027753772951,-0.8130962767593822,0.4508123258071787,0.009389453875025136,0.1081789829467632,-0.20378531914780823,0.2357069816927192,-0.12196683437615023,0.00481400091218136,0.17660284458496345,657,True,15,127,657,305312,1947.41,1955.23,0.004015589937403918,False,2014-08-14 16:38:11.704000
2014-08-15,1953.1735,0.000761,0.019400999999999998,0.07657535267771208,0.33496156534584026,-0.8199052479103327,0.37884938398776474,0.009311020731518743,0.17461616231907773,-0.18710368649548767,0.20139093749368858,-0.0922272557482364,0.0074659795851211115,0.27842441344466046,674,True,15,138,674,448109,1941.56,1964.04,0.011578318465563786,False,2014-08-15 16:16:18.132000
2014-08-18,1969.9077,0.0008119999999999999,0.019244,0.11331122844623037,0.2337122335120756,-0.8326167635875155,0.37579836463983374,0.007676131081186947,0.1497076600034029,-0.1892535057235992,0.22350149339531086,-0.08825997030164236,0.0043188239847558405,0.12227982591662565,603,True,16,119,603,340536,1960.27,1971.98,0.005973666892826079,False,2014-08-18 16:14:56.945000
2014-08-19,1979.5028,0.000761,0.019171,0.05558247459713455,0.5782409185311997,-0.8028312329480688,0.396862361917558,0.007476433629549646,0.10439823476685195,-0.22809228808524618,0.2594037377697134,-0.0932196119762145,0.003680855474229495,0.11509534836995622,617,True,15,117,617,381496,1973.3,1982.57,0.004697714488420379,False,2014-08-19 16:14:44.588000
2014-08-20,1983.0759,0.001116,0.019137,0.05893325025729916,0.6197033490908889,-0.7834824615746814,0.45281547361554997,0.007858477409144067,0.09662193686931354,-0.21498061339329042,0.260270183909609,-0.13199958803115527,0.0038843470318493637,0.13884501795072493,592,True,15,127,592,454405,1977.68,1988.57,0.005506452004368612,False,2014-08-20 16:14:54.556000
2014-08-21,1991.5896,0.001015,0.019087,0.05589621403390961,0.581994995891082,-0.802123263959873,0.37913306576896505,0.007815117640838759,0.08438740860028557,-0.23549564503739212,0.2944700309443321,-0.07867924784538985,0.0035509934794254196,0.2699211941650521,646,True,16,128,646,358324,1986.99,1994.75,0.003905404657295719,False,2014-08-21 16:18:40.027000
2014-08-22,1989.8872,0.000964,0.019137,0.047529791597861144,0.9080934111317918,-0.7682743332948203,0.48008776026964345,0.007888020394291498,0.08474720162147824,-0.22189621718612296,0.2623083564340228,-0.14416127639575282,0.0035753499843400056,0.20391225146776992,543,True,15,124,543,295579,1984.79,1993.54,0.004408526846668925,False,2014-08-22 16:14:52.590000
2014-08-25,1998.759,0.000964,0.019046,0.055867132704313496,0.545490359546188,-0.8255771276988008,0.3394347295383705,0.007424623677355883,0.08282527258516648,-0.23234955536550544,0.3059795825730563,-0.05426597100540561,0.003349555026826217,0.1126368952227274,636,True,16,130,636,250008,1993.45,2001.95,0.004263964483684157,False,2014-08-25 16:16:42.320000
2014-08-26,2002.0731,0.000964,0.019028,0.04596567929652827,0.9606925142726958,-0.76225448920812,0.46253219843261667,0.007878634729742515,0.06909420844428918,-0.22271287894937444,0.30444123445150906,-0.1256182665596412,0.004164879545560444,0.2833294462349977,578,True,16,119,578,284207,1998.79,2005.04,0.0031268917695206344,False,2014-08-26 16:42:51.996000
2014-08-27,1999.57,0.0009130000000000001,0.019051,0.038967128164089836,1.6001283489653002,-0.7009713210475073,0.6136766168545416,0.00723779947548718,0.07413786781505237,-0.20734319682263522,0.2675285831575954,-0.25189417716778717,0.005053775769769582,0.32791642213187616,519,True,16,119,519,215398,1996.22,2002.14,0.002965604993437676,False,2014-08-27 16:21:02.770000
2014-08-28,1995.787,0.0009130000000000001,0.019097,0.04871545720118591,0.8790402270307914,-0.7764205708617574,0.45847519521837465,0.008336575864347759,0.09637494355800043,-0.2004454187597068,0.2734827548147387,-0.12455381151444822,0.004415643910984199,0.25869311706227094,565,True,16,124,565,261091,1990.55,1998.55,0.004018989726457534,False,2014-08-28 16:36:50.967000
2014-08-29,1999.7141,0.0008119999999999999,0.01905,0.04822665341898544,0.9970442585785668,-0.7621209625767736,0.5183801857691703,0.008340298115183916,0.08631742737669298,-0.21184568332631895,0.2782638997087852,-0.1725498011943639,0.004312263626277096,0.13841033984002285,519,True,15,123,519,242315,1994.66,2003.38,0.0043716723652151845,False,2014-08-29 16:15:29.612000
2014-09-02,1999.6541,0.0008119999999999999,0.01905,0.048323304055572974,0.8576261891134411,-0.799390085930028,0.44342466193374225,0.008846171019892917,0.1003415421245028,-0.2042655100020369,0.2772474450236226,-0.11373876860595132,0.004026548810753277,0.1349689778606357,626,True,15,139,626,213102,1994.85,2006.08,0.005629495952076624,False,2014-09-02 16:16:43.805000
2014-09-03,2002.7485,0.0008119999999999999,0.01905,0.07997556839383778,0.5790396246107133,-0.7566481105636813,0.522145373965976,0.007953613689068037,0.10134645673785204,-0.1781005494372619,0.24661437774497758,-0.18001774535247644,0.004387729417164906,0.141192137440341,576,True,14,125,576,250915,1998.16,2009.28,0.005565119910317495,False,2014-09-03 16:24:19.726000
2014-09-04,2005.5248,0.0009130000000000001,0.019160999999999997,0.05592377741131603,0.7055925562858573,-0.7719348645227934,0.46018717280723964,0.008140376808765556,0.1020697885345911,-0.20105342905442966,0.2648744513283704,-0.13285343189469673,0.004804993881281318,0.159453930533581,702,True,18,139,702,421190,1992.54,2011.08,0.009304706555451903,False,2014-09-04 16:22:17.952000
2014-09-05,1998.788,0.0009130000000000001,0.019067,0.04667148967726127,0.8578197388999113,-0.7739254535414257,0.47510225062273104,0.0076532700948221365,0.13418212810426505,-0.18817528136334988,0.23479813176738945,-0.145650698368748,0.0052055786584879835,0.21951372496195856,673,True,17,136,673,287946,1990.1,2007.71,0.008848801567760578,False,2014-09-05 16:15:08.535000
2014-09-08,2001.5054,0.0009130000000000001,0.019067,0.040829600761381035,1.290127900453163,-0.7418788867084701,0.5940857381053368,0.008330756098895874,0.10177344205259183,-0.21818901092663784,0.24244421628150548,-0.2475870500069201,0.004132772847048521,0.13292645554181062,584,True,15,139,584,197340,1995.61,2006.29,0.005351747084851199,False,2014-09-08 16:23:39.023000
2014-09-09,1993.471,0.0009130000000000001,0.019282999999999998,0.04385248684984982,0.9145183431916066,-0.7627717011089177,0.5127916388246857,0.009278387021550868,0.11257140131785008,-0.23602245731417767,0.2486954253753851,-0.18274745761099415,0.004912459888995405,0.15882426930583168,692,True,16,147,692,227511,1984.61,2001.01,0.00826358831206142,False,2014-09-09 16:14:15.448000
2014-09-10,1990.0423,0.0008119999999999999,0.01924,0.036136903368281695,1.3546047324761743,-0.7587701397834478,0.6034170905058835,0.01017288944618647,0.11236763450102662,-0.23811550080943844,0.2423497015794717,-0.2662097444751685,0.005602121342992342,0.1575377275992436,638,True,18,150,638,221290,1982.99,1996.65,0.0068885874361444,False,2014-09-10 16:15:09.970000
2014-09-11,1992.9526,0.0008119999999999999,0.01924,0.04041015245705663,1.0973759822470979,-0.7706053847562627,0.5742719940754005,0.00941674269165156,0.14363776770015704,-0.20377856886523135,0.21694623886239472,-0.24109806168870188,0.005326402291264831,0.18385557982896342,622,True,17,140,622,191336,1985.96,1997.5,0.005810791758142031,False,2014-09-11 16:25:13.613000
2014-09-12,1987.6474,0.001573,0.019364,0.03635662784677365,0.9725778958152107,-0.7854658441350242,0.45604793721473064,0.010166492842962522,0.1401685355979789,-0.2281215522715844,0.23445444277257432,-0.13726041581750728,0.005549215788477302,0.14328507048563688,686,True,17,144,686,227031,1980.26,1995.51,0.00770100895841952,False,2014-09-12 16:14:41.138000
2014-09-15,1983.0774,0.000862,0.019379,0.01910715109387562,13.438837016685284,-0.7783257097764007,1.4742657778077353,0.014368869153295206,0.07178506939327436,-0.28308354736401126,0.31852775562711066,-1.6599038048074979,0.005867151173446117,0.15358918083927506,629,True,16,136,629,304918,1978.63,1987.18,0.004321171719826378,False,2014-09-15 16:45:33.381000
2014-09-16,1994.2476,0.0009130000000000001,0.019236,0.026993181603060117,3.425849933082053,-0.7724395880885363,0.8571808328735984,0.011425703692313795,0.0976797377393086,-0.23221984468002263,0.2646493562585025,-0.5498098014688453,0.006213441493466341,0.16161185101128497,612,True,14,139,612,227949,1979.19,2002.25,0.011651231059170541,False,2014-09-16 16:14:54.860000
2014-09-17,2001.9196,0.0012180000000000001,0.019221,0.03956952578418954,1.0728956101116818,-0.7703166366695391,0.5352471423030739,0.008919979484327689,0.09017669208571667,-0.25387247251072204,0.29233675363588274,-0.20158156232749114,0.005641777477189572,0.16914423306999404,612,True,15,128,612,281309,1993.29,2010.74,0.008754370914417997,False,2014-09-17 16:14:45.045000
2014-09-18,2009.647,0.001167,0.019147,0.041572729410325825,1.3620025827200686,-0.7069822931237884,0.7008209009145999,0.007722104870883265,0.07758389357751042,-0.26516148836390874,0.28295657812606423,-0.3779056055035788,0.004615268882914311,0.1792904007214341,554,True,15,124,554,208925,2004.91,2012.3,0.003685950990318654,False,2014-09-18 16:14:53.994000
2014-09-19,2013.6361,0.001065,0.019159,0.037787813381142704,1.2458725355867757,-0.7084801822519557,0.5450289459516247,0.006868107782334473,0.07742328677424128,-0.31398062217209927,0.2994577424462499,-0.20289895418225068,0.003829585589353211,0.10313853052418989,574,True,14,124,574,398286,2006.61,2019.17,0.006259312970632092,False,2014-09-19 16:23:33.573000
2014-09-22,1996.6912,0.000964,0.01929,0.030113639587999463,1.0265030557500603,-0.7615295158439906,0.3982942373791968,0.008721736506849717,0.14305923540468032,-0.2517715058451516,0.24627898887965285,-0.09681481341580107,0.004145651428400071,0.10833414661718975,673,True,15,127,673,357621,1991.01,2007.79,0.008427883335593522,False,2014-09-22 16:14:53.920000
2014-09-23,1988.5211,0.0009130000000000001,0.01941,0.02564785575180936,4.416303430407984,-0.7830712161383995,0.9136415963927885,0.01285272520943138,0.05934108821549543,-0.352412269194456,0.3481735135308297,-0.6082035399805135,0.004618796180385919,0.12514299960182937,636,True,15,124,636,278424,1982.77,1995.41,0.006374919935242085,False,2014-09-23 16:21:06.236000
2014-09-24,1990.6443,0.0009130000000000001,0.019263,0.026735706460059606,5.280958076958738,-0.7812757298062656,1.085195814598226,0.012017227611213838,0.05639142940464797,-0.31108522719209497,0.3254798587770434,-0.8952696660746076,0.0053111079217805935,0.1426533786392995,615,True,15,131,615,310698,1978.63,1999.79,0.010694268256318695,False,2014-09-24 16:18:39.883000
2014-09-25,1972.9985,0.0009130000000000001,0.019579,0.018327314703640987,9.797024604507126,-0.7950984983298451,1.036461744706219,0.018026378654347607,0.07101546239872356,-0.40472231690573146,0.39141920352204074,-0.7151466420672274,0.006469611694083901,0.17001337615672235,787,True,18,151,787,398307,1965.99,1997.32,0.015935991536070837,False,2014-09-25 16:22:44.794000
2014-09-26,1975.8106,0.0009130000000000001,0.019468,0.023646995617384432,4.038562893364124,-0.82774629571637,0.7215077335113728,0.01451522325016515,0.08775289492764038,-0.28986735877660497,0.31367080728658947,-0.3295736514368924,0.004503134485764469,0.12681323870026628,586,True,15,125,586,254003,1967.52,1986.37,0.009580588761486597,False,2014-09-26 16:14:55.413000
2014-09-29,1973.8836,0.000964,0.019527000000000003,0.027640547767340498,8.39251370141366,-0.8227370543858025,1.3668911375497108,0.021558197485751784,0.0312629420359851,-0.4203052986437182,0.4999744470962884,-1.4044440302079746,0.006038193693812823,0.18701347076535474,621,True,15,134,621,213734,1964.04,1981.28,0.00877782529887372,False,2014-09-29 16:19:20.854000
2014-09-30,1977.2339,0.000964,0.019588,0.025317524887703585,4.890835374915884,-0.817513919958076,0.8679482345128782,0.017775950179691784,0.07278562939186295,-0.32924955786725774,0.336911620937129,-0.5056864451418341,0.005529502366927846,0.18275189009894313,653,True,16,140,653,217560,1969.02,1985.0,0.008115712384841212,False,2014-09-30 16:17:16.817000
2014-10-01,1954.8089,0.001116,0.019865,0.02843857296474005,4.498257237372488,-0.843027869863559,0.8236354829594174,0.023053431813411303,0.04183844944279768,-0.4705266715243125,0.49491736968245087,-0.42252737547141767,0.00560956899765082,0.14680010503366503,805,True,15,151,805,628436,1941.72,1971.44,0.015306017345446232,False,2014-10-01 16:20:49.429000
2014-10-02,1940.8781,0.001116,0.019869,0.031705155332170075,2.45473578491598,-0.8671322602180501,0.6004796218431812,0.02088766404396132,0.08839375105787034,-0.25318894848283763,0.3041306343814454,-0.20492021752853468,0.005922002508505383,0.16935421870187883,814,True,18,160,814,433885,1926.12,1952.32,0.013602475442859197,False,2014-10-02 16:15:21.667000
2014-10-03,1965.6305,0.0012180000000000001,0.019651000000000002,0.03703657613552783,1.4703098819680753,-0.8568362085286496,0.4783540785085067,0.014032684365152596,0.09193661540989188,-0.25249802293412504,0.3030210759130434,-0.1199121366530635,0.004705980358900565,0.16232227668681193,691,True,17,144,691,368252,1950.86,1971.16,0.010405667244189898,False,2014-10-03 16:18:09.681000
2014-10-06,1968.4709,0.000964,0.019681999999999998,0.039576176175819565,1.4260520095810687,-0.8303781561594556,0.5296426618896278,0.01473619774872262,0.08595499864086502,-0.2558003208643461,0.2756462855985424,-0.1676459781594068,0.0051272227828905136,0.12495093467451138,658,True,15,147,658,192270,1958.48,1977.84,0.009885217107144184,False,2014-10-06 16:19:07.561000
2014-10-07,1948.7529,0.000862,0.019986999999999998,0.03534849499818429,2.9154036407615407,-0.8230190393967233,0.7551928605942698,0.020967979729850483,0.053529613442833704,-0.30570008629756,0.3300687239022573,-0.364205994666261,0.00505161481427443,0.15492975891448438,736,True,17,148,736,306215,1934.87,1960.73,0.01336523900830544,False,2014-10-07 16:19:26.394000
2014-10-08,1940.2424,0.000862,0.019986999999999998,0.03408746680920064,2.7543220165058973,-0.8409508652820107,0.7096661012227291,0.020490378328674425,0.06244970315542906,-0.287174769654361,0.3324503304928278,-0.31585025458567806,0.00792597471339742,0.2081644453105494,784,True,17,159,784,445642,1925.25,1970.33,0.02341514089079344,False,2014-10-08 16:52:45.998000
2014-10-09,1944.2874,0.0009130000000000001,0.020076999999999998,0.025912155539943943,4.009469533526753,-0.8262764434780087,0.7069958576154718,0.022299759417359972,0.11361455926317153,-0.23063058284583796,0.27059056090590605,-0.29205514631461305,0.010663258871273907,0.22882103874064189,763,True,15,152,763,377389,1927.75,1966.99,0.020355336532226653,False,2014-10-09 16:21:01.309000
2014-10-10,1922.3841,0.000761,0.020321,0.035286851255295175,5.134840951384345,-0.8391411265734275,1.0712926938468739,0.03472501435201859,0.027431951176486735,-0.38000468393370196,0.49999647359106636,-0.7852832981474963,0.007745888431433297,0.1465952505286416,752,True,16,152,752,405821,1906.05,1936.98,0.01622727630439913,False,2014-10-10 16:47:18.607000
2014-10-13,1898.4579,0.000761,0.020662,0.018923667906235665,12.013132837957087,-0.8059950098757876,1.1613150221149033,0.048574989060861835,0.14322378671919364,-0.3281642486618477,0.3068463034052758,-0.8939875079117499,0.008784784391190108,0.164141666342205,947,True,19,171,947,742254,1874.14,1912.09,0.02024928767327938,False,2014-10-13 16:38:00.072000
2014-10-14,1885.8057,0.000659,0.020630000000000003,0.018314133546003145,16.83070153965305,-0.7985844039700735,1.4868556490883598,0.06375435731609923,0.14468199750396948,-0.3764303965749673,0.31579462307564304,-1.5942602898857143,0.007557040447355715,0.16645070446144072,929,True,19,173,929,716379,1871.79,1898.67,0.014360585322071406,False,2014-10-14 16:19:19.501000
2014-10-17,1888.5693,0.000964,0.020543,0.025875226351827874,12.55967290061042,-0.8178208138386464,1.5141691827076464,0.04759264034045157,0.06440015735260149,-0.49999999742105145,0.47936295302033527,-1.6427395554451154,0.007824327382481424,0.13285326178948964,804,True,14,139,804,547011,1869.05,1898.14,0.015564056606297338,False,2014-10-17 16:20:22.123000
2014-10-20,1894.8995,0.0009130000000000001,0.02035,0.038462840051034765,5.13082476291976,-0.824302966231097,1.1955849387958994,0.03636871424141992,0.03178272786052395,-0.43619758413844884,0.49999547417725304,-1.0347311615034525,0.008505186263227885,0.1489221852604205,806,True,17,150,806,373375,1882.3,1905.03,0.012075652127716108,False,2014-10-20 16:35:26.145000
2014-10-21,1931.55,0.000964,0.019962999999999998,0.03792963353913888,2.466175793483129,-0.8293833690549123,0.675673899729289,0.02098649924078996,0.062432450318573356,-0.32638897011919654,0.35939551602128245,-0.2694529305955651,0.005110740186030722,0.13446321988180648,813,True,17,142,813,755356,1909.38,1942.45,0.01731975824613219,False,2014-10-21 16:17:36.250000
2014-10-22,1941.8123,0.0009130000000000001,0.020118,0.034168839264408245,2.5557615523291397,-0.8316027651313324,0.6468673408228142,0.019886016441629552,0.07405565109583652,-0.3468385214698553,0.34288582681344426,-0.24378254526380108,0.007125865362044933,0.14301383944750273,826,True,19,161,826,577671,1926.86,1949.31,0.011651079995433022,False,2014-10-22 16:14:58.913000
2014-10-23,1953.4333,0.000964,0.019873000000000002,0.03557787606342113,2.6355329715758784,-0.8113815491940661,0.6777531235246529,0.019530011242157662,0.061800671297632837,-0.3461900637712116,0.3601810143039908,-0.2718159655998502,0.005807051596103189,0.15758855791167997,716,True,16,144,716,456871,1931.02,1961.94,0.016012262949115064,False,2014-10-23 16:21:03.588000
2014-10-24,1957.9267,0.0009130000000000001,0.019735,0.039523935999417774,2.928380514767312,-0.7943862654467914,0.7699065484674883,0.022093932638569295,0.03135101043588977,-0.45866869158439466,0.49996256439751896,-0.3612738452779102,0.004449022132925273,0.10967801758786024,656,True,15,140,656,240081,1946.27,1965.24,0.009746849101101018,False,2014-10-24 16:15:29.042000
2014-10-27,1958.9942,0.000964,0.019766,0.0350648785679327,3.285791240620884,-0.7888206861410484,0.7383083712021369,0.02290588849336322,0.05112615541775442,-0.34887294928835566,0.4045642104074805,-0.31466750928325593,0.0053214728413553255,0.1476873086959798,631,True,15,142,631,353019,1951.37,1964.64,0.006800350522966125,False,2014-10-27 16:15:49.748000
2014-10-28,1976.4321,0.000964,0.019533000000000002,0.03717481439067322,1.8893864583212792,-0.8099750818385302,0.5841608092161727,0.017035519135684674,0.06648440326862774,-0.2991667375034856,0.36316451357751317,-0.20076866922340375,0.004911922929156631,0.1704846780153265,769,True,18,165,769,471110,1964.14,1985.05,0.010645880639872818,False,2014-10-28 16:16:49.445000
2014-10-29,1983.4263,0.001015,0.019576,0.036588151711714145,1.9796963133086414,-0.7952267738108177,0.6161661818018602,0.01691946311838304,0.06562671715120923,-0.28701304012079876,0.3761216472506731,-0.2347939054873676,0.005938303703444178,0.1515045838421693,720,True,18,145,720,531447,1969.04,1991.4,0.011355787591923017,False,2014-10-29 16:15:44.562000
2014-10-30,1987.5573,0.001015,0.019464,0.03515815495576452,1.8531208801985013,-0.7852974896441028,0.572667011027265,0.01588424768579229,0.07666690347336752,-0.28080177638773474,0.3546305464088297,-0.19764288340333838,0.004488530431882872,0.10886085193852849,712,True,17,134,712,318987,1974.92,1999.4,0.012395438802584424,False,2014-10-30 16:38:38.068000
2014-10-31,2013.4369,0.0009130000000000001,0.019239,0.04286409412805498,1.07955612955616,-0.7298889562427182,0.49225770198848046,0.014868951280551271,0.07155783541439767,-0.2972529843912852,0.3657218458442751,-0.1497692540593517,0.00435874386540126,0.1321767238467592,641,True,15,131,641,659724,2001.2,2018.19,0.008489906056366125,False,2014-10-31 16:41:56.365000
2014-11-03,2019.3433,0.0012180000000000001,0.01925,0.04268173456359286,1.0276447064210243,-0.7500582255231346,0.48108745244599865,0.01490078745568414,0.08929389246806006,-0.24691827276836414,0.3272310958845105,-0.14372181973069406,0.003971057021768058,0.15372990210374488,622,True,18,132,622,368920,2013.68,2024.46,0.005353382861229106,False,2014-11-03 16:21:52.236000
2014-11-04,2009.0822,0.0009130000000000001,0.019309,0.04200821133024904,1.3069431390617003,-0.7369749184790456,0.5918225175288047,0.01628898605826799,0.09275545839159788,-0.24670641621596412,0.30198998004783917,-0.24044920508948636,0.004008666956477247,0.11224940397684441,594,True,16,126,594,282645,2001.03,2015.98,0.0074711523565365034,False,2014-11-04 16:16:55.627000
2014-11-05,2019.7943,0.0009130000000000001,0.019309,0.045976081812432366,1.1773314450367312,-0.7371103554281518,0.5857569681394871,0.014232080227514841,0.09656888412482917,-0.23514585805494764,0.3003292793210706,-0.2348530520492481,0.004703801026269422,0.13155634616509673,546,True,16,129,546,349257,2014.42,2023.77,0.004641534535995362,False,2014-11-05 16:16:21.616000
2014-11-06,2025.5326,0.0009130000000000001,0.01915,0.05238421987722922,0.8044837503309843,-0.700079357046225,0.520039564917131,0.01352382577867339,0.09204131485552404,-0.2555951758784881,0.32165892913546285,-0.1861566417492064,0.004104710566719111,0.11441729797432369,615,True,17,127,615,394198,2015.9,2031.57,0.007773203035864817,False,2014-11-06 16:19:41.793000
2014-11-07,2030.5507,0.000862,0.019166000000000002,0.040304671921215916,1.4826801744813332,-0.7219185171950976,0.5540335069313598,0.01158544864053524,0.06738486417816714,-0.2927939817544288,0.3993695949603809,-0.18743525080953846,0.004184865451539285,0.12129815594529135,599,True,15,121,599,385462,2025.18,2034.18,0.004444049417829499,False,2014-11-07 16:15:18.668000
2014-11-10,2035.4738,0.000862,0.019166000000000002,0.040183062442308834,1.731452566378712,-0.6726992330799397,0.6372173826597841,0.009728001973586559,0.049843889039335766,-0.36562416209962734,0.41421875251867507,-0.26689585958240236,0.004236125344257145,0.3368654031384144,575,True,14,130,575,282835,2030.23,2038.69,0.0041670155598134695,False,2014-11-10 16:17:08.226000
2014-11-11,2037.8572,0.000964,0.019101999999999997,0.03932649307912867,1.9824212459960315,-0.6502102062261093,0.7461014313864865,0.009919254618023692,0.05070608766499969,-0.2947108379323968,0.41937810015688454,-0.40074399509580294,0.004078112485780317,0.16079625029239947,546,True,16,127,546,293634,2035.47,2041.25,0.0028396390022942253,False,2014-11-11 16:17:43.815000
2014-11-12,2037.2796,0.002031,0.019138,0.04074479432023422,1.6128344279530742,-0.6740359298767628,0.6882621407701756,0.010770555860286714,0.0740411191820476,-0.2541792272169957,0.3404355703391296,-0.3422755603384637,0.00443082429542157,0.15733984162575465,536,True,14,122,536,388117,2031.95,2040.3,0.004109353084475353,False,2014-11-12 16:22:39.723000
2014-11-13,2039.906,0.001421,0.019137,0.04963255717558238,1.0240090843640794,-0.6749398529664631,0.6212323692757857,0.010804465585967187,0.0817845115394255,-0.2627574694539123,0.33332000341932005,-0.28428127777997436,0.005104068548977768,0.1629225104453037,613,True,15,144,613,477096,2030.5,2046.11,0.007687761635065238,False,2014-11-13 16:17:21.594000
2014-11-14,2039.0959,0.001421,0.01914,0.036946983140610457,1.8692167047506287,-0.674254932674248,0.6984686940523196,0.011060095796085957,0.071820771285131,-0.30079930059696147,0.342875757237065,-0.349734680418015,0.0039427477757417815,0.12192358438004625,447,True,14,119,447,255897,2035.3,2042.22,0.0033999901734389493,False,2014-11-14 16:14:56.677000
2014-11-17,2039.2658,0.0013700000000000001,0.019132,0.0340699764300877,3.2574813541127554,-0.674331716073356,0.9913055462302542,0.01110204869857843,0.0624887332273098,-0.287730014254694,0.34179773491348653,-0.7607220600747192,0.004647819196275043,0.14720456852027192,531,True,16,130,531,339260,2034.48,2043.07,0.004222209114859821,False,2014-11-17 16:14:44.638000
2014-11-18,2051.3637,0.0012690000000000002,0.019042,0.04325001102265777,1.1430662074674462,-0.6892800867252192,0.570090245448759,0.009760914828057137,0.09474998309930202,-0.24490296021627259,0.3201564156746561,-0.22612763581063694,0.004952079740621258,0.19250457709025307,684,True,18,145,684,369954,2041.48,2056.08,0.007151674275525544,False,2014-11-18 16:18:35.010000
2014-11-19,2046.6846,0.0012690000000000002,0.01908,0.041497384116602795,0.8057607595913161,-0.6869767594178636,0.47726168594263774,0.011492761761249212,0.12236577236783702,-0.24156627654132776,0.3079578789845972,-0.160904789375116,0.005098510986590067,0.3976339183507686,583,True,20,137,583,384184,2040.39,2051.54,0.005464641563622585,False,2014-11-19 16:15:46.447000
2014-11-20,2050.5209,0.0012180000000000001,0.019046,0.036770229015128664,1.6681055908437812,-0.6960303414380985,0.7055066940711583,0.009566014954640678,0.11636891482116217,-0.22915643506337993,0.30719287457693184,-0.3750664461857302,0.004741696375864133,0.18323389166685602,540,True,15,136,540,301491,2040.67,2053.84,0.006453762734788038,False,2014-11-20 16:16:07.946000
2014-11-21,2063.9229,0.0012180000000000001,0.018956999999999998,0.036358691222498754,3.1284519161540567,-0.6414054712082488,1.1162579853248977,0.008664087927971211,0.05096166045434022,-0.35150885660743975,0.3934147465757438,-1.0185390553538398,0.005602272179395944,0.16112364894723155,601,True,18,134,601,465315,2056.8,2071.46,0.007127576818358516,False,2014-11-21 16:14:56.964000
2014-11-24,2067.9394,0.001167,0.018904,0.03592312437107455,2.874766321430656,-0.6483219054373156,1.0254031309635325,0.007644625590790363,0.05684902073818696,-0.33449800701377697,0.39280923119775946,-0.8449104047847557,0.004229766653152683,0.1176072312501554,538,True,18,121,538,249548,2065.07,2070.07,0.0024212254306148484,False,2014-11-24 16:18:16.988000
2014-11-25,2069.3511,0.0012180000000000001,0.018941,0.04015000789077889,2.8104590643222003,-0.6242404019619862,1.1445692148458677,0.00673088980167063,0.06758024593155926,-0.26157558173421147,0.3314549479841632,-1.0843587803543913,0.004386642193811538,0.15036633005650948,508,True,16,120,508,280908,2064.75,2074.21,0.004581668482867229,False,2014-11-25 16:14:57.638000
2014-11-26,2069.6153,0.0012180000000000001,0.019062,0.03954105086142661,2.4733938681712293,-0.6492438821161054,0.946516681471303,0.006954089419775126,0.053442595894465754,-0.32188127194862953,0.4083571303467407,-0.7002926428200494,0.00449682059728709,0.13014989788768755,494,True,15,124,494,202825,2066.68,2073.24,0.0031741730698511272,False,2014-11-26 16:14:45.124000
2014-11-28,2069.8572,0.001167,0.01917,0.040446279582705705,1.6041651192338446,-0.6581753769739401,0.7195327491201625,0.009820024482137316,0.08124954567053343,-0.2530815731692372,0.3525872167943637,-0.38796235523770567,0.005181262713371745,0.14367899659165956,461,True,15,122,461,162635,2065.06,2075.76,0.005181447512421,False,2014-11-28 13:15:38.847000
2014-12-01,2054.7159,0.001167,0.01917,0.0811191431080676,0.3309707167605135,-0.6964073138563963,0.47853204773407443,0.013066292513096437,0.1398793322807842,-0.21344724229726283,0.2946316357193737,-0.1752967988336149,0.0054329801458695105,0.14625158735015148,606,True,17,126,606,323157,2049.57,2065.78,0.00790897602911822,False,2014-12-01 16:24:34.249000
2014-12-02,2063.0895,0.001116,0.019196,0.05034446806811885,1.269120914319115,-0.6617869109695503,0.7491000255459966,0.011279824162339868,0.10476583119637052,-0.19722116454615718,0.28933980643401785,-0.4333644135819719,0.006242365297090872,0.15449607106415214,483,True,14,125,483,276881,2053.77,2068.74,0.007289034312508047,False,2014-12-02 16:16:10.309000
2014-12-03,2071.7241,0.001167,0.019172,0.048174574844953244,1.5336547105033174,-0.6850069546376062,0.7906914867797744,0.009869168454311576,0.070877874474548,-0.22608989294467147,0.3451751726270099,-0.4774266999910959,0.005025731754856898,0.12597191228752877,559,True,16,131,559,301279,2066.72,2076.28,0.004625687079043317,False,2014-12-03 16:14:58.782000
2014-12-04,2067.992,0.001167,0.019172,0.039621632936375606,1.7918093570073519,-0.7079000939452119,0.6913143220518511,0.010118425976037286,0.07065936889341382,-0.2603812834646293,0.35459829753272004,-0.33592666660339343,0.0056359638518438445,0.15885567319573732,562,True,17,135,562,305147,2062.39,2077.34,0.007248871454962558,False,2014-12-04 16:14:59.431000
2014-12-05,2076.3863,0.0009130000000000001,0.019166000000000002,0.041452575600173236,2.5865867718538182,-0.689347634728622,1.012471003853582,0.006739374783357995,0.06821059099178586,-0.20582985540453672,0.33779222455225544,-0.8106561662309231,0.005894191176002306,0.171498770837897,583,True,17,127,583,456333,2070.81,2079.47,0.004181938468521995,False,2014-12-05 16:14:40.575000
2014-12-08,2067.7305,0.0009130000000000001,0.019341,0.052864599991923604,0.9436798293014664,-0.7511633811196337,0.5501378577199136,0.011141177967899742,0.1035974441837452,-0.22746104450678298,0.30816306303107843,-0.2028771491037184,0.00558177215360367,0.20307599557628028,695,True,16,133,695,334492,2054.3,2075.71,0.010422041571338081,False,2014-12-08 16:24:42.908000
2014-12-09,2047.8911,0.0008119999999999999,0.019347,0.037026633088081615,1.835953032776283,-0.7086733137199597,0.779273444588185,0.016322286597789015,0.10603437130131975,-0.2740783700567612,0.29789983406351195,-0.4713087828172189,0.00571686683743943,0.11824219579992384,694,True,16,139,694,244835,2034.17,2060.6,0.01299301434983291,False,2014-12-09 16:17:29.904000
2014-12-10,2038.7002,0.0008119999999999999,0.019347,0.02313804278903239,7.659753936876861,-0.7128678057459839,1.1107993228666755,0.022167343169516115,0.06505590805218925,-0.4999999408352959,0.477672305327572,-0.8794117069912324,0.008525222179504246,0.14958757070346912,778,True,17,148,778,254227,2024.39,2058.86,0.01702735144907841,False,2014-12-10 16:16:16.282000
2014-12-11,2046.024,0.001065,0.01963,0.03533589855021062,7.4011328927173565,-0.7390675417330502,1.6567727048308178,0.023551267745686513,0.03761765410766109,-0.46013148212868654,0.4439023766336793,-2.2218444333650496,0.008896345753565855,0.1477160216725043,705,True,17,146,705,217258,2027.92,2055.53,0.01361493550041426,False,2014-12-11 16:15:07.012000
2014-12-12,2015.65,0.001878,0.019959,0.04136194289671058,4.971645696669482,-0.7890823200446683,1.3860106318475873,0.03652508919637912,0.04191871388298467,-0.4999996389701122,0.48395709621579097,-1.5097516207779083,0.006769012798038847,0.158821241851109,797,True,19,157,797,327043,2002.33,2031.68,0.014657923519100224,False,2014-12-12 16:18:39.097000
2014-12-15,1994.889,0.001929,0.020087999999999998,0.02804525815428003,7.5368411405526246,-0.7548900401578951,1.1634144949514134,0.036076659043324036,0.08357661670779397,-0.47315909515823795,0.4339532658595083,-0.9307879761538589,0.007713192900445009,0.1561760060168547,838,True,18,160,838,487579,1982.26,2018.69,0.01837801297508901,False,2014-12-15 16:15:09.114000
2014-12-16,1992.3134,0.00198,0.020259999999999997,0.029465527072535483,3.651901756054966,-0.7233145486409792,0.9403993097125063,0.031074637837002695,0.15473691000113501,-0.30215214682615255,0.3073923557858919,-0.6691404415892034,0.008939180259123956,0.17723089399119482,900,True,19,182,900,457484,1972.56,2016.89,0.022473334144462065,False,2014-12-16 16:29:47.120000
2014-12-17,1985.7205,0.002183,0.019894000000000002,0.027055854353294256,6.278153727475972,-0.6882144408489776,1.227622877271374,0.039696949148041345,0.09492535858752771,-0.4598028607160055,0.3609817396133439,-1.1673363030836843,0.010317563656863763,0.17609345709766647,840,True,19,185,840,449598,1973.77,2016.75,0.021775586821159543,False,2014-12-17 16:41:48.449000
2014-12-18,2043.7029,0.002387,0.019418,0.029687979868321685,1.827822562091437,-0.7598534487234684,0.5776081438150341,0.01913997805832533,0.10855429876041989,-0.35816407622288315,0.36270546168499473,-0.22510244894897963,0.005073542393842194,0.11710095556171088,797,True,18,171,797,326850,2018.98,2061.23,0.020926408384431827,False,2014-12-18 16:33:52.856000
2014-12-19,2067.3483,0.002438,0.019331,0.034170148699171066,2.525371900550096,-0.7299900269490801,0.8293218575537805,0.01751176021647389,0.06999479297851544,-0.45432888563356516,0.3794738039904177,-0.515190076691443,0.005154065869059742,0.21399582516927265,693,True,17,144,693,392870,2061.03,2077.85,0.008160968059659268,False,2014-12-19 16:36:46.207000
2014-12-22,2072.8421,0.002489,0.019267,0.04039264090702834,1.3533147191635717,-0.7509790847683918,0.657597627569537,0.016973574512714786,0.08833801879297021,-0.35161736732077586,0.3465316151401791,-0.3231067288143433,0.0052066211111179905,0.17731570704532668,625,True,17,155,625,268176,2069.28,2078.76,0.004581303641846501,False,2014-12-22 16:18:00.046000
2014-12-23,2083.5081,0.002438,0.019235,0.04052467388926942,1.3390502141762237,-0.7598510614206562,0.5788351604188698,0.013883674650517177,0.07140595662635502,-0.4159769137578309,0.4098301211062415,-0.22652099643544313,0.004060194457861029,0.1412677939077333,546,True,15,127,546,279257,2079.8,2086.7,0.0033176266948742317,False,2014-12-23 16:14:59.365000
2014-12-24,2085.6299,0.002387,0.019227,0.04048445154095528,2.334279151988509,-0.7736261583403834,0.7650925910827473,0.012761449080765193,0.048475387779691355,-0.4594533946783529,0.4458038912801162,-0.3963626505062301,0.004477414203606346,0.16546108002674959,438,True,15,133,438,187205,2081.86,2087.56,0.0027379362685289177,False,2014-12-24 13:14:59.188000
2014-12-26,2090.9274,0.002285,0.019164,0.049332194831307734,1.1203370009874978,-0.7653258230499174,0.6369843564887361,0.013426504729286384,0.07645523778584006,-0.3317505835178636,0.3773837397358383,-0.29521170399249275,0.00396223364129795,0.1428730543581726,439,True,14,129,439,151861,2084.3,2092.69,0.004025332245837898,False,2014-12-26 16:12:32.139000
2014-12-29,2092.0199,0.002132,0.019199,0.03750553413576536,1.6126981780534981,-0.726639728573148,0.7070024268438828,0.014580038164589264,0.09775252056980663,-0.3041642899449,0.3441695014970632,-0.3788822184277957,0.004152311179336008,0.11236468504063739,479,True,13,120,479,225979,2085.75,2093.49,0.003710895361380695,False,2014-12-29 16:14:53.603000
2014-12-30,2083.4039,0.001929,0.019303,0.0464920837946354,0.6557584935229804,-0.7775017741921911,0.5072114458307724,0.01341613628749425,0.16442818083634686,-0.24599566434822076,0.2791151793772579,-0.19628829312191398,0.004669333183181757,0.14987272362056375,546,True,17,119,546,414525,2079.53,2088.49,0.004308665900467634,False,2014-12-30 16:15:47.510000
2014-12-31,2078.4481,0.002132,0.019504999999999998,0.01631782205716397,7.293469046466355,-0.7536818745749247,0.8505919602540166,0.017603761244904287,0.14866294093616836,-0.3444210121076781,0.349846172751124,-0.4854796226894279,0.009024672425869297,0.19034294646540054,662,True,16,154,662,347798,2057.94,2085.58,0.013430906634789963,False,2014-12-31 16:20:43.448000
2015-01-02,2056.345,0.002132,0.019504999999999998,0.027737707668629763,6.006209482098338,-0.8236807855423168,1.1390090063807494,0.0256811179240543,0.08157434809111665,-0.3909516880678257,0.41337338569924753,-0.9641445509944704,0.008054368976561975,0.38343699428158023,751,True,20,185,751,414893,2046.04,2072.28,0.012824773709213977,False,2015-01-02 16:19:19.232000
2015-01-05,2025.8542,0.002291,0.019889,0.033082558800888645,5.159243906943902,-0.8128185897296735,1.1933529776647267,0.03428790847911503,0.06022663936973473,-0.49999997048175604,0.4256561148855274,-1.0827293494620736,0.0052007283662569145,0.14674258439648274,841,True,20,177,841,367490,2017.35,2053.68,0.018008773886534213,False,2015-01-05 16:22:34.210000
2015-01-06,2011.276,0.002444,0.020068000000000003,0.03939162060096195,3.7683499121911694,-0.8248170367165427,1.1017675817964812,0.03651458735404782,0.060240107229149145,-0.4176896549168479,0.4105125870627309,-0.9170089842322602,0.0070460140725685004,0.13934795439620973,913,True,20,192,913,440574,1992.44,2030.24,0.018971713075425,False,2015-01-06 16:19:44.265000
2015-01-07,2021.93,0.0026989999999999996,0.019852,0.03865406444716732,3.0473835081654728,-0.7822085035943372,0.9787597531691948,0.02974664460693688,0.056650429010757605,-0.4727152811615212,0.40799080789753095,-0.7223831373840972,0.004964601033528978,0.10767100578662643,743,True,19,177,743,373626,2007.48,2029.6,0.011018789726423117,False,2015-01-07 16:33:46.772000
2015-01-08,2058.2001,0.0026989999999999996,0.019852,0.040428012372745674,1.5611256532261102,-0.7955588877352804,0.6828087444922003,0.01999267223547805,0.08590266623129256,-0.350388275242773,0.3477366599278419,-0.3400013671069432,0.004144371736579497,0.12521156320653462,833,True,19,181,833,387953,2025.9,2064.07,0.01884100893430074,False,2015-01-08 16:43:16.497000
2015-01-09,2046.7473,0.003619,0.019671,0.04007463050787451,2.562434850203493,-0.822031772898142,0.8510846008907054,0.022956608339830775,0.05495278081220897,-0.39047565722608574,0.3897043648806074,-0.5189677382284796,0.004085603644640421,0.09702771028797798,631,True,17,140,631,285645,2038.35,2064.28,0.012721073417224948,False,2015-01-09 16:23:36.703000
2015-01-12,2030.3513,0.004743,0.019831,0.03359405162846078,3.864875681496991,-0.8241370424679031,0.9353765917204536,0.030742543148130654,0.05978489405891329,-0.43058912261790633,0.4106275312543079,-0.6152557019749872,0.004304673960213015,0.11107553313646934,675,True,15,160,675,257995,2022.58,2049.3,0.013210849509043054,False,2015-01-12 16:17:33.572000
2015-01-13,2039.3496,0.001827,0.019894000000000002,0.03730675200965582,2.8496268529394215,-0.8262604799918231,0.9024144197012198,0.029974100059640584,0.060815877136225265,-0.4235610262003243,0.410186702154072,-0.6017311402393554,0.008617159730289026,0.179384107448584,824,True,19,191,824,359140,2008.49,2056.89,0.024097705241250766,False,2015-01-13 16:19:57.423000
2015-01-14,2002.7734,0.0016239999999999998,0.020015,0.04164144618432315,3.3287599270379045,-0.812150562942012,1.108137545760618,0.043482086501700164,0.04409351669301179,-0.4999999888421475,0.4053365495193394,-0.9507400655998051,0.005875703958326671,0.18649760041880267,829,True,17,176,829,354562,1988.44,2016.88,0.014302669429301362,False,2015-01-14 16:15:22.921000
2015-01-15,2000.6599,0.001472,0.020206,0.02254102037198769,8.03786527805273,-0.8077856088332543,1.0788598304783865,0.048058959091157503,0.08350551609826558,-0.4999999009431224,0.3992282552311139,-0.8015751638600948,0.006715315927279115,0.16074739010354838,704,True,20,161,704,306467,1991.76,2021.27,0.014816042093424908,False,2015-01-15 16:44:34.454000
2015-01-16,2004.3863,0.001573,0.019942,0.0333616510408188,4.185912907051022,-0.8135888303384694,1.0502399244284188,0.04229533796290142,0.058636470758280275,-0.4999999614693553,0.4306301194362614,-0.8237059674788199,0.007151855578652936,0.12610100268598748,819,True,20,171,819,428460,1988.12,2020.39,0.016231414602740468,False,2015-01-16 16:23:35.261000
2015-01-20,2016.4853,0.001573,0.01991,0.028396135801208224,4.369274586914655,-0.8163500999617386,0.9304033279142199,0.036857042389413806,0.06958974887196327,-0.4999999628168244,0.4255388412555735,-0.6175093235482623,0.008083795766754349,0.13736618580522097,753,True,17,164,753,239859,2004.63,2028.94,0.012126926165925811,False,2015-01-20 16:22:46.949000
2015-01-21,2028.4491,0.001573,0.019823999999999998,0.03485949945638021,3.33537631921732,-0.8080784195631533,0.9876532307025832,0.0337047336672166,0.052515403192311766,-0.49999993756613237,0.43543066464263686,-0.7429198061440907,0.0067766190628605295,0.12954976224556658,753,True,18,162,753,366801,2012.06,2038.28,0.013031420534178828,False,2015-01-21 16:24:55.566000
2015-01-22,2048.1098,0.001573,0.019527000000000003,0.03238463798640357,2.09498684170264,-0.8106667577691274,0.6573028102140107,0.020059114513422224,0.06933181249679578,-0.464877873555497,0.4133745679950287,-0.2963562034055979,0.006596342778795155,0.1427462086297546,861,True,20,155,861,327203,2026.38,2064.62,0.018871090318696382,False,2015-01-22 16:17:00.182000
2015-01-23,2057.7374,0.001472,0.019634,0.034524074522069806,2.0013249510115054,-0.7792696081007837,0.6694409340621347,0.018368514693823813,0.057815662824970145,-0.4999997789559155,0.4472182935674186,-0.3099633806947855,0.003603345267152184,0.10083391314770314,660,True,19,141,660,378079,2050.54,2062.93,0.006042310805933981,False,2015-01-23 16:31:11.481000
2015-01-26,2051.4653,0.001522,0.019584,0.04298395255234772,1.422271671406577,-0.8002371218650086,0.657356848740822,0.01926354352445691,0.05830399083959604,-0.431843521492748,0.42268356048376476,-0.30984831050588674,0.005710540919963811,0.1594383108053351,677,True,19,153,677,329979,2041.11,2057.57,0.008064239555928054,False,2015-01-26 16:31:01.984000
2015-01-27,2030.8155,0.001472,0.019792,0.03855142648812942,1.5467374187483616,-0.8055996823224252,0.6424723421615796,0.022192907333059998,0.06485091565833877,-0.43688014472174497,0.42295310438574557,-0.2935128426519527,0.004276742309106498,0.13437484707177802,814,True,18,162,814,337020,2019.93,2046.58,0.013193526508344267,False,2015-01-27 16:17:57.581000
2015-01-28,2022.9174,0.001472,0.020079,0.035872646589137726,2.13760217646129,-0.8038164121027552,0.7498084487056349,0.026228593131639475,0.05485056931886352,-0.49999945325439404,0.4750752017301233,-0.4088498149016158,0.007711382043473842,0.160699734931382,847,True,19,173,847,340445,2001.57,2042.43,0.02041397502960174,False,2015-01-28 16:15:58.325000
2015-01-29,2007.1407,0.001472,0.019895,0.0320233901566484,2.541449571794752,-0.8097192559119345,0.7778858148563145,0.03180162800606786,0.07620641706572914,-0.4321788778645202,0.40465012604103207,-0.44233467855261155,0.00703013905749937,0.18683622071073272,877,True,19,175,877,524641,1989.18,2024.63,0.017821413848922774,False,2015-01-29 16:21:17.654000
2015-01-30,2010.1204,0.0013700000000000001,0.020158999999999996,0.032654076175709756,2.394033285815286,-0.7953537832480557,0.7711525068649798,0.03091884923272424,0.0745695670776181,-0.4743954688333404,0.39370348048921294,-0.43832629827974856,0.006176519704806215,0.24535641187446364,818,True,19,175,818,404459,1993.45,2023.3,0.014974039980937492,False,2015-01-30 16:29:29.423000
2015-02-02,1997.0383,0.001421,0.019906,0.03611737271004777,2.6498728311857063,-0.8106330957693826,0.8955702467450748,0.03479415941289642,0.07592786420123965,-0.41714824544002876,0.38591809977773317,-0.6106331774987068,0.006841689625736097,0.25656634484031027,911,True,20,179,911,406497,1980.9,2021.66,0.02057650562875457,False,2015-02-02 16:18:36.522000
2015-02-03,2037.2019,0.001929,0.019625999999999998,0.034887811739183844,1.836282553491093,-0.8140798302591115,0.6835581887777713,0.02290278169352952,0.07153119044668287,-0.45932634993715304,0.42993139530343005,-0.3391240373928571,0.004373074134206252,0.12664016452328625,808,True,19,170,808,444677,2023.95,2050.3,0.013019096321549517,False,2015-02-03 16:16:14.600000
2015-02-04,2045.5545,0.002342,0.019729,0.038721080892155944,1.851738982916425,-0.8300727057934468,0.6940667270090414,0.02175377323976894,0.0568243971546693,-0.49652396294990203,0.4906919451944578,-0.33832595164371226,0.00494372130515367,0.15012311843660406,727,True,18,157,727,291972,2036.81,2054.68,0.008773523303597264,False,2015-02-04 16:27:47.809000
2015-02-05,2058.0254,0.002342,0.019729,0.0405601399471837,1.516324213752931,-0.8322462707767946,0.6265311387304853,0.02018677392772314,0.06114196941518563,-0.49999998028140535,0.4609727485640408,-0.2695366231686742,0.004443061198697761,0.14095110387890017,735,True,18,145,735,348548,2044.64,2063.53,0.009238790202676261,False,2015-02-05 16:17:05.684000
2015-02-06,2064.7722,0.002444,0.019758,0.03397359480013218,1.6359062508188729,-0.8025843527972976,0.5812563466245196,0.020215437091602218,0.07076530503451403,-0.4999999499461863,0.4401373940733663,-0.22670370829863618,0.006750671975003635,0.18255536593595342,809,True,18,163,809,529742,2049.99,2072.4,0.010931760642735044,False,2015-02-06 16:18:12.903000
2015-02-09,2050.0565,0.003414,0.019853,0.03652417979654497,1.8469702811626232,-0.8079869229104055,0.7261636263992398,0.025159846724908154,0.07467013780532838,-0.4615239804347121,0.41918106340998706,-0.392395463049177,0.004180989132490011,0.1495878259737908,722,True,18,146,722,392594,2041.89,2056.14,0.006978828438358509,False,2015-02-09 16:15:08.471000
2015-02-10,2060.0688,0.002291,0.019652,0.044352002044551725,1.4517522230439641,-0.8025065754469318,0.7073734964479372,0.021757843821284404,0.06708236637178228,-0.45591282296645386,0.4253018766549192,-0.371601028347723,0.00501534560531428,0.13369315332603243,726,True,18,154,726,261023,2048.73,2070.85,0.010796932733937448,False,2015-02-10 16:30:49.649000
2015-02-11,2066.2906,0.003414,0.019684999999999998,0.04529831292730923,1.428243904634736,-0.8153702640982093,0.7054677317698163,0.02172475661706806,0.05776246059032391,-0.48964269087590084,0.4705413871353947,-0.3682906419111169,0.005037393289429517,0.17372647273387798,665,True,18,145,665,263154,2057.99,2073.47,0.0075219024387873645,False,2015-02-11 16:21:05.846000
2015-02-12,2082.8154,0.004948,0.019516,0.042893992892045575,1.3574414686319798,-0.8047971780884594,0.629140623296493,0.017120152492303375,0.055980010912270214,-0.4999999761208103,0.4925759538286246,-0.27936575446816364,0.0055182985942013275,0.18576366307673045,758,True,20,164,758,361284,2073.86,2088.49,0.007054478122920482,False,2015-02-12 16:15:12.794000
2015-02-13,2092.5233,0.002183,0.019442,0.04321346431232007,1.17449100227619,-0.8006420905843391,0.5651465777744811,0.01589688911928128,0.05591345151990855,-0.4996122836816512,0.4844336338140158,-0.21788300434620123,0.004558506575137411,0.1495881344962627,702,True,17,152,702,359772,2086.75,2097.0,0.004911944411165603,False,2015-02-13 16:16:23.578000
2015-02-17,2096.4876,0.002183,0.019428,0.037633527610352095,1.6974681055261382,-0.7906059097390086,0.6608805381576703,0.017137539233804375,0.05912012273682846,-0.4707356696633382,0.4735261536525375,-0.308999660081552,0.003991742826275812,0.11651891232430474,756,True,19,137,756,329221,2089.85,2101.29,0.005474077086872198,False,2015-02-17 16:17:17.728000
2015-02-18,2096.4796,0.00198,0.019467,0.03947049325659358,1.6687824895264374,-0.7961731832937226,0.6834454771798564,0.017283206957227997,0.06004857275256193,-0.4635993566924219,0.4459178259359647,-0.3353623842784522,0.004998478627664416,0.16202267928414554,676,True,19,148,676,536493,2092.16,2100.22,0.003852477821963962,False,2015-02-18 16:28:02.583000
2015-02-19,2097.8454,0.002082,0.01948,0.04806359117554015,1.5958239604099065,-0.8037761309362931,0.7371406414997967,0.015876356972079963,0.05307976502767545,-0.4137178544205945,0.4506201114444773,-0.3899742645081856,0.005458643432352698,0.18300517802597413,681,True,20,144,681,292823,2090.95,2102.12,0.005342069394294491,False,2015-02-19 16:16:17.408000
2015-02-20,2097.723,0.002082,0.019369,0.04383128811283038,1.3283231334000893,-0.7862636264814823,0.6290292033745293,0.015402311758683687,0.05906901965602419,-0.45318570713484135,0.440402875059017,-0.27923351076400105,0.005430913759430236,0.18436054655096337,779,True,20,154,779,304064,2085.44,2110.6,0.012064600276200599,False,2015-02-20 16:14:52.371000
2015-02-23,2106.1844,0.002031,0.019376,0.05413824499565464,0.9638892097481052,-0.7696831643797362,0.6285290094522793,0.01455514484422078,0.0585688918836549,-0.40359382818022843,0.4581714460738085,-0.2906821753510417,0.004352882025000139,0.1279587077103488,597,True,16,133,597,273074,2103.0,2109.85,0.0032572515454112327,False,2015-02-23 16:20:05.950000
2015-02-24,2113.7404,0.001827,0.019326,0.048090094566209635,1.0812969763842346,-0.7718633142595528,0.5784893499918449,0.012649062712345513,0.04886305485251191,-0.474640994172698,0.4999690784274343,-0.2306505803570384,0.005648882311832962,0.21390788778051587,695,True,18,141,695,487965,2105.88,2117.91,0.005712576215168852,False,2015-02-24 16:16:59.228000
2015-02-25,2114.886,0.001827,0.019363,0.05066717404315602,1.5919188281481036,-0.7273756940810391,0.8434034795439722,0.010952460825357257,0.035545400443440435,-0.46165726207034735,0.49999074172078495,-0.5500133726501657,0.005640526677527496,0.27664215110072976,634,True,18,129,634,455607,2109.9,2119.56,0.004578416038674815,False,2015-02-25 16:19:53.122000
2015-02-26,2110.1183,0.00198,0.019406,0.04738581305349003,1.4165983524506303,-0.76776695618041,0.7251858500078118,0.012385945934057598,0.04493305621259093,-0.4258794267698939,0.4797498613497414,-0.3916411876493373,0.005314853685020289,0.18692642504303245,667,True,20,135,667,224428,2103.76,2113.68,0.004715366771874896,False,2015-02-26 16:15:02.058000
2015-02-27,2108.9892,0.001878,0.019465,0.05410453333847067,1.0613316130386246,-0.7814234346945378,0.6475995022079728,0.012651915511514752,0.045019079554541826,-0.4368680991454155,0.46469527466728633,-0.3045394119783719,0.00518762672634919,0.16726361955601016,595,True,18,132,595,267496,2103.77,2112.74,0.00426377408176748,False,2015-02-27 16:20:57.678000
2015-03-02,2112.7411,0.001675,0.019354,0.05845558872488739,0.7886804707416547,-0.8180428077890012,0.5309169514565643,0.011665697751562487,0.05381495549123543,-0.4099745132432151,0.43893969037798997,-0.18966724687788233,0.005554680615633861,0.23537734396121945,623,True,18,135,623,333467,2104.53,2117.47,0.006148641264320132,False,2015-03-02 16:34:06.638000
2015-03-03,2105.5513,0.002132,0.019444,0.04779894603084315,1.0136943979934323,-0.8243833154428017,0.5521131912323293,0.013564370946185315,0.04834278079167627,-0.46884395115940414,0.4635756702697531,-0.20792192828983438,0.004966380490627196,0.2565403675569729,738,True,19,142,738,306904,2098.28,2114.34,0.007653887946317939,False,2015-03-03 16:20:11.339000
2015-03-04,2095.2729,0.0019850000000000002,0.01957,0.045074500058317306,1.1256195395153101,-0.8517503328178504,0.5721213710352432,0.015035372738861583,0.05544664924253794,-0.40451782598772,0.4316155750522818,-0.22584938719619452,0.0043091453998662255,0.16536928146938795,761,True,18,144,761,369527,2087.63,2106.29,0.008938365514961966,False,2015-03-04 16:20:47.171000
2015-03-05,2100.9389,0.0019850000000000002,0.01957,0.04955857147746585,1.6066014013325751,-0.8349160940180302,0.7610891251782833,0.014267164073323194,0.032602162035773895,-0.42026668785451493,0.48179942858752534,-0.4200149156971702,0.0047420528150364455,0.17875240720606886,606,True,17,134,606,170311,2095.35,2104.21,0.0042284105280741,False,2015-03-05 16:17:51.137000
2015-03-06,2081.6331,0.002495,0.019834,0.04271683255870661,1.3568216710041086,-0.8536100871231775,0.5987844086018447,0.01705232860206482,0.041657085105740774,-0.49133380332076054,0.48013036383493707,-0.24262451972004687,0.004307207529693599,0.22884136803090127,901,True,20,170,901,382552,2067.27,2099.28,0.015484189293125894,False,2015-03-06 16:17:56.882000
2015-03-09,2077.6148,0.0033629999999999997,0.019761,0.05515292342546697,1.1719367216126217,-0.8460332362890112,0.6731794981127018,0.017879033787036227,0.03163788892446813,-0.44577746147083486,0.46011419300951883,-0.3238991641460817,0.004374887684243397,0.18492697400776967,739,True,17,151,739,236639,2072.31,2083.46,0.005380469138304589,False,2015-03-09 16:15:11.414000
2015-03-10,2052.9642,0.0033629999999999997,0.019761,0.05074935103010066,1.1278260958433097,-0.8618934563010338,0.5977195250634858,0.021555397774500072,0.036513083598084826,-0.44909840618301006,0.49995885737882817,-0.24279574576439888,0.003858630790630699,0.2517422847994626,981,True,20,158,981,422832,2044.16,2072.7,0.01396172510958027,False,2015-03-10 16:15:43.109000
2015-03-11,2044.8064,0.003516,0.020171,0.052222585749166515,0.9278119382147897,-0.866662602695201,0.5464126335741255,0.02217004005683595,0.03960533306168871,-0.45418939288102433,0.4999879549971773,-0.20166128912436704,0.004122950369975749,0.16548412983847843,817,True,18,151,817,351627,2039.73,2050.08,0.005074200997190692,False,2015-03-11 16:15:34.312000
2015-03-12,2058.9954,0.005409000000000001,0.019926,0.0627576864253393,0.8300554400876399,-0.8515666547255433,0.5802999329091748,0.020462870657902803,0.03188705805617494,-0.4044631011467398,0.49998090469029477,-0.23256329408505855,0.005437652743374373,0.18824565641559474,764,True,19,161,764,303217,2041.61,2066.4,0.012142377829262196,False,2015-03-12 16:16:46.855000
2015-03-13,2049.1019,0.002342,0.020051,0.06311787021743334,0.7406363237191371,-0.8796983743280502,0.5076134793516378,0.021376851637402043,0.035337043260373915,-0.40636761024169615,0.4999750771961933,-0.16417666970183276,0.004772027161188709,0.18943980819024636,770,True,18,164,770,226070,2041.23,2064.04,0.011174634901505387,False,2015-03-13 16:24:04.662000
2015-03-16,2074.9446,0.002393,0.019784,0.05548962180908304,0.8911292341588063,-0.8640564327663169,0.5393176265022744,0.019764517974045527,0.03809334854640428,-0.381651715604305,0.48147851679019354,-0.19196665388306686,0.0035861954418231175,0.145006487312844,818,True,19,154,818,219773,2057.66,2081.37,0.011522797741123414,False,2015-03-16 16:17:47.427000
2015-03-17,2072.214,0.002546,0.01985,0.053969267225796216,0.9192309663833845,-0.8550802318651529,0.562026018207023,0.020923071025205135,0.043843210984616326,-0.34828003347166797,0.42765714888712536,-0.21665280180769744,0.0040210141924252926,0.1504186641931077,630,True,15,145,630,154350,2065.09,2078.71,0.006595354197637793,False,2015-03-17 16:15:00.082000
2015-03-18,2077.5779,0.001934,0.019622,0.053526786099913425,1.0469169205729236,-0.8503830761608081,0.5672272318050766,0.01718477408573117,0.036414364439867626,-0.42877760581432217,0.47607313101479154,-0.20967053635747626,0.007599714202560771,0.23439818962908857,801,True,20,167,801,494946,2061.39,2106.81,0.02203367630579378,False,2015-03-18 16:16:57.146000
2015-03-19,2090.9967,0.002393,0.019719,0.0531239427003335,1.3937623166763198,-0.8762460432440909,0.6328082642732319,0.015923315680788978,0.030682090595183373,-0.4050216862047008,0.4930132936878023,-0.25236200043450674,0.003761710640602515,0.12220996996799775,666,True,18,137,666,433714,2085.57,2098.18,0.006046308682997825,False,2015-03-19 16:15:31.645000
2015-03-20,2108.8802,0.0021379999999999997,0.019552,0.05031459546400974,1.360897295182415,-0.848309911834037,0.5969809754729123,0.011984587978770677,0.03400677976150137,-0.44408161611778413,0.4999521145284608,-0.21944029132625342,0.004497141226357365,0.15570200239243553,776,True,19,148,776,374504,2094.13,2113.92,0.009450225153166292,False,2015-03-20 16:16:43.166000
2015-03-23,2111.6602,0.0021379999999999997,0.019584,0.05634157909047894,1.2952602504606308,-0.8347791159780135,0.6518682285756972,0.012497421460138415,0.035666273378913815,-0.39277437560107015,0.45592299850960033,-0.278978171738255,0.004440523577925853,0.21063559618226144,667,True,17,135,667,295502,2104.42,2114.8,0.004932475456420393,False,2015-03-23 16:15:14.800000
2015-03-24,2101.3479,0.0021379999999999997,0.019710000000000002,0.056620695048732635,1.3260412305027838,-0.8490326508479467,0.641711082199746,0.013271647311846425,0.027181182084213086,-0.42293456964576537,0.4901522389450683,-0.2616303607492806,0.005429296750484664,0.2233446701021018,805,True,20,161,805,329793,2091.5,2107.49,0.007645230695672911,False,2015-03-24 16:14:53.826000
2015-03-25,2077.1432,0.002342,0.020004,0.06002721546935488,0.9502878215949873,-0.8822046729782083,0.5480866635148892,0.017099884047347896,0.041154322309010956,-0.3657019345292838,0.42716243725593817,-0.18631272707331104,0.005006739987748561,0.1729141624464407,964,True,20,180,964,283880,2061.05,2097.41,0.017641493413551146,False,2015-03-25 16:24:25.409000
2015-03-26,2055.7608,0.002546,0.020054,0.05026438386678229,1.1187117760441745,-0.8952816082031783,0.5393611697318313,0.020274373584042188,0.05767682845266447,-0.3303160079613329,0.3740156658883546,-0.17844775511974106,0.004881350622124253,0.1465758946784896,897,True,20,165,897,476857,2045.5,2067.14,0.010579320459545238,False,2015-03-26 16:16:12.921000
2015-03-27,2058.9076,0.002393,0.020023,0.05723735494568926,1.0474503218919307,-0.8868961388065342,0.543971322232517,0.019295798861376823,0.03349545707425804,-0.4231896987652081,0.4543459838515549,-0.17599822768718298,0.0036340812258305625,0.1719330847609465,678,True,18,150,678,198782,2052.98,2062.83,0.00479790353534848,False,2015-03-27 16:15:01.172000
2015-03-30,2083.6192,0.002444,0.019790000000000002,0.05690130457358524,1.225332190276123,-0.8882835115743238,0.573069479888561,0.01570909063953692,0.03227447134825963,-0.3854035710456698,0.4999737841532706,-0.18896262845430592,0.0037711138151597197,0.16243952263646322,770,True,18,142,770,247693,2067.18,2088.97,0.010540930156057948,False,2015-03-30 16:14:45.835000
2015-03-31,2077.4026,0.002291,0.019977,0.06068811420788267,1.105002421780652,-0.9018496498193631,0.5940824015562803,0.01800881066865897,0.037333099291303226,-0.30877031339508915,0.4493030658108437,-0.21881287349285522,0.004193938720946815,0.1480748554811932,780,True,18,144,780,271180,2067.07,2083.73,0.008059717377737474,False,2015-03-31 16:18:50.152000
2015-04-01,2057.4553,0.002291,0.019977,0.06164100663870835,1.046018494538067,-0.9029552019199584,0.5705805246413183,0.02063174356094692,0.03573449199356065,-0.3314752825233217,0.440845012894252,-0.1966068691678966,0.004590459168699518,0.15570944869071293,850,True,19,155,850,379734,2048.38,2066.92,0.009051054980032891,False,2015-04-01 16:22:14.897000
2015-04-02,2066.9218,0.001929,0.019994,0.06619480951287873,1.0952604746867707,-0.9059544154699335,0.5752978410597789,0.016832772849697766,0.0273791715386684,-0.3557548684489255,0.49995335276607533,-0.18596648895029075,0.003974157888184565,0.12660900995719046,759,True,19,145,759,251062,2057.37,2072.12,0.007169347273460858,False,2015-04-02 16:16:22.909000
2015-04-06,2079.0063,0.002495,0.019867,0.08568889694973897,0.6889792148104052,-0.8949824413676354,0.5508558743247634,0.016993315265659104,0.027578894555119762,-0.3693712738800638,0.49998451991603055,-0.18536645640129773,0.0041707575069345375,0.13774454937300684,858,True,19,157,858,212971,2056.59,2086.92,0.014747713447989197,False,2015-04-06 16:17:32.299000
2015-04-07,2086.225,0.002495,0.019867,0.07317505033636361,0.8594728141260936,-0.8897906380880524,0.5631992660476999,0.016147361438190146,0.026460720859612805,-0.3568746964196847,0.49998989328605487,-0.19140948040384187,0.0038748339167947424,0.16055659277681178,682,True,17,144,682,322653,2076.11,2089.8,0.006594062935008305,False,2015-04-07 16:17:36.255000
2015-04-08,2081.5062,0.0035670000000000003,0.019894000000000002,0.07553657502291791,0.8077808265312607,-0.8878653759989682,0.5459546197141827,0.0159036466207827,0.025948422250207447,-0.36801844160351743,0.49995823685290924,-0.17603245277655144,0.004251127112340984,0.18629590976271687,682,True,18,145,682,225000,2073.31,2086.68,0.0064486256276194975,False,2015-04-08 16:15:45.339000
2015-04-09,2083.2892,0.0034649999999999998,0.019806,0.06744092873776135,0.9593362546042621,-0.8950799921154395,0.5564491761263226,0.014280512902277684,0.028588746149952843,-0.3585302819580112,0.4987566876038235,-0.18023862964702939,0.004735586139962855,0.1685185173296829,780,True,19,139,780,270437,2074.31,2093.3,0.00915485149278572,False,2015-04-09 16:24:46.159000
2015-04-10,2098.7972,0.0034649999999999998,0.019806,0.0630986071641838,0.9927299025455035,-0.8943427150131699,0.5438002966035796,0.012087773593392658,0.028297353400363875,-0.37024751374800074,0.4999805333975155,-0.17043901430442682,0.004310490114300847,0.17216746567227678,729,True,19,142,729,356996,2091.96,2102.61,0.0050909195204498214,False,2015-04-10 16:15:23.226000
2015-04-13,2101.6339,0.0021379999999999997,0.019790000000000002,0.07053387611090516,0.7172194731697041,-0.869908304888738,0.5123772132814755,0.013700188261972886,0.03101020083237373,-0.4010839424780979,0.4999543509028006,-0.16135386976032945,0.0052136386847198265,0.2338780665927252,864,True,20,162,864,321643,2092.34,2107.65,0.0073171664261066915,False,2015-04-13 16:15:15.648000
2015-04-14,2092.6466,0.002087,0.01976,0.08155240971987983,0.6379677280592949,-0.8552746743775532,0.5550414328153075,0.015205891552319379,0.037225924952464316,-0.2991563144488414,0.4123510886935682,-0.20401538104816452,0.004904852026709677,0.24096652266063787,769,True,19,160,769,256550,2083.25,2098.6,0.007368294731789238,False,2015-04-14 16:32:20.996000
2015-04-15,2105.1266,0.001934,0.019658,0.08022382924240223,0.6065358218934592,-0.8657259430482589,0.5049474052767631,0.013048591438247773,0.031220395070612875,-0.38663812189270375,0.4999925292132295,-0.1576546296857737,0.004576823067309296,0.2099262635785677,820,True,20,157,820,459283,2099.37,2111.91,0.005973220537589752,False,2015-04-15 16:19:54.728000
2015-04-16,2104.9813,0.0019850000000000002,0.019677,0.09260880948198381,0.5578618717452748,-0.8367043641740952,0.5516257117227381,0.012795948925375462,0.03711574063667156,-0.2815438593848686,0.39603909158910583,-0.2009650782381753,0.004540418799616845,0.20993308313529907,681,True,19,149,681,246693,2100.03,2111.3,0.005366590001095295,False,2015-04-16 16:14:56.772000
2015-04-17,2082.1934,0.002036,0.019902,0.07308660711834403,0.6734356636068541,-0.8603667650837186,0.5061947253249757,0.01553397728862709,0.042325191518588226,-0.33730727376676944,0.4257760608776143,-0.15779484441579672,0.0036504472667647273,0.1350078443614001,885,True,20,156,885,527046,2072.4,2099.36,0.01300907160779774,False,2015-04-17 16:16:31.979000
2015-04-20,2100.5121,0.002087,0.019723,0.07211742049115503,0.9379355000956212,-0.8291647772010294,0.6402457691645604,0.012484368945865614,0.03464741340650043,-0.273256678229979,0.40236572574580676,-0.27463166722516424,0.0037982634923830047,0.15574539590301437,738,True,18,155,738,233142,2087.0,2103.94,0.00811691423095362,False,2015-04-20 16:22:15.175000
2015-04-21,2099.6701,0.002036,0.019753,0.08629347790348978,0.6870654219387771,-0.8194982687089855,0.5925803513177321,0.012206101243752978,0.03456895682814006,-0.30997109957927216,0.4361234362039104,-0.23257294315519533,0.00400375409844478,0.1378420694112791,647,True,15,144,647,289199,2094.38,2109.61,0.007271841786113287,False,2015-04-21 16:15:01.480000
2015-04-22,2103.9297,0.0021379999999999997,0.019659,0.08122456220498962,0.6574440301895056,-0.8577333589597249,0.5206652048389605,0.01199696838167791,0.03949414989150047,-0.32159700813135506,0.41012578541981726,-0.16429104847714357,0.0036051732132378993,0.12802094630908947,724,True,18,140,724,271211,2091.15,2109.95,0.008990268512540922,False,2015-04-22 16:17:07.183000
2015-04-23,2111.786,0.002087,0.019616,0.06815499139455766,0.8627938628011527,-0.8554707566018076,0.5427308785340335,0.01103843236636426,0.03209404763117007,-0.3755913416952034,0.4836504024365978,-0.1769493899253443,0.0035502193002144716,0.14325999618228075,707,True,18,146,707,318433,2103.32,2120.46,0.008149021546887791,False,2015-04-23 16:18:43.210000
2015-04-24,2117.7935,0.002087,0.019572,0.07520300730873442,0.8085336308835629,-0.8341901049705606,0.5666959954520335,0.010727812919026553,0.029284896381097197,-0.3825703676736014,0.49825689997513706,-0.19953603015598287,0.0032697601159993673,0.15134462428294873,640,True,19,133,640,392860,2113.04,2120.9,0.0037197592094802,False,2015-04-24 16:14:38.771000
2015-04-27,2118.7589,0.0021379999999999997,0.019654,0.0749287391095248,0.7121856699622711,-0.8324184148493229,0.5297601623928268,0.011639893687907406,0.04123043198969378,-0.3086043641277278,0.4501006622442238,-0.1739194811341839,0.003959859339241365,0.1233910047718212,746,True,19,151,746,342822,2107.05,2125.75,0.008874967371443443,False,2015-04-27 16:18:41.838000
2015-04-28,2107.647,0.0021379999999999997,0.019612,0.07381986795668864,0.6965760618595481,-0.850009745425211,0.5244541947210589,0.013158036983804917,0.04493304886700475,-0.30653621556629923,0.4090176107511344,-0.17220989654399033,0.00460469411633194,0.144246806154153,678,True,16,148,678,209834,2094.93,2115.67,0.009900092127183457,False,2015-04-28 16:17:14.503000
2015-04-29,2106.6281,0.0022400000000000002,0.019695,0.07816040651674779,0.6178179476143394,-0.847618645931797,0.532680785124315,0.013349127629863348,0.05809630057407665,-0.26745970792766677,0.347337563861837,-0.18717101496289762,0.004246610986964012,0.15953650108529585,736,True,19,145,736,279626,2097.43,2113.64,0.007728505838097144,False,2015-04-29 16:15:51.890000
2015-04-30,2091.2077,0.0022400000000000002,0.019903999999999998,0.0699035604441425,0.6230955400857321,-0.8605294922156841,0.49005713361647296,0.015255843232416343,0.06585617229766547,-0.3017244958305068,0.34927827749218276,-0.15304280071067647,0.00437514270295699,0.16213794804762388,842,True,20,164,842,302329,2077.59,2104.9,0.01314503824142399,False,2015-04-30 16:30:31.271000
2015-05-01,2099.0886,0.002132,0.019689,0.08024184411633106,0.6431409735827927,-0.8610733123393731,0.5070070071930874,0.01362974697958649,0.03492956833775279,-0.3555202272402681,0.4146903740087948,-0.15384246984877975,0.003607475783999225,0.14061425480255166,787,True,20,161,787,380046,2089.4,2108.32,0.009055231166842148,False,2015-05-01 16:17:07.760000
2015-05-04,2117.151,0.002132,0.019689,0.07171143168147805,0.7546668812878772,-0.8560335414045042,0.5096031008952956,0.012373124897699893,0.030216001013302567,-0.39198835158295314,0.49256886535869104,-0.15145883544260139,0.0031009574327657756,0.13455461288889844,725,True,20,125,725,211427,2111.38,2120.93,0.004523108109387941,False,2015-05-04 16:18:47.998000
2015-05-05,2098.2834,0.002291,0.019874,0.070082571297466,0.7194658795959905,-0.8733596340865226,0.4869052435928662,0.015134574188051177,0.03353327210134045,-0.38936066315406787,0.4799473093266178,-0.13623267863246816,0.003659323453341826,0.1216512632297115,896,True,18,162,896,215109,2088.48,2115.24,0.012813146403125586,False,2015-05-05 16:18:44.104000
2015-05-06,2081.4213,0.002597,0.02,0.07321645269542894,0.6269701730607423,-0.8799139202824218,0.48788812419066996,0.017843759155457398,0.05909129918933459,-0.28356442432284434,0.33773090312940607,-0.14622575769159712,0.004484292908218261,0.13525710579424088,976,True,20,177,976,383595,2067.96,2098.24,0.014642449563821325,False,2015-05-06 16:22:41.382000
2015-05-07,2083.8517,0.002597,0.02,0.05032702388253832,1.279266026051945,-0.8811087394524256,0.5829112921179727,0.01807792264599828,0.056037475138590476,-0.26991996084452147,0.33591146893517637,-0.21102227078817218,0.0042843602231528045,0.1916689383147429,754,True,19,160,754,381259,2074.99,2092.87,0.00861690899715195,False,2015-05-07 16:20:52.574000
2015-05-08,2113.9225,0.003619,0.019684999999999998,0.060070876860814304,1.0556061433238846,-0.865648548919261,0.5530431053648375,0.012670474682602625,0.03281175895100931,-0.35822229207754364,0.443310079141514,-0.17903430309332638,0.0031216592689312503,0.17676360814802067,819,True,19,145,819,227214,2098.43,2117.64,0.009154463098602239,False,2015-05-08 16:15:56.248000
2015-05-11,2111.5745,0.0038740000000000003,0.019799999999999998,0.058562441056576035,1.1504990489758655,-0.8554104760499219,0.5809662031931444,0.013124963311736475,0.03886424952062347,-0.29741879721800774,0.3919181537294523,-0.2027696637700661,0.0033009210435468294,0.13645924541924126,774,True,18,154,774,234404,2104.58,2117.65,0.006210265231067602,False,2015-05-11 16:16:43.712000
2015-05-12,2098.0207,0.0038740000000000003,0.019799999999999998,0.0646856193533564,0.9440528437043332,-0.8522446502684337,0.5905845818154223,0.015683555682029674,0.05484820794773039,-0.22641183378833396,0.31780771341739433,-0.22665686248347292,0.003915473761466101,0.11698698511816528,809,True,19,148,809,372304,2085.61,2105.05,0.009321013995905236,False,2015-05-12 16:34:16.207000
2015-05-13,2101.402,0.0021379999999999997,0.01989,0.05795510161163153,1.1113744344695236,-0.8612037657797011,0.5542185857712102,0.013677314250378811,0.05137320059376958,-0.26205728392970956,0.33610450284905075,-0.17833860425773873,0.0028973862795226486,0.11019026256410824,754,True,19,142,754,184915,2096.04,2110.11,0.006712658155378692,False,2015-05-13 16:15:19.391000
2015-05-14,2117.448,0.0019850000000000002,0.019686,0.06332742561960346,0.964868486346203,-0.8576933672640292,0.5547207509022294,0.012207678251046935,0.04013545468795323,-0.3209312778309071,0.38349969594063144,-0.18550983687795614,0.0031236468247477483,0.1422006932615211,886,True,20,152,886,316506,2105.82,2121.44,0.007417538061182727,False,2015-05-14 16:14:59.370000
2015-05-15,2120.0581,0.001934,0.019671,0.05816059380349006,1.193382194282231,-0.8600496132588135,0.5948653929681541,0.011128080739786713,0.03970369066204758,-0.31417922924279046,0.38793914290443215,-0.21504920164322341,0.002728674978551639,0.10627076595590224,653,True,18,118,653,267772,2116.88,2123.8,0.0032689618684100807,False,2015-05-15 16:14:44.883000
2015-05-18,2126.5584,0.0019850000000000002,0.019618,0.06412234406979903,0.8386925624769739,-0.8639467921038255,0.5233935239269237,0.011415517414643937,0.045457799686948124,-0.3209200058580345,0.3928644615896122,-0.1663829147687834,0.002932030745069849,0.12107319314156123,822,True,19,133,822,384331,2120.01,2131.78,0.005551860604431136,False,2015-05-18 16:18:06.808000
2015-05-19,2128.7401,0.002036,0.019651000000000002,0.06698358000274764,0.8642542664972791,-0.8342705569149279,0.5929937175768639,0.011336748720305708,0.048574266763675183,-0.2633281001527675,0.32862561122844886,-0.2358598594803565,0.0029595025915777635,0.12098234762190377,691,True,19,138,691,235430,2124.5,2133.0,0.004000941397976021,False,2015-05-19 16:19:47.145000
2015-05-20,2127.6515,0.001934,0.019679,0.055323434522258255,0.9928543180723852,-0.8454146649378447,0.5408283504172293,0.011666596445036478,0.045363253368651046,-0.29568306320462373,0.36193671843871955,-0.18263908290298342,0.0031730193837109576,0.12845443243181748,796,True,19,154,796,337834,2122.68,2134.67,0.005648519795730111,False,2015-05-20 16:16:06.161000
2015-05-21,2130.3743,0.001883,0.019643,0.06052370658931067,0.9327493285452911,-0.8545075260853993,0.5369928261922056,0.010768650661313418,0.03816322700898228,-0.29257886023945606,0.419359869464113,-0.17545440201738882,0.003141611405524442,0.12383797378551648,713,True,18,137,713,277815,2123.02,2134.21,0.005270793492289316,False,2015-05-21 16:19:45.199000
2015-05-22,2129.0182,0.002036,0.019693000000000002,0.058677698700570304,1.0505816803628558,-0.8427434099700536,0.5602363571768385,0.01016391785063772,0.029763222576911032,-0.32693346464002154,0.44671384725536434,-0.19057334530143316,0.002778992974947743,0.11139700264569963,678,True,19,140,678,233374,2126.06,2132.09,0.002836232279427753,False,2015-05-22 16:19:02.567000
2015-05-26,2106.7428,0.002189,0.019899,0.05348569581247321,0.9399209836629464,-0.8509380195977265,0.5261499052592672,0.01425602749115946,0.058899584047021294,-0.26908587385541244,0.3252256986884004,-0.17628906716442194,0.0032178133156733173,0.11487939413945593,964,True,20,148,964,338013,2099.23,2123.29,0.011461345350437968,False,2015-05-26 16:24:53.679000
2015-05-27,2118.5478,0.0022400000000000002,0.019725,0.04935490232219211,1.2058086973257747,-0.8522172130824579,0.5718813833703608,0.01227339002326865,0.051317571568851215,-0.2661881981615854,0.34388620693402533,-0.20802317569407086,0.0034938149123486164,0.13915854584613288,850,True,17,160,850,359138,2105.89,2126.22,0.00965387555855246,False,2015-05-27 16:14:52.874000
2015-05-28,2117.6527,0.002495,0.019767999999999997,0.04762113686217233,1.1960634458042718,-0.8330375795745119,0.5974863155517067,0.013021987600081386,0.05662376307581131,-0.2710814081409356,0.3221242981701758,-0.24307409517458034,0.003047109307614613,0.12069606561793285,700,True,17,132,700,200333,2112.87,2122.08,0.004358999843814271,False,2015-05-28 16:35:47.236000
2015-05-29,2111.2946,0.002444,0.019897,0.059906092369715405,0.7844158609863331,-0.8528309711733959,0.5361965131289265,0.013514558136154453,0.0634297918750035,-0.2727272090128424,0.3130751574093834,-0.19352412264258478,0.0032797556559638393,0.09643808267666253,766,True,18,142,766,248850,2104.89,2120.27,0.007306795129436772,False,2015-05-29 16:24:34.120000
2015-06-01,2111.504,0.002031,0.019871,0.056813729897878994,0.8661595004596009,-0.8564838190060858,0.5589422585437871,0.014211824525430256,0.06758581351498384,-0.25244965278339554,0.29183649247744003,-0.21399694457084262,0.004750315419245122,0.13722717689293665,770,True,17,148,770,389659,2102.55,2119.15,0.007895174906660918,False,2015-06-01 16:41:25.576000
2015-06-02,2110.127,0.002438,0.019902,0.0573908610968636,0.8561906655413927,-0.8580555780239892,0.5559745971977487,0.014586763241018263,0.05940952086905422,-0.2723158114194768,0.3233693951477387,-0.21083271361216432,0.004090607188185114,0.12479633292088466,796,True,20,154,796,305531,2099.14,2117.55,0.008770258296254774,False,2015-06-02 16:18:03.481000
2015-06-03,2116.6032,0.002597,0.019896,0.05668398399036618,1.093907660922574,-0.8501333715445514,0.6229693142253511,0.01365433608644424,0.04780821231551041,-0.25294336341673024,0.331885807686803,-0.26407667778905597,0.003399014472672155,0.12331305108156393,739,True,19,132,739,235513,2109.67,2121.9,0.005797115188631352,False,2015-06-03 16:16:52.034000
2015-06-04,2103.4443,0.0019850000000000002,0.020057000000000002,0.051715495498394694,0.9891609138390908,-0.8674116770176665,0.5509503045405434,0.015759415488348166,0.08308220117418308,-0.2288366716828021,0.2741215391884825,-0.20123634449965053,0.004549857905926501,0.12440836926434505,911,True,20,145,911,532146,2093.25,2112.89,0.009382539113818256,False,2015-06-04 16:18:21.752000
2015-06-05,2094.3807,0.002393,0.02009,0.05903583079991663,0.9954883789273629,-0.872043438998352,0.5666915826565205,0.01658858931583558,0.0432849006393629,-0.2922355855983419,0.35453212380669646,-0.20360038285047385,0.003971787868475766,0.1479817642951717,757,True,19,142,757,204114,2085.67,2100.98,0.007340566820254413,False,2015-06-05 16:16:29.934000
2015-06-08,2086.0677,0.0033629999999999997,0.020236,0.06056607975743376,0.7793092974158331,-0.8709265950831416,0.5033429921111976,0.017425599610278182,0.07018247018507785,-0.23843231594891023,0.2841335257539296,-0.15895474958145908,0.0033923406449788964,0.15571675076516056,886,True,20,142,886,264232,2079.11,2092.98,0.00667112370196854,False,2015-06-08 16:16:23.469000
2015-06-09,2080.0528,0.0033629999999999997,0.020236,0.07011248352231461,0.6576096015614824,-0.8630101301272577,0.5021953115819116,0.017469812076098063,0.06992651487284678,-0.23259651688966257,0.2873787720268054,-0.1599868462676626,0.003797941516321134,0.1432308310481654,821,True,20,144,821,250571,2072.14,2085.6,0.006495700097483681,False,2015-06-09 16:17:46.172000
2015-06-10,2101.5896,0.002291,0.02,0.07205452233769157,0.5833446751594322,-0.8665274957658039,0.45062390761103316,0.013357607004432457,0.07012126108704961,-0.2482002638980444,0.3058157679646794,-0.11899666225693949,0.0035572124357945217,0.1422756771463369,930,True,20,150,930,293878,2084.71,2108.47,0.011397268684852913,False,2015-06-10 16:14:57.608000
2015-06-11,2110.147,0.004334,0.01999,0.05717695458246893,0.9489358863343003,-0.8601860526407437,0.5234779255937434,0.012117048158345597,0.04861854605969618,-0.267189125938749,0.3527042219737347,-0.1655146104347064,0.0029540561526074593,0.1490962792718784,776,True,19,125,776,252847,2106.79,2115.02,0.00390641687116422,False,2015-06-11 16:18:42.394000
2015-06-12,2096.0511,0.004334,0.01999,0.05839878147192836,0.8089850763577312,-0.879915154006814,0.4842368597207508,0.014040921318648238,0.061241756421115956,-0.2575766824593846,0.3242994707929642,-0.13999785093568126,0.0029098318520195668,0.11274053452698289,802,True,20,137,802,240721,2091.33,2103.64,0.005886206385410153,False,2015-06-12 16:18:25.121000
2015-06-15,2082.4812,0.002495,0.02024,0.05103637963850512,0.9089205933979618,-0.8751288017054245,0.5183250634854438,0.01788236937831675,0.0856646338291308,-0.2141975771503208,0.27428954922514,-0.1758848385053619,0.005157762434088259,0.18355964645518802,907,True,20,153,907,324398,2072.52,2087.98,0.007459517881612809,False,2015-06-15 16:18:32.447000
2015-06-16,2091.6274,0.002495,0.020127000000000003,0.06028494838481917,0.6659118102636025,-0.8594913789489691,0.5164491716823646,0.01675657983792908,0.11639548690180371,-0.20251987041173866,0.23927722968879092,-0.18643082871023495,0.004837512143932907,0.1477393699012336,743,True,20,140,743,246438,2082.1,2097.37,0.00733394169348256,False,2015-06-16 16:15:06.219000
2015-06-17,2099.7907,0.002342,0.020097,0.05166394329890026,0.8493339620436453,-0.8567480586554759,0.5236561471097951,0.016145851310111304,0.08396091697878072,-0.23413927853826316,0.2931716950775961,-0.18645587709216904,0.006040555396426478,0.179763484460504,750,True,19,154,750,298936,2088.86,2106.79,0.008583629348065447,False,2015-06-17 16:13:53.232000
2015-06-18,2119.2847,0.002189,0.019906,0.06621357691469415,0.7338993047309595,-0.8658200335021252,0.5033618935652944,0.01303414683289435,0.05324808219813404,-0.2705362238526834,0.3571584798212482,-0.15618499977075082,0.0030772852617258852,0.1295616129327114,870,True,20,142,870,389771,2104.17,2126.59,0.010655032625690897,False,2015-06-18 16:26:47.908000
2015-06-19,2115.3259,0.002189,0.020012,0.07038100722257717,0.713632625171267,-0.8501528483570338,0.5463830845834672,0.013377945884946302,0.059464895934585704,-0.24982877598577916,0.3271221445511515,-0.19808210922605296,0.0032092912710823137,0.11066060007917601,704,True,19,133,704,238493,2109.46,2121.56,0.0057360651541151775,False,2015-06-19 16:15:04.208000
2015-06-22,2124.907,0.002291,0.019886,0.06248913435915852,0.8739316521977142,-0.847238453984549,0.560050446292338,0.011643391213282813,0.06609040715034457,-0.2105457218482018,0.2923491461469747,-0.20443403752243833,0.003204990311243578,0.12774865463558366,819,True,19,138,819,334515,2116.42,2129.86,0.006350346339573543,False,2015-06-22 16:16:49.408000
2015-06-23,2123.499,0.002495,0.019878,0.05896863010907322,0.988458217671145,-0.8418277482899248,0.5576637969846452,0.010494115811627801,0.06164375943384577,-0.21614433382329312,0.2895958012780453,-0.19441285643508452,0.002829737550039053,0.1208434229045582,749,True,19,132,749,233253,2119.89,2128.02,0.0038351046516564846,False,2015-06-23 16:18:19.048000
2015-06-24,2117.6209,0.002853,0.020028999999999998,0.07169102347226237,0.5848354655572053,-0.8741353503232892,0.46513466614088733,0.01151469759933386,0.06786307002819136,-0.22278170535335878,0.3076920659709564,-0.13249535146864852,0.003612568106371309,0.1386983646014035,805,True,20,153,805,302075,2108.58,2125.1,0.007834656498686421,False,2015-06-24 16:18:03.481000
2015-06-25,2108.31,0.0028020000000000002,0.020095000000000002,0.050544302724530484,0.9352462849571324,-0.8554032075127456,0.5203952489806101,0.01272699696296852,0.08893201193567457,-0.191390970437304,0.2585368098765237,-0.17626847246385952,0.00435925896579536,0.1597363670787354,806,True,20,144,806,296576,2101.78,2115.81,0.006675294274376853,False,2015-06-25 16:14:59.161000
2015-06-26,2102.793,0.0028020000000000002,0.020116000000000002,0.04308288853861315,1.146473815355268,-0.8516753603775472,0.5269998157847773,0.014088369766936344,0.08350282987153405,-0.22426164855708813,0.2725568772247314,-0.17894199863841004,0.00430685021206225,0.14610692130111266,832,True,19,151,832,203086,2095.39,2108.9,0.0064474871026396485,False,2015-06-26 16:15:35.327000
2015-06-29,2074.6914,0.002597,0.020553,0.040842031882592986,4.7014046886262,-0.8594194143144657,1.2208240486382587,0.02892640491196442,0.01412823672156863,0.19998678788912577,0.0481359091517481,-1.1063815173618226,0.008387382100368735,0.16911018400382663,1199,True,20,193,1199,667098,2056.64,2091.13,0.016770071573051215,False,2015-06-29 16:28:10.739000
2015-06-30,2065.6956,0.0026479999999999997,0.020501000000000002,0.025442132000983515,7.504837912156056,-0.8557497532688437,1.1177396710864569,0.032069956289671596,0.04549574862910529,-0.4937275531355765,0.49188520049262235,-0.867463818706341,0.00596680962877741,0.15350999313942515,963,True,20,163,963,407768,2056.64,2074.26,0.008567372024272712,False,2015-06-30 16:20:17.217000
2015-07-01,2075.5726,0.002438,0.020390000000000002,0.03169869592554387,3.2663508911689507,-0.8687441059159305,0.7925068303356843,0.022296222556219148,0.062422319533500206,-0.26028186162371825,0.32816993633575314,-0.4209889487581254,0.005461866202298081,0.18193467300216667,842,True,20,159,842,370311,2068.57,2082.78,0.006869479882237517,False,2015-07-01 16:24:17.415000
2015-07-02,2077.1629,0.002438,0.020390000000000002,0.030315105488048444,4.54715539753324,-0.8869438041907719,0.8812750819434095,0.023661872633149977,0.04652292336676189,-0.3088572419948085,0.3892301887755046,-0.5009507789608252,0.005796099853570972,0.1413277603494045,861,True,18,150,861,279720,2071.06,2085.03,0.006745338136027179,False,2015-07-02 16:19:13.392000
2015-07-06,2068.9256,0.002438,0.020390000000000002,0.03778242115317358,2.520359675931714,-0.889998972300927,0.7486669330697322,0.02565423513565255,0.0469807062788497,-0.31260780382479253,0.37246960713391614,-0.37005159520498265,0.0045763007799060765,0.23380415102388077,956,True,20,178,956,333108,2058.4,2078.61,0.009818305479984524,False,2015-07-06 16:16:34.798000
2015-07-07,2060.9259,0.002291,0.020282,0.04162174869388641,2.1829058483859276,-0.8966615227272678,0.7220677096005929,0.02672996459477167,0.03644473701473348,-0.29636156686889875,0.3935502878952723,-0.3396690599599781,0.006752562298576595,0.20644883281780407,1034,True,19,183,1034,470428,2044.02,2083.74,0.019432295183021697,False,2015-07-07 16:17:37.634000
2015-07-08,2055.3403,0.0035670000000000003,0.020637,0.03362669549618874,3.1325341577737,-0.8965306487208573,0.781625960831605,0.030167554507045054,0.04458926966518842,-0.3227994344743031,0.4012559041584462,-0.4002655981361971,0.005715171197755082,0.1568377052436261,1020,True,20,187,1020,284728,2044.66,2073.38,0.014046345113613024,False,2015-07-08 16:17:22.018000
2015-07-09,2062.3146,0.0034649999999999998,0.020582,0.024917844098942512,3.720016140494604,-0.8943700205293404,0.7215365807928135,0.027681435482496373,0.09894039096082591,-0.29576539525638645,0.30999628042795724,-0.33522547295339544,0.006228592128529821,0.16130026604222553,912,True,20,168,912,307014,2050.82,2074.22,0.01141007011829398,False,2015-07-09 16:36:45.814000
2015-07-10,2074.5698,0.002393,0.020332,0.038909698267137444,2.43565299255268,-0.8682615782958558,0.7799689767442268,0.02440005407379483,0.04889009426111934,-0.31973794725830623,0.3532121519618154,-0.41881055863608596,0.004505500549069402,0.14461056226427266,867,True,20,162,867,208886,2062.37,2081.31,0.009183609148697869,False,2015-07-10 16:18:03.753000
2015-07-13,2095.6477,0.002495,0.020112,0.04304735169067251,1.2216393180295455,-0.8670820653508339,0.5478637016519222,0.015389137825081943,0.06405648897839203,-0.26690336174503754,0.32591298152109743,-0.19497796086300412,0.004546593984213331,0.18580086813531269,872,True,19,150,872,430859,2085.65,2100.63,0.007182413156569867,False,2015-07-13 16:20:14.151000
2015-07-14,2107.0971,0.002444,0.020023,0.05455480807816668,0.904865260010336,-0.8709026230032495,0.4998427385323349,0.01223894339323867,0.05924191980032736,-0.2761857209189272,0.33739135363462613,-0.1511132620705756,0.0034963942518951917,0.17441535549423112,911,True,19,152,911,241854,2098.24,2111.95,0.006534047582736013,False,2015-07-14 16:15:06.958000
2015-07-15,2110.1316,0.002393,0.02004,0.04768919013203954,1.233602290866499,-0.861444421001544,0.5587573495930412,0.012778762379808212,0.043824167886388044,-0.3138255492764583,0.4022382770377054,-0.19455078733133607,0.0037011688522508093,0.17192138655226927,826,True,20,152,826,315812,2102.6,2114.14,0.005488442880243527,False,2015-07-15 16:17:34.125000
2015-07-16,2121.0369,0.002495,0.019884,0.0462819839215319,1.0182839860392354,-0.8735141348547804,0.4552979659486145,0.010127573629809894,0.04833641229338004,-0.33553386419766484,0.4122362555613142,-0.11303983165810312,0.0033933932833498,0.1609008324480824,857,True,20,137,857,498289,2115.72,2124.29,0.004050630518216192,False,2015-07-16 16:17:41.592000
2015-07-17,2122.8234,0.002546,0.019862,0.05558073878064994,0.9039291098705928,-0.8511850691527825,0.5165332115999376,0.009888154848484302,0.047817660038360583,-0.30190149393256344,0.37124477424368774,-0.1663244632218602,0.0033446508430388915,0.19342356033434718,803,True,20,149,803,320512,2119.88,2128.91,0.0042596750759476,False,2015-07-17 16:19:56.765000
2015-07-20,2127.9872,0.002801,0.019833,0.05987112117893632,0.6865048971645931,-0.8408319557133123,0.4640675847122404,0.009691343155957596,0.0646006417031029,-0.2733546698130021,0.3342383803824798,-0.1331550874045033,0.003391744026571208,0.1546189860621635,893,True,20,140,893,392232,2123.65,2132.81,0.004313328467496991,False,2015-07-20 16:15:51.699000
2015-07-21,2120.0956,0.002852,0.019921,0.06539902337617329,0.5475254317909974,-0.8449047008964613,0.4410618519509912,0.010807507663394366,0.07233425489818562,-0.2578352072605259,0.31674482904248824,-0.12292030022094043,0.00362116680119875,0.14483187967179204,841,True,19,146,841,359688,2115.4,2128.49,0.006187954996690781,False,2015-07-21 16:15:22.092000
2015-07-22,2113.3922,0.003312,0.019972,0.05430352740013885,0.725389800260095,-0.8485002458410826,0.4445927785009314,0.010294096586792251,0.070909599003377,-0.26651721334918654,0.3103841788241066,-0.11888028890676759,0.0037770103020160176,0.17505673929788043,744,True,20,132,744,439820,2110.0,2118.47,0.004014218009478654,False,2015-07-22 16:16:51.292000
2015-07-23,2108.439,0.00321,0.020104,0.04973920311475232,0.844563437151656,-0.8628756562354968,0.43648701567670156,0.01081210566312903,0.07235955922950289,-0.26044861702952654,0.31154173776207617,-0.10650509016679395,0.00407970521636576,0.16033111046281598,942,True,20,170,942,315052,2098.63,2116.83,0.008672324325869729,False,2015-07-23 16:32:46.412000
2015-07-24,2088.6796,0.0031590000000000003,0.020322,0.04753205898818832,0.7972573214577967,-0.8668689335094248,0.4250712225853596,0.012545286654707468,0.09870345314077549,-0.2388973115716886,0.27576101599622205,-0.10489498020561834,0.004338176345699844,0.15740702333482537,964,True,20,162,964,287589,2077.14,2106.01,0.013898918705528063,False,2015-07-24 16:14:59.802000
2015-07-27,2069.5541,0.0030570000000000003,0.02044,0.03287771054659901,1.2847624707883178,-0.8724106361665523,0.44892146472883243,0.017143223725742247,0.10426796082170983,-0.24665536084313525,0.2862344071859383,-0.117050384222857,0.004721763570372171,0.15375310396919792,984,True,20,159,984,478587,2063.56,2076.11,0.006081722847893989,False,2015-07-27 16:33:50.152000
2015-07-28,2085.7042,0.0031590000000000003,0.02019,0.061408610858583484,0.5173693478786348,-0.8768494181472852,0.39438802518517485,0.0134169324988033,0.09710674754548733,-0.23190213170855672,0.2829107577628077,-0.09200004850138574,0.005826176255396624,0.18957196058514747,1017,True,19,164,1017,414342,2069.1,2095.58,0.012797834807404262,False,2015-07-28 16:16:29.258000
2015-07-29,2103.4579,0.0031590000000000003,0.020166,0.048477610589681634,0.9847633796917228,-0.8845073191847088,0.44125709048363787,0.01069926842973494,0.06896146289784733,-0.25593625056943664,0.32343014011423,-0.09922986861473711,0.004165328374224417,0.1819080019727824,885,True,19,139,885,254947,2094.18,2110.59,0.007836002635876804,False,2015-07-29 16:19:56.970000
2015-07-30,2105.5687,0.003414,0.020177999999999998,0.053585297522428604,0.9348949830610472,-0.8911994746928236,0.45432415161125056,0.010436640760141776,0.07374568168724971,-0.2224277159579623,0.3001583688611032,-0.10621718309817844,0.00449223580592374,0.2115227340933682,859,True,20,144,859,282552,2094.97,2110.44,0.00738435395256265,False,2015-07-30 16:15:33.381000
2015-07-31,2108.9038,0.003108,0.020228000000000003,0.04718496981633507,1.2273517634475477,-0.8983319925871172,0.46687007669384895,0.010168367482221958,0.044091474330810315,-0.28611401830256566,0.40556197065147603,-0.10214255668752409,0.0039190381832886305,0.16737060003299334,797,True,20,139,797,244181,2102.09,2114.24,0.005779961847494519,False,2015-07-31 16:17:04.723000
2015-08-03,2096.6859,0.003108,0.020228000000000003,0.05015416710761374,1.0150700571784734,-0.8946612269729913,0.44979654945478176,0.011813603893917949,0.06099230814623699,-0.22167233984733264,0.32689496005290913,-0.10049694935409956,0.004161977559448122,0.18966555758898673,950,True,20,157,950,423703,2087.32,2105.68,0.008795968035566926,False,2015-08-03 16:16:15.077000
2015-08-04,2096.8166,0.0021379999999999997,0.020335000000000002,0.05256533098945697,1.0748824388160547,-0.8880150875156626,0.48157349079665673,0.01158470094457042,0.04781032867396013,-0.22079913081503869,0.3310707438169942,-0.11890992469583633,0.003931870479978524,0.17169234487633178,911,True,20,160,911,239059,2088.62,2102.49,0.0066407484367667635,False,2015-08-04 16:14:56.795000
2015-08-05,2106.1365,0.002189,0.0203,0.05074937593659621,1.1671181001567028,-0.8899491600314152,0.4767164771024741,0.01020891862781463,0.0387112826699481,-0.26282577862171586,0.3975739567204843,-0.10879756908647681,0.004460705695845618,0.2096773827247575,921,True,19,154,921,271713,2097.29,2112.66,0.007328504880107056,False,2015-08-05 16:31:58.105000
2015-08-06,2083.5766,0.002495,0.020489,0.055270541097727506,0.8559610524753382,-0.8942665231731682,0.45197714316499704,0.013888453316110324,0.06504917440328105,-0.21114466704257107,0.3060709643568503,-0.1096644768858077,0.004840653207997322,0.16075822470849283,1050,True,20,163,1050,404645,2075.53,2103.31,0.01338453310720622,False,2015-08-06 16:14:59.166000
2015-08-07,2074.4414,0.002189,0.020548999999999998,0.05275967481899924,1.0177822436317876,-0.874252744206104,0.4929314095423649,0.01513599524308657,0.056486271883495996,-0.22818876395945673,0.28629307391171804,-0.13558565409229353,0.0040136070119311555,0.20947937284705273,1005,True,19,167,1005,306326,2067.91,2081.91,0.006770120556503834,False,2015-08-07 16:14:59.188000
2015-08-10,2100.4236,0.002342,0.020301,0.04892481756856299,1.2877674155348935,-0.8874151932644531,0.5003079513453128,0.011746864555419331,0.041392681323436785,-0.24651148902498038,0.339855416935742,-0.12430047442777484,0.003748813760323366,0.1809032729180046,980,True,20,155,980,281298,2085.77,2105.32,0.009373037295579145,False,2015-08-10 16:17:02.764000
2015-08-11,2085.9145,0.002342,0.020301,0.05408553858394256,1.0728824134134487,-0.8819336313258228,0.5250818569833181,0.014842239286637048,0.06610563709195708,-0.18108262773611503,0.2735463845441966,-0.1596561101996367,0.004384752352125316,0.17210292353245102,986,True,19,164,986,457473,2076.56,2097.35,0.010011750202257641,False,2015-08-11 16:18:01.523000
2015-08-12,2064.878,0.006844,0.020492,0.06901722564904092,0.5777200461442364,-0.880737580370729,0.5137045326341694,0.017465753279945182,0.20740882398243327,-0.12440574451518545,0.1560140410710467,-0.1841470772754682,0.007336493337891457,0.5995794656443058,1169,True,20,174,1169,502119,2052.22,2089.04,0.01794154622798727,False,2015-08-12 16:16:45.456000
2015-08-13,2087.1957,0.003721,0.020537,0.05597693714908581,0.9431962855602608,-0.8853132451046433,0.49721899628313443,0.014373743872151077,0.06710717673382124,-0.22081062133435833,0.26028373708489316,-0.14163225187269185,0.004935618987942415,0.3761601989739357,947,True,20,170,947,294232,2078.38,2092.93,0.00700064473291695,False,2015-08-13 16:15:10.575000
2015-08-14,2086.9041,0.0037719999999999997,0.020457999999999997,0.05484165940934839,1.1516474121902727,-0.9012983628878444,0.5378093669755,0.014269279676711794,0.05489120276561143,-0.1942253670895345,0.26817849919488923,-0.16292240492859522,0.004331177143885175,0.3297258480926531,835,True,18,161,835,176396,2080.63,2092.44,0.0056761653922128286,False,2015-08-14 16:15:48.530000
2015-08-17,2093.1519,0.0037199999999999998,0.020358,0.05719591918723471,1.0259319489903322,-0.8960191034776439,0.529842158616125,0.013538023916106643,0.062010318335290755,-0.2080634268355883,0.26811388229838706,-0.16337447135488847,0.004808814259761543,0.2610179153491795,942,True,20,154,942,287926,2079.3,2102.87,0.011335545616313114,False,2015-08-17 16:47:24.821000
2015-08-18,2098.509,0.0037199999999999998,0.020434,0.04875012991929594,1.4333295769789525,-0.8933250485078681,0.5696222953640605,0.013348368315426393,0.04681146216056005,-0.2537396311462851,0.293802396365162,-0.18471955318603414,0.00422379449349413,0.3865020532057302,817,True,20,139,817,331195,2094.15,2103.47,0.00445049304013545,False,2015-08-18 16:15:11.108000
2015-08-19,2081.1569,0.0038229999999999996,0.020615,0.053747468043303825,0.9304189956135749,-0.8889171222885831,0.5279458561216875,0.01625895183491575,0.09498642401214048,-0.20221065624508777,0.22542731320434983,-0.17871149652881468,0.004936054295842712,0.24834601941254575,1053,True,20,169,1053,736591,2070.54,2096.11,0.012349435412984056,False,2015-08-19 16:15:09.644000
2015-08-20,2053.2784,0.003721,0.021059,0.09869777331006728,0.40502795629329924,-0.9125518731834062,0.6321513989717383,0.021527531331141582,0.5885265234473777,-0.0656040611712613,0.09266402044224747,-0.31966467639297413,0.006974771141330887,0.4267883268341771,1177,True,20,191,1177,699948,2035.73,2069.79,0.016731098917832865,False,2015-08-20 16:14:59.831000
2015-08-21,2000.5745,0.003517,0.021751999999999997,0.018284565505109377,7.995947340246218,-0.7825498104478475,1.1364587487318019,0.05386223562527655,0.11427083131537862,-0.41864752070578404,0.3153110589161049,-0.9991336417327786,0.010390756724529207,0.3381449008214074,1239,True,19,203,1239,1213667,1970.89,2025.08,0.02749519252723376,False,2015-08-21 16:52:31.524000
2015-08-25,1924.8064,0.003261,0.022963,0.02940797157805715,7.646549848468716,-0.7958156532581815,1.8864796677745972,0.10695724816968019,0.08581773390054287,-0.4999999803447646,0.3952658477452468,-3.109066495699024,0.0157692148920654,0.3368232055294968,1288,True,19,207,1288,823892,1867.08,1948.02,0.04335111511022571,True,2015-08-25 16:34:29.255000
2015-08-27,1973.5569,0.0034649999999999998,0.021596,0.018786034615478585,7.48870125685314,-0.7522529617425762,1.3082589796436663,0.0694899700357161,0.12561409880569407,-0.4291024634624627,0.35924081559459486,-1.4301755557458447,0.008290251984461604,0.17680959882338543,1249,True,20,188,1249,818433,1948.35,1989.59,0.021166628172556212,False,2015-08-27 16:15:27.616000
2015-08-28,1983.6487,0.00367,0.021593,0.033609060776169326,5.050529408196031,-0.8004374615850967,1.3834969282835134,0.0689662176581939,0.07556304822090955,-0.49999991429942675,0.3840089035718918,-1.5745766509061354,0.00602385532684557,0.17194479105866228,926,True,19,169,926,318526,1975.3,1993.43,0.009178352655292876,False,2015-08-28 16:17:17.897000
2015-08-31,1975.675,0.0037719999999999997,0.021789999999999997,0.030919125813600828,5.873770107709576,-0.7790646301387376,1.476802753570842,0.07094935190695634,0.09782769459281117,-0.4999987915696534,0.3516639430925002,-1.8177226990335407,0.0061260807456613876,0.25875914218854645,1032,True,18,176,1032,426930,1965.98,1986.25,0.010310379556251803,False,2015-08-31 16:16:16.652000
2015-09-01,1926.868,0.001929,0.022463,0.04605014860031242,3.6457224527737058,-0.8073280142373723,1.4706567049624113,0.08880360426189975,0.0866416300562247,-0.49461348499207797,0.3030021249645002,-1.8270590224394474,0.009233074765904488,0.25834163312080843,1198,True,20,200,1198,563377,1903.07,1955.27,0.027429364132690814,False,2015-09-01 16:36:08.625000
2015-09-02,1932.5686,0.002336,0.02205,0.029488069764960118,2.9609222645098385,-0.776439967497724,1.006282901216639,0.06279816995783273,0.16069602253161064,-0.40076587535145985,0.31908791712820017,-0.8379815126719963,0.00992809123974247,0.23839386260116113,1037,True,18,170,1037,481490,1919.64,1948.9,0.015242441291075437,False,2015-09-02 16:18:13.188000
2015-09-03,1961.572,0.002393,0.022014,0.03199123025648149,3.0944975220545317,-0.8356884479481729,0.8394130947707457,0.047288252448655047,0.12293613738337966,-0.4089747939264621,0.3715520601833239,-0.506620778160285,0.007696503711399974,0.30649366846962034,1039,True,18,173,1039,435847,1944.73,1975.01,0.015570284821029068,False,2015-09-03 16:17:28.608000
2015-09-04,1921.2835,0.002189,0.022365,0.03882118384131242,2.5875109229083626,-0.8169808501288616,0.9708592467773822,0.06228146316445495,0.11011078209836046,-0.47370977290013255,0.3472846801117814,-0.7416672025938869,0.007172776578173028,0.1547835278539015,1042,True,20,200,1042,299723,1911.27,1937.42,0.01368200201959957,False,2015-09-04 16:17:00.523000
2015-09-08,1955.1099,0.002189,0.022365,0.03792380442215058,3.588683423247661,-0.84401611052094,0.9572459300782685,0.05098236668388191,0.1038998786166744,-0.45406398157435146,0.4115128943751386,-0.6441267140988931,0.006450203762234781,0.22450265750149362,1114,True,19,182,1114,424421,1936.75,1970.42,0.01738479411385052,False,2015-09-08 16:27:13.458000
2015-09-09,1965.7337,0.003618,0.022144,0.031869014249505466,3.404449291249729,-0.8296890105643736,0.8786394922664116,0.045099665891317614,0.11367427670460634,-0.4456339691477529,0.38683889665349175,-0.5550144714210647,0.009467612032841508,0.34919639847392286,1022,True,18,167,1022,320427,1937.89,1988.58,0.026157315430700212,False,2015-09-09 16:38:27.299000
2015-09-10,1948.967,0.002444,0.022046999999999997,0.0342708145379406,5.0158821993869305,-0.8575341239105677,1.0704436262431594,0.057241092246892646,0.11481133745441886,-0.4107735377915376,0.39045585504039054,-0.8020528197659105,0.007693140204499611,0.27918436613670117,951,True,19,163,951,379463,1937.47,1965.0,0.014209252272293194,False,2015-09-10 16:19:30.178000
2015-09-11,1947.9312,0.004334,0.021969,0.03873118131110251,3.2468537196317104,-0.8457627052821475,0.9486169047207503,0.04937519014942052,0.10190844997300454,-0.3974551508968951,0.36778572632893486,-0.6483650717106104,0.006497015653359981,0.22195732375949512,878,True,18,175,878,301630,1939.19,1961.05,0.011272747899896407,False,2015-09-11 16:16:21.502000
2015-09-14,1952.6438,0.0037199999999999998,0.022106,0.040834369379045964,3.6380260064910037,-0.8634990365443188,0.9554763814194822,0.050106136664631054,0.07003981880079134,-0.49999959459408233,0.4525286845086299,-0.6158221199312097,0.005711326861635578,0.26485776630075547,892,True,17,180,892,232511,1948.28,1962.82,0.007462992998952922,False,2015-09-14 16:16:22.173000
2015-09-15,1972.3828,0.004487,0.021827,0.03872538560467738,4.293741947279332,-0.8580220261289607,0.966729451228488,0.044047412481093146,0.06375225395193451,-0.4811228907241241,0.44541957465044235,-0.6020122066817926,0.006438708138818178,0.3105122297188406,1054,True,18,178,1054,457155,1954.33,1983.19,0.01476720922259811,False,2015-09-15 16:18:30.382000
2015-09-16,1985.8486,0.004642,0.021650999999999997,0.029112434653958425,6.217351775472445,-0.8376094145847071,1.0166854214537424,0.042493531691631656,0.06630093262528201,-0.4977804231750954,0.4305336237302815,-0.6716447516283459,0.005719013702311043,0.23933914206235837,839,True,18,164,839,537016,1977.97,1997.24,0.00974231156185379,False,2015-09-16 16:14:59.082000
2015-09-17,1997.3583,0.003517,0.021714999999999998,0.02231116045019941,6.742573118133436,-0.8655188685119485,0.8230598920371258,0.035934324113544254,0.08901414391066494,-0.4474214793973332,0.40775824860657617,-0.3765583245084123,0.010408678984406394,0.36651223051147264,930,True,20,161,930,452636,1986.73,2020.85,0.01717394915262771,False,2015-09-17 16:28:25.890000
2015-09-18,1967.5627,0.003414,0.022073,0.03581157947608235,3.9764891399702704,-0.8496516722577638,0.9172533067201137,0.041089321528516784,0.06599712814176283,-0.4999989683778336,0.416152768588532,-0.5565449149453356,0.006788918814708062,0.3054634540703006,1009,True,19,180,1009,495217,1953.45,1981.3,0.014256827663876592,False,2015-09-18 16:18:03.321000
2015-09-22,1937.6533,0.0033629999999999997,0.022212999999999997,0.07664199351140778,1.4965333369754854,-0.9348621965960118,1.0339562615582296,0.04433157139482337,1.8164518610642704,-0.020675125667206813,0.054490560077571616,-0.8396709542113089,0.0064730351390837795,0.2813919480694187,1004,True,20,189,1004,452539,1929.22,1953.41,0.01253874622904605,False,2015-09-22 16:17:12.415000
2015-09-23,1940.6536,0.003261,0.022267000000000002,0.03641221337346075,3.4018616433933713,-0.8731371390692387,0.7790137303669085,0.03919879207346614,0.06535779075410122,-0.46988519657046834,0.4295399787532603,-0.35912376804770385,0.005890806718111291,0.287827188973614,940,True,20,182,940,428970,1932.61,1949.52,0.008749825365697239,False,2015-09-23 16:37:21.700000
2015-09-24,1920.5297,0.0031590000000000003,0.022342,0.0338461011569292,3.5417596578634445,-0.8649033400298198,0.7787756845119254,0.04648635521179621,0.07935733626522491,-0.45213078475069174,0.41339675140761495,-0.36674205547986366,0.007095895380655132,0.29555914841223413,1031,True,19,186,1031,454613,1908.94,1937.13,0.014767357800664183,False,2015-09-24 16:15:30.049000
2015-09-25,1941.7809,0.00321,0.022351999999999997,0.03734051117550536,2.950443330100588,-0.8841991290582022,0.6984646714034657,0.03856520215070749,0.060277991951009656,-0.4999999686503607,0.4958986743439037,-0.26751077291811876,0.007024613348984023,0.38331409636744423,833,True,19,155,833,295731,1921.55,1952.73,0.01622648382815961,False,2015-09-25 16:15:05.800000
2015-09-28,1891.7806,0.0031590000000000003,0.022948,0.03816200946394797,4.071721829896929,-0.8457358405538502,0.94322887148145,0.06138822759625999,0.0671740943855073,-0.49999992362879175,0.44627503096794124,-0.5789105299819893,0.007777883445598625,0.2756626165099672,1037,True,19,191,1037,459241,1879.21,1924.84,0.024281479983609966,False,2015-09-28 16:45:24.663000
2015-09-29,1885.4402,0.00321,0.022921999999999998,0.028047675672818607,4.734325676655082,-0.8470764701587017,0.8489594073160078,0.06166161344202977,0.10736008499661887,-0.4326283383272214,0.3904516010504714,-0.45515841305370885,0.006988059853584694,0.16994392643127068,983,True,19,191,983,470930,1871.93,1899.46,0.014706746512957114,False,2015-09-29 16:45:40.910000
2015-09-30,1911.3499,0.003108,0.022497,0.03383236367238899,3.6673719888568725,-0.8541292564347837,0.8054852627007525,0.052165740097789425,0.06531749422173418,-0.4999962528940831,0.4683266770814554,-0.40065478273022387,0.006348518063453907,0.19150976509649162,1019,True,20,195,1019,371062,1895.81,1920.5,0.01302345699199825,False,2015-09-30 16:47:41.598000
2015-10-01,1914.4008,0.003108,0.022497,0.03838295956374211,2.7247134016409227,-0.8650257717996731,0.71572220252763,0.04625855006435532,0.0654653335381029,-0.45361733170073276,0.46768606681200603,-0.30309314255506226,0.006998758301770372,0.24260519787460727,898,True,17,161,898,396133,1900.7,1927.17,0.013926448150681336,False,2015-10-01 16:26:42.168000
2015-10-02,1924.0982,0.002285,0.022151999999999998,0.05072198586878916,1.4093018188229318,-0.8253990088931646,0.6538129310539375,0.03946839848176791,0.06322244511685125,-0.4226859588160883,0.4105994570869545,-0.28450617493494956,0.008577658345088394,0.20257704885955582,1014,True,20,176,1014,292401,1893.8,1951.36,0.03039391699229066,True,2015-10-02 16:45:18.192000
2015-10-05,1979.4171,0.002285,0.022151999999999998,0.044640563015649726,1.5496901774435148,-0.8394079668389519,0.5891450499123619,0.02912910269171448,0.06219030483420657,-0.44530780463960995,0.43572882770943383,-0.2087338057944382,0.004547923478308764,0.14548416897133654,1100,True,20,174,1100,446192,1959.83,1989.16,0.014965583749610989,False,2015-10-05 16:21:17.700000
2015-10-06,1981.7015,0.002546,0.021873999999999998,0.04291267383645401,1.8572239489589417,-0.8417143712901366,0.6126820743791698,0.02920677892051253,0.05332498795374856,-0.48095062815714984,0.443857561893741,-0.2159824331397102,0.004363847055468905,0.13411337056971967,974,True,19,172,974,448765,1971.99,1991.62,0.009954411533527052,False,2015-10-06 16:14:34.159000
2015-10-07,1990.0718,0.002444,0.021757,0.055357626623433756,1.4384749645042993,-0.8442424398472823,0.6334625622474284,0.027657436525920596,0.043607818712183215,-0.4659423278338131,0.4999545322868147,-0.24201369778470477,0.004334537487835993,0.1474635975265136,949,True,19,180,949,415635,1976.46,1999.31,0.01156107383908589,False,2015-10-07 16:14:58.443000
2015-10-08,2004.3437,0.00367,0.021547999999999998,0.052435521902864476,1.153751294307198,-0.8557700684488523,0.5487588746450078,0.023376795287329603,0.060769003620660934,-0.41129215980927974,0.41624667848069674,-0.18014119997544878,0.005687909146939483,0.18283671848322694,988,True,20,184,988,406623,1987.84,2016.5,0.014417659368963331,False,2015-10-08 16:15:32.153000
2015-10-09,2014.523,0.003669,0.021539000000000003,0.0504612982519452,1.6019336736636274,-0.8467980309763752,0.6271038892075352,0.02214408611055875,0.04202047807793994,-0.49999998736012047,0.49297974500548836,-0.23158798208606754,0.004020058274558907,0.1446760116156198,842,True,17,153,842,404452,2007.71,2020.13,0.006186152382565258,False,2015-10-09 16:31:01.148000
2015-10-12,2014.8815,0.006898,0.021511,0.05511566968630286,1.1647462036246798,-0.8539844748116986,0.5477952883308049,0.01959791710566355,0.059482979843552226,-0.3934119289099789,0.4131065037198509,-0.17168814386272352,0.0045636829025577485,0.12842875409936597,838,True,19,145,838,235903,2010.6,2018.57,0.003963990848502963,False,2015-10-12 16:20:37.030000
2015-10-13,2013.9474,0.002291,0.021654,0.05129288996712531,1.1945107109214512,-0.8701810894311353,0.5224116017896344,0.019508610172975054,0.06298007901543122,-0.3989080100141604,0.4198537952168682,-0.1503740687647183,0.004667329199597903,0.13856380407584662,895,True,19,156,895,308004,2001.81,2022.33,0.01025072309559838,False,2015-10-13 16:17:46.795000
2015-10-14,1996.9917,0.002087,0.021761,0.04779945486400192,1.2137677090849377,-0.8710721876899455,0.5176983475424486,0.02249933772338535,0.07643063580977612,-0.38710745845034783,0.3863328219145445,-0.15197670939660493,0.0050569675996521195,0.1620064616556465,862,True,19,169,862,390979,1990.93,2009.54,0.00934739041553434,False,2015-10-14 16:15:51.283000
2015-10-15,2010.2454,0.002087,0.021443,0.05138550805637617,1.322341920694926,-0.8759151028123867,0.5284778310771422,0.019183291112121224,0.05986052550463663,-0.3938438307954914,0.43871479637307526,-0.1433903951016943,0.005385733086094995,0.13067292370427286,876,True,19,151,876,351083,1997.48,2024.13,0.013341810681458677,False,2015-10-15 16:14:51.510000
2015-10-16,2027.139,0.002087,0.021345999999999997,0.0542285472857975,1.2952542555493631,-0.8673187218345574,0.5511288912896056,0.017263667198805205,0.04344629562947026,-0.4999999919500264,0.47942465659376987,-0.1632635415257318,0.003361359491479983,0.09212384587034615,792,True,20,141,792,278712,2020.52,2033.54,0.006443885732385635,False,2015-10-16 16:38:38.022000
2015-10-19,2029.6913,0.0021379999999999997,0.021344,0.04805016768252416,1.5931896121255584,-0.8619252268118236,0.5651085989719768,0.01562071053414908,0.04145162126350318,-0.49706066425156975,0.49995020165962323,-0.16624167260669315,0.008879636399609425,0.11644931107457515,778,True,19,149,778,386032,2022.33,2034.44,0.00598814239021328,False,2015-10-19 16:15:35.384000
2015-10-20,2031.9581,0.002189,0.021379000000000002,0.055393231422339026,0.8927570375250409,-0.8669611783595474,0.46222202991771527,0.015492244412524449,0.05927465358739097,-0.41245336607183536,0.4288080358992374,-0.11474381057416048,0.0048892670822414976,0.19550613872966371,793,True,20,137,793,359561,2026.61,2039.1,0.0061630012681275215,False,2015-10-20 16:17:08.647000
2015-10-21,2030.249,0.002189,0.021509,0.054968782305120534,1.2347774494489414,-0.8312964980016023,0.5632143411714203,0.016971365189468644,0.04205186289277726,-0.45602637419158354,0.456183522603923,-0.18146196847309537,0.005291925907964911,0.1873529102784321,783,True,17,137,783,449735,2017.22,2037.9,0.010251732582464923,False,2015-10-21 16:31:35.386000
2015-10-22,2046.9828,0.0021379999999999997,0.021158999999999997,0.05122631053715823,1.22633989501076,-0.8539174543748631,0.5179277983679847,0.01589355710375558,0.04383206296923148,-0.46238809140144005,0.49999084855416037,-0.14260746775045344,0.0038905587615206618,0.11803927683220643,888,True,20,160,888,517804,2025.75,2055.19,0.014532889053437081,False,2015-10-22 16:17:31.291000
2015-10-23,2072.2821,0.002342,0.020901999999999997,0.07172722188912281,0.6272686866600767,-0.8356769349085551,0.4821773500094824,0.014412917260865922,0.04145980330353155,-0.496480771721172,0.49995051001849794,-0.14251051631783496,0.004476205758817053,0.15589312799984223,917,True,19,170,917,547089,2064.01,2079.71,0.007606552293835778,False,2015-10-23 16:27:54.628000
2015-10-26,2070.5993,0.002444,0.020942,0.05527155591158438,0.9750552239186149,-0.8302068637843618,0.5433608304873127,0.016550549443195128,0.050184559503993295,-0.41680139104553066,0.4517780456715971,-0.1874553534564618,0.003604184132495154,0.10854226917913076,755,True,20,137,755,229891,2066.64,2074.44,0.003774242248287152,False,2015-10-26 16:15:09.964000
2015-10-27,2063.1484,0.0027500000000000003,0.020996,0.05231284508980782,0.9281927098189511,-0.8471902465112601,0.5132514350829226,0.017279523626905956,0.07100948700775843,-0.35234450520760846,0.39411977734538955,-0.16631423273018403,0.004269781150404214,0.14991214962188906,718,True,19,124,718,278354,2058.94,2070.33,0.00553197276268369,False,2015-10-27 16:14:25.029000
2015-10-28,2078.4042,0.003108,0.020762999999999997,0.05485413438927388,0.6887620407481031,-0.8658067532325576,0.4254034842706101,0.015078312229276072,0.07277676528250028,-0.3847802409485849,0.3963099567780439,-0.10540523333872126,0.006285894287337612,0.15616841402463227,910,True,19,178,910,407772,2063.12,2090.35,0.013198456706347672,False,2015-10-28 16:15:12.145000
2015-10-29,2087.6357,0.0030570000000000003,0.020791,0.06436848086781437,0.7508423365480326,-0.8336652183351846,0.5211524337704491,0.01639651543605452,0.046927064991273824,-0.43317581762716073,0.4786131293733078,-0.17493869807518814,0.004540327195762076,0.13896683699620493,752,True,16,138,752,571409,2082.65,2092.51,0.004734352867740599,False,2015-10-29 16:19:22.714000
2015-10-30,2087.2301,0.00321,0.020892,0.059660306537425725,0.8565921013710612,-0.8256741957649154,0.5310683039379882,0.015422253915248013,0.04573605848456945,-0.47766759058641517,0.49473070164816446,-0.1798244487569011,0.004492936554846068,0.16583089984943977,723,True,18,141,723,309912,2079.34,2094.32,0.007204209027864561,False,2015-10-30 16:26:26.451000
2015-11-02,2098.3328,0.002285,0.020651000000000003,0.05591577723425566,0.8856418052534286,-0.8619826064407368,0.4953998326958807,0.013481669869792216,0.06158787935471311,-0.37417534092176735,0.43709997509708604,-0.14637829445131711,0.005020189522017447,0.15183269436331978,871,True,20,157,871,345574,2080.91,2106.19,0.012148531171458643,False,2015-11-02 16:28:33.496000
2015-11-03,2108.2963,0.002342,0.020599,0.054517765397663454,0.8913301010980103,-0.8595993507505072,0.4928768631230274,0.013264108309093534,0.05131212992211453,-0.4281450961046125,0.4871096931312689,-0.14574095151492156,0.004596354045030421,0.15131113135929425,865,True,20,153,865,468175,2097.6,2116.44,0.008981693363844467,False,2015-11-03 16:18:25.190000
2015-11-04,2103.9542,0.002342,0.020599,0.04763040080449695,0.8920641456830989,-0.8428835530084173,0.47360416798133154,0.014894339792540472,0.062561925629641,-0.42733342012287123,0.43874793358245934,-0.139322162324875,0.005541831488564301,0.185469122164594,831,True,19,164,831,298477,2097.0,2114.55,0.00836909871244651,False,2015-11-04 16:15:51.851000
2015-11-05,2098.9462,0.002291,0.020745,0.05239204368930312,0.8436209890992624,-0.8296268638799603,0.5246109192478616,0.0165777593205146,0.07039680115022377,-0.3656864914589068,0.39632186298540706,-0.1868185611578831,0.005128218490835556,0.1679851788057342,736,True,20,132,736,277244,2090.59,2108.7,0.008662626339932533,False,2015-11-05 16:23:30.546000
2015-11-06,2092.6026,0.002546,0.020762999999999997,0.06542482775628129,0.8617980601804149,-0.837686782171412,0.5600256820335164,0.016325841766081733,0.04007465277819468,-0.45843745553663034,0.49995575417047206,-0.2008627852411033,0.005206032427450156,0.1667465159946071,745,True,19,141,745,315052,2083.79,2101.85,0.008666900215472673,False,2015-11-06 16:15:09.865000
2015-11-09,2077.9342,0.003618,0.021005,0.046236039042239385,1.0074424321144595,-0.8627361291209404,0.49242277944221036,0.01789602337235439,0.0728402897502442,-0.3717196821718923,0.39246055085554216,-0.14931989846548627,0.004509310586572408,0.15719063461371033,941,True,20,152,941,462064,2068.24,2093.72,0.012319653425134414,False,2015-11-09 16:14:59.705000
2015-11-10,2076.8042,0.003618,0.021005,0.047521341132006914,1.2470580543312828,-0.8632870286601065,0.5518027594864886,0.017659956049735737,0.07159517408461868,-0.3336033704717739,0.37573023405822586,-0.1859625429543162,0.0053837595021077305,0.17338563490605544,761,True,18,147,761,197190,2070.02,2083.56,0.006540999603868558,False,2015-11-10 16:20:03.511000
2015-11-11,2079.7133,0.004943,0.021051,0.04516665522776649,1.6649903885293538,-0.8491002626394616,0.6063464037271958,0.016586417216527042,0.04682876894043635,-0.42435300748070887,0.4933132203446259,-0.21725186764040297,0.004588794579882384,0.15640555866310676,737,True,19,139,737,194354,2074.91,2086.93,0.0057930223479572,False,2015-11-11 16:14:58.695000
2015-11-12,2057.2691,0.006538,0.021374,0.03936012360668917,1.2765590910725853,-0.8620713564964859,0.5164414690120851,0.019768505675847366,0.1012588731305379,-0.3111480907295211,0.3369726774884687,-0.16622074368364098,0.005468325761812903,0.21797598347252506,940,True,19,168,940,342972,2045.66,2068.93,0.01137530185856872,False,2015-11-12 16:39:12.499000
2015-11-13,2031.4448,0.004795,0.021617,0.03467628355914578,1.2955435746775188,-0.8430226566218122,0.5341751745370665,0.02592361379087247,0.11161018796873089,-0.34902276820899025,0.33242685065369904,-0.19549384437421152,0.005810788532928077,0.19522771368864195,1044,True,20,187,1044,374200,2022.11,2043.47,0.010563223563505586,False,2015-11-13 16:14:59.141000
2015-11-16,2035.8338,0.004744,0.021301,0.03647124335430256,1.5170655503139954,-0.8334491608776957,0.5637990779128624,0.026174452073778595,0.0872626651566919,-0.3578506999323852,0.36090323156790427,-0.20721086651553264,0.006733150045219308,0.16431679694532114,876,True,19,172,876,359201,2019.39,2053.19,0.01673772772966098,False,2015-11-16 16:16:39.962000
2015-11-17,2056.7938,0.004846,0.021363,0.04246352022327066,1.2936659167836082,-0.8467299377262938,0.5614386284822032,0.022326072401157013,0.09769272117821805,-0.2946460706812388,0.3398142566450722,-0.2053461159129839,0.005313604751825444,0.13369137932515854,776,True,18,151,776,297854,2046.07,2066.53,0.009999657880717772,False,2015-11-17 16:21:35.452000
2015-11-18,2066.5002,0.004744,0.021,0.03830289707261427,1.3059825127810516,-0.8526122869001916,0.5102554160036751,0.020727576295253684,0.08364591288191392,-0.3532044590530837,0.3964276985699472,-0.16031476202970996,0.005946244226173122,0.16441559830444932,827,True,19,167,827,442658,2054.65,2085.27,0.014902781495631734,False,2015-11-18 16:15:04.600000
2015-11-19,2083.0927,0.004642,0.021016,0.04718518080845124,1.362008107448534,-0.851126895278055,0.5725647345655713,0.019312513804089684,0.05715590611481082,-0.4173817218370128,0.45879714170321384,-0.19929717764307206,0.004272215293139643,0.14777154741095064,683,True,16,141,683,247268,2078.76,2086.72,0.0038292058727316114,False,2015-11-19 16:18:14.629000
2015-11-20,2092.0662,0.004744,0.020948,0.052745747834797685,1.306455578582822,-0.8494116247004352,0.5955875777492419,0.017195551204092843,0.045498080849949114,-0.4978746659452721,0.49995136412720736,-0.21690460975862075,0.003768252126160482,0.16065067529803315,735,True,19,143,735,317916,2085.0,2097.02,0.005764988009592242,False,2015-11-20 16:14:54.311000
2015-11-23,2089.83,0.004744,0.020975999999999998,0.04941964494156117,1.5379385916753003,-0.8707239994277349,0.6032884939182892,0.016650020106204623,0.05448831648766333,-0.4002216460386237,0.4642215964073116,-0.21194824860916175,0.004228666007877969,0.16113301246409711,670,True,16,133,670,252782,2081.39,2095.58,0.006817559419426411,False,2015-11-23 16:14:46.477000
2015-11-24,2082.3001,0.004795,0.020953,0.05103618082637899,1.2454607239088602,-0.8660531856610832,0.5952763925309055,0.01778641485561692,0.07234670350293104,-0.3481601383081384,0.37863893553864575,-0.22722686606947773,0.004960697547577607,0.20950657915107682,772,True,18,158,772,272907,2070.32,2094.12,0.011495807411414427,False,2015-11-24 16:14:47.486000
2015-11-25,2091.2014,0.004795,0.020966,0.05656207117342195,1.3689769835928345,-0.8613416562376334,0.6251237296746235,0.015460603970727054,0.047382291734162627,-0.42229154415115916,0.4575928975213331,-0.23591533024080294,0.003948561767194323,0.1300169039244795,605,True,15,138,605,214964,2086.34,2092.98,0.003182606861777071,False,2015-11-25 16:15:29.758000
2015-11-27,2089.1535,0.004743,0.020831,0.05873539168542728,1.1743183707129894,-0.890333088831903,0.6046456735821645,0.017173901765119716,0.04755048564909427,-0.3879043342495216,0.4999685976252404,-0.22764829164718894,0.00454482061284765,0.19848867855105407,548,True,16,127,548,88064,2084.13,2093.27,0.004385522976013911,False,2015-11-27 13:14:57.781000
2015-11-30,2085.6019,0.004795,0.021017,0.05118871144714152,1.213406887970378,-0.8835526931795049,0.5774901648107035,0.018747056845598742,0.06480420508129565,-0.36869290079023914,0.41088573250292215,-0.2092694203405141,0.0043054425831979435,0.1334134180140308,710,True,20,137,710,303036,2080.41,2093.81,0.00644103806461227,False,2015-11-30 16:30:01.464000
2015-12-01,2094.9999,0.001827,0.020727000000000002,0.05224456505477094,1.1697286124668769,-0.8883923707634809,0.5726725391424968,0.017130363401788244,0.05772190607433272,-0.39387511227445704,0.43788669545156955,-0.20572991190700915,0.005015273311279665,0.13776371526595135,782,True,20,155,782,281136,2085.71,2103.37,0.008467140685905372,False,2015-12-01 16:40:33.631000
2015-12-02,2092.8867,0.002234,0.020963,0.046972062682364556,1.0450387434709343,-0.8764972255032475,0.5047797917024662,0.016848112711677767,0.07258845628115197,-0.3862633919191411,0.4141190899107686,-0.15662738738355275,0.0056696373108532025,0.16705157764785672,795,True,17,152,795,370814,2077.11,2104.21,0.013046973920495253,False,2015-12-02 16:14:46.470000
2015-12-03,2061.4821,0.002342,0.021273,0.038826024461741555,1.5532767538855021,-0.8943788975529628,0.5605055108128517,0.02378331001645248,0.06520859023660075,-0.4382636142480141,0.46361093449402774,-0.19355130516714977,0.007588708579990249,0.21102175075812152,964,True,20,157,964,386571,2042.37,2084.87,0.02080915798802363,False,2015-12-03 16:14:48.049000
2015-12-04,2078.9066,0.002342,0.021273,0.05294748654208805,0.9446285745531531,-0.9054111725208378,0.49972083238561915,0.01850599937649232,0.06755571012516255,-0.3848520326047546,0.4396156363630337,-0.14968949284332628,0.006775604461647709,0.20849270034466005,959,True,20,179,959,369077,2053.4,2093.83,0.019689295802084228,False,2015-12-04 16:26:37.911000
2015-12-07,2074.6602,0.002342,0.021273,0.04665437269941961,1.0331375677138541,-0.8720789950268022,0.48934634815903677,0.01876094639254714,0.0791823349733368,-0.380815097968352,0.3927727824112929,-0.14305907818879718,0.004207175064667583,0.1326428773203357,805,True,18,143,805,209568,2066.78,2089.11,0.010804246218755642,False,2015-12-07 16:15:42.707000
2015-12-08,2064.5532,0.003516,0.021141,0.046009699459725086,1.229032340756411,-0.8699292808400584,0.5632216293256065,0.022241704649209323,0.07149392203320283,-0.39228233283399755,0.41166189948307647,-0.2041237864912211,0.004209093111337346,0.12211495525272137,815,True,19,150,815,266355,2052.34,2073.85,0.010480719568882302,False,2015-12-08 16:15:13.092000
2015-12-09,2054.2709,0.003516,0.021141,0.03708233087497487,1.9067447067083927,-0.8545611276436675,0.659104886277557,0.025841094813884122,0.07970038331802458,-0.3737527739979772,0.3842921192363598,-0.2930061748984163,0.007773297882949119,0.18405495394741261,940,True,19,166,940,287236,2036.53,2080.28,0.02148261994667422,False,2015-12-09 16:16:20.524000
2015-12-10,2055.7638,0.002444,0.021255000000000003,0.04407799025587505,1.6680445008560039,-0.8466640026525831,0.6775078674258349,0.027046419774692722,0.052467530584624326,-0.4862872737659791,0.43832251951209866,-0.3119688119137089,0.004683269172288569,0.14466660620665378,770,True,20,175,770,237245,2045.76,2067.65,0.01070017988424854,False,2015-12-10 16:15:20.032000
2015-12-11,2019.741,0.005051,0.021686999999999998,0.02395485223225833,3.9041658656765446,-0.8401782297458983,0.745814232706117,0.039363994470456125,0.09666407641154355,-0.49999988577508253,0.41514836983064424,-0.36919143690199696,0.008646509858662348,0.1905423584113839,990,True,19,189,990,464365,2008.84,2038.3,0.014665179904820747,False,2015-12-11 16:24:58.435000
2015-12-14,2009.2143,0.006692,0.021625000000000002,0.019388664582027704,7.07413297488254,-0.812094901836999,0.922512514305856,0.05028184607419822,0.13496183024534938,-0.43102060472112824,0.36738135463706834,-0.5767133561335934,0.009176863342366068,0.16653569733138007,973,True,19,182,973,377982,1993.3,2022.92,0.014859780263884126,False,2015-12-14 16:21:36.401000
2015-12-15,2046.7519,0.006743,0.021398999999999998,0.03352422716137008,2.8079758690637915,-0.8230146605711813,0.7863314142990557,0.033398873570047505,0.06064478522788852,-0.4999999455625078,0.45841465913462476,-0.430046651317273,0.00519617185663358,0.13699275958660764,821,True,19,159,821,330390,2030.14,2053.87,0.011688849044893423,False,2015-12-15 16:15:43.317000
2015-12-16,2057.2527,0.006846,0.021128,0.04335963438113507,1.1908231496791428,-0.8458966837300012,0.6018429051773679,0.02546111897582772,0.06765746060605406,-0.39662513843539476,0.45093977723551787,-0.2589475697469757,0.009243924731146843,0.2205569180542719,849,True,19,156,849,409186,2042.68,2076.61,0.016610531262850836,False,2015-12-16 16:26:38.464000
2015-12-17,2055.6834,0.006692,0.021442000000000003,0.051673546944193696,0.8680057621544386,-0.8589090983834855,0.5290923402155772,0.024126873771574176,0.06552165469101211,-0.4122192827312384,0.41149801698979227,-0.19023283147776004,0.005964209814096446,0.2520696422780286,808,True,17,162,808,388226,2041.68,2076.37,0.016990909447121894,False,2015-12-17 16:18:14.412000
2015-12-18,2019.9393,0.006486,0.02183,0.04574585177558538,1.2020860571243297,-0.8604300332795034,0.5916513898036672,0.02915547902151654,0.07472829505645448,-0.4109748386772699,0.3964946678587444,-0.24007046587519598,0.00508993549307162,0.14647105321206721,1048,True,20,207,1048,389564,2005.33,2038.95,0.01676532042107781,False,2015-12-18 16:24:57.317000
2015-12-21,2015.9687,0.006332,0.02169,0.04896179581816802,0.9511394741213203,-0.8766454675795436,0.519851674129435,0.0279763210063216,0.08498430495645704,-0.36897463920300955,0.36895982809084055,-0.1771067696421207,0.004779294255733504,0.16182123326764833,895,True,19,182,895,275106,2005.95,2022.9,0.008449861661556923,False,2015-12-21 16:16:15.574000
2015-12-22,2030.0644,0.006281,0.021511999999999996,0.0725039750110154,0.6989790174044724,-0.8650993606254801,0.50753484664317,0.023326489716638813,0.04636708136612999,-0.4672493820085542,0.4966539582143501,-0.15623410613487013,0.005021723855088176,0.1562131464309784,879,True,17,169,879,294989,2020.49,2042.73,0.011007230919232391,False,2015-12-22 16:15:36.949000
2015-12-23,2057.4608,0.006178,0.021305,0.06435510126939173,0.8615678337266113,-0.8762117682502045,0.5246861647973527,0.019832248681490645,0.04171267128423648,-0.45083582817356005,0.4999881213648931,-0.16440300114990175,0.004886115746118282,0.16048634772154252,872,True,19,153,872,339233,2045.79,2064.72,0.00925314915020592,False,2015-12-23 16:15:01.889000
2015-12-24,2062.5566,0.006178,0.021301999999999998,0.08022061903487215,0.9629483130269347,-0.8664224848120532,0.6107101446656826,0.01827278487142673,0.037237301145934036,-0.4290440308169497,0.4999936034131665,-0.2184702612583659,0.004928656637327714,0.1457158579631261,676,True,18,125,676,122084,2058.73,2067.35,0.004187047354436979,False,2015-12-24 13:14:49.333000
2015-12-28,2050.446,0.00628,0.021349,0.04779736992354143,1.1238195678102278,-0.8719954692452885,0.5498580031846309,0.02283004409099466,0.06311604798054962,-0.41432933467851624,0.4254664620852628,-0.19491258444630968,0.0049983692276030145,0.3460430025104343,834,True,20,150,834,156654,2044.2,2056.71,0.006119753448782017,False,2015-12-28 16:14:58.295000
2015-12-29,2075.5623,0.006383,0.021099,0.04740936270683522,1.0899481066458225,-0.8947521733923385,0.5143755327036862,0.018059714719533097,0.07249289621106673,-0.3477887137385776,0.38995793882021845,-0.16123469840500074,0.00451979438338411,0.17379672345468208,814,True,18,146,814,279583,2062.88,2081.53,0.009040758551151828,False,2015-12-29 16:14:58.620000
2015-12-30,2071.1424,0.005973000000000001,0.021258,0.04422359164060219,1.257060257293488,-0.8631568425055126,0.5799587577900083,0.01939397458195143,0.07633929137237985,-0.36473923754035703,0.3904423498180554,-0.22516872176497443,0.00409641263268845,0.18601949647965674,690,True,20,126,690,234671,2062.0,2076.64,0.007099903006789532,False,2015-12-30 16:14:49.266000
2015-12-31,2051.8307,0.005972,0.021461,0.041430349468281,1.175424447760886,-0.8955641867751887,0.5407264817391262,0.02213928233187565,0.09429866997218243,-0.336444898185769,0.36155671124681477,-0.19498863676538414,0.005051471150136026,0.19458882471801042,918,True,20,170,918,281566,2043.65,2062.5,0.00922369290240499,False,2015-12-31 16:17:48.541000
2016-01-04,2000.6555,0.0059570000000000005,0.021815,0.041420627003537366,2.548127303429544,-0.8611070044466288,0.8514649762908428,0.04028566364502014,0.044498571354376106,-0.49603596940210776,0.49999149827596884,-0.5139025446641963,0.005919240415421851,0.14780670414009037,1215,True,20,181,1215,396639,1989.68,2029.52,0.02002332033291787,False,2016-01-04 16:14:55.935000
2016-01-05,2013.7412,0.0059570000000000005,0.021815,0.04321869991475762,1.2434917042145084,-0.8819748036289101,0.5726058562341494,0.029636755072549457,0.0836863480506296,-0.3550141424405808,0.349556850239902,-0.22039327697176858,0.0052269359053591395,0.16550247016331016,992,True,20,191,992,270710,2004.18,2021.86,0.008821562933468918,False,2016-01-05 16:18:28.448000
2016-01-06,1992.6694,0.006725,0.022079,0.043324954441860776,1.390733263012016,-0.8835095471501295,0.6001314728933989,0.03318728907845276,0.07372629525321601,-0.374060026796767,0.38568095211223374,-0.2396508742356484,0.006211794552684634,0.1749239171484033,1171,True,20,188,1171,393693,1979.05,2003.73,0.012470629847654235,False,2016-01-06 16:17:52.227000
2016-01-07,1956.0789,0.004425,0.022616,0.02494180820354744,3.1731183623021035,-0.8752835148532787,0.6466904561195765,0.04546625948246719,0.08606271307901965,-0.4999999724028675,0.45916812332707085,-0.2599219268367587,0.009082721215336162,0.21209315981340984,1301,True,20,204,1301,504342,1938.83,1977.58,0.01998628038559347,False,2016-01-07 16:22:00.632000
2016-01-08,1941.3445,0.004884,0.022864,0.028031624857024613,2.3446906604588715,-0.8381936017197226,0.6124954742255234,0.043933866465771354,0.08632885158762998,-0.4999998889888988,0.408170246246177,-0.2436997279472441,0.007874911369945649,0.16079570880891933,1186,True,20,198,1186,363145,1918.59,1960.22,0.021698226301607004,False,2016-01-08 16:53:10.727000
2016-01-11,1919.8414,0.006364999999999999,0.022845,0.023801850034641654,2.9730104414278458,-0.8297325767022616,0.6900586936554528,0.04818101513083621,0.10620064245583521,-0.4999999547404455,0.4175140622509862,-0.3346547033328913,0.0072092116840544096,0.16860325494046619,1259,True,20,211,1259,609586,1901.1,1935.64,0.018168428804376413,False,2016-01-11 16:15:10.849000
2016-01-12,1931.5984,0.007799,0.022668,0.029949905924374274,2.0496921095491203,-0.8664689707976355,0.567766629151085,0.037174699682052705,0.08154568053080427,-0.49390324086322407,0.4655577079816825,-0.19958277346772887,0.006280526213936109,0.2376391314214359,1113,True,20,183,1113,359368,1914.7,1947.32,0.017036611479605,False,2016-01-12 16:15:56.587000
2016-01-13,1919.9815,0.005921999999999999,0.023260999999999997,0.026515080640307713,2.4112716751603327,-0.8631839156519734,0.555002112924471,0.04008676803328793,0.09494161558013009,-0.49999892928866646,0.45052287678105446,-0.1801572195254951,0.01090619878011326,0.30569482162935,1245,True,20,201,1245,414046,1886.41,1950.3,0.03386856515815739,True,2016-01-13 16:36:07.451000
2016-01-14,1913.0453,0.005306999999999999,0.022879999999999998,0.02802273230344551,2.9063767771473255,-0.8527466156157202,0.6672624322433756,0.0455885852474143,0.08717878414897287,-0.4999999610662833,0.4772632340843375,-0.28234991668544496,0.00842751544676903,0.2649366334029086,1226,True,20,191,1226,496928,1878.95,1934.41,0.029516485271029014,False,2016-01-14 16:45:00.320000
2016-01-15,1875.3006,0.004641,0.023393999999999998,0.019818965662746376,5.652682511465873,-0.7790013606412474,0.8828018804186615,0.06545253383045965,0.1428635727894766,-0.4912318150629523,0.3583701036027949,-0.5552785188764265,0.008750493160320847,0.1555990277031064,1288,True,20,201,1288,518167,1858.07,1909.53,0.027695404371202326,False,2016-01-15 16:16:19.648000
2016-01-19,1884.9927,0.00459,0.023395000000000003,0.021371812784109056,5.412848973523293,-0.8034136301471572,0.8346971223486935,0.05569035532799177,0.14138282321405848,-0.4729955462728093,0.36356762283388727,-0.4653544962755965,0.008089919163469877,0.18613279463383087,1209,True,20,190,1209,372368,1864.6,1901.42,0.01974686259787628,False,2016-01-19 16:15:00.459000
2016-01-20,1840.352,0.004181000000000001,0.023681,0.01879586238351408,8.167995989583504,-0.7290329052563775,1.1543968305949293,0.08116595177720541,0.16739810629732937,-0.49999997658584744,0.32261918093976144,-1.025582985349005,0.011692414455686298,0.21919137653760826,1362,True,20,197,1362,938217,1812.3,1876.11,0.03520940241681836,True,2016-01-20 16:20:58.046000
2016-01-21,1872.8322,0.004385,0.023559999999999998,0.017839577107335323,8.869496845995627,-0.7538220206430051,0.9510829214865593,0.06586458607014709,0.17702543715219574,-0.44537671520985056,0.3347414452512141,-0.5881025777685958,0.009337379115323998,0.2335799361015824,1099,True,20,187,1099,456128,1848.99,1889.8,0.022071509310488402,False,2016-01-21 16:16:20.179000
2016-01-22,1901.5555,0.00459,0.023077999999999998,0.030001482020912924,2.2423437620209845,-0.7932332805067848,0.6341901658542756,0.03891648520113283,0.11859253184354702,-0.4420639004480215,0.35942387009410387,-0.26764989434431596,0.005756295192676858,0.1900627066848902,1032,True,20,171,1032,367990,1884.3,1908.78,0.012991561853208156,False,2016-01-22 16:15:31.984000
2016-01-25,1893.4928,0.004385,0.023458999999999997,0.03034127436360683,1.8948662784859762,-0.8254209159538578,0.5933702339902162,0.03972766626877573,0.11980532456246343,-0.4212537324293285,0.3649381533066449,-0.23710291930982463,0.006365968175352305,0.26638138188099253,1002,True,17,190,1002,245778,1876.15,1904.72,0.015227993497321624,False,2016-01-25 16:40:41.189000
2016-01-26,1899.0357,0.0045390000000000005,0.023132,0.033917014862594005,1.4436901420702974,-0.8536686133369027,0.5395211794090662,0.03922977264511018,0.1134394914190066,-0.3784323458374805,0.3814356762460183,-0.19315178301979236,0.006409591296518142,0.20043286048398962,1006,True,19,183,1006,387973,1881.09,1906.73,0.013630395143241492,False,2016-01-26 16:18:48.283000
2016-01-27,1899.3086,0.004436,0.023452,0.03732395198473479,1.3778710622787151,-0.8457025884624136,0.5356715167535374,0.040610653561286965,0.08381936227700386,-0.45125107807368015,0.41957596669746,-0.18408878712174276,0.007358839195859825,0.29075120161052215,1183,True,20,190,1183,343417,1872.71,1916.9,0.02359681958231663,False,2016-01-27 16:19:59.906000
2016-01-28,1891.2628,0.004487,0.023299,0.041462749602869886,1.2869918678786947,-0.860153978621662,0.5485588960882526,0.03953155596623907,0.08964925105053488,-0.41073474066501525,0.38640090435104346,-0.1941924193599941,0.006079267983742031,0.23282574837223538,1051,True,19,181,1051,254155,1873.65,1902.94,0.015632588797267255,False,2016-01-28 16:40:03.831000
2016-01-29,1922.0609,0.004487,0.022735,0.04203492481291649,0.813137311681983,-0.8632096310249724,0.44973906743839986,0.029664880307687044,0.11591851041079587,-0.3721576640925866,0.3411360995164696,-0.1339048972621032,0.005163579826378876,0.19859062761799698,1152,True,20,194,1152,507084,1897.56,1940.24,0.022492042412361135,False,2016-01-29 16:15:16.550000
2016-02-01,1935.0828,0.004487,0.022735,0.04437101647320917,0.9034820733992784,-0.8677335537515115,0.49030886207938784,0.03041516743761137,0.11160464180216437,-0.3511017944800956,0.34840336837202535,-0.16022594430948706,0.00596246184432887,0.23826145615350744,1037,True,19,183,1037,438600,1920.38,1947.18,0.01395557129318159,False,2016-02-01 16:15:50.536000
2016-02-02,1909.1064,0.0045379999999999995,0.023243999999999997,0.04865395692164847,0.9909877075040925,-0.883328582522866,0.5222186469955581,0.03579646723258175,0.09085429924429955,-0.39593944188997354,0.3866854880092194,-0.17628136880829676,0.00581809861806707,0.28951039508458837,1071,True,18,184,1071,352366,1897.29,1931.31,0.01793083819553143,False,2016-02-02 16:15:42.452000
2016-02-03,1894.175,0.006521,0.023151,0.04826390423655845,1.081162067556356,-0.9013272501038426,0.5404093458149237,0.039760678715368716,0.08452727200153608,-0.3976624007621592,0.40590684283612644,-0.1876800560586348,0.007573495400299561,0.22123031406028582,1102,True,19,192,1102,429015,1872.23,1917.83,0.024355981903932733,False,2016-02-03 16:23:36.833000
2016-02-04,1913.0835,0.006521,0.023151,0.05774637981663866,0.9350201761517114,-0.8956282184441103,0.5622126896273657,0.038038805916698386,0.07655557181595897,-0.383373305144982,0.40815402751349955,-0.20809504792148242,0.005457750537223143,0.1460227907088032,986,True,20,187,986,284210,1900.79,1927.35,0.013973137484940334,False,2016-02-04 16:18:35.353000
2016-02-05,1886.6869,0.0054459999999999995,0.023445999999999998,0.05243792330621997,0.835072156047415,-0.8711581723347355,0.5319469136008955,0.041081475516894436,0.092776645911915,-0.4093965387802032,0.3625642971099922,-0.19538861954157039,0.006670695190948037,0.19629201060294832,1143,True,20,196,1143,265183,1872.67,1912.05,0.021028798453544884,False,2016-02-05 16:16:50.021000
2016-02-08,1841.6638,0.004884,0.023794,0.03887870650330971,1.6574966151804427,-0.8592055227190886,0.6176609029928053,0.05660365454951637,0.09002912499691651,-0.4874056483110612,0.3909907511545316,-0.25262234222222824,0.005913452581178008,0.17557952531963403,1252,True,20,198,1252,511764,1828.46,1866.67,0.02089736718331281,False,2016-02-08 16:17:47.994000
2016-02-09,1849.3026,0.005803,0.023822999999999997,0.04351928618204305,1.7529393799153734,-0.8611799659423723,0.6952031272668222,0.060551706186775245,0.08807781741787517,-0.43915697806589216,0.3969113138892441,-0.33073404709294896,0.0066302724550625705,0.22282133107467128,1065,True,19,185,1065,348569,1834.96,1868.22,0.01812573571086018,False,2016-02-09 16:15:00.107000
2016-02-10,1866.2112,0.005803,0.023822999999999997,0.048544074628679386,1.360865720504976,-0.8885120839291151,0.6333658230362808,0.05254491801514909,0.09374091943592895,-0.3829033183788493,0.3852998965024153,-0.2690283315988151,0.00589334385440872,0.18941722602895852,1024,True,20,192,1024,307480,1850.32,1881.6,0.016905183968178417,False,2016-02-10 16:16:56.962000
2016-02-11,1823.0053,0.0062629999999999995,0.024133,0.03785561818559847,2.0541829939043135,-0.8592083373234174,0.7375468398789552,0.06755000143908137,0.11201481671050026,-0.42225932970851987,0.42048489598536365,-0.38845060681425075,0.006792577629953049,0.1297852697041717,1257,True,20,184,1257,433784,1810.11,1839.89,0.016452038826369808,False,2016-02-11 16:21:14.887000
2016-02-12,1855.2388,0.007696,0.023672,0.04541477327342531,0.9574588526125427,-0.8569562998703066,0.5931979650004394,0.04968736085215815,0.151581689198515,-0.3600335966558389,0.30470895120724567,-0.26491827226059744,0.007275612459036375,0.24154269540787407,1082,True,20,183,1082,344247,1837.97,1864.78,0.014586745159061332,False,2016-02-12 16:38:08.625000
2016-02-16,1887.2451,0.004897,0.023313,0.04060982066296175,1.3473837528719181,-0.8688411542011314,0.5672419118408856,0.04300114522602899,0.13933627700977635,-0.37831900460858264,0.3356595950531235,-0.21232936141226907,0.007283886938622177,0.22098993998116562,1043,True,20,173,1043,347764,1874.58,1895.77,0.011303865399182822,False,2016-02-16 16:14:56.690000
2016-02-17,1918.433,0.005102,0.022975,0.04105587553518042,1.318427657785813,-0.8799019916187977,0.5322718244658896,0.03693028468137705,0.1167860993550092,-0.4082261058518723,0.3537625590894949,-0.1750548914798592,0.005952096940492019,0.2313022809392389,1088,True,20,177,1088,592810,1903.39,1930.68,0.014337576639574579,False,2016-02-17 16:19:01.044000
2016-02-18,1921.3169,0.005051,0.023041,0.054578500035778264,0.9834159645344008,-0.8919025936286209,0.5341447221600208,0.03442413729723275,0.0950859768322657,-0.4151732122935635,0.3670925109219961,-0.17796384770035445,0.005048453767606604,0.153566880214606,965,True,19,162,965,319199,1915.11,1930.0,0.007775010312723651,False,2016-02-18 16:51:12.658000
2016-02-19,1913.5213,0.005102,0.02305,0.05641890395718811,1.0332363620488303,-0.882699318994054,0.5513614940331517,0.03404575032110273,0.08970381169586585,-0.42979213221270773,0.3715579684679096,-0.1874113709514544,0.006123809510152492,0.1677199407828411,936,True,20,170,936,378190,1902.19,1918.75,0.008705754945615318,False,2016-02-19 16:23:07.044000
2016-02-22,1942.541,0.005254999999999999,0.022706,0.06369296784680455,0.735932769160646,-0.884999485216357,0.4873656006794786,0.028007628851777957,0.08458828027500494,-0.40192043621954077,0.3998935518415935,-0.14377774431855125,0.005296493398977763,0.147082331037525,975,True,20,159,975,463684,1927.62,1946.63,0.009861902242143339,False,2016-02-22 16:19:57.803000
2016-02-23,1927.3161,0.005254999999999999,0.022999000000000002,0.05466666980661284,0.9452815465510861,-0.8879106117455116,0.5341733557241829,0.031451757884405886,0.0914300655403608,-0.3819685443913583,0.38873779473232856,-0.18199038560644937,0.0053063793142016525,0.16338668559389394,992,True,19,165,992,370207,1919.45,1940.79,0.011117768110656678,False,2016-02-23 16:20:23.130000
2016-02-24,1908.5756,0.005358000000000001,0.022902999999999996,0.05145552662388261,1.046154822273309,-0.8754715538474476,0.5816124030661887,0.03809131026443413,0.0806586333162057,-0.43444268620848997,0.4079950983323838,-0.23061209278005185,0.007038257739501349,0.20720660664088542,1109,True,20,186,1109,326718,1891.0,1932.03,0.021697514542569962,False,2016-02-24 16:18:37.508000
2016-02-25,1938.5109,0.005306,0.022656,0.06283440579210797,1.003006138190402,-0.8644087174014428,0.6042810454574465,0.03271610940306703,0.06192624075423752,-0.422338723450006,0.43054671851861365,-0.2391089925010829,0.0057599153334124634,0.1946696018762018,984,True,19,164,984,259268,1925.5,1951.83,0.013674370293430327,False,2016-02-25 16:14:52.416000
2016-02-26,1954.86,0.005665,0.022706,0.05746420281558682,1.0047775171812536,-0.8770836117406338,0.5635608853134236,0.029681728333921336,0.06773779792661018,-0.42343890421473107,0.4201183331386975,-0.2021233933915592,0.0041861401266518015,0.12288933874154642,978,True,20,162,978,326533,1945.84,1962.96,0.008798256793981052,False,2016-02-26 16:14:54.576000
2016-02-29,1948.9444,0.005972,0.022900999999999998,0.051747729567542394,1.0745846084016044,-0.8781807327790737,0.568045258109198,0.03107479683693024,0.08539288535827255,-0.3811556770939699,0.3880000847900364,-0.2114607878343261,0.005087103700658665,0.19470678278620274,935,True,19,161,935,349878,1931.81,1958.27,0.013696999187290615,False,2016-02-29 16:14:58.237000
2016-03-01,1965.3978,0.005972,0.022900999999999998,0.06786696703720005,0.9533844610000659,-0.8940928870579787,0.5883128661589584,0.028072127433476295,0.04674433697008437,-0.4418137124428174,0.49232311184937344,-0.21670540491122806,0.006684095242505141,0.21335592123711816,1117,True,20,185,1117,555197,1940.75,1978.35,0.019373953368543084,False,2016-03-01 16:20:41.055000
2016-03-02,1978.2476,0.005359,0.022437,0.07568008051351774,0.7095267348761563,-0.8962067438783208,0.5361307229491281,0.024735741372843147,0.052380567969171406,-0.4335487724775998,0.49999954286842785,-0.18004207124611304,0.005427813844334929,0.18114276848579236,902,True,19,144,902,320984,1968.83,1986.51,0.008979952560657978,False,2016-03-02 16:52:40.226000
2016-03-03,1986.1377,0.006469,0.022365,0.060873700774348574,0.8267511819831248,-0.8982214545278854,0.4632922853504456,0.021833476424903586,0.05176104939856168,-0.4999996334640966,0.4753918859072469,-0.1139849335314792,0.005201475631238345,0.26980918875678367,985,True,20,154,985,520225,1977.37,1993.66,0.00823821540733416,False,2016-03-03 16:17:24.301000
2016-03-04,1999.8751,0.006469,0.022365,0.0678974083650095,0.6705883580229625,-0.8912510999338895,0.46483586457586656,0.02166804505327354,0.04900875840434153,-0.4999999607286638,0.4761968740386585,-0.1250099578169808,0.0049623513171436345,0.2891720818485847,1003,True,20,166,1003,432940,1986.83,2009.12,0.011218876300438385,False,2016-03-04 16:21:23.652000
2016-03-07,1997.9052,0.006469,0.022365,0.062179405822955724,0.8607156089503054,-0.8884336803611829,0.5284362542141949,0.02373596192092375,0.05267436475176567,-0.4593067741018551,0.45729865046969287,-0.17220730447378224,0.004764796537493663,0.23902837880214456,911,True,20,157,911,268267,1989.39,2006.12,0.008409612996948646,False,2016-03-07 16:17:47.135000
2016-03-08,1985.656,0.004986,0.022719,0.05583237496220715,0.976840600996276,-0.8976710888414583,0.5343564557923209,0.02623494779407742,0.06172924491968103,-0.43857287822950736,0.4490485496642397,-0.1764581604206669,0.004124432116885294,0.14357398888147815,939,True,20,149,939,267099,1977.43,1994.78,0.008774014756527393,False,2016-03-08 16:15:23.707000
2016-03-09,1987.081,0.004986,0.022719,0.05446951040699579,1.1590594641787964,-0.9015885110883918,0.5624433075009179,0.02720316750590421,0.05399816241149319,-0.49064826483069535,0.4999948754453462,-0.19007567105974424,0.0037778140094764283,0.12672574177064574,779,True,19,135,779,280763,1979.86,1992.68,0.006475205317547861,False,2016-03-09 16:15:00.996000
2016-03-10,1985.9353,0.006059,0.022638,0.06211621560190898,0.7942175178545707,-0.8858839811361856,0.531035418054584,0.02582163894412468,0.07655384114326244,-0.38226593753496074,0.37981358924311776,-0.18333104208067177,0.005795930201215903,0.14383981208466268,933,True,20,159,933,281188,1969.25,2005.08,0.018194744191951218,False,2016-03-10 16:14:55.830000
2016-03-11,2015.2203,0.006212,0.022289,0.059996696533800804,0.9662136692042549,-0.902022452810466,0.5227467788033497,0.021374125452634982,0.05001327402272716,-0.49999999710714826,0.4703552485934269,-0.1573249381531625,0.004524101029676348,0.18261874137451373,935,True,20,164,935,420487,1999.39,2022.37,0.011493505519183156,False,2016-03-11 16:15:51.824000
2016-03-14,2018.3319,0.0068779999999999996,0.022355,0.054018380850693534,1.1029529221901098,-0.8882198634781172,0.5511012518379257,0.020431350804817772,0.07027148507684128,-0.38292242526886316,0.4090075022407585,-0.1845531277548274,0.004615613226691683,0.18805664693021046,810,True,19,134,810,316078,2012.08,2024.55,0.006197566697149215,False,2016-03-14 16:19:20.977000
2016-03-15,2010.6654,0.006928999999999999,0.022404999999999998,0.06097150185665974,0.9008798362362737,-0.8666442797883694,0.5683975321583078,0.02185346420385141,0.06642849511805267,-0.3833270824436049,0.3969634285342565,-0.21321976134824,0.00418478230287186,0.1799125872397879,838,True,18,140,838,285671,2005.23,2015.93,0.005336046239084791,False,2016-03-15 16:14:59.496000
2016-03-16,2017.5545,0.006264,0.022306,0.0660376308158414,0.8177964895584912,-0.8787629043174975,0.5288540209551356,0.019431460830030597,0.043753141863771564,-0.4999999944922614,0.48594212740074666,-0.17167589016050552,0.005684231344667569,0.20150146523249857,907,True,20,162,907,539275,2010.09,2031.97,0.010885084747449092,False,2016-03-16 16:20:16.509000
2016-03-17,2036.926,0.006314999999999999,0.022160000000000003,0.06120157431600801,0.8564380400565528,-0.8974641896671278,0.46627257486845075,0.015885118742818678,0.04430970052075765,-0.4909837440171744,0.4999673530634792,-0.11257940136330029,0.005384740397983274,0.17568782392266175,957,True,19,163,957,527929,2022.16,2046.19,0.011883332673972458,False,2016-03-17 16:19:55.850000
2016-03-18,2048.5868,0.006059,0.022063000000000003,0.08084417113201416,0.5853719738817302,-0.8850976801538445,0.47802851535686774,0.015473714809162011,0.03961452326248387,-0.4999999537699066,0.4915098214673199,-0.1338634374295321,0.0052556804249691575,0.1723670542249581,811,True,20,136,811,512727,2042.49,2052.31,0.004807857076411626,False,2016-03-18 16:40:56.530000
2016-03-21,2049.5862,0.00611,0.022027,0.07230883150181283,0.668203725822141,-0.8940927613856782,0.47646827129267577,0.015287439220674536,0.0458187344834316,-0.45837146688423275,0.49995709605158256,-0.1303879523099174,0.005565458386086993,0.15318623149855257,801,True,19,148,801,303222,2043.15,2053.9,0.0052614834936250965,False,2016-03-21 16:48:54.109000
2016-03-22,2049.7133,0.00611,0.022054999999999998,0.06068668775317537,0.8603365432168271,-0.9011775258426726,0.4796222273781833,0.015084763306032336,0.04477615353022075,-0.4864891511919935,0.4999831621956749,-0.12561553067351805,0.00508753023056673,0.15840497473955162,857,True,20,150,857,275493,2040.64,2056.53,0.007786772777168105,False,2016-03-22 16:16:44.495000
2016-03-23,2041.9264,0.006058,0.022197,0.08080028599035284,0.5804735408046676,-0.8873316228131073,0.4808145814678555,0.016204040178335405,0.044871957014488935,-0.48574829254594687,0.49995597399747044,-0.13737780553840928,0.004730798820630254,0.1485485154285384,810,True,18,133,810,336245,2034.86,2048.37,0.006639277395005028,False,2016-03-23 16:47:10.603000
2016-03-24,2028.0854,0.006058,0.022206,0.06630929583902528,0.8084249098443252,-0.8875632070060834,0.5310944006896305,0.019050180688230146,0.04338240404808178,-0.4898916586561835,0.49998134369223907,-0.17484908942286845,0.005777036929247979,0.15905034438997873,898,True,20,164,898,368598,2022.49,2036.03,0.006694717897245406,False,2016-03-24 16:17:59.789000
2016-03-28,2037.0768,0.00616,0.022191000000000002,0.07642480190885236,0.6240890524598987,-0.8678611750549778,0.5080351164807718,0.017852872527289832,0.042222243784337636,-0.4999999847929737,0.4977466257855479,-0.16270791516216918,0.004858686197905816,0.1504691294166723,719,True,17,139,719,252811,2031.97,2042.62,0.005241219112486872,False,2016-03-28 16:15:00.867000
2016-03-29,2041.7565,0.005802000000000001,0.022007,0.06543855936947036,0.7281515445173419,-0.8587019771797224,0.4716493258070317,0.015699171003508795,0.047107299730052336,-0.4999999093698028,0.4820669888076547,-0.12715471038248832,0.006001338842763223,0.16678871240619278,877,True,19,169,877,319939,2028.41,2055.9,0.013552486923255058,False,2016-03-29 16:17:11.235000
2016-03-30,2066.5793,0.006047,0.021882000000000002,0.08230943237384485,0.5744796866536106,-0.8709244410389343,0.4804498898170981,0.012928882334372898,0.03939162741325148,-0.499994006511769,0.4999574553237344,-0.1362619027877358,0.0053156593890346165,0.170057131325022,886,True,20,152,886,693517,2060.3,2072.21,0.005780711546861994,False,2016-03-30 16:15:13.392000
2016-03-31,2063.4489,0.005804,0.021927,0.08148376540227549,0.5919731126785971,-0.8568354126122238,0.5064818019919312,0.0136422630815743,0.03847569279045881,-0.4999999902972473,0.4866857830823812,-0.16005141927307853,0.004808536367079155,0.17277464576418253,773,True,19,144,773,373645,2057.46,2067.8,0.005025614106714205,False,2016-03-31 16:21:36.942000
2016-04-01,2060.7646,0.0057669999999999996,0.021787,0.06369972646563868,0.852811144311541,-0.8688200597804377,0.5188438779760451,0.013665014986562316,0.03800642046756771,-0.49999999159896624,0.48918455760155105,-0.16055129647423427,0.006149882385165643,0.16541274618396518,951,True,20,185,951,246576,2043.99,2075.07,0.015205553843218533,False,2016-04-01 16:15:19.512000
2016-04-04,2068.1941,0.005804,0.02189,0.07156107342373641,0.8051174137442154,-0.8492969862674384,0.5177488486068834,0.013094866218988258,0.03821279294389413,-0.49999988985267996,0.48948632697595656,-0.15283373751439638,0.004220584574690488,0.15774521818147227,848,True,18,149,848,299137,2062.59,2074.0,0.005531879821001784,False,2016-04-04 16:29:57.515000
2016-04-05,2049.084,0.005037000000000001,0.022115,0.06828873469851707,0.7346391301904844,-0.8669993688236423,0.473307580896292,0.016106818982143722,0.04985085981419117,-0.49999977512749266,0.4765440590562029,-0.12368491281244533,0.004034495874923801,0.1428855569541614,881,True,18,135,881,242785,2042.58,2058.3,0.007696148988044715,False,2016-04-05 16:20:20.495000
2016-04-06,2056.5078,0.005037000000000001,0.022115,0.06763863690166831,0.8127357824255814,-0.8715582994893329,0.5175540387951996,0.016137717071110797,0.04062773876636926,-0.4798757533569053,0.4999666226638813,-0.15791750210426858,0.005930515236819638,0.15382499445110268,859,True,19,162,859,264230,2043.09,2067.33,0.011864381892134013,False,2016-04-06 16:20:38.078000
2016-04-07,2047.0026,0.004425,0.022139000000000002,0.06702260561067373,0.7976216072503666,-0.8757452052681869,0.5222879561812733,0.017868449506829216,0.04848146911742054,-0.49999994891951677,0.4623410484271148,-0.16586735235342565,0.00554704035101682,0.2089782508360577,1004,True,19,168,1004,318095,2033.9,2059.34,0.012507989576675316,False,2016-04-07 16:14:59.500000
2016-04-08,2050.5325,0.004935,0.022079,0.07192307529054505,0.9470504201842186,-0.8937797806827635,0.5698143534340311,0.01705457717812557,0.03772053107880648,-0.49591648143739725,0.4999607756594616,-0.18845884002973912,0.004418841266706627,0.1674718751575189,849,True,19,154,849,219467,2041.7,2060.63,0.009271685360239035,False,2016-04-08 16:22:39.158000
2016-04-11,2053.6845,0.006007,0.022143000000000003,0.05062825942165808,1.3400625661184464,-0.8853920906323831,0.5631987718950968,0.017051442721400637,0.045362551249204235,-0.4999999783716363,0.46378850542236166,-0.18150278618675025,0.004812460940862008,0.21398892647748594,959,True,20,154,959,285047,2041.91,2062.92,0.010289385918086591,False,2016-04-11 16:16:31.595000
2016-04-12,2054.1387,0.006007,0.022143000000000003,0.07223274290476346,0.8022006286583347,-0.8793002474207835,0.5480984051098731,0.01721215509893961,0.046395010649870075,-0.4861450076724887,0.45573168463444935,-0.1845215581481523,0.005281697972854798,0.18714897966527352,973,True,20,168,973,237986,2039.89,2065.01,0.012314389501394851,False,2016-04-12 16:17:01.715000
2016-04-13,2077.415,0.005241,0.021724999999999998,0.0643922159377113,0.7086785920721326,-0.8817924369587427,0.45959377936237594,0.013510428394700869,0.049949519099550165,-0.49999998744906476,0.469589831500536,-0.11995967216630835,0.004864790878355314,0.16601417486901265,934,True,20,155,934,345811,2068.87,2083.18,0.00691681932649213,False,2016-04-13 16:33:30.963000
2016-04-14,2083.0274,0.005292,0.021722,0.08863003107775765,0.5687658236176812,-0.8686309008846813,0.4963043135909912,0.012797354687462983,0.04863907652794919,-0.43382099541755115,0.45749750988739196,-0.1454985064426219,0.005086198441674182,0.20787015842448547,871,True,20,147,871,357773,2078.13,2087.83,0.004667657942477144,False,2016-04-14 16:15:01.248000
2016-04-15,2079.9411,0.0050880000000000005,0.021744,0.054845278046525725,1.3214371489558483,-0.840323675050474,0.6105524121796623,0.01315497826317783,0.03954544382733973,-0.469372904317452,0.4999634471430994,-0.22782507230742075,0.005074674624469563,0.1515108010642244,783,True,19,138,783,344811,2076.34,2083.11,0.0032605449974474343,False,2016-04-15 16:17:50.007000
2016-04-18,2088.6607,0.005037000000000001,0.021591,0.055224297054806214,1.068366905172964,-0.8449053854337419,0.5424236893825388,0.01252693395400423,0.04416495035379454,-0.46014899991492514,0.49997232289026694,-0.1762238361337735,0.005298583069816347,0.17292598070773205,961,True,20,168,961,289614,2073.67,2094.66,0.010122150583265377,False,2016-04-18 16:14:59.431000
2016-04-19,2098.7584,0.005037000000000001,0.021525,0.08079885726442296,0.5201603955851135,-0.8363880606037577,0.48085583860542586,0.012627630375324654,0.04528644964254642,-0.4212240322630285,0.4999555528376188,-0.1471656064059526,0.0048948624924589415,0.1633451392194315,917,True,20,158,917,474107,2091.71,2104.05,0.005899479373335792,False,2016-04-19 16:21:32.580000
2016-04-20,2103.6584,0.004986,0.021513,0.07167613649006419,0.5518191532917466,-0.8449424792133697,0.44823452648083,0.011999316162416335,0.04656769672014497,-0.43816607247372646,0.4999796724300642,-0.12180966083115215,0.005852964254784987,0.22114008722046627,956,True,20,167,956,686519,2096.34,2111.03,0.0070074510814086555,False,2016-04-20 16:23:39.064000
2016-04-21,2096.3622,0.005241,0.021627999999999998,0.06781415356231878,0.7346837574265909,-0.8145315704375851,0.5267078538311007,0.013782453338456924,0.043333484586610085,-0.43054283338594895,0.49996090291466194,-0.17777724899562783,0.005772778876248421,0.2493252258786524,949,True,20,170,949,388826,2088.59,2103.66,0.007215394117562335,False,2016-04-21 16:19:10.924000
2016-04-22,2087.7109,0.005292,0.021627,0.07903554539696861,0.6002165990866284,-0.8606034297476939,0.489397642885322,0.013362025839073498,0.048186329593843044,-0.3940605496750289,0.4999593472832943,-0.1446331603314585,0.005858026462116069,0.21156188213308674,929,True,20,173,929,320671,2081.22,2094.32,0.0062943850241687915,False,2016-04-22 16:15:44.843000
2016-04-25,2082.0209,0.005343,0.021648999999999998,0.06972870517078124,0.6570592887945393,-0.8517865667597668,0.49026679756597763,0.014631605959557144,0.051508870136460896,-0.42568960686026636,0.4999605064717786,-0.14872974593944402,0.004856984137603945,0.16226024618396076,960,True,19,168,960,265312,2077.53,2087.92,0.005001131150933924,False,2016-04-25 16:14:57.491000
2016-04-26,2090.8084,0.005445,0.021609,0.07983804994476802,0.5667360226795226,-0.82961521942132,0.5156685318716755,0.014218329138896906,0.04560458136375195,-0.39875504694575736,0.4999837443084975,-0.1754198369943154,0.005412494091076199,0.21806047690989466,781,True,19,143,781,226313,2086.03,2096.82,0.0051725047099033805,False,2016-04-26 16:14:58.023000
2016-04-27,2089.9318,0.0057020000000000005,0.021575999999999998,0.08151362102252965,0.5388969711248701,-0.8131042182517136,0.5030718948125426,0.014725968667611397,0.045328216688819804,-0.4314351137743012,0.49998146230824614,-0.16522644440135836,0.005881944606146239,0.197513866357548,884,True,18,160,884,234164,2082.35,2099.89,0.008423175738948796,False,2016-04-27 16:15:30.538000
2016-04-28,2089.2425,0.005548999999999999,0.021743000000000002,0.08777754466247276,0.6442602618077949,-0.8132140476230486,0.5946409316007075,0.015047672479601447,0.03629644645671229,-0.4219363036695409,0.49627332231919524,-0.24049466972477712,0.006787596979483128,0.21850073929346073,1050,True,20,184,1050,377612,2071.63,2099.3,0.013356632217143005,False,2016-04-28 16:15:09.409000
2016-04-29,2061.3293,0.005496999999999999,0.021854,0.05334058588342718,0.8651617067136825,-0.8455808982448715,0.513318364633451,0.01861491203828507,0.06779234583750744,-0.4078437095997405,0.4104543585252976,-0.17119927882993333,0.004552904760196486,0.1460575997764589,1104,True,19,178,1104,401523,2052.29,2073.24,0.010208108990444664,False,2016-04-29 16:22:10.724000
2016-05-02,2074.8334,0.005306999999999999,0.021682999999999997,0.05467465096857548,1.0422810128815028,-0.8505264727213216,0.5639205283586379,0.016542784033989875,0.046118019755710796,-0.49999991981796194,0.4982255394441679,-0.20403366112334637,0.00494998124102963,0.19445474865486845,970,True,20,173,970,213824,2066.13,2083.39,0.008353782191827142,False,2016-05-02 16:17:26.111000
2016-05-03,2060.6783,0.005306999999999999,0.021682999999999997,0.05165462183350307,0.9945204975618126,-0.8426583627625652,0.533651226390929,0.018132128334940576,0.05460296134527796,-0.48379697106162517,0.4871901946332449,-0.1820404710140971,0.004219408507110039,0.14123150276991187,1022,True,19,151,1022,344423,2054.92,2074.78,0.00966460981449413,False,2016-05-03 16:15:29.065000
2016-05-04,2050.5149,0.005496999999999999,0.022011,0.06191556557495881,0.7539906077361205,-0.842011794255103,0.5152826664214128,0.01984064308304234,0.05275024227743197,-0.49999999973663606,0.4900973927238928,-0.17214871648198338,0.004564250749085238,0.20616632876085098,935,True,20,155,935,481665,2045.56,2059.08,0.006609437024580167,False,2016-05-04 16:19:17.661000
2016-05-05,2053.4592,0.005037000000000001,0.022033999999999998,0.06893190056288141,0.7773354306447537,-0.8408878174935482,0.553856457603515,0.01946460152373388,0.04464175148390126,-0.4909325379231438,0.49998937481710043,-0.19959055841069667,0.005195353835751006,0.16552443434354674,980,True,19,177,980,317225,2045.87,2060.23,0.007019018803736454,False,2016-05-05 16:17:35.580000
2016-05-06,2048.6953,0.005037000000000001,0.022033999999999998,0.09576049432669352,0.5050677435528163,-0.8471458775260123,0.49699829065387313,0.01832429206812023,0.04422140186749864,-0.4999999177235432,0.4949597833056103,-0.15027622733070106,0.005874228223936813,0.17718129937329255,1015,True,18,175,1015,353316,2039.51,2057.72,0.008928615206593715,False,2016-05-06 16:31:41.608000
2016-05-09,2059.1586,0.005803,0.021960999999999998,0.08118987331191209,0.6616363089651323,-0.8349281298600127,0.5383329684068916,0.016871800703252025,0.039874960155957304,-0.4513680880863519,0.499963628476282,-0.18236604866689493,0.005961958038914388,0.19070619198793917,916,True,20,152,916,238993,2054.31,2064.11,0.004770458207378647,False,2016-05-09 16:16:04.703000
2016-05-10,2077.6554,0.0062629999999999995,0.021692999999999997,0.0933461390630373,0.5364132179496439,-0.8485628484380259,0.5189116273242257,0.014623426296633395,0.04083492897187744,-0.4015956887248313,0.499964056472329,-0.16912507129631849,0.005991211895757534,0.20590548271974246,1047,True,20,162,1047,368475,2063.87,2084.86,0.010170214209228368,False,2016-05-10 16:16:01.323000
2016-05-11,2074.9056,0.0062629999999999995,0.021692999999999997,0.09282517793618994,0.5021305322936915,-0.860992441322852,0.4928923606932985,0.015665352454366482,0.04176452569093783,-0.43395600234746895,0.49996425740784006,-0.1497221672151013,0.006527717021990739,0.22801174428605672,997,True,20,167,997,411156,2064.46,2082.51,0.008743206455925634,False,2016-05-11 16:20:35.974000
2016-05-12,2062.5988,0.007901,0.021936,0.08347000481830306,0.5940439061188209,-0.8705426577960147,0.5115252273679018,0.017537505568825183,0.03910781901405919,-0.4416325760130045,0.49996678005814565,-0.1624883628217406,0.006199025407194488,0.19101500519897344,971,True,19,167,971,267353,2053.13,2073.99,0.010160097022594572,False,2016-05-12 16:16:19.520000
2016-05-13,2053.6029,0.005241,0.022146,0.0807923580457201,0.6523999068056122,-0.8862153150196049,0.5078241439710133,0.01760321115374562,0.03840527968586049,-0.4631633415413051,0.4999970124775061,-0.1524675074806255,0.006035086355769781,0.18353884212934313,1095,True,20,168,1095,431620,2043.18,2066.69,0.011506573087050498,False,2016-05-13 16:33:07.837000
2016-05-16,2061.5341,0.005343,0.021932999999999998,0.0695433505484499,0.8994321449344991,-0.8984946726316071,0.55145507874582,0.0172465910472969,0.03666367914771645,-0.4173224243999371,0.4999518248844876,-0.17900365397511042,0.006336159129355128,0.2057517185890299,1033,True,20,164,1033,302201,2047.34,2071.88,0.011986284642511835,False,2016-05-16 16:15:00.690000
2016-05-17,2052.5997,0.005598,0.022168999999999998,0.06829078546844554,0.8332931137735512,-0.897784571805135,0.5433834222291659,0.019592949039262963,0.03985928874748353,-0.43539303457971074,0.4893052307843138,-0.18145306102339487,0.006111925115129452,0.21389525079251612,1046,True,20,180,1046,342931,2040.82,2065.66,0.012171578091159319,False,2016-05-17 16:26:03.129000
2016-05-18,2047.985,0.006058,0.022177,0.059128398487124895,0.9235944102888236,-0.9077245111991737,0.5185595289226571,0.02005036035491534,0.04424524145249433,-0.45053795495110427,0.4907967269963967,-0.15968266837241069,0.005112997374580137,0.2123171175828263,1097,True,20,179,1097,478755,2034.49,2060.61,0.012838598371090582,False,2016-05-18 16:20:54.807000
2016-05-19,2033.1383,0.006161,0.02226,0.05379373814910976,0.9571344348622423,-0.9061008402908364,0.5083365650215367,0.021997976552997428,0.06561356124543465,-0.39377318569809744,0.4036357065152608,-0.1554303850129438,0.00514482971660596,0.1644156258359205,1085,True,20,154,1085,393092,2025.91,2043.19,0.008529500323311456,False,2016-05-19 16:17:50.778000
2016-05-20,2053.3384,0.0062629999999999995,0.02214,0.0610590411508534,0.9948434441965647,-0.8871536299425484,0.532692569319412,0.018107636806151153,0.04186340731925683,-0.4814773585897362,0.49999175076216107,-0.16227299981240703,0.005217961880946174,0.18944650402844967,918,True,19,139,918,459576,2044.27,2058.34,0.006882652487196106,False,2016-05-20 16:18:52.949000
2016-05-23,2051.8904,0.0064670000000000005,0.022182,0.06864679366672378,0.9626776626149122,-0.8681461146691642,0.5714892857772329,0.01782637346603669,0.035375760881611665,-0.4509828248266463,0.49996934305687873,-0.19443053401199215,0.0056091289182093815,0.2246095343062754,878,True,20,135,878,412345,2047.26,2055.52,0.0040346609614803075,False,2016-05-23 16:16:04.347000
2016-05-24,2072.4933,0.006364999999999999,0.021884999999999998,0.06771125180140156,1.0345657709039113,-0.8712972826342296,0.5871938840854547,0.01514906068179598,0.031206700459392608,-0.43422838179349527,0.49997810768969486,-0.20469317066979067,0.00564172726993977,0.2662094225092448,1063,True,20,164,1063,523678,2055.1,2079.67,0.011955622597440652,False,2016-05-24 16:15:40.482000
2016-05-25,2090.6037,0.006725,0.02174,0.08611103643316922,0.6037351285931177,-0.8625542219198113,0.5197871857504701,0.013026229875181568,0.0381278327093309,-0.4174940421621284,0.4999538393721275,-0.16620220316186157,0.005338955664247487,0.21347054560154186,984,True,20,155,984,522686,2081.27,2094.72,0.006462400361317844,False,2016-05-25 16:19:34.295000
2016-05-26,2090.3384,0.006469,0.021754,0.0927202953885552,0.6049498691115164,-0.8495488960227704,0.5413596165569732,0.012340139596645693,0.03907393970542842,-0.3980932273880615,0.4999729973791907,-0.18088797332013784,0.004630422776709156,0.1670778782068857,806,True,18,133,806,369904,2087.2,2094.2,0.0033537753928707392,False,2016-05-26 16:17:03.565000
2016-05-27,2095.4008,0.006827,0.021671,0.09032152690236678,0.6106192052819599,-0.8672645066096104,0.531236096455141,0.011671588779573817,0.03786968711511137,-0.39159009802543543,0.4999584294546399,-0.17190767222294318,0.005381383679410041,0.21124816350720696,810,True,19,140,810,326972,2090.96,2099.06,0.0038738187244136135,False,2016-05-27 16:14:57.008000
2016-05-31,2097.5682,0.006725,0.021703999999999998,0.0651728128850423,0.8350597264825337,-0.8738440638371432,0.5298630080785465,0.013191958202684793,0.0455322465754476,-0.3754405229881453,0.49996302618177507,-0.17190842472628426,0.0046099093253659604,0.1695106947651965,903,True,19,141,903,489313,2088.66,2103.44,0.007076307297501749,False,2016-05-31 16:22:40.190000
2016-06-01,2093.5533,0.00659,0.021674000000000002,0.05863465038018505,0.8812263026544095,-0.8622833706410704,0.5246707021759947,0.014043935789331689,0.049025795551360433,-0.39298823304897373,0.4559598553100368,-0.17193855339792238,0.005046929671288205,0.176086877828259,892,True,18,134,892,455804,2085.1,2100.97,0.007611145748405379,False,2016-06-01 16:15:14.810000
2016-06-02,2097.7314,0.00659,0.021674000000000002,0.05647156946917142,1.2016987803559098,-0.8766856630191977,0.592280056018024,0.012938134151891406,0.03853153001879402,-0.40963978839917436,0.4999841681184138,-0.21507203244493903,0.005204768572640022,0.23778353518446985,947,True,20,143,947,351936,2088.59,2105.26,0.007981461177157811,False,2016-06-02 16:14:56.885000
2016-06-03,2095.7498,0.00659,0.021674000000000002,0.07589760505942834,0.7154210547089727,-0.8885007642515045,0.5212190451151506,0.013406639392032954,0.036006686034256455,-0.46421093334388996,0.4999911112785738,-0.16307180366774682,0.005339111873120224,0.27137859255890273,917,True,20,148,917,340025,2085.39,2102.74,0.008319786706563193,False,2016-06-03 16:21:02.740000
2016-06-06,2108.4666,0.005855,0.021584,0.0686849849117782,0.9410499790639523,-0.8796538434434841,0.6107674298660025,0.012935615970876098,0.03620872418668897,-0.3658306440548251,0.49995064147896306,-0.24376484615864882,0.004936548058353532,0.1868052554689,925,True,20,138,925,429922,2101.56,2113.36,0.005614876567882954,False,2016-06-06 16:17:25.248000
2016-06-07,2116.0263,0.004373,0.021558,0.08498698816690892,0.559927923872944,-0.8711205953252602,0.5166976142837235,0.012386630673770256,0.0457993846718274,-0.39064718853423785,0.49998515009285427,-0.17180324892546797,0.005574873102055798,0.2623178378626212,878,True,18,136,878,567807,2110.82,2119.21,0.003974758624610386,False,2016-06-07 16:17:12.011000
2016-06-08,2117.3199,0.004373,0.021558,0.07431210742272538,0.5055164487417345,-0.8590938588089808,0.46358619723232036,0.012792340865364125,0.06244773862787681,-0.39023142550189727,0.4421278060160254,-0.139780176978623,0.004685583552966673,0.22008115807191403,828,True,19,136,828,239271,2112.78,2120.55,0.0036776190611422788,False,2016-06-08 16:18:03.489000
2016-06-09,2112.8478,0.005496,0.021545,0.10804188884817896,0.36461074455674275,-0.8493969459618418,0.5371215379641887,0.014197575933738627,0.07019722518775466,-0.321252117658517,0.4058563436710831,-0.20971307947251266,0.00512237948844169,0.17804759991924976,917,True,20,141,917,277150,2107.74,2117.64,0.004696974010077293,False,2016-06-09 16:27:36.187000
2016-06-10,2096.8788,0.006313999999999999,0.021748,0.03889687179221858,1.7969143757428456,-0.8644524507015071,0.6709998339319638,0.01873088399608999,0.07260573594753175,-0.37748211440389745,0.4143997927830895,-0.31045208094699517,0.005718034076171547,0.14491840893860836,1039,True,20,144,1039,278812,2089.96,2104.83,0.007114968707534919,False,2016-06-10 16:17:17.546000
2016-06-13,2089.0237,0.005292,0.021932,0.03252559514500837,5.9071051781668205,-0.8225885540280558,1.4684932700744946,0.03134240072614541,0.06360994553866924,-0.499999996750548,0.44646498831364995,-1.7722082612460095,0.009206699701905005,0.19656716795099688,1058,True,20,159,1058,479238,2078.47,2098.12,0.009454069580027591,False,2016-06-13 16:53:27.357000
2016-06-14,2071.2857,0.005343,0.021978,0.01662665566976682,11.05102335533849,-0.875428727031528,1.1396876572701589,0.041079006897785895,0.12530932573933373,-0.49999999017436897,0.40835704338658335,-0.9314048358784146,0.00711213598285201,0.14826554685142734,1058,True,20,164,1058,508751,2064.18,2081.22,0.008255094032497245,False,2016-06-14 16:20:38.417000
2016-06-15,2080.3859,0.004986,0.022032,0.014483902444933867,16.41313660543004,-0.8470291516614332,1.1692325697542687,0.036884610434003914,0.13623006296269122,-0.42903951101707744,0.3655781326523609,-0.8916522633573274,0.007417131605373755,0.1639520371639224,916,True,20,144,916,474118,2069.8,2085.58,0.007623925016909672,False,2016-06-15 16:15:57.653000
2016-06-16,2063.8813,0.004934,0.021966,0.022935917764462625,6.876759690059497,-0.8643470255872705,1.0708572276365576,0.03728388241360809,0.09679695022249828,-0.49999999904056813,0.4252992917341918,-0.8312856125071018,0.009604671441144111,0.228379582933759,1041,True,20,171,1041,384053,2050.37,2079.6,0.014255963557796791,False,2016-06-16 16:14:57.984000
2016-06-17,2070.6271,0.004934,0.022038000000000002,0.03768546806029802,3.095615978148271,-0.873557392666059,0.9178670520472151,0.027846923586278386,0.056625485280843615,-0.4999999625117322,0.46550149004891533,-0.6091604510909353,0.004296525869648767,0.11213148641011834,873,True,20,141,873,379504,2062.85,2076.49,0.006612211261119327,False,2016-06-17 16:32:38.659000
2016-06-20,2093.4615,0.005292,0.021922999999999998,0.03275217444196196,3.4693752253880845,-0.8554234481852961,0.8941002872943997,0.021776248140449626,0.055944625128437155,-0.46201168312889485,0.4826047724842562,-0.5721561585668647,0.0055206689894098295,0.12821210630028784,937,True,19,148,937,368354,2082.56,2100.66,0.008691226183159095,False,2016-06-20 16:37:48.948000
2016-06-21,2087.7124,0.005292,0.021865000000000002,0.027655088176559466,6.104017806612672,-0.8530567592979742,1.157728416136239,0.02824883235919446,0.054944752069827935,-0.46880291496793697,0.4733251308296204,-1.0027207841829993,0.00637399549145648,0.15164368928979485,807,True,18,136,807,405562,2083.02,2093.59,0.005074363184222941,False,2016-06-21 16:16:33.188000
2016-06-22,2092.0738,0.0054459999999999995,0.021901999999999998,0.05401270065384745,4.285028569861361,-0.8551888197466051,1.7054864239544338,0.034958782546813005,0.018903870122525,0.19999959503052941,0.012946828263313573,-2.4457920114186713,0.008633363254361962,0.20112321308786482,843,True,18,141,843,463993,2084.37,2099.71,0.007359537893943946,False,2016-06-22 16:51:30.616000
2016-06-23,2104.896,0.005753,0.021612,0.026990222610905956,5.853775912713123,-0.8365440761343887,1.1965298921488718,0.02686382651511081,0.05613027806449318,-0.40807081944975904,0.4999746300329465,-1.1156943528088181,0.006806271980856058,0.1609524037342565,829,True,19,139,829,316906,2097.76,2113.32,0.00741743574098086,False,2016-06-23 16:15:20.263000
2016-06-24,2053.1108,0.00468,0.022418,0.023292426683772207,6.243972996792082,-0.8501165107794074,1.1287754930553242,0.04201089255601247,0.09046925641140213,-0.4904955827633004,0.418106969570324,-0.9832595472358243,0.010803942966885596,0.23636691707444699,1204,True,20,180,1204,540660,2032.57,2085.17,0.025878567527809704,False,2016-06-24 16:32:37.040000
2016-06-27,2001.4487,0.004425,0.022829000000000002,0.023928827546594658,5.771928753558,-0.8713839311599644,0.9848633060947346,0.04964075147129268,0.10193595452424638,-0.4999997965061084,0.40823142989319683,-0.69372475618161,0.00804267656054485,0.220529587582154,1308,True,20,189,1308,851899,1991.68,2024.99,0.01672457422879181,False,2016-06-27 16:43:36.323000
2016-06-28,2023.3394,0.004374,0.022441,0.037924766818180036,1.5029936409413562,-0.8698357512410927,0.5799267207565657,0.026320178736030854,0.08648360953089794,-0.3872118205131633,0.39797654749794253,-0.22231363472364704,0.005779506452703671,0.22239320794281667,1116,True,20,175,1116,603390,2013.69,2036.09,0.011123857197483211,False,2016-06-28 16:16:53.335000
2016-06-29,2063.3502,0.004527,0.02207,0.05652048279666813,0.8703177196458061,-0.8720609990145469,0.5276452567520176,0.019440377644598522,0.06711500908189884,-0.38111060440267513,0.394320323757494,-0.18002796157115014,0.004083813893788575,0.17910699203175448,1073,True,20,164,1073,681831,2050.44,2073.11,0.011056163555139387,False,2016-06-29 16:39:10.024000
2016-06-30,2088.7374,0.0043230000000000005,0.021772999999999997,0.05515709030680899,0.939340576964105,-0.8834452927242503,0.5187449174704027,0.01587587595824234,0.0726185049988406,-0.37650685271949613,0.39622718292852144,-0.16547370333645658,0.004269657805247774,0.168676408392214,1128,True,20,177,1128,648067,2070.01,2098.93,0.013970947000255807,False,2016-06-30 16:57:38.395000
2016-07-01,2103.9324,0.006384,0.021730999999999997,0.05848153296814469,1.126012799624621,-0.8586878303296127,0.5960457739013174,0.01381199163207224,0.0473242155641774,-0.4492887039362325,0.4859145934885523,-0.22356865525802005,0.003341666003042452,0.13227983495860157,912,True,19,149,912,467092,2097.93,2108.7,0.005133631722697984,False,2016-07-01 16:15:24.711000
2016-07-05,2086.4462,0.006384,0.021730999999999997,0.05439870832280668,1.1216395742400385,-0.8643043039964502,0.6121434273395782,0.01774415908137396,0.05890384566006545,-0.4046252226950592,0.4409436849369504,-0.2526880875502436,0.00401046062898409,0.1336367757170595,913,True,19,152,913,490797,2080.88,2093.14,0.005891738110799238,False,2016-07-05 16:34:02.563000
2016-07-06,2089.8323,0.005752,0.021793,0.06007130977401387,0.9471389438886205,-0.8635568935260503,0.5922277477640446,0.017213701910855438,0.06380172975530196,-0.3852184167638126,0.4083783241298435,-0.23694195142694152,0.00522735244331345,0.1717465941305996,997,True,19,171,997,376577,2074.02,2100.72,0.012873549917551408,False,2016-07-06 16:19:56.617000
2016-07-07,2100.8191,0.004475,0.021819,0.0587243570548506,1.078182937707959,-0.8652087473194011,0.5981355846930045,0.014985742074874426,0.050686362266988756,-0.43915430850625314,0.4800942549739638,-0.23113497806722255,0.004641838680921938,0.18011544074569108,914,True,20,171,914,437990,2089.46,2109.05,0.009375628152728632,False,2016-07-07 16:14:57.700000
2016-07-08,2124.5324,0.004475,0.021819,0.06614066330936116,0.8446052462564309,-0.8770068079104908,0.5517173151668063,0.012216220186509544,0.044231810353036465,-0.4336110709185666,0.4999771221814348,-0.19266649341093575,0.0050369189342215305,0.20953937592328684,1112,True,20,181,1112,715382,2109.63,2131.5,0.010366746775500868,False,2016-07-08 16:15:56.983000
2016-07-11,2138.8416,0.006109,0.021419,0.07746054216763432,0.6841320116032478,-0.8227842372021701,0.6029568452525486,0.01160960661539549,0.04530833545816749,-0.36199442113850705,0.49997972819490144,-0.25757048417086204,0.005690292531395049,0.23354635962670448,925,True,19,153,925,594532,2132.61,2143.16,0.0049469898387419775,False,2016-07-11 16:18:24.971000
2016-07-12,2151.2276,0.008315,0.021269999999999997,0.08388098741006353,0.4463311297717743,-0.8362380442404524,0.5047960928294158,0.012102445629413466,0.059522436819043394,-0.29159729732304596,0.4692519431791977,-0.17994170358163297,0.006256179148850889,0.22055704946486993,994,True,20,146,994,659288,2145.46,2155.4,0.004633039068544731,False,2016-07-12 16:19:35.886000
2016-07-13,2151.3347,0.004934,0.021268,0.10747260519796857,0.26864319750295634,-0.8076626326490909,0.43701918453627175,0.011884626680382957,0.0588072706091163,-0.36523858692683175,0.4851196809204994,-0.1332421990440377,0.006096852770201293,0.3390944620810592,866,True,20,158,866,367778,2146.22,2156.39,0.004738563614168134,False,2016-07-13 16:15:12.978000
2016-07-14,2164.8343,0.0050880000000000005,0.021158999999999997,0.07847612515368481,0.42301539098541624,-0.7859754504326123,0.45794709285326785,0.011286271437042932,0.05377462303478545,-0.3630049470413702,0.4999899679622009,-0.14332232232294662,0.006101835338436808,0.248480828274342,912,True,20,145,912,535440,2159.37,2168.99,0.0044550030796017825,False,2016-07-14 16:23:12.002000
2016-07-15,2161.9095,0.004883,0.021178,0.06920229031026433,1.0401896759607734,-0.7392553983454191,0.7777922022881408,0.009491643942754186,0.04173077536964055,-0.30108989592749363,0.499956528937592,-0.4609936940730818,0.006478396688740479,0.2915815224832381,893,True,20,143,893,416715,2155.81,2169.05,0.006141543085893542,False,2016-07-15 16:15:50.475000
2016-07-18,2165.7307,0.0050360000000000005,0.021131,0.07265780996051495,0.6042951041994767,-0.7511444850170386,0.5579166245194764,0.010605156770950908,0.04571156297015527,-0.4221371489261525,0.4999663392155624,-0.22345744223321617,0.004763102907361621,0.1519534201683652,756,True,19,136,756,418524,2159.63,2168.34,0.004033098262202328,False,2016-07-18 16:21:49.781000
2016-07-19,2163.8422,0.004985,0.021166,0.05961154445743082,1.2916801287559307,-0.7730333968599817,0.8025782729607347,0.010701874696294397,0.031590763866807654,-0.4172756510060989,0.4999884883339168,-0.4901337893884073,0.00703222133330989,0.23039007707451625,837,True,19,147,837,306561,2159.06,2186.449,0.012685613183515132,False,2016-07-19 16:16:52.610000
2016-07-20,2172.3124,0.005497999999999999,0.021077,0.05868942048675409,3.1774786355778053,-0.8251361239480668,1.69340519963462,0.004515671686552234,0.46496853164206015,0.007972143703020825,0.06474495730298355,-2.49465241068736,0.004914914905830907,0.17037420987317406,836,True,19,137,836,737448,2164.91,2175.62,0.004947087869703548,False,2016-07-20 16:15:04.509000
2016-07-21,2168.0033,0.005242,0.021122000000000002,0.05742665452312555,1.6556130439117624,-0.7286978654875821,0.9216946310538263,0.009338800854782144,0.031086866172359385,-0.3930040278720956,0.49999767795327693,-0.659368356320047,0.005915820077055332,0.2045641753849163,927,True,20,163,927,338466,2159.75,2174.54,0.006848014816529746,False,2016-07-21 16:14:57.487000
2016-07-22,2169.8633,0.005293,0.021026,0.05627287981862888,1.9002659092849012,-0.7698555961497098,0.9626206056886824,0.00843883041687343,0.028504835639983662,-0.3765440735418375,0.4999534388057385,-0.7127715602231921,0.0048581835921893855,0.16780224045476883,856,True,19,162,856,285988,2163.25,2175.09,0.005473246272968968,False,2016-07-22 16:16:25.922000
2016-07-25,2169.8607,0.005395,0.02109,0.061447916377597854,1.5710789519954005,-0.7640099404028139,0.959873169355908,0.012412959735693464,0.028374908813274657,-0.3619791190531876,0.4999678009337908,-0.7282774451197209,0.00687248866230125,0.19076797815205168,800,True,20,141,800,266755,2161.95,2198.626,0.016964314623372667,False,2016-07-25 16:16:23.656000
2016-07-26,2167.5416,0.0054459999999999995,0.021082999999999998,0.06200316323703572,1.8497189008248724,-0.7394050684159175,1.083021862421193,0.010180151945251913,0.026038685954133178,-0.3421531846970378,0.4999517383999217,-0.9435595085813195,0.004914414211212128,0.1552166066772945,804,True,20,149,804,196970,2160.18,2173.53,0.006180040552176358,False,2016-07-26 16:16:03.905000
2016-07-27,2168.1639,0.005242,0.021114,0.0550607446121403,1.920375028833723,-0.754773761114609,0.9582697693575483,0.010079857297610288,0.030468890486450587,-0.379070036793906,0.4999970424316874,-0.7068063928202784,0.006108919197929729,0.21213468313885525,850,True,19,163,850,230873,2159.45,2200.656,0.019081710620759917,False,2016-07-27 16:14:59.325000
2016-07-28,2165.4483,0.0050880000000000005,0.021064,0.05940186780998929,1.4946299037737498,-0.7654159373173448,0.7965425810283101,0.010204367939511348,0.03300781374033992,-0.38977007508943395,0.4999715603219972,-0.4569124674535914,0.004849341667739421,0.1566741442171056,853,True,20,158,853,320815,2159.76,2172.84,0.006056228469830005,False,2016-07-28 16:14:52.556000
2016-07-29,2172.7749,0.004884,0.021031,0.048198799820207916,2.9011195567787396,-0.7540133393226637,1.1202536004501844,0.006335993172996865,0.02593429734653465,-0.32307876193612717,0.49999100364768007,-0.9753071677782639,0.005065916064377636,0.1993268896160306,820,True,19,154,820,410269,2163.49,2177.08,0.006281517363149414,False,2016-07-29 16:25:39.611000
2016-08-01,2172.0419,0.0061790000000000005,0.021059,0.05196539445970071,2.3050358228728753,-0.7664356377923779,1.0184981712907,0.007812513448976603,0.0275006965909542,-0.29609032946305935,0.49995883899561877,-0.7977743333638404,0.005131945579221837,0.1831698492907245,864,True,19,153,864,370880,2166.63,2178.27,0.005372398609822637,False,2016-08-01 16:43:50.002000
2016-08-02,2156.102,0.005051,0.021197,0.05716520931718747,1.2054211944565383,-0.8231101890134708,0.6388937271405652,0.011977829735789725,0.040240427173374775,-0.4090256879540088,0.49998079595523925,-0.2703688847865987,0.004613659053776224,0.16283362756858272,971,True,19,161,971,333362,2147.58,2170.15,0.010509503720466773,False,2016-08-02 16:16:33.795000
2016-08-03,2159.3375,0.006520000000000001,0.021145999999999998,0.06648836877469952,1.362557709405673,-0.7981734606522425,0.8092412349096666,0.01001788493012467,0.04244471570398292,-0.2839549643567324,0.4171612943557594,-0.4736828973585737,0.004298797849122215,0.14500859878247543,715,True,16,148,715,217250,2152.64,2163.79,0.005179686338635303,False,2016-08-03 16:47:12.056000
2016-08-04,2163.8225,0.005139,0.021158,0.05426713298686937,1.7716683285303187,-0.7987772939811683,0.8498599202623373,0.008943045279316409,0.03182238734583256,-0.3614851564461422,0.46815591755366504,-0.5299751624823476,0.004568537199950745,0.1504357910308977,743,True,17,151,743,202157,2159.07,2168.18,0.00421940928270037,False,2016-08-04 16:15:26.588000
2016-08-05,2179.8716,0.005139,0.021158,0.049009404045459865,2.9184056252882753,-0.7858073649244456,1.1953642019968003,0.0045866671095510314,0.021603835943155198,-0.28739971764469563,0.49998611215171784,-1.1428369344988552,0.0048021197756015115,0.19021457594765742,779,True,19,146,779,411099,2169.24,2182.87,0.006283306595858518,False,2016-08-05 16:14:55.012000
2016-08-08,2181.2405,0.005496,0.021004000000000002,0.05022788198443445,2.4032006933538734,-0.7521821378999223,1.0679337695608568,0.006060374611560853,0.025065904927548125,-0.32922641746870324,0.49997788563689755,-0.8990671745470824,0.0045492212769033934,0.1749769582278268,758,True,18,136,758,327829,2177.86,2185.43,0.00347588917561259,False,2016-08-08 16:14:52.233000
2016-08-09,2184.2671,0.0056489999999999995,0.021002999999999997,0.047874567568621615,2.591471730916421,-0.7408653679062907,1.1194295722660397,0.005383384738859331,0.027049683237031604,-0.33624269955846736,0.4657752630197289,-1.0049913902958665,0.00467451841092193,0.18336922700193403,779,True,17,136,779,272307,2178.64,2187.64,0.004131017515514257,False,2016-08-09 16:19:23.893000
2016-08-10,2177.4493,0.0056489999999999995,0.021002999999999997,0.04770555462100053,2.023386180513504,-0.770466406624404,0.8483650437313741,0.008050771519330029,0.03448593660772323,-0.3561327111541887,0.47503946798051405,-0.5266697275176071,0.004154810802751139,0.1751990423019943,785,True,17,138,785,290995,2172.41,2183.41,0.005063500904525453,False,2016-08-10 16:15:05.689000
2016-08-11,2185.1653,0.006416,0.020997,0.04296705996936151,2.123317327991975,-0.7830429756425772,0.8217015080369737,0.007525914288927282,0.03600036967508935,-0.37943906284451384,0.4694602799402383,-0.4927279623786055,0.004125582937568644,0.15563314156652197,813,True,20,146,813,235460,2178.77,2188.45,0.004442873731508978,False,2016-08-11 16:28:49.276000
2016-08-12,2183.2333,0.008366,0.021017,0.04146313669518246,3.5596502132688594,-0.7651164822112213,1.1467640496062375,0.0057194549764101555,0.025029908960985902,-0.3605399426694926,0.49996867885354085,-1.019879258709693,0.003826537716149491,0.1397149252705608,707,True,19,130,707,211838,2179.43,2186.26,0.0031338469232782273,False,2016-08-12 16:15:07.295000
2016-08-15,2191.7667,0.0053939999999999995,0.020964999999999998,0.041047503871506574,3.1134788476874347,-0.7638167931173931,1.060745874782189,0.005900572039813988,0.036608135148394456,-0.33525462696843666,0.44233296642235986,-0.8695807407588236,0.003497574221648401,0.1186692936483918,712,True,19,123,712,309235,2186.43,2193.8,0.0033707916558043394,False,2016-08-15 16:14:57.874000
2016-08-16,2182.0139,0.0053939999999999995,0.021105,0.05252950913693646,2.096728032642167,-0.765010436588917,0.9943691286713758,0.008410321938122002,0.05173184061328773,-0.24581303140316388,0.347067278125379,-0.7684897753579762,0.0040445852302196245,0.12858464819053153,739,True,17,126,739,301214,2178.14,2185.78,0.003507579861717014,False,2016-08-16 16:33:21.174000
2016-08-17,2173.8769,0.005753,0.021077,0.05267053873522067,1.330996016076939,-0.8155281571283673,0.6902618221127379,0.010843176071054995,0.06100278435341916,-0.3099773288409732,0.36377431553587086,-0.3362528286239874,0.0046882378846257265,0.14707113369148997,902,True,20,156,902,350116,2168.5,2183.08,0.006723541618630424,False,2016-08-17 16:21:00.094000
2016-08-18,2183.9935,0.005651000000000001,0.021029,0.05149169247910654,2.0763812554884407,-0.8056736016841772,0.9213484574834182,0.007184804685547499,0.04066430846760494,-0.29333742435717325,0.3822896309740019,-0.6350502099530903,0.004257373287430238,0.1457064743232727,718,True,18,136,718,195052,2180.47,2187.02,0.003003939517627119,False,2016-08-18 16:16:21.318000
2016-08-19,2180.3643,0.005804,0.021071,0.04769736535123613,2.4814276385033107,-0.8161113699188639,0.9016705971635451,0.006232916999259829,0.033138175633731726,-0.3507629071606913,0.4565421972098596,-0.5762947444565691,0.003285293286875606,0.11506876962671986,772,True,18,133,772,322289,2175.13,2185.0,0.004537659818033779,False,2016-08-19 16:14:42.345000
2016-08-22,2180.1325,0.005804,0.021084000000000002,0.04989681793279342,2.080997332465989,-0.8210581307306996,0.8928224397420698,0.00818587965370986,0.03933494049876721,-0.312473381950987,0.40128773159419096,-0.5894616188736134,0.003739618555783971,0.12736070170223732,789,True,18,134,789,271541,2175.97,2185.14,0.004214212512121174,False,2016-08-22 16:15:38.416000
2016-08-23,2190.3703,0.005804,0.021044,0.05228351360602383,1.9464904589633263,-0.7999593214592011,0.9048066791961826,0.00702339474418896,0.03371995246661942,-0.34378263216337107,0.44280618770739727,-0.6151364059276145,0.003461253084620143,0.15792796424175523,750,True,19,125,750,328310,2186.81,2193.41,0.003018094850489872,False,2016-08-23 16:20:08.973000
2016-08-24,2181.4481,0.005753,0.021161,0.05720367562362505,1.4803686329615129,-0.8139760328005955,0.8202602503817711,0.010230699741879892,0.04999858847528392,-0.26780182952139764,0.3652050864486676,-0.5034618241897265,0.004275811963395613,0.15100522810028214,837,True,19,143,837,414914,2171.25,2186.65,0.007092688543465897,False,2016-08-24 16:49:31.906000
2016-08-25,2173.7457,0.005753,0.021191,0.054114683379986685,1.3389690498846478,-0.8350862972634532,0.7211463529665476,0.01134551183034769,0.06613858271511412,-0.25654798442354143,0.32698981286162515,-0.3751362900167338,0.003462880359440331,0.09543934043357367,738,True,19,127,738,233880,2169.76,2178.98,0.0042493178969100764,False,2016-08-25 16:15:17.907000
2016-08-26,2174.2927,0.006008,0.021227,0.05659579047373238,1.4762761143616427,-0.8292301210683477,0.7957961759529124,0.012137108645741475,0.04435612995767596,-0.29917557853224136,0.36179518190538024,-0.46618952636170413,0.005375891802219974,0.15872461432560794,872,True,20,145,872,284432,2160.4,2187.94,0.012747639326050608,False,2016-08-26 16:20:21.567000
2016-08-29,2179.9812,0.0059570000000000005,0.021126999999999996,0.05980849769372123,1.0713724593765714,-0.8569980872993989,0.6555078642852755,0.010359493632139023,0.07938549798999654,-0.23448734766667556,0.29043592837449156,-0.301536205608363,0.004012688579900758,0.13305599732376774,783,True,18,142,783,284044,2171.4,2183.48,0.005563231095145893,False,2016-08-29 16:39:49.347000
2016-08-30,2175.8009,0.005906,0.021181000000000002,0.0676107470629906,1.0767866446005045,-0.8253883144497247,0.730500547263549,0.010169318613118985,0.05870979704430843,-0.2711889936570623,0.3227982990346879,-0.38802635061456237,0.003716527924425082,0.12938170350058661,834,True,20,138,834,429853,2170.43,2182.27,0.00545514022566973,False,2016-08-30 16:14:58.176000
2016-08-31,2168.4454,0.005906,0.021254,0.060439090575505255,1.1233528686881387,-0.8365037063355392,0.690701572715353,0.012333301629368607,0.05464945633225781,-0.3171898938254506,0.3547839595228979,-0.34127981099367,0.00408281045772057,0.15890529654002106,960,True,20,154,960,325315,2161.35,2173.71,0.005718648067180254,False,2016-08-31 16:14:57.310000
2016-09-01,2165.5127,0.005906,0.021254,0.06803225566751014,0.8988647680808025,-0.8545585417321875,0.6437837963717399,0.012837369144758963,0.06225779853250016,-0.27480857456194063,0.34107722424177667,-0.29215398104562906,0.004780258128821502,0.16351755266821974,880,True,20,143,880,280456,2157.1,2173.56,0.007630615177784961,False,2016-09-01 16:23:06.892000
2016-09-02,2179.9998,0.005051,0.021165,0.05672567689829047,1.5219235753517593,-0.870304945774499,0.7001558976598021,0.008424135144883809,0.03724647684604856,-0.33823423432123884,0.4372856158340862,-0.31755399102921344,0.0037826718959755555,0.12362810924053583,860,True,20,133,860,251358,2173.59,2184.86,0.00518497048661426,False,2016-09-02 16:14:38.584000
2016-09-06,2181.9569,0.00565,0.02108,0.07093120932781254,0.9659586636843788,-0.8617056276050247,0.6603494175533904,0.009255397472630676,0.05384813355850573,-0.2607705325954584,0.3626720658083459,-0.29902812091148046,0.004391876750512916,0.1387602331410451,860,True,19,127,860,369948,2175.11,2186.57,0.005268699054300718,False,2016-09-06 16:18:20.491000
2016-09-07,2183.7019,0.00565,0.02108,0.06686135121188165,1.0565955378346064,-0.8512682318091628,0.6717896137668858,0.008487796270797857,0.050503381523050325,-0.2646343380956195,0.37272400293079977,-0.3100104744769284,0.004512557946879407,0.17970201226119983,785,True,19,128,785,363189,2179.1,2187.82,0.004001652058189364,False,2016-09-07 16:17:38.133000
2016-09-08,2181.2277,0.0053939999999999995,0.021088,0.06570628625646545,1.073757451134765,-0.8656044990597463,0.6783429919451252,0.009290022000194948,0.04641626192626912,-0.30837603364094845,0.39674605625178055,-0.319043985812517,0.004353238140148578,0.15103652601046655,777,True,20,124,777,257825,2177.58,2184.94,0.0033798987867266206,False,2016-09-08 16:15:10.292000
2016-09-09,2147.466,0.005598,0.02162,0.060320958086419726,1.319893119998786,-0.8579929841356421,0.7818058983495624,0.017713695090001362,0.04739003449043041,-0.3185119831822972,0.3578906348664658,-0.4519860275541652,0.007486130952075772,0.18551908021821295,1202,True,20,160,1202,457691,2127.81,2168.06,0.018916162627302224,False,2016-09-09 16:21:54.256000
2016-09-12,2139.5293,0.008468,0.0213,0.026497532260352282,1.6230942604754337,-0.8625724823943355,0.5484721694291007,0.016425682344932357,0.1774830896534885,-0.23570298406560203,0.2543529049639718,-0.21480573558118332,0.010569348790463387,0.19884783151903332,1053,True,19,174,1053,644267,2119.12,2163.27,0.02083411982332284,False,2016-09-12 16:21:52.259000
2016-09-13,2129.4212,0.005699999999999999,0.021633,0.03337207781065862,2.9513896333643204,-0.8547050349560117,0.8543565545649923,0.02513026768406157,0.0647254956017228,-0.38386789836240875,0.40456699822602066,-0.532937113339754,0.007316510345177027,0.2149611655532032,1147,True,20,160,1147,356248,2120.28,2148.08,0.013111475842813025,False,2016-09-13 16:16:17.976000
2016-09-15,2142.5508,0.005958,0.021431,0.048133999987349116,1.6948314497396428,-0.8998033463884577,0.719160909020986,0.020856201145032217,0.04963384345135994,-0.3606327579271441,0.41492953455332615,-0.35403437910323715,0.0055294564271478,0.1666284762665048,1011,True,19,159,1011,327924,2122.36,2151.31,0.013640475696865773,False,2016-09-15 16:54:57.661000
2016-09-16,2136.2979,0.006009,0.021513,0.05113316391357192,1.7548089185756761,-0.8838717421639566,0.743863285821316,0.01981341503780628,0.03504406365938001,-0.4731895913334568,0.4999782829830415,-0.373874723851829,0.00489056261305359,0.17277345993534574,888,True,19,142,888,442003,2131.24,2145.28,0.006587714194553618,False,2016-09-16 16:20:41.219000
2016-09-19,2147.3679,0.006059999999999999,0.021496,0.054354648588061424,1.269733167153133,-0.8718322146165728,0.6613308135856192,0.01715623737799702,0.05050239804590188,-0.3688544644983935,0.3726467097274304,-0.2993266447953874,0.004278634631139637,0.1422223191081526,909,True,18,147,909,267210,2135.99,2153.61,0.0082491022898048,False,2016-09-19 16:24:59.283000
2016-09-20,2144.7754,0.006059999999999999,0.02149,0.05582840372458597,1.223512908757556,-0.870754097460976,0.6716469049342987,0.0185501601394846,0.05138749410283802,-0.3509525390911044,0.3758468612828832,-0.31449601964310414,0.004502475774993005,0.11565838635181001,889,True,20,146,889,269611,2139.18,2150.78,0.005422638581138672,False,2016-09-20 16:25:37.117000
2016-09-21,2149.2963,0.006008,0.021256,0.06491623174575126,1.105493015642605,-0.8655203176824424,0.6686494164796676,0.01597166552931017,0.03524357944734552,-0.4017319509934147,0.4191040011842226,-0.3035631605650704,0.00646133843104292,0.1663493197212572,927,True,18,172,927,534689,2139.58,2165.11,0.01193224838519713,False,2016-09-21 16:24:42.511000
2016-09-22,2176.9258,0.005804,0.021174,0.0626622530938492,1.3735328382452656,-0.8664879313438887,0.7119674969878501,0.010514177544807341,0.02411857891275062,-0.4088533770953321,0.4999616788205681,-0.3347603920814686,0.004824031986552079,0.15143548003242707,942,True,20,144,942,614258,2171.54,2179.99,0.00389124768597382,False,2016-09-22 16:16:22.215000
2016-09-23,2169.7841,0.005752,0.021288,0.05476221085552394,2.0977810973199875,-0.8619713381418823,0.8355875484511814,0.009775663131225484,0.020310204710825036,-0.37710717269415994,0.4999763796481366,-0.46844828956631646,0.00487366142430295,0.17039893069139853,833,True,19,146,833,332320,2163.97,2173.2,0.00426530866878938,False,2016-09-23 16:20:47.973000
2016-09-26,2150.2947,0.005701,0.021472,0.06220476468677205,1.1395782461661346,-0.8863103739915562,0.6436744961176546,0.015783231694280437,0.037860606789247506,-0.3841211657260535,0.444828480857615,-0.27254246366245893,0.0043224437088766185,0.15093279630546766,965,True,19,153,965,338330,2145.08,2157.32,0.005706080892088128,False,2016-09-26 16:15:03.792000
2016-09-27,2154.7409,0.005701,0.021339999999999998,0.059655667814662125,1.2680495827022789,-0.8884081500372529,0.6331609692281386,0.014037060474978,0.030803489428851166,-0.4071502065284086,0.48093258285196255,-0.24960012359749972,0.00522050656522725,0.15201154451440796,971,True,20,162,971,379396,2141.61,2161.13,0.00911463805268009,False,2016-09-27 16:17:30.131000
2016-09-28,2161.8385,0.005803,0.021241,0.057984932078289024,1.4830005941909594,-0.8723462872756184,0.695003800828387,0.011916787921041049,0.025709807703369475,-0.4406092949354904,0.49998657513312966,-0.31104690571345406,0.0046454758784914745,0.15708966084444284,971,True,19,158,971,320545,2151.84,2172.4,0.009554613725927474,False,2016-09-28 16:19:31.471000
2016-09-29,2162.6752,0.005701,0.021443,0.0571436148030555,1.229263001426008,-0.8851412553485503,0.642463524242738,0.01444727323852286,0.0357123325712844,-0.4206993473073567,0.4600395960234994,-0.2722703170921279,0.007815597736638676,0.19757564854443427,1015,True,20,169,1015,469878,2145.28,2172.67,0.012767564140811372,False,2016-09-29 16:19:59.805000
2016-09-30,2169.0208,0.005854000000000001,0.021274,0.05471027480502909,1.443713499016668,-0.898674565934913,0.6540572632854394,0.012293299383969444,0.028775973406980702,-0.47095916709251884,0.49998521124686446,-0.26981897911457464,0.004977688155746299,0.15286613584583492,878,True,20,155,878,331401,2158.02,2175.3,0.008007340061723323,False,2016-09-30 16:17:34.845000
2016-10-03,2159.3428,0.006622,0.021362000000000003,0.055678284500788565,1.4208019662061158,-0.8987307433093894,0.6676345808434896,0.014500107555367535,0.0368492184662182,-0.34551872674706907,0.41147498376563,-0.2875203013506542,0.004422721091766743,0.18071323133198558,936,True,20,138,936,283558,2154.8,2164.37,0.004441247447558805,False,2016-10-03 16:42:08.353000
2016-10-04,2157.2884,0.006622,0.021362000000000003,0.06153136973348978,1.2260171353543625,-0.909695591220951,0.6507915652621769,0.015035470801071293,0.026236746994013092,-0.36350898002792686,0.4999858044472669,-0.27265263410622764,0.005195658593180736,0.18921138283297229,1026,True,20,160,1026,364636,2144.05,2165.44,0.009976446444812437,False,2016-10-04 16:26:47.867000
2016-10-05,2160.3275,0.004986,0.021402,0.06432092083427934,1.3231814925803576,-0.9027178930452617,0.6594268671836246,0.013225854664330804,0.021184695814151364,-0.3975589256718436,0.49996620949472736,-0.26462728909632016,0.005417622096250404,0.19539888977102557,878,True,20,146,878,265536,2155.97,2163.94,0.0036967119208524135,False,2016-10-05 16:31:34.207000
2016-10-06,2158.2863,0.0053939999999999995,0.021349,0.088655137307848,0.8830265059840986,-0.8956304957006184,0.657523702458513,0.013358174585960069,0.028399111238939605,-0.26878465811268265,0.4035527307204287,-0.27576774702577206,0.005785541160564778,0.18070880343089826,909,True,20,141,909,242316,2150.42,2162.93,0.005817468215511212,False,2016-10-06 16:17:11.915000
2016-10-07,2153.9626,0.0053939999999999995,0.021349,0.06378118349231027,1.3147514905462891,-0.8969805954415799,0.6537615653748594,0.01350954595330777,0.022748211724191895,-0.3823862990085989,0.49995660181678225,-0.25969137223074396,0.006029696259402833,0.20222968951150647,970,True,20,132,970,289988,2144.85,2165.81,0.009772245145348135,False,2016-10-07 16:24:57.875000
2016-10-10,2166.3344,0.006313999999999999,0.021291,0.059193561056871895,1.6627244366127463,-0.875303581754082,0.7489308421604273,0.011511460445137168,0.019699735317757264,-0.33687948944972806,0.4999571465110694,-0.36405224542034775,0.006759199430382102,0.2128506979508973,841,True,20,127,841,313528,2161.03,2169.6,0.0039657015404690465,False,2016-10-10 16:15:31.679000
2016-10-11,2140.261,0.0071860000000000005,0.021559,0.06802209200553559,1.0265395360608798,-0.8769518534889749,0.6403935528970481,0.016294729069575197,0.03337013564888871,-0.31405394040249124,0.4266041452874172,-0.2704491690535984,0.006036007112003599,0.17340429159150347,1150,True,19,150,1150,513339,2128.85,2161.56,0.015365103224745713,False,2016-10-11 16:42:11.142000
2016-10-12,2140.0523,0.0071860000000000005,0.021559,0.06607921069302937,1.038466384559257,-0.8912049850891256,0.607418990765565,0.016369534632306167,0.029916213608052834,-0.39076458265498565,0.49996198624843896,-0.2317157522968184,0.005656014409384589,0.1576877250591507,969,True,20,142,969,367413,2132.77,2145.36,0.005903121292966551,False,2016-10-12 16:16:11.193000
2016-10-13,2124.8281,0.006520000000000001,0.021577000000000002,0.05964071377501509,1.120086812872854,-0.8778656712657761,0.6306460942433071,0.02000650786904144,0.036171815277329857,-0.41114937017659986,0.46678702423556023,-0.26410894216490066,0.005711167649978372,0.16141178912513046,1143,True,19,149,1143,383856,2114.74,2138.18,0.011084104901784686,False,2016-10-13 16:16:55.541000
2016-10-14,2140.9514,0.0065710000000000005,0.021573000000000002,0.0623478270408815,1.1678521021913928,-0.8733237966094629,0.6257046165647067,0.01641900323663529,0.02878661012520677,-0.44676653699671803,0.49999770221068573,-0.2458801854368689,0.006572798496692697,0.20734653170023795,997,True,20,144,997,283837,2132.98,2149.18,0.007595007923187236,False,2016-10-14 16:25:09.977000
2016-10-17,2128.634,0.006418,0.021642,0.05853241649785357,1.2886161938834235,-0.8738818067458335,0.6601718657014093,0.01913427179124124,0.04476090433127644,-0.2738776236579851,0.35084825944583636,-0.2849752527311529,0.005215213473696599,0.14732230765324433,895,True,20,138,895,212514,2124.43,2135.52,0.005220223777672173,False,2016-10-17 16:17:17.742000
2016-10-18,2139.682,0.006418,0.021509999999999998,0.05380407671825918,1.459815450108441,-0.8646636173388138,0.6288613515956051,0.016057880974439113,0.031125671138826094,-0.43203929056252244,0.4999533524049598,-0.238378554586382,0.005618416952306539,0.16980682788942617,972,True,19,124,972,377158,2135.54,2144.37,0.004134785581164424,False,2016-10-18 16:19:30.285000
2016-10-19,2144.2342,0.006314999999999999,0.021467999999999998,0.06550793834360838,1.1947673116253559,-0.8575433636245717,0.6763200749931251,0.014949907856832508,0.021399661446925063,-0.43364294735430364,0.4999667254548778,-0.30087535706888124,0.005062285876325204,0.1485296030146829,912,True,20,149,912,451361,2138.17,2148.31,0.0047423731508720035,False,2016-10-19 16:15:05.581000
2016-10-20,2140.3668,0.006469,0.021568999999999998,0.05991508719812201,1.1996537986631106,-0.8608538542028069,0.6168273800423292,0.014252906757568434,0.02929332668396442,-0.4332604388152631,0.4999619392111371,-0.2367212928609668,0.005109416049739435,0.18979824577751345,960,True,19,141,960,277556,2133.44,2147.18,0.006440302984850765,False,2016-10-20 16:14:58.675000
2016-10-21,2137.3228,0.006417000000000001,0.021570999999999996,0.06598504780734613,1.0908275788808937,-0.8656182032151623,0.6160586411377507,0.013673196761192382,0.025344726474787648,-0.37048547815006055,0.49996277134820505,-0.23557162943643706,0.005224366521398251,0.19218649361092463,996,True,20,141,996,428367,2130.12,2142.62,0.0058682139973333936,False,2016-10-21 16:29:27.699000
2016-10-24,2151.2261,0.006468000000000001,0.021469000000000002,0.06021232339027099,1.063661606505782,-0.8548287244964166,0.6139903900662316,0.01269822200290442,0.028979006421701,-0.39932219530512814,0.49998871665986705,-0.24889312583620057,0.004040393973604902,0.14103066317564422,932,True,20,133,932,295871,2146.99,2154.75,0.003614362432987628,False,2016-10-24 16:16:10.881000
2016-10-25,2145.5318,0.0065190000000000005,0.021551,0.058046104453795766,0.8670607628279386,-0.8611524957593392,0.5486269939557769,0.014027288376110345,0.040360772209592055,-0.3519020220921828,0.4557325987228767,-0.2003325792831553,0.0052596052459307615,0.14074716621334,914,True,20,145,914,285011,2141.96,2151.43,0.004421184335841932,False,2016-10-25 16:16:34.648000
2016-10-26,2138.4251,0.006468000000000001,0.021589,0.06052592014221856,0.7714154201856386,-0.8451638047149517,0.5552479580455394,0.015385684859276298,0.06203908034698495,-0.27809327857303545,0.33500196830346063,-0.2149190386764772,0.005544340371750378,0.15075798894669226,947,True,19,143,947,296596,2131.61,2145.65,0.006586570714155027,False,2016-10-26 16:40:31.159000
2016-10-27,2136.7118,0.0065190000000000005,0.021658,0.050980935836770325,1.2433216338146105,-0.8483547356793651,0.6672638063804918,0.017267761659145196,0.054810678077972054,-0.2564303426660665,0.32778411864068946,-0.31846958642944023,0.005944720385793196,0.13924253015594018,968,True,20,141,968,348566,2132.53,2147.13,0.006846328070414076,False,2016-10-27 16:14:52.320000
2016-10-28,2132.697,0.006417000000000001,0.021686999999999998,0.036481271743589005,2.100669000987968,-0.8445099480150433,0.7213441428117036,0.02002498108563547,0.055484914927363335,-0.32829789429707645,0.3799494944299694,-0.3670672190319999,0.008058922050006658,0.14977851781142132,993,True,20,156,993,376945,2119.4,2140.72,0.010059450787958779,False,2016-10-28 16:28:15.045000
2016-10-31,2128.7665,0.006417000000000001,0.02169,0.02530487753698055,5.80192110065419,-0.8416893677787475,0.988653765523562,0.025828224181970425,0.04072726665369418,-0.4877213604622244,0.4999739134017368,-0.6838024622213629,0.0067064758348647745,0.13464547235434934,943,True,20,143,943,263219,2125.54,2133.24,0.003622608842929198,False,2016-10-31 16:14:59.204000
2016-11-01,2114.7476,0.006128,0.021840000000000002,0.022467236550835466,7.743456309940066,-0.825294646634788,1.1020909654219604,0.03462662831708413,0.0557234107266128,-0.4973418169278755,0.46818906405768707,-0.8666563667917427,0.008711117955224695,0.171357813441429,1169,True,20,173,1169,494663,2097.85,2131.43,0.016006864170460267,False,2016-11-01 16:16:35.069000
2016-11-02,2103.4942,0.004642,0.022002,0.02837436691289251,3.9832279533272685,-0.8418465715259745,0.8707924594807838,0.03132608590201576,0.04593125095720988,-0.49999999169731824,0.4854668922089185,-0.5322363645977968,0.006067286322736082,0.15483734697682502,1045,True,20,160,1045,485080,2094.0,2111.74,0.008471824259789873,False,2016-11-02 16:17:04.603000
2016-11-03,2094.1586,0.0068779999999999996,0.02215,0.015934158791778657,8.281583062687947,-0.8545412091190955,0.8831945525397767,0.03947750415988334,0.08426537522213613,-0.49999999787835775,0.4577542912144827,-0.5161124984995877,0.008431283295363126,0.15659252929853815,1086,True,20,172,1086,552238,2085.23,2102.4,0.008234103672017046,False,2016-11-03 16:17:57.240000
2016-11-04,2092.902,0.0050880000000000005,0.022189,0.01628118841722752,11.186673753176803,-0.8262381487014386,1.155544428684605,0.04790666066016398,0.09149941275627518,-0.49999999718348875,0.4383842241677055,-0.9710182403889798,0.006980388756854181,0.13496501665874988,997,True,19,151,997,393471,2084.6,2099.05,0.00693178547443174,False,2016-11-04 16:34:14.714000
2016-11-07,2124.9169,0.004935,0.021707999999999998,0.01979358846253473,8.72435892929276,-0.8032602982618221,1.1876250261286527,0.032763451470540696,0.06035307952682482,-0.49999999484028457,0.47358361188248543,-1.0650804621953611,0.007492701898778901,0.14132322675849457,999,True,19,163,999,376147,2106.27,2131.99,0.01221116001272371,False,2016-11-07 16:16:49.022000
2016-11-09,2151.7992,0.0053939999999999995,0.021655,0.034019105770825224,2.11311520266012,-0.7660952488374173,0.8020622979801652,0.017589436451090894,0.05544225628950122,-0.38424109258507055,0.40678738341573073,-0.4995313506707564,0.0061599103560163754,0.17518803373369476,1128,True,19,179,1128,684147,2125.93,2170.1,0.020776789452145783,False,2016-11-09 16:15:52.534000
2016-11-10,2167.2515,0.006416,0.021356,0.04271953017135649,1.2175558001196674,-0.8012343431559493,0.6604779540853994,0.01435602485140635,0.07801918923325507,-0.2904150741687566,0.34852989206019086,-0.33220430435579057,0.006715060081077144,0.20323835806231863,1087,True,20,177,1087,636769,2151.17,2182.3,0.014471194745185212,False,2016-11-10 16:15:15.334000
2016-11-11,2160.2296,0.0071860000000000005,0.02139,0.04984873817560954,1.392061193689081,-0.808307374987262,0.7086038696347028,0.01634848538477769,0.04778436881633134,-0.3143768298886758,0.44042841581091474,-0.3633344561240079,0.004800116051229822,0.13353333631606681,970,True,19,153,970,445249,2152.58,2165.92,0.006197214505384352,False,2016-11-11 16:18:30.674000
2016-11-14,2163.4518,0.007647,0.02141,0.058535644729676796,0.9448163360073276,-0.8053557426711683,0.6005919831021622,0.015508460418830248,0.05441005303861077,-0.30938273085253354,0.4062471586154458,-0.25009986340794815,0.004968090135691506,0.17358796473657512,1040,True,20,163,1040,528495,2156.11,2171.36,0.007072922995579933,False,2016-11-14 16:14:57.151000
2016-11-15,2173.5681,0.0075439999999999995,0.021270999999999998,0.0669664648560055,0.8308608771758936,-0.7985641778523005,0.5711534462003257,0.012411484603918572,0.03731554909969503,-0.37023872193258256,0.4999982259289994,-0.21493662764324958,0.005592619164388771,0.2083181574692167,1039,True,20,166,1039,437261,2166.38,2180.84,0.006674729271872959,False,2016-11-15 16:32:04.864000
2016-11-16,2175.3998,0.007391,0.021318999999999998,0.12385682182979392,0.2919398692110232,-0.8259239961535999,0.4664293872188382,0.01315600780009197,0.051302985132397144,-0.3004098409286811,0.47017754663086797,-0.14523888452957479,0.005737248768431825,0.2808697023532519,867,True,20,142,867,588984,2172.21,2179.22,0.003227128132178736,False,2016-11-16 16:15:42.318000
2016-11-17,2184.73,0.007594999999999999,0.021219000000000002,0.10589366207443343,0.42102210756620356,-0.8010054043540777,0.5139680725918369,0.011361569307334143,0.03915310432087565,-0.337313026514832,0.49999462709630793,-0.17499603407480502,0.005501023061652573,0.1899803301999541,961,True,20,152,961,399288,2176.65,2188.05,0.005237406105712994,False,2016-11-17 16:15:00.868000
2016-11-18,2183.2555,0.0075439999999999995,0.02128,0.08582480772717557,0.6126680009147395,-0.7804763691633424,0.5596546006977732,0.010885089849944721,0.036143445790164076,-0.39364300706934385,0.49996225692846424,-0.20804904532398283,0.00482975076910488,0.2051842875688731,906,True,19,143,906,580815,2180.41,2189.88,0.004343219853147007,False,2016-11-18 16:14:41.786000
2016-11-21,2194.8344,0.007594999999999999,0.021129,0.06793055274194759,0.7511465348641364,-0.8249784295018552,0.4902466176456513,0.00995997633944723,0.03948135688298592,-0.3710605247497229,0.4999665243433487,-0.13829014750596264,0.004846309299444019,0.17929775929743555,977,True,20,149,977,531358,2187.04,2198.62,0.005294827712341688,False,2016-11-21 16:33:42.578000
2016-11-22,2200.2843,0.007594999999999999,0.02109,0.08310740344424926,0.5963825090984073,-0.8079800479951037,0.5047792807344652,0.009562745102977329,0.040424771936041874,-0.35644168280791183,0.4999531868551359,-0.15567451867733406,0.004649712718554783,0.15650737742408902,917,True,20,153,917,555621,2194.51,2204.77,0.004675303370684114,False,2016-11-22 16:14:48.335000
2016-11-23,2199.111,0.007697000000000001,0.021075,0.06479772575008139,0.8241975616254621,-0.769916243530515,0.5403173970756103,0.009893991682920435,0.04272160099277506,-0.35723664330620825,0.4884788674552574,-0.18513063445837777,0.0047475065057737105,0.22033545370900098,902,True,19,150,902,350487,2194.59,2204.72,0.004615896363329597,False,2016-11-23 16:15:57.086000
2016-11-25,2210.134,0.007799,0.020994000000000002,0.0622104386057345,0.867059946189035,-0.7430036245830364,0.5451309707887068,0.00915075563924071,0.048365040617392385,-0.33468651955789824,0.45446580326740454,-0.189287416213269,0.004928356737184771,0.304741023825253,783,True,19,139,783,282694,2207.1,2213.35,0.0028317701961850794,False,2016-11-25 13:14:59.564000
2016-11-28,2206.2072,0.007697000000000001,0.021116000000000003,0.0972076023818292,0.38177315848555227,-0.796172301864474,0.4605742146188323,0.010273575108076638,0.07471185126799389,-0.2670305470705522,0.39971847706356484,-0.13790610039151693,0.00500383159477197,0.15605045592768096,921,True,19,143,921,324224,2200.37,2211.1,0.004876452596608738,False,2016-11-28 16:15:09.047000
2016-11-29,2205.5813,0.007645,0.021106,0.06616924065598936,0.714712552326206,-0.7589507981793219,0.5552611594421633,0.0103944397117522,0.07221739379047383,-0.2630563805587716,0.3586137523727232,-0.21373098143559718,0.005876930382607312,0.18047758166452546,919,True,20,156,919,347377,2198.15,2210.45,0.00559561449400614,False,2016-11-29 16:22:21.864000
2016-11-30,2206.7217,0.0077480000000000005,0.021182,0.06657953248765124,0.7917319072580792,-0.7523576027508924,0.6028359994748479,0.010436249359972801,0.055751636575462185,-0.3034804205382961,0.4172709744961065,-0.2579849617812401,0.005342655128536926,0.1651598569972931,895,True,18,166,895,503092,2198.81,2214.09,0.0069492134381781145,False,2016-11-30 16:16:09.809000
2016-12-01,2194.4689,0.0061270000000000005,0.021257,0.06168901081326683,0.6592537117073632,-0.7791359673097296,0.49074924315955837,0.012319952538607282,0.08310027626580183,-0.29383053976970636,0.36443566668443006,-0.1594974009612757,0.0058402722393646805,0.18514994220494654,924,True,19,153,924,351695,2187.45,2202.6,0.00692587259137345,False,2016-12-01 16:15:21.396000
2016-12-02,2193.6762,0.004846,0.02125,0.0511992058917581,1.206519155596964,-0.7587625959280186,0.6271398503783031,0.012464774316914028,0.052313797042723105,-0.3683780758893839,0.44347855303953737,-0.26975874661300225,0.00438568016861979,0.14286552780970607,893,True,19,148,893,308316,2188.42,2197.88,0.004322753401997836,False,2016-12-02 16:17:23.696000
2016-12-05,2205.437,0.00519,0.021131,0.06388971571968002,0.7674790479850871,-0.7764829204042126,0.48343320696854586,0.009757319505957861,0.04740721827309713,-0.41604184136154215,0.49997859801154626,-0.1356396292067371,0.004815431107152049,0.22311668915510763,897,True,19,150,897,372336,2199.97,2209.42,0.004295513120633698,False,2016-12-05 16:14:54.693000
2016-12-06,2206.757,0.00519,0.021131,0.053257852279680704,1.656064100157315,-0.7120462520957912,0.7240276910246267,0.00739638077100037,0.032614774611856495,-0.38354739804315274,0.499975459796279,-0.3478192629467311,0.004782070446341008,0.14916589233268118,966,True,20,153,966,361548,2202.3,2212.76,0.004749579984561603,False,2016-12-06 16:17:19.204000
2016-12-07,2226.7983,0.004935,0.020781,0.060135400401837125,2.5160036779698136,-0.8092158362305941,1.2826729745586465,0.004756885068584989,0.23674674655876454,0.014014071633173263,0.09566733848575025,-1.342648182488707,0.005418709966406036,0.17615853782339466,1142,True,20,188,1142,572170,2208.93,2241.59,0.014785439104000764,False,2016-12-07 16:19:01.909000
2016-12-08,2243.8874,0.005343,0.020749,0.05774843551564583,2.7290915412030254,-0.8433402002487893,1.5127389469701649,0.004064404017235805,0.7313234479335078,0.005394758610615399,0.0793601976122595,-1.9731775879134887,0.006643474304778467,0.18063797736494377,1186,True,20,175,1186,684789,2237.6,2251.66,0.00628351805505889,False,2016-12-08 16:14:59.704000
2016-12-09,2253.8913,0.005547,0.020627,0.0676197027819784,0.6555219273215348,-0.7149345520362831,0.4542599038085972,0.009235462270911956,0.04927309096621379,-0.33108569289285444,0.4999636999917962,-0.11769966442309233,0.0057862386318948845,0.18167628045000828,969,True,20,142,969,531242,2249.23,2259.8,0.004699386012102069,False,2016-12-09 16:18:07.790000
2016-12-12,2256.4481,0.008468,0.020652,0.05044461947493257,1.2759391199331025,-0.6619470908019454,0.6002001131507557,0.009594768481312828,0.04688640667842201,-0.30038073686050953,0.45463561151201143,-0.23151164906976854,0.0054281631238021245,0.2940649783318942,979,True,20,139,979,424517,2252.38,2263.97,0.005145668137703119,False,2016-12-12 16:19:55.684000
2016-12-14,2265.2938,0.009084,0.020712,0.1192636018958609,0.2407414822274087,-0.6318005199779609,0.4157136884347314,0.011364172698597191,0.04991993769465559,-0.4237648358683902,0.49996293487974813,-0.11539447815963062,0.005518216815193764,0.20922690155475002,1016,True,20,168,1016,522315,2248.48,2276.14,0.012301643777129279,False,2016-12-14 16:23:55.118000
2016-12-15,2264.321,0.008878,0.020641,0.1453940982512872,0.19012237062448492,-0.6751380657655822,0.39319509857291507,0.010856020361082715,0.052569273022121936,-0.4487102136567628,0.49995000230445447,-0.09931704427307639,0.004290522463512006,0.12881252171516508,971,True,20,156,971,379920,2254.3,2272.12,0.00790489287140117,False,2016-12-15 16:16:32.904000
2016-12-16,2259.6108,0.008826,0.020654,0.07317966187241752,0.5098041675533623,-0.6375928461678702,0.483233740355969,0.009519371100629823,0.04806178928833635,-0.4999999503823299,0.4736962097401911,-0.15890025461301138,0.004012648538458125,0.10631612514006572,956,True,19,157,956,584618,2254.29,2267.98,0.006072865514197501,False,2016-12-16 16:18:54.234000
2016-12-19,2262.927,0.008775,0.020614,0.04406386600304036,3.3307455675603626,-0.6362548201434589,1.305826920104551,0.005297091286140234,0.022698678750674654,-0.44487098501731875,0.49999182853238705,-1.4116528925113365,0.005998280562749362,0.19990703884830044,942,True,20,160,942,304260,2258.28,2267.4,0.004038471757266571,False,2016-12-19 16:33:53.629000
2016-12-20,2269.4125,0.008775,0.020545,0.04127689433126203,3.090479499544708,-0.5979010172892604,1.1417068473501932,0.005484575343576649,0.026444147276310514,-0.42874634501994485,0.49996860895434236,-1.0483637338150404,0.006147141151796249,0.21500472579969085,902,True,20,146,902,340851,2266.16,2272.56,0.0028241606947436715,False,2016-12-20 16:15:55.958000
2016-12-21,2268.5573,0.008569,0.0206,0.06270141308975853,1.1895996071007027,-0.6076285269685571,0.7582413194374266,0.007855933090148818,0.02523535547280347,-0.44369752108534294,0.4999965088648573,-0.42575074574973837,0.005426197613862185,0.15676853231156193,768,True,18,130,768,384989,2265.15,2271.22,0.002679734233935749,False,2016-12-21 16:15:45.312000
2016-12-22,2259.9906,0.008518,0.020649999999999998,0.052900792481281024,1.5414190354126884,-0.6579703456782808,0.7155708926139215,0.007388695027152484,0.028847004263651266,-0.40095483851756847,0.4999517327889839,-0.34895712531815837,0.005893135992975371,0.16833231726532874,825,True,18,126,825,425253,2256.08,2263.18,0.0031470515229956586,False,2016-12-22 16:14:31.321000
2016-12-23,2261.1195,0.008517,0.020633,0.047743707835045834,3.161824080569382,-0.6398173984498022,1.220128185262307,0.005034323444138231,0.018203120896999218,-0.4084432772936334,0.49999926908652237,-1.1867983782144564,0.005163619140147045,0.15444725438189713,745,True,19,142,745,121226,2258.97,2263.79,0.002133715808532388,False,2016-12-23 16:14:49.137000
2016-12-27,2270.9586,0.008568,0.020587,0.11713238045080898,0.3592070893191251,-0.6743001207182978,0.5133005339237442,0.009314572829139887,0.04030349361292448,-0.40269458045982687,0.49995003845744873,-0.17932787523288987,0.00459898301401079,0.12201934507155553,805,True,19,139,805,133041,2266.15,2273.82,0.0033845950179820505,False,2016-12-27 16:14:59.272000
2016-12-28,2257.7529,0.008517,0.020772,0.0675635646668579,0.7247961327989432,-0.7057166620747839,0.5523828718909004,0.010970581729672328,0.03669390292152198,-0.42124844837543424,0.49995745161293675,-0.20718721638113907,0.005092099662604542,0.1658446553315365,923,True,19,159,923,317015,2249.13,2271.27,0.009843806271758293,False,2016-12-28 16:27:10.605000
2016-12-29,2249.0642,0.008158,0.020772,0.05569539744013586,0.9688108095117622,-0.7352487344828018,0.571671954972107,0.012222405457921831,0.03987303095902308,-0.43335644137483037,0.4865946007018671,-0.218892217941516,0.004324014966485195,0.1598302610187086,938,True,19,149,938,245563,2244.57,2254.5,0.004424009943998053,False,2016-12-29 16:19:24.252000
2016-12-30,2241.4306,0.008106,0.020872,0.05905587713745027,0.9294439852955654,-0.7374386411356791,0.6009120800943356,0.01352360869783966,0.044041659773635645,-0.40377381304238597,0.4555285268004834,-0.2513170683997872,0.004130900176804896,0.14860646119161536,1018,True,20,173,1018,336888,2233.63,2253.55,0.008918218326222416,False,2016-12-30 16:17:25.782000
2017-01-03,2250.784,0.009136,0.020697,0.22997932741432153,0.18993745080785662,-0.7494726626667926,0.5416794066543676,0.011399188451907459,0.060072147301525415,-0.27897998396018187,0.3617613788377583,-0.20605320521826453,0.0039054897444821737,0.13260779900137643,1131,True,20,154,1131,619028,2245.15,2263.88,0.008342427009331299,False,2017-01-03 16:16:07.741000
2017-01-04,2268.3277,0.009136,0.020697,0.06482610931389307,0.7562298967990647,-0.7432540380519115,0.529910786028256,0.009442851238750043,0.037516389040671554,-0.3637696667326824,0.49995989034853355,-0.18275855723642365,0.004825987810715803,0.1914433990363017,1009,True,20,162,1009,382406,2261.73,2272.78,0.004885640637918742,False,2017-01-04 16:17:08.463000
2017-01-05,2267.0397,0.01073,0.020621,0.07215077844003995,0.5692242924078135,-0.7550680581618784,0.46617224087992204,0.00913727902195565,0.039611696473556744,-0.3486124581349683,0.49998378054015613,-0.13517660655859876,0.004901950713299392,0.17795362187135202,918,True,19,158,918,335514,2260.46,2271.38,0.0048308751316104015,False,2017-01-05 16:15:02.205000
2017-01-06,2276.0711,0.011451,0.020557,0.0587854779840484,1.2353189254782617,-0.6759621715349552,0.7258633494953336,0.007019981423939609,0.025647375350749842,-0.29422156801834826,0.49995155241953815,-0.3816399751466234,0.005544111403663264,0.19279613260016595,1022,True,19,162,1022,379821,2264.12,2282.1,0.00794127519742771,False,2017-01-06 16:14:49.795000
2017-01-09,2272.1701,0.012221,0.020631,0.04478965828056923,2.358771318130535,-0.6516357168531053,0.9138855560316114,0.006481261788988269,0.024134004485287464,-0.2921772843168489,0.4999664941029707,-0.6238896869210584,0.00557310643528846,0.20675114691552515,886,True,19,138,886,356593,2268.9,2275.46,0.002891268896822119,False,2017-01-09 16:17:01.647000
2017-01-10,2272.1338,0.012221,0.020631,0.05169731074640227,2.998001609554491,-0.8140483584169401,1.4739336500390958,0.0028777557169829176,0.756748347838877,0.005589728519552042,0.05957268235724825,-1.8625031630628663,0.0051315671429620876,0.15102312734586976,970,True,19,170,970,310501,2265.27,2279.27,0.0061802787305706985,False,2017-01-10 16:14:53.425000
2017-01-11,2268.7242,0.014312,0.020583999999999998,0.055882731391264207,1.3808776722044487,-0.6671654810404342,0.726272680126988,0.008074149128679597,0.02733500685502522,-0.30053114252311375,0.4999615333527284,-0.3731375738188475,0.005094037092408737,0.16841060258788265,996,True,20,160,996,376805,2260.87,2275.32,0.006391344924741471,False,2017-01-11 16:15:16.238000
2017-01-12,2262.9549,0.016071,0.020630000000000003,0.04633088142268376,1.6804612934658107,-0.7101496681263547,0.694321504175435,0.008284241627614044,0.03114375303625448,-0.31217051235791216,0.49996707023351983,-0.32636784531449015,0.00547889894024616,0.18531731555009026,969,True,19,135,969,360588,2254.25,2271.56,0.0076788288787845715,False,2017-01-12 16:16:36.570000
2017-01-13,2275.9838,0.007954,0.020592000000000003,0.045264240557903304,2.432328242128992,-0.7028320766159939,0.9528946359456842,0.005267313859741972,0.025761778670890943,-0.32954752744701604,0.4999819980264522,-0.6878132058790405,0.005697424023398402,0.24067375190743126,892,True,20,135,892,386917,2271.56,2278.68,0.0031344098328900394,False,2017-01-13 16:18:02.713000
2017-01-17,2268.4962,0.0078000000000000005,0.020653,0.05127709694375607,1.5339742677508217,-0.7205110457617574,0.7777244736244436,0.007999818929713805,0.03904525788938355,-0.35662398814321017,0.46683262536469716,-0.4475398624010457,0.004505442449227409,0.15954536207477116,963,True,19,131,963,434459,2262.82,2272.07,0.004087819623301847,False,2017-01-17 16:24:29.209000
2017-01-18,2268.6163,0.008056,0.02062,0.0528539751614978,0.9040106426383566,-0.7102935526196105,0.608727428336306,0.008296848498470413,0.06305829156448772,-0.32891637675511015,0.3948336295112733,-0.2749879699054578,0.004128441673720329,0.14309724647521896,832,True,18,135,832,560288,2263.35,2272.01,0.0038261868469304794,False,2017-01-18 16:17:15.919000
2017-01-19,2266.1649,0.008005,0.020695,0.05347885162099097,0.6635435238276616,-0.7566023315045046,0.48298375605310473,0.008595731705652244,0.07375692141617628,-0.3400057523409165,0.41171365849074143,-0.162302217301467,0.004419031984215104,0.17701896502704992,879,True,19,138,879,273510,2258.44,2274.27,0.0070092630311187065,False,2017-01-19 16:15:08.553000
2017-01-20,2270.7683,0.007902,0.020630000000000003,0.04265534123643262,1.8786092063631255,-0.7134384310260888,0.8908163195031614,0.007211511372042738,0.04468083128530236,-0.3464976388537377,0.41164993826083573,-0.6332882815985126,0.004598936554339808,0.1796627423966815,930,True,20,147,930,316169,2265.01,2276.93,0.005262669921986873,False,2017-01-20 16:20:41.837000
2017-01-23,2262.0781,0.007645,0.02069,0.052170280454573746,1.2038435734945419,-0.7459657384439474,0.7207962714231593,0.008033262672453996,0.0641225178042001,-0.24988116711938316,0.332641277127672,-0.3939375511922356,0.00426274030722191,0.1530363901404164,894,True,19,141,894,407947,2257.03,2271.76,0.006526275680872606,False,2017-01-23 16:14:57.940000
2017-01-24,2274.9608,0.007799,0.020555,0.0454709567960444,1.7686326361285312,-0.7289212487787176,0.8883074353770612,0.006569691646614112,0.0464141241949102,-0.23750983614298735,0.37386426178286625,-0.6282472633752227,0.004923065273665827,0.19345770425231268,1017,True,20,155,1017,316248,2266.7,2284.53,0.007866060793223717,False,2017-01-24 16:14:51.462000
2017-01-25,2295.1108,0.007850000000000001,0.020391,0.2757940449163327,0.09844641264616795,-0.7035908824222717,0.4016856645465439,0.007755269296859887,0.044101236335347134,-0.3312395372385169,0.47619268235765877,-0.10704950439982047,0.00631483541321101,0.26563595607720897,1003,True,19,139,1003,618481,2289.01,2299.55,0.004604610726908209,False,2017-01-25 16:14:54.578000
2017-01-26,2297.6476,0.007850000000000001,0.020406,0.04967674870558597,1.3156147122719943,-0.6205625908612699,0.7916172037313189,0.006714730351447237,0.03219256282173519,-0.3067679310661921,0.4735652014763226,-0.4959468743335772,0.005587634062865468,0.22140409464800054,856,True,20,126,856,296252,2294.11,2300.97,0.0029902663778109684,False,2017-01-26 16:17:05.417000
2017-01-27,2293.8417,0.007850000000000001,0.020385,0.05074731330883666,1.9269262996852632,-0.6213527558156315,1.127823045511187,0.005206779821502627,0.019779016238060672,-0.31947032997161257,0.4716564112359036,-1.0764121566797984,0.004796180935935665,0.18787764692310452,831,True,20,125,831,459092,2291.62,2298.87,0.003163700788088697,False,2017-01-27 16:14:44.874000
2017-01-31,2272.2679,0.007593,0.02053,0.07521374767779199,0.47107255861246494,-0.7126416395650538,0.5536877599367179,0.008970469047867876,0.10023136840923916,-0.2219520789462049,0.2968967955129638,-0.23570787038092095,0.005539954105022554,0.1677614915283029,959,True,20,149,959,374796,2267.21,2278.99,0.005195813356504209,False,2017-01-31 16:20:05.540000
2017-02-01,2279.2303,0.008106,0.020527000000000004,0.05388651258171943,0.9482644765519165,-0.702946720063206,0.6309810628685156,0.007746867740952249,0.06762461041312284,-0.24260797906092219,0.3276203569505918,-0.2959397704056568,0.004819201337920149,0.19058197043741126,976,True,20,158,976,328574,2272.44,2289.12,0.007340127792152762,False,2017-02-01 16:22:31.395000
2017-02-02,2278.2455,0.008109,0.020541,0.053292301520095196,0.796805468019146,-0.7362772698359669,0.565559491774073,0.008284255385226516,0.08150548972616839,-0.23785600376436009,0.31709962961537885,-0.234930344226674,0.005099264231294901,0.15620190674834097,853,True,19,137,853,291358,2271.88,2283.78,0.005237952708769811,False,2017-02-02 16:15:22.769000
2017-02-03,2295.156,0.009599,0.020398999999999997,0.035518859268038744,2.8228586708727965,-0.6741953331830872,0.9914778808890099,0.005235581395573614,0.035836912882918584,-0.30238664667182885,0.42278977335835033,-0.7824989485635742,0.00441900633527323,0.15874498923876107,884,True,20,128,884,343267,2287.9,2298.31,0.004550024039512213,False,2017-02-03 16:16:17.926000
2017-02-06,2292.5225,0.011501999999999998,0.020442000000000002,0.04442428389318745,1.1585549607307577,-0.7031116546551811,0.6018371109245736,0.007067481948790356,0.050128027214645446,-0.31081067069083007,0.4263606972194021,-0.25927195912330986,0.004600667567333661,0.15560416984655312,844,True,20,129,844,548044,2288.62,2296.18,0.0033033006790117447,False,2017-02-06 16:24:51.010000
2017-02-07,2294.9818,0.011501999999999998,0.020442000000000002,0.039668714335532276,2.171571115289806,-0.6501955329804403,0.9142745105679487,0.005649180323593379,0.04662651479605816,-0.26470696802870497,0.35988847268353524,-0.6636110122108131,0.005161332819140824,0.1904289571206556,904,True,20,137,904,281974,2290.21,2299.24,0.003942869867828547,False,2017-02-07 16:28:52.640000
