Start Date,22/06/1997,10000,,,,,,,
End Date,07/11/2024,0,,,,,,,
,,,,,,,,,
,SPX Index,,,,,,,,
Dates,PX_LAST,EQY_DVD_YLD_12M,30DAY_IMPVOL_100.0%MNY_DF,60DAY_IMPVOL_100.0%MNY_DF,3MTH_IMPVOL_100.0%MNY_DF,6MTH_IMPVOL_100.0%MNY_DF,12MTH_IMPVOL_100.0%MNY_DF,18MTH_IMPVOL_100.0%MNY_DF,24MTH_IMPVOL_100.0%MNY_DF
23 June 1997,878.62,1.663,#N/A,#N/A,#N/A,#N/A,#N/A,#N/A,#N/A
24 June 1997,896.34,1.6302,#N/A,#N/A,#N/A,#N/A,#N/A,#N/A,#N/A
25 June 1997,888.99,1.6319,#N/A,#N/A,#N/A,#N/A,#N/A,#N/A,#N/A
26 June 1997,883.68,1.6429,#N/A,#N/A,#N/A,#N/A,#N/A,#N/A,#N/A
27 June 1997,887.3,1.6361,#N/A,#N/A,#N/A,#N/A,#N/A,#N/A,#N/A
30 June 1997,885.14,1.6859,#N/A,#N/A,#N/A,#N/A,#N/A,#N/A,#N/A
01 July 1997,891.03,1.6682,#N/A,#N/A,#N/A,#N/A,#N/A,#N/A,#N/A
02 July 1997,904.03,1.6456,#N/A,#N/A,#N/A,#N/A,#N/A,#N/A,#N/A
03 July 1997,916.92,1.6225,#N/A,#N/A,#N/A,#N/A,#N/A,#N/A,#N/A
07 July 1997,912.2,1.6302,#N/A,#N/A,#N/A,#N/A,#N/A,#N/A,#N/A
08 July 1997,918.75,1.6191,#N/A,#N/A,#N/A,#N/A,#N/A,#N/A,#N/A
09 July 1997,907.54,1.64,#N/A,#N/A,#N/A,#N/A,#N/A,#N/A,#N/A
10 July 1997,913.78,1.63,#N/A,#N/A,#N/A,#N/A,#N/A,#N/A,#N/A
11 July 1997,916.68,1.6254,#N/A,#N/A,#N/A,#N/A,#N/A,#N/A,#N/A
14 July 1997,918.38,1.6165,#N/A,#N/A,#N/A,#N/A,#N/A,#N/A,#N/A
15 July 1997,925.76,1.6036,#N/A,#N/A,#N/A,#N/A,#N/A,#N/A,#N/A
16 July 1997,936.59,1.5848,#N/A,#N/A,#N/A,#N/A,#N/A,#N/A,#N/A
17 July 1997,931.61,1.5928,#N/A,#N/A,#N/A,#N/A,#N/A,#N/A,#N/A
18 July 1997,915.3,1.6212,#N/A,#N/A,#N/A,#N/A,#N/A,#N/A,#N/A
21 July 1997,912.94,1.6254,#N/A,#N/A,#N/A,#N/A,#N/A,#N/A,#N/A
22 July 1997,933.98,1.5879,#N/A,#N/A,#N/A,#N/A,#N/A,#N/A,#N/A
23 July 1997,936.56,1.5838,#N/A,#N/A,#N/A,#N/A,#N/A,#N/A,#N/A
24 July 1997,940.3,1.5775,#N/A,#N/A,#N/A,#N/A,#N/A,#N/A,#N/A
25 July 1997,938.79,1.58,#N/A,#N/A,#N/A,#N/A,#N/A,#N/A,#N/A
28 July 1997,936.45,1.5831,#N/A,#N/A,#N/A,#N/A,#N/A,#N/A,#N/A
29 July 1997,942.29,1.5742,#N/A,#N/A,#N/A,#N/A,#N/A,#N/A,#N/A
30 July 1997,952.29,1.5594,#N/A,#N/A,#N/A,#N/A,#N/A,#N/A,#N/A
31 July 1997,954.29,1.5698,#N/A,#N/A,#N/A,#N/A,#N/A,#N/A,#N/A
01 August 1997,947.14,1.5773,#N/A,#N/A,#N/A,#N/A,#N/A,#N/A,#N/A
04 August 1997,950.3,1.5716,#N/A,#N/A,#N/A,#N/A,#N/A,#N/A,#N/A
05 August 1997,952.37,1.5682,#N/A,#N/A,#N/A,#N/A,#N/A,#N/A,#N/A
06 August 1997,960.32,1.5559,#N/A,#N/A,#N/A,#N/A,#N/A,#N/A,#N/A
07 August 1997,951.19,1.5714,#N/A,#N/A,#N/A,#N/A,#N/A,#N/A,#N/A
08 August 1997,933.54,1.6011,#N/A,#N/A,#N/A,#N/A,#N/A,#N/A,#N/A
11 August 1997,937,1.5948,#N/A,#N/A,#N/A,#N/A,#N/A,#N/A,#N/A
12 August 1997,926.53,1.6138,#N/A,#N/A,#N/A,#N/A,#N/A,#N/A,#N/A
13 August 1997,922.02,1.6229,#N/A,#N/A,#N/A,#N/A,#N/A,#N/A,#N/A
14 August 1997,924.77,1.619,#N/A,#N/A,#N/A,#N/A,#N/A,#N/A,#N/A
15 August 1997,900.81,1.6627,#N/A,#N/A,#N/A,#N/A,#N/A,#N/A,#N/A
18 August 1997,912.49,1.6422,#N/A,#N/A,#N/A,#N/A,#N/A,#N/A,#N/A
19 August 1997,926.01,1.6184,#N/A,#N/A,#N/A,#N/A,#N/A,#N/A,#N/A
20 August 1997,939.35,1.5967,#N/A,#N/A,#N/A,#N/A,#N/A,#N/A,#N/A
21 August 1997,925.05,1.6215,#N/A,#N/A,#N/A,#N/A,#N/A,#N/A,#N/A
22 August 1997,923.55,1.6242,#N/A,#N/A,#N/A,#N/A,#N/A,#N/A,#N/A
25 August 1997,920.16,1.6277,#N/A,#N/A,#N/A,#N/A,#N/A,#N/A,#N/A
26 August 1997,913.02,1.6406,#N/A,#N/A,#N/A,#N/A,#N/A,#N/A,#N/A
27 August 1997,913.7,1.6401,#N/A,#N/A,#N/A,#N/A,#N/A,#N/A,#N/A
28 August 1997,903.67,1.6593,#N/A,#N/A,#N/A,#N/A,#N/A,#N/A,#N/A
29 August 1997,899.47,1.6734,#N/A,#N/A,#N/A,#N/A,#N/A,#N/A,#N/A
02 September 1997,927.58,1.6224,#N/A,#N/A,#N/A,#N/A,#N/A,#N/A,#N/A
03 September 1997,927.86,1.6231,#N/A,#N/A,#N/A,#N/A,#N/A,#N/A,#N/A
04 September 1997,930.87,1.6179,#N/A,#N/A,#N/A,#N/A,#N/A,#N/A,#N/A
05 September 1997,929.05,1.6212,#N/A,#N/A,#N/A,#N/A,#N/A,#N/A,#N/A
08 September 1997,931.2,1.6169,#N/A,#N/A,#N/A,#N/A,#N/A,#N/A,#N/A
09 September 1997,933.62,1.6128,#N/A,#N/A,#N/A,#N/A,#N/A,#N/A,#N/A
10 September 1997,919.03,1.6387,#N/A,#N/A,#N/A,#N/A,#N/A,#N/A,#N/A
11 September 1997,912.59,1.6505,#N/A,#N/A,#N/A,#N/A,#N/A,#N/A,#N/A
12 September 1997,923.91,1.6304,#N/A,#N/A,#N/A,#N/A,#N/A,#N/A,#N/A
15 September 1997,919.77,1.6371,#N/A,#N/A,#N/A,#N/A,#N/A,#N/A,#N/A
16 September 1997,945.64,1.5902,#N/A,#N/A,#N/A,#N/A,#N/A,#N/A,#N/A
17 September 1997,943,1.5956,#N/A,#N/A,#N/A,#N/A,#N/A,#N/A,#N/A
18 September 1997,947.29,1.5887,#N/A,#N/A,#N/A,#N/A,#N/A,#N/A,#N/A
19 September 1997,950.51,1.5835,#N/A,#N/A,#N/A,#N/A,#N/A,#N/A,#N/A
22 September 1997,955.43,1.5671,#N/A,#N/A,#N/A,#N/A,#N/A,#N/A,#N/A
23 September 1997,951.93,1.5726,#N/A,#N/A,#N/A,#N/A,#N/A,#N/A,#N/A
24 September 1997,944.48,1.585,#N/A,#N/A,#N/A,#N/A,#N/A,#N/A,#N/A
25 September 1997,937.91,1.5962,#N/A,#N/A,#N/A,#N/A,#N/A,#N/A,#N/A
26 September 1997,945.22,1.5862,#N/A,#N/A,#N/A,#N/A,#N/A,#N/A,#N/A
29 September 1997,953.34,1.5723,#N/A,#N/A,#N/A,#N/A,#N/A,#N/A,#N/A
30 September 1997,947.28,1.5942,#N/A,#N/A,#N/A,#N/A,#N/A,#N/A,#N/A
01 October 1997,955.41,1.5797,#N/A,#N/A,#N/A,#N/A,#N/A,#N/A,#N/A
02 October 1997,960.46,1.5693,#N/A,#N/A,#N/A,#N/A,#N/A,#N/A,#N/A
03 October 1997,965.03,1.5619,#N/A,#N/A,#N/A,#N/A,#N/A,#N/A,#N/A
06 October 1997,972.69,1.5496,#N/A,#N/A,#N/A,#N/A,#N/A,#N/A,#N/A
07 October 1997,983.12,1.5318,#N/A,#N/A,#N/A,#N/A,#N/A,#N/A,#N/A
08 October 1997,973.84,1.5478,#N/A,#N/A,#N/A,#N/A,#N/A,#N/A,#N/A
09 October 1997,970.62,1.5541,#N/A,#N/A,#N/A,#N/A,#N/A,#N/A,#N/A
10 October 1997,966.98,1.5577,#N/A,#N/A,#N/A,#N/A,#N/A,#N/A,#N/A
13 October 1997,968.1,1.5499,#N/A,#N/A,#N/A,#N/A,#N/A,#N/A,#N/A
14 October 1997,970.28,1.5435,#N/A,#N/A,#N/A,#N/A,#N/A,#N/A,#N/A
15 October 1997,965.72,1.551,#N/A,#N/A,#N/A,#N/A,#N/A,#N/A,#N/A
16 October 1997,955.23,1.563,#N/A,#N/A,#N/A,#N/A,#N/A,#N/A,#N/A
17 October 1997,944.16,1.5814,#N/A,#N/A,#N/A,#N/A,#N/A,#N/A,#N/A
20 October 1997,955.61,1.5624,#N/A,#N/A,#N/A,#N/A,#N/A,#N/A,#N/A
21 October 1997,972.28,1.5356,#N/A,#N/A,#N/A,#N/A,#N/A,#N/A,#N/A
22 October 1997,968.49,1.5424,#N/A,#N/A,#N/A,#N/A,#N/A,#N/A,#N/A
23 October 1997,950.69,1.5709,#N/A,#N/A,#N/A,#N/A,#N/A,#N/A,#N/A
24 October 1997,941.64,1.586,#N/A,#N/A,#N/A,#N/A,#N/A,#N/A,#N/A
27 October 1997,876.99,1.7029,#N/A,#N/A,#N/A,#N/A,#N/A,#N/A,#N/A
28 October 1997,921.85,1.6201,#N/A,#N/A,#N/A,#N/A,#N/A,#N/A,#N/A
29 October 1997,919.16,1.6265,#N/A,#N/A,#N/A,#N/A,#N/A,#N/A,#N/A
30 October 1997,903.68,1.6549,#N/A,#N/A,#N/A,#N/A,#N/A,#N/A,#N/A
31 October 1997,914.62,1.6562,#N/A,#N/A,#N/A,#N/A,#N/A,#N/A,#N/A
03 November 1997,938.99,1.6131,#N/A,#N/A,#N/A,#N/A,#N/A,#N/A,#N/A
04 November 1997,940.76,1.6102,#N/A,#N/A,#N/A,#N/A,#N/A,#N/A,#N/A
05 November 1997,942.76,1.6084,#N/A,#N/A,#N/A,#N/A,#N/A,#N/A,#N/A
06 November 1997,938.03,1.617,#N/A,#N/A,#N/A,#N/A,#N/A,#N/A,#N/A
07 November 1997,927.51,1.6358,#N/A,#N/A,#N/A,#N/A,#N/A,#N/A,#N/A
10 November 1997,921.13,1.6483,#N/A,#N/A,#N/A,#N/A,#N/A,#N/A,#N/A
11 November 1997,923.78,1.6436,#N/A,#N/A,#N/A,#N/A,#N/A,#N/A,#N/A
12 November 1997,905.96,1.6775,#N/A,#N/A,#N/A,#N/A,#N/A,#N/A,#N/A
13 November 1997,916.66,1.6583,#N/A,#N/A,#N/A,#N/A,#N/A,#N/A,#N/A
14 November 1997,928.35,1.6381,#N/A,#N/A,#N/A,#N/A,#N/A,#N/A,#N/A
17 November 1997,946.2,1.6072,#N/A,#N/A,#N/A,#N/A,#N/A,#N/A,#N/A
18 November 1997,938.23,1.6217,#N/A,#N/A,#N/A,#N/A,#N/A,#N/A,#N/A
19 November 1997,944.59,1.6121,#N/A,#N/A,#N/A,#N/A,#N/A,#N/A,#N/A
20 November 1997,958.98,1.5863,#N/A,#N/A,#N/A,#N/A,#N/A,#N/A,#N/A
21 November 1997,963.09,1.5797,#N/A,#N/A,#N/A,#N/A,#N/A,#N/A,#N/A
24 November 1997,946.67,1.6066,#N/A,#N/A,#N/A,#N/A,#N/A,#N/A,#N/A
25 November 1997,950.82,1.5995,#N/A,#N/A,#N/A,#N/A,#N/A,#N/A,#N/A
26 November 1997,951.64,1.5997,#N/A,#N/A,#N/A,#N/A,#N/A,#N/A,#N/A
28 November 1997,955.4,1.5964,#N/A,#N/A,#N/A,#N/A,#N/A,#N/A,#N/A
01 December 1997,974.78,1.5649,#N/A,#N/A,#N/A,#N/A,#N/A,#N/A,#N/A
02 December 1997,971.68,1.5694,#N/A,#N/A,#N/A,#N/A,#N/A,#N/A,#N/A
03 December 1997,976.77,1.5642,#N/A,#N/A,#N/A,#N/A,#N/A,#N/A,#N/A
04 December 1997,973.1,1.5695,#N/A,#N/A,#N/A,#N/A,#N/A,#N/A,#N/A
05 December 1997,983.79,1.5525,#N/A,#N/A,#N/A,#N/A,#N/A,#N/A,#N/A
08 December 1997,982.37,1.5548,#N/A,#N/A,#N/A,#N/A,#N/A,#N/A,#N/A
09 December 1997,975.78,1.5653,#N/A,#N/A,#N/A,#N/A,#N/A,#N/A,#N/A
10 December 1997,969.79,1.5754,#N/A,#N/A,#N/A,#N/A,#N/A,#N/A,#N/A
11 December 1997,954.94,1.6005,#N/A,#N/A,#N/A,#N/A,#N/A,#N/A,#N/A
12 December 1997,953.39,1.6032,#N/A,#N/A,#N/A,#N/A,#N/A,#N/A,#N/A
15 December 1997,963.39,1.5866,#N/A,#N/A,#N/A,#N/A,#N/A,#N/A,#N/A
16 December 1997,968.04,1.5785,#N/A,#N/A,#N/A,#N/A,#N/A,#N/A,#N/A
17 December 1997,965.54,1.5835,#N/A,#N/A,#N/A,#N/A,#N/A,#N/A,#N/A
18 December 1997,955.3,1.6016,#N/A,#N/A,#N/A,#N/A,#N/A,#N/A,#N/A
19 December 1997,946.78,1.616,#N/A,#N/A,#N/A,#N/A,#N/A,#N/A,#N/A
22 December 1997,953.7,1.6046,#N/A,#N/A,#N/A,#N/A,#N/A,#N/A,#N/A
23 December 1997,939.13,1.6291,#N/A,#N/A,#N/A,#N/A,#N/A,#N/A,#N/A
24 December 1997,932.7,1.6404,#N/A,#N/A,#N/A,#N/A,#N/A,#N/A,#N/A
26 December 1997,936.46,1.6339,#N/A,#N/A,#N/A,#N/A,#N/A,#N/A,#N/A
29 December 1997,953.35,1.608,#N/A,#N/A,#N/A,#N/A,#N/A,#N/A,#N/A
30 December 1997,970.84,1.5782,#N/A,#N/A,#N/A,#N/A,#N/A,#N/A,#N/A
31 December 1997,970.43,1.5823,#N/A,#N/A,#N/A,#N/A,#N/A,#N/A,#N/A
02 January 1998,975.04,1.5742,#N/A,#N/A,#N/A,#N/A,#N/A,#N/A,#N/A
05 January 1998,977.07,1.571,#N/A,#N/A,#N/A,#N/A,#N/A,#N/A,#N/A
06 January 1998,966.58,1.5879,#N/A,#N/A,#N/A,#N/A,#N/A,#N/A,#N/A
07 January 1998,964,1.5937,#N/A,#N/A,#N/A,#N/A,#N/A,#N/A,#N/A
08 January 1998,956.05,1.607,#N/A,#N/A,#N/A,#N/A,#N/A,#N/A,#N/A
09 January 1998,927.69,1.6561,#N/A,#N/A,#N/A,#N/A,#N/A,#N/A,#N/A
12 January 1998,939.21,1.6347,#N/A,#N/A,#N/A,#N/A,#N/A,#N/A,#N/A
13 January 1998,952.12,1.613,#N/A,#N/A,#N/A,#N/A,#N/A,#N/A,#N/A
14 January 1998,957.94,1.6029,#N/A,#N/A,#N/A,#N/A,#N/A,#N/A,#N/A
15 January 1998,950.73,1.617,#N/A,#N/A,#N/A,#N/A,#N/A,#N/A,#N/A
16 January 1998,961.51,1.5986,#N/A,#N/A,#N/A,#N/A,#N/A,#N/A,#N/A
20 January 1998,978.6,1.5691,#N/A,#N/A,#N/A,#N/A,#N/A,#N/A,#N/A
21 January 1998,970.81,1.5822,#N/A,#N/A,#N/A,#N/A,#N/A,#N/A,#N/A
22 January 1998,963.04,1.595,#N/A,#N/A,#N/A,#N/A,#N/A,#N/A,#N/A
23 January 1998,957.59,1.6042,#N/A,#N/A,#N/A,#N/A,#N/A,#N/A,#N/A
26 January 1998,956.95,1.6053,#N/A,#N/A,#N/A,#N/A,#N/A,#N/A,#N/A
27 January 1998,969.02,1.5769,#N/A,#N/A,#N/A,#N/A,#N/A,#N/A,#N/A
28 January 1998,977.46,1.5652,#N/A,#N/A,#N/A,#N/A,#N/A,#N/A,#N/A
29 January 1998,985.49,1.5531,#N/A,#N/A,#N/A,#N/A,#N/A,#N/A,#N/A
30 January 1998,980.28,1.5679,#N/A,#N/A,#N/A,#N/A,#N/A,#N/A,#N/A
02 February 1998,1001.27,1.5348,#N/A,#N/A,#N/A,#N/A,#N/A,#N/A,#N/A
03 February 1998,1006,1.5272,#N/A,#N/A,#N/A,#N/A,#N/A,#N/A,#N/A
04 February 1998,1006.9,1.5286,#N/A,#N/A,#N/A,#N/A,#N/A,#N/A,#N/A
05 February 1998,1003.54,1.5347,#N/A,#N/A,#N/A,#N/A,#N/A,#N/A,#N/A
06 February 1998,1012.46,1.522,#N/A,#N/A,#N/A,#N/A,#N/A,#N/A,#N/A
09 February 1998,1010.74,1.5241,#N/A,#N/A,#N/A,#N/A,#N/A,#N/A,#N/A
10 February 1998,1019.01,1.5108,#N/A,#N/A,#N/A,#N/A,#N/A,#N/A,#N/A
11 February 1998,1020.01,1.5105,#N/A,#N/A,#N/A,#N/A,#N/A,#N/A,#N/A
12 February 1998,1024.14,1.5042,#N/A,#N/A,#N/A,#N/A,#N/A,#N/A,#N/A
13 February 1998,1020.09,1.5104,#N/A,#N/A,#N/A,#N/A,#N/A,#N/A,#N/A
17 February 1998,1022.76,1.5065,#N/A,#N/A,#N/A,#N/A,#N/A,#N/A,#N/A
18 February 1998,1032.08,1.4934,#N/A,#N/A,#N/A,#N/A,#N/A,#N/A,#N/A
19 February 1998,1028.28,1.4991,#N/A,#N/A,#N/A,#N/A,#N/A,#N/A,#N/A
20 February 1998,1034.21,1.4905,#N/A,#N/A,#N/A,#N/A,#N/A,#N/A,#N/A
23 February 1998,1038.14,1.4851,#N/A,#N/A,#N/A,#N/A,#N/A,#N/A,#N/A
24 February 1998,1030.56,1.4961,#N/A,#N/A,#N/A,#N/A,#N/A,#N/A,#N/A
25 February 1998,1042.9,1.4795,#N/A,#N/A,#N/A,#N/A,#N/A,#N/A,#N/A
26 February 1998,1048.67,1.4721,#N/A,#N/A,#N/A,#N/A,#N/A,#N/A,#N/A
27 February 1998,1049.34,1.4753,#N/A,#N/A,#N/A,#N/A,#N/A,#N/A,#N/A
02 March 1998,1047.7,1.4771,#N/A,#N/A,#N/A,#N/A,#N/A,#N/A,#N/A
03 March 1998,1052.02,1.4712,#N/A,#N/A,#N/A,#N/A,#N/A,#N/A,#N/A
04 March 1998,1047.33,1.4789,#N/A,#N/A,#N/A,#N/A,#N/A,#N/A,#N/A
05 March 1998,1035.05,1.4981,#N/A,#N/A,#N/A,#N/A,#N/A,#N/A,#N/A
06 March 1998,1055.69,1.47,#N/A,#N/A,#N/A,#N/A,#N/A,#N/A,#N/A
09 March 1998,1052.31,1.4718,#N/A,#N/A,#N/A,#N/A,#N/A,#N/A,#N/A
10 March 1998,1064.25,1.4553,#N/A,#N/A,#N/A,#N/A,#N/A,#N/A,#N/A
11 March 1998,1068.47,1.4507,#N/A,#N/A,#N/A,#N/A,#N/A,#N/A,#N/A
12 March 1998,1069.92,1.449,#N/A,#N/A,#N/A,#N/A,#N/A,#N/A,#N/A
13 March 1998,1068.61,1.4509,#N/A,#N/A,#N/A,#N/A,#N/A,#N/A,#N/A
16 March 1998,1079.27,1.4366,#N/A,#N/A,#N/A,#N/A,#N/A,#N/A,#N/A
17 March 1998,1080.45,1.435,#N/A,#N/A,#N/A,#N/A,#N/A,#N/A,#N/A
18 March 1998,1085.52,1.4289,#N/A,#N/A,#N/A,#N/A,#N/A,#N/A,#N/A
19 March 1998,1089.74,1.4237,#N/A,#N/A,#N/A,#N/A,#N/A,#N/A,#N/A
20 March 1998,1099.16,1.402,#N/A,#N/A,#N/A,#N/A,#N/A,#N/A,#N/A
23 March 1998,1095.55,1.4062,#N/A,#N/A,#N/A,#N/A,#N/A,#N/A,#N/A
24 March 1998,1105.65,1.3934,#N/A,#N/A,#N/A,#N/A,#N/A,#N/A,#N/A
25 March 1998,1101.93,1.3981,#N/A,#N/A,#N/A,#N/A,#N/A,#N/A,#N/A
26 March 1998,1100.8,1.3996,#N/A,#N/A,#N/A,#N/A,#N/A,#N/A,#N/A
27 March 1998,1095.44,1.4073,#N/A,#N/A,#N/A,#N/A,#N/A,#N/A,#N/A
30 March 1998,1093.55,1.4114,#N/A,#N/A,#N/A,#N/A,#N/A,#N/A,#N/A
31 March 1998,1101.75,1.4142,#N/A,#N/A,#N/A,#N/A,#N/A,#N/A,#N/A
01 April 1998,1108.15,1.4052,#N/A,#N/A,#N/A,#N/A,#N/A,#N/A,#N/A
02 April 1998,1120.01,1.3891,#N/A,#N/A,#N/A,#N/A,#N/A,#N/A,#N/A
03 April 1998,1122.7,1.3851,#N/A,#N/A,#N/A,#N/A,#N/A,#N/A,#N/A
06 April 1998,1121.38,1.3868,#N/A,#N/A,#N/A,#N/A,#N/A,#N/A,#N/A
07 April 1998,1109.54,1.4028,#N/A,#N/A,#N/A,#N/A,#N/A,#N/A,#N/A
08 April 1998,1101.65,1.4129,#N/A,#N/A,#N/A,#N/A,#N/A,#N/A,#N/A
09 April 1998,1110.67,1.4015,#N/A,#N/A,#N/A,#N/A,#N/A,#N/A,#N/A
13 April 1998,1109.69,1.4044,#N/A,#N/A,#N/A,#N/A,#N/A,#N/A,#N/A
14 April 1998,1115.75,1.396,#N/A,#N/A,#N/A,#N/A,#N/A,#N/A,#N/A
15 April 1998,1119.32,1.3916,#N/A,#N/A,#N/A,#N/A,#N/A,#N/A,#N/A
16 April 1998,1108.17,1.4053,#N/A,#N/A,#N/A,#N/A,#N/A,#N/A,#N/A
17 April 1998,1122.72,1.3871,#N/A,#N/A,#N/A,#N/A,#N/A,#N/A,#N/A
20 April 1998,1123.65,1.386,#N/A,#N/A,#N/A,#N/A,#N/A,#N/A,#N/A
21 April 1998,1126.67,1.3822,#N/A,#N/A,#N/A,#N/A,#N/A,#N/A,#N/A
22 April 1998,1130.54,1.3781,#N/A,#N/A,#N/A,#N/A,#N/A,#N/A,#N/A
23 April 1998,1119.58,1.3916,#N/A,#N/A,#N/A,#N/A,#N/A,#N/A,#N/A
24 April 1998,1107.9,1.4057,#N/A,#N/A,#N/A,#N/A,#N/A,#N/A,#N/A
27 April 1998,1086.54,1.4321,#N/A,#N/A,#N/A,#N/A,#N/A,#N/A,#N/A
28 April 1998,1085.11,1.4339,#N/A,#N/A,#N/A,#N/A,#N/A,#N/A,#N/A
29 April 1998,1094.63,1.4141,#N/A,#N/A,#N/A,#N/A,#N/A,#N/A,#N/A
30 April 1998,1111.75,1.4029,#N/A,#N/A,#N/A,#N/A,#N/A,#N/A,#N/A
01 May 1998,1121,1.3892,#N/A,#N/A,#N/A,#N/A,#N/A,#N/A,#N/A
04 May 1998,1122.07,1.3879,#N/A,#N/A,#N/A,#N/A,#N/A,#N/A,#N/A
05 May 1998,1115.5,1.3971,#N/A,#N/A,#N/A,#N/A,#N/A,#N/A,#N/A
06 May 1998,1104.92,1.4064,#N/A,#N/A,#N/A,#N/A,#N/A,#N/A,#N/A
07 May 1998,1095.14,1.4192,#N/A,#N/A,#N/A,#N/A,#N/A,#N/A,#N/A
08 May 1998,1108.14,1.4025,#N/A,#N/A,#N/A,#N/A,#N/A,#N/A,#N/A
11 May 1998,1106.64,1.4065,#N/A,#N/A,#N/A,#N/A,#N/A,#N/A,#N/A
12 May 1998,1115.79,1.3934,#N/A,#N/A,#N/A,#N/A,#N/A,#N/A,#N/A
13 May 1998,1118.86,1.3898,#N/A,#N/A,#N/A,#N/A,#N/A,#N/A,#N/A
14 May 1998,1117.37,1.3917,#N/A,#N/A,#N/A,#N/A,#N/A,#N/A,#N/A
15 May 1998,1108.73,1.403,#N/A,#N/A,#N/A,#N/A,#N/A,#N/A,#N/A
18 May 1998,1105.82,1.4049,#N/A,#N/A,#N/A,#N/A,#N/A,#N/A,#N/A
19 May 1998,1109.52,1.3966,#N/A,#N/A,#N/A,#N/A,#N/A,#N/A,#N/A
20 May 1998,1119.06,1.3847,#N/A,#N/A,#N/A,#N/A,#N/A,#N/A,#N/A
21 May 1998,1114.64,1.3901,#N/A,#N/A,#N/A,#N/A,#N/A,#N/A,#N/A
22 May 1998,1110.47,1.3952,#N/A,#N/A,#N/A,#N/A,#N/A,#N/A,#N/A
26 May 1998,1094.02,1.4126,#N/A,#N/A,#N/A,#N/A,#N/A,#N/A,#N/A
27 May 1998,1092.23,1.4162,#N/A,#N/A,#N/A,#N/A,#N/A,#N/A,#N/A
28 May 1998,1097.6,1.41,#N/A,#N/A,#N/A,#N/A,#N/A,#N/A,#N/A
29 May 1998,1090.82,1.4341,#N/A,#N/A,#N/A,#N/A,#N/A,#N/A,#N/A
01 June 1998,1090.98,1.4291,#N/A,#N/A,#N/A,#N/A,#N/A,#N/A,#N/A
02 June 1998,1093.22,1.4224,#N/A,#N/A,#N/A,#N/A,#N/A,#N/A,#N/A
03 June 1998,1082.73,1.4377,#N/A,#N/A,#N/A,#N/A,#N/A,#N/A,#N/A
04 June 1998,1094.83,1.4218,#N/A,#N/A,#N/A,#N/A,#N/A,#N/A,#N/A
05 June 1998,1113.86,1.3976,#N/A,#N/A,#N/A,#N/A,#N/A,#N/A,#N/A
08 June 1998,1115.72,1.3928,#N/A,#N/A,#N/A,#N/A,#N/A,#N/A,#N/A
09 June 1998,1118.41,1.3894,#N/A,#N/A,#N/A,#N/A,#N/A,#N/A,#N/A
10 June 1998,1112.28,1.3974,#N/A,#N/A,#N/A,#N/A,#N/A,#N/A,#N/A
11 June 1998,1094.58,1.4208,#N/A,#N/A,#N/A,#N/A,#N/A,#N/A,#N/A
12 June 1998,1098.84,1.4158,#N/A,#N/A,#N/A,#N/A,#N/A,#N/A,#N/A
15 June 1998,1077.01,1.437,#N/A,#N/A,#N/A,#N/A,#N/A,#N/A,#N/A
16 June 1998,1087.59,1.4215,#N/A,#N/A,#N/A,#N/A,#N/A,#N/A,#N/A
17 June 1998,1107.11,1.397,#N/A,#N/A,#N/A,#N/A,#N/A,#N/A,#N/A
18 June 1998,1106.37,1.3982,#N/A,#N/A,#N/A,#N/A,#N/A,#N/A,#N/A
19 June 1998,1100.65,1.4055,#N/A,#N/A,#N/A,#N/A,#N/A,#N/A,#N/A
22 June 1998,1103.21,1.4024,#N/A,#N/A,#N/A,#N/A,#N/A,#N/A,#N/A
23 June 1998,1119.49,1.3803,#N/A,#N/A,#N/A,#N/A,#N/A,#N/A,#N/A
24 June 1998,1132.88,1.3642,#N/A,#N/A,#N/A,#N/A,#N/A,#N/A,#N/A
25 June 1998,1129.28,1.3685,#N/A,#N/A,#N/A,#N/A,#N/A,#N/A,#N/A
26 June 1998,1133.2,1.3644,#N/A,#N/A,#N/A,#N/A,#N/A,#N/A,#N/A
29 June 1998,1138.49,1.3566,#N/A,#N/A,#N/A,#N/A,#N/A,#N/A,#N/A
30 June 1998,1133.84,1.381,#N/A,#N/A,#N/A,#N/A,#N/A,#N/A,#N/A
01 July 1998,1148.56,1.361,#N/A,#N/A,#N/A,#N/A,#N/A,#N/A,#N/A
02 July 1998,1146.42,1.3636,#N/A,#N/A,#N/A,#N/A,#N/A,#N/A,#N/A
06 July 1998,1157.33,1.3522,#N/A,#N/A,#N/A,#N/A,#N/A,#N/A,#N/A
07 July 1998,1154.66,1.3554,#N/A,#N/A,#N/A,#N/A,#N/A,#N/A,#N/A
08 July 1998,1166.38,1.3431,#N/A,#N/A,#N/A,#N/A,#N/A,#N/A,#N/A
09 July 1998,1158.56,1.3521,#N/A,#N/A,#N/A,#N/A,#N/A,#N/A,#N/A
10 July 1998,1164.33,1.3441,#N/A,#N/A,#N/A,#N/A,#N/A,#N/A,#N/A
13 July 1998,1165.19,1.3437,#N/A,#N/A,#N/A,#N/A,#N/A,#N/A,#N/A
14 July 1998,1177.58,1.3296,#N/A,#N/A,#N/A,#N/A,#N/A,#N/A,#N/A
15 July 1998,1174.81,1.3328,#N/A,#N/A,#N/A,#N/A,#N/A,#N/A,#N/A
16 July 1998,1183.99,1.3218,#N/A,#N/A,#N/A,#N/A,#N/A,#N/A,#N/A
17 July 1998,1186.75,1.3143,#N/A,#N/A,#N/A,#N/A,#N/A,#N/A,#N/A
20 July 1998,1184.1,1.3173,#N/A,#N/A,#N/A,#N/A,#N/A,#N/A,#N/A
21 July 1998,1165.07,1.3388,#N/A,#N/A,#N/A,#N/A,#N/A,#N/A,#N/A
22 July 1998,1164.08,1.3408,#N/A,#N/A,#N/A,#N/A,#N/A,#N/A,#N/A
23 July 1998,1139.75,1.3695,#N/A,#N/A,#N/A,#N/A,#N/A,#N/A,#N/A
24 July 1998,1140.8,1.3681,#N/A,#N/A,#N/A,#N/A,#N/A,#N/A,#N/A
27 July 1998,1147.27,1.3613,#N/A,#N/A,#N/A,#N/A,#N/A,#N/A,#N/A
28 July 1998,1130.24,1.3818,#N/A,#N/A,#N/A,#N/A,#N/A,#N/A,#N/A
29 July 1998,1125.21,1.3891,#N/A,#N/A,#N/A,#N/A,#N/A,#N/A,#N/A
30 July 1998,1142.95,1.3686,#N/A,#N/A,#N/A,#N/A,#N/A,#N/A,#N/A
31 July 1998,1120.67,1.3958,#N/A,#N/A,#N/A,#N/A,#N/A,#N/A,#N/A
03 August 1998,1112.44,1.4059,#N/A,#N/A,#N/A,#N/A,#N/A,#N/A,#N/A
04 August 1998,1072.12,1.4589,#N/A,#N/A,#N/A,#N/A,#N/A,#N/A,#N/A
05 August 1998,1081.43,1.4487,#N/A,#N/A,#N/A,#N/A,#N/A,#N/A,#N/A
06 August 1998,1089.63,1.4383,#N/A,#N/A,#N/A,#N/A,#N/A,#N/A,#N/A
07 August 1998,1089.45,1.4385,#N/A,#N/A,#N/A,#N/A,#N/A,#N/A,#N/A
10 August 1998,1083.14,1.4464,#N/A,#N/A,#N/A,#N/A,#N/A,#N/A,#N/A
11 August 1998,1068.98,1.4666,#N/A,#N/A,#N/A,#N/A,#N/A,#N/A,#N/A
12 August 1998,1084.22,1.447,#N/A,#N/A,#N/A,#N/A,#N/A,#N/A,#N/A
13 August 1998,1074.91,1.4586,#N/A,#N/A,#N/A,#N/A,#N/A,#N/A,#N/A
14 August 1998,1062.75,1.4742,#N/A,#N/A,#N/A,#N/A,#N/A,#N/A,#N/A
17 August 1998,1083.67,1.4459,#N/A,#N/A,#N/A,#N/A,#N/A,#N/A,#N/A
18 August 1998,1101.2,1.4239,#N/A,#N/A,#N/A,#N/A,#N/A,#N/A,#N/A
19 August 1998,1098.06,1.4278,#N/A,#N/A,#N/A,#N/A,#N/A,#N/A,#N/A
20 August 1998,1091.6,1.4362,#N/A,#N/A,#N/A,#N/A,#N/A,#N/A,#N/A
21 August 1998,1081.24,1.4501,#N/A,#N/A,#N/A,#N/A,#N/A,#N/A,#N/A
24 August 1998,1088.14,1.441,#N/A,#N/A,#N/A,#N/A,#N/A,#N/A,#N/A
25 August 1998,1092.85,1.4348,#N/A,#N/A,#N/A,#N/A,#N/A,#N/A,#N/A
26 August 1998,1084.19,1.4466,#N/A,#N/A,#N/A,#N/A,#N/A,#N/A,#N/A
27 August 1998,1042.59,1.5058,#N/A,#N/A,#N/A,#N/A,#N/A,#N/A,#N/A
28 August 1998,1027.14,1.5305,#N/A,#N/A,#N/A,#N/A,#N/A,#N/A,#N/A
31 August 1998,957.28,1.6425,#N/A,#N/A,#N/A,#N/A,#N/A,#N/A,#N/A
01 September 1998,994.26,1.5817,#N/A,#N/A,#N/A,#N/A,#N/A,#N/A,#N/A
02 September 1998,990.47,1.5902,#N/A,#N/A,#N/A,#N/A,#N/A,#N/A,#N/A
03 September 1998,982.26,1.6036,#N/A,#N/A,#N/A,#N/A,#N/A,#N/A,#N/A
04 September 1998,973.89,1.6167,#N/A,#N/A,#N/A,#N/A,#N/A,#N/A,#N/A
08 September 1998,1023.46,1.5404,#N/A,#N/A,#N/A,#N/A,#N/A,#N/A,#N/A
09 September 1998,1006.2,1.5672,#N/A,#N/A,#N/A,#N/A,#N/A,#N/A,#N/A
10 September 1998,980.19,1.6089,#N/A,#N/A,#N/A,#N/A,#N/A,#N/A,#N/A
11 September 1998,1009.06,1.5648,#N/A,#N/A,#N/A,#N/A,#N/A,#N/A,#N/A
14 September 1998,1029.72,1.535,#N/A,#N/A,#N/A,#N/A,#N/A,#N/A,#N/A
15 September 1998,1037.68,1.5226,#N/A,#N/A,#N/A,#N/A,#N/A,#N/A,#N/A
16 September 1998,1045.48,1.52,#N/A,#N/A,#N/A,#N/A,#N/A,#N/A,#N/A
17 September 1998,1018.87,1.5612,#N/A,#N/A,#N/A,#N/A,#N/A,#N/A,#N/A
18 September 1998,1020.09,1.5594,#N/A,#N/A,#N/A,#N/A,#N/A,#N/A,#N/A
21 September 1998,1023.89,1.5527,#N/A,#N/A,#N/A,#N/A,#N/A,#N/A,#N/A
22 September 1998,1029.63,1.5441,#N/A,#N/A,#N/A,#N/A,#N/A,#N/A,#N/A
23 September 1998,1066.09,1.4915,#N/A,#N/A,#N/A,#N/A,#N/A,#N/A,#N/A
24 September 1998,1042.72,1.525,#N/A,#N/A,#N/A,#N/A,#N/A,#N/A,#N/A
25 September 1998,1044.75,1.522,#N/A,#N/A,#N/A,#N/A,#N/A,#N/A,#N/A
28 September 1998,1048.69,1.5186,#N/A,#N/A,#N/A,#N/A,#N/A,#N/A,#N/A
29 September 1998,1049.02,1.5182,#N/A,#N/A,#N/A,#N/A,#N/A,#N/A,#N/A
30 September 1998,1017.01,1.5662,#N/A,#N/A,#N/A,#N/A,#N/A,#N/A,#N/A
01 October 1998,986.39,1.6158,#N/A,#N/A,#N/A,#N/A,#N/A,#N/A,#N/A
02 October 1998,1002.6,1.5897,#N/A,#N/A,#N/A,#N/A,#N/A,#N/A,#N/A
05 October 1998,988.56,1.6123,#N/A,#N/A,#N/A,#N/A,#N/A,#N/A,#N/A
06 October 1998,984.59,1.6188,#N/A,#N/A,#N/A,#N/A,#N/A,#N/A,#N/A
07 October 1998,970.68,1.6413,#N/A,#N/A,#N/A,#N/A,#N/A,#N/A,#N/A
08 October 1998,959.44,1.6526,#N/A,#N/A,#N/A,#N/A,#N/A,#N/A,#N/A
09 October 1998,984.39,1.6107,#N/A,#N/A,#N/A,#N/A,#N/A,#N/A,#N/A
12 October 1998,997.71,1.5892,#N/A,#N/A,#N/A,#N/A,#N/A,#N/A,#N/A
13 October 1998,994.8,1.5947,#N/A,#N/A,#N/A,#N/A,#N/A,#N/A,#N/A
14 October 1998,1005.53,1.5774,#N/A,#N/A,#N/A,#N/A,#N/A,#N/A,#N/A
15 October 1998,1047.49,1.5142,#N/A,#N/A,#N/A,#N/A,#N/A,#N/A,#N/A
16 October 1998,1056.42,1.5014,#N/A,#N/A,#N/A,#N/A,#N/A,#N/A,#N/A
19 October 1998,1062.39,1.493,#N/A,#N/A,#N/A,#N/A,#N/A,#N/A,#N/A
20 October 1998,1063.93,1.4907,#N/A,#N/A,#N/A,#N/A,#N/A,#N/A,#N/A
21 October 1998,1069.92,1.483,#N/A,#N/A,#N/A,#N/A,#N/A,#N/A,#N/A
22 October 1998,1078.48,1.4714,#N/A,#N/A,#N/A,#N/A,#N/A,#N/A,#N/A
23 October 1998,1070.67,1.4822,#N/A,#N/A,#N/A,#N/A,#N/A,#N/A,#N/A
26 October 1998,1072.32,1.4799,#N/A,#N/A,#N/A,#N/A,#N/A,#N/A,#N/A
27 October 1998,1065.34,1.49,#N/A,#N/A,#N/A,#N/A,#N/A,#N/A,#N/A
28 October 1998,1068.09,1.4877,#N/A,#N/A,#N/A,#N/A,#N/A,#N/A,#N/A
29 October 1998,1085.93,1.466,#N/A,#N/A,#N/A,#N/A,#N/A,#N/A,#N/A
30 October 1998,1098.67,1.4491,#N/A,#N/A,#N/A,#N/A,#N/A,#N/A,#N/A
02 November 1998,1111.6,1.4318,#N/A,#N/A,#N/A,#N/A,#N/A,#N/A,#N/A
03 November 1998,1110.84,1.4366,#N/A,#N/A,#N/A,#N/A,#N/A,#N/A,#N/A
04 November 1998,1118.67,1.4291,#N/A,#N/A,#N/A,#N/A,#N/A,#N/A,#N/A
05 November 1998,1133.85,1.4105,#N/A,#N/A,#N/A,#N/A,#N/A,#N/A,#N/A
06 November 1998,1141.01,1.4022,#N/A,#N/A,#N/A,#N/A,#N/A,#N/A,#N/A
09 November 1998,1130.2,1.4153,#N/A,#N/A,#N/A,#N/A,#N/A,#N/A,#N/A
10 November 1998,1128.26,1.418,#N/A,#N/A,#N/A,#N/A,#N/A,#N/A,#N/A
11 November 1998,1120.97,1.4272,#N/A,#N/A,#N/A,#N/A,#N/A,#N/A,#N/A
12 November 1998,1117.69,1.4314,#N/A,#N/A,#N/A,#N/A,#N/A,#N/A,#N/A
13 November 1998,1125.72,1.4105,#N/A,#N/A,#N/A,#N/A,#N/A,#N/A,#N/A
16 November 1998,1135.87,1.398,#N/A,#N/A,#N/A,#N/A,#N/A,#N/A,#N/A
17 November 1998,1139.32,1.3938,#N/A,#N/A,#N/A,#N/A,#N/A,#N/A,#N/A
18 November 1998,1144.48,1.3879,#N/A,#N/A,#N/A,#N/A,#N/A,#N/A,#N/A
19 November 1998,1152.61,1.3782,#N/A,#N/A,#N/A,#N/A,#N/A,#N/A,#N/A
20 November 1998,1163.55,1.3652,#N/A,#N/A,#N/A,#N/A,#N/A,#N/A,#N/A
23 November 1998,1188.21,1.337,#N/A,#N/A,#N/A,#N/A,#N/A,#N/A,#N/A
24 November 1998,1182.99,1.3421,#N/A,#N/A,#N/A,#N/A,#N/A,#N/A,#N/A
25 November 1998,1186.87,1.3392,#N/A,#N/A,#N/A,#N/A,#N/A,#N/A,#N/A
27 November 1998,1192.33,1.334,#N/A,#N/A,#N/A,#N/A,#N/A,#N/A,#N/A
30 November 1998,1163.63,1.3669,#N/A,#N/A,#N/A,#N/A,#N/A,#N/A,#N/A
01 December 1998,1175.28,1.3536,#N/A,#N/A,#N/A,#N/A,#N/A,#N/A,#N/A
02 December 1998,1171.25,1.3614,#N/A,#N/A,#N/A,#N/A,#N/A,#N/A,#N/A
03 December 1998,1150.14,1.3861,#N/A,#N/A,#N/A,#N/A,#N/A,#N/A,#N/A
04 December 1998,1176.74,1.3547,#N/A,#N/A,#N/A,#N/A,#N/A,#N/A,#N/A
07 December 1998,1187.7,1.3417,#N/A,#N/A,#N/A,#N/A,#N/A,#N/A,#N/A
08 December 1998,1181.38,1.3488,#N/A,#N/A,#N/A,#N/A,#N/A,#N/A,#N/A
09 December 1998,1183.49,1.3466,#N/A,#N/A,#N/A,#N/A,#N/A,#N/A,#N/A
10 December 1998,1165.02,1.368,#N/A,#N/A,#N/A,#N/A,#N/A,#N/A,#N/A
11 December 1998,1166.46,1.3678,#N/A,#N/A,#N/A,#N/A,#N/A,#N/A,#N/A
14 December 1998,1141.2,1.3982,#N/A,#N/A,#N/A,#N/A,#N/A,#N/A,#N/A
15 December 1998,1162.83,1.3722,#N/A,#N/A,#N/A,#N/A,#N/A,#N/A,#N/A
16 December 1998,1161.94,1.3737,#N/A,#N/A,#N/A,#N/A,#N/A,#N/A,#N/A
17 December 1998,1179.98,1.3551,#N/A,#N/A,#N/A,#N/A,#N/A,#N/A,#N/A
18 December 1998,1188.03,1.3447,#N/A,#N/A,#N/A,#N/A,#N/A,#N/A,#N/A
21 December 1998,1202.84,1.3253,#N/A,#N/A,#N/A,#N/A,#N/A,#N/A,#N/A
22 December 1998,1203.57,1.3232,#N/A,#N/A,#N/A,#N/A,#N/A,#N/A,#N/A
23 December 1998,1228.54,1.2964,#N/A,#N/A,#N/A,#N/A,#N/A,#N/A,#N/A
24 December 1998,1226.27,1.2989,#N/A,#N/A,#N/A,#N/A,#N/A,#N/A,#N/A
28 December 1998,1225.49,1.2998,#N/A,#N/A,#N/A,#N/A,#N/A,#N/A,#N/A
29 December 1998,1241.81,1.285,#N/A,#N/A,#N/A,#N/A,#N/A,#N/A,#N/A
30 December 1998,1231.93,1.2954,#N/A,#N/A,#N/A,#N/A,#N/A,#N/A,#N/A
31 December 1998,1229.23,1.2966,#N/A,#N/A,#N/A,#N/A,#N/A,#N/A,#N/A
04 January 1999,1228.1,1.2787,#N/A,#N/A,#N/A,#N/A,#N/A,#N/A,#N/A
05 January 1999,1244.78,1.2618,#N/A,#N/A,#N/A,#N/A,#N/A,#N/A,#N/A
06 January 1999,1272.34,1.2352,#N/A,#N/A,#N/A,#N/A,#N/A,#N/A,#N/A
07 January 1999,1269.73,1.2381,#N/A,#N/A,#N/A,#N/A,#N/A,#N/A,#N/A
08 January 1999,1275.09,1.2329,#N/A,#N/A,#N/A,#N/A,#N/A,#N/A,#N/A
11 January 1999,1263.88,1.2439,#N/A,#N/A,#N/A,#N/A,#N/A,#N/A,#N/A
12 January 1999,1239.51,1.2683,#N/A,#N/A,#N/A,#N/A,#N/A,#N/A,#N/A
13 January 1999,1234.4,1.2739,#N/A,#N/A,#N/A,#N/A,#N/A,#N/A,#N/A
14 January 1999,1212.19,1.298,#N/A,#N/A,#N/A,#N/A,#N/A,#N/A,#N/A
15 January 1999,1243.26,1.2658,#N/A,#N/A,#N/A,#N/A,#N/A,#N/A,#N/A
19 January 1999,1252,1.2569,#N/A,#N/A,#N/A,#N/A,#N/A,#N/A,#N/A
20 January 1999,1256.62,1.2528,#N/A,#N/A,#N/A,#N/A,#N/A,#N/A,#N/A
21 January 1999,1235.16,1.2746,#N/A,#N/A,#N/A,#N/A,#N/A,#N/A,#N/A
22 January 1999,1225.19,1.285,#N/A,#N/A,#N/A,#N/A,#N/A,#N/A,#N/A
25 January 1999,1233.98,1.2758,#N/A,#N/A,#N/A,#N/A,#N/A,#N/A,#N/A
26 January 1999,1252.31,1.2572,#N/A,#N/A,#N/A,#N/A,#N/A,#N/A,#N/A
27 January 1999,1243.17,1.2677,#N/A,#N/A,#N/A,#N/A,#N/A,#N/A,#N/A
28 January 1999,1265.37,1.2466,#N/A,#N/A,#N/A,#N/A,#N/A,#N/A,#N/A
29 January 1999,1279.64,1.2321,#N/A,#N/A,#N/A,#N/A,#N/A,#N/A,#N/A
01 February 1999,1273,1.2382,#N/A,#N/A,#N/A,#N/A,#N/A,#N/A,#N/A
02 February 1999,1261.99,1.2491,#N/A,#N/A,#N/A,#N/A,#N/A,#N/A,#N/A
03 February 1999,1272.07,1.2403,#N/A,#N/A,#N/A,#N/A,#N/A,#N/A,#N/A
04 February 1999,1248.49,1.2632,#N/A,#N/A,#N/A,#N/A,#N/A,#N/A,#N/A
05 February 1999,1239.4,1.2727,#N/A,#N/A,#N/A,#N/A,#N/A,#N/A,#N/A
08 February 1999,1243.77,1.2679,#N/A,#N/A,#N/A,#N/A,#N/A,#N/A,#N/A
09 February 1999,1216.14,1.2968,#N/A,#N/A,#N/A,#N/A,#N/A,#N/A,#N/A
10 February 1999,1223.55,1.2903,#N/A,#N/A,#N/A,#N/A,#N/A,#N/A,#N/A
11 February 1999,1254.04,1.2594,#N/A,#N/A,#N/A,#N/A,#N/A,#N/A,#N/A
12 February 1999,1230.13,1.2839,#N/A,#N/A,#N/A,#N/A,#N/A,#N/A,#N/A
16 February 1999,1241.87,1.2718,#N/A,#N/A,#N/A,#N/A,#N/A,#N/A,#N/A
17 February 1999,1224.03,1.2912,#N/A,#N/A,#N/A,#N/A,#N/A,#N/A,#N/A
18 February 1999,1237.28,1.2775,#N/A,#N/A,#N/A,#N/A,#N/A,#N/A,#N/A
19 February 1999,1239.22,1.2755,#N/A,#N/A,#N/A,#N/A,#N/A,#N/A,#N/A
22 February 1999,1272.14,1.2426,#N/A,#N/A,#N/A,#N/A,#N/A,#N/A,#N/A
23 February 1999,1271.18,1.2436,#N/A,#N/A,#N/A,#N/A,#N/A,#N/A,#N/A
24 February 1999,1253.41,1.2624,#N/A,#N/A,#N/A,#N/A,#N/A,#N/A,#N/A
25 February 1999,1245.02,1.2716,#N/A,#N/A,#N/A,#N/A,#N/A,#N/A,#N/A
26 February 1999,1238.33,1.2787,#N/A,#N/A,#N/A,#N/A,#N/A,#N/A,#N/A
01 March 1999,1236.16,1.2813,#N/A,#N/A,#N/A,#N/A,#N/A,#N/A,#N/A
02 March 1999,1225.5,1.2926,#N/A,#N/A,#N/A,#N/A,#N/A,#N/A,#N/A
03 March 1999,1227.7,1.2927,#N/A,#N/A,#N/A,#N/A,#N/A,#N/A,#N/A
04 March 1999,1246.64,1.2747,#N/A,#N/A,#N/A,#N/A,#N/A,#N/A,#N/A
05 March 1999,1275.47,1.246,#N/A,#N/A,#N/A,#N/A,#N/A,#N/A,#N/A
08 March 1999,1282.73,1.239,#N/A,#N/A,#N/A,#N/A,#N/A,#N/A,#N/A
09 March 1999,1279.84,1.2418,#N/A,#N/A,#N/A,#N/A,#N/A,#N/A,#N/A
10 March 1999,1286.84,1.2409,#N/A,#N/A,#N/A,#N/A,#N/A,#N/A,#N/A
11 March 1999,1297.68,1.2325,#N/A,#N/A,#N/A,#N/A,#N/A,#N/A,#N/A
12 March 1999,1294.59,1.2358,#N/A,#N/A,#N/A,#N/A,#N/A,#N/A,#N/A
15 March 1999,1307.26,1.2239,#N/A,#N/A,#N/A,#N/A,#N/A,#N/A,#N/A
16 March 1999,1306.38,1.2248,#N/A,#N/A,#N/A,#N/A,#N/A,#N/A,#N/A
17 March 1999,1297.82,1.2342,#N/A,#N/A,#N/A,#N/A,#N/A,#N/A,#N/A
18 March 1999,1316.55,1.2156,#N/A,#N/A,#N/A,#N/A,#N/A,#N/A,#N/A
19 March 1999,1299.29,1.2318,#N/A,#N/A,#N/A,#N/A,#N/A,#N/A,#N/A
22 March 1999,1297.01,1.2331,#N/A,#N/A,#N/A,#N/A,#N/A,#N/A,#N/A
23 March 1999,1262.14,1.2672,#N/A,#N/A,#N/A,#N/A,#N/A,#N/A,#N/A
24 March 1999,1268.59,1.2608,#N/A,#N/A,#N/A,#N/A,#N/A,#N/A,#N/A
25 March 1999,1289.99,1.2393,#N/A,#N/A,#N/A,#N/A,#N/A,#N/A,#N/A
26 March 1999,1282.8,1.2463,#N/A,#N/A,#N/A,#N/A,#N/A,#N/A,#N/A
29 March 1999,1310.17,1.2211,#N/A,#N/A,#N/A,#N/A,#N/A,#N/A,#N/A
30 March 1999,1300.75,1.2304,#N/A,#N/A,#N/A,#N/A,#N/A,#N/A,#N/A
31 March 1999,1286.37,1.2441,#N/A,#N/A,#N/A,#N/A,#N/A,#N/A,#N/A
01 April 1999,1293.72,1.2375,#N/A,#N/A,#N/A,#N/A,#N/A,#N/A,#N/A
05 April 1999,1321.12,1.2091,#N/A,#N/A,#N/A,#N/A,#N/A,#N/A,#N/A
06 April 1999,1317.89,1.212,#N/A,#N/A,#N/A,#N/A,#N/A,#N/A,#N/A
07 April 1999,1326.89,1.2043,#N/A,#N/A,#N/A,#N/A,#N/A,#N/A,#N/A
08 April 1999,1343.98,1.1892,#N/A,#N/A,#N/A,#N/A,#N/A,#N/A,#N/A
09 April 1999,1348.35,1.1853,#N/A,#N/A,#N/A,#N/A,#N/A,#N/A,#N/A
12 April 1999,1358.64,1.1759,#N/A,#N/A,#N/A,#N/A,#N/A,#N/A,#N/A
13 April 1999,1349.82,1.1837,#N/A,#N/A,#N/A,#N/A,#N/A,#N/A,#N/A
14 April 1999,1328.44,1.203,#N/A,#N/A,#N/A,#N/A,#N/A,#N/A,#N/A
15 April 1999,1322.86,1.2081,#N/A,#N/A,#N/A,#N/A,#N/A,#N/A,#N/A
16 April 1999,1319,1.2116,#N/A,#N/A,#N/A,#N/A,#N/A,#N/A,#N/A
19 April 1999,1289.48,1.2394,#N/A,#N/A,#N/A,#N/A,#N/A,#N/A,#N/A
20 April 1999,1306.17,1.2235,#N/A,#N/A,#N/A,#N/A,#N/A,#N/A,#N/A
21 April 1999,1336.12,1.1966,#N/A,#N/A,#N/A,#N/A,#N/A,#N/A,#N/A
22 April 1999,1358.82,1.1767,#N/A,#N/A,#N/A,#N/A,#N/A,#N/A,#N/A
23 April 1999,1356.85,1.1784,#N/A,#N/A,#N/A,#N/A,#N/A,#N/A,#N/A
26 April 1999,1360.04,1.1757,#N/A,#N/A,#N/A,#N/A,#N/A,#N/A,#N/A
27 April 1999,1362.8,1.1733,#N/A,#N/A,#N/A,#N/A,#N/A,#N/A,#N/A
28 April 1999,1350.91,1.1844,#N/A,#N/A,#N/A,#N/A,#N/A,#N/A,#N/A
29 April 1999,1342.83,1.1941,#N/A,#N/A,#N/A,#N/A,#N/A,#N/A,#N/A
30 April 1999,1335.18,1.2011,#N/A,#N/A,#N/A,#N/A,#N/A,#N/A,#N/A
03 May 1999,1354.63,1.1843,#N/A,#N/A,#N/A,#N/A,#N/A,#N/A,#N/A
04 May 1999,1332,1.2045,#N/A,#N/A,#N/A,#N/A,#N/A,#N/A,#N/A
05 May 1999,1347.31,1.1934,#N/A,#N/A,#N/A,#N/A,#N/A,#N/A,#N/A
06 May 1999,1332.05,1.2068,#N/A,#N/A,#N/A,#N/A,#N/A,#N/A,#N/A
07 May 1999,1345,1.1951,#N/A,#N/A,#N/A,#N/A,#N/A,#N/A,#N/A
10 May 1999,1340.3,1.1992,#N/A,#N/A,#N/A,#N/A,#N/A,#N/A,#N/A
11 May 1999,1355.61,1.1858,#N/A,#N/A,#N/A,#N/A,#N/A,#N/A,#N/A
12 May 1999,1364,1.1791,#N/A,#N/A,#N/A,#N/A,#N/A,#N/A,#N/A
13 May 1999,1367.56,1.1761,#N/A,#N/A,#N/A,#N/A,#N/A,#N/A,#N/A
14 May 1999,1337.8,1.2026,#N/A,#N/A,#N/A,#N/A,#N/A,#N/A,#N/A
17 May 1999,1339.49,1.201,#N/A,#N/A,#N/A,#N/A,#N/A,#N/A,#N/A
18 May 1999,1333.32,1.2071,#N/A,#N/A,#N/A,#N/A,#N/A,#N/A,#N/A
19 May 1999,1344.23,1.1974,#N/A,#N/A,#N/A,#N/A,#N/A,#N/A,#N/A
20 May 1999,1338.83,1.2024,#N/A,#N/A,#N/A,#N/A,#N/A,#N/A,#N/A
21 May 1999,1330.29,1.2101,#N/A,#N/A,#N/A,#N/A,#N/A,#N/A,#N/A
24 May 1999,1306.65,1.232,#N/A,#N/A,#N/A,#N/A,#N/A,#N/A,#N/A
25 May 1999,1284.4,1.2534,#N/A,#N/A,#N/A,#N/A,#N/A,#N/A,#N/A
26 May 1999,1304.76,1.2354,#N/A,#N/A,#N/A,#N/A,#N/A,#N/A,#N/A
27 May 1999,1281.41,1.2587,#N/A,#N/A,#N/A,#N/A,#N/A,#N/A,#N/A
28 May 1999,1301.84,1.2377,#N/A,#N/A,#N/A,#N/A,#N/A,#N/A,#N/A
01 June 1999,1294.26,1.2439,#N/A,#N/A,#N/A,#N/A,#N/A,#N/A,#N/A
02 June 1999,1294.81,1.2458,#N/A,#N/A,#N/A,#N/A,#N/A,#N/A,#N/A
03 June 1999,1299.54,1.2413,#N/A,#N/A,#N/A,#N/A,#N/A,#N/A,#N/A
04 June 1999,1327.75,1.2122,#N/A,#N/A,#N/A,#N/A,#N/A,#N/A,#N/A
07 June 1999,1334.52,1.2062,#N/A,#N/A,#N/A,#N/A,#N/A,#N/A,#N/A
08 June 1999,1317.33,1.222,#N/A,#N/A,#N/A,#N/A,#N/A,#N/A,#N/A
09 June 1999,1318.64,1.2204,#N/A,#N/A,#N/A,#N/A,#N/A,#N/A,#N/A
10 June 1999,1302.82,1.2354,#N/A,#N/A,#N/A,#N/A,#N/A,#N/A,#N/A
11 June 1999,1293.64,1.2458,#N/A,#N/A,#N/A,#N/A,#N/A,#N/A,#N/A
14 June 1999,1294,1.2457,#N/A,#N/A,#N/A,#N/A,#N/A,#N/A,#N/A
15 June 1999,1301.16,1.2392,#N/A,#N/A,#N/A,#N/A,#N/A,#N/A,#N/A
16 June 1999,1330.41,1.2125,#N/A,#N/A,#N/A,#N/A,#N/A,#N/A,#N/A
17 June 1999,1339.9,1.2053,#N/A,#N/A,#N/A,#N/A,#N/A,#N/A,#N/A
18 June 1999,1342.84,1.2027,#N/A,#N/A,#N/A,#N/A,#N/A,#N/A,#N/A
21 June 1999,1349,1.1942,#N/A,#N/A,#N/A,#N/A,#N/A,#N/A,#N/A
22 June 1999,1335.88,1.2075,#N/A,#N/A,#N/A,#N/A,#N/A,#N/A,#N/A
23 June 1999,1333.06,1.2101,#N/A,#N/A,#N/A,#N/A,#N/A,#N/A,#N/A
24 June 1999,1315.78,1.2253,#N/A,#N/A,#N/A,#N/A,#N/A,#N/A,#N/A
25 June 1999,1315.31,1.2256,#N/A,#N/A,#N/A,#N/A,#N/A,#N/A,#N/A
28 June 1999,1331.35,1.2113,#N/A,#N/A,#N/A,#N/A,#N/A,#N/A,#N/A
29 June 1999,1351.45,1.1934,#N/A,#N/A,#N/A,#N/A,#N/A,#N/A,#N/A
30 June 1999,1372.71,1.1805,#N/A,#N/A,#N/A,#N/A,#N/A,#N/A,#N/A
01 July 1999,1380.96,1.174,#N/A,#N/A,#N/A,#N/A,#N/A,#N/A,#N/A
02 July 1999,1391.22,1.1654,#N/A,#N/A,#N/A,#N/A,#N/A,#N/A,#N/A
06 July 1999,1388.12,1.1696,#N/A,#N/A,#N/A,#N/A,#N/A,#N/A,#N/A
07 July 1999,1395.86,1.1637,#N/A,#N/A,#N/A,#N/A,#N/A,#N/A,#N/A
08 July 1999,1394.42,1.1661,#N/A,#N/A,#N/A,#N/A,#N/A,#N/A,#N/A
09 July 1999,1403.28,1.1587,#N/A,#N/A,#N/A,#N/A,#N/A,#N/A,#N/A
12 July 1999,1399.1,1.1622,#N/A,#N/A,#N/A,#N/A,#N/A,#N/A,#N/A
13 July 1999,1393.56,1.1669,#N/A,#N/A,#N/A,#N/A,#N/A,#N/A,#N/A
14 July 1999,1398.17,1.1635,#N/A,#N/A,#N/A,#N/A,#N/A,#N/A,#N/A
15 July 1999,1409.62,1.1541,#N/A,#N/A,#N/A,#N/A,#N/A,#N/A,#N/A
16 July 1999,1418.78,1.1468,#N/A,#N/A,#N/A,#N/A,#N/A,#N/A,#N/A
19 July 1999,1407.65,1.156,#N/A,#N/A,#N/A,#N/A,#N/A,#N/A,#N/A
20 July 1999,1377.1,1.1817,#N/A,#N/A,#N/A,#N/A,#N/A,#N/A,#N/A
21 July 1999,1379.29,1.1802,#N/A,#N/A,#N/A,#N/A,#N/A,#N/A,#N/A
22 July 1999,1360.97,1.1936,#N/A,#N/A,#N/A,#N/A,#N/A,#N/A,#N/A
23 July 1999,1356.94,1.1971,#N/A,#N/A,#N/A,#N/A,#N/A,#N/A,#N/A
26 July 1999,1347.76,1.2053,#N/A,#N/A,#N/A,#N/A,#N/A,#N/A,#N/A
27 July 1999,1362.84,1.1921,#N/A,#N/A,#N/A,#N/A,#N/A,#N/A,#N/A
28 July 1999,1365.4,1.1906,#N/A,#N/A,#N/A,#N/A,#N/A,#N/A,#N/A
29 July 1999,1341.03,1.2148,#N/A,#N/A,#N/A,#N/A,#N/A,#N/A,#N/A
30 July 1999,1328.72,1.226,#N/A,#N/A,#N/A,#N/A,#N/A,#N/A,#N/A
02 August 1999,1328.05,1.2251,#N/A,#N/A,#N/A,#N/A,#N/A,#N/A,#N/A
03 August 1999,1322.18,1.2306,#N/A,#N/A,#N/A,#N/A,#N/A,#N/A,#N/A
04 August 1999,1305.33,1.248,#N/A,#N/A,#N/A,#N/A,#N/A,#N/A,#N/A
05 August 1999,1313.71,1.2402,#N/A,#N/A,#N/A,#N/A,#N/A,#N/A,#N/A
06 August 1999,1300.29,1.253,#N/A,#N/A,#N/A,#N/A,#N/A,#N/A,#N/A
09 August 1999,1297.8,1.2528,#N/A,#N/A,#N/A,#N/A,#N/A,#N/A,#N/A
10 August 1999,1281.43,1.2688,#N/A,#N/A,#N/A,#N/A,#N/A,#N/A,#N/A
11 August 1999,1301.93,1.2506,#N/A,#N/A,#N/A,#N/A,#N/A,#N/A,#N/A
12 August 1999,1298.16,1.2542,#N/A,#N/A,#N/A,#N/A,#N/A,#N/A,#N/A
13 August 1999,1327.68,1.2258,#N/A,#N/A,#N/A,#N/A,#N/A,#N/A,#N/A
16 August 1999,1330.77,1.223,#N/A,#N/A,#N/A,#N/A,#N/A,#N/A,#N/A
17 August 1999,1344.16,1.2109,#N/A,#N/A,#N/A,#N/A,#N/A,#N/A,#N/A
18 August 1999,1332.84,1.2214,#N/A,#N/A,#N/A,#N/A,#N/A,#N/A,#N/A
19 August 1999,1323.59,1.23,#N/A,#N/A,#N/A,#N/A,#N/A,#N/A,#N/A
20 August 1999,1336.61,1.218,#N/A,#N/A,#N/A,#N/A,#N/A,#N/A,#N/A
23 August 1999,1360.22,1.1969,#N/A,#N/A,#N/A,#N/A,#N/A,#N/A,#N/A
24 August 1999,1363.5,1.1941,#N/A,#N/A,#N/A,#N/A,#N/A,#N/A,#N/A
25 August 1999,1381.79,1.1786,#N/A,#N/A,#N/A,#N/A,#N/A,#N/A,#N/A
26 August 1999,1362.01,1.1957,#N/A,#N/A,#N/A,#N/A,#N/A,#N/A,#N/A
27 August 1999,1348.27,1.2087,#N/A,#N/A,#N/A,#N/A,#N/A,#N/A,#N/A
30 August 1999,1324.02,1.2315,#N/A,#N/A,#N/A,#N/A,#N/A,#N/A,#N/A
31 August 1999,1320.41,1.235,#N/A,#N/A,#N/A,#N/A,#N/A,#N/A,#N/A
01 September 1999,1331.07,1.2261,#N/A,#N/A,#N/A,#N/A,#N/A,#N/A,#N/A
02 September 1999,1319.11,1.2373,#N/A,#N/A,#N/A,#N/A,#N/A,#N/A,#N/A
03 September 1999,1357.24,1.2027,#N/A,#N/A,#N/A,#N/A,#N/A,#N/A,#N/A
07 September 1999,1350.45,1.2091,#N/A,#N/A,#N/A,#N/A,#N/A,#N/A,#N/A
08 September 1999,1344.15,1.2152,#N/A,#N/A,#N/A,#N/A,#N/A,#N/A,#N/A
09 September 1999,1347.66,1.2121,#N/A,#N/A,#N/A,#N/A,#N/A,#N/A,#N/A
10 September 1999,1351.66,1.2085,#N/A,#N/A,#N/A,#N/A,#N/A,#N/A,#N/A
13 September 1999,1344.13,1.217,#N/A,#N/A,#N/A,#N/A,#N/A,#N/A,#N/A
14 September 1999,1336.29,1.2242,#N/A,#N/A,#N/A,#N/A,#N/A,#N/A,#N/A
15 September 1999,1317.97,1.2418,#N/A,#N/A,#N/A,#N/A,#N/A,#N/A,#N/A
16 September 1999,1318.48,1.2408,#N/A,#N/A,#N/A,#N/A,#N/A,#N/A,#N/A
17 September 1999,1335.42,1.2252,#N/A,#N/A,#N/A,#N/A,#N/A,#N/A,#N/A
20 September 1999,1335.53,1.2204,#N/A,#N/A,#N/A,#N/A,#N/A,#N/A,#N/A
21 September 1999,1307.58,1.2465,#N/A,#N/A,#N/A,#N/A,#N/A,#N/A,#N/A
22 September 1999,1310.51,1.2438,#N/A,#N/A,#N/A,#N/A,#N/A,#N/A,#N/A
23 September 1999,1280.41,1.2731,#N/A,#N/A,#N/A,#N/A,#N/A,#N/A,#N/A
24 September 1999,1277.36,1.2761,#N/A,#N/A,#N/A,#N/A,#N/A,#N/A,#N/A
27 September 1999,1283.31,1.2702,#N/A,#N/A,#N/A,#N/A,#N/A,#N/A,#N/A
28 September 1999,1282.2,1.2734,#N/A,#N/A,#N/A,#N/A,#N/A,#N/A,#N/A
29 September 1999,1268.37,1.2855,#N/A,#N/A,#N/A,#N/A,#N/A,#N/A,#N/A
30 September 1999,1282.71,1.2711,#N/A,#N/A,#N/A,#N/A,#N/A,#N/A,#N/A
01 October 1999,1282.81,1.27,#N/A,#N/A,#N/A,#N/A,#N/A,#N/A,#N/A
04 October 1999,1304.6,1.2512,#N/A,#N/A,#N/A,#N/A,#N/A,#N/A,#N/A
05 October 1999,1301.35,1.2545,#N/A,#N/A,#N/A,#N/A,#N/A,#N/A,#N/A
06 October 1999,1325.4,1.232,#N/A,#N/A,#N/A,#N/A,#N/A,#N/A,#N/A
07 October 1999,1317.64,1.2394,#N/A,#N/A,#N/A,#N/A,#N/A,#N/A,#N/A
08 October 1999,1336.02,1.2223,#N/A,#N/A,#N/A,#N/A,#N/A,#N/A,#N/A
11 October 1999,1335.21,1.2229,#N/A,#N/A,#N/A,#N/A,#N/A,#N/A,#N/A
12 October 1999,1313.04,1.2425,#N/A,#N/A,#N/A,#N/A,#N/A,#N/A,#N/A
13 October 1999,1285.55,1.2696,#N/A,#N/A,#N/A,#N/A,#N/A,#N/A,#N/A
14 October 1999,1283.42,1.2717,#N/A,#N/A,#N/A,#N/A,#N/A,#N/A,#N/A
15 October 1999,1247.41,1.3084,#N/A,#N/A,#N/A,#N/A,#N/A,#N/A,#N/A
18 October 1999,1254.13,1.3017,#N/A,#N/A,#N/A,#N/A,#N/A,#N/A,#N/A
19 October 1999,1261.32,1.2943,#N/A,#N/A,#N/A,#N/A,#N/A,#N/A,#N/A
20 October 1999,1289.43,1.2666,#N/A,#N/A,#N/A,#N/A,#N/A,#N/A,#N/A
21 October 1999,1283.61,1.2725,#N/A,#N/A,#N/A,#N/A,#N/A,#N/A,#N/A
22 October 1999,1301.65,1.2549,#N/A,#N/A,#N/A,#N/A,#N/A,#N/A,#N/A
25 October 1999,1293.63,1.2628,#N/A,#N/A,#N/A,#N/A,#N/A,#N/A,#N/A
26 October 1999,1281.91,1.2743,#N/A,#N/A,#N/A,#N/A,#N/A,#N/A,#N/A
27 October 1999,1296.71,1.2593,#N/A,#N/A,#N/A,#N/A,#N/A,#N/A,#N/A
28 October 1999,1342.44,1.2178,#N/A,#N/A,#N/A,#N/A,#N/A,#N/A,#N/A
29 October 1999,1362.93,1.1996,#N/A,#N/A,#N/A,#N/A,#N/A,#N/A,#N/A
01 November 1999,1354.12,1.2072,#N/A,#N/A,#N/A,#N/A,#N/A,#N/A,#N/A
02 November 1999,1347.74,1.2133,#N/A,#N/A,#N/A,#N/A,#N/A,#N/A,#N/A
03 November 1999,1354.93,1.2081,#N/A,#N/A,#N/A,#N/A,#N/A,#N/A,#N/A
04 November 1999,1362.64,1.2008,#N/A,#N/A,#N/A,#N/A,#N/A,#N/A,#N/A
05 November 1999,1370.23,1.1925,#N/A,#N/A,#N/A,#N/A,#N/A,#N/A,#N/A
08 November 1999,1377.01,1.186,#N/A,#N/A,#N/A,#N/A,#N/A,#N/A,#N/A
09 November 1999,1365.28,1.1975,#N/A,#N/A,#N/A,#N/A,#N/A,#N/A,#N/A
10 November 1999,1373.46,1.1904,#N/A,#N/A,#N/A,#N/A,#N/A,#N/A,#N/A
11 November 1999,1381.46,1.1835,#N/A,#N/A,#N/A,#N/A,#N/A,#N/A,#N/A
12 November 1999,1396.06,1.1744,#N/A,#N/A,#N/A,#N/A,#N/A,#N/A,#N/A
15 November 1999,1394.39,1.1752,#N/A,#N/A,#N/A,#N/A,#N/A,#N/A,#N/A
16 November 1999,1420.07,1.1528,#N/A,#N/A,#N/A,#N/A,#N/A,#N/A,#N/A
17 November 1999,1410.71,1.1611,#N/A,#N/A,#N/A,#N/A,#N/A,#N/A,#N/A
18 November 1999,1424.94,1.1495,#N/A,#N/A,#N/A,#N/A,#N/A,#N/A,#N/A
19 November 1999,1422,1.1519,#N/A,#N/A,#N/A,#N/A,#N/A,#N/A,#N/A
22 November 1999,1420.94,1.1528,#N/A,#N/A,#N/A,#N/A,#N/A,#N/A,#N/A
23 November 1999,1404.64,1.1665,#N/A,#N/A,#N/A,#N/A,#N/A,#N/A,#N/A
24 November 1999,1417.08,1.1562,#N/A,#N/A,#N/A,#N/A,#N/A,#N/A,#N/A
26 November 1999,1416.62,1.1567,#N/A,#N/A,#N/A,#N/A,#N/A,#N/A,#N/A
29 November 1999,1407.83,1.1649,#N/A,#N/A,#N/A,#N/A,#N/A,#N/A,#N/A
30 November 1999,1388.91,1.1797,#N/A,#N/A,#N/A,#N/A,#N/A,#N/A,#N/A
01 December 1999,1397.72,1.1717,#N/A,#N/A,#N/A,#N/A,#N/A,#N/A,#N/A
02 December 1999,1409.04,1.1625,#N/A,#N/A,#N/A,#N/A,#N/A,#N/A,#N/A
03 December 1999,1433.3,1.1429,#N/A,#N/A,#N/A,#N/A,#N/A,#N/A,#N/A
06 December 1999,1423.33,1.1508,#N/A,#N/A,#N/A,#N/A,#N/A,#N/A,#N/A
07 December 1999,1409.17,1.1625,#N/A,#N/A,#N/A,#N/A,#N/A,#N/A,#N/A
08 December 1999,1403.88,1.1578,#N/A,#N/A,#N/A,#N/A,#N/A,#N/A,#N/A
09 December 1999,1408.11,1.1546,#N/A,#N/A,#N/A,#N/A,#N/A,#N/A,#N/A
10 December 1999,1417.04,1.1473,#N/A,#N/A,#N/A,#N/A,#N/A,#N/A,#N/A
13 December 1999,1415.22,1.1502,#N/A,#N/A,#N/A,#N/A,#N/A,#N/A,#N/A
14 December 1999,1403.17,1.1605,#N/A,#N/A,#N/A,#N/A,#N/A,#N/A,#N/A
15 December 1999,1413.32,1.1527,#N/A,#N/A,#N/A,#N/A,#N/A,#N/A,#N/A
16 December 1999,1418.78,1.1474,#N/A,#N/A,#N/A,#N/A,#N/A,#N/A,#N/A
17 December 1999,1421.03,1.1465,#N/A,#N/A,#N/A,#N/A,#N/A,#N/A,#N/A
20 December 1999,1418.09,1.1446,#N/A,#N/A,#N/A,#N/A,#N/A,#N/A,#N/A
21 December 1999,1433.43,1.1324,#N/A,#N/A,#N/A,#N/A,#N/A,#N/A,#N/A
22 December 1999,1436.13,1.1319,#N/A,#N/A,#N/A,#N/A,#N/A,#N/A,#N/A
23 December 1999,1458.34,1.1147,#N/A,#N/A,#N/A,#N/A,#N/A,#N/A,#N/A
27 December 1999,1457.1,1.1157,#N/A,#N/A,#N/A,#N/A,#N/A,#N/A,#N/A
28 December 1999,1457.66,1.1152,#N/A,#N/A,#N/A,#N/A,#N/A,#N/A,#N/A
29 December 1999,1463.46,1.1117,#N/A,#N/A,#N/A,#N/A,#N/A,#N/A,#N/A
30 December 1999,1464.47,1.111,#N/A,#N/A,#N/A,#N/A,#N/A,#N/A,#N/A
31 December 1999,1469.25,1.1073,#N/A,#N/A,#N/A,#N/A,#N/A,#N/A,#N/A
03 January 2000,1455.22,1.1186,#N/A,#N/A,#N/A,#N/A,#N/A,#N/A,#N/A
04 January 2000,1399.42,1.1632,#N/A,#N/A,#N/A,#N/A,#N/A,#N/A,#N/A
05 January 2000,1402.11,1.1617,#N/A,#N/A,#N/A,#N/A,#N/A,#N/A,#N/A
06 January 2000,1403.45,1.1606,#N/A,#N/A,#N/A,#N/A,#N/A,#N/A,#N/A
07 January 2000,1441.47,1.13,#N/A,#N/A,#N/A,#N/A,#N/A,#N/A,#N/A
10 January 2000,1457.6,1.1182,#N/A,#N/A,#N/A,#N/A,#N/A,#N/A,#N/A
11 January 2000,1438.56,1.133,#N/A,#N/A,#N/A,#N/A,#N/A,#N/A,#N/A
12 January 2000,1432.25,1.1386,#N/A,#N/A,#N/A,#N/A,#N/A,#N/A,#N/A
13 January 2000,1449.68,1.125,#N/A,#N/A,#N/A,#N/A,#N/A,#N/A,#N/A
14 January 2000,1465.15,1.1131,#N/A,#N/A,#N/A,#N/A,#N/A,#N/A,#N/A
18 January 2000,1455.14,1.1209,#N/A,#N/A,#N/A,#N/A,#N/A,#N/A,#N/A
19 January 2000,1455.9,1.1208,#N/A,#N/A,#N/A,#N/A,#N/A,#N/A,#N/A
20 January 2000,1445.57,1.1282,#N/A,#N/A,#N/A,#N/A,#N/A,#N/A,#N/A
21 January 2000,1441.36,1.1315,#N/A,#N/A,#N/A,#N/A,#N/A,#N/A,#N/A
24 January 2000,1401.53,1.1638,#N/A,#N/A,#N/A,#N/A,#N/A,#N/A,#N/A
25 January 2000,1410.03,1.1568,#N/A,#N/A,#N/A,#N/A,#N/A,#N/A,#N/A
26 January 2000,1404.09,1.1618,#N/A,#N/A,#N/A,#N/A,#N/A,#N/A,#N/A
27 January 2000,1398.56,1.1667,#N/A,#N/A,#N/A,#N/A,#N/A,#N/A,#N/A
28 January 2000,1360.16,1.2004,#N/A,#N/A,#N/A,#N/A,#N/A,#N/A,#N/A
31 January 2000,1394.46,1.1664,#N/A,#N/A,#N/A,#N/A,#N/A,#N/A,#N/A
01 February 2000,1409.28,1.1541,#N/A,#N/A,#N/A,#N/A,#N/A,#N/A,#N/A
02 February 2000,1409.12,1.1555,#N/A,#N/A,#N/A,#N/A,#N/A,#N/A,#N/A
03 February 2000,1424.97,1.1441,#N/A,#N/A,#N/A,#N/A,#N/A,#N/A,#N/A
04 February 2000,1424.37,1.1446,#N/A,#N/A,#N/A,#N/A,#N/A,#N/A,#N/A
07 February 2000,1424.24,1.1448,#N/A,#N/A,#N/A,#N/A,#N/A,#N/A,#N/A
08 February 2000,1441.72,1.1323,#N/A,#N/A,#N/A,#N/A,#N/A,#N/A,#N/A
09 February 2000,1411.7,1.1574,#N/A,#N/A,#N/A,#N/A,#N/A,#N/A,#N/A
10 February 2000,1416.83,1.1531,#N/A,#N/A,#N/A,#N/A,#N/A,#N/A,#N/A
11 February 2000,1387.12,1.1785,#N/A,#N/A,#N/A,#N/A,#N/A,#N/A,#N/A
14 February 2000,1389.94,1.1761,#N/A,#N/A,#N/A,#N/A,#N/A,#N/A,#N/A
15 February 2000,1402.05,1.166,#N/A,#N/A,#N/A,#N/A,#N/A,#N/A,#N/A
16 February 2000,1387.67,1.1793,#N/A,#N/A,#N/A,#N/A,#N/A,#N/A,#N/A
17 February 2000,1388.26,1.1788,#N/A,#N/A,#N/A,#N/A,#N/A,#N/A,#N/A
18 February 2000,1346.09,1.2158,#N/A,#N/A,#N/A,#N/A,#N/A,#N/A,#N/A
22 February 2000,1352.17,1.2103,#N/A,#N/A,#N/A,#N/A,#N/A,#N/A,#N/A
23 February 2000,1360.69,1.203,#N/A,#N/A,#N/A,#N/A,#N/A,#N/A,#N/A
24 February 2000,1353.43,1.2067,#N/A,#N/A,#N/A,#N/A,#N/A,#N/A,#N/A
25 February 2000,1333.36,1.2252,#N/A,#N/A,#N/A,#N/A,#N/A,#N/A,#N/A
28 February 2000,1348.05,1.2124,#N/A,#N/A,#N/A,#N/A,#N/A,#N/A,#N/A
29 February 2000,1366.42,1.1956,#N/A,#N/A,#N/A,#N/A,#N/A,#N/A,#N/A
01 March 2000,1379.19,1.186,#N/A,#N/A,#N/A,#N/A,#N/A,#N/A,#N/A
02 March 2000,1381.76,1.1834,#N/A,#N/A,#N/A,#N/A,#N/A,#N/A,#N/A
03 March 2000,1409.17,1.1602,#N/A,#N/A,#N/A,#N/A,#N/A,#N/A,#N/A
06 March 2000,1391.28,1.1768,#N/A,#N/A,#N/A,#N/A,#N/A,#N/A,#N/A
07 March 2000,1355.62,1.2082,#N/A,#N/A,#N/A,#N/A,#N/A,#N/A,#N/A
08 March 2000,1366.7,1.1988,#N/A,#N/A,#N/A,#N/A,#N/A,#N/A,#N/A
09 March 2000,1401.69,1.169,#N/A,#N/A,#N/A,#N/A,#N/A,#N/A,#N/A
10 March 2000,1395.07,1.1746,#N/A,#N/A,#N/A,#N/A,#N/A,#N/A,#N/A
13 March 2000,1383.62,1.1847,#N/A,#N/A,#N/A,#N/A,#N/A,#N/A,#N/A
14 March 2000,1359.15,1.206,#N/A,#N/A,#N/A,#N/A,#N/A,#N/A,#N/A
15 March 2000,1392.15,1.1779,#N/A,#N/A,#N/A,#N/A,#N/A,#N/A,#N/A
16 March 2000,1458.47,1.1286,#N/A,#N/A,#N/A,#N/A,#N/A,#N/A,#N/A
17 March 2000,1464.47,1.124,#N/A,#N/A,#N/A,#N/A,#N/A,#N/A,#N/A
20 March 2000,1456.63,1.1269,#N/A,#N/A,#N/A,#N/A,#N/A,#N/A,#N/A
21 March 2000,1493.87,1.0988,#N/A,#N/A,#N/A,#N/A,#N/A,#N/A,#N/A
22 March 2000,1500.64,1.0943,#N/A,#N/A,#N/A,#N/A,#N/A,#N/A,#N/A
23 March 2000,1527.35,1.0749,#N/A,#N/A,#N/A,#N/A,#N/A,#N/A,#N/A
24 March 2000,1527.46,1.0748,#N/A,#N/A,#N/A,#N/A,#N/A,#N/A,#N/A
27 March 2000,1523.86,1.0774,#N/A,#N/A,#N/A,#N/A,#N/A,#N/A,#N/A
28 March 2000,1507.73,1.0888,#N/A,#N/A,#N/A,#N/A,#N/A,#N/A,#N/A
29 March 2000,1508.52,1.089,#N/A,#N/A,#N/A,#N/A,#N/A,#N/A,#N/A
30 March 2000,1487.92,1.104,#N/A,#N/A,#N/A,#N/A,#N/A,#N/A,#N/A
31 March 2000,1498.58,1.0962,#N/A,#N/A,#N/A,#N/A,#N/A,#N/A,#N/A
03 April 2000,1505.97,1.0811,#N/A,#N/A,#N/A,#N/A,#N/A,#N/A,#N/A
04 April 2000,1494.73,1.0899,#N/A,#N/A,#N/A,#N/A,#N/A,#N/A,#N/A
05 April 2000,1487.37,1.096,#N/A,#N/A,#N/A,#N/A,#N/A,#N/A,#N/A
06 April 2000,1501.34,1.0857,#N/A,#N/A,#N/A,#N/A,#N/A,#N/A,#N/A
07 April 2000,1516.35,1.0749,#N/A,#N/A,#N/A,#N/A,#N/A,#N/A,#N/A
10 April 2000,1504.46,1.0834,#N/A,#N/A,#N/A,#N/A,#N/A,#N/A,#N/A
11 April 2000,1500.59,1.0863,#N/A,#N/A,#N/A,#N/A,#N/A,#N/A,#N/A
12 April 2000,1467.17,1.1123,#N/A,#N/A,#N/A,#N/A,#N/A,#N/A,#N/A
13 April 2000,1440.51,1.1329,#N/A,#N/A,#N/A,#N/A,#N/A,#N/A,#N/A
14 April 2000,1356.56,1.203,#N/A,#N/A,#N/A,#N/A,#N/A,#N/A,#N/A
17 April 2000,1401.44,1.1645,#N/A,#N/A,#N/A,#N/A,#N/A,#N/A,#N/A
18 April 2000,1441.61,1.1258,#N/A,#N/A,#N/A,#N/A,#N/A,#N/A,#N/A
19 April 2000,1427.47,1.1373,#N/A,#N/A,#N/A,#N/A,#N/A,#N/A,#N/A
20 April 2000,1434.54,1.1318,#N/A,#N/A,#N/A,#N/A,#N/A,#N/A,#N/A
24 April 2000,1429.86,1.1356,#N/A,#N/A,#N/A,#N/A,#N/A,#N/A,#N/A
25 April 2000,1477.44,1.099,#N/A,#N/A,#N/A,#N/A,#N/A,#N/A,#N/A
26 April 2000,1460.99,1.1119,#N/A,#N/A,#N/A,#N/A,#N/A,#N/A,#N/A
27 April 2000,1464.92,1.1097,#N/A,#N/A,#N/A,#N/A,#N/A,#N/A,#N/A
28 April 2000,1452.43,1.1197,#N/A,#N/A,#N/A,#N/A,#N/A,#N/A,#N/A
01 May 2000,1468.25,1.1065,#N/A,#N/A,#N/A,#N/A,#N/A,#N/A,#N/A
02 May 2000,1446.29,1.1233,#N/A,#N/A,#N/A,#N/A,#N/A,#N/A,#N/A
03 May 2000,1415.1,1.1488,#N/A,#N/A,#N/A,#N/A,#N/A,#N/A,#N/A
04 May 2000,1409.57,1.1532,#N/A,#N/A,#N/A,#N/A,#N/A,#N/A,#N/A
05 May 2000,1432.63,1.1315,#N/A,#N/A,#N/A,#N/A,#N/A,#N/A,#N/A
08 May 2000,1424.17,1.1384,#N/A,#N/A,#N/A,#N/A,#N/A,#N/A,#N/A
09 May 2000,1412.14,1.1489,#N/A,#N/A,#N/A,#N/A,#N/A,#N/A,#N/A
10 May 2000,1383.05,1.1694,#N/A,#N/A,#N/A,#N/A,#N/A,#N/A,#N/A
11 May 2000,1407.81,1.15,#N/A,#N/A,#N/A,#N/A,#N/A,#N/A,#N/A
12 May 2000,1420.96,1.1393,#N/A,#N/A,#N/A,#N/A,#N/A,#N/A,#N/A
15 May 2000,1452.36,1.1147,#N/A,#N/A,#N/A,#N/A,#N/A,#N/A,#N/A
16 May 2000,1466.04,1.1043,#N/A,#N/A,#N/A,#N/A,#N/A,#N/A,#N/A
17 May 2000,1447.8,1.1188,#N/A,#N/A,#N/A,#N/A,#N/A,#N/A,#N/A
18 May 2000,1437.21,1.1268,#N/A,#N/A,#N/A,#N/A,#N/A,#N/A,#N/A
19 May 2000,1406.95,1.1515,#N/A,#N/A,#N/A,#N/A,#N/A,#N/A,#N/A
22 May 2000,1400.72,1.1567,#N/A,#N/A,#N/A,#N/A,#N/A,#N/A,#N/A
23 May 2000,1373.86,1.1785,#N/A,#N/A,#N/A,#N/A,#N/A,#N/A,#N/A
24 May 2000,1399.05,1.1576,#N/A,#N/A,#N/A,#N/A,#N/A,#N/A,#N/A
25 May 2000,1381.52,1.1722,#N/A,#N/A,#N/A,#N/A,#N/A,#N/A,#N/A
26 May 2000,1378.02,1.1756,#N/A,#N/A,#N/A,#N/A,#N/A,#N/A,#N/A
30 May 2000,1422.45,1.1389,#N/A,#N/A,#N/A,#N/A,#N/A,#N/A,#N/A
31 May 2000,1420.6,1.1418,#N/A,#N/A,#N/A,#N/A,#N/A,#N/A,#N/A
01 June 2000,1448.81,1.1189,#N/A,#N/A,#N/A,#N/A,#N/A,#N/A,#N/A
02 June 2000,1477.26,1.0973,#N/A,#N/A,#N/A,#N/A,#N/A,#N/A,#N/A
05 June 2000,1467.63,1.104,#N/A,#N/A,#N/A,#N/A,#N/A,#N/A,#N/A
06 June 2000,1457.84,1.1115,#N/A,#N/A,#N/A,#N/A,#N/A,#N/A,#N/A
07 June 2000,1471.36,1.1017,#N/A,#N/A,#N/A,#N/A,#N/A,#N/A,#N/A
08 June 2000,1461.67,1.1086,#N/A,#N/A,#N/A,#N/A,#N/A,#N/A,#N/A
09 June 2000,1456.95,1.1122,#N/A,#N/A,#N/A,#N/A,#N/A,#N/A,#N/A
12 June 2000,1446,1.1208,#N/A,#N/A,#N/A,#N/A,#N/A,#N/A,#N/A
13 June 2000,1469.44,1.1029,#N/A,#N/A,#N/A,#N/A,#N/A,#N/A,#N/A
14 June 2000,1470.54,1.1025,#N/A,#N/A,#N/A,#N/A,#N/A,#N/A,#N/A
15 June 2000,1478.73,1.0964,#N/A,#N/A,#N/A,#N/A,#N/A,#N/A,#N/A
16 June 2000,1464.46,1.1112,#N/A,#N/A,#N/A,#N/A,#N/A,#N/A,#N/A
19 June 2000,1486,1.0841,#N/A,#N/A,#N/A,#N/A,#N/A,#N/A,#N/A
20 June 2000,1475.95,1.0915,#N/A,#N/A,#N/A,#N/A,#N/A,#N/A,#N/A
21 June 2000,1479.13,1.0885,#N/A,#N/A,#N/A,#N/A,#N/A,#N/A,#N/A
22 June 2000,1452.18,1.1086,#N/A,#N/A,#N/A,#N/A,#N/A,#N/A,#N/A
23 June 2000,1441.48,1.1168,#N/A,#N/A,#N/A,#N/A,#N/A,#N/A,#N/A
26 June 2000,1455.31,1.1061,#N/A,#N/A,#N/A,#N/A,#N/A,#N/A,#N/A
27 June 2000,1450.55,1.1097,#N/A,#N/A,#N/A,#N/A,#N/A,#N/A,#N/A
28 June 2000,1454.82,1.1074,#N/A,#N/A,#N/A,#N/A,#N/A,#N/A,#N/A
29 June 2000,1442.39,1.1159,#N/A,#N/A,#N/A,#N/A,#N/A,#N/A,#N/A
30 June 2000,1454.6,1.1075,#N/A,#N/A,#N/A,#N/A,#N/A,#N/A,#N/A
03 July 2000,1469.54,1.0905,#N/A,#N/A,#N/A,#N/A,#N/A,#N/A,#N/A
05 July 2000,1446.23,1.1111,#N/A,#N/A,#N/A,#N/A,#N/A,#N/A,#N/A
06 July 2000,1456.67,1.0897,#N/A,#N/A,#N/A,#N/A,#N/A,#N/A,#N/A
07 July 2000,1478.9,1.0734,#N/A,#N/A,#N/A,#N/A,#N/A,#N/A,#N/A
10 July 2000,1475.62,1.0758,#N/A,#N/A,#N/A,#N/A,#N/A,#N/A,#N/A
11 July 2000,1480.88,1.0719,#N/A,#N/A,#N/A,#N/A,#N/A,#N/A,#N/A
12 July 2000,1492.92,1.064,#N/A,#N/A,#N/A,#N/A,#N/A,#N/A,#N/A
13 July 2000,1495.84,1.0619,#N/A,#N/A,#N/A,#N/A,#N/A,#N/A,#N/A
14 July 2000,1509.98,1.052,#N/A,#N/A,#N/A,#N/A,#N/A,#N/A,#N/A
17 July 2000,1510.49,1.0518,#N/A,#N/A,#N/A,#N/A,#N/A,#N/A,#N/A
18 July 2000,1493.74,1.0636,#N/A,#N/A,#N/A,#N/A,#N/A,#N/A,#N/A
19 July 2000,1481.96,1.0725,#N/A,#N/A,#N/A,#N/A,#N/A,#N/A,#N/A
20 July 2000,1495.57,1.0627,#N/A,#N/A,#N/A,#N/A,#N/A,#N/A,#N/A
21 July 2000,1480.19,1.0738,#N/A,#N/A,#N/A,#N/A,#N/A,#N/A,#N/A
24 July 2000,1464.29,1.0858,#N/A,#N/A,#N/A,#N/A,#N/A,#N/A,#N/A
25 July 2000,1474.47,1.0783,#N/A,#N/A,#N/A,#N/A,#N/A,#N/A,#N/A
26 July 2000,1452.42,1.0947,#N/A,#N/A,#N/A,#N/A,#N/A,#N/A,#N/A
27 July 2000,1449.62,1.086,#N/A,#N/A,#N/A,#N/A,#N/A,#N/A,#N/A
28 July 2000,1419.89,1.1092,#N/A,#N/A,#N/A,#N/A,#N/A,#N/A,#N/A
31 July 2000,1430.83,1.1008,#N/A,#N/A,#N/A,#N/A,#N/A,#N/A,#N/A
01 August 2000,1438.1,1.0945,#N/A,#N/A,#N/A,#N/A,#N/A,#N/A,#N/A
02 August 2000,1438.7,1.0955,#N/A,#N/A,#N/A,#N/A,#N/A,#N/A,#N/A
03 August 2000,1452.56,1.0976,#N/A,#N/A,#N/A,#N/A,#N/A,#N/A,#N/A
04 August 2000,1462.93,1.0882,#N/A,#N/A,#N/A,#N/A,#N/A,#N/A,#N/A
07 August 2000,1479.32,1.0763,#N/A,#N/A,#N/A,#N/A,#N/A,#N/A,#N/A
08 August 2000,1482.8,1.0743,#N/A,#N/A,#N/A,#N/A,#N/A,#N/A,#N/A
09 August 2000,1472.87,1.0817,#N/A,#N/A,#N/A,#N/A,#N/A,#N/A,#N/A
10 August 2000,1460.25,1.0919,#N/A,#N/A,#N/A,#N/A,#N/A,#N/A,#N/A
11 August 2000,1471.84,1.0836,#N/A,#N/A,#N/A,#N/A,#N/A,#N/A,#N/A
14 August 2000,1491.56,1.0694,#N/A,#N/A,#N/A,#N/A,#N/A,#N/A,#N/A
15 August 2000,1484.43,1.0745,#N/A,#N/A,#N/A,#N/A,#N/A,#N/A,#N/A
16 August 2000,1479.85,1.0787,#N/A,#N/A,#N/A,#N/A,#N/A,#N/A,#N/A
17 August 2000,1496.07,1.067,#N/A,#N/A,#N/A,#N/A,#N/A,#N/A,#N/A
18 August 2000,1491.72,1.0706,#N/A,#N/A,#N/A,#N/A,#N/A,#N/A,#N/A
21 August 2000,1499.48,1.0664,#N/A,#N/A,#N/A,#N/A,#N/A,#N/A,#N/A
22 August 2000,1498.13,1.0674,#N/A,#N/A,#N/A,#N/A,#N/A,#N/A,#N/A
23 August 2000,1505.97,1.0621,#N/A,#N/A,#N/A,#N/A,#N/A,#N/A,#N/A
24 August 2000,1508.31,1.0604,#N/A,#N/A,#N/A,#N/A,#N/A,#N/A,#N/A
25 August 2000,1506.45,1.0615,#N/A,#N/A,#N/A,#N/A,#N/A,#N/A,#N/A
28 August 2000,1514.09,1.0561,#N/A,#N/A,#N/A,#N/A,#N/A,#N/A,#N/A
29 August 2000,1509.84,1.0597,#N/A,#N/A,#N/A,#N/A,#N/A,#N/A,#N/A
30 August 2000,1502.59,1.0666,#N/A,#N/A,#N/A,#N/A,#N/A,#N/A,#N/A
31 August 2000,1517.68,1.0555,#N/A,#N/A,#N/A,#N/A,#N/A,#N/A,#N/A
01 September 2000,1520.77,1.0521,#N/A,#N/A,#N/A,#N/A,#N/A,#N/A,#N/A
05 September 2000,1507.08,1.0616,#N/A,#N/A,#N/A,#N/A,#N/A,#N/A,#N/A
06 September 2000,1492.25,1.0724,#N/A,#N/A,#N/A,#N/A,#N/A,#N/A,#N/A
07 September 2000,1502.51,1.0652,#N/A,#N/A,#N/A,#N/A,#N/A,#N/A,#N/A
08 September 2000,1494.5,1.0709,#N/A,#N/A,#N/A,#N/A,#N/A,#N/A,#N/A
11 September 2000,1489.26,1.0748,#N/A,#N/A,#N/A,#N/A,#N/A,#N/A,#N/A
12 September 2000,1481.99,1.08,#N/A,#N/A,#N/A,#N/A,#N/A,#N/A,#N/A
13 September 2000,1484.91,1.0777,#N/A,#N/A,#N/A,#N/A,#N/A,#N/A,#N/A
14 September 2000,1480.87,1.0808,#N/A,#N/A,#N/A,#N/A,#N/A,#N/A,#N/A
15 September 2000,1465.81,1.0919,#N/A,#N/A,#N/A,#N/A,#N/A,#N/A,#N/A
18 September 2000,1444.51,1.104,#N/A,#N/A,#N/A,#N/A,#N/A,#N/A,#N/A
19 September 2000,1459.9,1.0924,#N/A,#N/A,#N/A,#N/A,#N/A,#N/A,#N/A
20 September 2000,1451.34,1.099,#N/A,#N/A,#N/A,#N/A,#N/A,#N/A,#N/A
21 September 2000,1449.05,1.1007,#N/A,#N/A,#N/A,#N/A,#N/A,#N/A,#N/A
22 September 2000,1448.72,1.101,#N/A,#N/A,#N/A,#N/A,#N/A,#N/A,#N/A
25 September 2000,1439.03,1.1084,#N/A,#N/A,#N/A,#N/A,#N/A,#N/A,#N/A
26 September 2000,1427.21,1.1176,#N/A,#N/A,#N/A,#N/A,#N/A,#N/A,#N/A
27 September 2000,1426.57,1.1189,#N/A,#N/A,#N/A,#N/A,#N/A,#N/A,#N/A
28 September 2000,1458.29,1.0946,#N/A,#N/A,#N/A,#N/A,#N/A,#N/A,#N/A
29 September 2000,1436.51,1.1128,#N/A,#N/A,#N/A,#N/A,#N/A,#N/A,#N/A
02 October 2000,1436.23,1.1118,#N/A,#N/A,#N/A,#N/A,#N/A,#N/A,#N/A
03 October 2000,1426.46,1.1185,#N/A,#N/A,#N/A,#N/A,#N/A,#N/A,#N/A
04 October 2000,1434.32,1.1139,#N/A,#N/A,#N/A,#N/A,#N/A,#N/A,#N/A
05 October 2000,1436.28,1.1118,#N/A,#N/A,#N/A,#N/A,#N/A,#N/A,#N/A
06 October 2000,1408.99,1.1333,#N/A,#N/A,#N/A,#N/A,#N/A,#N/A,#N/A
09 October 2000,1402.03,1.139,#N/A,#N/A,#N/A,#N/A,#N/A,#N/A,#N/A
10 October 2000,1387.02,1.1514,#N/A,#N/A,#N/A,#N/A,#N/A,#N/A,#N/A
11 October 2000,1364.59,1.1708,#N/A,#N/A,#N/A,#N/A,#N/A,#N/A,#N/A
12 October 2000,1329.78,1.2015,#N/A,#N/A,#N/A,#N/A,#N/A,#N/A,#N/A
13 October 2000,1374.17,1.1627,#N/A,#N/A,#N/A,#N/A,#N/A,#N/A,#N/A
16 October 2000,1374.62,1.1623,#N/A,#N/A,#N/A,#N/A,#N/A,#N/A,#N/A
17 October 2000,1349.97,1.1835,#N/A,#N/A,#N/A,#N/A,#N/A,#N/A,#N/A
18 October 2000,1342.13,1.1904,#N/A,#N/A,#N/A,#N/A,#N/A,#N/A,#N/A
19 October 2000,1388.76,1.1499,#N/A,#N/A,#N/A,#N/A,#N/A,#N/A,#N/A
20 October 2000,1396.93,1.1431,#N/A,#N/A,#N/A,#N/A,#N/A,#N/A,#N/A
23 October 2000,1395.78,1.1427,#N/A,#N/A,#N/A,#N/A,#N/A,#N/A,#N/A
24 October 2000,1398.13,1.1408,#N/A,#N/A,#N/A,#N/A,#N/A,#N/A,#N/A
25 October 2000,1364.9,1.1687,#N/A,#N/A,#N/A,#N/A,#N/A,#N/A,#N/A
26 October 2000,1364.44,1.1691,#N/A,#N/A,#N/A,#N/A,#N/A,#N/A,#N/A
27 October 2000,1379.58,1.1566,#N/A,#N/A,#N/A,#N/A,#N/A,#N/A,#N/A
30 October 2000,1398.66,1.1381,#N/A,#N/A,#N/A,#N/A,#N/A,#N/A,#N/A
31 October 2000,1429.4,1.1136,#N/A,#N/A,#N/A,#N/A,#N/A,#N/A,#N/A
01 November 2000,1421.22,1.12,#N/A,#N/A,#N/A,#N/A,#N/A,#N/A,#N/A
02 November 2000,1428.32,1.1163,#N/A,#N/A,#N/A,#N/A,#N/A,#N/A,#N/A
03 November 2000,1426.69,1.1179,#N/A,#N/A,#N/A,#N/A,#N/A,#N/A,#N/A
06 November 2000,1432.19,1.1131,#N/A,#N/A,#N/A,#N/A,#N/A,#N/A,#N/A
07 November 2000,1431.87,1.1136,#N/A,#N/A,#N/A,#N/A,#N/A,#N/A,#N/A
08 November 2000,1409.28,1.1315,#N/A,#N/A,#N/A,#N/A,#N/A,#N/A,#N/A
09 November 2000,1400.14,1.1389,#N/A,#N/A,#N/A,#N/A,#N/A,#N/A,#N/A
10 November 2000,1365.98,1.1674,#N/A,#N/A,#N/A,#N/A,#N/A,#N/A,#N/A
13 November 2000,1351.26,1.1823,#N/A,#N/A,#N/A,#N/A,#N/A,#N/A,#N/A
14 November 2000,1382.95,1.1552,#N/A,#N/A,#N/A,#N/A,#N/A,#N/A,#N/A
15 November 2000,1389.81,1.1502,#N/A,#N/A,#N/A,#N/A,#N/A,#N/A,#N/A
16 November 2000,1372.32,1.1639,#N/A,#N/A,#N/A,#N/A,#N/A,#N/A,#N/A
17 November 2000,1367.72,1.1681,#N/A,#N/A,#N/A,#N/A,#N/A,#N/A,#N/A
20 November 2000,1342.62,1.19,#N/A,#N/A,#N/A,#N/A,#N/A,#N/A,#N/A
21 November 2000,1347.35,1.186,#N/A,#N/A,#N/A,#N/A,#N/A,#N/A,#N/A
22 November 2000,1322.36,1.2083,#N/A,#N/A,#N/A,#N/A,#N/A,#N/A,#N/A
24 November 2000,1341.77,1.19,#N/A,#N/A,#N/A,#N/A,#N/A,#N/A,#N/A
27 November 2000,1348.97,1.1836,#N/A,#N/A,#N/A,#N/A,#N/A,#N/A,#N/A
28 November 2000,1336.09,1.1954,#N/A,#N/A,#N/A,#N/A,#N/A,#N/A,#N/A
29 November 2000,1341.91,1.1915,#N/A,#N/A,#N/A,#N/A,#N/A,#N/A,#N/A
30 November 2000,1314.95,1.2159,#N/A,#N/A,#N/A,#N/A,#N/A,#N/A,#N/A
01 December 2000,1315.23,1.2139,#N/A,#N/A,#N/A,#N/A,#N/A,#N/A,#N/A
04 December 2000,1324.97,1.2059,#N/A,#N/A,#N/A,#N/A,#N/A,#N/A,#N/A
05 December 2000,1376.54,1.1596,#N/A,#N/A,#N/A,#N/A,#N/A,#N/A,#N/A
06 December 2000,1351.46,1.1825,#N/A,#N/A,#N/A,#N/A,#N/A,#N/A,#N/A
07 December 2000,1343.55,1.1896,#N/A,#N/A,#N/A,#N/A,#N/A,#N/A,#N/A
08 December 2000,1369.89,1.1668,#N/A,#N/A,#N/A,#N/A,#N/A,#N/A,#N/A
11 December 2000,1380.2,1.1554,#N/A,#N/A,#N/A,#N/A,#N/A,#N/A,#N/A
12 December 2000,1371.18,1.1589,#N/A,#N/A,#N/A,#N/A,#N/A,#N/A,#N/A
13 December 2000,1359.99,1.1697,#N/A,#N/A,#N/A,#N/A,#N/A,#N/A,#N/A
14 December 2000,1340.93,1.1859,#N/A,#N/A,#N/A,#N/A,#N/A,#N/A,#N/A
15 December 2000,1312.15,1.2119,#N/A,#N/A,#N/A,#N/A,#N/A,#N/A,#N/A
18 December 2000,1322.74,1.1979,#N/A,#N/A,#N/A,#N/A,#N/A,#N/A,#N/A
19 December 2000,1305.6,1.2139,#N/A,#N/A,#N/A,#N/A,#N/A,#N/A,#N/A
20 December 2000,1264.74,1.2535,#N/A,#N/A,#N/A,#N/A,#N/A,#N/A,#N/A
21 December 2000,1274.86,1.2435,#N/A,#N/A,#N/A,#N/A,#N/A,#N/A,#N/A
22 December 2000,1305.97,1.2133,#N/A,#N/A,#N/A,#N/A,#N/A,#N/A,#N/A
26 December 2000,1315.19,1.2048,#N/A,#N/A,#N/A,#N/A,#N/A,#N/A,#N/A
27 December 2000,1328.92,1.1889,#N/A,#N/A,#N/A,#N/A,#N/A,#N/A,#N/A
28 December 2000,1334.22,1.1843,#N/A,#N/A,#N/A,#N/A,#N/A,#N/A,#N/A
29 December 2000,1320.28,1.1968,#N/A,#N/A,#N/A,#N/A,#N/A,#N/A,#N/A
02 January 2001,1283.27,1.2295,#N/A,#N/A,#N/A,#N/A,#N/A,#N/A,#N/A
03 January 2001,1347.56,1.1715,#N/A,#N/A,#N/A,#N/A,#N/A,#N/A,#N/A
04 January 2001,1333.34,1.1851,#N/A,#N/A,#N/A,#N/A,#N/A,#N/A,#N/A
05 January 2001,1298.35,1.2171,#N/A,#N/A,#N/A,#N/A,#N/A,#N/A,#N/A
08 January 2001,1295.86,1.2194,#N/A,#N/A,#N/A,#N/A,#N/A,#N/A,#N/A
09 January 2001,1300.8,1.2148,#N/A,#N/A,#N/A,#N/A,#N/A,#N/A,#N/A
10 January 2001,1313.27,1.2041,#N/A,#N/A,#N/A,#N/A,#N/A,#N/A,#N/A
11 January 2001,1326.82,1.1917,#N/A,#N/A,#N/A,#N/A,#N/A,#N/A,#N/A
12 January 2001,1318.32,1.1994,#N/A,#N/A,#N/A,#N/A,#N/A,#N/A,#N/A
16 January 2001,1326.65,1.1893,#N/A,#N/A,#N/A,#N/A,#N/A,#N/A,#N/A
17 January 2001,1329.47,1.1872,#N/A,#N/A,#N/A,#N/A,#N/A,#N/A,#N/A
18 January 2001,1347.97,1.171,#N/A,#N/A,#N/A,#N/A,#N/A,#N/A,#N/A
19 January 2001,1342.54,1.1757,#N/A,#N/A,#N/A,#N/A,#N/A,#N/A,#N/A
22 January 2001,1342.9,1.1754,#N/A,#N/A,#N/A,#N/A,#N/A,#N/A,#N/A
23 January 2001,1360.4,1.1603,#N/A,#N/A,#N/A,#N/A,#N/A,#N/A,#N/A
24 January 2001,1364.3,1.157,#N/A,#N/A,#N/A,#N/A,#N/A,#N/A,#N/A
25 January 2001,1357.51,1.1628,#N/A,#N/A,#N/A,#N/A,#N/A,#N/A,#N/A
26 January 2001,1354.95,1.162,#N/A,#N/A,#N/A,#N/A,#N/A,#N/A,#N/A
29 January 2001,1364.17,1.1546,#N/A,#N/A,#N/A,#N/A,#N/A,#N/A,#N/A
30 January 2001,1373.73,1.1476,#N/A,#N/A,#N/A,#N/A,#N/A,#N/A,#N/A
31 January 2001,1366.01,1.1546,#N/A,#N/A,#N/A,#N/A,#N/A,#N/A,#N/A
01 February 2001,1373.47,1.1488,#N/A,#N/A,#N/A,#N/A,#N/A,#N/A,#N/A
02 February 2001,1349.47,1.1693,#N/A,#N/A,#N/A,#N/A,#N/A,#N/A,#N/A
05 February 2001,1354.31,1.1654,#N/A,#N/A,#N/A,#N/A,#N/A,#N/A,#N/A
06 February 2001,1352.26,1.1674,#N/A,#N/A,#N/A,#N/A,#N/A,#N/A,#N/A
07 February 2001,1340.89,1.1775,#N/A,#N/A,#N/A,#N/A,#N/A,#N/A,#N/A
08 February 2001,1332.53,1.1852,#N/A,#N/A,#N/A,#N/A,#N/A,#N/A,#N/A
09 February 2001,1314.76,1.2012,#N/A,#N/A,#N/A,#N/A,#N/A,#N/A,#N/A
12 February 2001,1330.31,1.1874,#N/A,#N/A,#N/A,#N/A,#N/A,#N/A,#N/A
13 February 2001,1318.8,1.1988,#N/A,#N/A,#N/A,#N/A,#N/A,#N/A,#N/A
14 February 2001,1315.92,1.2028,#N/A,#N/A,#N/A,#N/A,#N/A,#N/A,#N/A
15 February 2001,1326.61,1.192,#N/A,#N/A,#N/A,#N/A,#N/A,#N/A,#N/A
16 February 2001,1301.53,1.215,#N/A,#N/A,#N/A,#N/A,#N/A,#N/A,#N/A
20 February 2001,1278.94,1.2365,#N/A,#N/A,#N/A,#N/A,#N/A,#N/A,#N/A
21 February 2001,1255.27,1.26,#N/A,#N/A,#N/A,#N/A,#N/A,#N/A,#N/A
22 February 2001,1252.82,1.2609,#N/A,#N/A,#N/A,#N/A,#N/A,#N/A,#N/A
23 February 2001,1245.86,1.2681,#N/A,#N/A,#N/A,#N/A,#N/A,#N/A,#N/A
26 February 2001,1267.65,1.2445,#N/A,#N/A,#N/A,#N/A,#N/A,#N/A,#N/A
27 February 2001,1257.94,1.2537,#N/A,#N/A,#N/A,#N/A,#N/A,#N/A,#N/A
28 February 2001,1239.94,1.2723,#N/A,#N/A,#N/A,#N/A,#N/A,#N/A,#N/A
01 March 2001,1241.23,1.2705,#N/A,#N/A,#N/A,#N/A,#N/A,#N/A,#N/A
02 March 2001,1234.18,1.2767,#N/A,#N/A,#N/A,#N/A,#N/A,#N/A,#N/A
05 March 2001,1241.41,1.2714,#N/A,#N/A,#N/A,#N/A,#N/A,#N/A,#N/A
06 March 2001,1253.8,1.2589,#N/A,#N/A,#N/A,#N/A,#N/A,#N/A,#N/A
07 March 2001,1261.89,1.2521,#N/A,#N/A,#N/A,#N/A,#N/A,#N/A,#N/A
08 March 2001,1264.74,1.2492,#N/A,#N/A,#N/A,#N/A,#N/A,#N/A,#N/A
09 March 2001,1233.42,1.2809,#N/A,#N/A,#N/A,#N/A,#N/A,#N/A,#N/A
12 March 2001,1180.16,1.3387,#N/A,#N/A,#N/A,#N/A,#N/A,#N/A,#N/A
13 March 2001,1197.66,1.3185,#N/A,#N/A,#N/A,#N/A,#N/A,#N/A,#N/A
14 March 2001,1166.71,1.3535,#N/A,#N/A,#N/A,#N/A,#N/A,#N/A,#N/A
15 March 2001,1173.56,1.3458,#N/A,#N/A,#N/A,#N/A,#N/A,#N/A,#N/A
16 March 2001,1150.53,1.3727,#N/A,#N/A,#N/A,#N/A,#N/A,#N/A,#N/A
19 March 2001,1170.81,1.3477,#N/A,#N/A,#N/A,#N/A,#N/A,#N/A,#N/A
20 March 2001,1142.62,1.381,#N/A,#N/A,#N/A,#N/A,#N/A,#N/A,#N/A
21 March 2001,1122.14,1.4067,#N/A,#N/A,#N/A,#N/A,#N/A,#N/A,#N/A
22 March 2001,1117.58,1.4123,#N/A,#N/A,#N/A,#N/A,#N/A,#N/A,#N/A
23 March 2001,1139.83,1.3849,#N/A,#N/A,#N/A,#N/A,#N/A,#N/A,#N/A
26 March 2001,1152.69,1.3694,#N/A,#N/A,#N/A,#N/A,#N/A,#N/A,#N/A
27 March 2001,1182.17,1.3353,#N/A,#N/A,#N/A,#N/A,#N/A,#N/A,#N/A
28 March 2001,1153.29,1.3627,#N/A,#N/A,#N/A,#N/A,#N/A,#N/A,#N/A
29 March 2001,1147.95,1.3692,#N/A,#N/A,#N/A,#N/A,#N/A,#N/A,#N/A
30 March 2001,1160.33,1.3545,#N/A,#N/A,#N/A,#N/A,#N/A,#N/A,#N/A
02 April 2001,1145.87,1.3695,#N/A,#N/A,#N/A,#N/A,#N/A,#N/A,#N/A
03 April 2001,1106.46,1.4178,#N/A,#N/A,#N/A,#N/A,#N/A,#N/A,#N/A
04 April 2001,1103.25,1.4232,#N/A,#N/A,#N/A,#N/A,#N/A,#N/A,#N/A
05 April 2001,1151.44,1.3572,#N/A,#N/A,#N/A,#N/A,#N/A,#N/A,#N/A
06 April 2001,1128.43,1.3858,#N/A,#N/A,#N/A,#N/A,#N/A,#N/A,#N/A
09 April 2001,1137.59,1.3746,#N/A,#N/A,#N/A,#N/A,#N/A,#N/A,#N/A
10 April 2001,1168.38,1.3389,#N/A,#N/A,#N/A,#N/A,#N/A,#N/A,#N/A
11 April 2001,1165.89,1.3418,#N/A,#N/A,#N/A,#N/A,#N/A,#N/A,#N/A
12 April 2001,1183.5,1.3216,#N/A,#N/A,#N/A,#N/A,#N/A,#N/A,#N/A
16 April 2001,1179.68,1.3259,#N/A,#N/A,#N/A,#N/A,#N/A,#N/A,#N/A
17 April 2001,1191.81,1.3124,#N/A,#N/A,#N/A,#N/A,#N/A,#N/A,#N/A
18 April 2001,1238.16,1.2638,#N/A,#N/A,#N/A,#N/A,#N/A,#N/A,#N/A
19 April 2001,1253.7,1.2481,#N/A,#N/A,#N/A,#N/A,#N/A,#N/A,#N/A
20 April 2001,1242.98,1.2588,#N/A,#N/A,#N/A,#N/A,#N/A,#N/A,#N/A
23 April 2001,1224.36,1.278,#N/A,#N/A,#N/A,#N/A,#N/A,#N/A,#N/A
24 April 2001,1209.47,1.2939,#N/A,#N/A,#N/A,#N/A,#N/A,#N/A,#N/A
25 April 2001,1228.75,1.2736,#N/A,#N/A,#N/A,#N/A,#N/A,#N/A,#N/A
26 April 2001,1234.52,1.2683,#N/A,#N/A,#N/A,#N/A,#N/A,#N/A,#N/A
27 April 2001,1253.05,1.2496,#N/A,#N/A,#N/A,#N/A,#N/A,#N/A,#N/A
30 April 2001,1249.46,1.2501,#N/A,#N/A,#N/A,#N/A,#N/A,#N/A,#N/A
01 May 2001,1266.44,1.2305,#N/A,#N/A,#N/A,#N/A,#N/A,#N/A,#N/A
02 May 2001,1267.43,1.23,#N/A,#N/A,#N/A,#N/A,#N/A,#N/A,#N/A
03 May 2001,1248.58,1.2498,#N/A,#N/A,#N/A,#N/A,#N/A,#N/A,#N/A
04 May 2001,1266.61,1.232,#N/A,#N/A,#N/A,#N/A,#N/A,#N/A,#N/A
07 May 2001,1263.51,1.2352,#N/A,#N/A,#N/A,#N/A,#N/A,#N/A,#N/A
08 May 2001,1261.2,1.2379,#N/A,#N/A,#N/A,#N/A,#N/A,#N/A,#N/A
09 May 2001,1255.54,1.2439,#N/A,#N/A,#N/A,#N/A,#N/A,#N/A,#N/A
10 May 2001,1255.18,1.2443,#N/A,#N/A,#N/A,#N/A,#N/A,#N/A,#N/A
11 May 2001,1245.67,1.2545,#N/A,#N/A,#N/A,#N/A,#N/A,#N/A,#N/A
14 May 2001,1248.92,1.2509,#N/A,#N/A,#N/A,#N/A,#N/A,#N/A,#N/A
15 May 2001,1249.44,1.2504,#N/A,#N/A,#N/A,#N/A,#N/A,#N/A,#N/A
16 May 2001,1284.99,1.2167,#N/A,#N/A,#N/A,#N/A,#N/A,#N/A,#N/A
17 May 2001,1288.49,1.2134,#N/A,#N/A,#N/A,#N/A,#N/A,#N/A,#N/A
18 May 2001,1291.96,1.211,#N/A,#N/A,#N/A,#N/A,#N/A,#N/A,#N/A
21 May 2001,1312.83,1.1918,#N/A,#N/A,#N/A,#N/A,#N/A,#N/A,#N/A
22 May 2001,1309.38,1.1949,#N/A,#N/A,#N/A,#N/A,#N/A,#N/A,#N/A
23 May 2001,1289.05,1.2139,#N/A,#N/A,#N/A,#N/A,#N/A,#N/A,#N/A
24 May 2001,1293.17,1.2101,#N/A,#N/A,#N/A,#N/A,#N/A,#N/A,#N/A
25 May 2001,1277.89,1.2246,#N/A,#N/A,#N/A,#N/A,#N/A,#N/A,#N/A
29 May 2001,1267.93,1.2323,#N/A,#N/A,#N/A,#N/A,#N/A,#N/A,#N/A
30 May 2001,1248.08,1.2533,#N/A,#N/A,#N/A,#N/A,#N/A,#N/A,#N/A
31 May 2001,1255.82,1.2465,#N/A,#N/A,#N/A,#N/A,#N/A,#N/A,#N/A
01 June 2001,1260.67,1.2413,#N/A,#N/A,#N/A,#N/A,#N/A,#N/A,#N/A
04 June 2001,1267.11,1.2335,#N/A,#N/A,#N/A,#N/A,#N/A,#N/A,#N/A
05 June 2001,1283.57,1.2177,#N/A,#N/A,#N/A,#N/A,#N/A,#N/A,#N/A
06 June 2001,1270.03,1.2311,#N/A,#N/A,#N/A,#N/A,#N/A,#N/A,#N/A
07 June 2001,1276.96,1.2242,#N/A,#N/A,#N/A,#N/A,#N/A,#N/A,#N/A
08 June 2001,1264.96,1.2358,#N/A,#N/A,#N/A,#N/A,#N/A,#N/A,#N/A
11 June 2001,1254.39,1.2465,#N/A,#N/A,#N/A,#N/A,#N/A,#N/A,#N/A
12 June 2001,1255.85,1.245,#N/A,#N/A,#N/A,#N/A,#N/A,#N/A,#N/A
13 June 2001,1241.6,1.2586,#N/A,#N/A,#N/A,#N/A,#N/A,#N/A,#N/A
14 June 2001,1219.87,1.2812,#N/A,#N/A,#N/A,#N/A,#N/A,#N/A,#N/A
15 June 2001,1214.36,1.2865,#N/A,#N/A,#N/A,#N/A,#N/A,#N/A,#N/A
18 June 2001,1208.43,1.2899,#N/A,#N/A,#N/A,#N/A,#N/A,#N/A,#N/A
19 June 2001,1212.58,1.2856,#N/A,#N/A,#N/A,#N/A,#N/A,#N/A,#N/A
20 June 2001,1223.14,1.275,#N/A,#N/A,#N/A,#N/A,#N/A,#N/A,#N/A
21 June 2001,1237.04,1.2607,#N/A,#N/A,#N/A,#N/A,#N/A,#N/A,#N/A
22 June 2001,1225.35,1.2724,#N/A,#N/A,#N/A,#N/A,#N/A,#N/A,#N/A
25 June 2001,1218.6,1.2809,#N/A,#N/A,#N/A,#N/A,#N/A,#N/A,#N/A
26 June 2001,1216.76,1.2829,#N/A,#N/A,#N/A,#N/A,#N/A,#N/A,#N/A
27 June 2001,1211.07,1.2867,#N/A,#N/A,#N/A,#N/A,#N/A,#N/A,#N/A
28 June 2001,1226.2,1.2703,#N/A,#N/A,#N/A,#N/A,#N/A,#N/A,#N/A
29 June 2001,1224.42,1.2721,#N/A,#N/A,#N/A,#N/A,#N/A,#N/A,#N/A
02 July 2001,1236.71,1.2565,#N/A,#N/A,#N/A,#N/A,#N/A,#N/A,#N/A
03 July 2001,1234.45,1.2599,#N/A,#N/A,#N/A,#N/A,#N/A,#N/A,#N/A
05 July 2001,1219.24,1.2792,#N/A,#N/A,#N/A,#N/A,#N/A,#N/A,#N/A
06 July 2001,1190.59,1.3109,#N/A,#N/A,#N/A,#N/A,#N/A,#N/A,#N/A
09 July 2001,1198.78,1.2986,#N/A,#N/A,#N/A,#N/A,#N/A,#N/A,#N/A
10 July 2001,1181.52,1.3176,#N/A,#N/A,#N/A,#N/A,#N/A,#N/A,#N/A
11 July 2001,1180.18,1.3197,#N/A,#N/A,#N/A,#N/A,#N/A,#N/A,#N/A
12 July 2001,1208.14,1.2891,#N/A,#N/A,#N/A,#N/A,#N/A,#N/A,#N/A
13 July 2001,1215.68,1.2812,#N/A,#N/A,#N/A,#N/A,#N/A,#N/A,#N/A
16 July 2001,1202.45,1.2953,#N/A,#N/A,#N/A,#N/A,#N/A,#N/A,#N/A
17 July 2001,1214.44,1.2825,#N/A,#N/A,#N/A,#N/A,#N/A,#N/A,#N/A
18 July 2001,1207.71,1.2902,#N/A,#N/A,#N/A,#N/A,#N/A,#N/A,#N/A
19 July 2001,1215.02,1.2824,#N/A,#N/A,#N/A,#N/A,#N/A,#N/A,#N/A
20 July 2001,1210.85,1.2869,#N/A,#N/A,#N/A,#N/A,#N/A,#N/A,#N/A
23 July 2001,1191.03,1.3083,#N/A,#N/A,#N/A,#N/A,#N/A,#N/A,#N/A
24 July 2001,1171.65,1.3292,#N/A,#N/A,#N/A,#N/A,#N/A,#N/A,#N/A
25 July 2001,1190.49,1.3082,#N/A,#N/A,#N/A,#N/A,#N/A,#N/A,#N/A
26 July 2001,1202.93,1.2947,#N/A,#N/A,#N/A,#N/A,#N/A,#N/A,#N/A
27 July 2001,1205.82,1.2922,#N/A,#N/A,#N/A,#N/A,#N/A,#N/A,#N/A
30 July 2001,1204.52,1.2937,#N/A,#N/A,#N/A,#N/A,#N/A,#N/A,#N/A
31 July 2001,1211.23,1.2865,#N/A,#N/A,#N/A,#N/A,#N/A,#N/A,#N/A
01 August 2001,1215.93,1.2737,#N/A,#N/A,#N/A,#N/A,#N/A,#N/A,#N/A
02 August 2001,1220.75,1.2696,#N/A,#N/A,#N/A,#N/A,#N/A,#N/A,#N/A
03 August 2001,1214.35,1.276,#N/A,#N/A,#N/A,#N/A,#N/A,#N/A,#N/A
06 August 2001,1200.48,1.2909,#N/A,#N/A,#N/A,#N/A,#N/A,#N/A,#N/A
07 August 2001,1204.4,1.2867,#N/A,#N/A,#N/A,#N/A,#N/A,#N/A,#N/A
08 August 2001,1183.53,1.3081,#N/A,#N/A,#N/A,#N/A,#N/A,#N/A,#N/A
09 August 2001,1183.43,1.3089,#N/A,#N/A,#N/A,#N/A,#N/A,#N/A,#N/A
10 August 2001,1190.16,1.3016,#N/A,#N/A,#N/A,#N/A,#N/A,#N/A,#N/A
13 August 2001,1191.29,1.3012,#N/A,#N/A,#N/A,#N/A,#N/A,#N/A,#N/A
14 August 2001,1186.73,1.3061,#N/A,#N/A,#N/A,#N/A,#N/A,#N/A,#N/A
15 August 2001,1178.02,1.317,#N/A,#N/A,#N/A,#N/A,#N/A,#N/A,#N/A
16 August 2001,1181.66,1.3129,#N/A,#N/A,#N/A,#N/A,#N/A,#N/A,#N/A
17 August 2001,1161.97,1.3357,#N/A,#N/A,#N/A,#N/A,#N/A,#N/A,#N/A
20 August 2001,1171.41,1.325,#N/A,#N/A,#N/A,#N/A,#N/A,#N/A,#N/A
21 August 2001,1157.26,1.3412,#N/A,#N/A,#N/A,#N/A,#N/A,#N/A,#N/A
22 August 2001,1165.31,1.3318,#N/A,#N/A,#N/A,#N/A,#N/A,#N/A,#N/A
23 August 2001,1162.09,1.3355,#N/A,#N/A,#N/A,#N/A,#N/A,#N/A,#N/A
24 August 2001,1184.93,1.3098,#N/A,#N/A,#N/A,#N/A,#N/A,#N/A,#N/A
27 August 2001,1179.21,1.3162,#N/A,#N/A,#N/A,#N/A,#N/A,#N/A,#N/A
28 August 2001,1161.51,1.3362,#N/A,#N/A,#N/A,#N/A,#N/A,#N/A,#N/A
29 August 2001,1148.6,1.352,#N/A,#N/A,#N/A,#N/A,#N/A,#N/A,#N/A
30 August 2001,1129.03,1.3697,#N/A,#N/A,#N/A,#N/A,#N/A,#N/A,#N/A
31 August 2001,1133.58,1.3642,#N/A,#N/A,#N/A,#N/A,#N/A,#N/A,#N/A
04 September 2001,1132.94,1.3654,#N/A,#N/A,#N/A,#N/A,#N/A,#N/A,#N/A
05 September 2001,1131.74,1.368,#N/A,#N/A,#N/A,#N/A,#N/A,#N/A,#N/A
06 September 2001,1106.4,1.3989,#N/A,#N/A,#N/A,#N/A,#N/A,#N/A,#N/A
07 September 2001,1085.78,1.4255,#N/A,#N/A,#N/A,#N/A,#N/A,#N/A,#N/A
10 September 2001,1092.54,1.4167,#N/A,#N/A,#N/A,#N/A,#N/A,#N/A,#N/A
17 September 2001,1038.77,1.4923,#N/A,#N/A,#N/A,#N/A,#N/A,#N/A,#N/A
18 September 2001,1032.74,1.5006,#N/A,#N/A,#N/A,#N/A,#N/A,#N/A,#N/A
19 September 2001,1016.1,1.5258,#N/A,#N/A,#N/A,#N/A,#N/A,#N/A,#N/A
20 September 2001,984.54,1.5747,#N/A,#N/A,#N/A,#N/A,#N/A,#N/A,#N/A
21 September 2001,965.8,1.6035,#N/A,#N/A,#N/A,#N/A,#N/A,#N/A,#N/A
24 September 2001,1003.45,1.5431,#N/A,#N/A,#N/A,#N/A,#N/A,#N/A,#N/A
25 September 2001,1012.27,1.5297,#N/A,#N/A,#N/A,#N/A,#N/A,#N/A,#N/A
26 September 2001,1007.04,1.5376,#N/A,#N/A,#N/A,#N/A,#N/A,#N/A,#N/A
27 September 2001,1018.61,1.5202,#N/A,#N/A,#N/A,#N/A,#N/A,#N/A,#N/A
28 September 2001,1040.94,1.4882,#N/A,#N/A,#N/A,#N/A,#N/A,#N/A,#N/A
01 October 2001,1038.55,1.4899,#N/A,#N/A,#N/A,#N/A,#N/A,#N/A,#N/A
02 October 2001,1051.33,1.4718,#N/A,#N/A,#N/A,#N/A,#N/A,#N/A,#N/A
03 October 2001,1072.28,1.4441,#N/A,#N/A,#N/A,#N/A,#N/A,#N/A,#N/A
04 October 2001,1069.63,1.4475,#N/A,#N/A,#N/A,#N/A,#N/A,#N/A,#N/A
05 October 2001,1071.38,1.4453,#N/A,#N/A,#N/A,#N/A,#N/A,#N/A,#N/A
08 October 2001,1062.44,1.4575,#N/A,#N/A,#N/A,#N/A,#N/A,#N/A,#N/A
09 October 2001,1056.75,1.4655,#N/A,#N/A,#N/A,#N/A,#N/A,#N/A,#N/A
10 October 2001,1080.99,1.4412,#N/A,#N/A,#N/A,#N/A,#N/A,#N/A,#N/A
11 October 2001,1097.43,1.42,#N/A,#N/A,#N/A,#N/A,#N/A,#N/A,#N/A
12 October 2001,1091.65,1.4275,#N/A,#N/A,#N/A,#N/A,#N/A,#N/A,#N/A
15 October 2001,1089.98,1.4297,#N/A,#N/A,#N/A,#N/A,#N/A,#N/A,#N/A
16 October 2001,1097.54,1.4198,#N/A,#N/A,#N/A,#N/A,#N/A,#N/A,#N/A
17 October 2001,1077.09,1.4471,#N/A,#N/A,#N/A,#N/A,#N/A,#N/A,#N/A
18 October 2001,1068.61,1.4586,#N/A,#N/A,#N/A,#N/A,#N/A,#N/A,#N/A
19 October 2001,1073.48,1.452,#N/A,#N/A,#N/A,#N/A,#N/A,#N/A,#N/A
22 October 2001,1089.9,1.4301,#N/A,#N/A,#N/A,#N/A,#N/A,#N/A,#N/A
23 October 2001,1084.78,1.4369,#N/A,#N/A,#N/A,#N/A,#N/A,#N/A,#N/A
24 October 2001,1085.2,1.4365,#N/A,#N/A,#N/A,#N/A,#N/A,#N/A,#N/A
25 October 2001,1100.09,1.417,#N/A,#N/A,#N/A,#N/A,#N/A,#N/A,#N/A
26 October 2001,1104.61,1.4112,#N/A,#N/A,#N/A,#N/A,#N/A,#N/A,#N/A
29 October 2001,1078.3,1.4459,#N/A,#N/A,#N/A,#N/A,#N/A,#N/A,#N/A
30 October 2001,1059.79,1.4713,#N/A,#N/A,#N/A,#N/A,#N/A,#N/A,#N/A
31 October 2001,1059.78,1.4684,#N/A,#N/A,#N/A,#N/A,#N/A,#N/A,#N/A
01 November 2001,1084.1,1.433,#N/A,#N/A,#N/A,#N/A,#N/A,#N/A,#N/A
02 November 2001,1087.2,1.4293,#N/A,#N/A,#N/A,#N/A,#N/A,#N/A,#N/A
05 November 2001,1102.84,1.4089,#N/A,#N/A,#N/A,#N/A,#N/A,#N/A,#N/A
06 November 2001,1118.86,1.3882,#N/A,#N/A,#N/A,#N/A,#N/A,#N/A,#N/A
07 November 2001,1115.8,1.3915,#N/A,#N/A,#N/A,#N/A,#N/A,#N/A,#N/A
08 November 2001,1118.54,1.3872,#N/A,#N/A,#N/A,#N/A,#N/A,#N/A,#N/A
09 November 2001,1120.31,1.3851,#N/A,#N/A,#N/A,#N/A,#N/A,#N/A,#N/A
12 November 2001,1118.33,1.3875,#N/A,#N/A,#N/A,#N/A,#N/A,#N/A,#N/A
13 November 2001,1139.09,1.3633,#N/A,#N/A,#N/A,#N/A,#N/A,#N/A,#N/A
14 November 2001,1141.21,1.3627,#N/A,#N/A,#N/A,#N/A,#N/A,#N/A,#N/A
15 November 2001,1142.24,1.3611,#N/A,#N/A,#N/A,#N/A,#N/A,#N/A,#N/A
16 November 2001,1138.65,1.3655,#N/A,#N/A,#N/A,#N/A,#N/A,#N/A,#N/A
19 November 2001,1151.06,1.3506,#N/A,#N/A,#N/A,#N/A,#N/A,#N/A,#N/A
20 November 2001,1142.66,1.3602,#N/A,#N/A,#N/A,#N/A,#N/A,#N/A,#N/A
21 November 2001,1137.03,1.3671,#N/A,#N/A,#N/A,#N/A,#N/A,#N/A,#N/A
23 November 2001,1150.34,1.3514,#N/A,#N/A,#N/A,#N/A,#N/A,#N/A,#N/A
26 November 2001,1157.42,1.3431,#N/A,#N/A,#N/A,#N/A,#N/A,#N/A,#N/A
27 November 2001,1149.5,1.3526,#N/A,#N/A,#N/A,#N/A,#N/A,#N/A,#N/A
28 November 2001,1128.52,1.3748,#N/A,#N/A,#N/A,#N/A,#N/A,#N/A,#N/A
29 November 2001,1140.2,1.3577,#N/A,#N/A,#N/A,#N/A,#N/A,#N/A,#N/A
30 November 2001,1139.45,1.355,#N/A,#N/A,#N/A,#N/A,#N/A,#N/A,#N/A
03 December 2001,1129.9,1.3683,#N/A,#N/A,#N/A,#N/A,#N/A,#N/A,#N/A
04 December 2001,1144.8,1.3505,#N/A,#N/A,#N/A,#N/A,#N/A,#N/A,#N/A
05 December 2001,1170.35,1.3223,#N/A,#N/A,#N/A,#N/A,#N/A,#N/A,#N/A
06 December 2001,1167.1,1.3247,#N/A,#N/A,#N/A,#N/A,#N/A,#N/A,#N/A
07 December 2001,1158.31,1.3341,#N/A,#N/A,#N/A,#N/A,#N/A,#N/A,#N/A
10 December 2001,1139.93,1.3557,#N/A,#N/A,#N/A,#N/A,#N/A,#N/A,#N/A
11 December 2001,1136.76,1.3595,#N/A,#N/A,#N/A,#N/A,#N/A,#N/A,#N/A
12 December 2001,1137.07,1.3599,#N/A,#N/A,#N/A,#N/A,#N/A,#N/A,#N/A
13 December 2001,1119.38,1.3822,#N/A,#N/A,#N/A,#N/A,#N/A,#N/A,#N/A
14 December 2001,1123.09,1.376,#N/A,#N/A,#N/A,#N/A,#N/A,#N/A,#N/A
17 December 2001,1134.36,1.3624,#N/A,#N/A,#N/A,#N/A,#N/A,#N/A,#N/A
18 December 2001,1142.92,1.3523,#N/A,#N/A,#N/A,#N/A,#N/A,#N/A,#N/A
19 December 2001,1149.56,1.345,#N/A,#N/A,#N/A,#N/A,#N/A,#N/A,#N/A
20 December 2001,1139.93,1.3574,#N/A,#N/A,#N/A,#N/A,#N/A,#N/A,#N/A
21 December 2001,1144.89,1.3514,#N/A,#N/A,#N/A,#N/A,#N/A,#N/A,#N/A
24 December 2001,1144.65,1.3494,#N/A,#N/A,#N/A,#N/A,#N/A,#N/A,#N/A
26 December 2001,1149.37,1.3438,#N/A,#N/A,#N/A,#N/A,#N/A,#N/A,#N/A
27 December 2001,1157.13,1.3406,#N/A,#N/A,#N/A,#N/A,#N/A,#N/A,#N/A
28 December 2001,1161.02,1.3361,#N/A,#N/A,#N/A,#N/A,#N/A,#N/A,#N/A
31 December 2001,1148.08,1.3511,#N/A,#N/A,#N/A,#N/A,#N/A,#N/A,#N/A
02 January 2002,1154.67,1.3423,#N/A,#N/A,#N/A,#N/A,#N/A,#N/A,#N/A
03 January 2002,1165.27,1.3302,#N/A,#N/A,#N/A,#N/A,#N/A,#N/A,#N/A
04 January 2002,1172.51,1.322,#N/A,#N/A,#N/A,#N/A,#N/A,#N/A,#N/A
07 January 2002,1164.89,1.331,#N/A,#N/A,#N/A,#N/A,#N/A,#N/A,#N/A
08 January 2002,1160.71,1.3361,#N/A,#N/A,#N/A,#N/A,#N/A,#N/A,#N/A
09 January 2002,1155.14,1.3423,#N/A,#N/A,#N/A,#N/A,#N/A,#N/A,#N/A
10 January 2002,1156.55,1.3408,#N/A,#N/A,#N/A,#N/A,#N/A,#N/A,#N/A
11 January 2002,1145.6,1.3537,#N/A,#N/A,#N/A,#N/A,#N/A,#N/A,#N/A
14 January 2002,1138.41,1.3623,#N/A,#N/A,#N/A,#N/A,#N/A,#N/A,#N/A
15 January 2002,1146.19,1.353,#N/A,#N/A,#N/A,#N/A,#N/A,#N/A,#N/A
16 January 2002,1127.57,1.376,#N/A,#N/A,#N/A,#N/A,#N/A,#N/A,#N/A
17 January 2002,1138.88,1.3661,#N/A,#N/A,#N/A,#N/A,#N/A,#N/A,#N/A
18 January 2002,1127.58,1.3797,#N/A,#N/A,#N/A,#N/A,#N/A,#N/A,#N/A
22 January 2002,1119.31,1.3899,#N/A,#N/A,#N/A,#N/A,#N/A,#N/A,#N/A
23 January 2002,1128.19,1.3792,#N/A,#N/A,#N/A,#N/A,#N/A,#N/A,#N/A
24 January 2002,1132.16,1.3743,#N/A,#N/A,#N/A,#N/A,#N/A,#N/A,#N/A
25 January 2002,1133.28,1.3729,#N/A,#N/A,#N/A,#N/A,#N/A,#N/A,#N/A
28 January 2002,1133.06,1.3696,#N/A,#N/A,#N/A,#N/A,#N/A,#N/A,#N/A
29 January 2002,1100.64,1.4102,#N/A,#N/A,#N/A,#N/A,#N/A,#N/A,#N/A
30 January 2002,1113.57,1.3923,#N/A,#N/A,#N/A,#N/A,#N/A,#N/A,#N/A
31 January 2002,1130.21,1.3728,#N/A,#N/A,#N/A,#N/A,#N/A,#N/A,#N/A
01 February 2002,1122.2,1.3789,#N/A,#N/A,#N/A,#N/A,#N/A,#N/A,#N/A
04 February 2002,1094.44,1.414,#N/A,#N/A,#N/A,#N/A,#N/A,#N/A,#N/A
05 February 2002,1090.02,1.4197,#N/A,#N/A,#N/A,#N/A,#N/A,#N/A,#N/A
06 February 2002,1083.51,1.427,#N/A,#N/A,#N/A,#N/A,#N/A,#N/A,#N/A
07 February 2002,1080.17,1.4328,#N/A,#N/A,#N/A,#N/A,#N/A,#N/A,#N/A
08 February 2002,1096.22,1.4118,#N/A,#N/A,#N/A,#N/A,#N/A,#N/A,#N/A
11 February 2002,1111.94,1.3921,#N/A,#N/A,#N/A,#N/A,#N/A,#N/A,#N/A
12 February 2002,1107.5,1.3977,#N/A,#N/A,#N/A,#N/A,#N/A,#N/A,#N/A
13 February 2002,1118.51,1.3856,#N/A,#N/A,#N/A,#N/A,#N/A,#N/A,#N/A
14 February 2002,1116.48,1.3883,#N/A,#N/A,#N/A,#N/A,#N/A,#N/A,#N/A
15 February 2002,1104.18,1.4036,#N/A,#N/A,#N/A,#N/A,#N/A,#N/A,#N/A
19 February 2002,1083.34,1.4304,#N/A,#N/A,#N/A,#N/A,#N/A,#N/A,#N/A
20 February 2002,1097.98,1.4111,#N/A,#N/A,#N/A,#N/A,#N/A,#N/A,#N/A
21 February 2002,1080.95,1.433,#N/A,#N/A,#N/A,#N/A,#N/A,#N/A,#N/A
22 February 2002,1089.84,1.4213,#N/A,#N/A,#N/A,#N/A,#N/A,#N/A,#N/A
25 February 2002,1109.44,1.3962,#N/A,#N/A,#N/A,#N/A,#N/A,#N/A,#N/A
26 February 2002,1109.38,1.3965,#N/A,#N/A,#N/A,#N/A,#N/A,#N/A,#N/A
27 February 2002,1109.89,1.3987,#N/A,#N/A,#N/A,#N/A,#N/A,#N/A,#N/A
28 February 2002,1106.73,1.4028,#N/A,#N/A,#N/A,#N/A,#N/A,#N/A,#N/A
01 March 2002,1131.78,1.3711,#N/A,#N/A,#N/A,#N/A,#N/A,#N/A,#N/A
04 March 2002,1153.84,1.345,#N/A,#N/A,#N/A,#N/A,#N/A,#N/A,#N/A
05 March 2002,1146.14,1.354,#N/A,#N/A,#N/A,#N/A,#N/A,#N/A,#N/A
06 March 2002,1162.77,1.3353,#N/A,#N/A,#N/A,#N/A,#N/A,#N/A,#N/A
07 March 2002,1157.54,1.3417,#N/A,#N/A,#N/A,#N/A,#N/A,#N/A,#N/A
08 March 2002,1164.31,1.3339,#N/A,#N/A,#N/A,#N/A,#N/A,#N/A,#N/A
11 March 2002,1168.26,1.3294,#N/A,#N/A,#N/A,#N/A,#N/A,#N/A,#N/A
12 March 2002,1165.58,1.3327,#N/A,#N/A,#N/A,#N/A,#N/A,#N/A,#N/A
13 March 2002,1154.09,1.3479,#N/A,#N/A,#N/A,#N/A,#N/A,#N/A,#N/A
14 March 2002,1153.04,1.3495,#N/A,#N/A,#N/A,#N/A,#N/A,#N/A,#N/A
15 March 2002,1166.16,1.3343,#N/A,#N/A,#N/A,#N/A,#N/A,#N/A,#N/A
18 March 2002,1165.55,1.3344,#N/A,#N/A,#N/A,#N/A,#N/A,#N/A,#N/A
19 March 2002,1170.29,1.329,#N/A,#N/A,#N/A,#N/A,#N/A,#N/A,#N/A
20 March 2002,1151.85,1.3506,#N/A,#N/A,#N/A,#N/A,#N/A,#N/A,#N/A
21 March 2002,1153.59,1.3486,#N/A,#N/A,#N/A,#N/A,#N/A,#N/A,#N/A
22 March 2002,1148.7,1.3544,#N/A,#N/A,#N/A,#N/A,#N/A,#N/A,#N/A
25 March 2002,1131.87,1.3745,#N/A,#N/A,#N/A,#N/A,#N/A,#N/A,#N/A
26 March 2002,1138.49,1.3702,#N/A,#N/A,#N/A,#N/A,#N/A,#N/A,#N/A
27 March 2002,1144.58,1.363,#N/A,#N/A,#N/A,#N/A,#N/A,#N/A,#N/A
28 March 2002,1147.39,1.3596,#N/A,#N/A,#N/A,#N/A,#N/A,#N/A,#N/A
01 April 2002,1146.55,1.3596,#N/A,#N/A,#N/A,#N/A,#N/A,#N/A,#N/A
02 April 2002,1136.77,1.3713,#N/A,#N/A,#N/A,#N/A,#N/A,#N/A,#N/A
03 April 2002,1125.4,1.3855,#N/A,#N/A,#N/A,#N/A,#N/A,#N/A,#N/A
04 April 2002,1126.34,1.3839,#N/A,#N/A,#N/A,#N/A,#N/A,#N/A,#N/A
05 April 2002,1122.73,1.3885,#N/A,#N/A,#N/A,#N/A,#N/A,#N/A,#N/A
08 April 2002,1125.29,1.386,#N/A,#N/A,#N/A,#N/A,#N/A,#N/A,#N/A
09 April 2002,1117.8,1.3953,#N/A,#N/A,#N/A,#N/A,#N/A,#N/A,#N/A
10 April 2002,1130.46,1.3796,#N/A,#N/A,#N/A,#N/A,#N/A,#N/A,#N/A
11 April 2002,1103.69,1.4135,#N/A,#N/A,#N/A,#N/A,#N/A,#N/A,#N/A
12 April 2002,1111.01,1.4042,#N/A,#N/A,#N/A,#N/A,#N/A,#N/A,#N/A
15 April 2002,1102.55,1.4149,#N/A,#N/A,#N/A,#N/A,#N/A,#N/A,#N/A
16 April 2002,1128.37,1.3825,#N/A,#N/A,#N/A,#N/A,#N/A,#N/A,#N/A
17 April 2002,1126.07,1.3858,#N/A,#N/A,#N/A,#N/A,#N/A,#N/A,#N/A
18 April 2002,1124.47,1.3878,#N/A,#N/A,#N/A,#N/A,#N/A,#N/A,#N/A
19 April 2002,1125.17,1.387,#N/A,#N/A,#N/A,#N/A,#N/A,#N/A,#N/A
22 April 2002,1107.83,1.4087,#N/A,#N/A,#N/A,#N/A,#N/A,#N/A,#N/A
23 April 2002,1100.96,1.4175,#N/A,#N/A,#N/A,#N/A,#N/A,#N/A,#N/A
24 April 2002,1093.14,1.4278,#N/A,#N/A,#N/A,#N/A,#N/A,#N/A,#N/A
25 April 2002,1091.48,1.4299,#N/A,#N/A,#N/A,#N/A,#N/A,#N/A,#N/A
26 April 2002,1076.32,1.4501,#N/A,#N/A,#N/A,#N/A,#N/A,#N/A,#N/A
29 April 2002,1065.46,1.4651,#N/A,#N/A,#N/A,#N/A,#N/A,#N/A,#N/A
30 April 2002,1076.92,1.4495,#N/A,#N/A,#N/A,#N/A,#N/A,#N/A,#N/A
01 May 2002,1086.46,1.4326,#N/A,#N/A,#N/A,#N/A,#N/A,#N/A,#N/A
02 May 2002,1084.56,1.4372,#N/A,#N/A,#N/A,#N/A,#N/A,#N/A,#N/A
03 May 2002,1073.43,1.4521,#N/A,#N/A,#N/A,#N/A,#N/A,#N/A,#N/A
06 May 2002,1052.67,1.483,#N/A,#N/A,#N/A,#N/A,#N/A,#N/A,#N/A
07 May 2002,1049.49,1.4877,#N/A,#N/A,#N/A,#N/A,#N/A,#N/A,#N/A
08 May 2002,1088.85,1.4346,#N/A,#N/A,#N/A,#N/A,#N/A,#N/A,#N/A
09 May 2002,1073.01,1.4564,#N/A,#N/A,#N/A,#N/A,#N/A,#N/A,#N/A
10 May 2002,1054.99,1.4814,#N/A,#N/A,#N/A,#N/A,#N/A,#N/A,#N/A
13 May 2002,1074.56,1.4538,#N/A,#N/A,#N/A,#N/A,#N/A,#N/A,#N/A
14 May 2002,1097.28,1.424,#N/A,#N/A,#N/A,#N/A,#N/A,#N/A,#N/A
15 May 2002,1091.07,1.4333,#N/A,#N/A,#N/A,#N/A,#N/A,#N/A,#N/A
16 May 2002,1098.23,1.424,#N/A,#N/A,#N/A,#N/A,#N/A,#N/A,#N/A
17 May 2002,1106.59,1.4158,#N/A,#N/A,#N/A,#N/A,#N/A,#N/A,#N/A
20 May 2002,1091.88,1.4348,#N/A,#N/A,#N/A,#N/A,#N/A,#N/A,#N/A
21 May 2002,1079.88,1.4508,#N/A,#N/A,#N/A,#N/A,#N/A,#N/A,#N/A
22 May 2002,1086.02,1.4422,#N/A,#N/A,#N/A,#N/A,#N/A,#N/A,#N/A
23 May 2002,1097.08,1.4277,#N/A,#N/A,#N/A,#N/A,#N/A,#N/A,#N/A
24 May 2002,1083.82,1.4451,#N/A,#N/A,#N/A,#N/A,#N/A,#N/A,#N/A
28 May 2002,1074.55,1.4576,#N/A,#N/A,#N/A,#N/A,#N/A,#N/A,#N/A
29 May 2002,1067.66,1.467,#N/A,#N/A,#N/A,#N/A,#N/A,#N/A,#N/A
30 May 2002,1064.66,1.4728,#N/A,#N/A,#N/A,#N/A,#N/A,#N/A,#N/A
31 May 2002,1067.14,1.4694,#N/A,#N/A,#N/A,#N/A,#N/A,#N/A,#N/A
03 June 2002,1040.68,1.5074,#N/A,#N/A,#N/A,#N/A,#N/A,#N/A,#N/A
04 June 2002,1040.69,1.5077,#N/A,#N/A,#N/A,#N/A,#N/A,#N/A,#N/A
05 June 2002,1049.9,1.4962,#N/A,#N/A,#N/A,#N/A,#N/A,#N/A,#N/A
06 June 2002,1029.15,1.5259,#N/A,#N/A,#N/A,#N/A,#N/A,#N/A,#N/A
07 June 2002,1027.53,1.5283,#N/A,#N/A,#N/A,#N/A,#N/A,#N/A,#N/A
10 June 2002,1030.74,1.5226,#N/A,#N/A,#N/A,#N/A,#N/A,#N/A,#N/A
11 June 2002,1013.6,1.5486,#N/A,#N/A,#N/A,#N/A,#N/A,#N/A,#N/A
12 June 2002,1020.26,1.5393,#N/A,#N/A,#N/A,#N/A,#N/A,#N/A,#N/A
13 June 2002,1009.56,1.5559,#N/A,#N/A,#N/A,#N/A,#N/A,#N/A,#N/A
14 June 2002,1007.28,1.5594,#N/A,#N/A,#N/A,#N/A,#N/A,#N/A,#N/A
17 June 2002,1036.17,1.5159,#N/A,#N/A,#N/A,#N/A,#N/A,#N/A,#N/A
18 June 2002,1037.14,1.5139,#N/A,#N/A,#N/A,#N/A,#N/A,#N/A,#N/A
19 June 2002,1019.99,1.5396,#N/A,#N/A,#N/A,#N/A,#N/A,#N/A,#N/A
20 June 2002,1006.29,1.5607,#N/A,#N/A,#N/A,#N/A,#N/A,#N/A,#N/A
21 June 2002,989.14,1.5866,#N/A,#N/A,#N/A,#N/A,#N/A,#N/A,#N/A
24 June 2002,992.72,1.5821,#N/A,#N/A,#N/A,#N/A,#N/A,#N/A,#N/A
25 June 2002,976.14,1.6089,#N/A,#N/A,#N/A,#N/A,#N/A,#N/A,#N/A
26 June 2002,973.53,1.6208,#N/A,#N/A,#N/A,#N/A,#N/A,#N/A,#N/A
27 June 2002,990.64,1.593,#N/A,#N/A,#N/A,#N/A,#N/A,#N/A,#N/A
28 June 2002,989.81,1.5943,#N/A,#N/A,#N/A,#N/A,#N/A,#N/A,#N/A
01 July 2002,968.65,1.6288,#N/A,#N/A,#N/A,#N/A,#N/A,#N/A,#N/A
02 July 2002,948.09,1.6642,#N/A,#N/A,#N/A,#N/A,#N/A,#N/A,#N/A
03 July 2002,953.99,1.6541,#N/A,#N/A,#N/A,#N/A,#N/A,#N/A,#N/A
05 July 2002,989.03,1.595,#N/A,#N/A,#N/A,#N/A,#N/A,#N/A,#N/A
08 July 2002,976.98,1.6152,#N/A,#N/A,#N/A,#N/A,#N/A,#N/A,#N/A
09 July 2002,952.83,1.6565,#N/A,#N/A,#N/A,#N/A,#N/A,#N/A,#N/A
10 July 2002,920.47,1.7149,#N/A,#N/A,#N/A,#N/A,#N/A,#N/A,#N/A
11 July 2002,927.37,1.7027,#N/A,#N/A,#N/A,#N/A,#N/A,#N/A,#N/A
12 July 2002,921.39,1.7137,#N/A,#N/A,#N/A,#N/A,#N/A,#N/A,#N/A
15 July 2002,917.93,1.7202,#N/A,#N/A,#N/A,#N/A,#N/A,#N/A,#N/A
16 July 2002,901.05,1.7524,#N/A,#N/A,#N/A,#N/A,#N/A,#N/A,#N/A
17 July 2002,906.04,1.7443,#N/A,#N/A,#N/A,#N/A,#N/A,#N/A,#N/A
18 July 2002,881.56,1.7927,#N/A,#N/A,#N/A,#N/A,#N/A,#N/A,#N/A
19 July 2002,847.76,1.8642,#N/A,#N/A,#N/A,#N/A,#N/A,#N/A,#N/A
22 July 2002,819.85,1.8811,#N/A,#N/A,#N/A,#N/A,#N/A,#N/A,#N/A
23 July 2002,797.7,1.9334,#N/A,#N/A,#N/A,#N/A,#N/A,#N/A,#N/A
24 July 2002,843.42,1.8287,#N/A,#N/A,#N/A,#N/A,#N/A,#N/A,#N/A
25 July 2002,838.68,1.8375,#N/A,#N/A,#N/A,#N/A,#N/A,#N/A,#N/A
26 July 2002,852.84,1.8072,#N/A,#N/A,#N/A,#N/A,#N/A,#N/A,#N/A
29 July 2002,898.96,1.7147,#N/A,#N/A,#N/A,#N/A,#N/A,#N/A,#N/A
30 July 2002,902.78,1.7075,#N/A,#N/A,#N/A,#N/A,#N/A,#N/A,#N/A
31 July 2002,911.62,1.6875,#N/A,#N/A,#N/A,#N/A,#N/A,#N/A,#N/A
01 August 2002,884.66,1.7391,#N/A,#N/A,#N/A,#N/A,#N/A,#N/A,#N/A
02 August 2002,864.24,1.7803,#N/A,#N/A,#N/A,#N/A,#N/A,#N/A,#N/A
05 August 2002,834.6,1.8438,#N/A,#N/A,#N/A,#N/A,#N/A,#N/A,#N/A
06 August 2002,859.57,1.7901,#N/A,#N/A,#N/A,#N/A,#N/A,#N/A,#N/A
07 August 2002,876.77,1.7555,#N/A,#N/A,#N/A,#N/A,#N/A,#N/A,#N/A
08 August 2002,905.46,1.6997,#N/A,#N/A,#N/A,#N/A,#N/A,#N/A,#N/A
09 August 2002,908.64,1.6938,#N/A,#N/A,#N/A,#N/A,#N/A,#N/A,#N/A
12 August 2002,903.8,1.7026,#N/A,#N/A,#N/A,#N/A,#N/A,#N/A,#N/A
13 August 2002,884.21,1.7405,#N/A,#N/A,#N/A,#N/A,#N/A,#N/A,#N/A
14 August 2002,919.62,1.6765,#N/A,#N/A,#N/A,#N/A,#N/A,#N/A,#N/A
15 August 2002,930.25,1.6574,#N/A,#N/A,#N/A,#N/A,#N/A,#N/A,#N/A
16 August 2002,928.77,1.6609,#N/A,#N/A,#N/A,#N/A,#N/A,#N/A,#N/A
19 August 2002,950.72,1.6225,#N/A,#N/A,#N/A,#N/A,#N/A,#N/A,#N/A
20 August 2002,937.43,1.6454,#N/A,#N/A,#N/A,#N/A,#N/A,#N/A,#N/A
21 August 2002,949.36,1.623,#N/A,#N/A,#N/A,#N/A,#N/A,#N/A,#N/A
22 August 2002,962.7,1.6005,#N/A,#N/A,#N/A,#N/A,#N/A,#N/A,#N/A
23 August 2002,940.86,1.6377,#N/A,#N/A,#N/A,#N/A,#N/A,#N/A,#N/A
26 August 2002,947.95,1.6255,#N/A,#N/A,#N/A,#N/A,#N/A,#N/A,#N/A
27 August 2002,934.82,1.6483,#N/A,#N/A,#N/A,#N/A,#N/A,#N/A,#N/A
28 August 2002,917.87,1.6789,#N/A,#N/A,#N/A,#N/A,#N/A,#N/A,#N/A
29 August 2002,917.8,1.6791,#N/A,#N/A,#N/A,#N/A,#N/A,#N/A,#N/A
30 August 2002,916.07,1.6823,#N/A,#N/A,#N/A,#N/A,#N/A,#N/A,#N/A
03 September 2002,878.02,1.7496,#N/A,#N/A,#N/A,#N/A,#N/A,#N/A,#N/A
04 September 2002,893.41,1.7239,#N/A,#N/A,#N/A,#N/A,#N/A,#N/A,#N/A
05 September 2002,879.15,1.7521,#N/A,#N/A,#N/A,#N/A,#N/A,#N/A,#N/A
06 September 2002,893.92,1.7237,#N/A,#N/A,#N/A,#N/A,#N/A,#N/A,#N/A
09 September 2002,902.96,1.7065,#N/A,#N/A,#N/A,#N/A,#N/A,#N/A,#N/A
10 September 2002,909.58,1.6941,#N/A,#N/A,#N/A,#N/A,#N/A,#N/A,#N/A
11 September 2002,909.45,1.6953,#N/A,#N/A,#N/A,#N/A,#N/A,#N/A,#N/A
12 September 2002,886.91,1.7403,#N/A,#N/A,#N/A,#N/A,#N/A,#N/A,#N/A
13 September 2002,889.81,1.7347,#N/A,#N/A,#N/A,#N/A,#N/A,#N/A,#N/A
16 September 2002,891.1,1.7324,#N/A,#N/A,#N/A,#N/A,#N/A,#N/A,#N/A
17 September 2002,873.52,1.7673,#N/A,#N/A,#N/A,#N/A,#N/A,#N/A,#N/A
18 September 2002,869.46,1.7758,#N/A,#N/A,#N/A,#N/A,#N/A,#N/A,#N/A
19 September 2002,843.32,1.8309,#N/A,#N/A,#N/A,#N/A,#N/A,#N/A,#N/A
20 September 2002,845.39,1.8264,#N/A,#N/A,#N/A,#N/A,#N/A,#N/A,#N/A
23 September 2002,833.7,1.8519,#N/A,#N/A,#N/A,#N/A,#N/A,#N/A,#N/A
24 September 2002,819.29,1.8844,#N/A,#N/A,#N/A,#N/A,#N/A,#N/A,#N/A
25 September 2002,839.66,1.8414,#N/A,#N/A,#N/A,#N/A,#N/A,#N/A,#N/A
26 September 2002,854.95,1.8093,#N/A,#N/A,#N/A,#N/A,#N/A,#N/A,#N/A
27 September 2002,827.37,1.8699,#N/A,#N/A,#N/A,#N/A,#N/A,#N/A,#N/A
30 September 2002,815.28,1.8981,#N/A,#N/A,#N/A,#N/A,#N/A,#N/A,#N/A
01 October 2002,847.91,1.8252,#N/A,#N/A,#N/A,#N/A,#N/A,#N/A,#N/A
02 October 2002,827.91,1.8697,#N/A,#N/A,#N/A,#N/A,#N/A,#N/A,#N/A
03 October 2002,818.95,1.8892,#N/A,#N/A,#N/A,#N/A,#N/A,#N/A,#N/A
04 October 2002,800.58,1.9325,#N/A,#N/A,#N/A,#N/A,#N/A,#N/A,#N/A
07 October 2002,785.28,1.9696,#N/A,#N/A,#N/A,#N/A,#N/A,#N/A,#N/A
08 October 2002,798.55,1.9379,#N/A,#N/A,#N/A,#N/A,#N/A,#N/A,#N/A
09 October 2002,776.76,1.9926,#N/A,#N/A,#N/A,#N/A,#N/A,#N/A,#N/A
10 October 2002,803.92,1.926,#N/A,#N/A,#N/A,#N/A,#N/A,#N/A,#N/A
11 October 2002,835.32,1.8536,#N/A,#N/A,#N/A,#N/A,#N/A,#N/A,#N/A
14 October 2002,841.44,1.8404,#N/A,#N/A,#N/A,#N/A,#N/A,#N/A,#N/A
15 October 2002,881.27,1.7572,#N/A,#N/A,#N/A,#N/A,#N/A,#N/A,#N/A
16 October 2002,860.02,1.8012,#N/A,#N/A,#N/A,#N/A,#N/A,#N/A,#N/A
17 October 2002,879.2,1.7625,#N/A,#N/A,#N/A,#N/A,#N/A,#N/A,#N/A
18 October 2002,884.39,1.7522,#N/A,#N/A,#N/A,#N/A,#N/A,#N/A,#N/A
21 October 2002,899.72,1.7224,#N/A,#N/A,#N/A,#N/A,#N/A,#N/A,#N/A
22 October 2002,890.16,1.7407,#N/A,#N/A,#N/A,#N/A,#N/A,#N/A,#N/A
23 October 2002,896.14,1.7292,#N/A,#N/A,#N/A,#N/A,#N/A,#N/A,#N/A
24 October 2002,882.5,1.756,#N/A,#N/A,#N/A,#N/A,#N/A,#N/A,#N/A
25 October 2002,897.65,1.7263,#N/A,#N/A,#N/A,#N/A,#N/A,#N/A,#N/A
28 October 2002,890.23,1.7407,#N/A,#N/A,#N/A,#N/A,#N/A,#N/A,#N/A
29 October 2002,882.15,1.7576,#N/A,#N/A,#N/A,#N/A,#N/A,#N/A,#N/A
30 October 2002,890.71,1.7416,#N/A,#N/A,#N/A,#N/A,#N/A,#N/A,#N/A
31 October 2002,885.76,1.756,#N/A,#N/A,#N/A,#N/A,#N/A,#N/A,#N/A
01 November 2002,900.96,1.7258,#N/A,#N/A,#N/A,#N/A,#N/A,#N/A,#N/A
04 November 2002,908.35,1.7119,#N/A,#N/A,#N/A,#N/A,#N/A,#N/A,#N/A
05 November 2002,915.39,1.6998,#N/A,#N/A,#N/A,#N/A,#N/A,#N/A,#N/A
06 November 2002,923.76,1.686,#N/A,#N/A,#N/A,#N/A,#N/A,#N/A,#N/A
07 November 2002,902.65,1.7262,#N/A,#N/A,#N/A,#N/A,#N/A,#N/A,#N/A
08 November 2002,894.74,1.7416,#N/A,#N/A,#N/A,#N/A,#N/A,#N/A,#N/A
11 November 2002,876.19,1.7785,#N/A,#N/A,#N/A,#N/A,#N/A,#N/A,#N/A
12 November 2002,882.95,1.7649,#N/A,#N/A,#N/A,#N/A,#N/A,#N/A,#N/A
13 November 2002,882.53,1.7674,#N/A,#N/A,#N/A,#N/A,#N/A,#N/A,#N/A
14 November 2002,904.27,1.7252,#N/A,#N/A,#N/A,#N/A,#N/A,#N/A,#N/A
15 November 2002,909.83,1.7153,#N/A,#N/A,#N/A,#N/A,#N/A,#N/A,#N/A
18 November 2002,900.36,1.7334,#N/A,#N/A,#N/A,#N/A,#N/A,#N/A,#N/A
19 November 2002,896.74,1.7395,#N/A,#N/A,#N/A,#N/A,#N/A,#N/A,#N/A
20 November 2002,914.15,1.7067,#N/A,#N/A,#N/A,#N/A,#N/A,#N/A,#N/A
21 November 2002,933.76,1.6739,#N/A,#N/A,#N/A,#N/A,#N/A,#N/A,#N/A
22 November 2002,930.55,1.6798,#N/A,#N/A,#N/A,#N/A,#N/A,#N/A,#N/A
25 November 2002,932.88,1.6756,#N/A,#N/A,#N/A,#N/A,#N/A,#N/A,#N/A
26 November 2002,913.31,1.7133,#N/A,#N/A,#N/A,#N/A,#N/A,#N/A,#N/A
27 November 2002,938.87,1.6673,#N/A,#N/A,#N/A,#N/A,#N/A,#N/A,#N/A
29 November 2002,936.31,1.6719,#N/A,#N/A,#N/A,#N/A,#N/A,#N/A,#N/A
02 December 2002,934.53,1.6751,#N/A,#N/A,#N/A,#N/A,#N/A,#N/A,#N/A
03 December 2002,920.75,1.7005,#N/A,#N/A,#N/A,#N/A,#N/A,#N/A,#N/A
04 December 2002,917.57,1.7062,#N/A,#N/A,#N/A,#N/A,#N/A,#N/A,#N/A
05 December 2002,906.55,1.7263,#N/A,#N/A,#N/A,#N/A,#N/A,#N/A,#N/A
06 December 2002,912.23,1.716,#N/A,#N/A,#N/A,#N/A,#N/A,#N/A,#N/A
09 December 2002,892,1.7551,#N/A,#N/A,#N/A,#N/A,#N/A,#N/A,#N/A
10 December 2002,904.45,1.7312,#N/A,#N/A,#N/A,#N/A,#N/A,#N/A,#N/A
11 December 2002,904.96,1.7295,#N/A,#N/A,#N/A,#N/A,#N/A,#N/A,#N/A
12 December 2002,901.59,1.7353,#N/A,#N/A,#N/A,#N/A,#N/A,#N/A,#N/A
13 December 2002,889.48,1.7589,#N/A,#N/A,#N/A,#N/A,#N/A,#N/A,#N/A
16 December 2002,910.4,1.7195,#N/A,#N/A,#N/A,#N/A,#N/A,#N/A,#N/A
17 December 2002,902.99,1.7334,#N/A,#N/A,#N/A,#N/A,#N/A,#N/A,#N/A
18 December 2002,891.12,1.757,#N/A,#N/A,#N/A,#N/A,#N/A,#N/A,#N/A
19 December 2002,884.25,1.7723,#N/A,#N/A,#N/A,#N/A,#N/A,#N/A,#N/A
20 December 2002,895.75,1.7495,#N/A,#N/A,#N/A,#N/A,#N/A,#N/A,#N/A
23 December 2002,897.38,1.7479,#N/A,#N/A,#N/A,#N/A,#N/A,#N/A,#N/A
24 December 2002,892.47,1.7576,#N/A,#N/A,#N/A,#N/A,#N/A,#N/A,#N/A
26 December 2002,889.66,1.7632,#N/A,#N/A,#N/A,#N/A,#N/A,#N/A,#N/A
27 December 2002,875.4,1.7954,#N/A,#N/A,#N/A,#N/A,#N/A,#N/A,#N/A
30 December 2002,879.39,1.7875,#N/A,#N/A,#N/A,#N/A,#N/A,#N/A,#N/A
31 December 2002,879.82,1.7859,#N/A,#N/A,#N/A,#N/A,#N/A,#N/A,#N/A
02 January 2003,909.03,1.7285,#N/A,#N/A,#N/A,#N/A,#N/A,#N/A,#N/A
03 January 2003,908.59,1.7294,#N/A,#N/A,#N/A,#N/A,#N/A,#N/A,#N/A
06 January 2003,929.01,1.6913,#N/A,#N/A,#N/A,#N/A,#N/A,#N/A,#N/A
07 January 2003,922.93,1.7027,#N/A,#N/A,#N/A,#N/A,#N/A,#N/A,#N/A
08 January 2003,909.93,1.7276,#N/A,#N/A,#N/A,#N/A,#N/A,#N/A,#N/A
09 January 2003,927.58,1.6948,#N/A,#N/A,#N/A,#N/A,#N/A,#N/A,#N/A
10 January 2003,927.57,1.6948,#N/A,#N/A,#N/A,#N/A,#N/A,#N/A,#N/A
13 January 2003,926.26,1.6977,#N/A,#N/A,#N/A,#N/A,#N/A,#N/A,#N/A
14 January 2003,931.66,1.6879,#N/A,#N/A,#N/A,#N/A,#N/A,#N/A,#N/A
15 January 2003,918.22,1.7143,#N/A,#N/A,#N/A,#N/A,#N/A,#N/A,#N/A
16 January 2003,914.6,1.7213,#N/A,#N/A,#N/A,#N/A,#N/A,#N/A,#N/A
17 January 2003,901.78,1.7458,#N/A,#N/A,#N/A,#N/A,#N/A,#N/A,#N/A
21 January 2003,887.62,1.7735,#N/A,#N/A,#N/A,#N/A,#N/A,#N/A,#N/A
22 January 2003,878.36,1.7928,#N/A,#N/A,#N/A,#N/A,#N/A,#N/A,#N/A
23 January 2003,887.34,1.7747,#N/A,#N/A,#N/A,#N/A,#N/A,#N/A,#N/A
24 January 2003,861.4,1.8275,#N/A,#N/A,#N/A,#N/A,#N/A,#N/A,#N/A
27 January 2003,847.48,1.8576,#N/A,#N/A,#N/A,#N/A,#N/A,#N/A,#N/A
28 January 2003,858.54,1.8337,#N/A,#N/A,#N/A,#N/A,#N/A,#N/A,#N/A
29 January 2003,864.36,1.8229,#N/A,#N/A,#N/A,#N/A,#N/A,#N/A,#N/A
30 January 2003,844.61,1.8682,#N/A,#N/A,#N/A,#N/A,#N/A,#N/A,#N/A
31 January 2003,855.7,1.844,#N/A,#N/A,#N/A,#N/A,#N/A,#N/A,#N/A
03 February 2003,860.32,1.8335,#N/A,#N/A,#N/A,#N/A,#N/A,#N/A,#N/A
04 February 2003,848.2,1.8596,#N/A,#N/A,#N/A,#N/A,#N/A,#N/A,#N/A
05 February 2003,843.59,1.871,#N/A,#N/A,#N/A,#N/A,#N/A,#N/A,#N/A
06 February 2003,838.15,1.8836,#N/A,#N/A,#N/A,#N/A,#N/A,#N/A,#N/A
07 February 2003,829.69,1.9029,#N/A,#N/A,#N/A,#N/A,#N/A,#N/A,#N/A
10 February 2003,835.97,1.888,#N/A,#N/A,#N/A,#N/A,#N/A,#N/A,#N/A
11 February 2003,829.2,1.9034,#N/A,#N/A,#N/A,#N/A,#N/A,#N/A,#N/A
12 February 2003,818.68,1.9296,#N/A,#N/A,#N/A,#N/A,#N/A,#N/A,#N/A
13 February 2003,817.37,1.9338,#N/A,#N/A,#N/A,#N/A,#N/A,#N/A,#N/A
14 February 2003,834.89,1.8932,#N/A,#N/A,#N/A,#N/A,#N/A,#N/A,#N/A
18 February 2003,851.17,1.8604,#N/A,#N/A,#N/A,#N/A,#N/A,#N/A,#N/A
19 February 2003,845.13,1.8852,#N/A,#N/A,#N/A,#N/A,#N/A,#N/A,#N/A
20 February 2003,837.1,1.9034,#N/A,#N/A,#N/A,#N/A,#N/A,#N/A,#N/A
21 February 2003,848.17,1.8786,#N/A,#N/A,#N/A,#N/A,#N/A,#N/A,#N/A
24 February 2003,832.58,1.9133,#N/A,#N/A,#N/A,#N/A,#N/A,#N/A,#N/A
25 February 2003,838.57,1.8996,#N/A,#N/A,#N/A,#N/A,#N/A,#N/A,#N/A
26 February 2003,827.55,1.927,#N/A,#N/A,#N/A,#N/A,#N/A,#N/A,#N/A
27 February 2003,837.28,1.9046,#N/A,#N/A,#N/A,#N/A,#N/A,#N/A,#N/A
28 February 2003,841.15,1.8959,#N/A,#N/A,#N/A,#N/A,#N/A,#N/A,#N/A
03 March 2003,834.81,1.9108,#N/A,#N/A,#N/A,#N/A,#N/A,#N/A,#N/A
04 March 2003,821.99,1.9406,#N/A,#N/A,#N/A,#N/A,#N/A,#N/A,#N/A
05 March 2003,829.85,1.9206,#N/A,#N/A,#N/A,#N/A,#N/A,#N/A,#N/A
06 March 2003,822.1,1.94,#N/A,#N/A,#N/A,#N/A,#N/A,#N/A,#N/A
07 March 2003,828.89,1.9242,#N/A,#N/A,#N/A,#N/A,#N/A,#N/A,#N/A
10 March 2003,807.48,1.9742,#N/A,#N/A,#N/A,#N/A,#N/A,#N/A,#N/A
11 March 2003,800.73,1.9912,#N/A,#N/A,#N/A,#N/A,#N/A,#N/A,#N/A
12 March 2003,804.19,1.9848,#N/A,#N/A,#N/A,#N/A,#N/A,#N/A,#N/A
13 March 2003,831.9,1.9192,#N/A,#N/A,#N/A,#N/A,#N/A,#N/A,#N/A
14 March 2003,833.27,1.9193,#N/A,#N/A,#N/A,#N/A,#N/A,#N/A,#N/A
17 March 2003,862.79,1.8537,#N/A,#N/A,#N/A,#N/A,#N/A,#N/A,#N/A
18 March 2003,866.45,1.8459,#N/A,#N/A,#N/A,#N/A,#N/A,#N/A,#N/A
19 March 2003,874.02,1.8308,#N/A,#N/A,#N/A,#N/A,#N/A,#N/A,#N/A
20 March 2003,875.67,1.8267,#N/A,#N/A,#N/A,#N/A,#N/A,#N/A,#N/A
21 March 2003,895.79,1.7856,#N/A,#N/A,#N/A,#N/A,#N/A,#N/A,#N/A
24 March 2003,864.23,1.8514,#N/A,#N/A,#N/A,#N/A,#N/A,#N/A,#N/A
25 March 2003,874.74,1.8292,#N/A,#N/A,#N/A,#N/A,#N/A,#N/A,#N/A
26 March 2003,869.95,1.8393,#N/A,#N/A,#N/A,#N/A,#N/A,#N/A,#N/A
27 March 2003,868.52,1.843,#N/A,#N/A,#N/A,#N/A,#N/A,#N/A,#N/A
28 March 2003,863.5,1.8591,#N/A,#N/A,#N/A,#N/A,#N/A,#N/A,#N/A
31 March 2003,848.18,1.8833,#N/A,#N/A,#N/A,#N/A,#N/A,#N/A,#N/A
01 April 2003,858.48,1.8603,#N/A,#N/A,#N/A,#N/A,#N/A,#N/A,#N/A
02 April 2003,880.9,1.8132,#N/A,#N/A,#N/A,#N/A,#N/A,#N/A,#N/A
03 April 2003,876.45,1.8224,#N/A,#N/A,#N/A,#N/A,#N/A,#N/A,#N/A
04 April 2003,878.85,1.8174,#N/A,#N/A,#N/A,#N/A,#N/A,#N/A,#N/A
07 April 2003,879.93,1.8153,#N/A,#N/A,#N/A,#N/A,#N/A,#N/A,#N/A
08 April 2003,878.29,1.8218,#N/A,#N/A,#N/A,#N/A,#N/A,#N/A,#N/A
09 April 2003,865.99,1.848,#N/A,#N/A,#N/A,#N/A,#N/A,#N/A,#N/A
10 April 2003,871.58,1.8361,#N/A,#N/A,#N/A,#N/A,#N/A,#N/A,#N/A
11 April 2003,868.3,1.8435,#N/A,#N/A,#N/A,#N/A,#N/A,#N/A,#N/A
14 April 2003,885.23,1.8082,#N/A,#N/A,#N/A,#N/A,#N/A,#N/A,#N/A
15 April 2003,890.81,1.7974,#N/A,#N/A,#N/A,#N/A,#N/A,#N/A,#N/A
16 April 2003,879.91,1.8228,#N/A,#N/A,#N/A,#N/A,#N/A,#N/A,#N/A
17 April 2003,893.58,1.7947,#N/A,#N/A,#N/A,#N/A,#N/A,#N/A,#N/A
21 April 2003,892.01,1.7978,#N/A,#N/A,#N/A,#N/A,#N/A,#N/A,#N/A
22 April 2003,911.37,1.7596,#N/A,#N/A,#N/A,#N/A,#N/A,#N/A,#N/A
23 April 2003,919.02,1.7455,#N/A,#N/A,#N/A,#N/A,#N/A,#N/A,#N/A
24 April 2003,911.43,1.76,#N/A,#N/A,#N/A,#N/A,#N/A,#N/A,#N/A
25 April 2003,898.81,1.7847,#N/A,#N/A,#N/A,#N/A,#N/A,#N/A,#N/A
28 April 2003,914.84,1.7576,#N/A,#N/A,#N/A,#N/A,#N/A,#N/A,#N/A
29 April 2003,917.84,1.7513,#N/A,#N/A,#N/A,#N/A,#N/A,#N/A,#N/A
30 April 2003,916.92,1.7532,#N/A,#N/A,#N/A,#N/A,#N/A,#N/A,#N/A
01 May 2003,916.3,1.7548,#N/A,#N/A,#N/A,#N/A,#N/A,#N/A,#N/A
02 May 2003,930.08,1.7296,#N/A,#N/A,#N/A,#N/A,#N/A,#N/A,#N/A
05 May 2003,926.55,1.7364,#N/A,#N/A,#N/A,#N/A,#N/A,#N/A,#N/A
06 May 2003,934.39,1.7219,#N/A,#N/A,#N/A,#N/A,#N/A,#N/A,#N/A
07 May 2003,929.62,1.7304,#N/A,#N/A,#N/A,#N/A,#N/A,#N/A,#N/A
08 May 2003,920.27,1.7482,#N/A,#N/A,#N/A,#N/A,#N/A,#N/A,#N/A
09 May 2003,933.41,1.7252,#N/A,#N/A,#N/A,#N/A,#N/A,#N/A,#N/A
12 May 2003,945.11,1.7039,#N/A,#N/A,#N/A,#N/A,#N/A,#N/A,#N/A
13 May 2003,942.3,1.709,#N/A,#N/A,#N/A,#N/A,#N/A,#N/A,#N/A
14 May 2003,939.28,1.7167,#N/A,#N/A,#N/A,#N/A,#N/A,#N/A,#N/A
15 May 2003,946.67,1.7026,#N/A,#N/A,#N/A,#N/A,#N/A,#N/A,#N/A
16 May 2003,944.3,1.7081,#N/A,#N/A,#N/A,#N/A,#N/A,#N/A,#N/A
19 May 2003,920.77,1.7515,#N/A,#N/A,#N/A,#N/A,#N/A,#N/A,#N/A
20 May 2003,919.73,1.7533,#N/A,#N/A,#N/A,#N/A,#N/A,#N/A,#N/A
21 May 2003,923.42,1.7469,#N/A,#N/A,#N/A,#N/A,#N/A,#N/A,#N/A
22 May 2003,931.87,1.7308,#N/A,#N/A,#N/A,#N/A,#N/A,#N/A,#N/A
23 May 2003,933.22,1.7283,#N/A,#N/A,#N/A,#N/A,#N/A,#N/A,#N/A
27 May 2003,951.48,1.6951,#N/A,#N/A,#N/A,#N/A,#N/A,#N/A,#N/A
28 May 2003,953.22,1.6936,#N/A,#N/A,#N/A,#N/A,#N/A,#N/A,#N/A
29 May 2003,949.64,1.7001,#N/A,#N/A,#N/A,#N/A,#N/A,#N/A,#N/A
30 May 2003,963.59,1.6755,#N/A,#N/A,#N/A,#N/A,#N/A,#N/A,#N/A
02 June 2003,967,1.668,#N/A,#N/A,#N/A,#N/A,#N/A,#N/A,#N/A
03 June 2003,971.56,1.6602,#N/A,#N/A,#N/A,#N/A,#N/A,#N/A,#N/A
04 June 2003,986.24,1.6344,#N/A,#N/A,#N/A,#N/A,#N/A,#N/A,#N/A
05 June 2003,990.14,1.6289,#N/A,#N/A,#N/A,#N/A,#N/A,#N/A,#N/A
06 June 2003,987.76,1.633,#N/A,#N/A,#N/A,#N/A,#N/A,#N/A,#N/A
09 June 2003,975.93,1.653,#N/A,#N/A,#N/A,#N/A,#N/A,#N/A,#N/A
10 June 2003,984.84,1.6383,#N/A,#N/A,#N/A,#N/A,#N/A,#N/A,#N/A
11 June 2003,997.48,1.619,#N/A,#N/A,#N/A,#N/A,#N/A,#N/A,#N/A
12 June 2003,998.51,1.6182,#N/A,#N/A,#N/A,#N/A,#N/A,#N/A,#N/A
13 June 2003,988.61,1.6345,#N/A,#N/A,#N/A,#N/A,#N/A,#N/A,#N/A
16 June 2003,1010.74,1.5987,#N/A,#N/A,#N/A,#N/A,#N/A,#N/A,#N/A
17 June 2003,1011.66,1.5972,#N/A,#N/A,#N/A,#N/A,#N/A,#N/A,#N/A
18 June 2003,1010.09,1.6005,#N/A,#N/A,#N/A,#N/A,#N/A,#N/A,#N/A
19 June 2003,994.7,1.6252,#N/A,#N/A,#N/A,#N/A,#N/A,#N/A,#N/A
20 June 2003,995.69,1.6231,#N/A,#N/A,#N/A,#N/A,#N/A,#N/A,#N/A
23 June 2003,981.64,1.6473,#N/A,#N/A,#N/A,#N/A,#N/A,#N/A,#N/A
24 June 2003,983.45,1.6443,#N/A,#N/A,#N/A,#N/A,#N/A,#N/A,#N/A
25 June 2003,975.32,1.658,#N/A,#N/A,#N/A,#N/A,#N/A,#N/A,#N/A
26 June 2003,985.82,1.6422,#N/A,#N/A,#N/A,#N/A,#N/A,#N/A,#N/A
27 June 2003,976.22,1.6585,#N/A,#N/A,#N/A,#N/A,#N/A,#N/A,#N/A
30 June 2003,974.5,1.6614,#N/A,#N/A,#N/A,#N/A,#N/A,#N/A,#N/A
01 July 2003,982.32,1.6475,#N/A,#N/A,#N/A,#N/A,#N/A,#N/A,#N/A
02 July 2003,993.75,1.6284,#N/A,#N/A,#N/A,#N/A,#N/A,#N/A,#N/A
03 July 2003,985.7,1.6417,#N/A,#N/A,#N/A,#N/A,#N/A,#N/A,#N/A
07 July 2003,1004.42,1.6108,#N/A,#N/A,#N/A,#N/A,#N/A,#N/A,#N/A
08 July 2003,1007.84,1.6101,#N/A,#N/A,#N/A,#N/A,#N/A,#N/A,#N/A
09 July 2003,1002.21,1.6196,#N/A,#N/A,#N/A,#N/A,#N/A,#N/A,#N/A
10 July 2003,988.7,1.642,#N/A,#N/A,#N/A,#N/A,#N/A,#N/A,#N/A
11 July 2003,998.14,1.6268,#N/A,#N/A,#N/A,#N/A,#N/A,#N/A,#N/A
14 July 2003,1003.86,1.6175,#N/A,#N/A,#N/A,#N/A,#N/A,#N/A,#N/A
15 July 2003,1000.42,1.6232,#N/A,#N/A,#N/A,#N/A,#N/A,#N/A,#N/A
16 July 2003,994,1.6342,#N/A,#N/A,#N/A,#N/A,#N/A,#N/A,#N/A
17 July 2003,981.73,1.6566,#N/A,#N/A,#N/A,#N/A,#N/A,#N/A,#N/A
18 July 2003,993.32,1.6373,#N/A,#N/A,#N/A,#N/A,#N/A,#N/A,#N/A
21 July 2003,978.8,1.6614,#N/A,#N/A,#N/A,#N/A,#N/A,#N/A,#N/A
22 July 2003,988.11,1.6457,#N/A,#N/A,#N/A,#N/A,#N/A,#N/A,#N/A
23 July 2003,988.61,1.6453,#N/A,#N/A,#N/A,#N/A,#N/A,#N/A,#N/A
24 July 2003,981.6,1.6568,#N/A,#N/A,#N/A,#N/A,#N/A,#N/A,#N/A
25 July 2003,998.68,1.6291,#N/A,#N/A,#N/A,#N/A,#N/A,#N/A,#N/A
28 July 2003,996.52,1.6326,#N/A,#N/A,#N/A,#N/A,#N/A,#N/A,#N/A
29 July 2003,989.28,1.6509,#N/A,#N/A,#N/A,#N/A,#N/A,#N/A,#N/A
30 July 2003,987.49,1.6538,#N/A,#N/A,#N/A,#N/A,#N/A,#N/A,#N/A
31 July 2003,990.31,1.6587,#N/A,#N/A,#N/A,#N/A,#N/A,#N/A,#N/A
01 August 2003,980.15,1.676,#N/A,#N/A,#N/A,#N/A,#N/A,#N/A,#N/A
04 August 2003,982.82,1.6716,#N/A,#N/A,#N/A,#N/A,#N/A,#N/A,#N/A
05 August 2003,965.46,1.7019,#N/A,#N/A,#N/A,#N/A,#N/A,#N/A,#N/A
06 August 2003,967.08,1.7013,#N/A,#N/A,#N/A,#N/A,#N/A,#N/A,#N/A
07 August 2003,974.12,1.6894,#N/A,#N/A,#N/A,#N/A,#N/A,#N/A,#N/A
08 August 2003,977.59,1.6837,#N/A,#N/A,#N/A,#N/A,#N/A,#N/A,#N/A
11 August 2003,980.59,1.6805,#N/A,#N/A,#N/A,#N/A,#N/A,#N/A,#N/A
12 August 2003,990.35,1.6641,#N/A,#N/A,#N/A,#N/A,#N/A,#N/A,#N/A
13 August 2003,984.03,1.678,#N/A,#N/A,#N/A,#N/A,#N/A,#N/A,#N/A
14 August 2003,990.51,1.6671,#N/A,#N/A,#N/A,#N/A,#N/A,#N/A,#N/A
15 August 2003,990.67,1.6685,#N/A,#N/A,#N/A,#N/A,#N/A,#N/A,#N/A
18 August 2003,999.74,1.6536,#N/A,#N/A,#N/A,#N/A,#N/A,#N/A,#N/A
19 August 2003,1002.35,1.6493,#N/A,#N/A,#N/A,#N/A,#N/A,#N/A,#N/A
20 August 2003,1000.3,1.6535,#N/A,#N/A,#N/A,#N/A,#N/A,#N/A,#N/A
21 August 2003,1003.28,1.6495,#N/A,#N/A,#N/A,#N/A,#N/A,#N/A,#N/A
22 August 2003,993.06,1.6665,#N/A,#N/A,#N/A,#N/A,#N/A,#N/A,#N/A
25 August 2003,993.71,1.6654,#N/A,#N/A,#N/A,#N/A,#N/A,#N/A,#N/A
26 August 2003,996.73,1.6604,#N/A,#N/A,#N/A,#N/A,#N/A,#N/A,#N/A
27 August 2003,996.79,1.6634,#N/A,#N/A,#N/A,#N/A,#N/A,#N/A,#N/A
28 August 2003,1002.84,1.6535,#N/A,#N/A,#N/A,#N/A,#N/A,#N/A,#N/A
29 August 2003,1008.01,1.6451,#N/A,#N/A,#N/A,#N/A,#N/A,#N/A,#N/A
02 September 2003,1021.99,1.6224,#N/A,#N/A,#N/A,#N/A,#N/A,#N/A,#N/A
03 September 2003,1026.27,1.6173,#N/A,#N/A,#N/A,#N/A,#N/A,#N/A,#N/A
04 September 2003,1027.97,1.6155,#N/A,#N/A,#N/A,#N/A,#N/A,#N/A,#N/A
05 September 2003,1021.39,1.626,#N/A,#N/A,#N/A,#N/A,#N/A,#N/A,#N/A
08 September 2003,1031.64,1.6103,#N/A,#N/A,#N/A,#N/A,#N/A,#N/A,#N/A
09 September 2003,1023.17,1.6236,#N/A,#N/A,#N/A,#N/A,#N/A,#N/A,#N/A
10 September 2003,1010.92,1.644,#N/A,#N/A,#N/A,#N/A,#N/A,#N/A,#N/A
11 September 2003,1016.42,1.6377,#N/A,#N/A,#N/A,#N/A,#N/A,#N/A,#N/A
12 September 2003,1018.63,1.6343,#N/A,#N/A,#N/A,#N/A,#N/A,#N/A,#N/A
15 September 2003,1014.81,1.6408,#N/A,#N/A,#N/A,#N/A,#N/A,#N/A,#N/A
16 September 2003,1029.32,1.6177,#N/A,#N/A,#N/A,#N/A,#N/A,#N/A,#N/A
17 September 2003,1025.97,1.623,#N/A,#N/A,#N/A,#N/A,#N/A,#N/A,#N/A
18 September 2003,1039.58,1.6018,#N/A,#N/A,#N/A,#N/A,#N/A,#N/A,#N/A
19 September 2003,1036.3,1.6064,#N/A,#N/A,#N/A,#N/A,#N/A,#N/A,#N/A
22 September 2003,1022.82,1.6266,#N/A,#N/A,#N/A,#N/A,#N/A,#N/A,#N/A
23 September 2003,1029.03,1.6169,#N/A,#N/A,#N/A,#N/A,#N/A,#N/A,#N/A
24 September 2003,1009.38,1.6478,#N/A,#N/A,#N/A,#N/A,#N/A,#N/A,#N/A
25 September 2003,1003.27,1.6589,#N/A,#N/A,#N/A,#N/A,#N/A,#N/A,#N/A
26 September 2003,996.85,1.671,#N/A,#N/A,#N/A,#N/A,#N/A,#N/A,#N/A
29 September 2003,1006.58,1.655,#N/A,#N/A,#N/A,#N/A,#N/A,#N/A,#N/A
30 September 2003,995.97,1.6727,#N/A,#N/A,#N/A,#N/A,#N/A,#N/A,#N/A
01 October 2003,1018.22,1.6358,#N/A,#N/A,#N/A,#N/A,#N/A,#N/A,#N/A
02 October 2003,1020.24,1.6333,#N/A,#N/A,#N/A,#N/A,#N/A,#N/A,#N/A
03 October 2003,1029.85,1.6181,#N/A,#N/A,#N/A,#N/A,#N/A,#N/A,#N/A
06 October 2003,1034.35,1.611,#N/A,#N/A,#N/A,#N/A,#N/A,#N/A,#N/A
07 October 2003,1039.25,1.604,#N/A,#N/A,#N/A,#N/A,#N/A,#N/A,#N/A
08 October 2003,1033.78,1.6165,#N/A,#N/A,#N/A,#N/A,#N/A,#N/A,#N/A
09 October 2003,1038.73,1.6088,#N/A,#N/A,#N/A,#N/A,#N/A,#N/A,#N/A
10 October 2003,1038.06,1.6105,#N/A,#N/A,#N/A,#N/A,#N/A,#N/A,#N/A
13 October 2003,1045.35,1.5992,#N/A,#N/A,#N/A,#N/A,#N/A,#N/A,#N/A
14 October 2003,1049.48,1.5929,#N/A,#N/A,#N/A,#N/A,#N/A,#N/A,#N/A
15 October 2003,1046.76,1.6063,#N/A,#N/A,#N/A,#N/A,#N/A,#N/A,#N/A
16 October 2003,1050.07,1.6013,#N/A,#N/A,#N/A,#N/A,#N/A,#N/A,#N/A
17 October 2003,1039.32,1.6179,#N/A,#N/A,#N/A,#N/A,#N/A,#N/A,#N/A
20 October 2003,1044.68,1.6096,#N/A,#N/A,#N/A,#N/A,#N/A,#N/A,#N/A
21 October 2003,1046.03,1.6076,#N/A,#N/A,#N/A,#N/A,#N/A,#N/A,#N/A
22 October 2003,1030.36,1.633,#N/A,#N/A,#N/A,#N/A,#N/A,#N/A,#N/A
23 October 2003,1033.77,1.6281,#N/A,#N/A,#N/A,#N/A,#N/A,#N/A,#N/A
24 October 2003,1028.91,1.6358,#N/A,#N/A,#N/A,#N/A,#N/A,#N/A,#N/A
27 October 2003,1031.13,1.6322,#N/A,#N/A,#N/A,#N/A,#N/A,#N/A,#N/A
28 October 2003,1046.79,1.6079,#N/A,#N/A,#N/A,#N/A,#N/A,#N/A,#N/A
29 October 2003,1048.11,1.6091,#N/A,#N/A,#N/A,#N/A,#N/A,#N/A,#N/A
30 October 2003,1046.94,1.6182,#N/A,#N/A,#N/A,#N/A,#N/A,#N/A,#N/A
31 October 2003,1050.71,1.6124,#N/A,#N/A,#N/A,#N/A,#N/A,#N/A,#N/A
03 November 2003,1059.02,1.6004,#N/A,#N/A,#N/A,#N/A,#N/A,#N/A,#N/A
04 November 2003,1053.25,1.6089,#N/A,#N/A,#N/A,#N/A,#N/A,#N/A,#N/A
05 November 2003,1051.81,1.6134,#N/A,#N/A,#N/A,#N/A,#N/A,#N/A,#N/A
06 November 2003,1058.05,1.603,#N/A,#N/A,#N/A,#N/A,#N/A,#N/A,#N/A
07 November 2003,1053.21,1.6124,#N/A,#N/A,#N/A,#N/A,#N/A,#N/A,#N/A
10 November 2003,1047.11,1.6219,#N/A,#N/A,#N/A,#N/A,#N/A,#N/A,#N/A
11 November 2003,1046.57,1.6228,#N/A,#N/A,#N/A,#N/A,#N/A,#N/A,#N/A
12 November 2003,1058.56,1.6095,#N/A,#N/A,#N/A,#N/A,#N/A,#N/A,#N/A
13 November 2003,1058.41,1.6088,#N/A,#N/A,#N/A,#N/A,#N/A,#N/A,#N/A
14 November 2003,1050.35,1.6236,#N/A,#N/A,#N/A,#N/A,#N/A,#N/A,#N/A
17 November 2003,1043.63,1.6341,#N/A,#N/A,#N/A,#N/A,#N/A,#N/A,#N/A
18 November 2003,1034.15,1.649,#N/A,#N/A,#N/A,#N/A,#N/A,#N/A,#N/A
19 November 2003,1042.44,1.6364,#N/A,#N/A,#N/A,#N/A,#N/A,#N/A,#N/A
20 November 2003,1033.65,1.6508,#N/A,#N/A,#N/A,#N/A,#N/A,#N/A,#N/A
21 November 2003,1035.28,1.6489,#N/A,#N/A,#N/A,#N/A,#N/A,#N/A,#N/A
24 November 2003,1052.08,1.6227,#N/A,#N/A,#N/A,#N/A,#N/A,#N/A,#N/A
25 November 2003,1053.89,1.6222,#N/A,#N/A,#N/A,#N/A,#N/A,#N/A,#N/A
26 November 2003,1058.45,1.6168,#N/A,#N/A,#N/A,#N/A,#N/A,#N/A,#N/A
28 November 2003,1058.2,1.6172,#N/A,#N/A,#N/A,#N/A,#N/A,#N/A,#N/A
01 December 2003,1070.12,1.5984,#N/A,#N/A,#N/A,#N/A,#N/A,#N/A,#N/A
02 December 2003,1066.62,1.6039,#N/A,#N/A,#N/A,#N/A,#N/A,#N/A,#N/A
03 December 2003,1064.73,1.6097,#N/A,#N/A,#N/A,#N/A,#N/A,#N/A,#N/A
04 December 2003,1069.72,1.6049,#N/A,#N/A,#N/A,#N/A,#N/A,#N/A,#N/A
05 December 2003,1061.5,1.6174,#N/A,#N/A,#N/A,#N/A,#N/A,#N/A,#N/A
08 December 2003,1069.3,1.6061,#N/A,#N/A,#N/A,#N/A,#N/A,#N/A,#N/A
09 December 2003,1060.18,1.62,#N/A,#N/A,#N/A,#N/A,#N/A,#N/A,#N/A
10 December 2003,1059.05,1.6231,#N/A,#N/A,#N/A,#N/A,#N/A,#N/A,#N/A
11 December 2003,1071.21,1.6067,#N/A,#N/A,#N/A,#N/A,#N/A,#N/A,#N/A
12 December 2003,1074.14,1.6027,#N/A,#N/A,#N/A,#N/A,#N/A,#N/A,#N/A
15 December 2003,1068.04,1.6118,#N/A,#N/A,#N/A,#N/A,#N/A,#N/A,#N/A
16 December 2003,1075.13,1.6004,#N/A,#N/A,#N/A,#N/A,#N/A,#N/A,#N/A
17 December 2003,1076.48,1.6007,#N/A,#N/A,#N/A,#N/A,#N/A,#N/A,#N/A
18 December 2003,1089.18,1.5829,#N/A,#N/A,#N/A,#N/A,#N/A,#N/A,#N/A
19 December 2003,1088.67,1.5832,#N/A,#N/A,#N/A,#N/A,#N/A,#N/A,#N/A
22 December 2003,1092.94,1.5764,#N/A,#N/A,#N/A,#N/A,#N/A,#N/A,#N/A
23 December 2003,1096.02,1.5719,#N/A,#N/A,#N/A,#N/A,#N/A,#N/A,#N/A
24 December 2003,1094.04,1.5748,#N/A,#N/A,#N/A,#N/A,#N/A,#N/A,#N/A
26 December 2003,1095.89,1.5721,#N/A,#N/A,#N/A,#N/A,#N/A,#N/A,#N/A
29 December 2003,1109.48,1.5561,#N/A,#N/A,#N/A,#N/A,#N/A,#N/A,#N/A
30 December 2003,1109.64,1.5565,#N/A,#N/A,#N/A,#N/A,#N/A,#N/A,#N/A
31 December 2003,1111.92,1.5534,#N/A,#N/A,#N/A,#N/A,#N/A,#N/A,#N/A
02 January 2004,1108.48,1.559,#N/A,#N/A,#N/A,#N/A,#N/A,#N/A,#N/A
05 January 2004,1122.22,1.5402,#N/A,#N/A,#N/A,#N/A,#N/A,#N/A,#N/A
06 January 2004,1123.67,1.5384,#N/A,#N/A,#N/A,#N/A,#N/A,#N/A,#N/A
07 January 2004,1126.33,1.5365,#N/A,#N/A,#N/A,#N/A,#N/A,#N/A,#N/A
08 January 2004,1131.92,1.529,#N/A,#N/A,#N/A,#N/A,#N/A,#N/A,#N/A
09 January 2004,1121.86,1.5427,#N/A,#N/A,#N/A,#N/A,#N/A,#N/A,#N/A
12 January 2004,1127.23,1.5354,#N/A,#N/A,#N/A,#N/A,#N/A,#N/A,#N/A
13 January 2004,1121.22,1.5442,#N/A,#N/A,#N/A,#N/A,#N/A,#N/A,#N/A
14 January 2004,1130.52,1.5318,#N/A,#N/A,#N/A,#N/A,#N/A,#N/A,#N/A
15 January 2004,1132.05,1.5298,#N/A,#N/A,#N/A,#N/A,#N/A,#N/A,#N/A
16 January 2004,1139.83,1.5193,#N/A,#N/A,#N/A,#N/A,#N/A,#N/A,#N/A
20 January 2004,1138.77,1.5208,#N/A,#N/A,#N/A,#N/A,#N/A,#N/A,#N/A
21 January 2004,1147.62,1.5097,#N/A,#N/A,#N/A,#N/A,#N/A,#N/A,#N/A
22 January 2004,1143.94,1.5147,#N/A,#N/A,#N/A,#N/A,#N/A,#N/A,#N/A
23 January 2004,1141.55,1.5184,#N/A,#N/A,#N/A,#N/A,#N/A,#N/A,#N/A
26 January 2004,1155.37,1.5003,#N/A,#N/A,#N/A,#N/A,#N/A,#N/A,#N/A
27 January 2004,1144.05,1.5152,#N/A,#N/A,#N/A,#N/A,#N/A,#N/A,#N/A
28 January 2004,1128.48,1.5391,#N/A,#N/A,#N/A,#N/A,#N/A,#N/A,#N/A
29 January 2004,1134.12,1.5414,#N/A,#N/A,#N/A,#N/A,#N/A,#N/A,#N/A
30 January 2004,1131.13,1.5455,#N/A,#N/A,#N/A,#N/A,#N/A,#N/A,#N/A
02 February 2004,1135.26,1.5402,#N/A,#N/A,#N/A,#N/A,#N/A,#N/A,#N/A
03 February 2004,1136.03,1.5389,#N/A,#N/A,#N/A,#N/A,#N/A,#N/A,#N/A
04 February 2004,1126.53,1.554,#N/A,#N/A,#N/A,#N/A,#N/A,#N/A,#N/A
05 February 2004,1128.59,1.5518,#N/A,#N/A,#N/A,#N/A,#N/A,#N/A,#N/A
06 February 2004,1142.76,1.5318,#N/A,#N/A,#N/A,#N/A,#N/A,#N/A,#N/A
09 February 2004,1139.81,1.5381,#N/A,#N/A,#N/A,#N/A,#N/A,#N/A,#N/A
10 February 2004,1145.54,1.5305,#N/A,#N/A,#N/A,#N/A,#N/A,#N/A,#N/A
11 February 2004,1157.76,1.5168,#N/A,#N/A,#N/A,#N/A,#N/A,#N/A,#N/A
12 February 2004,1152.11,1.5254,#N/A,#N/A,#N/A,#N/A,#N/A,#N/A,#N/A
13 February 2004,1145.81,1.5341,#N/A,#N/A,#N/A,#N/A,#N/A,#N/A,#N/A
17 February 2004,1156.99,1.5194,#N/A,#N/A,#N/A,#N/A,#N/A,#N/A,#N/A
18 February 2004,1151.82,1.5272,#N/A,#N/A,#N/A,#N/A,#N/A,#N/A,#N/A
19 February 2004,1147.06,1.5349,#N/A,#N/A,#N/A,#N/A,#N/A,#N/A,#N/A
20 February 2004,1144.11,1.5389,#N/A,#N/A,#N/A,#N/A,#N/A,#N/A,#N/A
23 February 2004,1140.99,1.5434,#N/A,#N/A,#N/A,#N/A,#N/A,#N/A,#N/A
24 February 2004,1139.09,1.546,#N/A,#N/A,#N/A,#N/A,#N/A,#N/A,#N/A
25 February 2004,1143.67,1.5433,#N/A,#N/A,#N/A,#N/A,#N/A,#N/A,#N/A
26 February 2004,1144.91,1.548,#N/A,#N/A,#N/A,#N/A,#N/A,#N/A,#N/A
27 February 2004,1144.94,1.5479,#N/A,#N/A,#N/A,#N/A,#N/A,#N/A,#N/A
01 March 2004,1155.96,1.5337,#N/A,#N/A,#N/A,#N/A,#N/A,#N/A,#N/A
02 March 2004,1149.1,1.5429,#N/A,#N/A,#N/A,#N/A,#N/A,#N/A,#N/A
03 March 2004,1151.04,1.5442,#N/A,#N/A,#N/A,#N/A,#N/A,#N/A,#N/A
04 March 2004,1154.88,1.5391,#N/A,#N/A,#N/A,#N/A,#N/A,#N/A,#N/A
05 March 2004,1156.87,1.5364,#N/A,#N/A,#N/A,#N/A,#N/A,#N/A,#N/A
08 March 2004,1147.21,1.5499,#N/A,#N/A,#N/A,#N/A,#N/A,#N/A,#N/A
09 March 2004,1140.58,1.5595,#N/A,#N/A,#N/A,#N/A,#N/A,#N/A,#N/A
10 March 2004,1123.89,1.5856,#N/A,#N/A,#N/A,#N/A,#N/A,#N/A,#N/A
11 March 2004,1106.78,1.613,#N/A,#N/A,#N/A,#N/A,#N/A,#N/A,#N/A
12 March 2004,1120.57,1.5936,#N/A,#N/A,#N/A,#N/A,#N/A,#N/A,#N/A
15 March 2004,1104.49,1.6167,#N/A,#N/A,#N/A,#N/A,#N/A,#N/A,#N/A
16 March 2004,1110.7,1.6079,#N/A,#N/A,#N/A,#N/A,#N/A,#N/A,#N/A
17 March 2004,1123.75,1.591,#N/A,#N/A,#N/A,#N/A,#N/A,#N/A,#N/A
18 March 2004,1122.32,1.5931,#N/A,#N/A,#N/A,#N/A,#N/A,#N/A,#N/A
19 March 2004,1109.78,1.6111,#N/A,#N/A,#N/A,#N/A,#N/A,#N/A,#N/A
22 March 2004,1095.4,1.6319,#N/A,#N/A,#N/A,#N/A,#N/A,#N/A,#N/A
23 March 2004,1093.95,1.6341,#N/A,#N/A,#N/A,#N/A,#N/A,#N/A,#N/A
24 March 2004,1091.33,1.6381,#N/A,#N/A,#N/A,#N/A,#N/A,#N/A,#N/A
25 March 2004,1109.19,1.609,#N/A,#N/A,#N/A,#N/A,#N/A,#N/A,#N/A
26 March 2004,1108.06,1.6107,#N/A,#N/A,#N/A,#N/A,#N/A,#N/A,#N/A
29 March 2004,1122.47,1.5929,#N/A,#N/A,#N/A,#N/A,#N/A,#N/A,#N/A
30 March 2004,1127,1.5867,#N/A,#N/A,#N/A,#N/A,#N/A,#N/A,#N/A
31 March 2004,1126.21,1.5884,#N/A,#N/A,#N/A,#N/A,#N/A,#N/A,#N/A
01 April 2004,1132.17,1.5822,#N/A,#N/A,#N/A,#N/A,#N/A,#N/A,#N/A
02 April 2004,1141.81,1.571,#N/A,#N/A,#N/A,#N/A,#N/A,#N/A,#N/A
05 April 2004,1150.57,1.5592,#N/A,#N/A,#N/A,#N/A,#N/A,#N/A,#N/A
06 April 2004,1148.16,1.5647,#N/A,#N/A,#N/A,#N/A,#N/A,#N/A,#N/A
07 April 2004,1140.53,1.5753,#N/A,#N/A,#N/A,#N/A,#N/A,#N/A,#N/A
08 April 2004,1139.32,1.5756,#N/A,#N/A,#N/A,#N/A,#N/A,#N/A,#N/A
12 April 2004,1145.2,1.5675,#N/A,#N/A,#N/A,#N/A,#N/A,#N/A,#N/A
13 April 2004,1129.44,1.5898,#N/A,#N/A,#N/A,#N/A,#N/A,#N/A,#N/A
14 April 2004,1128.17,1.5919,#N/A,#N/A,#N/A,#N/A,#N/A,#N/A,#N/A
15 April 2004,1128.84,1.5909,#N/A,#N/A,#N/A,#N/A,#N/A,#N/A,#N/A
16 April 2004,1134.61,1.5828,#N/A,#N/A,#N/A,#N/A,#N/A,#N/A,#N/A
19 April 2004,1135.82,1.5815,#N/A,#N/A,#N/A,#N/A,#N/A,#N/A,#N/A
20 April 2004,1118.15,1.6065,#N/A,#N/A,#N/A,#N/A,#N/A,#N/A,#N/A
21 April 2004,1124.09,1.5992,#N/A,#N/A,#N/A,#N/A,#N/A,#N/A,#N/A
22 April 2004,1139.93,1.5781,#N/A,#N/A,#N/A,#N/A,#N/A,#N/A,#N/A
23 April 2004,1140.6,1.5794,#N/A,#N/A,#N/A,#N/A,#N/A,#N/A,#N/A
26 April 2004,1135.53,1.5866,#N/A,#N/A,#N/A,#N/A,#N/A,#N/A,#N/A
27 April 2004,1138.11,1.583,#N/A,#N/A,#N/A,#N/A,#N/A,#N/A,#N/A
28 April 2004,1122.41,1.6085,#N/A,#N/A,#N/A,#N/A,#N/A,#N/A,#N/A
29 April 2004,1113.89,1.6314,#N/A,#N/A,#N/A,#N/A,#N/A,#N/A,#N/A
30 April 2004,1107.31,1.6411,#N/A,#N/A,#N/A,#N/A,#N/A,#N/A,#N/A
03 May 2004,1117.49,1.6266,#N/A,#N/A,#N/A,#N/A,#N/A,#N/A,#N/A
04 May 2004,1119.55,1.6236,#N/A,#N/A,#N/A,#N/A,#N/A,#N/A,#N/A
05 May 2004,1121.53,1.6232,#N/A,#N/A,#N/A,#N/A,#N/A,#N/A,#N/A
06 May 2004,1113.99,1.6353,#N/A,#N/A,#N/A,#N/A,#N/A,#N/A,#N/A
07 May 2004,1098.7,1.658,#N/A,#N/A,#N/A,#N/A,#N/A,#N/A,#N/A
10 May 2004,1087.12,1.6765,#N/A,#N/A,#N/A,#N/A,#N/A,#N/A,#N/A
11 May 2004,1095.45,1.6654,#N/A,#N/A,#N/A,#N/A,#N/A,#N/A,#N/A
12 May 2004,1097.28,1.665,#N/A,#N/A,#N/A,#N/A,#N/A,#N/A,#N/A
13 May 2004,1096.44,1.6679,#N/A,#N/A,#N/A,#N/A,#N/A,#N/A,#N/A
14 May 2004,1095.7,1.6702,#N/A,#N/A,#N/A,#N/A,#N/A,#N/A,#N/A
17 May 2004,1084.1,1.6887,#N/A,#N/A,#N/A,#N/A,#N/A,#N/A,#N/A
18 May 2004,1091.49,1.6776,#N/A,#N/A,#N/A,#N/A,#N/A,#N/A,#N/A
19 May 2004,1088.69,1.6848,#N/A,#N/A,#N/A,#N/A,#N/A,#N/A,#N/A
20 May 2004,1089.19,1.6849,#N/A,#N/A,#N/A,#N/A,#N/A,#N/A,#N/A
21 May 2004,1093.56,1.6784,#N/A,#N/A,#N/A,#N/A,#N/A,#N/A,#N/A
24 May 2004,1095.41,1.6758,#N/A,#N/A,#N/A,#N/A,#N/A,#N/A,#N/A
25 May 2004,1113.05,1.6493,#N/A,#N/A,#N/A,#N/A,#N/A,#N/A,#N/A
26 May 2004,1114.94,1.6491,#N/A,#N/A,#N/A,#N/A,#N/A,#N/A,#N/A
27 May 2004,1121.28,1.6402,#N/A,#N/A,#N/A,#N/A,#N/A,#N/A,#N/A
28 May 2004,1120.68,1.6412,#N/A,#N/A,#N/A,#N/A,#N/A,#N/A,#N/A
01 June 2004,1121.2,1.6405,#N/A,#N/A,#N/A,#N/A,#N/A,#N/A,#N/A
02 June 2004,1124.99,1.6397,#N/A,#N/A,#N/A,#N/A,#N/A,#N/A,#N/A
03 June 2004,1116.64,1.6521,#N/A,#N/A,#N/A,#N/A,#N/A,#N/A,#N/A
04 June 2004,1122.5,1.6435,#N/A,#N/A,#N/A,#N/A,#N/A,#N/A,#N/A
07 June 2004,1140.42,1.6181,#N/A,#N/A,#N/A,#N/A,#N/A,#N/A,#N/A
08 June 2004,1142.18,1.6161,#N/A,#N/A,#N/A,#N/A,#N/A,#N/A,#N/A
09 June 2004,1131.33,1.6333,#N/A,#N/A,#N/A,#N/A,#N/A,#N/A,#N/A
10 June 2004,1136.47,1.6264,#N/A,#N/A,#N/A,#N/A,#N/A,#N/A,#N/A
14 June 2004,1125.29,1.6444,#N/A,#N/A,#N/A,#N/A,#N/A,#N/A,#N/A
15 June 2004,1132.01,1.6351,#N/A,#N/A,#N/A,#N/A,#N/A,#N/A,#N/A
16 June 2004,1133.56,1.6329,#N/A,#N/A,#N/A,#N/A,#N/A,#N/A,#N/A
17 June 2004,1132.05,1.6351,#N/A,#N/A,#N/A,#N/A,#N/A,#N/A,#N/A
18 June 2004,1135.02,1.6308,#N/A,#N/A,#N/A,#N/A,#N/A,#N/A,#N/A
21 June 2004,1130.3,1.6395,#N/A,#N/A,#N/A,#N/A,#N/A,#N/A,#N/A
22 June 2004,1134.41,1.6337,#N/A,#N/A,#N/A,#N/A,#N/A,#N/A,#N/A
23 June 2004,1144.06,1.62,#N/A,#N/A,#N/A,#N/A,#N/A,#N/A,#N/A
24 June 2004,1140.65,1.6259,#N/A,#N/A,#N/A,#N/A,#N/A,#N/A,#N/A
25 June 2004,1134.43,1.6348,#N/A,#N/A,#N/A,#N/A,#N/A,#N/A,#N/A
28 June 2004,1133.35,1.6394,#N/A,#N/A,#N/A,#N/A,#N/A,#N/A,#N/A
29 June 2004,1136.2,1.6355,#N/A,#N/A,#N/A,#N/A,#N/A,#N/A,#N/A
30 June 2004,1140.84,1.6293,#N/A,#N/A,#N/A,#N/A,#N/A,#N/A,#N/A
01 July 2004,1128.94,1.6481,#N/A,#N/A,#N/A,#N/A,#N/A,#N/A,#N/A
02 July 2004,1125.38,1.6541,#N/A,#N/A,#N/A,#N/A,#N/A,#N/A,#N/A
06 July 2004,1116.21,1.6677,#N/A,#N/A,#N/A,#N/A,#N/A,#N/A,#N/A
07 July 2004,1118.33,1.6627,#N/A,#N/A,#N/A,#N/A,#N/A,#N/A,#N/A
08 July 2004,1109.11,1.6769,#N/A,#N/A,#N/A,#N/A,#N/A,#N/A,#N/A
09 July 2004,1112.81,1.672,#N/A,#N/A,#N/A,#N/A,#N/A,#N/A,#N/A
12 July 2004,1114.35,1.6698,#N/A,#N/A,#N/A,#N/A,#N/A,#N/A,#N/A
13 July 2004,1115.14,1.669,#N/A,#N/A,#N/A,#N/A,#N/A,#N/A,#N/A
14 July 2004,1111.47,1.6752,#N/A,#N/A,#N/A,#N/A,#N/A,#N/A,#N/A
15 July 2004,1106.69,1.6825,#N/A,#N/A,#N/A,#N/A,#N/A,#N/A,#N/A
16 July 2004,1101.4,1.6907,#N/A,#N/A,#N/A,#N/A,#N/A,#N/A,#N/A
19 July 2004,1100.91,1.6915,#N/A,#N/A,#N/A,#N/A,#N/A,#N/A,#N/A
20 July 2004,1108.67,1.6797,#N/A,#N/A,#N/A,#N/A,#N/A,#N/A,#N/A
21 July 2004,1093.88,1.7035,#N/A,#N/A,#N/A,#N/A,#N/A,#N/A,#N/A
22 July 2004,1096.85,1.6989,#N/A,#N/A,#N/A,#N/A,#N/A,#N/A,#N/A
23 July 2004,1086.2,1.7156,#N/A,#N/A,#N/A,#N/A,#N/A,#N/A,#N/A
26 July 2004,1084.07,1.7188,#N/A,#N/A,#N/A,#N/A,#N/A,#N/A,#N/A
27 July 2004,1094.83,1.7019,#N/A,#N/A,#N/A,#N/A,#N/A,#N/A,#N/A
28 July 2004,1095.42,1.7031,#N/A,#N/A,#N/A,#N/A,#N/A,#N/A,#N/A
29 July 2004,1100.43,1.6997,#N/A,#N/A,#N/A,#N/A,#N/A,#N/A,#N/A
30 July 2004,1101.72,1.6972,#N/A,#N/A,#N/A,#N/A,#N/A,#N/A,#N/A
02 August 2004,1106.62,1.6913,#N/A,#N/A,#N/A,#N/A,#N/A,#N/A,#N/A
03 August 2004,1099.69,1.7012,#N/A,#N/A,#N/A,#N/A,#N/A,#N/A,#N/A
04 August 2004,1098.63,1.7031,#N/A,#N/A,#N/A,#N/A,#N/A,#N/A,#N/A
05 August 2004,1080.7,1.7316,#N/A,#N/A,#N/A,#N/A,#N/A,#N/A,#N/A
06 August 2004,1063.97,1.7592,#N/A,#N/A,#N/A,#N/A,#N/A,#N/A,#N/A
09 August 2004,1065.22,1.7574,#N/A,#N/A,#N/A,#N/A,#N/A,#N/A,#N/A
10 August 2004,1079.04,1.7351,#N/A,#N/A,#N/A,#N/A,#N/A,#N/A,#N/A
11 August 2004,1075.8,1.7444,#N/A,#N/A,#N/A,#N/A,#N/A,#N/A,#N/A
12 August 2004,1063.23,1.766,#N/A,#N/A,#N/A,#N/A,#N/A,#N/A,#N/A
13 August 2004,1064.8,1.765,#N/A,#N/A,#N/A,#N/A,#N/A,#N/A,#N/A
16 August 2004,1079.34,1.7425,#N/A,#N/A,#N/A,#N/A,#N/A,#N/A,#N/A
17 August 2004,1081.71,1.7394,#N/A,#N/A,#N/A,#N/A,#N/A,#N/A,#N/A
18 August 2004,1095.17,1.7208,#N/A,#N/A,#N/A,#N/A,#N/A,#N/A,#N/A
19 August 2004,1091.23,1.7274,#N/A,#N/A,#N/A,#N/A,#N/A,#N/A,#N/A
20 August 2004,1098.35,1.7162,#N/A,#N/A,#N/A,#N/A,#N/A,#N/A,#N/A
23 August 2004,1095.68,1.7374,#N/A,#N/A,#N/A,#N/A,#N/A,#N/A,#N/A
24 August 2004,1096.19,1.7367,#N/A,#N/A,#N/A,#N/A,#N/A,#N/A,#N/A
25 August 2004,1104.96,1.7239,#N/A,#N/A,#N/A,#N/A,#N/A,#N/A,#N/A
26 August 2004,1105.09,1.7239,#N/A,#N/A,#N/A,#N/A,#N/A,#N/A,#N/A
27 August 2004,1107.77,1.7209,#N/A,#N/A,#N/A,#N/A,#N/A,#N/A,#N/A
30 August 2004,1099.15,1.7355,#N/A,#N/A,#N/A,#N/A,#N/A,#N/A,#N/A
31 August 2004,1104.24,1.728,#N/A,#N/A,#N/A,#N/A,#N/A,#N/A,#N/A
01 September 2004,1105.91,1.726,#N/A,#N/A,#N/A,#N/A,#N/A,#N/A,#N/A
02 September 2004,1118.31,1.7069,#N/A,#N/A,#N/A,#N/A,#N/A,#N/A,#N/A
03 September 2004,1113.63,1.7144,#N/A,#N/A,#N/A,#N/A,#N/A,#N/A,#N/A
07 September 2004,1121.3,1.7025,#N/A,#N/A,#N/A,#N/A,#N/A,#N/A,#N/A
08 September 2004,1116.27,1.7122,#N/A,#N/A,#N/A,#N/A,#N/A,#N/A,#N/A
09 September 2004,1118.38,1.7087,#N/A,#N/A,#N/A,#N/A,#N/A,#N/A,#N/A
10 September 2004,1123.92,1.7003,#N/A,#N/A,#N/A,#N/A,#N/A,#N/A,#N/A
13 September 2004,1125.82,1.6999,#N/A,#N/A,#N/A,#N/A,#N/A,#N/A,#N/A
14 September 2004,1128.33,1.6961,#N/A,#N/A,#N/A,#N/A,#N/A,#N/A,#N/A
15 September 2004,1120.37,1.7083,#N/A,#N/A,#N/A,#N/A,#N/A,#N/A,#N/A
16 September 2004,1123.5,1.7038,#N/A,#N/A,#N/A,#N/A,#N/A,#N/A,#N/A
17 September 2004,1128.55,1.6962,#N/A,#N/A,#N/A,#N/A,#N/A,#N/A,#N/A
20 September 2004,1122.2,1.7062,#N/A,#N/A,#N/A,#N/A,#N/A,#N/A,#N/A
21 September 2004,1129.3,1.6955,#N/A,#N/A,#N/A,#N/A,#N/A,#N/A,#N/A
22 September 2004,1113.56,1.7197,#N/A,#N/A,#N/A,#N/A,#N/A,#N/A,#N/A
23 September 2004,1108.36,1.7288,#N/A,#N/A,#N/A,#N/A,#N/A,#N/A,#N/A
24 September 2004,1110.11,1.7261,#N/A,#N/A,#N/A,#N/A,#N/A,#N/A,#N/A
27 September 2004,1103.52,1.7364,#N/A,#N/A,#N/A,#N/A,#N/A,#N/A,#N/A
28 September 2004,1110.06,1.7282,#N/A,#N/A,#N/A,#N/A,#N/A,#N/A,#N/A
29 September 2004,1114.8,1.7214,#N/A,#N/A,#N/A,#N/A,#N/A,#N/A,#N/A
30 September 2004,1114.58,1.7217,#N/A,#N/A,#N/A,#N/A,#N/A,#N/A,#N/A
01 October 2004,1131.5,1.697,#N/A,#N/A,#N/A,#N/A,#N/A,#N/A,#N/A
04 October 2004,1135.17,1.6918,#N/A,#N/A,#N/A,#N/A,#N/A,#N/A,#N/A
05 October 2004,1134.48,1.6929,#N/A,#N/A,#N/A,#N/A,#N/A,#N/A,#N/A
06 October 2004,1142.05,1.6838,#N/A,#N/A,#N/A,#N/A,#N/A,#N/A,#N/A
07 October 2004,1130.65,1.7016,#N/A,#N/A,#N/A,#N/A,#N/A,#N/A,#N/A
08 October 2004,1122.14,1.7113,#N/A,#N/A,#N/A,#N/A,#N/A,#N/A,#N/A
11 October 2004,1124.39,1.7078,#N/A,#N/A,#N/A,#N/A,#N/A,#N/A,#N/A
12 October 2004,1121.84,1.7117,#N/A,#N/A,#N/A,#N/A,#N/A,#N/A,#N/A
13 October 2004,1113.65,1.7256,#N/A,#N/A,#N/A,#N/A,#N/A,#N/A,#N/A
14 October 2004,1103.29,1.7418,#N/A,#N/A,#N/A,#N/A,#N/A,#N/A,#N/A
15 October 2004,1108.2,1.7338,#N/A,#N/A,#N/A,#N/A,#N/A,#N/A,#N/A
18 October 2004,1114.02,1.7248,#N/A,#N/A,#N/A,#N/A,#N/A,#N/A,#N/A
19 October 2004,1103.23,1.7419,#N/A,#N/A,#N/A,#N/A,#N/A,#N/A,#N/A
20 October 2004,1103.66,1.7419,#N/A,#N/A,#N/A,#N/A,#N/A,#N/A,#N/A
21 October 2004,1106.49,1.7376,#N/A,#N/A,#N/A,#N/A,#N/A,#N/A,#N/A
22 October 2004,1095.73,1.7547,#N/A,#N/A,#N/A,#N/A,#N/A,#N/A,#N/A
25 October 2004,1094.81,1.7562,#N/A,#N/A,#N/A,#N/A,#N/A,#N/A,#N/A
26 October 2004,1111.09,1.7304,#N/A,#N/A,#N/A,#N/A,#N/A,#N/A,#N/A
27 October 2004,1125.4,1.7167,#N/A,#N/A,#N/A,#N/A,#N/A,#N/A,#N/A
28 October 2004,1127.44,1.7184,#N/A,#N/A,#N/A,#N/A,#N/A,#N/A,#N/A
29 October 2004,1130.2,1.7142,#N/A,#N/A,#N/A,#N/A,#N/A,#N/A,#N/A
01 November 2004,1130.51,1.7141,#N/A,#N/A,#N/A,#N/A,#N/A,#N/A,#N/A
02 November 2004,1130.55,1.7141,#N/A,#N/A,#N/A,#N/A,#N/A,#N/A,#N/A
03 November 2004,1143.2,1.6991,#N/A,#N/A,#N/A,#N/A,#N/A,#N/A,#N/A
04 November 2004,1161.67,1.6722,#N/A,#N/A,#N/A,#N/A,#N/A,#N/A,#N/A
05 November 2004,1166.17,1.6659,#N/A,#N/A,#N/A,#N/A,#N/A,#N/A,#N/A
08 November 2004,1164.89,1.6688,#N/A,#N/A,#N/A,#N/A,#N/A,#N/A,#N/A
09 November 2004,1164.08,1.6735,#N/A,#N/A,#N/A,#N/A,#N/A,#N/A,#N/A
10 November 2004,1162.91,1.678,#N/A,#N/A,#N/A,#N/A,#N/A,#N/A,#N/A
11 November 2004,1173.48,1.6629,#N/A,#N/A,#N/A,#N/A,#N/A,#N/A,#N/A
12 November 2004,1184.17,1.6494,#N/A,#N/A,#N/A,#N/A,#N/A,#N/A,#N/A
15 November 2004,1183.82,1.9503,#N/A,#N/A,#N/A,#N/A,#N/A,#N/A,#N/A
16 November 2004,1175.43,1.9651,#N/A,#N/A,#N/A,#N/A,#N/A,#N/A,#N/A
17 November 2004,1181.94,1.9549,#N/A,#N/A,#N/A,#N/A,#N/A,#N/A,#N/A
18 November 2004,1183.55,1.9532,#N/A,#N/A,#N/A,#N/A,#N/A,#N/A,#N/A
19 November 2004,1170.34,1.9758,#N/A,#N/A,#N/A,#N/A,#N/A,#N/A,#N/A
22 November 2004,1177.24,1.9645,#N/A,#N/A,#N/A,#N/A,#N/A,#N/A,#N/A
23 November 2004,1176.94,1.9652,#N/A,#N/A,#N/A,#N/A,#N/A,#N/A,#N/A
24 November 2004,1181.76,1.9577,#N/A,#N/A,#N/A,#N/A,#N/A,#N/A,#N/A
26 November 2004,1182.65,1.9584,#N/A,#N/A,#N/A,#N/A,#N/A,#N/A,#N/A
29 November 2004,1178.57,1.9672,#N/A,#N/A,#N/A,#N/A,#N/A,#N/A,#N/A
30 November 2004,1173.82,1.9755,#N/A,#N/A,#N/A,#N/A,#N/A,#N/A,#N/A
01 December 2004,1191.37,1.9498,#N/A,#N/A,#N/A,#N/A,#N/A,#N/A,#N/A
02 December 2004,1190.33,1.9518,#N/A,#N/A,#N/A,#N/A,#N/A,#N/A,#N/A
03 December 2004,1191.17,1.95,#N/A,#N/A,#N/A,#N/A,#N/A,#N/A,#N/A
06 December 2004,1190.25,1.9521,#N/A,#N/A,#N/A,#N/A,#N/A,#N/A,#N/A
07 December 2004,1177.08,1.9739,#N/A,#N/A,#N/A,#N/A,#N/A,#N/A,#N/A
08 December 2004,1182.81,1.9673,#N/A,#N/A,#N/A,#N/A,#N/A,#N/A,#N/A
09 December 2004,1189.24,1.9565,#N/A,#N/A,#N/A,#N/A,#N/A,#N/A,#N/A
10 December 2004,1188,1.9585,#N/A,#N/A,#N/A,#N/A,#N/A,#N/A,#N/A
13 December 2004,1198.68,1.9416,#N/A,#N/A,#N/A,#N/A,#N/A,#N/A,#N/A
14 December 2004,1203.38,1.9341,#N/A,#N/A,#N/A,#N/A,#N/A,#N/A,#N/A
15 December 2004,1205.72,1.9322,#N/A,#N/A,#N/A,#N/A,#N/A,#N/A,#N/A
16 December 2004,1203.21,1.9399,#N/A,#N/A,#N/A,#N/A,#N/A,#N/A,#N/A
17 December 2004,1194.22,1.9533,#N/A,#N/A,#N/A,#N/A,#N/A,#N/A,#N/A
20 December 2004,1194.65,1.9548,#N/A,#N/A,#N/A,#N/A,#N/A,#N/A,#N/A
21 December 2004,1205.46,1.9392,#N/A,#N/A,#N/A,#N/A,#N/A,#N/A,#N/A
22 December 2004,1209.57,1.9352,#N/A,#N/A,#N/A,#N/A,#N/A,#N/A,#N/A
23 December 2004,1210.13,1.9343,#N/A,#N/A,#N/A,#N/A,#N/A,#N/A,#N/A
27 December 2004,1204.92,1.9427,#N/A,#N/A,#N/A,#N/A,#N/A,#N/A,#N/A
28 December 2004,1213.54,1.9291,#N/A,#N/A,#N/A,#N/A,#N/A,#N/A,#N/A
29 December 2004,1213.45,1.9312,#N/A,#N/A,#N/A,#N/A,#N/A,#N/A,#N/A
30 December 2004,1213.55,1.9332,#N/A,#N/A,#N/A,#N/A,#N/A,#N/A,#N/A
31 December 2004,1211.92,1.9358,#N/A,#N/A,#N/A,#N/A,#N/A,#N/A,#N/A
03 January 2005,1202.08,1.9517,12.1911,12.9604,13.3453,13.9493,14.7781,15.1877,#N/A
04 January 2005,1188.05,1.9749,12.2949,13.0911,13.4527,14.1589,14.9066,15.3465,#N/A
05 January 2005,1183.74,1.9827,12.5076,13.2074,13.4918,14.1871,14.9577,15.361,#N/A
06 January 2005,1187.89,1.9762,11.9965,12.6558,12.9494,13.6936,14.5773,15.0736,#N/A
07 January 2005,1186.19,1.9791,11.87,12.5318,12.8366,13.6569,14.4355,14.9491,#N/A
10 January 2005,1190.24,1.9723,11.595,12.2373,12.6316,13.3899,14.1782,14.715,#N/A
11 January 2005,1182.99,1.985,11.5914,12.3609,12.7326,13.4016,14.241,14.6443,#N/A
12 January 2005,1187.7,1.978,11.3967,11.7229,12.4457,13.1079,13.9421,14.4853,#N/A
13 January 2005,1177.45,1.9952,11.6491,11.9981,12.6766,13.3418,14.0862,14.3948,#N/A
14 January 2005,1184.52,1.9833,11.1263,11.7462,12.3798,13.023,13.8878,14.3279,#N/A
18 January 2005,1195.98,1.9645,11.0367,11.4984,11.9257,12.6737,13.5721,14.0018,#N/A
19 January 2005,1184.63,1.9839,11.5557,12.1787,12.5065,13.1142,13.9786,14.2926,#N/A
20 January 2005,1175.41,1.9995,12.1159,12.6421,12.909,13.4431,14.1915,14.5201,#N/A
21 January 2005,1167.87,2.0124,12.3221,12.9836,13.1571,13.6249,14.2874,14.6971,#N/A
24 January 2005,1163.75,2.0195,12.6115,13.2257,13.2918,13.7755,14.3244,14.6764,#N/A
25 January 2005,1168.41,2.0114,12.0725,12.8264,12.8792,13.4355,14.1064,14.5347,#N/A
26 January 2005,1174.07,2.0018,11.4493,12.2515,12.3809,13.0816,13.8169,14.1908,#N/A
27 January 2005,1174.55,1.9992,11.12,11.8884,12.0611,12.7427,13.4465,13.9906,#N/A
28 January 2005,1171.36,2.0052,11.2821,11.8649,12.0421,12.7368,13.4644,13.9224,#N/A
31 January 2005,1181.27,1.9884,10.8264,11.3216,11.49,12.1992,13.0333,13.4793,#N/A
01 February 2005,1189.41,1.9735,10.26,10.9155,11.2305,11.9998,12.7991,13.3097,#N/A
02 February 2005,1193.19,1.9679,10.0074,10.5079,10.8424,11.6693,12.5873,13.1756,#N/A
03 February 2005,1189.89,1.9777,10.1439,10.6457,10.926,11.6689,12.5406,13.093,#N/A
04 February 2005,1203.03,1.9566,9.4963,9.9813,10.2987,11.209,12.1694,12.7869,#N/A
07 February 2005,1201.72,1.9593,9.9922,10.3603,10.6641,11.3797,12.225,12.7541,#N/A
08 February 2005,1202.3,1.96,9.8704,10.254,10.5697,11.2159,12.0556,12.5735,#N/A
09 February 2005,1191.99,1.9791,10.503,10.4916,11.0133,11.4988,12.3023,12.7629,#N/A
10 February 2005,1197.01,1.9697,10.0636,10.1535,10.6701,11.27,12.0383,12.6809,#N/A
11 February 2005,1205.3,1.9587,9.7965,9.9558,10.3915,10.9944,11.8521,12.3625,#N/A
14 February 2005,1206.14,1.9584,9.9883,10.2019,10.5277,11.0691,11.8839,12.4543,#N/A
15 February 2005,1210.13,1.952,9.5925,9.8957,10.2011,10.8644,11.6314,12.2017,#N/A
16 February 2005,1210.34,1.9529,9.3947,9.8906,10.193,10.7835,11.6804,12.2298,#N/A
17 February 2005,1200.75,1.9689,9.9198,10.3151,10.5655,11.1478,11.9514,12.4684,#N/A
18 February 2005,1201.59,1.9675,9.2823,10.0611,10.5003,11.1508,11.9814,12.5273,#N/A
22 February 2005,1184.16,1.9967,11.2614,11.4486,11.5059,11.9691,12.8581,13.2666,#N/A
23 February 2005,1190.8,1.9868,10.5343,11.0831,11.2292,12.0026,12.7902,13.3354,#N/A
24 February 2005,1200.2,1.9749,9.7486,10.4256,10.738,11.5489,12.5051,13.0381,#N/A
25 February 2005,1211.37,1.9573,9.7096,10.1134,10.4473,11.2754,12.3168,12.8904,#N/A
28 February 2005,1203.6,1.9701,10.5155,10.8308,11.0589,11.7161,12.5659,13.0375,#N/A
01 March 2005,1210.41,1.9592,10.4437,10.8031,11.0491,11.7517,12.6294,13.1412,#N/A
02 March 2005,1210.08,1.9647,10.9063,11.3085,11.5352,12.2229,12.7938,13.2581,#N/A
03 March 2005,1210.47,1.9641,10.9701,11.3882,11.5726,12.2191,12.9513,13.3788,#N/A
04 March 2005,1222.13,1.9455,10.2977,10.841,11.1233,11.9048,12.6271,13.1827,#N/A
07 March 2005,1225.31,1.9406,10.4131,10.9551,11.3387,11.8456,12.5179,12.9518,#N/A
08 March 2005,1219.43,1.9505,10.585,11.0179,11.373,11.9897,12.6407,13.1409,#N/A
09 March 2005,1207.01,1.9729,11.3316,11.3648,11.8084,12.3304,12.8932,13.1754,#N/A
10 March 2005,1209.25,1.9694,11.0226,11.1984,11.7456,12.4346,12.968,13.3546,#N/A
11 March 2005,1200.08,1.9884,11.3642,11.6131,12.0628,12.6246,13.1516,13.5151,#N/A
14 March 2005,1206.83,1.9758,11.1614,11.4976,11.9273,12.5507,13.1288,13.5329,#N/A
15 March 2005,1197.75,1.9908,11.5267,11.8931,12.3976,12.7976,13.3564,13.8113,#N/A
16 March 2005,1188.07,2.0087,11.9551,12.4696,12.6535,13.1041,13.6391,14.0343,#N/A
17 March 2005,1190.21,2.0051,11.5225,12.3604,12.8899,13.3362,13.8087,14.1981,#N/A
18 March 2005,1189.65,2.0061,11.2018,12.2286,12.6843,13.3387,13.908,14.307,#N/A
21 March 2005,1183.79,2.0119,11.7053,12.3873,12.9083,13.428,14.0339,14.3411,#N/A
22 March 2005,1171.71,2.0322,12.3104,12.8875,13.2703,13.784,14.1601,14.7144,#N/A
23 March 2005,1172.53,2.031,12.0443,12.7492,13.4256,13.9091,14.3547,14.9117,#N/A
24 March 2005,1171.42,2.033,11.4511,12.3527,13.0809,13.6508,14.2545,14.7487,#N/A
28 March 2005,1174.28,2.0258,11.914,12.5558,13.0991,13.5868,14.194,14.7002,#N/A
29 March 2005,1165.36,2.0485,12.4831,13.0048,13.5879,14.0136,14.5534,14.9721,#N/A
30 March 2005,1181.41,2.0233,11.5492,12.1559,12.9393,13.4945,14.1395,14.6372,#N/A
31 March 2005,1180.59,2.0246,11.9423,12.4246,13.0082,13.4256,14.1468,14.6624,#N/A
01 April 2005,1172.92,2.038,12.1613,12.7803,13.3298,13.7391,14.4737,15.1138,#N/A
04 April 2005,1176.12,2.0311,12.0643,12.7841,13.3746,13.6646,14.4174,14.9544,#N/A
05 April 2005,1181.39,2.0215,11.637,12.3758,12.9675,13.504,14.3239,14.9198,#N/A
06 April 2005,1184.07,2.018,11.6078,11.5401,12.722,13.3212,14.1588,14.8091,#N/A
07 April 2005,1191.14,2.0064,11.0174,11.1187,12.3224,13.0048,14.0016,14.7534,#N/A
08 April 2005,1181.2,2.0233,11.2593,11.3691,12.435,13.1049,14.0593,14.7352,#N/A
11 April 2005,1181.21,2.0233,11.3565,11.6382,12.5205,13.1819,14.0997,14.7577,#N/A
12 April 2005,1187.76,2.0124,10.841,11.2596,12.1001,12.8247,13.8579,14.5939,#N/A
13 April 2005,1173.79,2.0374,11.8658,12.2576,12.9426,13.4653,14.3594,15.035,#N/A
14 April 2005,1162.05,2.0579,12.8249,13.2419,13.7844,14.2066,14.8996,15.4478,#N/A
15 April 2005,1142.62,2.093,15.0729,14.9706,15.2565,15.3954,15.9413,16.4973,#N/A
18 April 2005,1145.98,2.0869,14.479,14.6924,14.7987,15.195,15.8509,16.5235,#N/A
19 April 2005,1152.78,2.0746,13.0758,13.4954,13.6436,14.3403,15.3042,16.0833,#N/A
20 April 2005,1137.5,2.1032,14.747,14.8521,14.8694,15.32,16.1068,16.7274,#N/A
21 April 2005,1159.95,2.0627,12.3464,12.9815,13.2957,14.1771,15.3471,16.0802,#N/A
22 April 2005,1152.12,2.0769,13.3606,13.6337,13.6934,14.577,15.7593,16.4548,#N/A
25 April 2005,1162.1,2.0591,12.5311,13.1361,13.285,14.201,15.4001,16.1867,#N/A
26 April 2005,1151.74,2.0776,12.9295,13.3847,13.5086,14.3468,15.4516,16.1162,#N/A
27 April 2005,1156.38,2.0677,12.7631,13.2836,13.4332,14.3148,15.4527,16.1688,#N/A
28 April 2005,1143.22,2.0941,14.7446,14.775,14.6405,15.2893,16.1393,16.754,#N/A
29 April 2005,1156.85,2.0695,13.3857,13.8835,13.9533,14.6921,15.7313,16.524,#N/A
02 May 2005,1162.16,2.06,13.0668,13.5615,13.7317,14.599,15.6126,16.4483,#N/A
03 May 2005,1161.17,2.0618,12.7618,13.386,13.5728,14.3789,15.6082,16.4476,#N/A
04 May 2005,1175.65,2.04,11.8478,12.4932,12.7844,13.8931,15.1628,16.0298,#N/A
05 May 2005,1172.63,2.0457,11.8903,12.3817,12.6322,13.6597,14.9314,15.7639,#N/A
06 May 2005,1171.35,2.0483,12.0542,12.6178,12.7911,13.6939,14.919,15.7675,#N/A
09 May 2005,1178.84,2.0355,11.6329,12.1295,12.3833,13.3998,14.5519,15.3562,#N/A
10 May 2005,1166.22,2.0582,12.8771,13.1534,13.2941,14.1071,15.1602,15.9379,#N/A
11 May 2005,1171.11,2.0543,12.5476,12.5583,13.1957,14.1224,15.1909,16.0775,#N/A
12 May 2005,1159.36,2.077,14.1485,14.1048,14.5282,15.0679,15.8851,16.5747,#N/A
13 May 2005,1154.05,2.088,14.3904,14.4327,14.8069,15.3616,16.1424,16.8526,#N/A
16 May 2005,1165.69,2.0679,13.2998,13.6788,14.0039,14.7957,15.6597,16.3581,#N/A
17 May 2005,1173.8,2.0555,12.4907,12.9761,13.4249,14.42,15.4394,16.2168,#N/A
18 May 2005,1185.56,2.0375,11.386,11.9601,12.4109,13.6062,14.7994,15.6322,16.1761
19 May 2005,1191.08,2.0285,10.8603,11.5087,11.9887,13.2111,14.453,15.2401,15.7034
20 May 2005,1189.28,2.0315,10.7199,11.4866,11.9257,13.1126,14.3018,15.0753,15.6604
23 May 2005,1193.86,2.0238,10.4874,11.2195,11.647,12.9024,14.0931,14.9246,15.3672
24 May 2005,1194.07,2.0236,10.3753,11.3139,11.5711,12.8461,14.0674,14.8503,15.4045
25 May 2005,1190.01,2.0315,10.3686,11.3369,11.7171,12.9273,14.1252,14.9122,15.3815
26 May 2005,1197.63,2.02,9.9927,10.9042,11.4545,12.7661,14.0214,14.9103,15.4027
27 May 2005,1198.78,2.019,10.0028,10.9783,11.5424,12.8777,14.1152,15.0555,15.4387
31 May 2005,1191.5,2.0313,11.1757,11.8632,12.2456,13.3801,14.4632,15.1977,15.371
01 June 2005,1202.27,2.0175,10.2921,11.2019,11.7387,13.0676,14.1583,14.9099,15.0771
02 June 2005,1204.29,2.0141,9.908,10.8518,11.5181,12.8726,14.0158,14.8227,14.8185
03 June 2005,1196.02,2.0286,10.351,11.2684,11.8413,13.1946,14.3127,15.1569,15.4919
06 June 2005,1197.51,2.0263,10.4206,11.2929,11.9523,13.3025,14.2502,15.1587,15.5409
07 June 2005,1197.26,2.0279,10.7838,11.3826,11.9707,13.3106,14.3815,15.229,15.4949
08 June 2005,1194.67,2.0341,11.0898,11.336,12.147,13.4409,14.4381,15.2311,15.572
09 June 2005,1200.93,2.0239,10.6305,10.9971,11.9095,13.1741,14.2497,14.9618,15.2903
10 June 2005,1198.11,2.0288,10.5627,11.125,12.0073,13.301,14.3689,15.2565,15.526
13 June 2005,1200.82,2.0267,10.2755,10.915,11.7885,12.9463,14,14.7273,15.1885
14 June 2005,1203.91,2.0217,10.1946,10.9421,11.7523,13.0111,14.0426,14.7906,15.1682
15 June 2005,1206.58,2.0173,9.9137,10.7519,11.5657,12.8949,13.9862,14.7544,15.0383
16 June 2005,1210.96,2.0101,9.5299,10.3957,11.1699,12.6258,13.818,14.6083,14.9199
17 June 2005,1216.96,2.0002,9.5737,10.3634,11.1988,12.6069,13.7886,14.6209,14.9771
20 June 2005,1216.1,2.0013,9.7313,10.519,11.3359,12.6597,13.8262,14.6708,14.9894
21 June 2005,1213.61,2.0056,9.4863,10.1823,11.0149,12.5381,13.6573,14.5308,14.8701
22 June 2005,1213.88,2.0054,9.4287,10.1865,10.9406,12.4196,13.4487,14.25,14.5992
23 June 2005,1200.73,2.0293,10.3256,11.0287,11.7462,12.916,13.85,14.5321,14.9176
24 June 2005,1191.57,2.0449,10.6183,11.3518,12.0545,13.2538,14.2009,14.8841,15.5577
27 June 2005,1190.69,2.0464,10.7401,11.4489,12.1468,13.2498,14.2216,14.9219,15.575
28 June 2005,1201.57,2.0316,10.0121,10.8335,11.6173,12.8069,13.8527,14.5643,14.9886
29 June 2005,1199.85,2.0372,10.0853,10.9154,11.7378,12.9396,13.9981,14.8275,15.517
30 June 2005,1191.33,2.0518,10.3852,11.2343,12.0394,13.2047,14.2051,14.8938,15.5883
01 July 2005,1194.44,2.0466,9.6943,10.7114,11.638,12.9769,14.0823,14.9009,15.6063
05 July 2005,1204.99,2.0257,10.0036,10.7542,11.4941,12.5981,13.6151,14.3375,14.8437
06 July 2005,1194.94,2.0439,10.8912,10.8921,12.1468,13.0805,14.0067,14.7807,15.4896
07 July 2005,1197.87,2.0392,10.9224,10.9371,12.1314,13.1047,14.0041,14.8014,15.495
08 July 2005,1211.86,2.0156,9.984,10.1014,11.3165,12.5208,13.491,14.245,14.8058
11 July 2005,1219.44,2.0031,10.1446,10.3606,11.3563,12.4933,13.4787,14.3068,14.8573
12 July 2005,1222.21,1.9989,10.165,10.4512,11.4077,12.546,13.6061,14.4091,14.9525
13 July 2005,1223.29,1.9981,9.9593,10.3367,11.2998,12.4528,13.4425,14.3292,14.854
14 July 2005,1226.5,1.9929,9.6917,10.1183,11.0709,12.2466,13.1726,13.9483,14.8255
15 July 2005,1227.92,1.9906,9.2074,9.8949,10.8337,12.098,13.1081,13.8992,14.7723
18 July 2005,1221.13,2.0017,9.4596,10.4098,11.1202,12.4541,13.4828,14.2336,14.7072
19 July 2005,1229.35,1.9884,8.9592,10.0313,10.7163,12.1444,13.1706,13.9778,14.7254
20 July 2005,1235.2,1.98,8.7477,9.9279,10.5908,11.9279,13.0462,13.7976,14.6981
21 July 2005,1227.04,1.9932,9.4193,10.4934,11.0897,12.4417,13.3887,14.0978,14.8969
22 July 2005,1233.68,1.9823,8.9072,10.1732,10.7653,12.1775,13.1765,13.964,14.8636
25 July 2005,1229.03,1.9898,9.382,10.4464,11.1206,12.3906,13.3935,14.1321,15.0202
26 July 2005,1231.16,1.9864,9.2146,10.3843,10.9708,12.3207,13.3527,14.0921,14.9768
27 July 2005,1236.79,1.9769,8.7113,10.0218,10.797,12.1385,13.2529,14.0616,14.9578
28 July 2005,1243.72,1.9682,8.9012,10.0257,10.6757,11.9754,13.1884,14.0856,14.9399
29 July 2005,1234.18,1.9834,9.88,10.8625,11.4206,12.6412,13.6471,14.3961,15.2289
01 August 2005,1235.35,1.9817,10.3185,11.2199,11.8152,12.9335,13.8461,14.4876,15.2066
02 August 2005,1244.12,1.9677,9.9091,10.7834,11.405,12.774,13.6874,14.4427,15.2131
03 August 2005,1245.05,1.97,9.9381,10.8912,11.5107,12.7401,13.7071,14.5532,15.3097
04 August 2005,1235.86,1.9848,10.4602,11.4002,11.9785,13.0958,13.9341,14.6455,15.3989
05 August 2005,1226.42,2.0004,10.6387,11.6073,12.2214,13.343,14.1955,14.9128,15.5863
08 August 2005,1223.13,2.0063,11.17,12.0518,12.6721,13.6959,14.5948,15.3717,15.7221
09 August 2005,1231.38,1.9929,10.4295,11.4136,12.0757,13.1038,14.0387,14.7892,15.5232
10 August 2005,1229.13,2.0002,10.8445,11.2365,12.1572,13.2463,14.1057,14.8328,15.5485
11 August 2005,1237.81,1.9894,10.5307,11.1687,12.0263,13.063,14.0251,14.8147,15.5476
12 August 2005,1230.39,2.0048,10.8463,11.5008,12.3131,13.2934,14.1582,14.8356,15.4828
15 August 2005,1233.87,2.0063,10.6933,11.3305,12.0604,13.037,13.9926,14.7856,15.4538
16 August 2005,1219.34,2.0303,11.5875,12.0014,12.6698,13.6443,14.4736,15.0976,15.3859
17 August 2005,1220.24,2.0324,11.2272,12.0306,12.5834,13.5004,14.4311,15.0589,15.3654
18 August 2005,1219.02,2.0354,11.3056,12.007,12.6157,13.5155,14.4949,15.1792,15.5295
19 August 2005,1219.71,2.0357,10.9471,11.8058,12.4596,13.4159,14.4125,15.1554,15.4806
22 August 2005,1221.73,2.0323,10.9297,11.6605,12.3369,13.2762,14.304,15.0563,15.4111
23 August 2005,1217.57,2.0395,11.0507,11.7654,12.3279,13.3064,14.2987,14.9503,15.3007
24 August 2005,1209.59,2.0539,11.6746,12.1703,12.6791,13.5742,14.4103,14.9978,15.3611
25 August 2005,1212.4,2.0495,11.2649,11.9395,12.5385,13.5313,14.4246,15.0568,15.4476
26 August 2005,1205.1,2.062,11.2965,12.188,12.7769,13.7004,14.5584,15.1299,15.4557
29 August 2005,1212.28,2.054,11.1743,11.9172,12.567,13.6093,14.5468,15.2562,15.8162
30 August 2005,1208.41,2.0592,11.391,12.186,12.7645,13.6879,14.5874,15.237,15.7312
31 August 2005,1220.33,2.0434,10.6865,11.4897,12.3143,13.3893,14.438,15.1888,15.6983
01 September 2005,1221.59,2.04,11.0997,11.825,12.5532,13.6235,14.6174,15.3478,15.8507
02 September 2005,1218.02,2.0462,11.4487,12.2435,12.9032,13.887,14.7281,15.3886,15.9107
06 September 2005,1233.39,2.0208,10.9953,11.6906,12.4122,13.4748,14.3935,15.1671,15.7335
07 September 2005,1236.36,2.0149,10.9266,10.9233,12.1036,13.2096,14.2229,15.0607,15.6848
08 September 2005,1231.67,2.0226,11.3838,11.3386,12.537,13.432,14.3537,15.1377,15.7135
09 September 2005,1241.48,2.0066,10.5024,10.6626,11.945,13.0559,14.1189,14.9805,15.6232
12 September 2005,1240.56,2.0085,10.5774,11.0075,12.1283,13.0982,14.1617,15.0584,15.6996
13 September 2005,1231.2,2.027,11.3032,11.5844,12.6809,13.4124,14.3717,15.1888,15.7673
14 September 2005,1227.16,2.0339,11.3152,11.8848,12.8258,13.6672,14.5409,15.2856,15.7909
15 September 2005,1227.73,2.0332,11.0857,11.7863,12.696,13.5826,14.4876,15.243,15.7517
16 September 2005,1237.91,2.0169,9.8751,10.9098,11.9644,13.1053,14.173,15.0637,15.6423
19 September 2005,1231.02,2.0186,10.4944,11.6166,12.4504,13.4249,14.5487,15.1688,15.7397
20 September 2005,1221.35,2.0346,11.0002,12.0801,12.8535,13.7641,14.5688,15.5452,15.9732
21 September 2005,1210.2,2.0536,11.9823,12.9227,13.5414,14.2818,14.9147,15.6739,16.2775
22 September 2005,1214.62,2.0482,11.4925,12.6984,13.3295,14.0777,14.6941,15.4607,16.0893
23 September 2005,1215.29,2.047,11.0952,12.3577,12.9933,13.9149,14.6152,15.4475,16.1181
26 September 2005,1215.63,2.0465,11.2331,12.359,12.9125,13.799,14.5444,15.4217,16.1034
27 September 2005,1215.66,2.0466,11.155,12.2755,12.7885,13.6773,14.4691,15.3693,16.0497
28 September 2005,1216.89,2.0487,10.9835,12.0168,12.5794,13.5388,14.3724,15.31,16.0017
29 September 2005,1227.68,2.0324,10.5338,11.6618,12.193,13.1711,14.1969,15.0546,15.8128
30 September 2005,1228.81,2.0305,10.4133,11.5197,12.0976,13.1057,14.1761,15.062,15.8503
03 October 2005,1226.7,2.0391,10.8004,11.711,12.2129,13.2035,14.2368,15.1148,15.8899
04 October 2005,1214.47,2.0588,11.6618,12.4469,12.8631,13.7604,14.5211,15.4107,16.1213
05 October 2005,1196.39,2.0916,13.0845,13.4848,13.7222,14.4763,15.2242,15.9839,16.655
06 October 2005,1191.49,2.1003,13.4565,13.7771,13.9976,14.6996,15.3526,16.0384,16.7107
07 October 2005,1195.9,2.0926,13.0201,13.4788,13.6969,14.4245,15.2091,15.9673,16.6451
10 October 2005,1187.33,2.1077,13.8116,14.0646,14.2041,14.7627,15.4426,16.0685,16.7223
11 October 2005,1184.87,2.1109,13.8553,14.1129,14.2424,14.7741,15.4933,16.1056,16.768
12 October 2005,1177.68,2.1246,14.3745,14.2729,14.7558,15.1485,15.7672,16.2556,16.873
13 October 2005,1176.84,2.1253,14.5078,14.352,14.8016,15.2965,15.8701,16.3665,17.0246
14 October 2005,1186.57,2.1079,13.1193,13.3302,13.8841,14.6023,15.4364,16.1431,16.8875
17 October 2005,1190.1,2.1016,12.8382,13.2667,13.7022,14.4744,15.3887,16.1698,16.951
18 October 2005,1178.14,2.123,13.5079,13.8191,14.1324,14.7983,15.5972,16.2286,16.9503
19 October 2005,1195.76,2.0927,12.1903,12.9061,13.3355,14.2284,15.259,16.1446,16.932
20 October 2005,1177.8,2.125,13.9595,14.2552,14.4873,15.1521,15.8924,16.4956,17.2193
21 October 2005,1179.59,2.1218,13.8613,14.209,14.3807,14.9995,15.7567,16.4003,17.1294
24 October 2005,1199.38,2.0871,12.545,13.1589,13.3152,14.3931,15.3224,16.1786,16.9907
25 October 2005,1196.54,2.092,12.4226,13.0149,13.1084,14.3042,15.268,16.108,16.9472
26 October 2005,1191.38,2.1011,12.7404,13.1992,13.2156,14.3481,15.2839,16.1616,17.018
27 October 2005,1178.9,2.1225,14.0817,14.228,14.1091,14.8398,15.6721,16.3546,17.1527
28 October 2005,1198.41,2.0884,12.5801,13.0129,13.1138,14.1935,15.3207,16.2319,17.212
31 October 2005,1207.01,2.0735,12.6643,12.8413,12.8708,14.0567,15.0369,15.7786,16.658
01 November 2005,1202.76,2.0808,12.7239,12.9186,12.9846,14.04,15.0965,15.7986,16.6518
02 November 2005,1214.76,2.0616,11.7801,12.2824,12.5632,13.7685,14.8681,15.7614,16.6575
03 November 2005,1219.94,2.0578,11.3541,11.858,12.148,13.4065,14.582,15.5131,16.4836
04 November 2005,1220.14,2.0575,11.4256,11.9182,12.2191,13.4729,14.5975,15.5496,16.5174
07 November 2005,1222.81,2.0532,11.4614,11.8338,12.1651,13.314,14.5454,15.5178,16.4889
08 November 2005,1218.59,2.0646,11.4244,11.7657,12.1358,13.3386,14.5098,15.4996,16.4399
09 November 2005,1220.65,2.0618,11.2586,11.2805,11.9847,13.2709,14.4808,15.4693,16.4191
10 November 2005,1230.96,2.0464,10.5441,10.6376,11.3951,12.8497,13.9569,14.9592,15.8002
11 November 2005,1234.71,2.0402,10.1842,10.4545,11.2399,12.7128,13.862,14.9534,15.8168
14 November 2005,1233.76,2.0473,10.434,10.6901,11.3587,12.7379,13.8341,14.991,15.761
15 November 2005,1229.01,1.8073,10.6675,10.8921,11.5824,12.9143,13.9899,15.0618,15.8623
16 November 2005,1231.21,1.8068,10.4222,10.7939,11.4888,12.8634,13.9278,15.0206,15.7897
17 November 2005,1242.8,1.7905,9.511,10.0755,10.8756,12.4774,13.7363,14.9135,15.7038
18 November 2005,1248.27,1.7844,9.3503,10.0451,10.814,12.4122,13.8085,15.1281,15.9141
21 November 2005,1254.85,1.7735,14.0724,9.8853,10.7996,12.3428,13.4814,14.1891,14.6731
22 November 2005,1261.23,1.7653,8.7673,9.7492,10.6549,12.3178,13.5006,14.2026,14.6754
23 November 2005,1265.61,1.7598,8.8854,10.037,10.8721,12.5636,13.6829,14.3545,14.8135
25 November 2005,1268.25,1.7562,8.9207,10.1692,11.0792,12.7112,13.7612,14.3996,14.8545
28 November 2005,1257.46,1.7744,11.733,10.7945,11.7709,13.1356,14.1342,14.7809,15.1904
29 November 2005,1257.48,1.7755,11.0375,10.8943,11.9078,13.2504,14.163,14.8313,15.2584
30 November 2005,1249.48,1.7905,15.9053,10.8575,12.3043,13.4687,14.3659,14.9449,15.3984
01 December 2005,1264.67,1.7691,10.6433,10.3625,11.452,12.912,13.8944,14.5617,15.0882
02 December 2005,1265.08,1.7674,12.1686,10.025,11.3559,12.7724,13.8198,14.3897,14.9418
05 December 2005,1262.09,1.7721,12.3218,10.4906,11.7403,12.9939,14.0202,14.5743,15.1186
06 December 2005,1263.7,1.7692,12.3126,10.5203,11.6745,12.9491,13.8921,14.4826,15.0373
07 December 2005,1257.37,1.7774,10.7744,11.2068,12.0059,13.2354,14.0983,14.6817,15.2035
08 December 2005,1255.84,1.7817,10.8212,11.289,12.0494,13.281,14.1719,14.7146,15.2531
09 December 2005,1259.37,1.7768,10.3332,10.9581,11.7917,13.0966,14.0779,14.6448,15.2
12 December 2005,1260.43,1.7754,10.4824,11.1659,11.9579,13.2148,14.104,14.7122,15.2341
13 December 2005,1267.43,1.767,9.9477,10.897,11.7578,13.0402,13.9722,14.5741,15.0975
14 December 2005,1272.74,1.7604,10.0316,10.891,11.7316,13.042,13.9759,14.5156,14.9742
15 December 2005,1270.94,1.767,9.8083,10.8126,11.6775,12.9861,13.9623,14.5169,15.0015
16 December 2005,1267.32,1.7691,9.795,10.7897,11.7653,13.0981,14.0734,14.6513,15.0892
19 December 2005,1259.92,1.7788,9.9536,11.1323,12.0813,13.3341,14.2691,14.8351,15.3077
20 December 2005,1259.62,1.7757,9.861,11.042,12.053,13.2827,14.2163,14.7639,15.222
21 December 2005,1262.8,1.7714,9.4588,10.8616,11.8333,13.1154,14.1006,14.681,15.1688
22 December 2005,1268.12,1.7667,9.0248,10.4493,11.4725,12.8281,13.8578,14.4476,14.9215
23 December 2005,1268.66,1.7672,9.0306,10.4333,11.4217,12.828,13.8667,14.4648,14.9108
27 December 2005,1256.54,1.7843,10.2714,11.3968,12.2075,13.3187,14.2002,14.7602,15.1799
28 December 2005,1258.17,1.7856,10.1017,11.2617,12.0729,13.234,14.1609,14.7239,15.1585
29 December 2005,1254.42,1.7916,10.1724,11.3109,12.111,13.2486,14.1571,14.7349,15.1749
30 December 2005,1248.29,1.7999,10.4757,11.5508,12.2804,13.3942,14.2892,14.8682,15.2922
03 January 2006,1268.8,1.7748,9.9802,10.9043,11.655,12.8066,13.8481,14.4843,14.9525
04 January 2006,1273.46,1.7691,10.216,10.9828,11.665,12.7823,13.7851,14.4106,14.8802
05 January 2006,1273.48,1.7688,10.273,11.0115,11.6991,12.791,13.8101,14.4101,14.8858
06 January 2006,1285.45,1.7533,9.7777,10.6239,11.3043,12.4465,13.5573,14.2207,14.7115
09 January 2006,1290.15,1.7484,9.9178,10.6635,11.3156,12.4527,13.5241,14.1749,14.6614
10 January 2006,1289.69,1.7494,9.7345,10.579,11.2627,12.4098,13.5303,14.1729,14.6491
11 January 2006,1294.18,1.7463,9.9965,10.6279,11.2728,12.4236,13.5393,14.1836,14.6564
12 January 2006,1286.06,1.7575,10.2766,10.9141,11.5502,12.6419,13.6468,14.2708,14.7307
13 January 2006,1287.61,1.7553,10.1807,10.8927,11.5232,12.6327,13.6198,14.2273,14.6748
17 January 2006,1282.93,1.7618,10.8674,11.4637,12.0182,12.9499,13.8033,14.3656,14.7937
18 January 2006,1277.93,1.77,10.9912,11.6102,12.1462,13.0708,13.9247,14.4796,14.9076
19 January 2006,1285.04,1.7603,10.3931,11.2534,11.8245,12.8249,13.7775,14.3959,14.8254
20 January 2006,1261.48,1.7932,12.2731,12.6588,13.0721,13.844,14.508,15.0036,15.3608
23 January 2006,1263.83,1.7899,11.8024,12.4882,12.9652,13.6889,14.4482,14.8236,15.2169
24 January 2006,1266.86,1.7858,11.1771,11.8595,12.3992,13.306,14.0909,14.6116,15.0336
25 January 2006,1264.68,1.7893,11.0807,11.8358,12.3314,13.1792,14.0324,14.4891,14.8737
26 January 2006,1273.83,1.7764,10.5251,11.3458,11.8889,12.828,13.8633,14.3509,14.7532
27 January 2006,1283.72,1.7634,10.2881,11.0293,11.5602,12.5914,13.6327,14.1715,14.5683
30 January 2006,1285.2,1.7617,10.6387,11.2279,11.7033,12.5864,13.6373,14.1769,14.5638
31 January 2006,1280.09,1.7689,11.0409,11.4451,11.8614,12.769,13.8087,14.2734,14.6606
01 February 2006,1282.46,1.7656,10.8201,11.2883,11.7309,12.6901,13.7092,14.2262,14.6138
02 February 2006,1270.84,1.7849,11.5192,11.8406,12.1728,13.0465,14.0062,14.4656,14.7906
03 February 2006,1264.03,1.7957,11.3847,11.7196,12.0506,13.0048,13.9711,14.4154,14.7796
06 February 2006,1265.02,1.7947,11.4178,11.8406,12.1712,13.0007,13.9984,14.4444,14.7474
07 February 2006,1254.78,1.8095,12.0067,12.3669,12.6502,13.4541,14.2856,14.6784,15.0153
08 February 2006,1265.65,1.8008,11.402,11.7652,12.1621,13.083,14.0307,14.4699,14.8551
09 February 2006,1263.78,1.804,11.4883,11.8701,12.2641,13.1596,14.077,14.5054,14.8627
10 February 2006,1266.99,1.8033,11.1726,11.6544,12.0399,12.9755,13.9224,14.3371,14.7178
13 February 2006,1262.86,1.8104,11.7063,12.0432,12.4116,13.2698,14.1153,14.4835,14.8372
14 February 2006,1275.53,1.7929,10.796,11.3099,11.8183,12.9186,13.8902,14.3358,14.7177
15 February 2006,1280,1.7891,10.4758,11.1036,11.6482,12.7704,13.8482,14.3253,14.7385
16 February 2006,1289.38,1.778,9.6846,10.3938,11.0302,12.3324,13.5261,14.1021,14.5353
17 February 2006,1287.24,1.781,9.8291,10.5602,11.1635,12.4047,13.5516,14.113,14.5411
21 February 2006,1283.03,1.7867,10.3869,10.862,11.2695,12.5329,13.6079,14.1481,14.5643
22 February 2006,1292.67,1.7744,9.6508,10.2502,10.9122,12.2053,13.3936,13.9653,14.4087
23 February 2006,1287.79,1.7842,9.9599,10.51,11.067,12.3237,13.4822,14.0542,14.4728
24 February 2006,1289.43,1.7854,9.8173,10.4927,10.947,12.3172,13.4227,13.9957,14.4536
27 February 2006,1294.12,1.7805,9.7595,10.3855,11.006,12.2699,13.4106,13.988,14.4163
28 February 2006,1280.66,1.7993,10.7997,11.2157,11.6229,12.755,13.7183,14.2231,14.6222
01 March 2006,1291.24,1.7876,9.8857,10.5701,11.147,12.3968,13.5176,14.0722,14.4866
02 March 2006,1289.14,1.7907,10.2191,10.7896,11.3277,12.5225,13.5836,14.1568,14.5914
03 March 2006,1287.23,1.7921,10.2914,10.7688,11.265,12.5949,13.6413,14.1906,14.6155
06 March 2006,1278.26,1.8048,11.2993,11.5018,11.8937,13.0066,13.9004,14.3904,14.7877
07 March 2006,1275.88,1.8093,11.3334,11.6342,12.0688,13.1537,14.0723,14.5358,14.9673
08 March 2006,1278.47,1.8059,11.2356,11.4759,11.9495,13.0615,14.0314,14.5012,14.9386
09 March 2006,1272.23,1.8147,11.307,11.5804,12.1068,13.2621,14.1404,14.5868,14.989
10 March 2006,1281.58,1.8015,10.7641,11.0864,11.6918,12.9246,13.9334,14.4011,14.7975
13 March 2006,1284.13,1.8001,10.7167,10.9719,11.6338,12.8129,13.8165,14.3056,14.7068
14 March 2006,1297.48,1.7816,10.2281,10.4456,11.1148,12.4549,13.5354,14.054,14.4725
15 March 2006,1303.02,1.7748,10.194,10.3354,11.0434,12.3457,13.419,13.9214,14.3497
16 March 2006,1305.33,1.7717,10.2621,10.4283,11.1683,12.3224,13.3303,13.8288,14.2608
17 March 2006,1307.25,1.7692,10.2746,10.5038,11.2124,12.4158,13.3727,13.8732,14.302
20 March 2006,1305.08,1.7727,10.21,10.7042,11.3493,12.4932,13.3973,13.9033,14.3344
21 March 2006,1297.23,1.7835,10.1238,10.7376,11.4558,12.5535,13.4407,13.9789,14.3885
22 March 2006,1305.04,1.7731,9.6988,10.3545,11.1105,12.2788,13.2464,13.7787,14.2194
23 March 2006,1301.67,1.7777,9.808,10.4495,11.1263,12.293,13.2424,13.776,14.2061
24 March 2006,1302.95,1.7759,9.6862,10.3169,11.0176,12.1907,13.1725,13.7282,14.1735
27 March 2006,1301.61,1.7777,10.0582,10.5522,11.164,12.2201,13.1864,13.7361,14.1802
28 March 2006,1293.22,1.7893,10.1785,10.6885,11.2394,12.3469,13.2877,13.8598,14.2827
29 March 2006,1302.89,1.7756,9.5993,10.1451,10.7202,11.9617,12.9861,13.5686,14.0276
30 March 2006,1300.25,1.7796,10.1803,10.5783,11.1248,12.2031,13.1304,13.6959,14.1394
31 March 2006,1294.83,1.7873,10.4064,10.7528,11.296,12.3166,13.1793,13.7428,14.1717
03 April 2006,1297.81,1.7782,10.2553,10.6286,11.156,12.1977,13.1099,13.7135,14.1639
04 April 2006,1305.94,1.7672,9.8759,10.3044,10.8615,11.9365,12.8617,13.4349,13.9172
05 April 2006,1311.56,1.76,9.8213,10.2744,10.8159,11.8129,12.784,13.3645,13.834
06 April 2006,1309.04,1.7641,10.1898,10.4228,10.8349,11.7926,12.7077,13.2942,13.7611
07 April 2006,1295.5,1.7826,10.9936,11.1251,11.4008,12.215,12.9469,13.5089,13.925
10 April 2006,1296.61,1.7817,11.0655,11.1549,11.476,12.2839,13.0287,13.5669,13.9839
11 April 2006,1286.58,1.7966,11.835,11.8029,12.0355,12.7692,13.403,13.8941,14.2919
12 April 2006,1288.13,1.7946,11.4842,11.6392,11.9284,12.6398,13.3145,13.8308,14.2313
13 April 2006,1289.12,1.7929,11.0605,11.4302,11.7925,12.5924,13.2991,13.831,14.2389
17 April 2006,1285.33,1.7982,11.503,11.7613,12.0725,12.7526,13.4273,13.9346,14.3177
18 April 2006,1307.65,1.7676,10.2074,10.6604,11.1351,12.1034,13.0181,13.5493,13.9781
19 April 2006,1309.93,1.7655,9.8372,10.4184,10.9559,11.974,12.9152,13.4653,13.8759
20 April 2006,1311.46,1.7629,9.8241,10.3766,10.919,11.961,12.9028,13.4456,13.8744
21 April 2006,1311.28,1.7635,9.8557,10.4808,11.0191,12.0605,12.9546,13.4687,13.8757
24 April 2006,1308.11,1.7674,9.9684,10.4976,10.8956,12.1096,12.9859,13.4826,13.8947
25 April 2006,1301.74,1.7761,10.0199,10.5718,10.9626,12.1767,13.0687,13.556,13.9563
26 April 2006,1305.41,1.7719,9.8953,10.4475,10.8701,12.1348,13.1281,13.6391,14.0207
27 April 2006,1309.72,1.7683,9.9697,10.4748,10.8598,12.1584,13.1164,13.6424,14.0267
28 April 2006,1310.61,1.7671,9.8313,10.3637,10.843,12.1919,13.1614,13.6879,14.104
01 May 2006,1305.19,1.7745,10.6064,10.889,11.2314,12.4223,13.3628,13.8713,14.2623
02 May 2006,1313.21,1.7636,10.3254,10.6516,11.047,12.3907,13.2869,13.7415,14.1257
03 May 2006,1307.85,1.7728,10.3194,10.7043,11.1094,12.3597,13.2409,13.6981,14.0713
04 May 2006,1312.25,1.7674,10.2863,10.5823,10.9435,12.2307,13.1526,13.6165,13.9885
05 May 2006,1325.76,1.7496,9.8155,10.1948,10.6464,12.0287,12.9922,13.501,13.9144
08 May 2006,1324.66,1.7523,10.3551,10.5832,10.9552,12.1412,13.0606,13.5373,13.8849
09 May 2006,1325.14,1.7518,10.3185,10.5356,10.925,12.0591,12.9661,13.4485,13.8097
10 May 2006,1322.85,1.7594,10.3439,10.4694,10.8938,12.0656,12.9549,13.3961,13.714
11 May 2006,1305.92,1.7838,10.8918,11.0541,11.3803,12.3375,13.228,13.682,13.9566
12 May 2006,1291.24,1.8082,12.0585,12.0626,12.2577,12.9577,13.6139,13.9839,14.2028
15 May 2006,1294.5,1.8026,11.417,11.6719,11.939,12.6867,13.4048,13.8062,14.0463
16 May 2006,1292.08,1.8064,11.355,11.5997,11.8356,12.6213,13.3307,13.7184,13.9836
17 May 2006,1270.32,1.8407,13.6716,13.4278,13.4045,13.745,14.218,14.4267,14.5967
18 May 2006,1261.81,1.854,14.2812,13.9292,13.8902,14.1766,14.5675,14.774,14.916
19 May 2006,1267.03,1.8455,13.7218,13.681,13.7212,14.0863,14.4941,14.7413,14.9524
22 May 2006,1262.07,1.8529,14.5078,14.1713,14.0987,14.3332,14.6666,14.9052,15.0894
23 May 2006,1256.58,1.8611,14.9454,14.39,14.1893,14.394,14.715,14.9432,15.1282
24 May 2006,1258.57,1.8589,14.312,14.3851,14.1973,14.568,14.8446,15.0469,15.2087
25 May 2006,1272.88,1.8391,12.6885,13.0232,13.2787,13.9477,14.4682,14.7618,15.0021
26 May 2006,1280.16,1.8315,11.7308,12.3803,12.7032,13.6087,14.2883,14.6907,14.9795
30 May 2006,1259.84,1.8621,15.7285,15.2967,15.1496,15.4,15.5822,15.7824,15.9107
31 May 2006,1270.09,1.8505,13.8618,14.0762,14.2457,14.8312,15.2356,15.4911,15.6588
01 June 2006,1285.71,1.8284,12.1677,12.741,13.1516,14.0182,14.6805,15.0334,15.2813
02 June 2006,1288.22,1.8224,11.8368,12.5446,13.0673,14.052,14.7048,15.0455,15.2913
05 June 2006,1265.29,1.8561,14.6027,14.5443,14.7017,15.1162,15.3644,15.582,15.7439
06 June 2006,1263.85,1.859,15.0768,15.1404,15.2034,15.4531,15.6481,15.7791,15.9027
07 June 2006,1256.15,1.8729,15.3807,15.6523,15.6607,15.9487,16.0026,16.0965,16.2312
08 June 2006,1257.93,1.8714,15.5058,15.8013,15.7828,15.948,15.9932,16.0244,16.1525
09 June 2006,1252.3,1.8798,15.5668,15.7673,15.7517,15.9332,16.0663,16.1818,16.3323
12 June 2006,1236.4,1.904,17.6177,17.3789,17.059,16.8919,16.7451,16.7483,16.8472
13 June 2006,1223.69,1.9275,19.5341,18.92,18.3301,17.7443,17.4367,17.2959,17.3517
14 June 2006,1230.04,1.9181,17.9046,17.6492,17.3363,17.1696,17.0694,17.0436,17.0894
15 June 2006,1256.16,1.8783,13.5606,13.5399,13.9731,14.7407,15.1901,15.5065,15.8183
16 June 2006,1251.54,1.8853,13.8203,14.4468,14.6284,15.1851,15.5322,15.7263,15.9634
19 June 2006,1240.14,1.9025,14.8502,15.3343,15.5479,15.6969,15.8451,15.9742,16.1276
20 June 2006,1240.12,1.9026,14.1178,14.8761,15.0786,15.4927,15.6139,15.6798,15.8899
21 June 2006,1252.21,1.8846,12.9793,13.5031,13.8547,14.4626,14.7801,14.9717,15.1848
22 June 2006,1245.6,1.8973,13.4159,14.0226,14.1972,14.7567,15.0966,15.159,15.3326
23 June 2006,1244.5,1.899,13.6705,14.0365,14.3974,14.8286,15.113,15.212,15.4005
26 June 2006,1250.56,1.8898,13.3737,13.7365,13.8214,14.4707,14.7821,14.9054,15.0099
27 June 2006,1239.2,1.9072,14.5266,14.5835,14.6354,15.0028,15.2482,15.3052,15.3236
28 June 2006,1246,1.8982,13.9593,14.3237,14.4475,14.9065,15.2546,15.3729,15.3415
29 June 2006,1272.87,1.8583,11.2035,11.8499,12.3872,13.4608,14.2825,14.5912,14.7807
30 June 2006,1270.2,1.8624,11.691,12.4995,12.9115,13.7322,14.4759,14.7815,14.9311
03 July 2006,1280.19,1.848,11.3813,12.1267,12.6296,13.5427,14.377,14.7121,14.8628
05 July 2006,1270.91,1.8624,12.3916,13.099,13.5815,14.2731,14.8408,15.1209,15.2413
06 July 2006,1274.08,1.8584,12.0651,12.9082,13.4598,14.149,14.7409,14.9973,15.1542
07 July 2006,1265.48,1.871,12.3899,13.3936,13.9753,14.6351,15.2112,15.443,15.5754
10 July 2006,1267.34,1.8683,12.5238,13.4404,13.9943,14.6099,15.1181,15.3793,15.5182
11 July 2006,1272.52,1.8608,11.5949,12.7617,13.4406,14.2349,14.9408,15.2498,15.4312
12 July 2006,1258.6,1.8822,13.1867,13.9099,14.3557,14.8806,15.3866,15.5972,15.6753
13 July 2006,1242.29,1.9072,15.8949,15.8532,15.9165,16.1556,16.2998,16.4129,16.5939
14 July 2006,1236.2,1.9166,16.0164,16.021,16.1108,16.358,16.5624,16.6517,16.6915
17 July 2006,1234.49,1.9192,16.44,16.2218,16.2185,16.3044,16.4805,16.6029,16.5726
18 July 2006,1236.86,1.9205,15.5863,15.5411,15.6699,15.8832,16.2469,16.417,16.4049
19 July 2006,1259.81,1.8867,13.2465,13.6055,13.9079,14.5345,15.1709,15.5236,15.6597
20 July 2006,1249.13,1.9028,14.1411,14.3759,14.6435,15.1073,15.5774,15.8608,15.928
21 July 2006,1240.29,1.9168,15.1758,15.0585,15.2036,15.4831,15.8167,16.0396,16.1227
24 July 2006,1260.91,1.8856,12.9148,13.3863,13.9107,14.366,15.0379,15.41,15.6585
25 July 2006,1268.88,1.8738,12.4287,13.0271,13.4553,14.0834,14.8497,15.2503,15.5426
26 July 2006,1268.4,1.8746,12.5236,13.1125,13.4935,14.1395,14.8934,15.2992,15.5759
27 July 2006,1263.2,1.8833,13.1608,13.6886,13.9949,14.5313,15.1689,15.5033,15.7334
28 July 2006,1278.55,1.8611,12.4243,13.1526,13.6041,14.2274,14.9174,15.2865,15.5797
31 July 2006,1276.66,1.8631,13.0314,13.5906,13.9522,14.437,15.0503,15.3843,15.6739
01 August 2006,1270.92,1.869,13.0958,13.7477,14.1446,14.6158,15.2065,15.4991,15.7325
02 August 2006,1278.55,1.8595,12.6049,13.2615,13.723,14.337,15.1047,15.3879,15.6351
03 August 2006,1280.27,1.8605,12.9461,13.4123,13.8323,14.4418,15.1483,15.4599,15.7113
04 August 2006,1279.36,1.8622,12.6398,13.3227,13.7444,14.3229,15.0718,15.3992,15.6411
07 August 2006,1275.77,1.8677,13.4551,13.9163,14.2451,14.7209,15.3376,15.5902,15.8081
08 August 2006,1271.48,1.8756,13.3915,14.0312,14.3562,14.763,15.3466,15.6288,15.9082
09 August 2006,1265.95,1.8867,13.7103,14.2591,14.5447,14.9049,15.4359,15.7085,15.9633
10 August 2006,1271.81,1.8801,12.7547,13.5811,14.0171,14.551,15.2009,15.4921,15.7798
11 August 2006,1266.74,1.889,12.8054,13.6214,14.0827,14.6508,15.343,15.6639,15.9169
14 August 2006,1268.21,1.8876,12.8167,13.6738,14.0906,14.674,15.3325,15.658,15.899
15 August 2006,1285.58,1.8631,11.7298,12.752,13.3309,14.2042,15.0417,15.4469,15.76
16 August 2006,1295.43,1.8521,10.9391,12.1231,12.7498,13.6917,14.5767,15.0507,15.4558
17 August 2006,1297.48,1.8499,10.5545,11.6306,12.3508,13.4412,14.4609,14.9391,15.3303
18 August 2006,1302.3,1.8431,9.9647,11.1587,11.9399,13.1755,14.2261,14.7282,15.1185
21 August 2006,1297.52,1.8498,10.4978,11.5613,12.1486,13.3452,14.4394,14.93,15.2334
22 August 2006,1298.82,1.848,10.4781,11.512,12.1726,13.326,14.4047,14.8672,15.1904
23 August 2006,1292.99,1.8578,10.7203,11.7537,12.3268,13.4858,14.4749,14.9318,15.2534
24 August 2006,1296.06,1.8536,10.6023,11.6161,12.2151,13.4108,14.4292,14.8915,15.2163
25 August 2006,1295.09,1.8559,10.5626,11.5796,12.1657,13.2957,14.4002,14.8668,15.1957
28 August 2006,1301.79,1.8464,10.5546,11.4072,11.9724,13.1819,14.2241,14.7034,15.0399
29 August 2006,1304.28,1.8444,10.4224,11.2912,11.9131,13.1288,14.1422,14.6183,14.9612
30 August 2006,1304.27,1.8489,10.4296,11.2736,11.9061,13.055,14.0663,14.5773,14.8784
31 August 2006,1303.82,1.8498,10.6237,11.4559,12.0306,13.0481,14.0546,14.5892,14.9259
01 September 2006,1311.01,1.8399,10.1977,11.1488,11.7975,12.9115,13.958,14.4529,14.7567
05 September 2006,1313.25,1.8378,10.9431,11.5173,12.0589,13.0709,13.988,14.4818,14.7915
06 September 2006,1300.26,1.8584,12.2294,12.4941,12.9744,13.7247,14.4967,14.8702,15.1068
07 September 2006,1294.02,1.8679,12.4014,12.7674,13.2354,13.9139,14.5855,14.9112,15.1018
08 September 2006,1298.92,1.8608,11.5705,12.1117,12.7082,13.5256,14.3434,14.7142,14.9547
11 September 2006,1299.54,1.8592,11.6217,12.2349,12.7486,13.5675,14.3889,14.7506,14.9779
12 September 2006,1313.11,1.8411,10.7999,11.4575,12.2085,13.1708,14.047,14.4283,14.7383
13 September 2006,1318.07,1.8359,10.4137,11.1838,11.9099,12.961,13.8923,14.3073,14.6166
14 September 2006,1316.28,1.8392,11.0578,11.4311,12.3002,13.258,14.0589,14.4593,14.7874
15 September 2006,1319.87,1.8326,10.2338,11.2255,12.0458,13.0624,13.8761,14.2689,14.6086
18 September 2006,1321.18,1.8324,10.2232,11.4167,12.1789,13.0589,13.961,14.2743,14.5837
19 September 2006,1318.31,1.8364,10.4044,11.7495,12.3463,13.3454,14.1491,14.4183,14.7161
20 September 2006,1325.18,1.8273,9.9077,11.1803,11.9773,13.0547,13.902,14.2811,14.5745
21 September 2006,1318.03,1.84,10.8248,11.8491,12.538,13.4735,14.1557,14.4313,14.6996
22 September 2006,1314.78,1.8445,11.1577,12.0993,12.7174,13.5116,14.1525,14.4783,14.7298
25 September 2006,1326.37,1.8284,10.508,11.5955,12.3551,13.226,13.937,14.2728,14.5853
26 September 2006,1336.34,1.8149,9.9242,11.0332,11.8623,12.8661,13.6756,14.0895,14.4417
27 September 2006,1336.59,1.8167,10.1098,11.2812,12.1049,13.0674,13.7144,14.1193,14.4618
28 September 2006,1339.15,1.8108,10.0596,11.2907,12.1046,13.116,13.8177,14.1277,14.4118
29 September 2006,1335.85,1.8155,10.4258,11.5821,12.4185,13.3265,13.9466,14.2412,14.5194
02 October 2006,1331.32,1.8274,10.8016,11.8962,12.6108,13.4192,14.0315,14.2966,14.5573
03 October 2006,1334.11,1.8235,10.7656,11.8321,12.4795,13.3896,13.9919,14.2754,14.5459
04 October 2006,1350.22,1.8027,10.1437,11.39,12.1844,13.081,13.8278,14.1592,14.4579
05 October 2006,1353.22,1.7994,10.3957,11.5186,12.2255,13.0585,13.8173,14.1591,14.4603
06 October 2006,1349.58,1.8042,9.9,11.2052,11.9602,12.912,13.7866,14.1218,14.413
09 October 2006,1350.66,1.8028,10.2918,11.348,11.983,12.9156,13.756,14.1341,14.4313
10 October 2006,1353.42,1.7993,9.9479,11.1968,11.8791,12.8604,13.7736,14.1257,14.3983
11 October 2006,1349.95,1.8047,10.5692,11.4014,12.0643,13.0833,13.8881,14.2472,14.4498
12 October 2006,1362.83,1.7877,9.7959,10.8501,11.5499,12.6067,13.5612,14.0128,14.2942
13 October 2006,1365.62,1.7841,9.6625,10.5531,11.2579,12.4421,13.4438,13.9168,14.2319
16 October 2006,1369.06,1.7797,9.8806,10.769,11.4044,12.4926,13.4995,13.9535,14.2689
17 October 2006,1364.05,1.7857,10.388,11.2672,11.8327,12.7805,13.7075,14.1158,14.3804
18 October 2006,1365.96,1.7842,10.0883,11.1215,11.729,12.7106,13.6376,14.0664,14.3784
19 October 2006,1366.96,1.7838,9.4518,10.8508,11.5259,12.6045,13.5471,13.9805,14.3089
20 October 2006,1368.6,1.7818,9.1785,10.4758,11.157,12.2756,13.2624,13.6123,13.9096
23 October 2006,1377.02,1.771,9.703,10.5223,10.8816,12.2391,13.208,13.618,13.9177
24 October 2006,1377.38,1.7705,9.5914,10.333,10.7239,12.1546,13.1582,13.5621,13.8673
25 October 2006,1382.23,1.7644,9.5669,10.1885,10.5249,11.9233,12.9289,13.3602,13.7035
26 October 2006,1389.09,1.7606,9.3587,9.8511,10.1344,11.6924,12.7125,13.1544,13.5498
27 October 2006,1377.34,1.7769,9.8316,10.3581,10.6517,11.9377,12.8801,13.3268,13.6791
30 October 2006,1377.93,1.7764,10.1057,10.4218,10.7415,12.0082,12.8988,13.3184,13.6852
31 October 2006,1377.94,1.7764,9.9452,10.3336,10.7185,11.9924,12.8761,13.2674,13.6332
01 November 2006,1367.81,1.7908,10.3704,10.7891,11.1568,12.2648,13.1197,13.4659,13.8037
02 November 2006,1367.34,1.794,10.2689,10.7583,11.1766,12.2981,13.1362,13.4862,13.8285
03 November 2006,1364.3,1.7995,10.0653,10.636,11.0804,12.2577,13.1837,13.4947,13.8027
06 November 2006,1379.78,1.7775,9.9875,10.2808,10.7311,12.021,12.9326,13.2825,13.6205
07 November 2006,1382.84,1.7737,10.1115,10.3616,10.8021,11.9296,12.8014,13.151,13.505
08 November 2006,1385.72,1.7748,9.8464,10.064,10.5456,11.7539,12.6386,13.0066,13.4316
09 November 2006,1378.33,1.7863,10.1767,10.311,10.7938,11.9345,12.7744,13.1269,13.5228
10 November 2006,1380.9,1.7862,9.8983,10.1583,10.689,11.8613,12.7261,13.0982,13.4898
13 November 2006,1384.42,1.786,9.9676,10.1878,10.726,11.8479,12.7483,13.1115,13.4934
14 November 2006,1393.22,1.7729,9.5687,9.9769,10.5433,11.6966,12.6264,13.0475,13.4695
15 November 2006,1396.57,1.7701,9.3259,9.6827,10.3261,11.5712,12.5369,13.0262,13.4778
16 November 2006,1399.76,1.7668,9.1232,9.6355,10.2516,11.5388,12.5558,13.1164,13.574
17 November 2006,1401.2,1.7638,8.7564,9.4547,10.1771,11.5324,12.5442,13.1109,13.5837
20 November 2006,1400.5,1.7659,8.8418,9.5393,10.2192,11.5098,12.5952,13.144,13.5974
21 November 2006,1402.81,1.7633,8.7083,9.7132,10.4328,11.6895,12.7731,13.3338,13.7811
22 November 2006,1406.09,1.7605,8.8334,9.9498,10.8091,12.0272,13.0087,13.5209,13.9499
24 November 2006,1400.95,1.7681,9.4344,10.5206,11.359,12.4038,13.3024,13.7517,14.1498
27 November 2006,1381.9,1.7924,10.8165,11.655,12.2919,13.1488,13.8377,14.1546,14.4587
28 November 2006,1386.72,1.7899,10.0533,11.023,11.8901,12.9082,13.6357,14.0013,14.3309
29 November 2006,1399.48,1.7779,9.2822,10.2506,11.1839,12.3559,13.1471,13.5575,13.9393
30 November 2006,1400.63,1.7765,9.4221,10.3719,11.2811,12.3868,13.1672,13.5829,13.9613
01 December 2006,1396.71,1.7787,9.9543,10.8247,11.6855,12.7119,13.3753,13.7309,14.0768
04 December 2006,1409.12,1.7631,9.5408,10.4845,11.3501,12.4412,13.1703,13.5614,13.912
05 December 2006,1414.76,1.7566,9.5482,10.4841,11.3938,12.4389,13.1862,13.582,13.9353
06 December 2006,1412.9,1.7606,10.0629,10.7578,11.5045,12.528,13.2333,13.5902,13.9287
07 December 2006,1407.29,1.7675,10.9029,11.6576,12.2961,13.1339,13.6337,13.9204,14.2132
08 December 2006,1409.84,1.7645,10.4761,11.3692,12.064,12.9438,13.5296,13.8375,14.1419
11 December 2006,1413.04,1.7605,10.4464,11.3149,11.972,12.896,13.472,13.7701,14.0981
12 December 2006,1411.56,1.7646,9.9866,11.1652,11.8755,12.8691,13.5154,13.8275,14.1401
13 December 2006,1413.21,1.7642,9.5166,10.8709,11.6263,12.775,13.5048,13.6095,14.0536
14 December 2006,1425.49,1.7531,8.9012,10.3098,11.2556,12.5814,13.3724,13.7037,14.0489
15 December 2006,1427.09,1.7486,9.0816,10.6164,11.5529,12.7407,13.5062,13.7749,14.0247
18 December 2006,1422.48,1.7554,9.1756,10.7859,11.6235,10.3193,13.8417,13.9481,14.2237
19 December 2006,1425.55,1.7519,8.7906,10.6397,11.416,12.7465,13.5235,13.8185,14.1487
20 December 2006,1423.53,1.7541,8.776,10.614,11.4103,12.7692,13.5739,13.8782,14.2
21 December 2006,1418.3,1.763,8.9306,10.8429,11.6349,12.9728,13.6692,13.9752,14.2994
22 December 2006,1410.77,1.7726,9.6869,11.2004,11.858,13.1533,13.9188,14.1815,14.4675
26 December 2006,1416.9,1.765,9.8026,11.1199,11.8331,13.0626,13.8385,14.1019,14.4147
27 December 2006,1426.84,1.7616,9.1527,10.647,11.5987,12.8877,13.7542,14.0383,14.3425
28 December 2006,1424.73,1.7637,9.3767,10.9151,11.8462,13.015,13.8571,14.1459,14.4572
29 December 2006,1418.3,1.7719,10.0707,11.3485,12.1452,13.28,14.0086,14.2926,14.5784
03 January 2007,1416.6,1.775,10.5383,11.5175,12.2136,13.3022,13.9976,14.309,14.5891
04 January 2007,1418.34,1.7806,10.1779,11.2138,11.9454,13.1164,13.9147,14.2938,14.5675
05 January 2007,1409.71,1.7915,10.6961,11.6067,12.2884,13.3326,14.0618,14.4167,14.738
08 January 2007,1412.84,1.7889,10.7577,11.6327,12.2785,13.2484,14.0019,14.3429,14.6347
09 January 2007,1412.11,1.7898,10.7324,11.611,12.2429,13.21,13.979,14.2991,14.6004
10 January 2007,1414.85,1.7882,10.5662,11.2684,11.9275,13.0397,13.8129,14.1463,14.4633
11 January 2007,1423.83,1.7747,9.7887,10.7509,11.4982,12.7049,13.5809,13.9453,14.3201
12 January 2007,1430.73,1.7662,9.4284,10.3874,11.1914,12.3865,13.3541,13.7321,14.1455
16 January 2007,1431.9,1.7648,9.5639,10.5646,11.2845,12.4156,13.2982,13.682,14.12
17 January 2007,1430.62,1.7673,9.4172,10.4536,11.1713,12.2899,13.2677,13.665,14.0981
18 January 2007,1426.37,1.773,9.387,10.4386,11.194,12.3602,13.3128,13.6833,14.1073
19 January 2007,1430.5,1.7682,8.9452,10.0598,10.8686,12.1197,13.107,13.4794,13.9124
22 January 2007,1422.96,1.7777,9.5043,10.3767,11.0801,12.3748,13.255,13.6641,13.9773
23 January 2007,1427.99,1.7715,9.0784,9.9381,10.5525,12.0642,13.0136,13.4094,13.7029
24 January 2007,1440.13,1.7568,8.6367,9.495,10.1458,11.7055,12.7896,13.2322,13.5275
25 January 2007,1423.9,1.7765,9.8625,10.4422,10.9198,12.2105,13.1071,13.508,13.8144
26 January 2007,1422.18,1.7787,9.8084,10.4319,10.9258,12.1726,13.0653,13.4859,13.8287
29 January 2007,1420.62,1.7844,10.2636,10.6615,11.0897,12.2664,13.1184,13.5255,13.8558
30 January 2007,1428.82,1.7743,9.708,10.2367,10.7789,12.0484,12.9192,13.3659,13.7003
31 January 2007,1438.24,1.7638,9.2346,9.8424,10.4402,11.7765,12.7342,13.218,13.55
01 February 2007,1445.94,1.7525,9.1094,9.7483,10.4022,11.7295,12.7236,13.1962,13.5455
02 February 2007,1448.39,1.749,8.7392,9.6079,10.344,11.7082,12.7732,13.2626,13.6137
05 February 2007,1446.99,1.7523,9.287,9.9483,10.645,11.9401,12.8763,13.3236,13.6647
06 February 2007,1448,1.7509,9.1426,9.8506,10.597,11.9237,12.8909,13.2534,13.5947
07 February 2007,1450.02,1.7531,9.1684,9.7427,10.4734,11.8039,12.8094,13.1984,13.5633
08 February 2007,1448.31,1.7554,9.3502,9.9169,10.6215,11.913,12.9023,13.3307,13.69
09 February 2007,1438.06,1.7681,9.8297,10.3774,11.0592,12.2953,13.1535,13.5772,13.9023
12 February 2007,1433.37,1.7696,10.2895,10.7722,11.4064,12.5075,13.3071,13.7291,14.0604
13 February 2007,1444.26,1.7582,9.0688,9.8244,10.6439,11.9206,12.9065,13.3944,13.7627
14 February 2007,1455.3,1.7476,8.9406,9.6774,10.4519,11.7438,12.7484,13.2858,13.6557
15 February 2007,1456.81,1.7474,8.715,9.662,10.4475,11.7212,12.7841,13.3327,13.6746
16 February 2007,1455.54,1.7497,8.7135,9.5596,10.3854,11.6823,12.7619,13.31,13.6613
20 February 2007,1459.68,1.7447,8.9315,9.6145,10.4718,11.7705,12.8194,13.3677,13.7042
21 February 2007,1457.63,1.7467,8.9073,9.6404,10.562,11.8036,12.8717,13.389,13.73
22 February 2007,1456.38,1.751,9.0018,9.7312,10.6256,11.8925,13.011,13.5379,13.8298
23 February 2007,1451.19,1.7585,9.254,10.0703,10.957,12.095,13.1607,13.6586,13.9805
26 February 2007,1449.38,1.7616,9.801,10.4881,11.2768,12.27,13.3408,13.7789,14.0592
27 February 2007,1399.04,1.8255,16.0056,15.4407,15.3595,15.2578,15.4314,15.5179,15.6384
28 February 2007,1406.82,1.8187,13.8021,13.6076,13.607,14.0233,14.4076,14.6572,14.8378
01 March 2007,1403.17,1.8223,13.7701,13.4939,13.5237,13.7109,14.1138,14.5662,14.745
02 March 2007,1387.17,1.8429,16.2117,15.362,14.9939,15.0068,15.0416,15.0598,15.0779
05 March 2007,1374.12,1.8612,16.7441,16.1855,15.7369,15.2626,15.2825,15.1483,15.1918
06 March 2007,1395.41,1.8341,13.536,13.8366,13.6976,13.885,14.3119,14.5412,14.7616
07 March 2007,1391.97,1.8425,13.1748,13.4473,13.4705,13.6874,14.2407,14.4904,14.6809
08 March 2007,1401.89,1.8299,12.5226,12.9716,12.9861,13.3365,13.882,14.2638,14.4791
09 March 2007,1402.85,1.8284,12.2673,12.7749,12.7839,13.2129,13.852,14.25,14.5638
12 March 2007,1406.6,1.8236,11.7189,12.3968,12.5446,13.1485,13.7443,14.2051,14.5029
13 March 2007,1377.95,1.8629,15.1036,15.3571,14.8555,14.8432,14.808,14.9328,15.1879
14 March 2007,1387.17,1.8518,14.2923,14.7089,14.4674,14.4338,14.5852,14.7399,14.9536
15 March 2007,1392.28,1.8452,12.9322,14.074,14.1273,14.2748,14.4577,14.6826,14.8251
16 March 2007,1386.95,1.8523,13.9081,14.7539,14.6129,14.5879,14.6952,14.8568,15.0747
19 March 2007,1402.06,1.8325,12.5323,13.5409,13.5088,13.8888,14.1395,14.5771,14.8003
20 March 2007,1410.94,1.8248,11.2345,12.5779,12.7871,13.3505,13.7453,14.2436,14.4832
21 March 2007,1435.04,1.8193,10.1087,10.9954,11.4676,12.3823,13.0139,13.6939,13.9804
22 March 2007,1434.54,1.82,10.742,11.5972,11.8504,12.6401,13.1486,13.7722,14.0315
23 March 2007,1436.11,1.7947,10.847,11.7869,12.0012,12.7799,13.21,13.8402,14.0968
26 March 2007,1437.5,1.794,11.0861,11.8251,12.0306,12.8344,13.2894,13.9399,14.1993
27 March 2007,1428.61,1.8052,11.8154,12.448,12.5234,13.1468,13.4356,14.0372,14.3051
28 March 2007,1417.23,1.823,13.3613,13.6477,13.5428,13.892,13.8696,14.3902,14.609
29 March 2007,1422.53,1.8165,13.1678,13.5697,13.5522,13.8195,13.8566,14.33,14.5521
30 March 2007,1420.86,1.8187,12.9411,13.4097,13.4295,13.7664,13.8225,14.3045,14.5245
02 April 2007,1424.55,1.825,12.7764,13.2089,13.3103,13.6754,13.8003,14.2651,14.5002
03 April 2007,1437.77,1.8243,11.8689,12.4899,12.6952,13.2518,13.5654,14.0525,14.3146
04 April 2007,1439.37,1.8225,11.5425,12.4368,12.7444,13.3074,13.5541,14.0429,14.2924
05 April 2007,1443.76,1.8182,11.0785,12.1087,12.5378,13.0947,13.4613,13.9743,14.231
09 April 2007,1444.61,1.8182,11.5762,12.2255,12.5727,13.1113,13.4765,13.9813,14.2269
10 April 2007,1448.39,1.814,10.9019,11.7875,12.2631,12.9452,13.3549,13.8916,14.138
11 April 2007,1438.87,1.827,11.8611,12.405,12.7799,13.3143,13.6049,14.1102,14.3542
12 April 2007,1447.8,1.8158,11.1511,11.8041,12.2493,12.9825,13.4263,13.9651,14.1838
13 April 2007,1452.85,1.8096,10.6162,11.4703,11.9934,12.7791,13.3102,13.8785,14.1227
16 April 2007,1468.47,1.7895,10.4355,11.3013,11.761,12.5398,13.171,13.7422,13.9998
17 April 2007,1471.48,1.7859,10.3213,11.2297,11.7008,12.4973,13.1179,13.7136,13.9738
18 April 2007,1472.5,1.7849,10.5403,11.4745,11.9119,12.6474,13.215,13.7745,14.0308
19 April 2007,1470.73,1.7875,10.9584,11.6833,12.0843,12.7693,13.3113,13.8605,14.1022
20 April 2007,1484.35,1.7715,10.2042,11.1236,11.5989,12.4326,13.0593,13.6766,13.9413
23 April 2007,1480.93,1.7758,11.2264,11.7612,12.0385,12.6727,13.3043,13.9184,14.1345
24 April 2007,1480.41,1.7764,11.3141,11.7752,12.0765,12.7479,13.2946,13.8582,14.0353
25 April 2007,1495.42,1.7596,11.3636,11.6679,11.9624,12.6226,13.262,13.7977,14.0262
26 April 2007,1494.25,1.7618,11.1609,11.6602,11.9404,12.635,13.185,13.7106,13.954
27 April 2007,1494.07,1.7623,10.8155,11.454,11.8023,12.5563,13.2042,13.7358,14.0042
30 April 2007,1482.37,1.7762,12.4081,12.5882,12.7992,13.2642,13.6752,14.1157,14.3323
01 May 2007,1486.3,1.7711,11.7038,12.1195,12.3873,12.999,13.524,14.0014,14.2254
02 May 2007,1495.92,1.761,11.3241,11.798,12.1176,12.8245,13.4578,13.9958,14.2225
03 May 2007,1502.39,1.756,11.333,11.7885,12.1527,12.8559,13.3895,13.9736,14.2064
04 May 2007,1505.62,1.753,11.498,12.0143,12.3341,13.0234,13.5415,14.1005,14.3332
07 May 2007,1509.48,1.7488,11.5219,11.9578,12.2558,12.8924,13.4977,13.9803,14.2094
08 May 2007,1507.72,1.7524,11.6972,12.0709,12.3903,13.0164,13.5504,14.0172,14.2443
09 May 2007,1512.58,1.7503,11.2991,11.7378,12.1025,12.8772,13.4713,13.9631,14.1921
10 May 2007,1491.47,1.7765,12.381,12.677,12.9136,13.4822,13.8617,14.2476,14.4859
11 May 2007,1505.85,1.7602,11.617,12.1665,12.5515,13.2325,13.7015,14.1691,14.3986
14 May 2007,1503.15,1.7641,12.5,12.8163,13.0509,13.6177,13.9981,14.408,14.6332
15 May 2007,1501.19,1.7674,12.5609,12.9157,13.1618,13.7343,14.0613,14.4714,14.702
16 May 2007,1514.14,1.7562,11.8356,12.361,12.7546,13.4559,13.9026,14.3515,14.5839
17 May 2007,1512.75,1.7588,11.7583,12.3782,12.778,13.4619,14.0365,14.4693,14.6976
18 May 2007,1522.75,1.7472,10.9889,11.7789,12.3845,13.319,13.902,14.3149,14.5664
21 May 2007,1525.1,1.7445,11.3824,12.0368,12.5542,13.3582,13.9461,14.3368,14.5751
22 May 2007,1524.12,1.7456,11.1554,11.8939,12.517,13.3197,13.9126,14.3132,14.5527
23 May 2007,1522.28,1.748,11.4632,12.0628,12.7038,13.4738,14.0174,14.4058,14.6561
24 May 2007,1507.51,1.7667,12.3079,12.8446,13.439,13.9575,14.3643,14.6511,14.8807
25 May 2007,1515.73,1.7572,11.4567,12.3219,12.9315,13.6273,14.1251,14.4893,14.7352
29 May 2007,1518.11,1.7555,11.8789,12.4842,12.9613,13.6496,14.1438,14.4956,14.7589
30 May 2007,1530.23,1.7455,11.1806,11.9632,12.5689,13.363,13.9705,14.3522,14.6108
31 May 2007,1530.62,1.7424,11.2294,11.9953,12.6155,13.4349,14.0637,14.4445,14.6974
01 June 2007,1536.34,1.7343,11.0968,11.9528,12.6126,13.5017,14.1422,14.5238,14.7858
04 June 2007,1539.18,1.7316,11.5649,12.3142,12.8609,13.6881,14.2759,14.6281,14.8932
05 June 2007,1530.95,1.7422,12.2383,12.801,13.2441,13.9546,14.4522,14.7625,15.0302
06 June 2007,1517.38,1.7592,13.1352,13.6524,13.9438,14.4824,14.8574,15.0825,15.3375
07 June 2007,1490.72,1.7918,14.8558,15.1483,15.1123,15.3435,15.4248,15.5246,15.771
08 June 2007,1507.67,1.7717,13.2489,13.6201,13.8354,14.3169,14.6652,14.8419,15.092
11 June 2007,1509.12,1.77,13.5771,13.7484,13.8278,14.2661,14.5993,14.8098,15.0703
12 June 2007,1493,1.7891,14.4422,14.7115,14.6148,14.8478,14.9889,15.1301,15.3938
13 June 2007,1515.67,1.7597,13.1919,13.6404,13.7648,14.2076,14.6037,14.8111,15.085
14 June 2007,1522.97,1.7515,13.0223,13.0443,13.2722,13.8773,14.401,14.6687,14.9538
15 June 2007,1532.91,1.7402,12.535,13.1709,13.441,14.0756,14.5909,14.8196,15.0836
18 June 2007,1531.05,1.7425,12.0827,13.0153,13.3271,13.9869,14.5596,14.8299,15.1069
19 June 2007,1533.71,1.7396,11.5921,12.6333,13.0204,13.825,14.4715,14.7492,15.0243
20 June 2007,1512.84,1.7638,13.328,14.0906,14.2448,14.7647,15.1485,15.2853,15.5582
21 June 2007,1522.19,1.7553,12.9395,13.8434,14.0566,14.6289,15.1421,15.3001,15.498
22 June 2007,1502.56,1.7783,14.6476,15.0838,15.0413,15.3861,15.6516,15.7036,15.83
25 June 2007,1497.74,1.784,15.5116,15.5913,15.3903,15.6062,15.7574,15.7726,15.8974
26 June 2007,1492.89,1.79,17.0634,16.6222,16.2227,16.2246,16.2123,16.1319,16.2084
27 June 2007,1506.35,1.778,14.2531,14.6749,14.6817,14.9412,15.3764,15.5031,15.7133
28 June 2007,1505.71,1.778,14.2338,14.6239,14.6286,15.0056,15.4256,15.5534,15.7573
29 June 2007,1503.35,1.7809,15.0351,15.4033,15.3126,15.5044,15.7946,15.8354,15.9764
02 July 2007,1519.43,1.7648,14.0727,14.5849,14.7192,15.0614,15.4676,15.634,16.8146
03 July 2007,1524.87,1.7602,13.5353,14.2611,14.5349,14.9698,15.4389,15.589,16.8101
05 July 2007,1525.4,1.7597,13.808,14.3722,14.5979,15.0858,15.6211,15.8189,17.0761
06 July 2007,1530.44,1.7554,13.2651,14.0059,14.3515,14.887,15.4896,15.7027,16.9648
09 July 2007,1531.85,1.7577,13.6739,14.2456,14.579,15.0955,15.7175,15.906,17.1369
10 July 2007,1510.12,1.7831,15.8955,15.8762,15.9172,16.1342,16.443,16.4137,17.4968
11 July 2007,1518.76,1.7741,15.1119,15.3088,15.5557,15.9404,16.4188,16.4968,17.6837
12 July 2007,1547.7,1.7397,13.8988,14.4672,14.8871,15.5706,16.1444,16.3173,17.5336
13 July 2007,1552.5,1.7345,13.5802,14.4626,14.955,15.6077,16.1707,16.3378,17.6031
16 July 2007,1549.52,1.7378,14.3515,14.8854,15.2888,15.8961,16.4406,16.548,17.7789
17 July 2007,1549.37,1.7379,14.242,14.9461,15.3668,15.9798,16.5378,16.6258,17.8585
18 July 2007,1546.17,1.743,14.458,15.264,15.6813,16.2544,16.7806,16.851,18.0653
19 July 2007,1553.08,1.7358,13.6338,14.667,15.1919,15.9144,16.5211,16.6081,17.9272
20 July 2007,1534.1,1.7649,15.629,16.0454,16.3855,16.8303,17.2494,17.2814,18.4715
23 July 2007,1541.57,1.7564,15.1123,15.6092,16.2211,16.5542,17.0829,17.089,18.322
24 July 2007,1511.04,1.7919,17.0886,17.1808,17.6387,17.5831,17.7942,17.7113,18.9574
25 July 2007,1518.09,1.7838,16.46,16.5807,17.1204,17.2271,17.6134,17.5907,18.8064
26 July 2007,1482.67,1.8264,18.7148,17.9559,18.0802,17.6386,17.6239,17.5144,18.8151
27 July 2007,1458.95,1.8585,22.119,20.6615,20.1624,19.0182,18.559,18.2377,19.3956
30 July 2007,1473.91,1.8401,19.1017,18.7487,18.6213,17.9461,17.9456,17.8593,19.0331
31 July 2007,1455.28,1.8637,21.3257,20.7526,20.709,19.6122,19.2133,18.9109,20.0023
01 August 2007,1465.81,1.8518,20.9765,20.8434,20.731,19.8131,19.5027,19.3744,20.7226
02 August 2007,1472.2,1.8452,19.1573,19.4329,19.6655,19.2896,19.1579,19.0674,20.2885
03 August 2007,1433.06,1.8963,23.0753,22.5488,22.1395,21.0707,20.7981,20.6847,21.8087
06 August 2007,1467.67,1.8519,19.5458,19.964,20.0295,19.5942,19.9423,19.8969,21.1973
07 August 2007,1476.71,1.8408,18.9833,19.4458,19.5965,19.0939,19.4418,19.5451,20.8347
08 August 2007,1497.49,1.8208,18.8189,19.0774,19.0945,18.6498,19.0493,19.2292,20.5894
09 August 2007,1453.09,1.8773,23.0907,23.058,22.4245,20.8986,20.6593,20.5509,21.8347
10 August 2007,1453.64,1.8766,24.1094,23.9063,23.0068,21.3596,20.9946,20.9229,22.0666
13 August 2007,1452.92,1.8785,22.2653,22.4406,21.7705,20.4295,20.471,20.4035,21.6868
14 August 2007,1426.54,1.9137,24.9069,23.8775,22.9476,21.3199,21.0158,20.8999,22.0695
15 August 2007,1406.7,1.9443,27.3182,25.9849,24.6435,22.4752,21.699,21.4443,22.7732
16 August 2007,1411.27,1.9397,29.8527,26.3273,25.0689,22.7805,22.1481,21.8745,21.9865
17 August 2007,1445.94,1.8931,24.8921,24.728,23.8008,22.0077,21.6124,21.4844,22.9187
20 August 2007,1445.55,1.8937,23.0535,23.6957,22.6432,21.3154,21.2764,21.1956,22.535
21 August 2007,1447.12,1.8917,22.3079,23.0119,22.1327,20.7682,20.6342,20.5756,21.9721
22 August 2007,1464.07,1.8705,19.9855,20.8027,20.3812,19.271,19.2788,19.2653,20.6929
23 August 2007,1462.5,1.8728,19.5991,20.3156,20.1988,19.2562,19.3938,19.4243,20.8503
24 August 2007,1479.37,1.8524,17.2124,19.0766,19.2354,18.6406,18.9539,19.0064,20.5097
27 August 2007,1466.79,1.8667,19.6263,20.4384,20.3581,19.3552,19.4231,19.4211,20.799
28 August 2007,1432.36,1.9127,23.3317,23.6203,23.069,21.5157,21.0844,20.8753,22.1992
29 August 2007,1463.76,1.8862,20.7691,21.4111,21.3531,20.1376,20.0581,19.9548,21.2769
30 August 2007,1457.64,1.8947,22.0188,22.1542,21.9113,20.5908,20.3816,20.221,21.5192
31 August 2007,1473.99,1.8741,20.948,21.1932,21.049,19.9147,19.977,19.8898,21.2409
04 September 2007,1489.42,1.8546,19.9936,20.3344,20.2477,19.3543,19.5956,19.5655,20.9595
05 September 2007,1472.29,1.8814,22.236,22.1951,21.7136,20.2863,20.1084,19.961,21.252
06 September 2007,1478.55,1.8743,21.4119,21.8564,21.4218,20.1708,20.11,19.9234,21.2346
07 September 2007,1453.55,1.9068,24.1409,24.1142,23.2898,21.5615,20.9983,20.7024,21.8873
10 September 2007,1451.7,1.9092,25.116,24.7711,23.743,21.804,21.2043,20.8611,22.014
11 September 2007,1471.49,1.8835,22.9493,22.7537,22.2547,20.8514,20.4777,20.2166,21.4547
12 September 2007,1471.56,1.881,22.7505,22.6579,22.1994,20.8089,20.463,20.212,21.427
13 September 2007,1483.95,1.8657,22.3095,22.2104,21.8403,20.5584,20.3008,20.052,21.313
14 September 2007,1484.25,1.8653,22.1894,22.2336,21.8481,20.6078,20.3542,20.1141,21.3723
17 September 2007,1476.65,1.875,23.6345,23.2132,22.5569,21.0746,20.7472,20.4279,21.6866
18 September 2007,1519.78,1.8219,18.5872,19.0499,19.1827,18.8284,19.2208,19.186,20.4909
19 September 2007,1529.03,1.8112,17.7796,18.4072,18.4815,18.2353,18.6156,18.6957,20.038
20 September 2007,1518.75,1.8258,18.2122,18.7807,18.8819,18.5466,18.743,18.7491,20.1075
21 September 2007,1525.75,1.8175,16.6204,17.7369,17.9929,18.0074,18.3449,18.3761,19.6454
24 September 2007,1517.74,1.8263,17.0979,17.8615,18.1385,18.18,18.3112,18.4069,19.6183
25 September 2007,1517.22,1.8297,16.6725,17.472,17.7983,17.9514,18.1755,18.3432,19.4705
26 September 2007,1525.42,1.8217,15.8026,16.7196,17.1823,17.4646,17.8201,17.9898,19.1549
27 September 2007,1531.38,1.8122,15.3872,16.22,16.7121,17.042,17.3853,17.79,18.9985
28 September 2007,1526.75,1.8183,16.3024,16.9952,17.321,17.4203,17.6923,17.9299,19.1354
01 October 2007,1547.04,1.7942,15.8648,16.7133,17.0662,17.2021,17.6296,17.9613,19.1085
02 October 2007,1546.63,1.7943,16.1416,16.9767,17.2924,17.5053,17.8814,18.2472,19.3842
03 October 2007,1539.6,1.8046,16.5594,17.4757,17.8111,17.9762,18.314,18.5406,19.6753
04 October 2007,1542.84,1.8015,16.3778,17.1604,17.5317,17.9834,18.2895,18.6017,19.7484
05 October 2007,1557.59,1.7862,15.2357,16.1908,16.6946,17.348,17.7739,18.1186,19.4606
08 October 2007,1552.58,1.7904,15.4876,16.5368,17.0161,17.4688,17.9631,18.3174,19.531
09 October 2007,1565.15,1.7761,14.6527,15.7285,16.3198,17.014,17.6014,17.981,19.3136
10 October 2007,1562.47,1.7772,15.1133,16.3027,16.814,17.2809,17.8773,18.2369,19.5302
11 October 2007,1554.41,1.7869,17.2308,17.7801,17.9693,18.1944,18.6157,18.7963,20.1029
12 October 2007,1561.8,1.7784,16.3023,17.1712,17.5558,18.049,18.4967,18.7258,20.0195
15 October 2007,1548.71,1.7936,17.6899,18.3671,18.6028,18.928,19.1745,19.439,20.752
16 October 2007,1538.53,1.8055,18.2776,19.0588,19.2282,19.4097,19.5448,19.7089,20.935
17 October 2007,1541.24,1.8036,16.9213,18.308,18.5905,18.9218,19.3485,19.5822,20.7871
18 October 2007,1540.08,1.8054,16.6923,17.9753,18.3812,18.9682,19.4286,19.6674,20.9133
19 October 2007,1500.63,1.8529,20.7186,20.9375,20.8638,20.8776,20.8931,20.9558,21.9461
22 October 2007,1506.33,1.8459,19.7542,20.3092,20.0555,20.4443,20.497,20.5375,21.6563
23 October 2007,1519.59,1.8298,18.3837,19.0986,19.165,19.882,20.2176,20.375,21.5235
24 October 2007,1515.88,1.8344,19.1459,19.6247,19.6303,20.2663,20.5141,20.638,21.7271
25 October 2007,1514.41,1.836,19.6913,19.8803,19.8322,20.4044,20.6114,20.7209,21.831
26 October 2007,1535.28,1.8066,17.9827,18.5264,18.8376,19.7891,20.2531,20.47,21.6116
29 October 2007,1540.98,1.8018,18.118,18.4895,18.8268,19.7324,20.1944,20.4157,21.6215
30 October 2007,1531.02,1.8137,19.3179,19.3588,19.5398,20.2996,20.5906,20.7524,21.9807
31 October 2007,1549.38,1.7934,16.8155,17.4092,17.9644,19.1688,19.908,20.2246,21.5171
01 November 2007,1508.44,1.8449,21.4664,21.237,21.0874,21.5365,21.4981,21.5059,22.6231
02 November 2007,1509.65,1.8447,21.1527,21.357,21.2456,21.6147,21.5737,21.5972,22.6776
05 November 2007,1502.17,1.8543,22.1125,22.0174,21.815,22.0972,21.9064,21.8855,22.9761
06 November 2007,1520.27,1.8323,19.6082,19.9342,20.2791,21.0566,21.2601,21.3731,22.5324
07 November 2007,1475.62,1.8947,24.2062,23.6849,23.3531,23.2655,22.8619,22.7021,23.8135
08 November 2007,1474.77,1.8962,23.5888,23.5994,23.3601,23.2941,22.9547,22.8503,23.8801
09 November 2007,1453.7,1.9251,25.8818,25.334,24.7894,24.3672,23.7637,23.5537,24.578
12 November 2007,1439.18,1.9446,26.5245,25.8224,25.1463,24.5863,23.8788,23.612,24.6176
13 November 2007,1481.05,1.8965,21.5913,21.8757,21.9682,22.4564,22.4192,22.475,23.6641
14 November 2007,1470.58,1.9126,24.3265,23.1256,23.0109,23.3188,23.0889,23.0905,24.2269
15 November 2007,1451.15,1.9392,26.0634,24.8939,24.6105,24.4517,23.9343,23.8032,24.8631
16 November 2007,1458.74,1.9291,23.2082,23.3346,23.5396,23.9427,23.6549,23.6073,24.7226
19 November 2007,1433.27,1.9631,24.4661,24.3659,24.8393,24.8672,24.2238,24.0398,25.1721
20 November 2007,1439.7,1.955,23.6407,23.5965,24.0139,24.2992,23.8779,23.7913,24.9592
21 November 2007,1416.77,1.9877,25.6167,24.9884,25.2097,25.1388,24.4049,24.2111,25.3506
23 November 2007,1440.7,1.9557,24.6269,23.6695,23.8986,24.1302,23.7355,23.6466,24.8432
26 November 2007,1407.22,2.0022,27.8283,26.7692,26.5205,25.9185,25.0037,24.6126,25.6327
27 November 2007,1428.23,1.9723,25.1765,24.5579,24.6239,24.4616,23.9187,23.8108,24.9208
28 November 2007,1469.02,1.9212,22.8594,22.3596,22.484,22.95,22.9516,23.0644,24.1896
29 November 2007,1469.72,1.9212,22.6339,22.4643,22.7121,23.0716,23.0512,23.1439,24.2572
30 November 2007,1481.14,1.9063,21.7082,22.0361,22.4515,22.9167,22.8286,22.907,24.0708
03 December 2007,1472.42,1.9182,22.2411,22.4702,22.6892,23.0292,22.8467,22.9243,24.0589
04 December 2007,1462.79,1.9308,22.3811,22.7138,22.9719,23.1987,23.0124,23.0391,24.1494
05 December 2007,1485.01,1.9078,20.9926,21.411,21.7446,22.3121,22.3868,22.4356,23.6284
06 December 2007,1507.35,1.881,19.2992,19.9251,20.4166,21.3821,21.6019,21.7806,22.9916
07 December 2007,1504.66,1.8845,19.3206,20.1332,20.6752,21.4729,21.5934,21.8048,23.0757
10 December 2007,1515.96,1.879,19.2265,19.9498,20.359,21.2311,21.3714,21.6096,22.9461
11 December 2007,1477.65,1.9283,21.8602,22.4464,22.4808,22.6036,22.2788,22.3525,23.5533
12 December 2007,1486.59,1.9144,21.031,21.6451,21.763,22.1017,21.8419,21.9322,23.1236
13 December 2007,1488.41,1.9111,21.0435,21.8988,21.9711,22.2335,21.9266,21.9839,23.0941
14 December 2007,1467.95,1.9356,21.574,22.4987,22.4951,22.5269,22.1261,22.1559,23.1826
17 December 2007,1445.9,1.9652,23.3496,24.1058,23.8595,23.5224,22.8739,22.7563,23.7617
18 December 2007,1454.98,1.9531,21.379,22.9192,23.0124,23.1124,22.5461,22.4828,23.5322
19 December 2007,1453,1.9561,20.2154,22.0124,22.2318,22.5077,22.0077,22.0307,23.1311
20 December 2007,1460.12,1.949,19.1461,20.9809,21.4454,21.9303,21.6358,21.6473,22.6754
21 December 2007,1484.46,1.9148,16.6773,18.8521,19.8212,20.9044,20.9438,20.9469,22.092
24 December 2007,1496.45,1.9006,16.6772,18.6012,19.5244,20.6373,20.8523,20.7978,22.0268
26 December 2007,1497.66,1.8993,16.9593,18.5599,19.5246,20.6057,20.7267,20.6995,21.928
27 December 2007,1476.37,1.9324,18.5313,20.0204,20.795,21.5647,21.4166,21.3448,22.5436
28 December 2007,1478.49,1.9298,18.8895,20.4491,21.242,21.9607,21.7158,21.5899,22.711
31 December 2007,1468.36,1.9333,20.6392,21.6679,22.2307,22.5589,22.2264,22.78,23.0226
02 January 2008,1447.16,1.9664,21.6681,22.5533,22.9839,23.061,22.5961,23.0803,23.222
03 January 2008,1447.16,1.9664,21.1826,21.8695,22.2744,22.4864,22.1186,22.6291,22.8092
04 January 2008,1411.63,2.0158,23.0083,23.4557,23.582,23.3469,22.8482,23.2385,23.3737
07 January 2008,1416.18,2.0095,22.3134,22.7181,22.9973,22.8503,22.4732,22.9751,23.2244
08 January 2008,1390.19,2.05,24.295,24.453,24.4976,23.9893,23.3579,23.7831,23.8616
09 January 2008,1409.13,2.0233,22.664,23.0393,23.3227,23.1671,22.7651,23.2187,23.4383
10 January 2008,1420.33,2.007,22.0536,22.2547,22.7112,22.8013,22.5739,23.0583,23.3128
11 January 2008,1401.02,2.0355,22.8522,22.9838,23.4255,23.4072,23.0037,23.3475,23.5272
14 January 2008,1416.25,2.0136,21.6838,21.9774,22.5657,22.7575,22.6364,23.1024,23.3279
15 January 2008,1380.95,2.0652,22.6468,23.0472,23.4823,23.4063,23.1187,23.5774,23.7435
16 January 2008,1373.2,2.0785,23.3385,23.1899,23.4445,23.1352,22.8227,23.3324,23.5291
17 January 2008,1333.25,2.142,27.1663,26.1162,25.8618,25.0508,24.3521,24.5872,24.6336
18 January 2008,1325.19,2.1551,25.5268,25.2052,25.1319,24.4794,23.8741,24.1759,24.2829
22 January 2008,1310.5,2.1793,28.6209,26.6835,26.0938,24.7805,24.2875,24.4666,24.5005
23 January 2008,1338.6,2.1341,26.8454,25.4373,25.149,23.8685,23.3814,23.6371,23.8912
24 January 2008,1352.07,2.1131,25.6173,24.6846,24.5394,23.6901,23.2874,23.5939,23.867
25 January 2008,1330.61,2.1472,27.1539,26.1102,25.6555,24.4457,23.816,24.1534,24.2889
28 January 2008,1353.97,2.1102,25.4325,24.7504,24.4743,23.6092,23.1725,23.3821,23.5464
29 January 2008,1362.3,2.0935,25.1123,24.3006,24.0428,23.309,22.9072,23.236,23.4307
30 January 2008,1355.81,2.1053,25.2764,24.6458,24.3809,23.4094,22.9636,23.3446,23.4547
31 January 2008,1378.55,2.0618,23.9415,23.6585,23.5778,22.7295,22.4066,22.8215,23.017
01 February 2008,1395.42,2.0367,21.8948,22.3142,22.5281,22.1163,21.9601,21.8805,21.8958
04 February 2008,1380.82,2.0584,23.7759,23.7606,23.5792,22.9158,22.5383,22.3629,22.3679
05 February 2008,1336.64,2.1276,26.5136,26.1821,25.7639,24.4968,23.7674,23.4786,23.4423
06 February 2008,1326.45,2.1485,27.024,26.9404,26.3595,25.1296,24.2974,23.9535,23.9066
07 February 2008,1336.91,2.1348,25.7743,25.8637,25.4295,24.3119,23.6704,23.4861,23.5225
08 February 2008,1331.29,2.1438,25.8974,26.0035,25.5673,24.4752,23.8145,23.5613,23.6276
11 February 2008,1339.13,2.1322,25.2685,25.3265,25.0147,24.1099,23.5153,23.3382,23.4257
12 February 2008,1348.86,2.117,24.5637,24.6661,24.3719,23.8105,23.4652,23.353,23.5124
13 February 2008,1367.21,2.0922,22.5984,23.399,23.3186,23.1664,22.9316,22.8528,23.0264
14 February 2008,1348.86,2.121,24.0836,23.9684,23.7989,23.5406,23.2071,23.0692,23.215
15 February 2008,1350,2.1203,23.6301,23.8716,23.7559,23.5232,23.2415,23.2116,23.3003
19 February 2008,1348.78,2.123,23.8008,23.8573,23.7897,23.5268,23.163,23.0284,23.0279
20 February 2008,1360.03,2.1061,22.4147,22.7111,22.9006,22.8612,22.7495,22.6029,22.5745
21 February 2008,1342.53,2.1371,23.2368,23.4833,23.5649,23.2349,22.8765,22.7271,22.7008
22 February 2008,1353.11,2.1216,21.9645,22.6091,22.6594,22.6582,22.4464,22.3939,22.3532
25 February 2008,1371.8,2.0923,20.9942,21.9206,22.12,22.1444,22.1559,22.0581,22.0854
26 February 2008,1381.29,2.078,19.9586,20.909,21.3941,21.6463,21.7771,21.6764,21.8292
27 February 2008,1380.02,2.0829,20.7437,21.7792,22.0613,22.0875,22.0494,21.8925,22.0089
28 February 2008,1367.68,2.1027,21.4684,22.2634,22.4768,22.4403,22.3417,22.1654,22.249
29 February 2008,1330.63,2.1616,24.7544,25.0046,24.7865,24.2501,23.7252,23.2713,23.1139
03 March 2008,1331.34,2.163,24.3511,24.4483,24.326,23.9141,23.432,23.1255,23.0138
04 March 2008,1326.75,2.1706,23.7559,24.0212,24.1138,23.6787,23.4014,23.2027,23.1413
05 March 2008,1333.7,2.1652,22.8735,23.2985,23.3856,23.2092,23.0185,22.9065,22.9104
06 March 2008,1304.34,2.2164,25.8693,25.5129,25.3296,24.7754,24.2026,23.7851,23.6215
07 March 2008,1293.37,2.2355,25.7112,25.5912,25.4114,24.8257,24.0812,23.735,23.6524
10 March 2008,1273.37,2.2713,27.7525,27.2381,26.5908,25.8227,24.8226,24.3514,24.3194
11 March 2008,1320.65,2.19,24.6978,24.3892,24.5011,24.168,23.8486,23.4652,23.4717
12 March 2008,1308.77,2.2126,25.4833,25.3156,25.4223,25.0641,24.5026,23.9743,23.9325
13 March 2008,1315.48,2.2001,25.3282,25.2365,25.4002,25.2121,24.718,24.1898,24.1003
14 March 2008,1288.14,2.2469,29.2492,27.7947,27.6059,26.878,25.8795,25.3404,25.1516
17 March 2008,1276.6,2.2652,29.9507,28.2937,27.5568,26.4574,25.5936,25.2368,25.1424
18 March 2008,1330.74,2.1732,24.2634,23.9047,24.031,23.7942,23.6259,23.4244,23.3553
19 March 2008,1298.42,2.2274,27.426,26.8324,26.5236,25.7753,25.1608,24.6999,24.4913
20 March 2008,1329.51,2.1753,23.7814,24.6539,24.9656,24.5595,24.3294,24.0226,23.9035
24 March 2008,1349.88,2.1483,23.2847,24.0254,24.1596,23.9411,23.8255,23.7153,23.6616
25 March 2008,1352.99,2.1434,23.209,23.887,24.1956,24.0696,23.8493,23.7311,23.6561
26 March 2008,1341.13,2.1642,23.7287,24.3891,24.6624,24.4225,24.1966,24.05,23.9723
27 March 2008,1325.76,2.1918,24.087,24.4926,24.777,24.5392,24.3473,24.2584,24.1856
28 March 2008,1315.22,2.2067,24.0708,24.5168,24.8559,24.5249,24.2722,24.2133,24.1738
31 March 2008,1322.7,2.1982,23.7318,23.9376,24.1842,24.0013,23.7857,23.7466,23.7505
01 April 2008,1370.18,2.1225,21.0083,21.6981,22.0908,22.4088,22.5669,22.6957,22.7797
02 April 2008,1367.53,2.1289,21.8706,22.637,22.9281,22.9827,23.0113,23.0292,23.0529
03 April 2008,1369.31,2.1261,21.7695,22.5011,22.8487,23.0143,23.0201,23.0618,23.1186
04 April 2008,1370.4,2.1245,20.9354,21.8556,22.1899,22.3994,22.6078,22.7435,22.8402
07 April 2008,1372.54,2.1203,20.9078,21.5092,21.801,21.9727,22.1722,22.3067,22.376
08 April 2008,1365.54,2.115,21.1527,21.5964,21.862,22.0778,22.3373,22.4481,22.5434
09 April 2008,1354.49,2.1319,21.9576,22.153,22.4026,22.4942,22.6073,22.6956,22.7611
10 April 2008,1360.55,2.124,20.9088,21.4566,21.7911,22.0493,22.2839,22.4505,22.563
11 April 2008,1332.83,2.1691,22.1703,22.5957,22.9046,22.8354,22.8921,22.9483,23.0082
14 April 2008,1328.32,2.1766,22.1686,22.8271,23.062,22.9941,22.9718,23.0123,23.0543
15 April 2008,1334.43,2.1691,21.2559,22.0455,22.4377,22.557,22.7133,22.6982,22.7797
16 April 2008,1364.71,2.1226,19.4152,20.2522,20.8381,21.2998,21.71,21.8489,21.9951
17 April 2008,1365.56,2.1242,18.9174,19.8973,20.6163,21.1731,21.6324,21.8322,21.9798
18 April 2008,1390.33,2.0864,17.8274,19.0863,19.7869,20.4056,21.0413,21.3188,21.5028
21 April 2008,1388.17,2.0898,18.3505,19.509,20.0704,20.6221,21.0574,21.2562,21.4639
22 April 2008,1375.94,2.1078,18.9855,20.0071,20.5524,21.0898,21.4452,21.6418,21.8181
23 April 2008,1379.93,2.1024,18.3882,19.5882,20.1894,20.9143,21.3923,21.6003,21.7908
24 April 2008,1388.82,2.0889,18.0637,19.0856,19.7284,20.5213,21.0501,21.2947,21.4508
25 April 2008,1397.84,2.0754,17.6818,18.5569,19.1758,20.0307,20.5391,20.7817,20.9974
28 April 2008,1396.37,2.0744,17.8355,18.5245,19.0857,19.8163,20.2506,20.4489,20.6997
29 April 2008,1390.94,2.0808,18.2839,18.9545,19.4384,20.0314,20.347,20.5424,20.7981
30 April 2008,1385.59,2.0897,19.0229,19.4572,19.803,20.1782,20.3065,20.4404,20.6752
01 May 2008,1409.34,2.0463,16.9615,17.8578,18.4558,19.1979,19.6415,19.9194,20.2181
02 May 2008,1413.9,2.0397,16.2337,17.4691,18.1416,19.0282,19.437,19.7264,20.043
05 May 2008,1407.49,2.0505,16.8839,17.9228,18.5232,19.393,19.6357,19.9201,20.2112
06 May 2008,1418.26,2.035,16.3015,17.4987,18.3296,19.2082,19.5859,19.8741,20.1736
07 May 2008,1392.57,2.0783,18.1492,18.851,19.4972,20.1164,20.2462,20.4169,20.6721
08 May 2008,1397.68,2.0722,17.406,18.4673,19.157,19.8944,20.2069,20.4477,20.7067
09 May 2008,1388.28,2.0886,17.7076,18.6629,19.341,20.0654,20.3244,20.5347,20.7807
12 May 2008,1403.58,2.0668,16.8899,17.9668,18.6596,19.5751,19.9651,20.2501,20.5401
13 May 2008,1403.04,2.0693,16.8448,17.8931,18.5872,19.5553,19.977,20.2713,20.5632
14 May 2008,1408.66,2.0626,16.0832,17.421,18.232,19.3158,19.8382,20.1535,20.4497
15 May 2008,1423.57,2.0425,15.279,16.6005,17.5304,18.921,19.5883,19.951,20.2889
16 May 2008,1425.35,2.039,14.9001,16.635,17.7535,19.2818,19.9145,20.2796,20.6051
19 May 2008,1426.63,2.0374,15.4274,17.0065,18.062,19.3477,20.0404,20.4152,20.7179
20 May 2008,1413.4,2.0565,15.9599,18.0242,18.9148,20.1753,20.5383,20.7733,21.072
21 May 2008,1390.71,2.0905,16.9032,19.2515,20.1481,21.235,21.3061,21.4176,21.5945
22 May 2008,1394.35,2.0866,16.1326,18.5525,19.6087,20.8371,21.2668,21.482,21.6557
23 May 2008,1375.93,2.1147,17.6109,19.4434,20.3985,21.4407,21.5918,21.7989,21.9345
27 May 2008,1385.35,2.1006,17.8092,19.3965,20.1792,21.1471,21.4243,21.7153,21.8867
28 May 2008,1390.84,2.0903,17.3274,18.7708,19.6912,20.9198,21.267,21.4286,21.5923
29 May 2008,1398.26,2.0808,16.463,17.8583,18.9354,20.4278,21.1888,21.4683,21.645
30 May 2008,1400.38,2.0779,16.1613,17.6417,18.6809,20.1426,20.8983,21.2594,21.4723
02 June 2008,1385.67,2.097,18.0359,18.9855,19.6879,20.8285,21.4497,21.7121,21.8807
03 June 2008,1377.65,2.1094,18.4252,19.4719,20.1158,21.1993,21.6108,21.871,22.0162
04 June 2008,1377.2,2.1157,18.8659,19.7989,20.394,21.4779,21.7401,22.1236,22.2906
05 June 2008,1404.05,2.0756,16.9776,18.2134,19.0403,20.4437,21.1594,21.6629,21.8712
06 June 2008,1360.68,2.1412,21.5026,21.7868,21.9865,22.5643,22.8683,23.1666,23.2357
09 June 2008,1361.76,2.1395,21.2572,21.5039,21.7415,22.4016,22.5289,22.6166,22.6696
10 June 2008,1358.44,2.1447,21.0874,21.3882,21.701,22.3065,22.5237,22.6257,22.7203
11 June 2008,1335.49,2.1723,22.4176,22.3775,22.4455,22.7167,22.754,22.8531,22.9192
12 June 2008,1339.87,2.1642,21.5832,21.7098,21.8498,22.3511,22.5151,22.5957,22.6852
13 June 2008,1360.03,2.1322,19.6414,20.171,20.5913,21.3012,21.7404,21.9174,22.0395
16 June 2008,1360.14,2.133,19.2537,19.9838,20.4785,21.0078,21.3945,21.6148,21.7861
17 June 2008,1350.93,2.1476,19.4732,20.19,20.586,21.1817,21.4204,21.6371,21.75
18 June 2008,1337.81,2.1688,20.5442,21.2306,21.4479,21.893,22.0583,22.0288,22.1258
19 June 2008,1342.83,2.1632,19.6804,20.3027,20.7338,21.3251,21.5353,21.7686,21.956
20 June 2008,1317.93,2.2042,21.0065,21.5495,21.6564,21.977,21.9637,22.069,22.184
23 June 2008,1318,2.2065,20.8625,21.2563,21.4064,21.8983,21.8968,21.9828,22.0655
24 June 2008,1314.29,2.2129,20.9726,21.2494,21.4319,21.892,21.9218,21.9799,22.0485
25 June 2008,1321.97,2.2005,19.7279,20.3197,20.6361,21.207,21.388,21.5015,21.5884
26 June 2008,1283.15,2.2771,22.5897,22.8412,22.7371,22.7018,22.5236,22.4615,22.2965
27 June 2008,1278.38,2.2837,22.1194,22.4909,22.4914,22.5531,22.4182,22.3387,22.1811
30 June 2008,1280,2.2808,22.4414,22.4455,22.3819,22.4433,22.2858,22.2032,22.0245
01 July 2008,1284.91,2.2712,22.0297,22.1867,22.2288,22.336,22.1954,22.1467,22.0029
02 July 2008,1261.52,2.3137,24.3179,23.9837,23.6956,23.3011,22.8649,22.6764,22.4962
03 July 2008,1262.9,2.3119,23.1761,23.1959,23.0953,22.9166,22.5819,22.4308,22.2499
07 July 2008,1252.31,2.3332,23.9865,23.7318,23.5578,23.1702,22.7759,22.62,22.4089
08 July 2008,1273.7,2.2973,21.2633,21.4982,21.7368,21.9014,21.8679,21.8951,21.8065
09 July 2008,1244.69,2.3488,23.7061,23.5434,23.4681,23.1273,22.7661,22.6492,22.4557
10 July 2008,1253.39,2.3369,23.8432,23.5117,23.3788,23.0548,22.7436,22.6281,22.4527
11 July 2008,1239.49,2.3648,25.5905,24.9846,24.6517,23.9567,23.3167,23.1243,22.8162
14 July 2008,1228.3,2.3863,26.3383,25.5158,25.1153,24.3043,23.6672,23.3616,23.0495
15 July 2008,1214.91,2.4115,26.109,25.6522,25.3425,24.5082,23.8525,23.5118,23.2147
16 July 2008,1245.36,2.354,22.673,23.0272,23.0955,22.8785,22.583,22.4063,22.2366
17 July 2008,1260.32,2.3265,22.2601,22.4862,22.6593,22.5551,22.3551,22.2102,22.0612
18 July 2008,1260.68,2.322,21.792,22.1616,22.3608,22.4047,22.3371,22.2696,22.1086
21 July 2008,1260,2.3148,21.0476,21.6033,21.8274,22.0258,22.0399,22.0776,21.871
22 July 2008,1277,2.2841,19.0226,19.9187,20.497,21.0699,21.2734,21.3585,21.2357
23 July 2008,1282.19,2.2749,19.3424,20.2016,20.7935,21.434,21.3496,21.3321,21.2207
24 July 2008,1252.54,2.3295,21.5349,22.0258,22.3876,22.5397,22.1852,22.0711,21.8775
25 July 2008,1257.76,2.3196,20.7214,21.4877,21.948,22.2277,22.0997,21.9708,21.8772
28 July 2008,1234.37,2.3636,22.5234,22.8161,23.0033,22.9656,22.6277,22.4215,22.2862
29 July 2008,1263.2,2.3033,20.268,20.7422,21.1606,21.5734,21.7097,21.6359,21.5938
30 July 2008,1284.26,2.2698,19.5518,19.9699,20.3442,20.9228,21.1797,21.1932,21.243
31 July 2008,1267.38,2.2895,21.2478,21.5283,21.7227,21.7656,21.7662,21.7446,21.8099
01 August 2008,1260.31,2.3011,21.0228,21.644,21.8491,21.9565,21.9804,21.9821,22.9326
04 August 2008,1249.02,2.3221,21.938,22.2236,22.3688,22.2713,22.1594,22.1179,23.065
05 August 2008,1284.88,2.2588,19.4311,20.0222,20.4812,20.9551,21.1872,21.2937,22.2867
06 August 2008,1289.19,2.2565,18.9683,19.5553,20.1739,20.8256,21.1348,21.268,22.281
07 August 2008,1266.07,2.2998,20.0517,20.4851,21.0202,21.4721,21.627,21.6978,22.6751
08 August 2008,1296.32,2.2462,19.1716,19.9752,20.6432,21.1717,21.4213,21.5521,22.5194
11 August 2008,1305.32,2.2334,19.3886,20.0391,20.5304,21.1095,21.3004,21.4089,22.3644
12 August 2008,1289.59,2.2606,20.2724,20.8581,21.3045,21.786,21.7799,21.838,22.8091
13 August 2008,1285.83,2.2694,20.2673,21.1539,21.6004,21.9932,22.0023,21.9987,22.9089
14 August 2008,1292.93,2.254,19.1599,20.0541,20.6492,21.4194,21.661,21.775,22.7298
15 August 2008,1298.2,2.2461,18.4217,19.7072,20.4012,21.1517,21.4813,21.618,22.5751
18 August 2008,1278.6,2.2812,19.5837,20.8596,21.3814,21.888,22.3829,22.7046,22.9936
19 August 2008,1266.69,2.3035,19.9151,21.1652,21.7279,22.1858,22.6396,22.9328,23.1813
20 August 2008,1274.54,2.2897,18.8964,20.3994,21.127,21.7886,22.3396,22.7193,23.0572
21 August 2008,1277.72,2.2845,18.1507,19.9277,20.7366,21.5969,22.2894,22.6248,23.0009
22 August 2008,1292.2,2.2601,17.2452,19.3182,20.2475,21.3013,22.0962,22.4834,22.8748
25 August 2008,1266.84,2.3049,19.4695,20.797,21.4326,22.1527,22.6999,22.9891,23.3009
26 August 2008,1271.51,2.2964,19.0092,20.5575,21.2253,22.0203,22.6421,22.9369,23.2475
27 August 2008,1281.66,2.2689,18.3464,19.9514,20.6902,21.6361,22.351,22.6383,22.926
28 August 2008,1300.68,2.2372,17.8195,19.2905,20.1436,21.2138,22.0161,22.3748,22.7009
29 August 2008,1282.83,2.2568,19.1638,20.4874,21.1297,21.9521,22.541,22.845,23.1246
02 September 2008,1277.58,2.2657,20.4823,21.1966,21.6877,22.302,22.7943,23.0956,23.3476
03 September 2008,1274.98,2.2721,20.0504,20.9906,21.4536,22.1323,22.6963,23.0372,23.2864
04 September 2008,1236.83,2.3423,22.4536,22.8513,23.013,23.1551,23.5065,23.6924,23.8513
05 September 2008,1242.31,2.335,21.4996,22.1391,22.4041,22.7769,23.3352,23.5811,23.7567
08 September 2008,1267.79,2.282,21.2789,21.6245,21.8587,22.2134,22.7681,23.0052,23.2363
09 September 2008,1224.51,2.3627,24.1333,23.9708,23.8509,23.7145,23.8282,23.9874,24.1018
10 September 2008,1232.04,2.3477,23.222,23.307,23.305,23.2104,23.4601,23.6789,23.7821
11 September 2008,1249.05,2.3078,23.8779,23.8004,23.7108,23.4695,23.6167,23.808,23.8667
12 September 2008,1251.7,2.303,24.1689,23.9498,23.7268,23.4812,23.478,23.7221,23.8502
15 September 2008,1192.7,2.4131,28.4793,27.0276,26.0566,25.0198,24.7627,24.7037,24.5504
16 September 2008,1213.59,2.3716,28.5594,26.7995,25.8368,24.803,24.688,24.7345,24.6918
17 September 2008,1156.39,2.4845,32.0343,29.3686,27.9293,26.479,25.9141,25.7743,25.6578
18 September 2008,1206.52,2.3843,31.4193,28.5861,27.1007,25.6276,25.4061,25.3858,25.4713
19 September 2008,1255.08,2.292,28.8024,26.8605,25.7715,24.8603,24.6148,24.7122,24.7809
22 September 2008,1207.09,2.3844,30.4403,28.6673,27.4595,26.046,25.581,25.428,25.3893
23 September 2008,1188.22,2.4206,31.5061,29.5379,28.3075,26.8258,26.0762,25.7865,25.7656
24 September 2008,1185.87,2.4241,32.9094,30.3492,28.9332,27.2296,26.5458,26.0917,26.0319
25 September 2008,1209.18,2.3767,30.7377,28.7227,27.4677,26.1589,25.5703,25.2692,25.2726
26 September 2008,1213.01,2.3609,32.9811,29.9598,28.3281,26.661,25.8249,25.5102,25.4248
29 September 2008,1106.39,2.5901,45.2431,38.7803,35.5351,31.7376,29.6678,28.6148,28.025
30 September 2008,1166.36,2.4527,36.8096,33.2448,31.1822,28.5435,27.016,26.4268,26.2513
01 October 2008,1161.07,2.4662,37.5818,34.1426,32.0977,29.3795,27.6118,26.8895,26.5956
02 October 2008,1114.28,2.5772,42.8266,38.1037,35.3389,31.7212,29.2926,28.1026,27.5137
03 October 2008,1099.23,2.6153,40.6599,37.2169,34.7272,31.2902,28.8674,27.7417,27.199
06 October 2008,1056.89,2.722,49.6357,42.6542,38.5912,33.8157,30.5247,29.0776,28.2519
07 October 2008,996.23,2.8881,48.8799,43.1036,39.0269,34.0368,30.6098,29.1392,28.2452
08 October 2008,984.94,2.9162,48.8786,45.5865,41.2405,35.5641,31.562,30.0161,29.017
09 October 2008,909.92,3.1677,55.1975,50.6274,45.2236,38.6437,34.1643,31.9229,30.561
10 October 2008,899.22,3.2069,63.1339,57.7074,50.1648,41.515,35.8894,33.3195,31.5311
13 October 2008,1003.35,2.874,49.2308,45.1759,40.9308,34.6805,31.26,29.9162,28.7397
14 October 2008,998.01,2.8895,48.3275,44.7491,41.0251,35.8149,32.376,30.6153,29.3951
15 October 2008,907.84,3.177,56.8623,52.6824,47.7959,41.1084,36.2216,33.8595,32.3203
16 October 2008,946.43,3.0479,55.7999,51.5531,46.2763,39.5154,35.4396,33.4382,32.1674
17 October 2008,940.55,3.0671,58.6102,53.585,48.5282,41.3638,36.8039,34.712,33.3664
20 October 2008,985.4,2.9275,45.2785,43.3684,40.7674,36.4601,33.3452,31.7746,30.7256
21 October 2008,955.05,3.0204,47.098,44.218,41.3414,37.2222,33.9606,32.3823,31.3197
22 October 2008,896.78,3.2171,60.8419,53.2041,48.5076,41.6063,37.5533,35.4632,33.9645
23 October 2008,908.11,3.1765,59.8346,52.7677,48.6245,41.6346,37.3928,35.0853,34.0766
24 October 2008,876.77,3.2901,69.7515,60.1995,55.0996,46.833,41.5843,39.0112,37.476
27 October 2008,848.92,3.3981,69.1327,61.2953,55.7034,47.4199,41.9257,39.2167,37.7722
28 October 2008,940.51,3.0672,57.1229,51.732,47.8024,42.4728,37.6222,35.6786,35.4881
29 October 2008,930.09,3.1029,61.3002,55.0461,50.7143,44.6991,40.3248,37.8272,36.4851
30 October 2008,954.09,3.0006,55.3046,51.0671,47.7084,42.9107,39.4243,37.2984,36.2062
31 October 2008,968.75,2.9549,51.4375,49.3095,46.6905,42.7165,39.4084,37.6102,36.786
03 November 2008,966.3,2.9606,47.5002,46.1543,44.3287,40.8864,38.3812,36.6667,35.9739
04 November 2008,1005.75,2.8446,41.281,40.0687,39.7178,37.579,36.3315,34.7115,33.9527
05 November 2008,952.77,3.0093,47.117,44.8613,43.6028,40.421,38.1175,36.331,35.3837
06 November 2008,904.88,3.1801,55.8469,52.0174,49.4323,44.511,40.8984,38.3406,37.0093
07 November 2008,930.99,3.0949,49.2936,47.4791,45.8192,41.9764,38.9287,36.8268,35.7673
10 November 2008,919.21,3.1343,51.9068,48.9488,46.9366,42.7755,39.5501,37.382,36.2404
11 November 2008,898.95,3.205,53.9108,50.7121,48.4094,43.7391,40.1471,37.9892,36.7921
12 November 2008,852.3,3.3838,58.3232,55.2563,52.1662,46.514,41.944,39.3851,38.0042
13 November 2008,911.29,3.1616,51.2096,49.1651,46.99,43.0369,38.9964,36.8809,36.2154
14 November 2008,873.29,3.303,57.8831,55.2115,52.3048,47.1258,42.0978,39.5998,38.6805
17 November 2008,850.75,3.3888,62.5977,58.5575,54.8963,48.6924,44.0201,41.1645,39.6765
18 November 2008,859.12,3.3586,61.4811,57.6212,54.2082,48.4736,43.1865,40.6304,39.601
19 November 2008,806.58,3.5847,67.8971,63.3177,59.1585,52.4285,46.8379,43.7876,42.0418
20 November 2008,752.44,3.8398,73.1135,68.1718,63.4509,54.6157,48.5636,45.4843,43.5794
21 November 2008,800.03,3.6133,65.2019,62.034,58.4652,51.2319,45.278,42.6286,41.3376
24 November 2008,851.81,3.3937,56.512,54.7349,52.1013,46.6617,42.8766,40.7719,39.4867
25 November 2008,857.39,3.3556,55.629,54.2082,51.8481,46.5885,42.7521,40.5981,39.0932
26 November 2008,887.68,3.2441,49.6142,49.1716,48.0086,44.2162,41.0923,39.3551,38.1571
28 November 2008,896.24,3.214,50.2316,49.2345,48.0948,44.8097,41.589,39.8612,38.746
01 December 2008,816.21,3.5293,59.9826,56.5709,54.0622,48.8887,44.6502,42.145,40.3444
02 December 2008,848.81,3.3932,58.5219,55.7055,53.7592,48.8096,44.3591,41.9228,40.3224
03 December 2008,870.74,3.2821,56.8498,54.6988,53.0691,48.2314,44.0979,41.7998,40.1533
04 December 2008,845.22,3.3811,59.1937,57.0187,55.1218,50.1526,45.7997,43.3365,41.5772
05 December 2008,876.07,3.2626,54.1061,53.6008,52.4841,48.413,44.8467,42.5066,40.9155
08 December 2008,909.7,3.1437,51.224,50.746,49.9842,46.6389,43.51,41.5229,40.1643
09 December 2008,888.67,3.2185,52.9233,52.461,51.5378,47.9805,44.2159,42.087,40.8912
10 December 2008,899.24,3.181,50.5474,50.9003,50.2494,47.0447,43.6507,41.4621,40.4454
11 December 2008,873.59,3.2758,49.8117,50.284,50.1188,46.6613,43.1315,41.0376,39.9381
12 December 2008,879.73,3.2529,49.8513,49.9285,49.7699,46.5744,43.1674,41.1281,39.9735
15 December 2008,868.57,3.2851,52.6422,51.9028,51.4814,47.3326,43.6488,41.3734,40.2008
16 December 2008,913.18,3.1241,46.8465,47.0322,47.1081,43.9522,41.01,39.3156,38.4139
17 December 2008,904.42,3.1551,45.1909,46.1944,46.6093,43.4886,40.7254,38.9849,38.1067
18 December 2008,885.28,3.2236,43.0128,44.478,45.0154,42.681,40.1913,38.5459,37.773
19 December 2008,887.88,3.2117,39.8099,40.8995,41.7669,40.4936,38.8074,37.5664,37.0187
22 December 2008,871.63,3.2648,41.0263,41.1483,42.2613,40.3336,39.2274,37.7671,37.2673
23 December 2008,863.16,3.3127,40.4539,40.8542,41.9131,39.807,38.768,37.3991,36.7917
24 December 2008,868.15,3.2937,40.3962,40.9865,41.6417,39.8629,38.5981,37.257,37.4823
26 December 2008,872.8,3.2761,39.0602,39.9574,40.8251,39.2673,38.1677,36.9525,36.7276
29 December 2008,869.42,3.2716,39.6858,40.3964,41.1678,39.1799,37.9637,37.012,37.3551
30 December 2008,890.64,3.1954,36.9377,38.2114,39.2623,38.0027,37.0871,36.0289,36.0199
31 December 2008,903.25,3.1511,34.6381,36.2909,37.5112,37.168,36.3002,35.4339,36.2595
02 January 2009,931.8,3.0337,33.0976,34.3551,35.2785,34.8277,34.657,34.3562,34.2905
05 January 2009,927.45,3.0501,34.3598,34.9752,35.5443,34.8471,34.9546,34.3337,34.783
06 January 2009,934.7,3.0241,33.5063,34.3036,34.8543,34.5089,34.5816,34.0915,33.9645
07 January 2009,906.65,3.1194,37.9892,38.3177,38.2748,36.68,35.9755,35.1793,34.8274
08 January 2009,909.73,3.1093,37.1647,38.0233,38.0152,36.5351,35.8549,35.0724,34.6722
09 January 2009,890.35,3.1771,37.3707,38.657,38.5983,36.8943,36.1475,35.3395,35.0504
12 January 2009,870.26,3.2504,41.2196,41.9081,41.2528,38.8431,37.676,36.5854,36.1562
13 January 2009,871.79,3.2454,39.4994,40.8251,40.6315,38.7687,37.4139,36.1906,35.6215
14 January 2009,842.62,3.3588,43.0624,44.2271,44.0351,41.1915,38.7466,37.4987,36.9403
15 January 2009,843.74,3.3548,42.4279,43.9397,43.7368,41.389,39.0133,37.7067,37.0296
16 January 2009,850.12,3.3296,39.3579,41.9966,42.1237,40.6387,38.6388,37.405,36.6836
20 January 2009,805.22,3.5153,48.9051,49.1451,48.0505,44.7346,41.2745,39.508,38.6941
21 January 2009,840.24,3.3698,40.881,43.6871,43.4947,41.4851,38.791,37.8166,37.1034
22 January 2009,827.5,3.4222,41.1157,43.4006,43.2038,41.2758,38.5979,37.7808,36.7601
23 January 2009,831.95,3.4039,40.3744,42.36,42.2473,40.6996,38.2531,37.42,36.7809
26 January 2009,836.57,3.3851,38.5873,40.3451,40.6476,39.2771,37.4058,36.6479,35.9008
27 January 2009,845.71,3.3485,36.1141,38.1783,38.861,38.1655,36.6561,36.0197,35.5253
28 January 2009,874.09,3.2391,34.6615,35.9947,36.2452,36.0291,35.5505,35.6305,35.0184
29 January 2009,845.14,3.3274,36.5607,37.49,37.482,36.9137,36.0751,36.0549,35.4731
30 January 2009,825.88,3.4075,39.5524,39.6587,39.0994,38.0879,37.1065,37.1993,36.3838
02 February 2009,825.44,3.4083,39.2815,39.0118,38.6598,37.5817,36.7224,36.8874,36.2327
03 February 2009,838.51,3.3524,36.0408,36.5064,36.5517,36.0293,35.6847,36.0352,35.6951
04 February 2009,832.23,3.3811,37.3052,37.1039,36.9609,36.1457,35.8085,35.8798,35.6339
05 February 2009,845.85,3.3256,36.6801,36.7904,36.5376,35.9586,35.3415,35.6439,35.3739
06 February 2009,868.6,3.2436,36.5568,36.6766,35.8758,35.6186,34.9675,35.6586,35.0469
09 February 2009,869.89,3.2361,37.1145,36.6895,36.3639,35.5733,35.0828,35.067,35.0884
10 February 2009,827.16,3.4007,41.5357,40.1779,39.6014,37.9406,37.1041,36.7195,36.3529
11 February 2009,833.74,3.376,38.5422,38.2599,37.9048,36.644,35.9152,35.7318,35.5178
12 February 2009,835.19,3.3712,38.7809,38.4752,38.4617,37.0711,35.9844,35.4403,35.3693
13 February 2009,826.84,3.4057,36.3045,36.2923,36.5277,35.8086,35.148,35.1807,35.0583
17 February 2009,789.17,3.5698,41.0876,40.1186,39.5254,38.1846,36.6122,36.005,35.883
18 February 2009,788.42,3.5734,41.2482,40.4682,39.6911,38.278,36.8642,36.4371,36.1531
19 February 2009,778.94,3.6171,40.5269,40.0218,39.6456,38.2932,36.7428,36.1648,35.9461
20 February 2009,770.05,3.6615,42.5682,41.2902,40.843,39.1127,37.4109,36.7212,36.2557
23 February 2009,743.33,3.7927,46.5564,44.7064,43.5999,41.1642,38.7401,37.6818,37.3602
24 February 2009,773.14,3.6464,39.8824,39.3951,39.0137,37.9453,36.3667,35.7799,35.656
25 February 2009,764.9,3.6873,38.5904,38.7776,38.612,37.8986,36.4598,36.0059,35.9405
26 February 2009,752.83,3.7535,40.6361,40.2372,39.9569,38.8272,37.1819,36.5334,36.3478
27 February 2009,735.09,3.8145,41.0489,40.2028,39.6774,38.6061,36.925,36.2566,36.0797
02 March 2009,700.82,4.0007,47.1836,45.2823,43.9565,41.6911,38.7943,37.655,37.1584
03 March 2009,696.33,4.0257,44.5307,43.2104,42.1813,40.4983,38.0486,36.8963,36.3271
04 March 2009,712.87,3.8596,40.0297,38.9555,38.2975,37.4348,35.4784,34.7677,34.6813
05 March 2009,682.55,4.0317,45.2772,43.2259,41.7478,39.8572,37.1775,36.1259,35.5799
06 March 2009,683.38,4.0279,46.2668,44.4828,43.0963,40.5288,37.4264,36.2025,35.6768
09 March 2009,676.53,4.066,44.9408,43.0792,41.7684,39.4633,36.735,35.6796,35.2048
10 March 2009,719.6,3.8212,40.1792,38.8573,38.0494,36.6937,34.6746,33.8076,33.4808
11 March 2009,721.36,3.8072,39.3587,38.7805,38.3002,37.0075,34.8346,33.7289,33.3226
12 March 2009,750.74,3.6447,37.5609,37.224,37.0331,35.9775,34.1753,33.3223,33.1069
13 March 2009,756.55,3.6177,38.4031,37.9703,37.7583,36.5976,34.9483,34.1043,33.9142
16 March 2009,753.89,3.6275,38.8746,38.4761,38.1638,36.9454,35.1116,34.1611,33.8996
17 March 2009,778.12,3.5151,36.6941,37.1061,37.0383,36.0375,34.4471,33.6338,33.46
18 March 2009,794.35,3.4434,36.408,36.4945,36.5854,35.8805,34.3838,33.5776,33.3178
19 March 2009,784.04,3.4889,38.6433,39.0698,38.8128,37.6577,35.9106,34.8261,34.4295
20 March 2009,768.54,3.559,40.5555,41.3272,41.1702,39.6106,37.5042,36.2733,35.7665
23 March 2009,822.92,3.3478,37.1897,37.4582,37.6019,36.7057,35.6511,34.5873,34.3002
24 March 2009,806.12,3.4177,38.0832,38.3252,38.1762,37.3313,35.8139,34.728,34.3682
25 March 2009,813.88,3.3851,39.0233,38.951,38.5992,37.586,36.0567,34.849,34.4529
26 March 2009,832.86,3.3071,36.4202,36.7593,36.8062,36.1833,35.119,34.1862,33.8651
27 March 2009,815.94,3.3603,37.1521,37.8599,37.8218,37.1351,35.8657,34.8992,34.5381
30 March 2009,787.53,3.6359,41.0173,41.3206,40.9109,39.4213,37.6961,36.3386,35.8243
31 March 2009,797.87,3.5888,38.6781,39.4689,39.5128,38.4663,36.877,35.5901,35.1445
01 April 2009,811.08,3.5301,38.3432,39.3875,39.5473,38.4479,36.7104,35.4569,35.0131
02 April 2009,834.38,3.4147,38.3158,38.6913,38.5223,37.8922,36.4944,35.2933,34.8502
03 April 2009,842.5,3.3826,36.7465,37.956,38.1588,37.7385,36.4532,35.3123,34.8954
06 April 2009,835.48,3.4154,37.48,38.4626,38.422,37.963,36.5666,35.4606,35.0634
07 April 2009,815.55,3.4993,37.0848,38.5756,38.7587,38.2627,36.7943,35.6394,35.176
08 April 2009,825.16,3.4554,36.4313,37.2625,37.5914,37.4932,36.2175,35.1611,34.8011
09 April 2009,856.56,3.3312,34.8955,35.9381,36.2753,36.3796,35.4308,34.6068,34.3815
13 April 2009,858.73,3.3235,34.8452,35.7378,35.8873,35.9524,35.2314,34.4495,34.2418
14 April 2009,841.5,3.3917,34.9342,35.776,36.0312,36.2061,35.4753,34.7709,34.6458
15 April 2009,852.06,3.3484,33.984,35.5385,35.7829,35.9612,35.2857,34.6154,34.5124
16 April 2009,865.3,3.2977,31.6299,33.5749,34.0139,34.4872,34.1678,33.623,33.6487
17 April 2009,869.6,3.2814,30.4378,32.3707,32.913,33.6102,33.5032,32.8857,32.9207
20 April 2009,832.39,3.4284,35.4669,35.9384,35.6902,35.5877,34.7698,34.0171,33.9804
21 April 2009,850.08,3.3571,33.5678,34.1665,34.1267,34.5134,34.2946,33.6296,33.6524
22 April 2009,843.55,3.3849,33.3046,33.9047,33.8266,34.2244,34.035,33.499,33.6018
23 April 2009,851.92,3.3516,34.0741,34.5704,34.5458,34.7542,34.5356,33.8727,33.8962
24 April 2009,866.23,3.2962,32.9513,33.7559,33.8316,34.0922,34.0411,33.5828,33.741
27 April 2009,857.51,3.3299,34.8467,34.9815,35.03,35.0004,34.6867,34.1037,34.2415
28 April 2009,855.16,3.3363,34.0825,34.2477,34.4513,34.6451,34.3724,33.5026,33.2666
29 April 2009,873.64,3.2643,32.6225,32.8915,33.0957,33.5453,33.496,32.8067,32.6607
30 April 2009,872.81,3.2658,32.64,33.0536,33.1963,33.6339,33.4678,32.6037,32.4404
01 May 2009,877.52,3.2405,32.2216,32.749,33.0711,33.4138,33.1147,32.2876,32.1285
04 May 2009,907.24,3.1344,31.056,31.2844,31.6151,32.0439,32.0573,31.4927,31.4315
05 May 2009,903.8,3.1461,30.5949,31.0626,31.4826,32.0028,32.0216,31.3763,31.2785
06 May 2009,919.53,3.0651,29.8875,30.0561,30.4795,31.1183,31.1611,30.4722,30.3216
07 May 2009,907.39,3.1034,31.2757,31.2023,31.4184,31.6413,31.4815,30.6207,30.3865
08 May 2009,929.23,3.0322,28.9289,29.0055,29.4886,30.1429,30.2516,29.8468,29.7881
11 May 2009,909.24,3.1002,29.7742,29.8567,30.1653,30.5514,30.529,29.9475,29.8311
12 May 2009,908.35,3.1009,28.8515,29.0818,29.6143,30.1788,30.1496,29.5777,29.4837
13 May 2009,883.92,3.1882,30.4236,30.5686,30.884,31.015,30.6676,30.014,29.8568
14 May 2009,893.07,3.1551,28.3378,28.8253,29.3182,29.7487,29.5788,29.1094,29.0869
15 May 2009,882.88,3.1914,29.3938,29.5936,29.9687,30.2503,29.9869,29.4374,29.3699
18 May 2009,909.71,3.0979,26.9622,27.5187,28.2254,28.7917,28.8661,28.455,28.4964
19 May 2009,908.13,3.1057,25.1785,26.2036,27.0473,27.9008,28.05,27.9206,28.0092
20 May 2009,903.47,3.1216,25.6689,26.5853,27.2893,27.9201,28.0907,27.823,27.9037
21 May 2009,888.33,3.1962,28.4021,28.897,29.3002,29.4637,29.2632,28.9673,28.9761
22 May 2009,887,3.2037,27.4827,28.3608,28.9669,29.1796,29.1246,28.8142,28.8363
26 May 2009,910.33,3.1217,26.5358,27.1985,27.8694,28.3141,28.3944,28.2117,28.2814
27 May 2009,893.06,3.1804,27.5819,27.9614,28.5486,28.9441,28.8979,28.7061,28.7533
28 May 2009,906.83,3.1307,27.3036,27.8575,28.4464,28.7401,28.738,28.4373,28.5383
29 May 2009,919.14,3.0865,26.0189,26.9243,27.6757,28.2482,28.2988,28.168,28.2549
01 June 2009,942.87,3.0058,25.3184,25.9234,26.5147,27.223,27.5633,27.502,27.6806
02 June 2009,944.74,2.9992,25.462,26.099,26.6397,27.3387,27.6391,27.515,27.6726
03 June 2009,931.76,2.9813,27.3898,28.2326,28.5806,28.8756,28.8769,28.488,28.4625
04 June 2009,942.46,2.9493,26.1776,27.189,27.7177,28.2635,28.3942,28.1829,28.2191
05 June 2009,940.09,2.9579,25.7145,27.068,27.6284,28.2421,28.4466,28.2306,28.3061
08 June 2009,939.14,2.9583,25.5355,26.9597,27.5397,28.2357,28.4504,28.238,28.3236
09 June 2009,942.43,2.947,24.4458,25.9625,26.691,27.6373,28.0549,27.9285,28.0499
10 June 2009,939.15,2.9559,25.6517,26.6168,27.2165,27.9818,28.2125,28.1661,28.2543
11 June 2009,944.89,2.9368,24.543,25.2888,25.7949,26.6487,27.1804,27.1118,27.3366
12 June 2009,946.21,2.9329,24.1099,25.0423,25.632,26.6057,27.1214,27.1198,27.3193
15 June 2009,923.72,2.9999,26.9,27.0778,27.4242,27.9059,28.0467,27.9499,28.029
16 June 2009,911.97,3.0385,27.382,27.8135,27.9014,28.1663,28.2748,28.1612,28.2008
17 June 2009,910.71,3.0429,26.7515,27.8344,27.9853,28.1518,28.2402,28.1335,28.2082
18 June 2009,918.37,2.9899,25.0777,26.7005,27.0592,27.7483,27.9626,28.0608,28.1665
19 June 2009,921.23,2.9806,23.5999,25.5058,26.2714,27.3049,27.8367,28.181,28.287
22 June 2009,893.04,3.086,27.1149,27.7514,28.248,28.801,29.0027,29.0008,28.9538
23 June 2009,895.1,3.0791,26.956,27.5633,27.9298,28.5093,28.7283,28.9137,28.9589
24 June 2009,900.94,3.0592,25.8773,26.732,27.2444,28.1758,28.4636,28.6033,28.6687
25 June 2009,920.26,2.995,23.647,24.7841,25.6257,26.8916,27.529,27.813,27.9204
26 June 2009,918.9,2.9851,22.7739,24.1406,25.1706,26.5975,27.3107,27.5967,27.7873
29 June 2009,927.23,2.9569,22.0342,23.1325,24.1961,25.6933,26.5593,27.0076,27.2055
30 June 2009,919.32,2.9814,22.9751,24.0475,24.9972,26.2476,26.7746,27.1301,27.2867
01 July 2009,923.33,2.9478,22.7794,23.8792,24.8674,26.0293,26.5534,27.0515,27.1635
02 July 2009,896.42,3.0341,24.6077,25.6319,26.5522,27.3482,27.4852,27.731,27.7256
06 July 2009,898.72,3.0265,26.1411,26.6074,27.1483,27.8415,27.7121,27.8314,27.8892
07 July 2009,881.03,3.0873,26.7448,27.1646,27.7331,28.1722,28.0326,28.2139,28.1056
08 July 2009,879.56,3.0899,28.7619,28.8553,28.8723,29.0806,28.6926,28.7136,28.5547
09 July 2009,882.68,3.0806,26.8701,27.2914,27.8436,28.4059,28.283,28.3391,28.3434
10 July 2009,879.13,3.093,26.4742,27.329,28.0121,28.5537,28.5679,28.5493,28.5128
13 July 2009,901.05,3.0209,24.9389,25.6492,26.5769,27.5027,27.9483,27.814,27.9772
14 July 2009,905.84,3.005,24.2889,25.0699,26.1541,27.2284,27.6207,27.6489,27.7376
15 July 2009,932.68,2.9187,23.6201,24.3267,25.4312,26.4763,27.0451,27.3064,27.3802
16 July 2009,940.74,2.8937,22.6262,23.7222,24.7714,26.0716,26.6574,26.8745,27.1011
17 July 2009,940.38,2.8947,22.1364,23.7454,24.8879,26.2131,26.687,27.0765,27.1724
20 July 2009,951.13,2.8618,21.8913,23.33,24.3517,25.5629,26.2039,26.5306,26.7875
21 July 2009,954.58,2.8516,21.681,23.381,24.4985,25.5383,26.1867,26.5987,26.7511
22 July 2009,954.07,2.8547,21.1809,22.9316,23.9912,25.1783,25.9172,26.408,26.6314
23 July 2009,976.29,2.7898,21.0949,22.424,23.341,24.6436,25.517,25.9269,26.182
24 July 2009,979.26,2.7813,20.6896,22.2545,23.4176,24.7981,25.5606,25.9438,26.1728
27 July 2009,982.18,2.7707,21.7604,22.837,23.8741,24.9726,25.6687,25.9951,26.2365
28 July 2009,979.62,2.778,22.171,23.5486,24.643,25.6562,26.0816,26.2858,26.5142
29 July 2009,975.15,2.7861,22.7046,24.1171,25.314,26.1145,26.3505,26.5471,26.7512
30 July 2009,986.75,2.7519,21.9498,23.2578,24.352,25.3665,25.7611,26.0492,26.4028
31 July 2009,987.48,2.7499,22.2909,23.4316,24.4792,25.3807,25.7987,26.0221,26.3228
03 August 2009,1002.63,2.6991,22.716,23.5427,24.4572,25.2017,25.6359,25.9285,26.1942
04 August 2009,1005.65,2.6908,22.3602,23.1668,24.0802,25.0137,25.5262,25.8169,26.1218
05 August 2009,1002.72,2.6699,21.7647,22.7818,23.7623,24.7759,25.3851,25.7122,26.0349
06 August 2009,997.08,2.712,22.6983,23.6754,24.5644,25.3953,25.7851,26.0601,26.293
07 August 2009,1010.48,2.6735,21.7979,22.6424,23.4915,24.52,25.1852,25.5165,25.8785
10 August 2009,1007.1,2.681,22.157,23.2529,23.9814,24.8353,25.4217,25.7835,26.0566
11 August 2009,994.35,2.7169,22.4881,23.8214,24.5558,25.3022,25.7227,26.0308,26.2604
12 August 2009,1005.81,2.6798,22.164,23.1967,24.0715,24.934,25.5177,25.8878,26.1456
13 August 2009,1012.73,2.6584,21.9569,23.1901,24.1059,24.944,25.4201,25.6942,25.9966
14 August 2009,1004.09,2.6809,22.1063,23.4232,24.2929,25.0992,25.5519,25.863,26.1684
17 August 2009,979.73,2.7484,24.3911,25.3577,26.047,26.3347,26.5502,26.7523,26.9265
18 August 2009,989.67,2.723,22.9371,24.3976,25.1767,25.7689,26.1231,26.3577,26.5875
19 August 2009,996.46,2.7048,22.6634,24.1062,24.9712,25.7433,26.1622,26.4251,26.6549
20 August 2009,1007.37,2.6761,20.8343,22.975,24.0918,25.113,25.7874,26.0969,26.3652
21 August 2009,1026.13,2.6281,21.018,22.7043,23.7673,25.0089,25.8282,26.1936,26.4298
24 August 2009,1025.57,2.6292,21.4548,23.3017,24.1924,25.2063,25.9515,26.2224,26.5068
25 August 2009,1028,2.623,21.4514,23.3233,24.2622,25.2798,25.9617,26.2991,26.711
26 August 2009,1028.12,2.6233,21.5337,23.5047,24.4227,25.4938,26.1757,26.4305,26.7222
27 August 2009,1030.98,2.6147,21.2252,23.4124,24.4378,25.3842,26.0976,26.3584,26.704
28 August 2009,1028.93,2.6153,21.3755,23.5383,24.5173,25.4013,26.1723,26.472,26.7595
31 August 2009,1020.63,2.6342,22.4542,24.3669,25.1843,25.929,26.4784,26.7281,27.0048
01 September 2009,998.04,2.6501,25.1008,26.2981,26.8487,27.1528,27.3634,27.4619,27.6249
02 September 2009,994.75,2.5975,24.9393,26.5187,27.1184,27.2114,27.668,27.7965,27.9035
03 September 2009,1003.24,2.5758,23.2164,24.9949,25.6983,26.2191,26.8686,27.1215,27.3085
04 September 2009,1016.4,2.5426,21.4076,23.6592,24.6295,25.3812,26.3775,26.6582,26.8575
08 September 2009,1025.39,2.515,21.668,23.5027,24.3167,25.0682,26.126,26.5042,26.7278
09 September 2009,1033.37,2.4926,21.0787,22.5565,23.4538,24.4999,25.585,25.9827,26.2694
10 September 2009,1044.14,2.4669,20.355,21.7527,22.7014,23.6716,24.8861,25.4502,25.8902
11 September 2009,1042.73,2.47,20.9437,22.2008,23.0388,23.917,25.1269,25.5887,25.9411
14 September 2009,1049.34,2.4546,20.5829,21.9475,22.7944,23.7572,25.0042,25.473,25.8211
15 September 2009,1052.63,2.4458,20.2906,21.7,22.5235,23.5778,24.8919,25.3815,25.7335
16 September 2009,1068.76,2.4089,20.5573,21.5753,22.2725,23.3537,24.6765,25.2154,25.5319
17 September 2009,1065.48,2.3922,20.512,21.7808,22.434,23.4599,24.6481,25.1773,25.6041
18 September 2009,1068.3,2.3859,20.7314,22.0859,22.7801,23.6053,24.7727,25.2991,25.7621
21 September 2009,1064.66,2.3954,20.9324,22.3544,22.9572,23.9023,25.0521,25.4468,25.8089
22 September 2009,1071.66,2.38,20.0662,21.6077,22.4734,23.6354,24.9206,25.2242,25.5794
23 September 2009,1060.87,2.4006,20.6075,22.006,22.8002,23.9407,25.1556,25.498,25.8268
24 September 2009,1050.78,2.424,21.7515,22.9427,23.6263,24.571,25.6875,26.0257,26.3471
25 September 2009,1044.38,2.4388,21.7683,22.7715,23.4877,24.4769,25.4952,25.8435,26.159
28 September 2009,1062.98,2.3832,21.4626,22.2452,22.8314,23.908,25.1186,25.4935,25.8466
29 September 2009,1060.61,2.3873,21.446,22.2118,22.7014,23.8354,25.0699,25.4498,25.8312
30 September 2009,1057.08,2.3953,22.418,22.8968,23.1417,24.1235,25.2389,25.6158,25.9718
01 October 2009,1029.85,2.4547,24.326,24.4405,24.3529,25.0291,25.8239,26.0784,26.3488
02 October 2009,1025.21,2.451,24.8675,25.0134,24.8867,25.4184,26.0441,26.2972,26.5234
05 October 2009,1040.46,2.4153,23.1946,23.6906,23.7267,24.5366,25.3492,25.6773,25.949
06 October 2009,1054.72,2.3824,21.9719,22.6713,22.846,23.8574,24.8387,25.2636,25.5466
07 October 2009,1057.59,2.3758,21.9002,22.3959,22.744,23.7273,24.7504,25.1763,25.4649
08 October 2009,1065.48,2.3552,21.6838,22.1502,22.4861,23.4746,24.5363,24.9583,25.2849
09 October 2009,1071.49,2.344,20.5912,21.2622,21.7639,23.0586,24.1651,24.6678,25.023
12 October 2009,1076.19,2.3338,20.8562,21.447,21.8426,23.0284,24.0729,24.563,24.9466
13 October 2009,1073.19,2.341,20.4273,21.2221,21.6378,22.9483,24.0289,24.4997,24.8667
14 October 2009,1092.02,2.2985,20.1394,20.8468,21.3185,22.7354,23.8294,24.3524,24.7569
15 October 2009,1096.56,2.2891,19.3454,20.2327,20.9294,22.4378,23.6789,24.2069,24.5736
16 October 2009,1087.68,2.313,18.869,20.0965,20.8239,22.3818,23.6092,24.1573,24.5501
19 October 2009,1097.91,2.2914,18.5644,19.8414,20.5554,22.1047,23.3273,23.8393,24.2755
20 October 2009,1091.06,2.3059,18.6829,20.0246,20.7077,22.2528,23.4734,23.9198,24.3035
21 October 2009,1081.4,2.3279,18.3178,19.8358,20.4391,22.1626,23.3923,23.8781,24.3247
22 October 2009,1092.91,2.3035,17.9284,19.4743,20.1138,21.916,23.1079,23.5821,23.9658
23 October 2009,1079.6,2.3322,19.4534,20.5836,21.0729,22.6405,23.6452,24.0204,24.2999
26 October 2009,1066.95,2.36,21.5876,21.9094,22.1071,23.3399,24.1568,24.4853,24.6556
27 October 2009,1063.42,2.3678,21.3095,21.6731,21.9493,23.1937,24.0956,24.3485,24.5535
28 October 2009,1042.63,2.4105,23.4378,23.405,23.4168,24.1642,24.7394,24.8789,24.992
29 October 2009,1066.11,2.3589,21.398,21.9407,22.2159,23.2974,24.1055,24.3882,24.6005
30 October 2009,1036.2,2.4256,26.3348,25.4935,25.1475,25.3422,25.5354,25.4696,25.4506
02 November 2009,1042.88,2.4067,25.5089,25.3015,25.109,25.3918,25.5552,25.6195,25.6323
03 November 2009,1045.41,2.4009,24.5258,24.8688,24.9424,25.4489,25.6356,25.7105,25.7865
04 November 2009,1046.5,2.3827,23.4126,23.9503,24.1978,24.7796,25.2646,25.4684,25.5112
05 November 2009,1066.63,2.3315,22.0272,22.803,23.259,24.2333,24.7824,25.0187,25.1512
06 November 2009,1069.3,2.3218,20.8754,21.9493,22.5773,23.8108,24.5489,24.8739,25.028
09 November 2009,1093.08,2.2719,19.9059,20.7128,21.4489,22.9296,23.9287,24.3129,24.5961
10 November 2009,1093.01,2.2728,19.7155,20.7917,21.5566,23.0056,24.0242,24.378,24.6216
11 November 2009,1098.51,2.2615,20.0131,20.8713,21.7127,23.2581,24.3084,24.6987,24.9406
12 November 2009,1087.24,2.2805,21.2156,22.1306,22.8168,24.0907,25.0037,25.3082,25.4689
13 November 2009,1093.48,2.2675,20.5141,21.5967,22.4882,23.9396,24.8053,25.1793,25.3832
16 November 2009,1109.3,2.236,20.2294,21.2703,22.1112,23.482,24.4637,24.9105,25.142
17 November 2009,1110.32,2.2366,19.5296,20.9678,21.9084,23.4791,24.49,24.898,25.0946
18 November 2009,1109.8,2.2376,19.2771,20.6977,21.7542,23.4696,24.5571,24.9001,25.0699
19 November 2009,1094.9,2.2679,19.7174,20.9766,22.0738,23.7857,24.8797,25.2879,25.4864
20 November 2009,1091.38,2.273,18.522,20.1769,21.4545,23.4589,24.608,24.9661,25.1959
23 November 2009,1106.24,2.2424,17.5914,19.2718,20.6793,22.8464,24.0216,24.4211,24.6955
24 November 2009,1105.65,2.2438,17.1351,18.9772,20.4323,22.712,23.9664,24.3508,24.682
25 November 2009,1110.63,2.2309,17.2506,18.9646,20.4073,22.6165,23.893,24.1953,24.4762
27 November 2009,1091.49,2.2673,20.9293,21.4587,22.3958,24.2596,25.0733,25.1727,25.3052
30 November 2009,1095.63,2.2635,20.6692,21.5733,22.5991,24.2407,25.1295,25.2122,25.3679
01 December 2009,1108.86,2.2151,18.6761,20.1317,21.4195,23.3522,24.5392,24.7578,24.996
02 December 2009,1109.23,2.1872,18.2411,19.9517,21.3353,23.4098,24.5023,24.7524,24.9713
03 December 2009,1099.92,2.2058,18.6712,20.2392,21.5598,23.5209,24.5266,24.787,25.052
04 December 2009,1105.98,2.1937,18.7597,20.2869,21.5507,23.5408,24.6448,24.8544,25.1197
07 December 2009,1103.25,2.1911,19.2114,20.6436,21.8508,23.5905,24.6395,24.9385,25.1588
08 December 2009,1091.94,2.2139,20.1563,21.3556,22.4904,24.1504,25.019,25.1723,25.3778
09 December 2009,1095.95,2.2038,19.9032,21.0382,22.2553,23.9461,24.8421,25.0372,25.3512
10 December 2009,1102.35,2.1917,19.2002,20.6518,21.9296,23.7488,24.6975,24.9048,25.1906
11 December 2009,1106.41,2.1818,18.3741,20.1373,21.5199,23.3775,24.3579,24.5585,24.8604
14 December 2009,1114.11,2.1651,17.8996,19.8281,21.3249,23.1883,24.2136,24.42,24.7483
15 December 2009,1107.93,2.1772,18.2426,20.1037,21.5507,23.3009,24.1996,24.4421,24.6562
16 December 2009,1109.18,2.1739,17.7627,19.5559,20.9279,22.6566,23.6943,24.0468,24.3152
17 December 2009,1096.08,2.2004,18.6613,20.1904,21.4074,22.9493,23.9121,24.1566,24.4351
18 December 2009,1102.47,2.1877,18.3117,20.1214,21.3819,22.9363,23.9445,24.1542,24.4499
21 December 2009,1114.05,2.1469,16.823,18.873,20.3788,22.122,23.4149,23.7686,24.0812
22 December 2009,1118.02,2.1394,16.003,18.1055,19.7846,21.6751,22.9838,23.3648,23.7305
23 December 2009,1120.59,2.1178,16.0702,18.0325,19.6299,21.4868,22.8143,23.2489,23.6408
24 December 2009,1126.48,2.1075,15.8703,17.8456,19.3599,21.2751,22.5919,23.0468,23.4313
28 December 2009,1127.78,2.1059,16.5926,18.1839,19.5301,21.2848,22.555,22.9722,23.3403
29 December 2009,1126.2,2.0972,16.3273,17.9931,19.4331,21.1954,22.4748,22.8863,23.2565
30 December 2009,1126.42,2.0949,16.6529,18.3521,19.7895,21.4176,22.5778,22.9808,23.3198
31 December 2009,1115.1,2.1157,17.0322,18.7773,20.2009,21.6678,22.8031,23.1442,23.4809
04 January 2010,1132.98,2.0703,16.6042,18.3525,19.7216,21.2108,22.4023,22.8288,23.1948
05 January 2010,1136.52,2.0639,16.0735,17.9484,19.3086,20.8739,22.0508,22.5973,22.9306
06 January 2010,1137.14,2.0595,16.4293,17.5003,18.625,20.3329,21.5458,22.0189,22.3845
07 January 2010,1141.7,2.0509,16.2087,17.2519,18.3174,19.9373,21.188,21.7026,22.0607
08 January 2010,1144.98,2.045,15.919,17.016,18.0653,19.7171,20.7741,21.2692,21.5991
11 January 2010,1146.98,2.0415,16.0781,17.1946,18.0385,19.5225,20.3971,20.8175,21.1588
12 January 2010,1136.22,2.0608,16.785,18.0426,18.8812,20.0764,20.7582,20.9964,21.2148
13 January 2010,1145.68,2.0427,15.5903,16.868,17.8144,19.3007,20.164,20.5502,20.8209
14 January 2010,1148.46,2.0397,15.0744,16.6517,17.651,19.0735,19.9398,20.3048,20.5854
15 January 2010,1136.03,2.0621,15.5939,17.2933,18.3446,19.6309,20.4967,20.7458,20.9198
19 January 2010,1150.23,2.0366,14.4278,16.5155,17.5819,18.9901,19.9742,20.3287,20.5905
20 January 2010,1138.04,2.0597,15.536,17.2581,18.1771,19.3845,20.2711,20.5945,20.808
21 January 2010,1116.48,2.0998,18.0002,19.0226,19.7141,20.2197,20.8746,21.0514,21.2059
22 January 2010,1091.76,2.1473,22.6684,22.2729,22.3224,22.3375,22.511,22.4642,22.3
25 January 2010,1096.79,2.1386,20.3421,20.7434,21.1078,21.4867,21.8496,21.9063,22.1495
26 January 2010,1092.17,2.1481,20.0468,20.7785,21.3488,21.5341,21.7846,21.8661,22.0865
27 January 2010,1097.5,2.1342,19.8533,20.6969,21.1149,21.4,21.7229,21.959,22.1513
28 January 2010,1084.53,2.1582,19.788,20.5606,21.1533,21.59,21.8588,22.008,22.1784
29 January 2010,1073.87,2.1798,21.6833,22.0926,22.4115,22.3294,22.4947,22.6929,22.6548
01 February 2010,1089.19,2.1491,19.5305,20.1942,20.6591,21.192,21.555,21.7706,21.9895
02 February 2010,1103.32,2.1215,18.0236,19.009,19.7666,20.5827,20.9823,21.2768,21.5199
03 February 2010,1097.28,2.1072,18.5317,19.4853,20.2827,20.8007,21.302,21.5,21.6447
04 February 2010,1063.11,2.1729,22.4875,22.6243,22.8038,22.7199,22.7428,22.7773,22.7818
05 February 2010,1066.19,2.1666,22.5193,22.8988,23.0798,23.0059,23.2,23.2593,23.3074
08 February 2010,1056.74,2.1873,22.5816,22.8544,23.1114,23.1198,23.1485,23.216,23.2568
09 February 2010,1070.52,2.1592,21.5788,22.1479,22.5438,22.7425,22.9255,23.0577,23.1583
10 February 2010,1068.14,2.1641,21.9363,22.2345,22.6787,22.62,23.0059,23.0975,23.1954
11 February 2010,1078.47,2.1428,20.9738,21.4452,21.8938,22.2779,22.4747,22.573,22.7658
12 February 2010,1075.51,2.1486,21.1777,21.6724,22.1659,22.2797,22.6495,22.6651,22.792
16 February 2010,1094.87,2.0861,19.1453,20.1951,20.8657,21.2506,21.8702,22.0018,22.242
17 February 2010,1099.51,2.0785,18.4697,19.651,20.4334,21.0847,21.6741,21.8711,22.1013
18 February 2010,1106.75,2.0653,17.2758,18.7246,19.6501,20.4397,21.1569,21.431,21.6649
19 February 2010,1109.17,2.0618,16.8481,18.0555,19.1176,20.0323,20.8878,21.1541,21.4317
22 February 2010,1108.02,2.064,16.4167,17.5154,18.564,19.6846,20.5554,20.7665,21.0138
23 February 2010,1094.6,2.0893,18.1089,18.8972,19.64,20.3288,21.0734,21.2799,21.5002
24 February 2010,1105.24,2.071,17.377,18.3262,19.2007,20.1653,20.8237,20.9487,21.1887
25 February 2010,1102.94,2.0533,17.2351,18.281,19.2261,20.2717,20.8646,20.9486,21.2039
26 February 2010,1104.49,2.0495,16.2473,17.5542,18.578,19.8176,20.5345,20.7362,21.006
01 March 2010,1115.71,2.0272,16.2763,17.5427,18.4565,19.6178,20.4072,20.6244,20.861
02 March 2010,1118.31,2.0225,16.1039,17.3102,18.19,19.3309,20.1202,20.4106,20.7014
03 March 2010,1118.79,2.0223,15.9744,17.1396,17.9895,19.1393,19.9201,20.1638,20.4047
04 March 2010,1122.97,2.0134,15.6433,17.1875,18.1079,19.204,20.0335,20.4108,20.6689
05 March 2010,1138.7,1.9857,14.6777,16.1985,17.1881,18.5331,19.5857,20.0002,20.3603
08 March 2010,1138.51,1.987,15.0146,16.32,17.1652,18.5131,19.4478,19.8468,20.2094
09 March 2010,1140.45,1.878,15.4904,16.6646,17.4218,18.6965,19.5734,19.9445,20.32
10 March 2010,1145.61,1.8702,15.9153,16.7755,17.5228,18.7523,19.6213,20.0066,20.3688
11 March 2010,1150.24,1.8638,16.0388,17.2127,18.0099,19.2348,20.0731,20.382,20.7321
12 March 2010,1149.99,1.8643,15.7307,17.0208,17.8467,19.0623,19.9688,20.3166,20.6798
15 March 2010,1150.51,1.8649,15.7118,17.1639,17.928,19.1522,20.0103,20.3215,20.6933
16 March 2010,1159.46,1.8495,14.9566,16.6066,17.3889,18.6886,19.705,20.0974,20.4792
17 March 2010,1166.21,1.8389,14.5569,16.1736,17.0506,18.4715,19.4459,19.7938,20.1761
18 March 2010,1165.83,1.8399,14.1231,15.835,16.8411,18.3683,19.4264,19.8533,20.2447
19 March 2010,1159.9,1.8493,14.4388,16.248,17.2347,18.7269,19.7383,20.2085,20.6146
22 March 2010,1165.81,1.8396,14.1514,15.9295,16.979,18.4549,19.6346,20.1404,20.5221
23 March 2010,1174.17,1.8274,13.6859,15.4258,16.5136,18.1923,19.4136,19.9896,20.4045
24 March 2010,1167.72,1.8376,14.739,16.1613,17.1231,18.5882,19.7353,20.2493,20.6449
25 March 2010,1165.73,1.8406,14.9547,16.1354,17.0736,18.5912,19.6213,20.1695,20.5602
26 March 2010,1166.59,1.8394,15.1548,16.5297,17.3714,18.8055,19.8307,20.3365,20.6906
29 March 2010,1173.22,1.8289,14.8159,16.0214,16.9326,18.5376,19.5988,20.1227,20.5242
30 March 2010,1173.27,1.8293,14.4298,15.722,16.69,18.2749,19.464,20.0386,20.4578
31 March 2010,1169.43,1.8369,14.7227,15.9323,16.9693,18.4427,19.6218,20.1703,20.5776
01 April 2010,1178.1,1.8234,14.8068,16.0822,17.1514,18.5939,19.7771,20.2904,20.6781
05 April 2010,1187.44,1.8105,14.164,15.4269,16.5541,18.0773,19.3302,19.9404,20.3925
06 April 2010,1189.44,1.8075,13.5309,14.8552,16.0347,17.7783,19.2101,19.8695,20.3652
07 April 2010,1182.45,1.8175,14.7393,15.3812,16.3981,18.0996,19.3741,20.0641,20.5281
08 April 2010,1186.44,1.8116,14.1282,14.813,15.9237,17.873,19.279,20.0241,20.5372
09 April 2010,1194.37,1.7995,13.9499,14.6617,15.8052,17.7533,19.1876,19.94,20.4644
12 April 2010,1196.48,1.7963,14.0666,14.8813,16.0377,17.8107,19.2436,19.9924,20.5286
13 April 2010,1197.3,1.7963,13.8468,14.7796,15.8901,17.7684,19.2409,20.0332,20.6074
14 April 2010,1210.65,1.7766,13.5253,14.6443,15.7283,17.7628,19.339,20.1772,20.741
15 April 2010,1211.67,1.7751,13.6267,14.77,16.01,17.9537,19.5754,20.3881,20.9405
16 April 2010,1192.13,1.8042,15.008,15.927,17.1373,18.9513,20.3441,21.0465,21.5115
19 April 2010,1197.52,1.796,14.0983,15.4732,16.9042,18.9272,20.4929,21.2833,21.7927
20 April 2010,1207.18,1.7816,12.7162,14.5279,15.9737,18.2724,19.9753,20.7608,21.2957
21 April 2010,1205.95,1.7836,13.2529,15.1356,16.4004,18.5967,20.3033,21.0764,21.5803
22 April 2010,1208.67,1.7801,12.8005,14.765,16.196,18.5176,20.1961,21.0385,21.541
23 April 2010,1217.28,1.7675,13.1559,14.8751,16.2404,18.5099,20.0539,20.7897,21.2671
26 April 2010,1212.05,1.7751,14.3232,15.5607,16.7864,18.9288,20.3436,21.053,21.5221
27 April 2010,1183.71,1.8176,17.2785,17.7193,18.5999,20.2348,21.3965,21.9141,22.2673
28 April 2010,1191.36,1.8067,16.6919,17.6347,18.5732,20.3332,21.4543,22.028,22.4073
29 April 2010,1206.78,1.7835,14.8173,16.1259,17.4114,19.5783,20.8705,21.5679,22.0464
30 April 2010,1186.69,1.8128,17.3007,18.103,19.1693,20.9934,22.1433,22.5964,22.8724
03 May 2010,1202.26,1.7891,16.2059,17.3969,18.6292,20.5002,21.6959,22.2621,22.5962
04 May 2010,1173.6,1.8328,19.949,20.3327,21.1281,22.617,23.585,24.0085,24.2506
05 May 2010,1165.9,1.8476,21.0113,21.4693,22.182,23.4803,24.3747,24.8275,25.0422
06 May 2010,1128.15,1.9111,29.0523,28.1073,28.2122,27.8984,27.4519,27.58,27.6397
07 May 2010,1110.89,1.9408,32.7146,30.9173,30.426,29.7802,29.2761,29.2225,29.0373
10 May 2010,1159.73,1.8594,24.128,23.8689,24.3341,25.1648,25.9102,25.9353,26.0656
11 May 2010,1155.79,1.8668,23.5753,23.3664,23.8468,24.6168,25.1193,25.5391,25.9602
12 May 2010,1171.67,1.8443,20.9981,21.4556,21.9878,23.0481,23.6596,24.0802,24.4627
13 May 2010,1157.44,1.8672,21.867,22.266,22.7789,23.4232,23.9884,24.2852,24.5418
14 May 2010,1135.68,1.903,26.5204,26.3825,26.2612,26.1929,26.2654,26.0432,26.0726
17 May 2010,1136.94,1.9014,25.598,25.6233,25.8304,26.1297,26.3684,26.2686,26.2983
18 May 2010,1120.8,1.9292,27.8155,27.3079,27.3588,27.112,27.1718,26.9026,26.8225
19 May 2010,1115.05,1.94,28.434,27.9538,28.0112,28.0671,28.0703,27.9917,28.0323
20 May 2010,1071.59,2.0201,34.4124,32.5365,32.0031,31.517,31.049,31.0014,30.9731
21 May 2010,1087.69,1.9902,35.9283,34.2282,33.2658,32.0391,31.3252,31.2649,31.3871
24 May 2010,1073.65,2.0164,29.9643,29.9129,29.8636,29.6382,29.896,30.1113,30.2746
25 May 2010,1074.03,2.016,29.5534,29.6036,29.6881,29.7467,30.125,30.3064,30.5033
26 May 2010,1067.95,2.03,29.1521,28.6751,28.5709,28.5898,29.0272,29.3819,29.645
27 May 2010,1103.06,1.9674,24.8382,25.1738,25.5812,26.3765,27.1521,27.782,28.1284
28 May 2010,1089.41,1.9918,25.1043,25.2767,25.5422,26.2515,26.9669,27.4494,27.7381
01 June 2010,1070.71,2.027,28.4812,27.7733,27.418,27.4018,27.4773,27.932,28.1606
02 June 2010,1098.38,1.9769,24.9774,25.2567,25.4286,26.0117,26.584,27.0128,27.2903
03 June 2010,1102.83,1.9747,24.532,24.7172,24.8894,25.5236,26.0244,26.3987,26.6643
04 June 2010,1064.88,2.0454,29.8311,29.0794,28.4528,28.0752,28.0206,28.058,28.1322
07 June 2010,1050.47,2.0736,30.8929,30.0508,29.213,28.5728,28.2843,28.2618,28.1942
08 June 2010,1062,2.0523,28.9188,28.6607,28.4189,28.1391,28.0579,28.1309,28.1865
09 June 2010,1055.69,2.0653,28.357,28.2176,27.9938,27.9883,28.09,28.1358,28.1988
10 June 2010,1086.84,2.0041,25.6688,25.8479,25.9973,26.5808,27.0556,27.3197,27.4777
11 June 2010,1091.6,1.9976,25.0714,25.5295,25.7644,26.3687,26.855,27.2026,27.3829
14 June 2010,1089.63,2.0013,24.2401,24.6806,25.0185,25.7774,26.4079,26.7706,26.9731
15 June 2010,1115.23,1.9553,21.8068,22.6578,23.1941,24.2319,24.925,25.3956,25.6547
16 June 2010,1114.61,1.956,22.4218,23.0629,23.4146,24.398,24.99,25.3806,25.6017
17 June 2010,1116.04,1.9552,22.1996,22.8982,23.2569,24.2469,24.8825,25.1999,25.4245
18 June 2010,1117.51,1.9526,19.5858,20.9363,21.6933,23.1489,24.0297,24.5175,24.8471
21 June 2010,1113.2,1.9598,21.4375,22.0402,22.5012,23.6024,24.1407,24.5252,24.7165
22 June 2010,1095.31,1.9928,22.5712,23.0029,23.637,24.4245,24.9305,25.0627,25.1982
23 June 2010,1092.04,1.9988,23.4003,23.7319,24.2373,25.0442,25.4278,25.4975,25.5693
24 June 2010,1073.69,2.0337,25.5244,25.6225,25.9092,26.2897,26.4236,26.4273,26.4926
25 June 2010,1076.77,2.0279,24.0825,24.6415,25.1272,25.8921,26.174,26.3764,26.4931
28 June 2010,1074.57,2.0357,24.2052,24.6642,25.2789,25.9948,26.304,26.4585,26.5434
29 June 2010,1041.24,2.1015,30.3911,29.5684,29.319,29.1656,29.046,29.0062,28.9258
30 June 2010,1030.71,2.1234,29.0758,28.9979,29.081,29.1037,28.9493,28.9395,28.8751
01 July 2010,1027.37,2.1301,28.9145,29.2322,29.4314,29.4979,29.4065,29.4594,29.521
02 July 2010,1022.58,2.1483,26.3038,27.4878,28.3264,28.9047,29.1937,29.2372,29.2695
06 July 2010,1028.06,2.1368,27.0575,27.5534,28.0938,28.6209,28.9237,29.0145,29.0117
07 July 2010,1060.27,2.0734,23.8738,24.4491,25.3898,26.518,27.2877,27.7688,27.9482
08 July 2010,1070.24,2.0544,23.1537,23.7363,24.6961,25.9564,26.7654,27.3217,27.5252
09 July 2010,1077.96,2.0397,22.2496,23.0338,24.0891,25.3103,26.2825,26.8597,27.0813
12 July 2010,1078.75,2.0382,22.6155,23.4161,24.2668,25.4422,26.3166,26.8132,27.1049
13 July 2010,1095.34,2.0094,21.5701,22.4859,23.4397,24.67,25.7964,26.2807,26.6247
14 July 2010,1095.17,2.0098,22.4417,23.4043,24.4902,25.4619,26.4803,26.9729,27.1776
15 July 2010,1096.48,2.0091,22.9504,23.6651,24.8827,25.9894,27.0586,27.6219,27.8039
16 July 2010,1064.88,2.0688,24.5423,25.5047,26.4043,27.3412,28.0512,28.4211,28.5698
19 July 2010,1071.25,2.0568,22.6739,24.0531,25.1484,26.4987,27.5693,27.9504,28.2034
20 July 2010,1083.48,2.0382,21.1516,22.568,23.8259,25.1157,26.2786,26.7012,27.0499
21 July 2010,1069.59,2.066,23.0745,24.0388,24.9362,25.8403,26.8564,27.249,27.4414
22 July 2010,1093.67,2.0209,21.1974,22.2359,23.1789,24.6269,25.7847,26.3752,26.6721
23 July 2010,1102.66,2.0045,20.5311,21.6496,22.7098,24.3134,25.6359,26.2241,26.5291
26 July 2010,1115.01,1.9821,19.8235,21.044,22.202,23.8393,25.0574,25.686,25.9824
27 July 2010,1113.84,1.9842,19.6434,20.8441,21.9971,23.5336,24.6978,25.2871,25.563
28 July 2010,1106.13,1.9983,20.5298,21.6052,22.5916,23.8894,24.8136,25.2865,25.5248
29 July 2010,1101.53,2.0088,19.9409,21.2384,22.3053,23.5718,24.5525,25.0216,25.2738
30 July 2010,1101.6,2.0074,19.9005,21.3342,22.5015,23.6605,24.5433,24.9729,25.2108
02 August 2010,1125.86,1.9651,18.0194,19.5019,20.9291,22.3497,23.4912,24.0784,24.3992
03 August 2010,1120.46,1.9745,18.669,20.0426,21.2976,22.7297,23.8051,24.3219,24.6205
04 August 2010,1127.24,1.9654,18.4704,20.0424,21.3763,22.7239,23.7513,24.2638,24.5283
05 August 2010,1125.82,1.9686,18.5079,20.3555,21.8908,23.2047,24.1379,24.5429,24.75
06 August 2010,1121.64,1.9774,18.3978,20.6124,22.0279,23.4531,24.3432,24.7074,24.9081
09 August 2010,1127.79,1.967,18.1584,20.223,21.6915,23.0262,24.0497,24.4617,24.6795
10 August 2010,1121.06,1.9793,18.5072,20.65,22.0859,23.365,24.2967,24.679,24.9194
11 August 2010,1089.47,2.039,22.0956,23.3939,24.3831,25.2816,25.9645,26.1852,26.2735
12 August 2010,1083.61,2.0515,22.4587,23.7656,24.8315,25.6437,26.262,26.5346,26.6473
13 August 2010,1079.25,2.0613,22.8901,24.3873,25.3756,26.2081,26.894,27.1207,27.2191
16 August 2010,1079.38,2.0604,23.1244,24.7016,25.6278,26.4123,27.0037,27.1998,27.2298
17 August 2010,1092.54,2.0369,20.7424,22.9331,24.1617,25.2788,26.2345,26.5062,26.5743
18 August 2010,1094.16,2.0356,20.7266,22.7036,23.8319,25.0969,26.0877,26.3614,26.512
19 August 2010,1075.63,2.0711,22.3594,24.1561,25.2456,26.1463,27.0005,27.1078,27.1567
20 August 2010,1071.69,2.0788,21.9821,24.138,25.4329,26.4787,27.384,27.5243,27.5553
23 August 2010,1067.36,2.0874,21.3962,23.5795,24.8187,26.0613,27.1656,27.3445,27.4443
24 August 2010,1051.87,2.1185,23.205,24.7116,25.7782,26.868,27.6742,27.8246,27.896
25 August 2010,1055.33,2.1127,23.5408,25.01,25.9128,26.9331,27.7401,27.8899,27.9773
26 August 2010,1047.22,2.1292,24.0466,25.355,26.1603,27.1476,27.963,28.1247,28.1566
27 August 2010,1064.59,2.0996,21.3881,23.3606,24.4548,25.9224,26.9876,27.3742,27.5157
30 August 2010,1048.92,2.1321,23.2638,24.6996,25.4551,26.7225,27.6208,27.8677,27.9028
31 August 2010,1049.33,2.1315,23.8398,25.0456,25.7899,27.004,27.8972,28.1268,28.1621
01 September 2010,1080.29,2.0707,21.4608,22.9018,23.8995,25.5559,26.8754,27.2115,27.315
02 September 2010,1090.1,2.0572,20.2852,21.968,23.0496,24.8522,26.2306,26.7705,26.9294
03 September 2010,1104.51,2.031,18.4713,20.4554,21.7672,23.8793,25.4282,26.0318,26.3028
07 September 2010,1091.84,2.0543,20.4544,21.9638,22.8907,24.6525,25.963,26.4447,26.6462
08 September 2010,1098.87,2.043,20.5399,21.6584,22.6798,24.4815,25.8146,26.3803,26.5423
09 September 2010,1104.18,2.0331,19.7519,21.1693,22.1741,23.9081,25.3204,25.8884,26.1082
10 September 2010,1109.55,2.0234,19.0304,20.5981,21.7424,23.6531,25.086,25.6324,25.8073
13 September 2010,1121.9,2.003,18.5766,20.084,21.2243,23.0501,24.3725,24.9334,25.1382
14 September 2010,1121.1,2.0044,18.0003,19.7777,20.788,22.7088,24.1619,24.6944,24.8793
15 September 2010,1125.07,1.9975,19.0686,20.4254,21.2735,23.0284,24.3391,24.7951,24.9531
16 September 2010,1124.66,2.0011,18.5104,20.1602,21.3102,23.1949,24.5229,24.956,25.0999
17 September 2010,1125.59,1.9995,18.0908,19.9551,21.1703,23.1163,24.6543,25.0954,25.2583
20 September 2010,1142.71,1.9667,17.6764,19.4277,20.5558,22.4731,24.0537,24.5886,24.7551
21 September 2010,1139.78,1.9718,18.7499,20.0104,21.0108,22.8037,24.3282,24.7711,24.9979
22 September 2010,1134.28,1.9827,19.0398,20.3612,21.4207,23.1187,24.6291,25.1714,25.2719
23 September 2010,1124.83,1.9994,20.1818,21.3304,22.2399,23.8982,25.227,25.6885,25.7769
24 September 2010,1148.67,1.958,18.2122,19.7515,20.9487,22.8708,24.3947,24.9038,25.0476
27 September 2010,1142.16,1.9692,18.6714,20.0267,21.1258,23.0532,24.4736,24.9073,25.1189
28 September 2010,1147.7,1.9603,19.4757,20.7833,21.6773,23.435,24.8068,25.1488,25.3503
29 September 2010,1144.73,1.9659,19.8034,21.1061,21.964,23.7965,25.1251,25.4709,25.6163
30 September 2010,1141.2,1.9718,19.8175,21.2789,22.197,24.028,25.2764,25.6709,25.7602
01 October 2010,1146.24,1.9637,19.0448,20.7597,21.7611,23.7835,25.0495,25.4184,25.5821
04 October 2010,1137.03,2.0131,20.3778,21.734,22.6033,24.383,25.5892,25.8026,26.003
05 October 2010,1160.75,1.972,18.3585,20.0589,21.1567,23.2767,24.6919,25.0622,25.3211
06 October 2010,1159.97,1.9752,19.4187,20.3763,21.2901,23.5263,24.9237,25.2846,25.4714
07 October 2010,1158.06,1.9784,19.3759,20.4882,21.3911,23.6127,25.0197,25.4356,25.5933
08 October 2010,1165.15,1.9664,18.3976,19.5988,20.5432,22.954,24.4845,24.9489,25.146
11 October 2010,1165.32,1.9662,18.397,19.7421,20.58,22.8524,24.4402,24.8634,25.1479
12 October 2010,1169.77,1.9587,17.7101,19.1527,19.9253,22.4458,24.007,24.4787,24.8025
13 October 2010,1178.1,1.9469,17.4988,18.9533,19.6905,22.0934,23.6738,24.1704,24.5364
14 October 2010,1173.81,1.9527,18.7591,19.9497,20.5214,22.794,24.2224,24.6045,24.8869
15 October 2010,1176.19,1.9486,17.7393,19.3782,20.2148,22.6027,24.0946,24.4999,24.8092
18 October 2010,1184.71,1.9349,16.68,18.4957,19.3513,21.867,23.4844,23.9779,24.2937
19 October 2010,1165.9,1.9661,18.7616,20.1239,20.6736,22.9293,24.2904,24.6104,24.8625
20 October 2010,1178.17,1.9469,17.0317,18.5548,19.2501,21.8583,23.4744,23.931,24.2313
21 October 2010,1180.27,1.944,16.9594,18.4338,19.1682,21.6759,23.1717,23.5647,23.8347
22 October 2010,1183.08,1.9394,16.5332,17.8841,18.6339,21.2569,22.8652,23.3079,23.5689
25 October 2010,1185.62,1.9353,16.9838,17.8372,18.5546,21.1234,22.5075,22.8454,23.0788
26 October 2010,1185.64,1.9352,18.0213,18.5821,19.2347,21.3911,22.598,22.8809,23.079
27 October 2010,1182.45,1.9415,18.5695,19.1606,19.8752,21.9603,22.98,23.0841,23.1756
28 October 2010,1183.78,1.9403,18.4714,19.0041,19.7532,21.8262,22.8203,22.9425,22.9918
29 October 2010,1183.26,1.94,18.5909,18.9705,19.7019,21.7334,22.6426,22.7665,22.806
01 November 2010,1184.39,1.9381,19.6637,19.8177,20.4348,22.1679,22.9297,23.0708,23.0973
02 November 2010,1193.57,1.9233,18.9099,19.1683,19.8519,21.65,22.5163,22.7275,22.8708
03 November 2010,1197.96,1.9176,17.0827,17.7621,18.7149,20.7889,21.8957,22.1201,22.2604
04 November 2010,1221.06,1.8831,16.0239,16.6973,17.5211,19.6864,20.9375,21.2005,21.3158
05 November 2010,1225.85,1.8757,15.8424,16.6843,17.5244,19.7664,21.1243,21.4744,21.6154
08 November 2010,1223.25,1.8817,15.6656,16.5379,17.6077,19.9038,21.2133,21.4698,21.624
09 November 2010,1213.4,1.8985,16.2508,16.9093,18.0018,20.2071,21.5186,21.7934,21.9333
10 November 2010,1218.71,1.8908,16.0341,16.6632,17.9701,20.2616,21.5255,21.8524,21.959
11 November 2010,1213.54,1.8987,15.9432,16.6937,18.0438,20.3379,21.6733,21.9413,22.0926
12 November 2010,1199.21,1.9236,17.4303,17.9388,19.2193,21.3208,22.4668,22.6548,22.748
15 November 2010,1197.75,1.9255,16.9369,17.7119,19.0606,21.0602,22.1696,22.3402,22.5187
16 November 2010,1178.34,1.9614,19.7244,19.734,21.0296,22.6477,23.4384,23.4572,23.5315
17 November 2010,1178.59,1.9593,18.9761,19.1801,20.5326,22.2362,23.2213,23.3285,23.4314
18 November 2010,1196.69,1.9299,15.7953,16.8972,18.7322,21.0491,22.3276,22.5561,22.713
19 November 2010,1199.73,1.9326,15.2961,16.7153,18.4632,20.8858,22.2237,22.4417,22.5936
22 November 2010,1197.84,1.9369,15.819,16.8948,18.3704,20.724,21.9957,22.3334,22.5111
23 November 2010,1180.73,1.9656,17.5844,17.9651,19.2575,21.3418,22.5185,22.7196,22.863
24 November 2010,1198.35,1.9372,16.1756,16.9248,18.3266,20.7207,22.0698,22.351,22.5648
26 November 2010,1189.4,1.9558,18.561,18.74,19.8971,21.8091,22.916,23.061,23.2013
29 November 2010,1187.76,1.9605,18.3364,18.8674,20.0462,21.8934,22.9617,23.0397,23.1823
30 November 2010,1180.55,1.9688,19.6089,20.0573,21.0599,22.6051,23.4368,23.5195,23.6396
01 December 2010,1206.07,1.9279,17.9565,18.9524,20.1548,22.0127,22.9877,23.1974,23.3193
02 December 2010,1221.53,1.904,16.5228,17.4602,18.7989,20.9807,22.2051,22.4305,22.649
03 December 2010,1224.71,1.9066,14.982,16.2782,17.8512,20.3154,21.7053,22.0232,22.2521
06 December 2010,1223.12,1.9094,15.0604,16.2111,17.671,20.0712,21.5069,21.8585,22.1103
07 December 2010,1223.75,1.9078,15.0967,16.2838,17.6541,19.8912,21.2726,21.6914,21.9807
08 December 2010,1228.28,1.901,15.4192,16.0051,17.2462,19.5798,21.0496,21.3986,21.6799
09 December 2010,1233,1.8937,15.0946,15.7301,16.9127,19.3078,20.6951,21.1102,21.4105
10 December 2010,1240.4,1.8825,14.9667,15.5415,16.7029,18.9121,20.362,20.8078,21.1378
13 December 2010,1240.46,1.8829,15.3108,15.9634,17.0695,19.0951,20.3661,20.7539,21.0091
14 December 2010,1241.59,1.8814,15.4993,16.2158,17.2234,19.1808,20.477,20.8206,21.0749
15 December 2010,1235.23,1.8926,15.6969,16.4994,17.454,19.4194,20.6616,20.9845,21.2177
16 December 2010,1242.87,1.8967,15.1292,16.3813,17.3503,19.3444,20.7081,21.0588,21.3307
17 December 2010,1243.91,1.8952,13.8471,15.5098,16.7958,19.1482,20.6373,20.9983,21.2806
20 December 2010,1247.08,1.8881,13.3798,15.2341,16.5443,18.8764,20.427,20.782,21.0867
21 December 2010,1254.6,1.8782,13.4813,15.2262,16.4298,18.7893,20.3619,20.7165,21.0781
22 December 2010,1258.84,1.876,13.0563,14.9496,16.1895,18.6777,20.382,20.7507,21.1168
23 December 2010,1256.77,1.8762,13.777,15.7324,16.8131,19.2064,20.8425,21.1935,21.5059
27 December 2010,1257.54,1.8751,14.6443,16.4269,17.5451,19.696,21.0665,21.3865,21.7153
28 December 2010,1258.51,1.8737,14.7045,16.4778,17.577,19.8293,21.1619,21.4828,21.8294
29 December 2010,1259.78,1.8726,14.3021,16.0611,17.3218,19.7106,21.1167,21.3767,21.6864
30 December 2010,1257.88,1.8757,14.6915,16.3896,17.6414,19.9139,21.2557,21.5668,21.8782
31 December 2010,1257.64,1.8761,15.1732,16.5517,17.7057,20.0108,21.3722,21.5905,21.9135
03 January 2011,1271.87,1.8553,14.6936,16.0547,17.2911,19.4793,21.0403,21.2505,21.4597
04 January 2011,1270.2,1.8577,14.6984,16.0837,17.4155,19.5987,21.0841,21.3668,21.6773
05 January 2011,1276.56,1.8489,14.185,15.4974,16.8151,19.089,20.5668,20.9579,21.4278
06 January 2011,1273.85,1.8541,14.6584,15.9331,17.1002,19.2989,20.7189,21.0659,21.4175
07 January 2011,1271.5,1.8576,14.5338,15.8217,17.1481,19.266,20.7772,21.1044,21.4407
10 January 2011,1269.75,1.8601,14.6752,15.9988,17.0885,19.1669,20.7191,21.0938,21.4934
11 January 2011,1274.48,1.8532,14.0531,15.5077,16.8206,18.9041,20.5133,20.913,21.3169
12 January 2011,1285.96,1.8389,14.2388,15.2136,16.3566,18.3675,20.0757,20.5356,20.8889
13 January 2011,1283.76,1.8421,14.4068,15.2768,16.5037,18.3981,19.9979,20.5031,20.8599
14 January 2011,1293.24,1.8288,13.1127,14.2131,15.5492,17.7279,19.5868,20.1339,20.5277
18 January 2011,1295.02,1.8271,13.0714,14.3667,15.6552,17.7,19.478,20.0296,20.4388
19 January 2011,1281.92,1.8473,14.5166,15.5993,16.6571,18.428,20.0913,20.5522,20.923
20 January 2011,1280.26,1.8498,14.5032,15.6317,16.645,18.4295,20.0694,20.5016,20.9471
21 January 2011,1283.35,1.8455,14.4506,15.5997,16.7484,18.4251,20.1069,20.5577,20.9342
24 January 2011,1290.84,1.8348,13.9936,15.0305,16.2038,18.0988,19.7355,20.1969,20.6652
25 January 2011,1291.18,1.8357,14.1289,15.1571,16.2473,18.0095,19.644,19.9892,20.4856
26 January 2011,1296.63,1.8282,13.0126,14.2169,15.3819,17.3221,19.1059,19.6035,20.1038
27 January 2011,1299.54,1.8244,12.9167,13.9986,15.0485,17.0179,18.8125,19.242,19.7261
28 January 2011,1276.34,1.8576,16.0819,16.3171,16.864,18.2898,19.372,19.8834,20.3325
31 January 2011,1286.12,1.8435,15.6144,16.052,16.6036,17.9351,19.1637,19.6644,20.1737
01 February 2011,1307.59,1.8131,14.1027,14.9001,15.5557,17.1088,18.4409,18.9516,19.4397
02 February 2011,1304.03,1.8196,13.9745,14.7957,15.6206,17.1705,18.565,19.0678,19.5701
03 February 2011,1307.1,1.8159,13.3928,14.5474,15.3954,16.9725,18.408,18.7688,19.3692
04 February 2011,1310.87,1.8107,12.817,14.1039,15.0027,16.7072,18.1767,18.593,19.2534
07 February 2011,1319.05,1.8002,13.1909,14.1045,14.8414,16.5307,17.9182,18.3806,18.9091
08 February 2011,1324.57,1.7952,12.6849,13.7814,14.5327,16.2861,17.714,18.2259,18.7757
09 February 2011,1320.88,1.8011,13.3527,14.0493,14.7443,16.4448,17.8341,18.3116,18.791
10 February 2011,1321.87,1.7999,13.1274,13.9796,14.7485,16.3886,17.7914,18.2755,18.7286
11 February 2011,1329.15,1.791,12.4713,13.4788,14.3125,15.9931,17.453,17.9766,18.4792
14 February 2011,1332.32,1.7884,12.7607,13.7604,14.5479,16.0607,17.4915,18.0014,18.4509
15 February 2011,1328.01,1.7962,13.1391,14.2498,14.924,16.3903,17.6656,18.1777,18.6164
16 February 2011,1336.32,1.7867,12.9023,14.1884,14.8151,16.2668,17.5557,18.0417,18.5099
17 February 2011,1340.43,1.7834,12.9168,14.3171,15.0824,16.6244,17.8827,18.327,18.7697
18 February 2011,1343.01,1.7801,12.8058,14.4483,15.3415,16.9718,18.1623,18.5559,19.0356
22 February 2011,1315.45,1.8177,17.1477,17.6364,18.0225,18.9658,19.8064,20.0573,20.3063
23 February 2011,1307.4,1.8294,17.5236,18.0345,18.4612,19.3368,20.0992,20.2997,20.5453
24 February 2011,1306.1,1.8368,17.0043,17.749,18.3433,19.4072,20.225,20.4539,20.6772
25 February 2011,1319.88,1.8211,15.5759,16.3856,17.0942,18.4448,19.4213,19.7062,19.952
28 February 2011,1327.22,1.8116,15.1371,15.9784,16.7331,18.1423,19.1025,19.4077,19.6432
01 March 2011,1306.33,1.839,16.8423,17.3738,17.8634,18.993,19.7893,19.9542,20.1482
02 March 2011,1308.44,1.8373,17.1114,17.695,18.1643,19.1394,19.9616,20.1856,20.3853
03 March 2011,1330.97,1.807,15.1722,16.2887,17.049,18.353,19.3518,19.6826,19.9934
04 March 2011,1321.15,1.8204,16.6236,17.4893,18.1113,19.2257,20.0342,20.2358,20.4596
07 March 2011,1310.13,1.8358,17.4922,18.087,18.6049,19.6205,20.2847,20.544,20.7448
08 March 2011,1321.82,1.8222,16.5225,17.3532,17.9895,19.0312,19.9549,20.2307,20.5108
09 March 2011,1320.03,1.8267,17.0808,17.7751,18.3612,19.3463,20.1924,20.4251,20.6448
10 March 2011,1295.11,1.8618,19.1554,19.3479,19.5745,20.365,20.9931,21.1518,21.3266
11 March 2011,1304.28,1.8508,17.5165,18.1225,18.5985,19.7172,20.5797,20.7893,20.9714
14 March 2011,1296.39,1.862,18.5,19.0494,19.4717,20.4416,21.202,21.3653,21.545
15 March 2011,1281.87,1.8831,19.831,20.0154,20.1948,20.9041,21.5288,21.6557,21.7792
16 March 2011,1256.88,1.921,24.0682,23.0741,22.4742,22.6309,22.831,22.7293,22.7401
17 March 2011,1273.71,1.8959,22.0168,21.4271,21.3639,21.754,22.057,22.035,22.0908
18 March 2011,1279.21,1.8878,20.265,20.2768,20.4274,21.1657,21.7175,21.7709,21.8893
21 March 2011,1298.38,1.8581,17.4923,18.1478,18.6886,19.8003,20.5219,20.8925,21.1113
22 March 2011,1293.77,1.8656,17.2104,17.7773,18.3881,19.6136,20.4964,20.8526,21.1589
23 March 2011,1297.54,1.8604,15.978,16.8514,17.6485,19.0114,20.1511,20.5644,20.9118
24 March 2011,1309.66,1.8465,15.2049,16.1433,16.9652,18.4238,19.6223,20.0521,20.4131
25 March 2011,1313.8,1.8407,15.2518,16.3024,17.0551,18.5577,19.7357,20.1199,20.4811
28 March 2011,1310.19,1.8458,15.6169,16.4173,17.1692,18.6547,19.7816,20.1621,20.4439
29 March 2011,1319.44,1.838,15.3986,16.2606,17.0434,18.4033,19.5725,19.9882,20.3082
30 March 2011,1328.26,1.8274,14.7292,15.753,16.5696,18.0992,19.3101,19.7438,20.0647
31 March 2011,1325.83,1.8288,14.5088,15.5859,16.5577,18.1442,19.3223,19.7945,20.1468
01 April 2011,1332.41,1.8207,14.468,15.6379,16.5314,18.1218,19.3388,19.8387,20.1585
04 April 2011,1332.87,1.8308,14.5037,15.5028,16.4129,18.0148,19.2332,19.7394,20.1195
05 April 2011,1332.63,1.8313,13.888,15.1479,16.1004,17.8524,19.0689,19.6489,20.0328
06 April 2011,1335.54,1.8288,14.4821,15.0796,15.9588,17.8258,19.0923,19.6483,20.0084
07 April 2011,1333.51,1.8319,14.8067,15.5661,16.4892,18.3079,19.484,20.0121,20.3065
08 April 2011,1328.17,1.8394,15.2837,16.0559,17.0298,18.6881,19.8579,20.3466,20.6498
11 April 2011,1324.46,1.8449,15.076,15.989,16.8894,18.6421,19.768,20.2478,20.5681
12 April 2011,1314.16,1.8612,15.514,16.3123,17.2047,18.9001,20.0086,20.4928,20.8074
13 April 2011,1314.41,1.8633,14.737,15.6914,16.6973,18.5561,19.7857,20.3104,20.6526
14 April 2011,1314.52,1.864,13.9975,15.19,16.3801,18.4754,19.7413,20.2764,20.6073
15 April 2011,1319.68,1.8567,13.3469,14.7997,16.1061,18.2003,19.573,20.0736,20.4136
18 April 2011,1305.14,1.8776,13.9444,15.4529,16.6596,18.6434,19.8621,20.404,20.6921
19 April 2011,1312.62,1.8674,12.8374,14.4521,15.9244,18.201,19.5301,20.1087,20.4629
20 April 2011,1330.36,1.8426,12.1672,13.9803,15.3568,17.5584,19.0527,19.7002,20.0806
21 April 2011,1337.39,1.8331,11.6151,13.7052,15.1581,17.3654,18.9399,19.5259,19.9225
25 April 2011,1335.25,1.8361,12.5998,14.0888,15.3802,17.4577,18.9528,19.5853,19.993
26 April 2011,1347.24,1.8198,12.5009,13.8582,15.0972,17.2341,18.7206,19.3274,19.7457
27 April 2011,1355.66,1.8103,12.5648,13.829,14.9805,17.0889,18.6014,19.2607,19.7108
28 April 2011,1360.48,1.8039,11.7346,13.1909,14.3849,16.7055,18.3151,19.0094,19.501
29 April 2011,1363.61,1.7993,12.2716,13.5797,14.7035,16.8378,18.3446,19.0115,19.4871
02 May 2011,1361.22,1.8024,13.1471,14.2835,15.3371,17.2806,18.6722,19.2641,19.7054
03 May 2011,1356.62,1.8082,13.8163,15.0496,16.044,17.8425,19.1389,19.6964,20.111
04 May 2011,1347.32,1.8251,13.9759,15.1862,16.2058,18.0421,19.2555,19.8409,20.2615
05 May 2011,1335.1,1.8465,15.9333,16.5428,17.2788,18.7974,19.8499,20.3589,20.7334
06 May 2011,1340.2,1.8409,15.3342,15.8735,16.6526,18.2992,19.4741,20.0448,20.4492
09 May 2011,1346.3,1.8327,14.247,15.1918,16.1182,17.9044,19.241,19.83,20.2386
10 May 2011,1357.16,1.8181,12.944,14.1471,15.2713,17.3305,18.8235,19.5074,19.9915
11 May 2011,1342.08,1.8472,14.5025,15.0943,16.0765,18.0305,19.3814,20.0485,20.4944
12 May 2011,1348.65,1.8387,13.7678,14.5669,15.6359,17.7105,19.2279,19.8559,20.3035
13 May 2011,1337.77,1.8547,14.3293,15.0367,16.0847,18.0558,19.4834,20.0842,20.5096
16 May 2011,1329.47,1.867,14.982,15.6759,16.6141,18.3315,19.6508,20.2163,20.6402
17 May 2011,1328.98,1.8707,15.0486,15.7094,16.6129,18.3391,19.7179,20.2963,20.7411
18 May 2011,1340.68,1.8567,13.4232,14.5636,15.6578,17.5466,19.0932,19.8155,20.3485
19 May 2011,1343.6,1.8539,12.7408,14.1114,15.3364,17.3973,19.0742,19.7823,20.3035
20 May 2011,1333.27,1.8684,13.4699,14.5848,15.716,17.7034,19.324,20.0096,20.5231
23 May 2011,1317.37,1.8911,14.8488,15.5491,16.5337,18.3027,19.8603,20.5109,21.0171
24 May 2011,1316.28,1.8928,14.5219,15.3306,16.3084,18.1023,19.7287,20.4346,20.9698
25 May 2011,1320.47,1.8876,13.9639,14.9054,15.9151,17.8109,19.5226,20.2517,20.7838
26 May 2011,1325.69,1.8814,13.2376,14.433,15.4275,17.3124,19.0208,19.717,20.3357
27 May 2011,1331.1,1.8761,13.3395,14.4867,15.4222,17.1759,18.7298,19.3537,19.9861
31 May 2011,1345.2,1.8566,13.1431,14.2629,15.1482,16.9088,18.4532,19.0754,19.7145
01 June 2011,1314.55,1.9009,14.923,15.6371,16.2802,17.7252,19.0397,19.5747,20.1686
02 June 2011,1312.94,1.9026,15.0784,15.7639,16.3337,17.7151,19.0372,19.6052,20.2094
03 June 2011,1300.16,1.9229,15.336,16.0324,16.5803,17.9966,19.294,19.8192,20.3928
06 June 2011,1286.17,1.9445,16.047,16.6004,16.9804,18.4114,19.6426,20.1481,20.6881
07 June 2011,1284.94,1.9459,15.4472,16.0814,16.518,18.0475,19.351,19.8835,20.4517
08 June 2011,1279.56,1.9577,16.2271,16.7399,17.0913,18.5356,19.6408,20.102,20.5761
09 June 2011,1289,1.9431,15.2208,15.7495,16.2228,17.8253,19.1194,19.6289,20.1488
10 June 2011,1270.98,1.971,15.938,16.4571,16.8757,18.4206,19.5636,19.9926,20.4264
13 June 2011,1271.83,1.9727,16.726,17.1242,17.4697,18.7601,19.7273,20.1504,20.5684
14 June 2011,1287.87,1.9487,15.4321,16.1483,16.6178,18.0677,19.2543,19.697,20.1347
15 June 2011,1265.42,1.986,18.0588,18.3351,18.5467,19.49,20.3249,20.6173,20.9451
16 June 2011,1267.64,1.9875,19.1996,19.3122,19.5175,20.3193,21.006,21.3319,21.6179
17 June 2011,1271.5,1.9815,18.6014,18.8353,19.1259,20.1419,20.919,21.257,21.587
20 June 2011,1278.36,1.9696,17.5749,17.8137,18.2937,19.514,20.4622,20.9062,21.2859
21 June 2011,1295.52,1.9446,15.8468,16.392,17.1514,18.6553,19.8199,20.3395,20.7629
22 June 2011,1287.14,1.9581,15.6575,16.4133,17.1944,18.8977,20.0387,20.5308,20.9224
23 June 2011,1283.5,1.9636,17.2314,17.4603,17.9932,19.5885,20.5993,21.0952,21.388
24 June 2011,1268.45,1.987,18.1496,18.2645,18.6758,20.0696,21.2235,21.6807,21.9088
27 June 2011,1280.1,1.9689,17.1754,17.3706,17.9875,19.441,20.7065,21.1974,21.4853
28 June 2011,1296.67,1.9479,16.3398,16.7361,17.4284,19.1497,20.375,21.0791,21.3589
29 June 2011,1307.41,1.9337,14.2973,15.2221,16.2391,18.3166,19.9469,20.5918,21.0494
30 June 2011,1320.64,1.9143,13.5574,14.6337,15.6677,17.7664,19.3927,20.1926,20.5888
01 July 2011,1339.67,1.8946,13.0437,13.9885,14.9529,16.8923,18.5016,19.2216,19.7786
05 July 2011,1337.88,1.9003,13.589,14.4181,15.2572,17.0334,18.5,19.321,19.7983
06 July 2011,1339.23,1.8985,14.4156,14.8929,15.7242,17.2142,18.6713,19.3929,19.8918
07 July 2011,1353.22,1.8794,13.8696,14.3562,15.1902,16.7316,18.304,19.0149,19.5871
08 July 2011,1343.8,1.8925,14.3437,14.969,15.7005,17.2303,18.684,19.387,19.8738
11 July 2011,1319.49,1.9277,16.2805,16.7608,17.3595,18.5123,19.6577,20.23,20.6669
12 July 2011,1313.64,1.9363,16.7106,17.1009,17.64,18.6828,19.9099,20.4872,20.8654
13 July 2011,1317.72,1.9318,17.2308,17.368,17.8617,19.0237,20.0984,20.6574,20.9847
14 July 2011,1308.87,1.9461,17.816,18.0996,18.5852,19.5133,20.5013,20.9385,21.3143
15 July 2011,1316.14,1.9356,16.8748,17.4039,17.9675,19.1224,20.2518,20.7596,21.0672
18 July 2011,1305.44,1.9519,17.7927,18.1808,18.6191,19.6291,20.7622,21.2416,21.6207
19 July 2011,1326.73,1.9205,15.9558,16.6637,17.3366,18.7626,19.9646,20.5807,21.0419
20 July 2011,1325.84,1.9159,16.0758,16.5885,17.2318,18.6336,19.9542,20.5889,21.0098
21 July 2011,1343.8,1.8919,15.0484,15.6772,16.4327,17.9283,19.349,20.0181,20.4481
22 July 2011,1345.02,1.8904,14.8659,15.5053,16.2525,17.739,19.2171,19.9084,20.3598
25 July 2011,1337.43,1.9012,16.5983,16.7885,17.3401,18.4369,19.6406,20.1987,20.6182
26 July 2011,1331.94,1.9093,16.9465,17.1009,17.5821,18.5672,19.7841,20.3134,20.7107
27 July 2011,1304.89,1.9496,19.4848,19.0192,19.1917,19.6943,20.6406,21.0472,21.404
28 July 2011,1300.67,1.9571,20.1537,19.5104,19.5847,19.9112,20.7367,21.0798,21.3499
29 July 2011,1292.28,1.9693,21.5526,20.1161,19.8762,19.9698,20.7353,21.0366,21.3572
01 August 2011,1286.94,1.9773,20.2921,19.2857,19.1706,19.3687,20.2415,20.6678,20.9996
02 August 2011,1254.05,2.0292,21.2913,20.3987,20.2641,20.4207,21.1349,21.4138,21.6242
03 August 2011,1260.34,2.0264,20.5762,20.245,20.2549,20.5681,21.3969,21.7249,22.0148
04 August 2011,1200.07,2.1291,26.453,24.7357,24.1515,23.5645,23.5973,23.5537,23.6464
05 August 2011,1199.38,2.1291,29.8588,27.8537,26.8123,25.8075,25.2219,25.0551,24.8759
08 August 2011,1119.46,2.2827,37.2423,32.7335,30.9508,28.575,27.3117,26.7916,26.5165
09 August 2011,1172.53,2.1795,34.4031,30.8621,29.218,27.1843,26.2178,25.767,25.6803
10 August 2011,1120.76,2.2833,34.8157,32.0596,30.3858,28.2568,26.7256,26.2044,25.8975
11 August 2011,1172.64,2.1835,32.0327,29.5805,28.197,26.3821,25.4547,25.2038,25.1386
12 August 2011,1178.81,2.1721,31.5432,29.2908,27.9401,26.2997,25.3526,24.971,24.8275
15 August 2011,1204.49,2.1265,27.0546,25.9167,25.3308,24.4242,23.9391,23.8269,23.7691
16 August 2011,1192.76,2.1527,27.3865,26.0541,25.4183,24.5776,24.0721,23.9466,23.7964
17 August 2011,1193.89,2.1533,26.3356,25.6417,25.1867,24.3004,23.8566,23.7413,23.5528
18 August 2011,1140.65,2.2549,36.0092,32.7595,31.018,28.3422,26.7338,26.0639,25.5244
19 August 2011,1123.53,2.2893,36.6895,33.5936,31.7878,29.11,27.3354,26.5934,25.9401
22 August 2011,1123.82,2.2887,35.0842,32.7766,31.3032,28.979,27.2934,26.4418,25.8468
23 August 2011,1162.35,2.2131,30.5406,29.4576,28.6197,27.1997,26.1145,25.5354,25.0208
24 August 2011,1177.6,2.1866,29.3605,28.4369,27.8814,26.7487,25.9282,25.4005,24.8477
25 August 2011,1159.27,2.2214,33.2539,30.7099,29.6441,27.9565,26.8741,26.1867,25.5631
26 August 2011,1176.8,2.1892,31.0963,29.4935,28.554,27.2547,26.3977,25.7037,25.2281
29 August 2011,1210.09,2.1309,26.8302,26.2575,25.9871,25.4121,25.1057,24.6769,24.2756
30 August 2011,1212.92,2.1291,26.7479,26.3591,26.1293,25.5011,25.1503,24.711,24.3102
31 August 2011,1218.89,2.1202,27.3842,27.0341,26.7824,26.1014,25.2987,24.7963,24.3659
01 September 2011,1204.42,2.1462,27.03,26.8382,26.5242,26.0083,25.3979,24.9352,24.4741
02 September 2011,1173.97,2.2032,29.1142,28.785,28.1611,27.1923,26.3223,25.6364,25.1119
06 September 2011,1165.24,2.2204,31.6442,30.0901,29.0803,27.7114,26.6745,25.9412,25.4274
07 September 2011,1198.62,2.1619,28.059,27.7922,27.2994,26.7066,25.8573,25.2123,24.7632
08 September 2011,1185.9,2.1854,29.2418,28.66,28.0311,27.2589,26.2711,25.5698,25.0082
09 September 2011,1154.23,2.2453,34.7186,33.4712,31.9257,29.9497,28.1529,27.1291,26.4826
12 September 2011,1162.27,2.2312,35.0516,33.6573,32.4578,30.5836,28.8431,27.6612,26.8088
13 September 2011,1172.87,2.2141,32.582,31.7553,30.8477,29.4517,27.9126,26.8698,26.2008
14 September 2011,1188.68,2.1846,29.564,29.4149,28.9215,28.1541,27.1846,26.4201,25.8497
15 September 2011,1209.11,2.1512,28.316,28.6267,28.4481,27.7856,26.8746,26.2089,25.6752
16 September 2011,1216.01,2.139,27.4244,27.8298,27.7966,27.3048,26.5764,26.0006,25.4823
19 September 2011,1204.09,2.1557,28.3311,28.4603,28.3496,27.7854,26.987,26.2379,25.7369
20 September 2011,1202.09,2.1595,28.2793,28.2228,28.1405,27.6052,26.8878,26.1746,25.7339
21 September 2011,1166.76,2.2256,29.7385,29.411,29.0895,28.3706,27.4328,26.6272,26.1593
22 September 2011,1129.56,2.2991,37.9286,35.8535,34.4,32.3882,30.477,29.1431,28.2992
23 September 2011,1136.43,2.2874,36.1086,34.27,33.1678,31.6168,29.9382,28.7779,28.0223
26 September 2011,1162.95,2.2329,34.7135,33.378,32.4292,31.1036,29.5661,28.4781,27.8013
27 September 2011,1175.38,2.2095,32.1407,31.3386,30.7114,29.807,28.5853,27.7387,27.1472
28 September 2011,1151.06,2.2616,34.5066,33.2479,32.3064,31.0868,29.5449,28.4317,27.769
29 September 2011,1160.4,2.2446,35.8097,34.6228,33.4225,31.7997,30.0964,28.9211,28.1638
30 September 2011,1131.42,2.3021,36.9423,35.648,34.2661,32.5934,30.8357,29.5617,28.7375
03 October 2011,1099.23,2.3701,40.4453,38.4792,36.7134,34.6681,32.5935,31.0995,30.1429
04 October 2011,1123.95,2.2983,39.3502,38.0498,36.3823,34.6766,32.7075,31.2306,30.241
05 October 2011,1144.03,2.26,34.2516,33.5486,32.6559,31.9062,30.6252,29.483,28.727
06 October 2011,1164.97,2.2199,33.4054,32.9445,32.1104,31.4908,30.3132,29.292,28.5591
07 October 2011,1155.46,2.2386,31.3127,31.5188,31.0522,30.8204,29.9275,28.983,28.3453
10 October 2011,1194.89,2.1647,30.1621,30.3444,29.8821,29.8499,29.1626,28.3086,27.7821
11 October 2011,1195.54,2.1637,28.5881,29.0254,28.8038,29.1202,28.6323,27.8753,27.4274
12 October 2011,1207.25,2.1457,26.2465,26.4952,26.5228,27.1125,27.0762,26.7348,26.464
13 October 2011,1203.66,2.1535,26.4925,26.7033,26.7671,27.4319,27.4202,26.9547,26.6146
14 October 2011,1224.58,2.1167,24.1788,24.7036,24.9482,25.9648,26.3077,26.0866,25.8641
17 October 2011,1200.86,2.1611,27.1907,26.9474,26.7981,27.1905,27.1015,26.7252,26.4813
18 October 2011,1225.38,2.1178,25.6237,25.8944,25.9995,26.6227,26.8036,26.6466,26.5041
19 October 2011,1209.88,2.1465,29.494,28.7986,28.3857,28.3717,28.0963,27.6405,27.3466
20 October 2011,1215.39,2.1369,29.2417,28.7072,28.4062,28.4514,28.1438,27.6973,27.4079
21 October 2011,1238.25,2.0977,26.7172,26.8892,26.8558,27.1483,27.1868,26.9252,26.7303
24 October 2011,1254.2,2.0711,24.6313,24.9448,25.0912,25.8315,25.9806,25.9691,25.9404
25 October 2011,1229.05,2.1135,26.2142,26.0361,26.0013,26.2764,26.2898,26.1629,26.0939
26 October 2011,1242,2.0916,24.9985,25.2501,25.3338,25.7438,25.8749,25.8072,25.778
27 October 2011,1284.59,2.0232,21.0367,21.5831,21.9061,22.8836,23.3894,23.6931,23.9213
28 October 2011,1285.09,2.0225,21.0389,21.5109,21.8809,22.8085,23.3159,23.6201,23.8612
31 October 2011,1253.3,2.0742,24.4546,24.2295,24.1652,24.4638,24.4794,24.5455,24.7083
01 November 2011,1218.28,2.1328,28.7958,27.884,27.7067,27.4175,27.055,26.7899,26.7569
02 November 2011,1237.9,2.1022,27.4676,26.7388,26.7689,26.831,26.5282,26.3955,26.3931
03 November 2011,1261.16,2.0667,24.9739,24.938,25.3095,25.7336,25.7718,25.7913,25.8802
04 November 2011,1253.23,2.0799,25.6941,25.6847,25.995,26.3029,26.1564,26.1535,26.185
07 November 2011,1261.12,2.0671,25.3081,25.1649,25.564,26.0187,25.9125,25.9507,26.0669
08 November 2011,1275.92,2.0488,23.2051,23.6589,24.4069,25.1106,25.4544,25.5416,25.7264
09 November 2011,1229.1,2.1284,29.7853,28.8535,28.8499,28.3799,27.8223,27.5841,27.5474
10 November 2011,1239.69,2.1108,27.632,27.4028,27.7938,27.6681,27.2697,27.1452,27.1548
11 November 2011,1263.86,2.0704,25.1881,25.4333,26.2366,26.3997,26.367,26.384,26.5812
14 November 2011,1251.78,2.0928,26.8435,26.6605,27.3147,27.2267,26.8525,26.9031,26.9929
15 November 2011,1257.81,2.0881,25.5677,25.5992,26.4445,26.7451,26.6516,26.7049,26.9204
16 November 2011,1236.91,2.1269,27.1833,27.2535,27.9377,27.9043,27.6629,27.5648,27.6833
17 November 2011,1216.13,2.1642,30.1579,29.5234,30.0837,29.6129,29.1153,28.7926,28.7783
18 November 2011,1215.65,2.1663,28.1443,28.3304,29.2286,29.3239,28.7938,28.6417,28.6312
21 November 2011,1192.98,2.2056,29.0113,29.1122,29.7839,29.7355,29.2557,29.0345,28.9405
22 November 2011,1188.04,2.2154,28.4412,28.7487,29.3386,29.4179,28.9382,28.6633,28.4715
23 November 2011,1161.79,2.2658,29.925,29.9646,30.567,30.4392,29.8058,29.3372,29.0772
25 November 2011,1158.67,2.2729,30.3948,30.6643,31.2674,31.05,30.3005,29.663,29.4696
28 November 2011,1192.55,2.2105,28.8177,29.116,29.7432,29.6887,29.1449,28.8457,28.6616
29 November 2011,1195.19,2.2103,27.0734,27.7958,28.6061,28.8522,28.4362,28.3114,28.2076
30 November 2011,1246.96,2.1199,24.0678,25.0987,26.2435,26.9114,26.8929,27.0283,27.0857
01 December 2011,1244.58,2.1246,23.3071,24.3149,25.4887,26.2884,26.3773,26.6145,26.7145
02 December 2011,1244.28,2.1252,23.6792,24.4987,25.5686,26.2717,26.3241,26.5245,26.6366
05 December 2011,1257.08,2.0982,24.4603,25.1486,25.907,26.3538,26.2775,26.4343,26.5189
06 December 2011,1258.47,2.0968,23.9826,24.9055,25.6916,26.1832,26.1133,26.306,26.4159
07 December 2011,1261.01,2.1015,25.5189,26.1162,26.5922,26.7966,26.5732,26.64,26.6749
08 December 2011,1234.35,2.1472,26.7306,27.3386,27.6339,27.5374,27.0939,27.0639,27.0537
09 December 2011,1255.19,2.1185,23.5061,24.6517,25.4631,26.0228,26.0225,26.2607,26.3512
12 December 2011,1236.47,2.1516,24.7307,25.9058,26.4804,26.8253,26.7157,26.82,26.8162
13 December 2011,1225.73,2.1739,23.8971,25.2762,26.0235,26.7237,26.8492,27.0404,27.1143
14 December 2011,1211.82,2.1962,24.0684,25.5015,26.2953,26.8783,27.1034,27.4516,27.4596
15 December 2011,1215.75,2.1938,22.5591,24.4162,25.3767,26.2631,26.8238,27.201,27.3337
16 December 2011,1219.66,2.1728,22.3684,24.2372,25.1722,26.1137,26.6986,27.0924,27.2325
19 December 2011,1205.35,2.1956,22.6704,24.4988,25.2245,26.1268,26.6319,26.9895,27.1405
20 December 2011,1241.31,2.1345,20.2271,22.2896,23.1916,24.2622,25.0604,25.597,25.944
21 December 2011,1243.72,2.1306,19.3784,21.5162,22.33,23.6462,24.4837,24.9732,25.3537
22 December 2011,1254,2.1165,18.7023,21.0868,21.9621,23.2358,24.1075,24.6607,25.0013
23 December 2011,1265.33,2.0967,18.3917,20.8223,21.7171,23.0899,24.0658,24.7079,25.0721
27 December 2011,1265.43,2.097,18.9781,20.9531,21.7842,23.0078,23.8242,24.4029,24.67
28 December 2011,1249.64,2.1282,20.6837,22.3826,23.0596,23.9536,24.4641,24.9158,25.1642
29 December 2011,1263.02,2.1067,19.9077,21.6472,22.3775,23.4654,24.1331,24.6109,24.8058
30 December 2011,1257.61,2.1164,20.2661,21.9388,22.6144,23.5729,24.1349,24.5571,24.768
03 January 2012,1277.06,2.0858,19.7389,21.2123,21.9319,23.0063,23.6643,24.1647,24.4341
04 January 2012,1277.3,2.0926,19.0935,20.5284,21.3246,22.4885,23.1776,23.7307,24.0572
05 January 2012,1281.06,2.0865,18.4472,19.9308,20.7573,22.0428,22.9079,23.4709,23.7967
06 January 2012,1277.81,2.0934,17.6445,19.3678,20.3305,21.7051,22.6225,23.3017,23.6669
09 January 2012,1280.7,2.089,18.0089,19.4177,20.2749,21.5996,22.5658,23.1603,23.495
10 January 2012,1292.08,2.071,17.5942,18.9769,19.7968,21.1163,22.122,22.7926,23.1529
11 January 2012,1292.48,2.0712,18.2346,19.1391,20.069,21.4071,22.273,22.9087,23.2427
12 January 2012,1295.5,2.0675,18.0417,19.0953,19.9919,21.3772,22.3286,22.9239,23.2018
13 January 2012,1289.09,2.0778,18.6051,19.8561,20.8281,22.0979,22.89,23.3684,23.5989
17 January 2012,1293.67,2.0705,18.5295,19.8522,20.6572,21.7925,22.6906,23.1288,23.3542
18 January 2012,1308.04,2.0491,16.9011,18.6696,19.7068,21.126,22.2242,22.7677,23.0648
19 January 2012,1314.5,2.0395,16.1575,18.1618,19.1779,20.741,21.9297,22.5964,22.9398
20 January 2012,1315.38,2.0383,14.9695,17.2868,18.6124,20.3266,21.622,22.312,22.7401
23 January 2012,1316,2.0458,15.0354,16.9924,18.1533,19.899,21.1434,21.8837,22.3412
24 January 2012,1314.66,2.048,15.3912,17.0464,18.1728,19.8607,21.2269,21.869,22.322
25 January 2012,1326.05,2.0305,14.7432,16.2301,17.3395,19.2184,20.7614,21.4599,21.9587
26 January 2012,1318.43,2.0427,15.9249,17.1427,18.0905,19.709,21.0825,21.6853,22.1359
27 January 2012,1316.33,2.0481,15.0826,16.4677,17.521,19.2965,20.8081,21.5403,21.9716
30 January 2012,1313.01,2.0534,16.1706,17.2425,18.1248,19.6853,21.0891,21.8345,22.3103
31 January 2012,1312.41,2.0544,16.1763,17.2976,18.1964,19.8509,21.2157,21.9461,22.4193
01 February 2012,1324.09,2.0403,15.3913,16.5929,17.5834,19.3486,20.8321,21.6583,22.1369
02 February 2012,1325.54,2.0387,15.0073,16.2802,17.2731,19.0442,20.6416,21.5012,22.0113
03 February 2012,1344.9,2.0125,14.2573,15.4847,16.5188,18.4148,20.0377,21.0324,21.5895
06 February 2012,1344.33,2.0137,14.7864,15.8992,16.7345,18.5038,20.099,20.9879,21.6165
07 February 2012,1347.05,2.0098,14.5852,15.6027,16.4728,18.1928,19.8032,20.819,21.4543
08 February 2012,1349.96,2.0081,15.1814,15.9388,16.8276,18.4238,20.0118,20.9769,21.621
09 February 2012,1351.95,2.0052,15.2425,16.255,17.2022,18.8579,20.3864,21.4079,21.9714
10 February 2012,1342.64,2.02,17.8168,18.7119,19.4857,20.5555,21.6596,22.4591,22.8637
13 February 2012,1351.77,2.0105,15.6224,16.8452,17.922,19.4832,20.916,21.8418,22.4368
14 February 2012,1350.5,2.0155,17.0966,18.3401,19.3154,20.6557,21.8615,22.7161,23.2891
15 February 2012,1343.23,2.03,17.2546,18.5834,19.5366,20.9869,22.2387,23.05,23.6417
16 February 2012,1358.04,2.0094,14.9531,16.9112,18.2072,19.9345,21.2889,22.0926,22.675
17 February 2012,1361.23,2.005,14.0436,16.322,17.7051,19.5137,21.246,22.2772,23.0068
21 February 2012,1362.21,2.0039,14.9446,16.6463,17.9014,19.6741,21.2835,22.3116,23.0023
22 February 2012,1357.66,2.0111,14.4425,16.2755,17.6279,19.5156,21.258,22.3041,23.0358
23 February 2012,1363.46,2.0053,13.5546,15.1539,16.5865,18.7706,20.6699,21.8173,22.5469
24 February 2012,1365.74,2.0028,13.6239,15.3121,16.7551,18.8611,20.697,21.8842,22.6076
27 February 2012,1367.59,2.0021,13.9804,15.4542,16.783,18.8693,20.7002,21.899,22.6789
28 February 2012,1372.18,1.9975,14.2826,15.7383,17.0209,19.0978,20.9172,22.1807,22.945
29 February 2012,1365.68,2.0087,14.3369,15.7253,16.9579,18.9271,20.8492,22.0779,22.8517
01 March 2012,1374.09,1.9892,13.8565,15.3776,16.7566,18.7589,20.717,21.9671,22.6776
02 March 2012,1369.63,1.9957,13.5452,15.2449,16.7231,18.7557,20.6709,21.9231,22.7296
05 March 2012,1364.34,2.0039,14.0564,15.7346,17.1249,19.1436,21.0261,22.2339,23.0022
06 March 2012,1343.36,2.0357,16.5256,17.7788,18.8645,20.585,22.1192,23.1418,23.8032
07 March 2012,1352.63,2.0265,15.8853,16.834,17.9259,19.8577,21.6682,22.7899,23.4988
08 March 2012,1365.91,2.0147,14.5882,15.6996,16.9468,19.0681,20.989,22.2783,23.1183
09 March 2012,1370.87,1.9995,14.4068,15.3881,16.6648,18.7607,20.6466,21.9663,22.8221
12 March 2012,1371.09,2.0005,13.7519,15.0377,16.3514,18.4717,20.4136,21.7024,22.5614
13 March 2012,1395.95,1.968,13.4422,14.4861,15.6829,17.7062,19.7198,21.0527,21.985
14 March 2012,1394.28,1.977,14.2497,15.4362,16.5677,18.3415,20.1993,21.4997,22.3756
15 March 2012,1402.6,1.9656,13.5009,15.0922,16.3328,18.0923,19.9709,21.2855,22.1755
16 March 2012,1404.17,1.9635,12.3516,14.4054,15.9023,17.8722,19.886,21.2382,22.1289
19 March 2012,1409.75,1.9481,12.3513,14.2206,15.7657,17.6162,19.4506,21.0265,21.9256
20 March 2012,1405.52,1.954,12.7795,14.4641,15.9274,17.7255,19.5514,21.0669,21.9278
21 March 2012,1402.9,1.958,12.3611,13.8799,15.2639,17.1914,19.077,20.5664,21.4135
22 March 2012,1392.79,1.9765,13.8037,15.0533,16.2023,17.7307,19.3458,20.718,21.4798
23 March 2012,1397.11,1.9704,12.4555,13.8056,15.101,16.9723,18.703,20.1027,20.9184
26 March 2012,1416.51,1.9406,12.0657,13.1282,14.3436,16.2147,18.0997,19.5278,20.3824
27 March 2012,1412.52,1.9479,12.7124,13.7522,14.7359,16.4074,18.1605,19.5266,20.3687
28 March 2012,1405.54,1.9617,13.4858,14.6729,15.5417,17.0961,18.5344,19.883,20.6386
29 March 2012,1403.28,1.9652,13.0228,14.2644,15.2534,16.8884,18.4336,19.6385,20.403
30 March 2012,1408.47,1.9583,12.7573,14.0468,15.0397,16.5985,18.2461,19.4909,20.2568
02 April 2012,1419.04,1.9451,12.637,13.9072,14.7594,16.3252,17.9438,19.2246,20.0078
03 April 2012,1413.38,1.9581,13.3577,14.6408,15.4382,16.9624,18.4316,19.6422,20.4222
04 April 2012,1398.96,1.9792,13.6464,15.0548,15.8853,17.3634,18.9014,20.0608,20.7899
05 April 2012,1398.08,1.9818,13.9947,15.3946,16.1797,17.6075,19.0313,20.2329,20.9809
09 April 2012,1382.2,2.0052,15.217,16.3513,16.9275,18.1776,19.6111,20.6324,21.2941
10 April 2012,1358.59,2.0405,17.9136,18.6545,19.1157,19.9946,21.1435,21.9513,22.5358
11 April 2012,1368.71,2.0277,17.4586,18.1679,18.7464,19.6913,20.9787,21.7926,22.3808
12 April 2012,1387.57,2.0005,15.7936,16.7153,17.5309,18.8137,20.3691,21.3331,21.9906
13 April 2012,1370.26,2.026,16.483,17.2874,18.0362,19.2674,20.784,21.6456,22.2602
16 April 2012,1369.57,2.027,17.1941,17.8881,18.3991,19.5079,20.9452,21.8537,22.4858
17 April 2012,1390.78,1.9962,15.4643,16.4181,17.0103,18.4283,20.1191,21.1845,21.9234
18 April 2012,1385.14,2.0043,15.3792,16.5501,17.1236,18.5557,20.3076,21.3515,22.1011
19 April 2012,1376.92,2.0168,16.0196,17.0745,17.6756,18.9996,20.7712,21.7567,22.4396
20 April 2012,1378.53,2.0146,15.0394,16.3,17.0885,18.5974,20.4739,21.4373,22.1507
23 April 2012,1366.94,2.0321,16.3704,17.1256,17.7377,19.1405,20.9234,21.8807,22.5477
24 April 2012,1371.97,2.0246,15.9514,16.752,17.4169,18.8223,20.6943,21.7115,22.4086
25 April 2012,1390.69,1.9987,14.3402,15.3381,16.122,17.74,19.854,20.9156,21.7297
26 April 2012,1399.98,1.986,13.5945,14.5588,15.3847,17.0711,19.2285,20.387,21.2046
27 April 2012,1403.36,1.9817,13.5194,14.459,15.2953,16.9902,19.0753,20.2497,21.068
30 April 2012,1397.91,1.9905,14.5037,15.2846,16.0054,17.423,19.351,20.3797,21.1366
01 May 2012,1405.82,1.9793,13.7127,14.5293,15.2038,16.9495,19.0344,20.082,20.8053
02 May 2012,1402.31,1.9888,14.2144,15.0135,15.7616,17.2746,19.214,20.2551,20.9864
03 May 2012,1391.57,2.0057,14.7949,15.4855,16.1747,17.6252,19.4246,20.4141,21.1188
04 May 2012,1369.1,2.0387,16.2499,16.6776,17.245,18.4577,20.1635,20.9507,21.544
07 May 2012,1369.58,2.0382,16.3963,16.625,17.1272,18.3378,20.0501,20.9466,21.6055
08 May 2012,1363.72,2.0477,16.3203,16.7788,17.3818,18.6159,20.2516,21.0723,21.7085
09 May 2012,1354.58,2.0638,17.6212,17.7332,18.2532,19.345,20.8427,21.5944,22.1373
10 May 2012,1357.99,2.0597,16.644,16.9605,17.6076,18.8603,20.4424,21.1915,21.7122
11 May 2012,1353.39,2.0622,17.1087,17.3925,18.0529,19.1945,20.6606,21.4005,21.8777
14 May 2012,1338.35,2.0866,18.8913,18.8008,19.3597,20.3005,21.4802,22.1572,22.6176
15 May 2012,1330.66,2.1016,19.5829,19.7551,20.2453,21.2393,22.3793,22.8681,23.1906
16 May 2012,1324.8,2.1145,19.3849,19.9925,20.5281,21.4985,22.6809,23.0009,23.2599
17 May 2012,1304.86,2.1494,20.1751,20.817,21.2043,22.196,23.165,23.4155,23.6559
18 May 2012,1295.22,2.1661,21.2189,21.9716,22.3599,23.1404,23.921,24.0262,24.172
21 May 2012,1315.99,2.1326,19.0125,19.9916,20.6702,22.0116,23.0227,23.2341,23.495
22 May 2012,1316.63,2.1317,19.0376,19.8534,20.5373,22.0633,22.9894,23.1641,23.4682
23 May 2012,1318.86,2.1284,19.1271,20.2354,20.9677,22.4388,23.3986,23.5815,23.8364
24 May 2012,1320.68,2.1291,18.7625,19.9801,20.7152,22.3137,23.3967,23.6833,23.9683
25 May 2012,1317.82,2.1364,18.7558,20.0022,20.7499,22.3872,23.609,23.8311,24.1198
29 May 2012,1332.42,2.1156,17.8646,18.9737,19.7917,21.3694,22.8557,23.2641,23.6135
30 May 2012,1313.32,2.1497,19.6851,20.3962,20.8986,22.0948,23.3899,23.7025,24.0151
31 May 2012,1310.33,2.156,19.4484,20.2876,20.7724,21.9979,23.3605,23.6358,23.9538
01 June 2012,1278.05,2.2105,22.9433,23.3105,23.4772,24.1558,24.9921,25.0338,25.2455
04 June 2012,1278.18,2.2119,22.8658,23.2601,23.4167,24.097,24.9517,25.0776,25.3069
05 June 2012,1285.5,2.1987,21.5613,22.1636,22.4832,23.3902,24.4711,24.7763,25.0614
06 June 2012,1315.13,2.1529,20.394,20.6509,21.0573,22.2754,23.5954,23.9922,24.3692
07 June 2012,1314.99,2.1535,18.7307,19.1094,19.7436,21.2122,22.8954,23.3406,23.7943
08 June 2012,1325.66,2.1368,18.9205,19.1711,19.7554,21.2472,23.0406,23.4968,23.8938
11 June 2012,1308.93,2.1646,20.4172,20.5162,20.788,21.9629,23.5109,23.8918,24.2947
12 June 2012,1324.18,2.1399,20.2844,20.558,20.9277,22.087,23.5008,23.8075,24.1764
13 June 2012,1314.88,2.1601,22.0591,22.1107,22.2426,23.0472,24.354,24.5797,24.8983
14 June 2012,1329.1,2.1373,20.7183,20.9583,21.1837,22.1733,23.5797,23.988,24.3779
15 June 2012,1342.84,2.1135,18.5747,18.876,19.3772,20.8312,22.7847,23.3041,23.7772
18 June 2012,1344.78,2.106,16.4746,17.4314,18.1754,19.9409,22.2486,22.9512,23.4145
19 June 2012,1357.98,2.0858,15.5828,16.7105,17.4047,19.1384,21.5194,22.301,22.8782
20 June 2012,1355.69,2.0895,15.52,16.8786,17.5776,19.2499,21.732,22.4527,23.1044
21 June 2012,1325.51,2.1389,17.445,18.6241,19.067,20.4569,22.6049,23.1856,23.7449
22 June 2012,1335.02,2.1237,15.8121,17.2667,17.9546,19.5742,21.905,22.6065,23.3097
25 June 2012,1313.72,2.1603,17.7261,18.5288,18.9754,20.433,22.4447,22.9708,23.6162
26 June 2012,1319.99,2.1503,17.3142,18.1439,18.6076,20.1136,22.1233,22.6663,23.3026
27 June 2012,1331.85,2.1342,17.3688,18.2788,18.7615,20.1015,22.0123,22.6656,23.2479
28 June 2012,1329.04,2.1517,18.0126,18.8467,19.2674,20.4996,22.3535,22.9473,23.5474
29 June 2012,1362.16,2.0989,15.3412,16.4417,17.128,18.7649,20.9513,21.7545,22.4834
02 July 2012,1365.51,2.0972,14.6345,15.6951,16.492,18.3222,20.7102,21.5356,22.3263
03 July 2012,1374.02,2.0868,14.2505,15.2931,16.0919,17.8902,20.3309,21.2426,22.0021
05 July 2012,1367.58,2.0968,14.8883,15.9585,16.7118,18.3443,20.6923,21.487,22.2357
06 July 2012,1354.68,2.1182,14.9716,16.1873,16.9812,18.7195,21.0063,21.8136,22.5673
09 July 2012,1352.46,2.1217,15.5634,16.4906,17.2563,18.9312,21.0225,21.78,22.5378
10 July 2012,1341.47,2.1392,16.5369,17.1887,17.8607,19.3747,21.335,22.0491,22.7506
11 July 2012,1341.46,2.1402,16.5941,17.0906,17.7564,19.288,21.3693,21.9491,22.6428
12 July 2012,1334.76,2.1512,16.3219,16.9486,17.6264,19.1352,21.1328,21.8392,22.5172
13 July 2012,1356.78,2.1166,14.9705,15.8092,16.4822,18.3046,20.3666,21.2114,22.0087
16 July 2012,1353.64,2.1215,15.2208,15.9789,16.6655,18.4208,20.3477,21.1718,21.9579
17 July 2012,1363.67,2.1059,14.5118,15.3864,16.124,17.9168,19.877,20.7407,21.5347
18 July 2012,1372.78,2.0814,13.7222,14.9474,15.8861,17.8597,19.8096,20.6508,21.3901
19 July 2012,1376.51,2.0772,13.6455,14.8773,15.9103,17.8186,19.7464,20.584,21.2912
20 July 2012,1362.66,2.0985,13.824,15.3985,16.5111,18.4165,20.2039,20.9729,21.6261
23 July 2012,1350.52,2.1176,15.4225,16.6842,17.755,19.4066,20.9099,21.6336,22.136
24 July 2012,1338.31,2.1369,17.5587,18.3026,19.1309,20.4842,21.7619,22.3199,22.8541
25 July 2012,1337.89,2.1378,16.5744,17.5039,18.4792,20.0411,21.4499,22.0531,22.6449
26 July 2012,1360.02,2.1031,15.0686,16.105,17.1768,19.0473,20.8181,21.4317,22.0968
27 July 2012,1385.97,2.0647,13.9793,15.087,16.2053,18.3247,20.2047,20.9597,21.6155
30 July 2012,1385.3,2.0776,15.2992,15.9677,16.9676,18.7865,20.4929,21.2055,21.7804
31 July 2012,1379.32,2.0891,15.8992,16.4072,17.3437,19.0326,20.6484,21.2961,21.8378
01 August 2012,1375.14,2.0985,15.7306,16.2398,17.1822,18.8307,20.4719,21.1558,21.7375
02 August 2012,1365,2.1145,15.446,16.3595,17.3628,19.1711,20.729,21.4754,22.0142
03 August 2012,1390.99,2.0756,13.6874,14.9691,16.233,18.2608,20.1317,20.8878,21.5377
06 August 2012,1394.23,2.0711,13.535,14.7313,15.9662,17.9426,19.8624,20.6139,21.3271
07 August 2012,1401.35,2.0487,13.6622,14.8466,16.006,17.9997,20.0913,20.9009,21.574
08 August 2012,1402.22,2.0535,13.9481,14.6814,15.8597,17.9615,20.1205,20.8831,21.6041
09 August 2012,1402.8,2.0884,13.4231,14.3256,15.5306,17.7311,19.913,20.7991,21.5202
10 August 2012,1405.87,2.0849,13.2039,14.1818,15.4061,17.6017,19.8369,20.7721,21.504
13 August 2012,1404.11,2.0893,13.1773,14.1649,15.3717,17.6121,19.8344,20.7279,21.5374
14 August 2012,1403.93,2.0931,13.4612,14.6492,15.829,17.9321,20.136,21.0268,21.7846
15 August 2012,1405.53,2.095,13.5085,14.7631,15.9943,18.1051,20.2543,21.1467,21.8874
16 August 2012,1415.51,2.0809,13.0895,14.5181,15.817,18.0672,20.3398,21.1268,21.8778
17 August 2012,1418.16,2.0771,12.0618,13.9518,15.3873,17.8293,20.1557,20.9218,21.7161
20 August 2012,1418.13,2.0775,12.016,14.2379,15.6882,17.9491,20.3324,21.1218,21.8331
21 August 2012,1413.17,2.0752,12.7648,14.6682,16.0263,18.2251,20.8139,21.6677,22.4157
22 August 2012,1413.49,2.0755,12.5865,14.6937,16.189,18.4337,21.0855,21.905,22.731
23 August 2012,1402.08,2.1045,13.5319,15.4946,16.8008,19.0978,21.4712,22.3059,23.1045
24 August 2012,1411.13,2.0923,12.6959,14.8467,16.2621,18.6479,21.0612,21.8884,22.7129
27 August 2012,1410.44,2.0935,13.3544,15.2372,16.5584,18.8241,21.1663,21.9921,22.8159
28 August 2012,1409.3,2.0962,13.7928,15.5022,16.688,18.9336,21.1193,21.8502,22.6827
29 August 2012,1410.49,2.0975,14.1013,15.7341,16.965,19.1726,21.4533,22.1042,22.9153
30 August 2012,1399.48,2.1157,14.9195,16.4343,17.4907,19.6536,21.8288,22.4969,23.1939
31 August 2012,1406.58,2.1052,14.7897,16.3342,17.3382,19.5773,21.8486,22.5981,23.1691
04 September 2012,1404.94,2.1079,15.1068,16.3114,17.2881,19.365,21.654,22.2771,22.8855
05 September 2012,1403.43,2.1249,15.0748,15.9981,16.8509,18.9847,21.0545,21.8168,22.4607
06 September 2012,1432.12,2.0842,13.3003,14.7484,15.7329,18.0825,20.4003,21.182,21.7649
07 September 2012,1437.92,2.0762,11.8925,13.6366,14.817,17.452,20.0365,20.7955,21.4029
10 September 2012,1429.08,2.0893,12.9611,14.2111,15.1011,17.4897,19.7791,20.5738,21.3399
11 September 2012,1433.57,2.0829,13.5892,14.5565,15.4315,17.6992,19.8307,20.6958,21.3926
12 September 2012,1436.56,2.0672,13.7351,14.3739,15.1689,17.3585,19.5258,20.3728,21.1278
13 September 2012,1459.99,2.0355,12.3688,13.0211,13.8469,16.1776,18.5357,19.3915,20.2712
14 September 2012,1465.77,2.0275,12.8702,13.5538,14.2862,16.4806,18.8062,19.7676,20.5513
17 September 2012,1461.19,2.0339,12.789,13.9318,14.6621,16.7604,19.037,19.8959,20.6866
18 September 2012,1459.32,2.0367,12.0429,13.38,14.2406,16.5109,18.8528,19.7861,20.6396
19 September 2012,1461.05,2.0344,11.5478,12.9127,13.7836,16.0821,18.5078,19.4454,20.3082
20 September 2012,1460.26,2.0373,11.4139,13.015,13.977,16.2662,18.7031,19.6671,20.5423
21 September 2012,1460.15,2.0375,10.7883,12.5696,13.6756,16.1744,18.697,19.7781,20.5973
24 September 2012,1456.89,2.0378,11.1597,12.6429,13.6479,16.0313,18.4716,19.5036,20.3745
25 September 2012,1441.59,2.0607,12.2025,13.4602,14.3355,16.5234,18.8124,19.7981,20.6043
26 September 2012,1433.32,2.0765,13.4929,14.4589,15.2226,17.2564,19.4101,20.4129,21.1488
27 September 2012,1447.15,2.0591,12.0323,13.2095,14.1019,16.3883,18.8249,19.8993,20.696
28 September 2012,1440.67,2.0686,12.6916,13.7351,14.5033,16.5932,18.9566,19.9843,20.7392
01 October 2012,1444.49,2.0648,13.2338,14.1614,14.8356,16.7365,19.0558,20.0461,20.7551
02 October 2012,1445.75,2.0667,13.3462,14.1963,14.8691,16.8263,19.1246,20.1485,20.8032
03 October 2012,1450.99,2.0619,12.6529,13.72,14.4997,16.5742,18.9173,19.9476,20.6929
04 October 2012,1461.4,2.0473,12.3106,13.3346,14.1147,16.2563,18.5727,19.7098,20.4269
05 October 2012,1460.93,2.0487,12.2044,13.3374,14.0657,16.0373,18.3685,19.4592,20.2511
08 October 2012,1455.88,2.0558,12.6008,13.6648,14.3004,16.2788,18.4814,19.5265,20.3049
09 October 2012,1441.48,2.0765,13.6078,14.4747,14.9562,16.6572,18.7425,19.6923,20.4175
10 October 2012,1432.56,2.0904,13.9962,14.6315,15.1289,16.7485,18.8533,19.7934,20.532
11 October 2012,1432.84,2.095,13.3737,14.2095,14.7082,16.3952,18.5008,19.3838,20.1684
12 October 2012,1428.59,2.1011,13.6136,14.371,14.8039,16.335,18.4311,19.3017,20.081
15 October 2012,1440.13,2.0845,13.2085,14.0186,14.4871,16.0258,18.0644,19.0428,19.7892
16 October 2012,1454.92,2.0634,12.9149,13.7322,14.2942,15.811,17.82,18.8038,19.5647
17 October 2012,1460.91,2.0557,12.5851,13.4584,14.0336,15.6359,17.6427,18.688,19.4869
18 October 2012,1457.34,2.0629,12.639,13.5251,14.088,15.772,17.7657,18.7291,19.5566
19 October 2012,1433.19,2.0978,13.7988,14.4511,14.9546,16.525,18.391,19.3284,20.0804
22 October 2012,1433.82,2.0971,14.4936,14.9597,15.3593,16.831,18.5619,19.4708,20.1911
23 October 2012,1413.11,2.1278,15.5925,15.7146,15.9894,17.3342,18.9542,19.8351,20.5137
24 October 2012,1408.75,2.1344,15.8546,15.9642,16.2446,17.5285,19.113,19.9479,20.5814
25 October 2012,1412.97,2.1283,15.7156,15.7451,15.9933,17.2735,18.9119,19.7172,20.3852
26 October 2012,1411.94,2.13,14.9046,15.0853,15.5272,17.0589,18.8103,19.587,20.3283
31 October 2012,1412.16,2.1328,15.6224,15.553,15.9562,17.2853,18.9144,19.6834,20.266
01 November 2012,1427.59,2.1104,14.3269,14.4785,15.0075,16.4835,18.3459,19.1169,19.7622
02 November 2012,1414.2,2.1304,14.8619,14.9019,15.3473,16.6611,18.3357,19.1708,19.742
05 November 2012,1417.26,2.1313,15.6941,15.5391,15.9223,17.1729,18.7617,19.4261,19.9743
06 November 2012,1428.39,2.1159,15.1044,14.9781,15.3763,16.7039,18.2781,19.0278,19.5978
07 November 2012,1394.53,2.1979,16.2518,16.1403,16.5123,17.6741,19.077,19.6833,20.2471
08 November 2012,1377.51,2.2252,16.1717,16.3191,16.8496,17.9861,19.2707,19.8706,20.388
09 November 2012,1379.85,2.222,16.3591,16.5025,17.0642,18.2729,19.3702,19.9517,20.4299
12 November 2012,1380.03,2.2217,15.6569,15.9818,16.6814,17.9264,19.1473,19.7358,20.2279
13 November 2012,1374.53,2.2331,15.2634,15.592,16.4086,17.7546,19.0638,19.5947,20.083
14 November 2012,1355.49,2.2722,16.4002,16.5878,17.2964,18.3697,19.3316,19.893,20.2713
15 November 2012,1353.33,2.285,16.8281,17.0192,17.6693,18.624,19.5358,20.0772,20.4066
16 November 2012,1359.88,2.2754,15.326,15.8055,16.6801,18.0112,19.0465,19.5971,19.9508
19 November 2012,1386.89,2.2367,13.7094,14.2628,15.3302,16.8345,18.2339,18.9001,19.3418
20 November 2012,1387.81,2.2367,13.4554,14.1094,15.109,16.6555,18.0679,18.7608,19.2541
21 November 2012,1391.03,2.2286,13.504,14.1596,15.1456,16.6886,18.0173,18.6498,19.1552
23 November 2012,1409.15,2.1891,13.0013,13.6487,14.593,16.1955,17.6584,18.4349,18.9513
26 November 2012,1406.29,2.1941,13.5738,14.0464,14.9458,16.4178,17.8946,18.5787,19.1396
27 November 2012,1398.94,2.209,13.6098,14.2033,15.0145,16.4473,17.9193,18.6454,19.1495
28 November 2012,1409.93,2.1958,13.6052,14.1681,14.9572,16.4005,17.8137,18.5481,19.1242
29 November 2012,1415.95,2.1879,13.2403,13.827,14.6385,16.1743,17.7078,18.4761,19.0108
30 November 2012,1416.18,2.1877,13.9182,14.4142,15.0786,16.4922,17.9211,18.6276,19.164
03 December 2012,1409.46,2.1968,14.5299,14.8828,15.4449,16.717,18.0221,18.7893,19.3203
04 December 2012,1407.05,2.204,14.9587,15.4193,15.8496,16.9182,18.175,18.8889,19.4401
05 December 2012,1409.28,2.206,14.3869,14.9934,15.4617,16.5549,17.8738,18.636,19.1899
06 December 2012,1413.94,2.2324,14.7362,15.3474,15.7694,16.8017,17.9883,18.7072,19.2759
07 December 2012,1418.07,2.2265,14.087,14.7682,15.2448,16.4022,17.7906,18.5358,19.2137
10 December 2012,1418.55,2.2262,14.2838,14.856,15.3155,16.4062,17.7484,18.5285,19.1152
11 December 2012,1427.84,2.2118,13.9662,14.6156,15.1622,16.4229,17.8233,18.6117,19.2372
12 December 2012,1428.48,2.2143,14.0484,14.5962,15.1828,16.4233,17.9653,18.7321,19.4038
13 December 2012,1419.45,2.2364,14.7614,15.2774,15.8301,16.9482,18.4505,19.2074,19.8243
14 December 2012,1413.58,2.2513,15.0371,15.493,15.9681,17.0911,18.542,19.3546,19.997
17 December 2012,1430.36,2.2209,14.6506,15.1577,15.6003,16.7757,18.311,19.2297,19.8824
18 December 2012,1446.79,2.2011,13.6259,14.2644,14.7865,16.038,17.7382,18.7288,19.4862
19 December 2012,1435.81,2.2187,14.534,15.0166,15.4442,16.5426,18.2023,19.1911,19.9165
20 December 2012,1443.69,2.2092,14.7902,15.2045,15.5657,16.5173,18.0808,19.1059,19.8709
21 December 2012,1430.15,2.2306,14.9513,15.6894,16.0867,17.0634,18.4911,19.4584,20.2603
24 December 2012,1426.66,2.2353,15.3299,15.923,16.3558,17.2875,18.6839,19.6138,20.3063
26 December 2012,1419.83,2.2463,16.0552,16.5412,16.8617,17.6599,18.9244,19.8177,20.5081
27 December 2012,1418.1,2.2515,16.7051,16.9555,17.1964,17.8674,19.0965,20.0366,20.7382
28 December 2012,1402.43,2.2795,18.0012,17.7681,17.8296,18.2266,19.3435,20.1808,20.7643
31 December 2012,1426.19,2.2416,16.1457,16.2264,16.5566,17.2772,18.6761,19.6139,20.3196
02 January 2013,1462.42,2.187,12.6398,13.7863,14.4688,15.6993,17.446,18.6163,19.5312
03 January 2013,1459.37,2.1916,12.5386,13.8152,14.502,15.6487,17.3189,18.493,19.3627
04 January 2013,1466.47,2.1809,11.6178,13.2711,14.0555,15.2337,16.9486,18.2283,19.032
07 January 2013,1461.89,2.1879,11.6415,13.5415,14.3456,15.4627,17.1136,18.3981,19.2605
08 January 2013,1457.15,2.1962,11.7402,13.4564,14.2868,15.5205,17.1737,18.4844,19.2921
09 January 2013,1461.02,2.1907,12.3339,13.7236,14.4728,15.6813,17.3183,18.5986,19.3585
10 January 2013,1472.12,2.1742,11.8784,13.2902,13.9866,15.2876,16.9465,18.2374,19.0161
11 January 2013,1472.05,2.1759,11.8039,13.1704,13.8995,15.2704,16.946,18.2241,19.0483
14 January 2013,1470.68,2.1779,11.8991,13.4289,14.1588,15.4159,17.062,18.3286,19.0818
15 January 2013,1472.34,2.1755,11.5155,13.2764,14.1276,15.3704,17.0045,18.2976,18.9902
16 January 2013,1472.63,2.1759,11.4176,13.1778,14.0114,15.2912,16.895,18.2698,18.9968
17 January 2013,1480.94,2.1638,11.3304,13.0085,13.775,15.1417,16.6965,18.0263,18.8408
18 January 2013,1485.98,2.1567,10.2872,12.1864,13.187,14.7645,16.4941,17.9211,18.7516
22 January 2013,1492.56,2.1479,10.378,11.6693,12.5944,14.1207,15.7912,17.1338,18.0869
23 January 2013,1494.81,2.1438,10.1539,11.3113,12.2165,13.7109,15.3046,16.623,17.5168
24 January 2013,1494.82,2.1439,10.4479,11.5559,12.3715,13.8248,15.3957,16.6258,17.5189
25 January 2013,1502.96,2.1323,10.381,11.3598,12.1396,13.6394,15.2196,16.476,17.4093
28 January 2013,1500.18,2.1379,11.1671,11.9051,12.5296,13.8266,15.2736,16.5219,17.4933
29 January 2013,1507.84,2.1278,10.805,11.4815,12.1235,13.5926,15.0555,16.3312,17.2712
30 January 2013,1501.96,2.1424,11.5691,12.0934,12.6131,13.9093,15.3026,16.4868,17.4223
31 January 2013,1498.11,2.1481,11.8719,12.4595,12.9804,14.2278,15.5877,16.702,17.5446
01 February 2013,1513.17,2.1267,10.7686,11.5746,12.2496,13.7372,15.2172,16.4429,17.3492
04 February 2013,1495.71,2.1517,11.8975,12.4663,13.0423,14.3105,15.6599,16.8356,17.7015
05 February 2013,1511.29,2.1307,11.03,11.7971,12.5107,13.9371,15.3854,16.599,17.5248
06 February 2013,1512.12,2.1307,11.471,12.0205,12.78,14.1241,15.5195,16.6814,17.5364
07 February 2013,1509.39,2.1569,11.4947,12.1091,12.8607,14.2028,15.6407,16.8179,17.6692
08 February 2013,1517.93,2.1448,10.7379,11.5895,12.4024,13.8473,15.3113,16.5672,17.4927
11 February 2013,1517.01,2.1466,10.7909,11.5793,12.3549,13.8011,15.2555,16.5282,17.4192
12 February 2013,1519.43,2.1441,10.5416,11.3747,12.2232,13.718,15.1719,16.5083,17.3254
13 February 2013,1520.33,2.1466,10.7843,11.5686,12.3632,13.7929,15.2963,16.5446,17.4519
14 February 2013,1521.38,2.1472,10.2161,11.2321,12.0641,13.6156,15.1293,16.4372,17.4425
15 February 2013,1519.79,2.1505,10.0917,11.2378,12.0982,13.6958,15.2904,16.5979,17.5133
19 February 2013,1530.94,2.1372,9.7342,10.8035,11.7177,13.3674,15.0434,16.3908,17.3194
20 February 2013,1511.95,2.1644,11.8245,12.3171,12.8246,14.0219,15.4182,16.7081,17.6138
21 February 2013,1502.42,2.1807,12.6181,12.801,13.2614,14.4218,15.7925,17.0162,17.9425
22 February 2013,1515.6,2.1621,11.9807,12.4085,12.8754,14.1451,15.6099,16.8752,17.7339
25 February 2013,1487.85,2.2024,15.0487,14.5408,14.4642,15.1488,16.2561,17.322,18.0902
26 February 2013,1496.94,2.1916,14.4242,14.5901,14.7366,15.418,16.4844,17.5812,18.3943
27 February 2013,1515.99,2.1661,11.877,12.4227,13.0085,14.2281,15.6419,16.9052,17.8189
28 February 2013,1514.68,2.1683,12.0315,12.5973,13.1606,14.3081,15.6598,16.8718,17.7241
01 March 2013,1518.2,2.1633,12.2672,12.9071,13.4531,14.6183,15.9343,17.14,17.9739
04 March 2013,1525.2,2.1536,11.5641,12.3113,12.9533,14.2673,15.7315,17.0017,17.8855
05 March 2013,1539.79,2.1336,10.8635,11.7401,12.4635,13.8664,15.4542,16.7207,17.5874
06 March 2013,1541.46,2.1346,11.3,11.8277,12.5083,13.8709,15.3745,16.6422,17.5462
07 March 2013,1544.26,2.1296,10.9642,11.5931,12.3081,13.6855,15.2071,16.5594,17.5011
08 March 2013,1551.18,2.1211,10.5834,11.377,12.2185,13.5952,15.1107,16.4571,17.4154
11 March 2013,1556.22,2.115,10.3416,11.1695,11.9479,13.3736,14.9225,16.2896,17.2746
12 March 2013,1552.48,2.1214,10.5895,11.4254,12.1985,13.5605,15.1146,16.3197,17.2027
13 March 2013,1554.52,2.1216,10.456,11.3263,12.1074,13.5191,15.0966,16.2898,17.1862
14 March 2013,1563.23,2.1098,9.8658,10.8831,11.7131,13.2129,14.8136,16.0752,16.9822
15 March 2013,1560.7,2.1132,9.8537,11.0606,12.0045,13.4828,15.0038,16.1923,17.0326
18 March 2013,1552.1,2.1226,11.0882,11.9386,12.7073,13.9275,15.4054,16.4963,17.3263
19 March 2013,1548.34,2.1279,12.3316,12.9471,13.4904,14.5394,15.9064,16.9812,17.7716
20 March 2013,1558.71,2.1138,10.4852,11.6132,12.3582,13.7407,15.2932,16.4774,17.3387
21 March 2013,1545.8,2.1317,11.4597,12.1826,12.794,14.1531,15.5823,16.7545,17.6009
22 March 2013,1556.89,2.113,11.79,12.522,13.0494,14.2495,15.6757,16.7233,17.5104
25 March 2013,1551.69,2.12,12.046,12.5897,13.0797,14.2892,15.6797,16.7607,17.5928
26 March 2013,1563.77,2.1092,10.6423,11.6605,12.3344,13.8171,15.4513,16.6313,17.4753
27 March 2013,1562.85,2.1096,10.9059,11.7659,12.3877,13.8727,15.5376,16.7259,17.5516
28 March 2013,1569.19,2.1012,10.7075,11.6406,12.3387,13.8478,15.5293,16.7363,17.5494
01 April 2013,1562.17,2.1112,11.72,12.342,12.916,14.2266,15.8186,16.9028,17.6968
02 April 2013,1570.25,2.1004,10.9006,11.6958,12.3981,13.8857,15.6304,16.7566,17.5608
03 April 2013,1553.69,2.1234,11.9608,12.4369,12.9868,14.2743,15.9109,16.9652,17.7457
04 April 2013,1559.98,2.1183,12.0221,12.4591,13.0144,14.3082,16.2696,17.338,18.0709
05 April 2013,1553.28,2.1277,12.2785,12.6916,13.2089,14.486,16.3681,17.421,18.2267
08 April 2013,1563.07,2.1156,11.4855,12.0637,12.6287,14.0809,16.0294,17.0873,17.8799
09 April 2013,1568.61,2.1082,10.7246,11.4123,12.0738,13.6318,15.7005,16.9296,17.7393
10 April 2013,1587.73,2.0838,10.7393,11.297,11.8768,13.3999,15.432,16.6372,17.5054
11 April 2013,1593.37,2.0768,10.5935,11.2934,11.8551,13.3363,15.3446,16.5508,17.3956
12 April 2013,1588.85,2.0829,10.4756,11.293,11.9537,13.5016,15.4891,16.6205,17.4827
15 April 2013,1552.36,2.132,13.6162,13.6639,13.846,14.7511,16.3443,17.287,18.0297
16 April 2013,1574.57,2.1019,11.8042,12.4914,12.9339,14.1168,15.8834,17.0075,17.8025
17 April 2013,1552.01,2.1325,13.7771,14.0771,14.2488,15.124,16.6475,17.6851,18.4143
18 April 2013,1541.61,2.1473,14.7773,14.9343,15.0227,15.6516,17.1133,18.0089,18.6309
19 April 2013,1555.25,2.1292,12.4988,13.3497,13.8019,14.8738,16.5601,17.5595,18.2046
22 April 2013,1562.5,2.1197,12.0311,12.7397,13.2158,14.4568,16.2551,17.3572,18.0933
23 April 2013,1578.78,2.0978,11.2423,11.9902,12.4725,13.8008,15.7057,16.8324,17.6234
24 April 2013,1578.79,2.0983,11.3481,12.0075,12.5299,13.7888,15.552,16.7169,17.5378
25 April 2013,1585.16,2.0904,11.6425,12.2451,12.7736,13.889,15.5807,16.6327,17.4437
26 April 2013,1582.24,2.0953,11.3175,12.0319,12.5974,13.7572,15.509,16.6381,17.4784
29 April 2013,1593.61,2.0805,11.453,12.059,12.6065,13.7245,15.3517,16.4941,17.3482
30 April 2013,1597.57,2.0756,11.4969,12.0428,12.5974,13.6758,15.2661,16.381,17.2414
01 May 2013,1582.7,2.0948,12.3285,12.7016,13.1846,14.1338,15.6047,16.5708,17.3829
02 May 2013,1597.59,2.0762,11.3936,12.0237,12.6249,13.7124,15.2997,16.3556,17.2159
03 May 2013,1614.42,2.0555,10.8022,11.56,12.2262,13.4056,15.0623,16.1388,17.0507
06 May 2013,1617.5,2.0516,10.6932,11.388,12.1069,13.3397,15.0598,16.1151,16.9932
07 May 2013,1625.96,2.0431,10.6987,11.372,12.0633,13.3182,15.0193,16.0658,16.9607
08 May 2013,1632.69,2.0405,11.0448,11.551,12.3142,13.5073,15.1666,16.2001,17.0695
09 May 2013,1626.67,2.0723,11.3234,11.9052,12.6852,13.9348,15.4889,16.5087,17.3589
10 May 2013,1633.7,2.063,11.1154,11.8529,12.7596,14.1258,15.6481,16.6544,17.5304
13 May 2013,1633.77,2.0638,11.4037,12.126,13.0267,14.3185,15.7724,16.7485,17.5791
14 May 2013,1650.34,2.0456,11.4321,12.1693,13.0597,14.3578,15.8201,16.7773,17.6179
15 May 2013,1658.78,2.0376,11.4395,12.2056,13.1225,14.4449,16.0746,17.042,17.8973
16 May 2013,1650.47,2.0484,11.3818,12.2566,13.2259,14.5472,16.1073,17.0606,17.8829
17 May 2013,1667.47,2.0278,10.777,11.8336,12.9133,14.4816,16.0758,17.0442,17.9043
20 May 2013,1666.29,2.0296,11.2484,12.2528,13.2098,14.6742,16.234,17.1605,17.9894
21 May 2013,1669.16,2.0264,11.5499,12.6986,13.5942,14.9741,16.429,17.3127,18.12
22 May 2013,1655.35,2.0439,12.6086,13.5047,14.2611,15.384,16.8242,17.6529,18.4177
23 May 2013,1650.51,2.051,12.3086,13.2139,13.9919,15.2143,16.6806,17.5638,18.3879
24 May 2013,1649.6,2.0517,12.3782,13.0844,13.8045,15.0386,16.6206,17.4955,18.29
28 May 2013,1660.06,2.039,12.3851,12.9989,13.6801,14.8698,16.4169,17.3015,18.1229
29 May 2013,1648.36,2.0555,12.7495,13.2734,13.8343,14.968,16.5178,17.4222,18.2486
30 May 2013,1654.41,2.0487,12.3378,13.0455,13.6849,14.8685,16.4369,17.3226,18.1729
31 May 2013,1630.74,2.0789,13.16,13.7313,14.2559,15.3028,16.8255,17.6346,18.4609
03 June 2013,1640.42,2.0688,14.3034,14.58,14.9219,15.7532,17.1967,17.9441,18.7266
04 June 2013,1631.38,2.0813,14.517,14.7487,15.0791,15.8571,17.302,18.0245,18.8139
05 June 2013,1608.9,2.1126,15.2027,15.2948,15.4702,16.0296,17.489,18.172,18.9382
06 June 2013,1622.56,2.0962,15.0518,15.1786,15.406,16.0246,17.4536,18.1699,18.9452
07 June 2013,1643.38,2.0648,13.2969,13.9402,14.3873,15.3785,16.9943,17.8041,18.6001
10 June 2013,1642.81,2.0658,13.4511,14.0116,14.4277,15.3011,16.9899,17.7929,18.5849
11 June 2013,1626.13,2.0871,14.7005,15.0029,15.2762,15.9094,17.4821,18.1919,18.9406
12 June 2013,1612.52,2.117,16.4168,16.4131,16.4395,16.7553,18.1072,18.7119,19.4068
13 June 2013,1636.36,2.0872,14.7027,15.0732,15.4446,16.0732,17.5869,18.2697,19.0153
14 June 2013,1626.73,2.0996,15.0197,15.2979,15.6284,16.227,17.6496,18.2943,19.0252
17 June 2013,1639.04,2.0845,15.1886,15.4071,15.6804,16.2001,17.5267,18.0971,18.8163
18 June 2013,1651.81,2.0685,14.4269,14.7643,15.1217,15.8128,17.2231,17.7659,18.4658
19 June 2013,1628.93,2.0976,13.8681,14.3063,14.7064,15.4781,17.0001,17.5638,18.2765
20 June 2013,1588.19,2.1531,18.3306,17.6741,17.5125,17.5105,18.514,18.776,19.3303
21 June 2013,1592.43,2.1474,16.0341,16.1301,16.293,16.6738,18.0076,18.386,18.9861
24 June 2013,1573.09,2.1705,17.3611,17.2908,17.3109,17.4955,18.6238,18.9206,19.4565
25 June 2013,1588.03,2.151,15.9606,16.2642,16.5183,17.1117,18.2763,18.6627,19.2398
26 June 2013,1603.26,2.1348,15.1324,15.5924,15.9295,16.629,17.9673,18.3485,18.9316
27 June 2013,1613.2,2.1223,14.6909,15.3117,15.7003,16.4936,17.7795,18.1828,18.7409
28 June 2013,1606.28,2.1319,14.5863,15.2508,15.6552,16.4783,17.7452,18.1633,18.6907
01 July 2013,1614.96,2.1252,14.4588,15.0608,15.465,16.2918,17.6412,18.0779,18.6127
02 July 2013,1614.08,2.1294,14.8459,15.4095,15.7449,16.4715,17.7228,18.1148,18.6271
03 July 2013,1615.41,2.1277,14.4509,14.9992,15.4125,16.2715,17.5243,17.9464,18.5091
05 July 2013,1631.89,2.1064,13.5019,14.2973,14.8672,15.8435,17.2067,17.7034,18.4032
08 July 2013,1640.46,2.0968,12.9741,13.696,14.3252,15.4644,16.8715,17.4155,18.0008
09 July 2013,1652.32,2.0847,12.5175,13.2173,13.7962,14.8508,16.3597,16.9795,17.7183
10 July 2013,1652.62,2.086,12.7117,13.2283,13.8007,14.8408,16.3877,17.0301,17.7824
11 July 2013,1675.02,2.0586,12.3799,12.9839,13.5757,14.5729,16.1136,16.7772,17.4816
12 July 2013,1680.19,2.0523,12.4165,13.2045,13.8448,14.8152,16.2662,16.9298,17.6004
15 July 2013,1682.5,2.0495,12.0934,12.9493,13.5925,14.6153,16.1273,16.8516,17.5348
16 July 2013,1676.26,2.0571,12.81,13.555,14.1456,15.0133,16.3817,17.0675,17.7315
17 July 2013,1680.91,2.0521,12.1467,13.0536,13.7247,14.7271,16.1477,16.8564,17.6443
18 July 2013,1689.37,2.0431,11.8214,12.8401,13.5297,14.5569,16.0036,16.7291,17.439
19 July 2013,1692.09,2.04,11.0251,12.3468,13.1742,14.3609,15.8778,16.691,17.4975
22 July 2013,1695.53,2.0361,10.6963,11.9654,12.8608,14.1277,15.7276,16.5696,17.3474
23 July 2013,1692.39,2.0398,10.7567,11.9584,12.7912,14.1188,15.7462,16.5643,17.3472
24 July 2013,1685.94,2.0475,11.4664,12.5046,13.2684,14.4842,16.0054,16.7867,17.5633
25 July 2013,1690.25,2.0425,11.0894,12.2153,13.0111,14.2583,15.8468,16.6749,17.4642
26 July 2013,1691.65,2.0409,10.9958,12.124,12.9388,14.1683,15.8042,16.5912,17.2988
29 July 2013,1685.33,2.0498,11.4565,12.386,13.1298,14.2991,15.82,16.6556,17.3896
30 July 2013,1685.96,2.0496,11.5021,12.2888,13.016,14.1533,15.7564,16.5207,17.2976
31 July 2013,1685.73,2.0522,11.3836,12.08,12.7379,13.884,15.5403,16.2892,16.9094
01 August 2013,1706.87,2.0289,11.174,11.9323,12.6169,13.789,15.4345,16.2098,16.9129
02 August 2013,1709.67,2.0257,10.3024,11.4475,12.3356,13.5583,15.2988,16.0912,16.801
05 August 2013,1707.14,2.0289,10.1516,11.2483,12.1243,13.4208,15.2187,16.0205,16.746
06 August 2013,1697.37,2.0412,10.8553,11.9021,12.7027,13.7889,15.5164,16.1958,16.8624
07 August 2013,1690.91,2.0539,11.5,12.1469,12.8575,13.9908,15.6348,16.4345,17.1414
08 August 2013,1697.48,2.0492,11.2404,11.9504,12.7227,13.8119,15.4486,16.3061,17.041
09 August 2013,1691.42,2.0583,11.4749,12.2244,12.9716,14.0927,15.5834,16.4452,17.2385
12 August 2013,1689.47,2.061,11.9813,12.7472,13.3494,14.282,15.723,16.4519,17.1319
13 August 2013,1694.16,2.0554,11.3634,12.1565,12.9436,14.0497,15.554,16.3331,17.0266
14 August 2013,1685.39,2.0679,11.6179,12.4214,13.191,14.2364,15.7266,16.3724,16.9992
15 August 2013,1661.32,2.0996,13.1525,13.6542,14.2151,15.0089,16.3192,16.859,17.4687
16 August 2013,1655.83,2.1071,12.7928,13.3641,13.9434,14.8344,16.2296,16.7963,17.3687
19 August 2013,1646.06,2.1205,13.2348,13.8209,14.2694,15.0778,16.387,16.8617,17.4233
20 August 2013,1652.35,2.1131,12.6342,13.4217,13.9265,14.7747,16.1898,16.7919,17.3955
21 August 2013,1642.8,2.1242,13.1962,13.857,14.2304,14.945,16.2218,16.8415,17.3968
22 August 2013,1656.96,2.1068,12.6521,13.4885,13.9388,14.7608,16.1308,16.7792,17.364
23 August 2013,1663.5,2.0996,12.0701,13.0515,13.6205,14.523,16.0516,16.6622,17.2095
26 August 2013,1656.78,2.1088,12.8281,13.5957,14.027,14.8203,16.2019,16.754,17.2861
27 August 2013,1630.48,2.1428,14.7607,15.2564,15.4516,15.9374,17.0721,17.471,17.9091
28 August 2013,1634.96,2.1397,13.99,14.7601,15.1074,15.8048,17.0372,17.4812,17.9435
29 August 2013,1638.17,2.137,14.7057,15.3579,15.656,16.256,17.5096,17.8728,18.3102
30 August 2013,1632.97,2.1456,14.9579,15.5303,15.7463,16.3671,17.4981,18.2034,18.7009
03 September 2013,1639.77,2.1377,14.8359,15.3428,15.5654,16.2728,17.4001,18.1132,18.645
04 September 2013,1653.08,2.1212,14.0517,14.7637,15.136,16.0039,17.2594,17.9636,18.5057
05 September 2013,1655.08,2.119,13.5913,14.3948,14.8593,15.7626,17.1254,17.8276,18.3961
06 September 2013,1655.17,2.12,13.5187,14.2159,14.6778,15.57,16.9358,17.6962,18.2922
09 September 2013,1671.71,2.1003,13.3761,13.9134,14.3509,15.2936,16.7176,17.5279,18.1295
10 September 2013,1683.99,2.0859,12.5479,13.2806,13.8028,14.8713,16.3682,17.2644,17.9227
11 September 2013,1689.13,2.0805,12.2675,12.7724,13.3139,14.5011,16.0923,17.0034,17.6806
12 September 2013,1683.42,2.0896,12.5235,13.0084,13.5657,14.6722,16.1417,17.0044,17.6228
13 September 2013,1687.99,2.0841,12.5357,12.9695,13.5279,14.6875,16.0731,16.9242,17.5861
16 September 2013,1697.6,2.0723,12.3666,12.8517,13.3349,14.5177,15.8725,16.7523,17.4251
17 September 2013,1704.76,2.0638,12.5801,13.0543,13.4548,14.5207,15.8424,16.6804,17.3411
18 September 2013,1725.52,2.039,11.8041,12.4636,13.0141,14.1953,15.6226,16.4927,17.1796
19 September 2013,1722.34,2.0446,11.4153,12.3838,13.0256,14.2568,15.7509,16.5991,17.2926
20 September 2013,1709.91,2.0598,11.3977,12.5753,13.3078,14.5732,15.9815,16.8321,17.4879
23 September 2013,1701.84,2.0638,12.2029,13.1902,13.7647,14.8484,16.132,16.9697,17.6103
24 September 2013,1697.42,2.0702,11.9729,12.9353,13.5294,14.7025,16.028,16.8991,17.5544
25 September 2013,1692.77,2.0761,11.9569,12.8824,13.4602,14.6364,16.0271,16.8208,17.492
26 September 2013,1698.67,2.0687,12.1301,12.9149,13.4422,14.5814,16.0082,16.799,17.4521
27 September 2013,1691.75,2.0791,13.0901,13.4948,13.8207,14.8027,16.1262,16.8935,17.5135
30 September 2013,1681.55,2.0922,14.2358,14.3522,14.5323,15.3235,16.5215,17.2399,17.8215
01 October 2013,1695,2.0759,13.4698,13.8061,14.0433,14.9657,16.2105,17.0086,17.6029
02 October 2013,1693.87,2.08,14.0028,14.2436,14.3949,15.1778,16.3878,17.1013,17.683
03 October 2013,1678.66,2.0989,14.7039,14.8874,14.9667,15.6277,16.7128,17.3631,17.9219
04 October 2013,1690.5,2.0856,14.1434,14.491,14.6477,15.421,16.5877,17.2388,17.7949
07 October 2013,1676.12,2.1037,15.8453,15.7894,15.7457,16.1847,17.1376,17.696,18.1803
08 October 2013,1655.45,2.1313,17.2343,16.9954,16.7599,17.0057,17.7061,18.1213,18.5232
09 October 2013,1656.4,2.133,16.6406,16.392,16.2374,16.6869,17.4877,17.9735,18.4087
10 October 2013,1692.56,2.0882,14.2471,14.4383,14.6452,15.5469,16.6517,17.3057,17.8381
11 October 2013,1703.2,2.0753,13.287,13.726,14.0583,15.1269,16.3105,17.0443,17.6143
14 October 2013,1710.14,2.0669,13.0886,13.4586,13.7749,14.8111,16.0667,16.8261,17.4081
15 October 2013,1698.06,2.0816,14.5461,14.5559,14.7227,15.5227,16.5304,17.1982,17.7342
16 October 2013,1721.54,2.0539,12.5728,12.9659,13.4317,14.6411,15.913,16.7008,17.2867
17 October 2013,1733.15,2.0414,10.9915,11.7514,12.3758,13.8552,15.3416,16.2439,16.9759
18 October 2013,1744.5,2.0272,10.6825,11.5719,12.2069,13.6512,15.2013,16.1459,16.8905
21 October 2013,1744.66,2.0272,10.5727,11.5194,12.1891,13.7478,15.3014,16.2831,17.0043
22 October 2013,1754.67,2.0156,10.6493,11.6518,12.2397,13.6553,15.2324,16.1895,16.9499
23 October 2013,1746.38,2.0253,10.8978,11.8209,12.4553,13.9153,15.4736,16.4123,17.1381
24 October 2013,1752.07,2.0186,10.5831,11.4829,12.1326,13.7047,15.3159,16.2776,17.0115
25 October 2013,1759.77,2.0098,10.6633,11.5595,12.1856,13.7443,15.3809,16.3491,17.1194
28 October 2013,1762.11,2.0073,10.8906,11.6537,12.2494,13.8087,15.4534,16.4442,17.2613
29 October 2013,1771.95,1.9969,10.9732,11.699,12.2924,13.8048,15.4232,16.4359,17.2521
30 October 2013,1763.31,2.009,11.3451,11.9923,12.5278,13.9776,15.5734,16.588,17.4088
31 October 2013,1756.54,2.0175,11.1656,11.9037,12.4832,13.9637,15.5259,16.4728,17.2757
01 November 2013,1761.64,2.0117,10.9941,11.855,12.5157,14.0094,15.6091,16.6465,17.477
04 November 2013,1767.93,2.0049,10.7496,11.6077,12.3145,13.8558,15.5002,16.5255,17.3459
05 November 2013,1762.97,2.0073,10.99,11.735,12.4141,14.0767,15.6629,16.732,17.4904
06 November 2013,1770.49,2.0067,11.1432,11.6023,12.3131,14.0012,15.5839,16.6406,17.4376
07 November 2013,1747.15,2.0358,11.9884,12.3334,12.9514,14.5132,15.9436,16.8657,17.6298
08 November 2013,1770.61,2.0088,11.3216,11.7541,12.4325,14.0849,15.6555,16.6889,17.4687
11 November 2013,1771.89,2.0075,11.1434,11.698,12.3853,14.042,15.6274,16.643,17.4135
12 November 2013,1767.69,2.0139,11.2337,11.8395,12.5799,14.3235,15.9424,16.9633,17.7392
13 November 2013,1782,1.9966,11.0856,11.7619,12.5559,14.2985,15.9431,16.9577,17.7276
14 November 2013,1790.62,1.9859,10.5723,11.4387,12.3525,14.1313,15.7756,16.8332,17.6076
15 November 2013,1798.18,1.97,10.2544,11.2794,12.3591,14.2396,15.8616,16.9171,17.701
18 November 2013,1791.53,1.9796,10.7283,11.6729,12.6231,14.4072,16.0341,17.0577,17.8463
19 November 2013,1787.87,1.9831,10.7362,11.7598,12.6702,14.4525,16.043,17.1184,17.8544
20 November 2013,1781.37,1.9902,10.7161,11.6782,12.5748,14.4027,16.0806,17.1544,17.9025
21 November 2013,1795.85,1.9753,10.1325,11.224,12.1021,13.9325,15.6726,16.8156,17.6555
22 November 2013,1804.76,1.9669,9.7566,10.9642,11.8386,13.7088,15.5041,16.7117,17.5947
25 November 2013,1802.48,1.9697,10.1247,11.1463,11.9794,13.8017,15.5665,16.8122,17.7128
26 November 2013,1802.75,1.9706,10.0473,11.1453,11.9626,13.713,15.4439,16.7261,17.6799
27 November 2013,1807.23,1.9685,10.1644,11.2909,12.117,13.8375,15.5336,16.7908,17.7525
29 November 2013,1805.81,1.9704,10.8532,11.7124,12.4729,14.0489,15.6753,16.9156,17.8622
02 December 2013,1800.9,1.9761,11.2068,11.9124,12.6438,14.1339,15.7383,16.971,17.8915
03 December 2013,1795.15,1.9843,11.9219,12.463,13.1063,14.4749,16.0129,17.231,18.123
04 December 2013,1792.81,1.9874,11.8382,12.3798,13.0729,14.3989,15.9456,17.1164,17.9795
05 December 2013,1785.03,1.9946,12.4438,12.7675,13.3391,14.504,15.9099,17.0158,17.8967
06 December 2013,1805.09,1.9507,11.1039,11.7538,12.4518,13.745,15.3389,16.5962,17.5398
09 December 2013,1808.37,1.9478,11.1652,11.7839,12.4785,13.7137,15.3037,16.5644,17.5171
10 December 2013,1802.62,1.9503,11.3403,11.932,12.5899,13.8071,15.3898,16.6151,17.4943
11 December 2013,1782.22,1.9741,12.6612,12.886,13.37,14.4248,15.8327,16.9487,17.7808
12 December 2013,1775.5,1.9826,12.6897,12.9313,13.4012,14.4331,15.8451,16.976,17.8019
13 December 2013,1775.32,1.9786,12.7143,12.9357,13.4233,14.4868,15.8741,17.013,17.828
16 December 2013,1786.54,1.9618,13.2413,13.3121,13.7149,14.6889,16.0788,17.1645,17.9414
17 December 2013,1781,1.9681,13.0393,13.1407,13.6472,14.6986,16.1622,17.2331,18.0035
18 December 2013,1810.65,1.9336,11.3937,11.8563,12.5756,13.8917,15.6235,16.7435,17.5939
19 December 2013,1809.6,1.936,10.9131,11.5342,12.3907,13.8646,15.7135,16.7941,17.6308
20 December 2013,1818.32,1.9267,10.2448,11.1552,12.1015,13.6626,15.5225,16.6989,17.5723
23 December 2013,1827.99,1.9045,10.077,10.9333,11.9101,13.4413,15.2834,16.4572,17.3806
24 December 2013,1833.32,1.9041,9.568,10.5131,11.5884,13.1678,15.1063,16.3056,17.2282
26 December 2013,1842.02,1.8951,9.5905,10.5165,11.5511,13.0929,15.0158,16.2912,17.2601
27 December 2013,1841.4,1.8994,9.8029,10.6942,11.6594,13.08,14.93,16.1672,17.1003
30 December 2013,1841.07,1.9006,10.586,11.3972,12.2322,13.4616,15.1324,16.3007,17.1833
31 December 2013,1848.36,1.8934,11.2146,11.8648,12.5538,13.6826,15.2286,16.3513,17.2158
02 January 2014,1831.98,1.9131,11.3583,12.0056,12.6791,13.7908,15.3217,16.4385,17.2713
03 January 2014,1831.37,1.9151,10.8072,11.7438,12.4812,13.6951,15.2761,16.4216,17.2837
06 January 2014,1826.77,1.9213,10.7122,11.6309,12.3568,13.5886,15.1614,16.2945,17.1534
07 January 2014,1837.88,1.9105,10.367,11.3279,12.0575,13.3036,14.9063,16.0247,16.9175
08 January 2014,1837.49,1.9122,10.9353,11.4879,12.1599,13.473,15.0459,16.1235,17.0037
09 January 2014,1838.13,1.9115,10.6118,11.2411,11.9234,13.2641,14.8759,15.9201,16.7912
10 January 2014,1842.37,1.9071,10.1603,10.9156,11.695,13.1356,14.7484,15.7676,16.6192
13 January 2014,1819.2,1.9326,11.4564,12.0605,12.6091,13.8193,15.1848,16.1127,16.9053
14 January 2014,1838.88,1.912,10.4677,11.3002,12.0384,13.4386,14.8908,15.8349,16.6565
15 January 2014,1848.38,1.9024,10.3861,11.2937,12.0543,13.4371,14.8443,15.8505,16.6773
16 January 2014,1845.89,1.9053,10.3971,11.3502,12.1453,13.6029,15.0727,16.0458,16.8301
17 January 2014,1838.7,1.913,10.2588,11.3657,12.2298,13.7207,15.1692,16.1336,16.9611
21 January 2014,1843.8,1.9081,10.081,11.2457,12.0526,13.5544,14.9879,16.0233,16.8571
22 January 2014,1844.86,1.9078,9.9851,11.1103,11.9207,13.4461,14.9271,15.9479,16.7743
23 January 2014,1828.46,1.9249,11.0752,11.8849,12.4742,13.8625,15.2224,16.1735,16.9529
24 January 2014,1790.29,1.9669,14.1332,14.023,14.1241,15.0632,16.0723,16.8193,17.4435
27 January 2014,1781.56,1.9811,13.6076,13.6847,13.9354,14.9364,16.0026,16.8024,17.4783
28 January 2014,1792.5,1.9692,12.9909,13.2922,13.6299,14.8072,15.8419,16.7206,17.4459
29 January 2014,1774.2,1.9915,14.3784,14.3158,14.4505,15.3235,16.1595,16.9779,17.6357
30 January 2014,1794.19,1.9701,13.8731,14.0475,14.2789,15.0852,15.9742,16.8518,17.5193
31 January 2014,1782.59,1.9829,15.0984,14.9753,15.0913,15.8461,16.5719,17.3435,17.9287
03 February 2014,1741.89,2.0251,17.4808,16.8438,16.8202,17.0912,17.4271,18.0973,18.587
04 February 2014,1755.2,2.0125,15.3427,15.3594,15.7343,16.3506,17.048,17.6712,18.1356
05 February 2014,1751.64,2.0183,16.3542,16.0783,16.3033,16.731,17.211,17.8074,18.2052
06 February 2014,1773.43,2.0008,14.1973,14.2284,14.6745,15.4816,16.3863,17.1466,17.6574
07 February 2014,1797.02,1.9746,12.5208,12.8596,13.4805,14.5556,15.7843,16.571,17.0744
10 February 2014,1799.84,1.9715,12.4746,12.7686,13.426,14.5013,15.6685,16.5477,17.1642
11 February 2014,1819.75,1.9509,11.76,12.1559,12.8983,14.0576,15.359,16.2434,16.8001
12 February 2014,1819.26,1.9559,11.9393,12.1716,12.9094,14.0168,15.2863,16.2471,16.9149
13 February 2014,1829.83,1.9457,11.625,11.9591,12.6927,13.8901,15.1951,16.1817,16.8887
14 February 2014,1838.63,1.9377,11.1657,11.6174,12.3822,13.657,15.0101,16.0414,16.7616
18 February 2014,1840.76,1.9379,11.372,11.7942,12.4486,13.6344,14.9976,16.012,16.7201
19 February 2014,1828.75,1.9539,12.4054,12.7922,13.2621,14.2333,15.3478,16.2074,16.8545
20 February 2014,1839.78,1.945,11.5129,12.1395,12.7242,13.8322,15.0859,16.0304,16.6961
21 February 2014,1836.25,1.9502,11.1478,11.9779,12.5861,13.7475,15.0513,15.9731,16.6518
24 February 2014,1847.61,1.9375,11.2665,11.9788,12.5883,13.7099,14.9662,15.8783,16.5168
25 February 2014,1845.12,1.9496,11.2103,11.9276,12.5686,13.6595,14.9101,15.8156,16.4445
26 February 2014,1845.16,1.952,11.4822,12.2283,12.8691,13.9473,15.1494,16.0146,16.6142
27 February 2014,1854.29,1.944,11.0289,11.8111,12.49,13.6672,14.9889,15.907,16.5361
28 February 2014,1859.45,1.9387,11.0046,11.7752,12.4955,13.6751,15.0759,15.9935,16.6393
03 March 2014,1845.73,1.9546,12.8751,13.2034,13.6461,14.5685,15.544,16.2971,16.8194
04 March 2014,1873.91,1.9254,11.1615,11.9289,12.644,13.7385,15.0064,15.8405,16.4089
05 March 2014,1873.81,1.9267,11.0799,11.9784,12.6878,13.8154,15.082,15.9232,16.4814
06 March 2014,1877.03,1.9252,11.2977,12.1267,12.7991,13.9342,15.2629,16.0922,16.6648
07 March 2014,1878.04,1.9264,11.2621,12.1019,12.7711,14.0165,15.2865,16.1466,16.7364
10 March 2014,1877.17,1.9286,11.3276,12.2058,12.8391,14.0542,15.2913,16.1453,16.7179
11 March 2014,1867.63,1.9384,11.8567,12.6313,13.1769,14.2962,15.4915,16.3363,16.8909
12 March 2014,1868.2,1.941,11.8236,12.4884,13.0192,14.2021,15.4041,16.2558,16.8266
13 March 2014,1846.34,1.9649,13.429,13.7908,14.0247,14.9202,15.8766,16.5759,17.052
14 March 2014,1841.13,1.9728,14.3929,14.4999,14.5794,15.2784,16.1641,16.8415,17.298
17 March 2014,1858.83,1.9541,12.5428,13.1749,13.4867,14.5066,15.5449,16.3921,16.9308
18 March 2014,1872.25,1.9411,11.7443,12.5463,12.9921,14.1086,15.3221,16.1211,16.6247
19 March 2014,1860.77,1.9531,11.9933,12.8594,13.2382,14.1536,15.4626,16.1897,16.6574
20 March 2014,1872.01,1.9417,11.0749,12.2565,12.7595,13.9158,15.1472,15.9769,16.5022
21 March 2014,1866.52,1.9474,11.4509,12.467,12.9483,14.0563,15.2901,16.0652,16.5768
24 March 2014,1857.44,1.9545,12.0024,12.7809,13.2272,14.2685,15.4353,16.2106,16.6576
25 March 2014,1865.62,1.9469,11.4312,12.3165,12.8431,13.9809,15.2594,16.0551,16.5461
26 March 2014,1852.56,1.9613,12.2898,12.9069,13.3156,14.3316,15.5421,16.2844,16.7435
27 March 2014,1849.04,1.9665,12.2158,12.8309,13.2417,14.2771,15.4684,16.2072,16.6649
28 March 2014,1857.62,1.9588,11.7146,12.3893,12.8542,13.9771,15.2595,16.0085,16.5014
31 March 2014,1872.34,1.9442,11.3471,12.039,12.5259,13.688,15.0103,15.8315,16.337
01 April 2014,1885.52,1.9312,10.5211,11.4127,12.0082,13.3125,14.794,15.6497,16.2029
02 April 2014,1890.9,1.9287,10.658,11.5372,12.1349,13.4145,14.7858,15.6114,16.171
03 April 2014,1888.77,1.931,11.0745,11.8543,12.3645,13.5286,14.851,15.6436,16.21
04 April 2014,1865.09,1.9584,11.5949,12.274,12.7135,13.8238,15.0949,15.8232,16.3324
07 April 2014,1845.04,1.9802,13.0619,13.2731,13.5665,14.4416,15.5755,16.1867,16.6256
08 April 2014,1851.96,1.9745,12.3977,12.796,13.1949,14.1485,15.3465,15.998,16.4496
09 April 2014,1872.18,1.954,11.7278,12.1421,12.6404,13.7455,15.047,15.7393,16.2322
10 April 2014,1833.08,1.9957,13.783,13.7014,13.891,14.7005,15.6988,16.2682,16.6604
11 April 2014,1815.69,2.016,14.7293,14.4513,14.4779,15.2068,15.9393,16.4709,16.8555
14 April 2014,1830.61,1.9996,13.8299,13.913,14.0961,14.8083,15.7274,16.269,16.6538
15 April 2014,1842.98,1.9864,13.37,13.6107,13.8539,14.6408,15.5758,16.1199,16.5333
16 April 2014,1862.31,1.9661,12.0346,12.6504,13.1408,14.1481,15.2397,15.8548,16.2901
17 April 2014,1864.85,1.964,10.813,11.8529,12.5518,13.7954,15.0921,15.8033,16.2704
21 April 2014,1871.89,1.9568,11.2991,12.0533,12.6769,13.8663,15.1187,15.7859,16.2695
22 April 2014,1879.55,1.9488,11.0109,11.8133,12.4745,13.706,14.9671,15.6431,16.1205
23 April 2014,1875.39,1.9541,11.2472,12.0576,12.6738,13.8497,15.0613,15.7285,16.1666
24 April 2014,1878.61,1.9513,11.4046,12.1242,12.6948,13.8273,15.0127,15.6841,16.113
25 April 2014,1863.4,1.9673,12.0888,12.6444,13.1524,14.1647,15.2592,15.8805,16.3021
28 April 2014,1869.43,1.962,11.6108,12.1491,12.7419,13.8346,14.9806,15.605,16.0573
29 April 2014,1878.33,1.953,11.304,11.9134,12.5587,13.6453,14.8409,15.506,15.9549
30 April 2014,1883.95,1.948,10.8738,11.9235,12.48,13.5785,14.7887,15.4726,15.9329
01 May 2014,1883.68,1.9482,10.6988,11.7778,12.415,13.5871,14.8012,15.4661,15.8814
02 May 2014,1881.14,1.9508,10.5344,11.6639,12.5396,13.7999,15.0359,15.6282,15.9783
05 May 2014,1884.66,1.9467,10.5831,11.5869,12.4977,13.7939,14.936,15.5792,15.9455
06 May 2014,1867.72,1.9647,11.5523,12.2931,12.9207,13.9629,14.9618,15.5718,16.0155
07 May 2014,1878.21,1.9591,11.2692,11.9537,12.5877,13.7589,15.0248,15.6438,15.9967
08 May 2014,1875.63,1.9641,11.1935,11.9867,12.5544,13.7655,15.1171,15.7136,16.0596
09 May 2014,1878.48,1.9626,10.6197,11.6776,12.3167,13.4816,14.5883,15.2697,15.7761
12 May 2014,1896.65,1.9443,10.3918,11.3563,11.9716,13.2182,14.3607,15.056,15.5505
13 May 2014,1897.45,1.9472,10.3821,11.5164,12.1706,13.3397,14.4384,15.0762,15.5432
14 May 2014,1888.53,1.958,10.5397,11.5683,12.1806,13.4723,14.5476,15.1871,15.628
15 May 2014,1870.85,1.9784,11.4941,12.2058,12.7557,13.8005,14.787,15.3952,15.7348
16 May 2014,1877.86,1.9711,10.5643,11.548,12.2144,13.4304,14.5363,15.1614,15.6164
19 May 2014,1885.08,1.9646,10.2653,11.39,12.0539,13.2507,14.4067,14.9847,15.481
20 May 2014,1872.83,1.9777,10.9263,11.6359,12.2836,13.2681,14.3586,15.0029,15.3744
21 May 2014,1888.03,1.9634,10.2644,11.0602,11.7829,13.0546,14.1826,14.8017,15.2191
22 May 2014,1892.49,1.96,10.346,11.1533,11.9006,13.0927,14.2209,14.8649,15.2108
23 May 2014,1900.53,1.9518,9.8012,11.0703,11.8395,13.157,14.2662,14.8776,15.3895
27 May 2014,1911.91,1.9402,9.8543,10.8962,11.693,13.0636,14.2463,14.8407,15.269
28 May 2014,1909.78,1.9443,10.0416,11.0686,11.8489,13.1929,14.4221,15.0114,15.4386
29 May 2014,1920.03,1.9354,9.7108,10.9842,11.8579,13.1443,14.4243,15.0719,15.4929
30 May 2014,1923.57,1.9319,9.3497,10.8033,11.7286,13.1484,14.4408,15.1182,15.5438
02 June 2014,1924.97,1.9321,9.6067,10.9292,11.8535,13.2353,14.6345,15.2939,15.7116
03 June 2014,1924.24,1.9342,9.9868,11.133,11.8756,13.2563,14.5752,15.2966,15.6536
04 June 2014,1927.88,1.9331,10.2642,11.1767,11.9674,13.255,14.582,15.2326,15.8668
05 June 2014,1940.46,1.9214,9.9747,10.9781,11.6789,12.956,14.335,15.0876,15.6344
06 June 2014,1949.44,1.9167,9.0355,10.4197,11.0832,12.4649,13.9621,14.8139,15.3582
09 June 2014,1951.27,1.9165,9.1492,10.5458,11.2228,12.6826,14.0833,14.8605,15.4663
10 June 2014,1950.79,1.916,8.8215,10.3607,11.0722,12.5336,14.0154,14.8562,15.4589
11 June 2014,1943.89,1.9248,9.4161,10.688,11.3326,12.7585,14.2299,15.0186,15.6559
12 June 2014,1930.11,1.9357,9.7613,11.0278,11.6847,13.0025,14.4983,15.2252,15.8298
13 June 2014,1936.16,1.9299,9.9002,11.045,11.7137,13.0355,14.511,15.225,15.8268
16 June 2014,1937.78,1.9283,10.3876,11.2125,11.8164,13.0678,14.6224,15.3282,15.911
17 June 2014,1941.99,1.9244,9.9811,10.8202,11.4498,12.8972,14.5124,15.3301,15.8863
18 June 2014,1956.98,1.9103,8.6691,9.8718,10.6535,12.3555,14.1094,14.9637,15.6749
19 June 2014,1959.48,1.9099,8.1997,9.5997,10.4403,12.0834,13.9658,14.8583,15.5027
20 June 2014,1962.87,1.9066,8.1224,9.6097,10.4622,12.1646,13.9882,14.838,15.5779
23 June 2014,1962.61,1.9057,8.3944,9.6306,10.325,12.2664,14.1485,15.0541,15.7781
24 June 2014,1949.98,1.9189,9.9124,10.6321,11.2112,12.7329,14.5292,15.3642,15.9739
25 June 2014,1959.53,1.9101,9.0413,9.8527,10.7732,12.3593,14.3129,15.2221,15.8306
26 June 2014,1957.22,1.9138,9.1104,10.0948,10.7803,12.3716,14.2754,15.1732,15.8884
27 June 2014,1960.96,1.9107,8.9664,9.9944,10.6571,12.309,14.2347,15.038,15.7549
30 June 2014,1960.23,1.9121,8.7437,9.869,10.6929,12.3033,14.2765,15.0734,15.8176
01 July 2014,1973.32,1.8999,8.6109,9.8184,10.4902,12.1981,14.2396,15.1419,15.8782
02 July 2014,1974.62,1.8991,8.52,9.6449,10.3756,12.0459,14.0874,14.9741,15.7439
03 July 2014,1985.44,1.8889,7.9787,9.3213,10.1457,11.8609,13.7697,14.859,15.5889
07 July 2014,1977.65,1.8968,8.9542,10.0346,10.7391,12.2244,14.143,15.0658,15.7854
08 July 2014,1963.71,1.9112,10.1495,10.7628,11.1093,12.6118,14.3925,15.275,15.9303
09 July 2014,1972.83,1.9029,9.3171,10.2539,10.9528,12.4239,14.2264,15.1225,15.8015
10 July 2014,1964.68,1.9108,10.0462,10.8255,11.4751,12.7334,14.3871,15.3202,15.9744
11 July 2014,1967.57,1.9092,9.5296,10.4558,11.1675,12.5021,14.2489,15.2056,15.9133
14 July 2014,1977.1,1.9,9.2697,10.1797,10.8729,12.2926,14.0979,15.0477,15.793
15 July 2014,1973.28,1.9038,9.6782,10.4595,11.0927,12.4344,14.196,15.1528,15.898
16 July 2014,1981.57,1.8966,8.9883,9.9816,10.7081,12.1431,14.0872,14.983,15.7469
17 July 2014,1958.12,1.9204,11.8177,12.0154,12.3773,13.1888,14.701,15.5904,16.2713
18 July 2014,1978.22,1.901,9.2811,10.3756,11.0228,12.421,14.1417,15.1174,15.8874
21 July 2014,1973.63,1.906,9.9324,10.8661,11.4581,12.6135,14.3074,15.2591,16.0215
22 July 2014,1983.53,1.8964,9.5038,10.5887,11.3324,12.5465,14.3087,15.2383,16.0082
23 July 2014,1987.01,1.8932,9.5203,10.6611,11.4488,12.6848,14.4328,15.3733,16.1742
24 July 2014,1987.98,1.8923,9.4357,10.7198,11.5682,12.8379,14.5498,15.508,16.3359
25 July 2014,1978.34,1.9019,9.9599,11.0931,11.913,13.1326,14.7422,15.6257,16.4148
28 July 2014,1978.91,1.9014,10.0484,11.026,11.8751,13.0612,14.6937,15.5905,16.4521
29 July 2014,1969.95,1.9106,10.6378,11.38,12.1197,13.2513,14.8429,15.7715,16.6064
30 July 2014,1970.07,1.912,10.735,11.4387,12.2043,13.2645,14.8334,15.7017,16.5705
31 July 2014,1930.67,1.9521,13.9878,13.8245,14.2087,14.6574,15.8557,16.5884,17.3808
01 August 2014,1925.15,1.9573,14.0957,14.2797,14.5697,14.9559,16.1572,16.8485,17.6101
04 August 2014,1938.99,1.9439,12.2588,13.014,13.5423,14.3485,15.7714,16.5719,17.3589
05 August 2014,1920.21,1.9628,14.115,14.4107,14.6756,15.189,16.4194,17.1109,17.8259
06 August 2014,1920.24,1.967,13.7864,14.2581,14.6148,15.3103,16.5687,17.2024,17.9377
07 August 2014,1909.57,1.9796,14.4902,14.8098,15.012,15.5853,16.7966,17.4083,18.1036
08 August 2014,1931.59,1.9575,13.355,14.0342,14.4155,15.15,16.3842,16.9828,17.6726
11 August 2014,1936.92,1.9539,12.395,13.1764,13.6153,14.5756,15.9792,16.6596,17.3625
12 August 2014,1933.75,1.9579,12.3893,13.1347,13.5756,14.5918,16.0087,16.691,17.397
13 August 2014,1946.72,1.9469,10.9271,11.8138,12.7432,14.0244,15.6182,16.4148,17.1976
14 August 2014,1955.18,1.9392,10.1478,11.135,12.0451,13.4126,15.171,16.0403,16.8687
15 August 2014,1955.06,1.9401,10.4629,11.215,12.0379,13.4425,15.2186,16.1041,17.0257
18 August 2014,1971.74,1.9244,9.6886,10.5768,11.335,12.8998,14.8223,15.7734,16.7025
19 August 2014,1981.6,1.9171,9.6054,10.5649,11.3287,12.8951,14.7535,15.7118,16.6517
20 August 2014,1986.51,1.9137,9.5168,10.6135,11.2432,12.8746,14.7194,15.7043,16.6833
21 August 2014,1992.37,1.9087,9.4063,10.5247,11.2095,12.7817,14.5964,15.5923,16.6338
22 August 2014,1988.4,1.9137,9.3542,10.5401,11.3255,12.847,14.6533,15.6423,16.6411
25 August 2014,1997.92,1.9046,9.3767,10.5899,11.1809,12.7926,14.5869,15.6171,16.6352
26 August 2014,2000.02,1.9028,9.2794,10.5353,11.1938,12.8258,14.6476,15.6675,16.6494
27 August 2014,2000.12,1.9051,9.4611,10.8419,11.4618,13.0392,14.8132,15.7896,16.7629
28 August 2014,1996.74,1.9097,9.4268,10.941,11.7433,13.3118,15.0301,16.0014,16.9913
29 August 2014,2003.37,1.905,9.2657,10.9649,11.6538,13.3193,15.0359,16.0075,17.0342
02 September 2014,2002.28,1.9066,9.7261,11.2074,11.8596,13.2728,15.0228,16.0247,17.1064
03 September 2014,2000.72,1.9125,9.9647,11.2295,11.8122,13.27,15.0216,16.0235,17.1544
04 September 2014,1997.65,1.9161,10.2125,11.344,11.9702,13.3743,15.0883,16.0552,17.1265
05 September 2014,2007.71,1.9067,9.1753,10.6283,11.3259,12.9204,14.7569,15.8102,16.9406
08 September 2014,2001.54,1.9161,9.8119,10.9627,11.6394,13.1052,14.9282,15.9819,17.0161
09 September 2014,1988.44,1.9283,10.7443,11.628,12.0704,13.4074,15.1424,16.1531,17.2418
10 September 2014,1995.69,1.924,10.2599,11.216,11.8701,13.299,15.0332,16.1031,17.2443
11 September 2014,1997.45,1.9242,10.1377,11.1797,11.8118,13.2121,15.0061,16.1004,17.2282
12 September 2014,1985.54,1.9364,10.9455,11.682,12.2229,13.5127,15.2258,16.2365,17.3546
15 September 2014,1984.13,1.9379,11.6949,12.1263,12.6178,13.7135,15.3159,16.3463,17.4132
16 September 2014,1998.98,1.9236,10.4961,11.1377,11.8614,13.3381,15.007,16.1196,17.195
17 September 2014,2001.57,1.9221,9.9682,10.7657,11.4747,12.9385,14.8124,15.9127,17.031
18 September 2014,2011.36,1.9147,9.2494,10.336,11.1351,12.8178,14.6821,15.8153,16.9403
19 September 2014,2010.4,1.9159,8.9263,10.1117,11.0589,12.858,14.7412,15.8727,16.9901
22 September 2014,1994.29,1.929,10.7869,11.4434,12.1034,13.5797,15.2041,16.1912,17.2557
23 September 2014,1982.77,1.941,12.0236,12.2355,12.7535,14.0156,15.5639,16.4398,17.4502
24 September 2014,1998.3,1.9263,10.7117,11.3298,12.0116,13.4623,15.1949,16.1812,17.2046
25 September 2014,1965.99,1.9579,12.8774,13.0364,13.4502,14.4415,15.9311,16.7268,17.6558
26 September 2014,1982.85,1.9468,12.1758,12.4512,12.8973,14.0355,15.5686,16.4654,17.422
29 September 2014,1977.8,1.9527,12.9888,13.1583,13.5484,14.5164,15.985,16.8485,17.7457
30 September 2014,1972.29,1.9588,13.6298,13.6408,13.9229,14.8204,16.1012,16.9324,17.7638
01 October 2014,1946.16,1.9865,14.5291,14.4735,14.7979,15.6375,16.718,17.3882,18.1162
02 October 2014,1946.17,1.9869,13.8859,14.1113,14.4237,15.3909,16.5566,17.2904,18.0526
03 October 2014,1967.9,1.9651,12.6158,12.9023,13.3207,14.5633,15.9568,16.8716,17.7267
06 October 2014,1964.82,1.9682,12.9901,13.2592,13.7446,14.767,16.0751,16.9369,17.7637
07 October 2014,1935.1,1.9987,14.9546,14.6619,14.8993,15.6297,16.7105,17.4732,18.1554
08 October 2014,1968.89,1.966,13.0424,13.2169,13.6276,14.6892,16.0734,16.8302,17.6378
09 October 2014,1928.21,2.0077,16.7756,15.8169,15.7599,15.8586,16.9148,17.5015,18.3403
10 October 2014,1906.13,2.0321,18.1373,17.0758,16.92,17.0157,17.864,18.3311,18.9353
13 October 2014,1874.74,2.0662,20.6211,19.3335,18.6278,18.5171,18.874,19.0729,19.5301
14 October 2014,1877.7,2.063,19.5332,18.4374,18.0865,18.0714,18.4872,18.7591,19.2701
15 October 2014,1862.49,2.0807,21.5162,19.9097,19.4483,19.4015,19.3942,19.3479,19.5204
16 October 2014,1862.76,2.0808,20.5911,19.0428,18.7322,18.8976,19.0027,19.0399,19.336
17 October 2014,1886.76,2.0543,18.0948,17.5425,17.3559,17.94,18.314,18.4308,18.6469
20 October 2014,1904.01,2.035,16.1363,16.6094,16.4897,17.1311,17.7132,18.0188,18.332
21 October 2014,1941.28,1.9963,13.8394,14.5449,14.966,16.1799,16.931,17.3824,17.8241
22 October 2014,1927.11,2.0118,15.3567,15.8081,15.8838,16.6072,17.3981,17.7037,18.1441
23 October 2014,1950.82,1.9873,14.1049,14.9026,15.2255,16.1178,16.9747,17.4112,17.8803
24 October 2014,1964.58,1.9735,13.8637,14.8393,15.1673,15.9864,16.8297,17.3168,17.7689
27 October 2014,1961.63,1.9766,13.687,14.7464,15.142,15.9718,16.7526,17.2953,17.7624
28 October 2014,1985.05,1.9533,12.2784,13.4826,14.0655,15.1341,16.1959,16.824,17.3443
29 October 2014,1982.3,1.9576,12.4153,13.6059,14.2189,15.3366,16.4209,17.0695,17.6331
30 October 2014,1994.65,1.9464,12.2488,13.3105,14.0521,15.1769,16.263,16.9635,17.5653
31 October 2014,2018.05,1.9239,11.8666,12.9374,13.6218,14.8292,16.0254,16.821,17.5712
03 November 2014,2017.81,1.925,12.3903,13.266,13.9219,14.9934,16.1631,16.9204,17.6643
04 November 2014,2012.1,1.9309,12.5778,13.3831,14.1104,15.22,16.3979,17.1625,17.898
05 November 2014,2023.57,1.9196,11.9334,12.9339,13.7246,15.0032,16.2668,17.0857,17.8202
06 November 2014,2031.21,1.915,11.4171,12.4134,13.2188,14.591,15.9309,16.8727,17.6606
07 November 2014,2031.92,1.9166,10.7554,11.9788,12.8339,14.3312,15.7772,16.7059,17.4882
10 November 2014,2038.26,1.9116,10.3251,11.5562,12.4124,14.005,15.2625,16.2731,17.3153
11 November 2014,2039.68,1.9102,10.4119,11.6261,12.4641,13.915,15.4645,16.3618,17.1992
12 November 2014,2038.25,1.9138,10.5876,11.7827,12.6928,14.0794,15.5535,16.5208,17.3459
13 November 2014,2039.33,1.9137,10.7341,11.8386,12.6929,14.2302,15.7056,16.6481,17.4315
14 November 2014,2039.82,1.914,10.8413,11.8982,12.8068,14.2206,15.6961,16.633,17.4031
17 November 2014,2041.32,1.9132,11.1207,11.9211,12.7283,14.2881,15.7567,16.6187,17.4377
18 November 2014,2051.8,1.9042,11.0809,11.7702,12.6107,14.153,15.5926,16.5903,17.372
19 November 2014,2048.72,1.908,11.4624,12.0748,12.9278,14.406,15.8104,16.6829,17.5083
20 November 2014,2052.75,1.9046,10.6389,11.6227,12.5343,14.1648,15.6521,16.649,17.4135
21 November 2014,2063.5,1.8957,9.9638,11.3258,12.3486,14.1235,15.7051,16.6456,17.4337
24 November 2014,2069.41,1.8904,9.7049,11.1416,12.2126,13.9212,15.4892,16.4772,17.3697
25 November 2014,2067.03,1.8941,9.6296,11.291,12.4158,14.1444,15.6638,16.6945,17.5921
26 November 2014,2072.83,1.9062,9.4282,11.257,12.2717,14.0298,15.5672,16.579,17.4976
28 November 2014,2067.56,1.917,10.7045,12.1412,12.9019,14.4669,15.8562,16.8739,17.7451
01 December 2014,2053.44,1.9311,11.7407,12.9322,13.5568,14.9087,16.0369,16.9917,17.7955
02 December 2014,2066.55,1.9196,10.6274,12.1584,12.8753,14.399,15.7361,16.7883,17.6657
03 December 2014,2074.33,1.9172,10.2428,11.7674,12.4725,14.1732,15.5344,16.6309,17.5448
04 December 2014,2071.92,1.9202,10.2233,11.7814,12.5324,14.2694,15.6037,16.6189,17.5332
05 December 2014,2075.37,1.9166,9.5835,11.4937,12.2259,13.9488,15.4695,16.5906,17.5591
08 December 2014,2060.31,1.9341,11.9072,12.9551,13.4988,14.8128,16.0877,17.0912,17.951
09 December 2014,2059.82,1.9347,11.7271,12.8226,13.4008,14.9161,16.2183,17.2117,18.1068
10 December 2014,2026.14,1.9683,15.2635,15.3378,15.495,16.2737,17.1853,17.994,18.6115
11 December 2014,2035.33,1.963,16.5855,16.571,16.6967,17.1169,17.7634,18.4825,19.2072
12 December 2014,2002.33,1.9959,17.7434,17.6993,17.834,18.0925,18.9328,19.4756,20.059
15 December 2014,1989.63,2.0088,17.5236,17.5296,17.8334,18.1245,18.6137,19.1647,19.7174
16 December 2014,1972.74,2.026,19.3084,19.0548,19.0917,19.2868,19.2943,19.6151,19.9965
17 December 2014,2012.89,1.9894,16.1902,16.3639,16.7577,17.2363,17.8263,18.6624,19.1438
18 December 2014,2061.23,1.9418,13.3827,14.1712,14.7773,15.9616,17.03,17.8468,18.5297
19 December 2014,2070.65,1.9331,12.7988,13.7739,14.4504,15.7336,16.9852,17.8746,18.5887
22 December 2014,2078.54,1.9267,12.443,13.2037,13.945,15.3656,16.5515,17.4809,18.1929
23 December 2014,2082.17,1.9235,12.0275,13.1463,13.9034,15.2254,16.5489,17.8708,18.386
24 December 2014,2081.88,1.9227,12.0401,13.0426,13.6881,15.0726,16.9201,18.0733,18.1656
26 December 2014,2088.77,1.9164,11.9159,12.7831,13.5666,14.9887,16.3482,17.3533,18.1495
29 December 2014,2090.57,1.9199,12.0608,12.8171,13.6623,14.9174,16.3307,17.3671,18.1813
30 December 2014,2080.35,1.9303,12.623,13.2901,14.1317,15.2734,16.563,17.564,18.3278
31 December 2014,2058.9,1.9505,15.0427,14.8685,15.6298,16.3257,17.2561,18.0787,18.7749
02 January 2015,2058.2,1.952,13.8761,14.4342,15.218,16.1448,17.1183,18.0452,18.7129
05 January 2015,2020.58,1.9889,16.0945,15.9807,16.5144,17.434,18.0201,18.7116,19.3274
06 January 2015,2002.61,2.0068,17.7405,17.2881,17.6015,17.8243,18.178,19.0669,19.7235
07 January 2015,2025.9,1.9852,16.3115,16.0976,16.4321,16.9432,17.68,18.6158,19.4288
08 January 2015,2062.14,1.9505,14.2412,14.5574,15.0461,15.8216,16.8449,17.9637,18.8378
09 January 2015,2044.81,1.9671,14.5817,14.9994,15.4663,16.1141,17.0428,18.0458,18.943
12 January 2015,2028.26,1.9831,16.6789,16.4813,16.7126,16.8964,17.4791,18.4115,19.203
13 January 2015,2023.03,1.9894,17.1465,16.8263,16.9821,17.3246,17.7393,18.578,19.3074
14 January 2015,2011.27,2.0015,17.9223,17.299,17.0859,17.4776,17.8631,18.6848,19.3592
15 January 2015,1992.67,2.0206,19.3598,18.3175,17.8256,18.0208,18.2861,18.9616,19.644
16 January 2015,2019.42,1.9942,17.4041,16.9401,17.017,17.2916,17.8134,18.5959,19.2954
20 January 2015,2022.55,1.991,16.8696,16.8601,16.8592,17.1428,17.5139,18.2345,18.9166
21 January 2015,2032.12,1.9824,15.8206,15.7792,16.0192,16.5689,17.1602,18.0437,18.8859
22 January 2015,2063.15,1.9527,13.3417,14.0201,14.5537,15.4571,16.3508,17.4689,18.3
23 January 2015,2051.82,1.9634,13.7548,14.4616,14.9586,15.7601,16.5933,17.5649,18.2517
26 January 2015,2057.09,1.9584,12.8858,13.7751,14.3147,15.2904,16.2971,17.4613,18.3537
27 January 2015,2029.55,1.9792,16.115,16.1903,15.3499,15.9801,16.7381,17.7051,18.6012
28 January 2015,2002.16,2.0079,17.4892,17.1668,17.333,17.4989,17.9143,18.6731,19.3825
29 January 2015,2021.25,1.9895,15.7569,15.7702,16.456,16.8123,17.378,18.2339,19.0227
30 January 2015,1994.99,2.0159,18.0525,18.034,17.9938,17.8245,18.0215,18.8188,19.5334
02 February 2015,2020.85,1.9906,16.1804,16.3394,16.862,17.069,17.615,18.455,19.254
03 February 2015,2050.03,1.9626,14.2134,15.0574,15.4498,16.0657,16.7945,17.7582,18.7003
04 February 2015,2041.51,1.9729,15.0877,15.6528,16.0366,16.3954,17.0124,17.9526,18.8878
05 February 2015,2062.52,1.9664,13.7981,14.6643,15.3448,16.0439,16.741,17.7524,18.7146
06 February 2015,2055.47,1.9758,14.2257,15.0634,15.7615,16.4529,17.1334,18.0751,19.0657
09 February 2015,2046.74,1.9853,15.4902,15.9426,16.4548,17.0391,17.5401,18.3755,19.2452
10 February 2015,2068.59,1.9652,13.92,14.742,15.4163,16.1951,17.0223,17.9775,18.9229
11 February 2015,2068.53,1.9685,14.031,14.8765,15.5099,16.3099,17.0006,17.9299,18.8395
12 February 2015,2088.48,1.9516,12.3319,13.6452,14.2842,15.4323,16.3252,17.3848,18.4234
13 February 2015,2096.99,1.9442,11.7834,13.2949,14.0639,15.2265,16.2097,17.3057,18.3727
17 February 2015,2100.34,1.9428,12.7427,13.5993,14.249,15.2706,16.2123,17.3058,18.3488
18 February 2015,2099.68,1.9467,12.5255,13.5087,14.1262,15.1977,16.221,17.286,18.3636
19 February 2015,2097.45,1.948,12.3673,13.5193,14.2322,15.451,16.3877,17.3973,18.438
20 February 2015,2110.3,1.9369,11.7261,12.8051,13.4924,14.8277,15.9403,17.0642,18.1256
23 February 2015,2109.66,1.9376,11.7966,12.8598,13.4034,14.7082,15.8576,16.9646,17.9987
24 February 2015,2115.48,1.9326,10.9495,12.0628,12.871,14.2893,15.5138,16.638,17.6824
25 February 2015,2113.86,1.9363,10.8643,12.2471,12.8587,14.2521,15.4736,16.557,17.5739
26 February 2015,2110.74,1.9406,11.1703,12.3714,13.0271,14.2913,15.4416,16.5698,17.5584
27 February 2015,2104.5,1.9465,11.1468,12.6028,13.0374,14.2869,15.5213,16.5679,17.5059
02 March 2015,2117.39,1.9354,10.6741,11.9919,12.5943,13.8722,15.2041,16.3304,17.3315
03 March 2015,2107.78,1.9444,11.4713,12.5736,13.0451,14.148,15.3895,16.4524,17.3933
04 March 2015,2098.53,1.957,11.6536,12.6336,13.0997,14.2216,15.4403,16.527,17.4644
05 March 2015,2101.04,1.9544,11.7115,12.5562,12.9822,14.1199,15.4049,16.3834,17.2603
06 March 2015,2071.26,1.9834,13.1344,13.699,14.0298,14.8691,15.8766,16.7535,17.6083
09 March 2015,2079.43,1.9761,12.929,13.5128,13.9702,14.7816,15.8024,16.7296,17.6159
10 March 2015,2044.16,2.0109,14.475,14.7595,14.9717,15.6055,16.4028,17.1883,18.0229
11 March 2015,2040.24,2.0171,14.9797,15.3305,15.4384,16.0596,16.7485,17.4188,18.1432
12 March 2015,2065.95,1.9926,13.7802,14.2551,14.5537,15.3475,16.2273,17.0042,17.765
13 March 2015,2053.4,2.0051,14.3269,14.843,15.133,15.8588,16.6132,17.2886,18.0446
16 March 2015,2081.19,1.9784,13.881,14.1397,14.53,15.3458,16.1112,16.9027,17.7111
17 March 2015,2074.28,1.985,13.9514,14.2258,14.6307,15.3593,16.2718,16.9948,17.7892
18 March 2015,2099.5,1.9622,12.0127,12.9435,13.5829,14.7016,15.7324,16.5554,17.5177
19 March 2015,2089.27,1.9719,12.0403,13.0643,13.8322,14.9812,16.0385,16.9064,17.6988
20 March 2015,2108.1,1.9552,10.9204,12.4622,13.4148,14.6296,15.7347,16.6523,17.481
23 March 2015,2104.42,1.9584,11.2955,12.5296,13.4934,14.734,15.8371,16.8076,17.6508
24 March 2015,2091.5,1.971,11.6716,13.5522,13.6978,14.909,15.963,16.8665,17.75
25 March 2015,2061.05,2.0004,13.5981,14.3029,14.9032,15.7707,16.6252,17.4072,18.2168
26 March 2015,2056.15,2.0054,14.0027,14.459,15.0741,15.8235,16.7204,17.5162,18.3298
27 March 2015,2061.02,2.0023,13.5887,14.1505,14.8217,15.6289,16.6202,17.4758,18.2948
30 March 2015,2086.24,1.979,12.6284,13.4108,14.1561,15.1189,16.249,17.1498,17.9911
31 March 2015,2067.89,1.9977,13.5999,14.2519,14.8513,15.7423,16.6751,17.4907,18.3352
01 April 2015,2059.69,2.0062,13.6536,14.1943,14.7975,15.7299,16.7624,17.5765,18.4206
02 April 2015,2066.96,1.9994,13.1766,13.8335,14.6192,15.6113,16.6702,17.4513,18.2813
06 April 2015,2080.62,1.9867,13.1508,13.7239,14.3411,15.2944,16.4639,17.2611,18.1075
07 April 2015,2076.33,1.9928,13.1691,13.6741,14.3395,15.2954,16.4461,17.3066,18.1384
08 April 2015,2081.9,1.9894,12.4493,13.2101,13.916,15.0061,16.2483,17.2328,18.111
09 April 2015,2091.18,1.9806,11.4863,12.4415,13.2376,14.5436,15.9381,17.0277,17.9431
10 April 2015,2102.06,1.9704,10.862,11.9068,12.7505,14.1431,15.6772,16.7904,17.6857
13 April 2015,2092.43,1.979,12.3679,12.9356,13.5757,14.7363,16.0863,17.0715,17.9244
14 April 2015,2095.84,1.976,11.9599,12.5707,13.2468,14.4921,15.9513,17.0667,17.9676
15 April 2015,2106.63,1.9658,11.093,12.0564,12.7923,14.2439,15.7768,16.9454,17.8035
16 April 2015,2104.99,1.9677,10.9662,11.9319,12.7428,14.2089,15.8134,17.0576,17.8874
17 April 2015,2081.18,1.9902,12.0898,12.8719,13.5168,14.9026,16.3657,17.4663,18.3736
20 April 2015,2100.4,1.9723,11.3363,12.2703,12.9559,14.4247,16.0965,17.3783,18.1934
21 April 2015,2097.29,1.9753,11.3932,12.2756,12.9579,14.4588,16.0793,17.2671,18.1425
22 April 2015,2107.96,1.9659,10.7289,11.8734,12.6088,14.1925,15.9622,17.1227,18.0016
23 April 2015,2112.93,1.9616,10.637,11.8034,12.5041,14.1838,15.9896,17.229,18.1143
24 April 2015,2117.69,1.9572,10.3374,11.8,12.5687,14.1606,16.0106,17.2006,18.131
27 April 2015,2108.92,1.9654,11.2793,12.4505,13.0694,14.5056,16.1954,17.4365,18.3441
28 April 2015,2114.76,1.9612,10.6624,11.953,12.6796,14.1673,15.9967,17.357,18.3025
29 April 2015,2106.85,1.9695,11.4391,12.4681,13.1174,14.4719,16.2454,17.3949,18.2596
30 April 2015,2085.51,1.9904,12.8126,13.3973,13.877,15.0303,16.6413,17.7279,18.6077
01 May 2015,2108.29,1.9689,11.0333,12.193,12.9065,14.3037,16.0831,17.4511,18.418
04 May 2015,2114.49,1.9631,11.2329,12.1795,12.8666,14.3037,16.0539,17.2927,18.1941
05 May 2015,2089.46,1.9874,12.8162,13.424,13.9481,15.0928,16.5389,17.6499,18.5319
06 May 2015,2080.15,2,13.4087,13.8854,14.2995,15.3525,16.7403,17.8619,18.7888
07 May 2015,2088,1.9951,13.4763,13.8379,14.2721,15.1826,16.626,17.6756,18.6317
08 May 2015,2116.1,1.9685,10.9769,12.2203,13.0182,14.3672,16.0426,17.2271,18.1904
11 May 2015,2105.33,1.98,10.5294,12.8903,13.5177,14.8372,16.3689,17.3921,18.2774
12 May 2015,2099.12,1.9868,12.0289,12.9379,13.6416,14.8407,16.2824,17.4189,18.3172
13 May 2015,2098.48,1.989,12.0131,12.8313,13.4969,14.8119,16.2924,17.3367,18.2934
14 May 2015,2121.1,1.9686,10.9322,11.9743,12.7483,14.2716,15.954,17.2262,18.1547
15 May 2015,2122.73,1.9671,10.5119,11.7502,12.5588,14.1503,15.8834,17.0979,18.1109
18 May 2015,2129.2,1.9618,10.7809,11.7555,12.4482,13.9979,15.7275,16.9626,17.9502
19 May 2015,2127.83,1.9651,10.9925,11.7706,12.3932,13.9249,15.5426,16.7107,17.7918
20 May 2015,2125.85,1.9679,10.9668,11.8169,12.3969,13.9,15.4704,16.6263,17.5873
21 May 2015,2130.82,1.9643,10.4181,11.3806,11.9193,13.5788,15.2389,16.4848,17.5854
22 May 2015,2126.06,1.9693,10.4733,11.4209,12.0658,13.6756,15.3102,16.5053,17.5513
26 May 2015,2104.2,1.9899,12.2308,12.5767,13.0456,14.2937,15.7854,16.8926,17.8481
27 May 2015,2123.48,1.9725,11.1909,11.8478,12.358,13.7867,15.436,16.6144,17.6164
28 May 2015,2120.79,1.9768,11.2455,11.927,12.4045,13.7955,15.4317,16.6039,17.6143
29 May 2015,2107.39,1.9897,12.0145,12.5229,12.8509,14.1857,15.731,16.8826,17.7379
01 June 2015,2111.73,1.9871,12.0123,12.4748,12.8202,14.0111,15.7265,16.8082,17.7656
02 June 2015,2109.6,1.9902,12.4156,12.7116,13.0731,14.2055,15.8586,16.8805,17.8166
03 June 2015,2114.07,1.9896,11.7985,12.3463,12.8287,14.0049,15.8207,16.8465,17.8342
04 June 2015,2095.84,2.0057,12.8974,13.1367,13.5664,14.3988,16.2673,17.2054,18.0914
05 June 2015,2092.83,2.009,12.6996,13.1597,13.6298,14.666,16.3939,17.3823,18.2205
08 June 2015,2079.28,2.0236,13.6817,13.9559,14.2631,15.1903,16.7041,17.6667,18.4331
09 June 2015,2080.15,2.023,13.0899,13.6408,14.0314,15.0245,16.5813,17.5335,18.3972
10 June 2015,2105.2,2,11.7209,12.5925,13.0189,14.2418,15.9701,16.9915,17.9443
11 June 2015,2108.86,1.999,11.0692,12.0174,12.6531,13.9938,15.7551,16.8798,17.8571
12 June 2015,2094.11,2.014,12.2675,12.8205,13.2505,14.4045,16.0392,17.007,18.0884
15 June 2015,2084.43,2.024,13.6432,13.7506,14.0133,14.9014,16.426,17.2788,18.0975
16 June 2015,2096.29,2.0127,13.1092,13.2836,13.4727,14.6959,16.2524,17.1712,18.0177
17 June 2015,2100.44,2.0097,12.8525,13.19,13.5395,14.575,16.1335,17.0889,18.1023
18 June 2015,2121.24,1.9906,11.4971,12.0951,12.7892,14.1613,15.8653,16.8651,17.7687
19 June 2015,2109.99,2.0012,12.1337,12.5829,13.292,14.4398,16.0605,16.9615,17.7832
22 June 2015,2122.85,1.9886,10.9256,11.6903,12.5816,13.8986,15.6192,16.6021,17.5693
23 June 2015,2124.2,1.9878,10.2637,11.1054,12.1352,13.5505,15.3774,16.3915,17.3383
24 June 2015,2108.58,2.0029,11.6138,12.0874,12.8039,14.0128,15.666,16.6015,17.4204
25 June 2015,2102.31,2.0095,12.2693,12.4362,13.0837,14.1856,15.7811,16.685,17.4857
26 June 2015,2101.49,2.0116,12.2024,12.4408,13.0311,14.1083,15.757,16.6754,17.4861
29 June 2015,2057.64,2.0553,16.1244,15.5255,15.604,15.9287,16.87,17.5013,18.1795
30 June 2015,2063.11,2.0501,15.6321,15.107,15.2801,15.5822,16.558,17.1996,17.8724
01 July 2015,2077.42,2.039,13.9382,13.8416,14.2402,14.8434,15.9849,16.7141,17.5061
02 July 2015,2076.78,2.0378,14.6485,14.4679,14.7125,15.2039,16.1966,16.8874,17.6469
06 July 2015,2068.76,2.0403,15.0797,15.0156,15.2317,15.4838,16.4159,16.9924,17.616
07 July 2015,2081.34,2.0282,14.4243,14.4026,14.6483,15.0491,16.0869,16.5425,17.1603
08 July 2015,2046.68,2.0637,17.2458,16.5303,16.5055,16.2334,16.8061,17.1882,17.7163
09 July 2015,2051.31,2.0582,17.3147,16.6537,16.6373,16.3723,17.0401,17.4081,17.8994
10 July 2015,2076.62,2.0332,14.6438,14.6458,14.9826,15.3164,16.1771,16.7532,17.3496
13 July 2015,2099.6,2.0112,12.1239,12.7047,13.2374,14.0525,15.3536,16.1377,16.8708
14 July 2015,2108.95,2.0023,11.3256,12.3137,12.9936,13.936,15.2817,16.0753,16.7609
15 July 2015,2107.4,2.004,11.2106,12.0963,12.8972,13.9068,15.3172,16.1284,16.8014
16 July 2015,2124.29,1.9884,10.0753,11.2469,12.1165,13.4685,15.0965,16.0117,16.6877
17 July 2015,2126.64,1.9862,9.7388,11.0564,12.0385,13.2866,15.0321,15.9651,16.642
20 July 2015,2128.28,1.9833,10.0455,11.2631,12.0473,13.3763,15.0476,16.0496,16.7198
21 July 2015,2119.21,1.9921,10.2492,11.3663,12.1022,13.452,15.1155,16.0414,16.7432
22 July 2015,2114.15,1.9972,9.9112,11.3226,12.1673,13.4711,15.0948,16.0518,16.7422
23 July 2015,2102.15,2.0104,10.6696,11.8452,12.5685,13.7912,15.3417,16.2722,16.9882
24 July 2015,2079.65,2.0322,11.9355,12.7138,13.29,14.3001,15.7377,16.5319,17.1992
27 July 2015,2067.64,2.044,13.6366,14.0849,14.4483,15.1503,16.2063,16.9398,17.4905
28 July 2015,2093.25,2.019,11.4934,12.3776,13.0525,14.1556,15.6359,16.4988,17.1376
29 July 2015,2108.57,2.0166,10.4451,11.7202,12.546,13.7838,15.3282,16.24,16.9235
30 July 2015,2108.63,2.0178,9.9544,11.5574,12.4786,13.7452,15.2806,16.1782,16.8691
31 July 2015,2103.84,2.0228,10.1099,11.7547,12.5786,13.7856,15.306,16.1984,16.8901
03 August 2015,2098.04,2.0284,10.7407,12.0154,12.7506,13.8802,15.3786,16.243,16.9165
04 August 2015,2093.32,2.0335,11.167,12.266,12.9342,14.0533,15.4889,16.3346,16.9723
05 August 2015,2099.84,2.03,10.9255,12.182,12.8563,13.9521,15.3668,16.1943,16.8467
06 August 2015,2083.56,2.0489,11.8136,12.8571,13.487,14.428,15.6914,16.4716,17.1115
07 August 2015,2077.57,2.0549,11.8217,12.9555,13.531,14.4447,15.6214,16.3975,17.0858
10 August 2015,2104.18,2.0301,10.3759,12.0048,12.7373,13.8682,15.2339,16.0244,16.7594
11 August 2015,2084.07,2.0507,11.9774,13.2677,13.7631,14.5842,15.7756,16.4054,17.0635
12 August 2015,2086.05,2.0492,12.0698,13.188,13.7192,14.565,15.7265,16.3999,17.089
13 August 2015,2083.39,2.0537,11.998,13.0794,13.6243,14.5763,15.7806,16.5076,17.1899
14 August 2015,2091.54,2.0458,11.4959,12.7243,13.3903,14.3787,15.598,16.3301,15.2827
17 August 2015,2102.44,2.0358,11.4583,12.3495,12.913,14.065,15.3987,16.1605,16.9283
18 August 2015,2096.92,2.0434,12.0248,12.656,13.2732,14.3252,15.5625,16.2972,16.9547
19 August 2015,2079.61,2.0615,13.2582,13.5914,13.9739,14.8431,15.9389,16.602,17.2541
20 August 2015,2035.73,2.1059,17.0984,16.442,15.9613,16.3106,16.7403,17.1852,17.6847
21 August 2015,1970.89,2.1752,22.8914,20.4397,19.4932,18.49,18.1978,18.0904,18.5706
24 August 2015,1893.21,2.2652,32.2107,27.4401,24.7038,21.4577,19.4699,18.8689,19.0498
25 August 2015,1867.61,2.2963,29.9492,26.0823,24.1904,21.8751,20.4135,19.8771,19.8139
26 August 2015,1940.51,2.2109,25.1886,22.3965,21.0906,19.8461,18.9862,18.7371,18.8252
27 August 2015,1987.66,2.1596,22.0263,20.3929,19.629,18.8182,18.4454,18.3416,18.4881
28 August 2015,1988.87,2.1593,21.3818,20.5053,19.8615,19.356,19.0045,18.9144,19.0608
31 August 2015,1972.18,2.179,22.738,21.992,21.0808,20.4186,19.8018,19.4683,19.3954
01 September 2015,1913.85,2.2463,26.4924,25.1157,23.8675,22.1835,21.1853,20.5156,20.4569
02 September 2015,1948.86,2.205,22.3089,21.8548,21.2828,20.6529,20.1601,19.9,19.9208
03 September 2015,1951.13,2.2014,21.9493,21.7301,21.231,20.8026,20.3826,20.1054,20.0137
04 September 2015,1921.22,2.2365,23.5945,23.0491,22.5044,21.6814,21.0806,20.6361,20.6015
08 September 2015,1969.41,2.1825,20.9599,20.8611,20.5657,20.3384,20.139,19.902,19.9445
09 September 2015,1942.04,2.2144,22.4341,21.7281,21.2173,20.7438,20.4196,20.1798,20.2004
10 September 2015,1952.29,2.2047,21.2635,20.8725,20.4911,20.2732,20.2834,20.1197,20.1939
11 September 2015,1961.05,2.1969,20.1892,20.162,19.9249,19.8833,20.0125,19.9266,20.0083
14 September 2015,1953.03,2.2106,20.8848,20.5744,20.3075,20.3099,20.3525,20.2412,20.2314
15 September 2015,1978.09,2.1827,19.4947,18.9561,18.791,18.981,19.4031,19.4611,19.6196
16 September 2015,1995.31,2.1651,17.7871,17.5445,17.5109,18.1887,18.6988,18.9472,19.1308
17 September 2015,1990.2,2.1715,18.2508,17.9503,17.8099,18.1363,18.7613,18.9098,19.0616
18 September 2015,1958.03,2.2073,19.0186,19.1364,18.8672,19.0074,19.3201,19.3458,19.4783
21 September 2015,1966.97,2.1937,17.3224,17.5943,17.7073,18.0392,18.6199,18.8799,19.1069
22 September 2015,1942.74,2.2213,19.4632,19.126,19.1217,19.1992,19.4036,19.462,19.5357
23 September 2015,1938.76,2.2267,18.9075,18.5738,18.6897,18.9203,19.2356,19.3104,19.376
24 September 2015,1932.24,2.2342,20.1678,19.4639,19.4871,19.5244,19.6939,19.5972,19.6169
25 September 2015,1931.34,2.2352,20.24,19.618,19.629,19.6516,19.8109,19.7516,19.7693
28 September 2015,1881.77,2.2948,23.84,22.0104,21.7061,21.1646,20.8735,20.5782,20.4645
29 September 2015,1884.09,2.2922,23.2051,21.5319,21.3766,20.8959,20.7144,20.432,20.296
30 September 2015,1920.03,2.2497,21.425,20.0426,20.1215,20.0726,20.2331,20.0419,19.995
01 October 2015,1923.82,2.2459,20.1165,19.3019,19.4227,19.6359,19.9572,19.9468,19.9087
02 October 2015,1951.36,2.2152,18.7813,18.4225,18.5334,18.8765,19.3725,19.4465,19.4741
05 October 2015,1987.05,2.1759,17.2783,17.2621,17.3908,17.9757,18.7411,18.9281,19.0332
06 October 2015,1979.92,2.1874,17.1227,17.1225,17.277,18.0171,18.8128,19.1098,19.2494
07 October 2015,1995.83,2.1757,16.0708,16.42,16.691,17.5431,18.4899,18.8316,19.1199
08 October 2015,2013.43,2.1548,14.9225,15.5093,15.9065,17.0487,18.1352,18.5823,18.8872
09 October 2015,2014.89,2.1539,14.7446,15.3811,15.8104,16.9478,18.0268,18.4442,18.737
12 October 2015,2017.46,2.1511,13.9288,14.6455,15.1411,16.4692,17.7265,18.2959,18.7126
13 October 2015,2003.69,2.1654,15.0724,15.7672,16.1136,17.1928,18.2047,14.5423,17.2985
14 October 2015,1994.24,2.1761,15.5041,16.0777,16.436,17.5596,18.5219,18.8946,19.2464
15 October 2015,2023.86,2.1443,13.7796,14.6123,15.0123,16.5804,17.8085,18.4031,18.8156
16 October 2015,2033.11,2.1346,12.8463,14.0103,14.7131,16.2499,17.5201,18.1244,18.5972
19 October 2015,2033.66,2.1344,12.5054,13.5909,14.1992,15.7667,17.1311,17.8116,18.345
20 October 2015,2030.77,2.1379,13.1625,14.1561,14.6297,16.0801,17.3001,17.9601,18.5087
21 October 2015,2018.94,2.1509,14.3363,15.1,15.531,16.661,17.6456,18.21,18.6598
22 October 2015,2052.51,2.1159,12.3468,13.2684,13.8086,15.4733,16.7254,17.3605,17.983
23 October 2015,2075.15,2.0902,12.1583,13.2641,13.8475,15.4053,16.6467,17.4027,18.0266
26 October 2015,2071.18,2.0942,13.0271,14.0757,14.5635,15.8252,16.9299,17.6119,18.2299
27 October 2015,2065.89,2.0996,13.0339,13.949,14.472,15.7553,16.9319,17.647,18.233
28 October 2015,2090.35,2.0763,12.158,13.3715,13.9677,15.3297,16.5796,17.3994,18.0806
29 October 2015,2089.41,2.0791,12.0748,13.447,14.0928,15.395,16.6647,17.484,18.1438
30 October 2015,2079.36,2.0892,12.2866,13.8176,14.4002,15.624,16.8318,17.608,18.2407
02 November 2015,2104.05,2.0651,11.3775,12.7032,13.4031,14.8452,16.2806,17.1731,17.8327
03 November 2015,2109.79,2.0599,11.8378,12.8782,13.5443,14.977,16.3359,17.227,17.9299
04 November 2015,2102.31,2.0701,12.8029,13.599,14.1912,15.4729,16.6541,17.439,18.1415
05 November 2015,2099.93,2.0745,12.5257,13.4531,14.1258,15.3881,16.6127,17.4785,18.1922
06 November 2015,2099.2,2.0763,11.8106,13.0136,13.8439,15.1951,16.5225,17.4129,18.1209
09 November 2015,2078.58,2.1005,13.5159,14.3513,14.9033,16.0072,16.952,17.6753,18.3331
10 November 2015,2081.72,2.0982,12.6956,13.7895,14.4462,15.6737,16.7201,17.5193,18.1768
11 November 2015,2075,2.1051,13.5696,14.4108,14.9373,16.0542,16.9575,17.7141,18.321
12 November 2015,2045.97,2.1374,15.4811,16.0042,16.4248,17.0811,17.6996,18.3318,18.847
13 November 2015,2023.04,2.1617,16.8907,17.1858,17.4978,17.9595,18.2878,18.7188,19.1074
16 November 2015,2053.19,2.1301,15.536,15.713,16.1808,17.0065,17.7045,18.2877,18.802
17 November 2015,2050.44,2.1363,16.0747,16.1208,16.4598,17.2043,17.7253,18.3128,18.8226
18 November 2015,2083.58,2.1,14.175,14.7816,15.2725,16.3467,17.1731,17.8969,18.4482
19 November 2015,2081.24,2.1016,14.2052,14.9694,15.4902,16.7088,17.5167,18.2027,18.6914
20 November 2015,2089.17,2.0948,13.1154,14.1376,14.8643,16.3138,17.2702,18.0044,18.5761
23 November 2015,2086.59,2.0976,13.0964,14.1244,14.7708,16.2697,17.2607,17.9745,18.5218
24 November 2015,2089.14,2.0953,13.18,14.2288,14.769,16.2873,17.3555,18.0891,18.636
25 November 2015,2088.87,2.0966,12.7461,13.9604,14.6121,16.0758,17.2786,18.0783,18.6213
27 November 2015,2090.11,2.0831,12.8621,14.1534,14.7937,16.1134,17.1786,18.012,18.6201
30 November 2015,2080.41,2.1017,13.9252,14.7822,15.0436,16.4535,17.44,18.2464,18.7921
01 December 2015,2102.63,2.0727,12.4061,13.6831,14.0449,15.5605,16.8644,17.7201,18.3186
02 December 2015,2079.51,2.0963,13.8149,14.6925,14.8999,16.1574,17.2415,18.0297,18.5905
03 December 2015,2049.62,2.1273,15.6425,16.1355,16.1947,17.1107,17.7293,18.3881,18.8459
04 December 2015,2091.69,2.084,12.594,13.9242,14.4549,15.8092,16.9816,17.8485,18.4627
07 December 2015,2077.07,2.0999,13.6388,14.541,14.9836,16.2446,17.2406,18.0264,18.5975
08 December 2015,2063.59,2.1141,15.1212,15.6797,15.9199,16.8838,17.7488,18.4363,18.9711
09 December 2015,2047.62,2.1293,16.5327,16.6485,16.6758,17.5157,18.1356,18.7502,19.2066
10 December 2015,2052.23,2.1255,16.4635,16.5362,17.1824,17.398,18.1015,18.7645,19.2301
11 December 2015,2012.37,2.1687,20.0797,19.3623,19.0034,19.1452,19.3575,19.6753,20.0292
14 December 2015,2021.94,2.1625,19.0667,18.342,18.3244,18.469,18.999,19.4121,19.7923
15 December 2015,2043.41,2.1399,17.6301,17.2395,17.3617,17.7774,18.3677,18.9104,19.3593
16 December 2015,2073.07,2.1128,15.3101,15.4847,15.8851,16.6646,17.4391,18.2912,18.629
17 December 2015,2041.89,2.1442,16.3904,16.4543,16.8742,17.491,18.171,18.727,19.0919
18 December 2015,2005.55,2.183,17.7766,17.8407,18.1924,18.5877,18.9554,19.3823,19.836
21 December 2015,2021.15,2.169,16.3493,16.7376,17.2318,17.8175,18.4436,18.9391,19.2282
22 December 2015,2038.97,2.1512,14.7127,15.5582,16.2102,17.0351,17.7839,18.5574,18.9373
23 December 2015,2064.29,2.1305,13.6761,14.8787,15.5592,16.5292,17.3158,17.9849,18.4679
24 December 2015,2060.99,2.1302,13.6388,14.935,15.6104,16.6426,17.4162,18.0124,18.4167
28 December 2015,2056.5,2.1349,14.714,15.2594,15.8539,16.6675,17.3996,18.051,18.5446
29 December 2015,2078.36,2.1099,13.5484,14.2757,15.061,16.1514,17.0004,17.7831,18.3506
30 December 2015,2063.36,2.1258,14.4734,14.9178,15.6431,16.5642,17.2943,18.0333,18.5646
31 December 2015,2043.94,2.1461,15.5819,15.6006,16.1913,16.9859,17.4903,18.1469,18.6275
04 January 2016,2012.66,2.1815,17.9375,17.5984,17.6937,18.0457,18.3875,18.9619,19.297
05 January 2016,2016.71,2.1777,17.0818,16.9522,17.1602,17.699,18.1209,18.7134,19.1428
06 January 2016,1990.26,2.2079,18.3738,18.0072,18.0552,18.2502,18.5245,19.0476,19.4453
07 January 2016,1943.09,2.2616,21.5618,20.5098,20.212,19.8354,19.5305,19.8362,20.0183
08 January 2016,1922.03,2.2864,22.7447,21.5791,21.1934,20.617,20.1156,20.2793,20.3808
11 January 2016,1923.67,2.2845,20.7487,20.0058,19.9539,19.8195,19.5863,19.894,20.0938
12 January 2016,1938.68,2.2668,19.2662,18.8149,18.9716,19.1699,19.2332,19.6937,19.9438
13 January 2016,1890.28,2.3261,21.7662,20.9261,20.7847,20.5365,20.2267,20.5428,20.6244
14 January 2016,1921.84,2.288,20.708,19.9574,19.8927,19.8175,19.6484,20.0135,20.1831
15 January 2016,1880.33,2.3394,22.6213,21.7108,21.4086,21.08,20.5608,20.6963,20.6608
19 January 2016,1881.33,2.3395,22.2189,21.1037,21.3114,20.8711,20.4917,20.6362,20.6503
20 January 2016,1859.33,2.3681,23.623,22.4373,22.0301,21.4639,20.7709,21.0276,21.0644
21 January 2016,1868.99,2.356,22.8532,22.1581,21.861,21.3819,20.9189,21.1544,21.253
22 January 2016,1906.9,2.3078,19.228,19.411,19.6235,19.7905,19.826,20.2425,20.4099
25 January 2016,1877.08,2.3459,21.0703,20.816,20.9091,20.6226,20.296,20.5648,20.7085
26 January 2016,1903.63,2.3132,19.9738,19.8648,19.9896,19.9127,19.8738,20.2078,20.3548
27 January 2016,1882.95,2.3452,20.5376,20.4862,20.6756,20.3684,20.1035,20.3583,20.5054
28 January 2016,1893.36,2.3299,19.6027,19.8282,20.0698,19.9064,19.7313,20.0753,20.2691
29 January 2016,1940.24,2.2735,17.3199,18.0921,18.5551,18.7287,18.853,19.3464,19.6572
01 February 2016,1939.38,2.2804,17.4202,18.2497,18.6604,18.8453,18.9557,19.4212,19.7081
02 February 2016,1903.03,2.3244,19.586,19.9045,20.1067,19.8829,19.5604,19.9017,20.1831
03 February 2016,1912.53,2.3151,19.4571,19.6612,19.8476,19.6924,19.5597,19.9515,20.1651
04 February 2016,1915.45,2.3132,19.7459,19.9987,20.1224,20.1079,19.9142,20.2615,20.4672
05 February 2016,1880.05,2.3446,21.5201,21.3646,21.3868,21.035,20.6516,20.8558,20.9869
08 February 2016,1853.44,2.3794,23.7319,23.0256,22.728,22.1406,21.4255,21.5007,21.508
09 February 2016,1852.21,2.3823,24.1064,23.2817,23.0174,22.3197,21.5861,21.5538,21.5187
10 February 2016,1851.86,2.3853,23.9166,23.254,22.9872,22.3629,21.7549,21.7038,21.5802
11 February 2016,1829.08,2.4133,25.4174,24.3441,24.084,23.1988,22.4099,22.1661,22.1763
12 February 2016,1864.78,2.3672,22.9304,22.5908,22.7806,22.4725,21.88,22.08,22.0446
16 February 2016,1895.58,2.3313,21.2671,21.1122,21.4464,21.447,21.1819,21.5205,21.6426
17 February 2016,1926.82,2.2975,19.761,19.8156,20.2018,20.4158,20.3558,20.7408,21.0085
18 February 2016,1917.83,2.3041,19.3263,19.598,19.9404,20.2318,20.2191,20.638,20.936
19 February 2016,1917.78,2.305,18.2431,18.9359,19.3817,19.8063,19.8808,20.3893,20.7042
22 February 2016,1945.5,2.2706,16.9196,17.7822,18.1777,18.8921,19.2587,19.8407,20.223
23 February 2016,1921.27,2.2999,18.5314,19.0219,19.1688,19.6463,19.8779,20.3879,20.6669
24 February 2016,1929.8,2.2903,18.4507,18.8632,18.9965,19.5441,19.7423,20.1905,20.4792
25 February 2016,1951.7,2.2656,16.8646,17.6616,17.8908,18.6469,19.0736,19.5531,19.9882
26 February 2016,1948.05,2.2706,17.4839,18.2217,18.32,18.9523,19.2693,19.8621,20.2844
29 February 2016,1932.23,2.2901,18.3053,18.8877,18.7888,19.2505,19.5487,20.0791,20.4824
01 March 2016,1978.35,2.2532,15.7478,16.6041,16.7596,17.7162,18.4038,19.1696,19.7159
02 March 2016,1986.45,2.2437,15.0617,16.1932,16.4394,17.4806,18.1842,18.976,19.5453
03 March 2016,1993.4,2.2365,14.9578,15.9056,16.1455,17.1209,17.8849,18.6952,19.2767
04 March 2016,1999.99,2.2452,14.9212,15.8667,16.1532,17.0927,17.7088,18.5538,19.1221
07 March 2016,2001.76,2.2443,15.29,16.1494,16.4009,17.2545,17.9214,18.6564,19.2161
08 March 2016,1979.26,2.2719,16.5369,17.2892,17.4652,18.0891,18.5265,19.0737,19.5587
09 March 2016,1989.26,2.2625,16.2546,16.8594,17.0801,17.8643,18.4415,19.0874,19.5911
10 March 2016,1989.57,2.2638,15.8459,16.5514,17.0996,17.8261,18.4428,19.0914,19.5832
11 March 2016,2022.19,2.2289,14.3475,15.3868,15.9479,16.9765,17.8404,18.5789,19.158
14 March 2016,2019.64,2.2355,14.5144,15.2979,15.8983,16.8772,17.8029,18.5567,19.1378
15 March 2016,2015.93,2.2405,14.4785,15.3274,15.9502,16.919,17.8316,18.554,19.1112
16 March 2016,2027.22,2.2306,13.1692,14.402,15.2661,16.2113,17.1951,17.9389,18.5364
17 March 2016,2040.59,2.216,12.6788,13.922,14.7425,15.837,16.8173,17.5463,18.1237
18 March 2016,2049.58,2.2063,12.2279,13.6022,14.5332,15.769,16.8216,17.6136,18.24
21 March 2016,2051.6,2.2027,11.9622,13.3004,14.279,15.6808,16.7172,17.5796,18.2062
22 March 2016,2049.8,2.2055,12.2061,13.4358,14.3792,15.635,16.6734,17.5768,18.2359
23 March 2016,2036.71,2.2197,13.1069,14.2135,15.0173,16.1226,16.9763,17.7259,18.3187
24 March 2016,2035.94,2.2206,12.989,14.1999,15.0623,16.1365,17.009,17.7556,18.3272
28 March 2016,2037.05,2.2191,13.402,14.2486,15.1184,16.16,17.0046,17.8794,18.434
29 March 2016,2055.01,2.2007,12.0854,13.0748,14.217,15.5316,16.5791,17.3202,17.9752
30 March 2016,2063.95,2.1882,11.6999,12.5841,13.772,15.169,16.2845,17.1019,17.753
31 March 2016,2059.74,2.1927,12.0958,12.7697,14.0241,15.3271,16.403,17.2319,17.8513
01 April 2016,2072.78,2.1787,11.1926,12.2212,13.4466,14.926,16.1522,17.0278,17.681
04 April 2016,2066.13,2.189,12.1854,13.2333,14.141,15.3993,16.4764,17.2843,17.8915
05 April 2016,2045.17,2.2115,13.4519,14.3315,15.1555,16.1475,17.0925,17.8348,18.3484
06 April 2016,2066.66,2.1899,12.2162,13.3107,14.1843,15.5012,16.5962,17.4264,18.0355
07 April 2016,2041.91,2.2139,14.1363,14.8828,15.6128,16.5579,17.4231,18.1273,18.6367
08 April 2016,2047.6,2.2079,13.3155,14.2732,15.1032,16.2524,17.2105,17.902,18.4102
11 April 2016,2041.99,2.2143,12.9192,14.856,15.5781,16.6383,17.4816,18.0866,18.5648
12 April 2016,2061.72,2.1931,12.757,13.897,14.7225,16.0067,17.0113,17.706,18.1952
13 April 2016,2082.42,2.1725,11.631,13.0226,13.9518,15.4328,16.5681,17.2863,17.8077
14 April 2016,2082.78,2.1722,11.533,12.9241,13.8704,15.401,16.5731,17.2899,17.82
15 April 2016,2080.73,2.1744,11.4163,12.7594,13.6798,15.2699,16.4877,17.2308,17.7612
18 April 2016,2094.34,2.1591,11.1215,12.3984,13.2354,14.8384,16.143,16.9379,17.5392
19 April 2016,2100.8,2.1525,11.0693,12.4255,13.1333,14.7141,16.0499,16.8925,17.5863
20 April 2016,2102.4,2.1513,11.2188,12.599,13.2772,14.829,16.1963,16.9957,17.5913
21 April 2016,2091.48,2.1628,11.7748,13.2107,13.7772,15.2554,16.5583,17.3719,17.9409
22 April 2016,2091.58,2.1627,11.261,12.8582,13.4519,15.0704,16.5104,17.3511,17.9467
25 April 2016,2087.79,2.1649,12.04,13.4306,13.8705,15.3376,16.6881,17.5225,18.0909
26 April 2016,2091.7,2.1609,11.9541,13.1909,13.6624,15.1533,16.5179,17.3981,17.9597
27 April 2016,2095.15,2.1576,11.8104,13.0581,13.5088,15.042,16.5096,17.3869,17.9807
28 April 2016,2075.81,2.1743,12.9275,14.0277,14.4123,15.6666,16.8696,17.5731,18.068
29 April 2016,2065.3,2.1854,13.2908,14.5148,14.9234,16.0828,17.1693,17.8111,18.2865
02 May 2016,2081.43,2.1683,12.2421,13.7356,14.228,15.5244,16.7974,17.5082,18.0591
03 May 2016,2063.37,2.1868,13.3962,14.6381,15.0283,16.1265,17.2231,17.8711,18.3465
04 May 2016,2051.12,2.2011,14.0642,15.1789,15.5201,16.5365,17.4703,17.8912,18.5004
05 May 2016,2050.63,2.2034,13.9125,15.9973,15.5847,16.5498,17.6033,18.2123,18.7352
06 May 2016,2057.14,2.1973,12.9692,14.9321,15.0502,16.2121,17.349,17.9573,18.4208
09 May 2016,2058.69,2.1961,12.7049,14.2358,14.8042,16.0377,17.2026,17.8347,18.3492
10 May 2016,2084.39,2.1693,11.6603,13.298,13.9955,15.3734,16.7481,17.4629,18.0375
11 May 2016,2064.46,2.1928,12.7928,14.323,14.8672,15.9659,17.2849,17.8738,18.3674
12 May 2016,2064.11,2.1936,12.6332,14.0792,14.6878,15.8362,17.036,17.6632,18.2249
13 May 2016,2046.61,2.2146,13.2639,14.6777,15.2154,16.1795,17.2633,17.8524,18.3548
16 May 2016,2066.66,2.1933,12.7696,14.047,14.6537,15.7935,16.972,17.6172,18.1831
17 May 2016,2047.21,2.2169,13.6447,14.7928,15.2837,16.3009,17.3366,17.9076,18.4291
18 May 2016,2047.63,2.2177,14.1066,14.9957,15.4021,16.3762,17.3221,17.8321,18.2993
19 May 2016,2040.04,2.226,14.4884,15.2495,15.6995,16.6811,17.6694,18.1921,18.6176
20 May 2016,2052.32,2.214,13.4132,14.3712,14.9954,16.2653,17.4394,18.0407,18.5462
23 May 2016,2048.04,2.2182,14.0647,14.5591,15.1274,16.3389,17.4853,18.0295,18.5254
24 May 2016,2076.06,2.1885,12.5838,13.1507,13.9023,15.4394,16.8395,17.5416,18.0956
25 May 2016,2090.54,2.174,11.9755,12.7064,13.5149,15.1348,16.641,17.3494,17.9011
26 May 2016,2090.1,2.1754,11.5702,12.4462,13.3426,15.0304,16.4989,17.2415,17.801
27 May 2016,2099.06,2.1671,11.0065,12.0204,12.9749,14.7458,16.3147,17.12,17.7056
31 May 2016,2096.96,2.1704,11.968,12.6724,13.4453,15.0164,16.4736,17.1704,17.7341
01 June 2016,2099.33,2.1674,11.9117,12.5492,13.3616,16.7122,16.4663,17.1849,17.7063
02 June 2016,2105.26,2.1618,11.5113,12.6079,13.1371,15.6578,16.3736,17.1524,17.7125
03 June 2016,2099.13,2.1694,11.3351,11.4365,13.1369,13.2583,16.4287,17.1857,17.8206
06 June 2016,2109.41,2.1584,11.4576,12.2788,13.1154,14.7392,16.402,17.179,17.8272
07 June 2016,2112.13,2.1558,11.5593,12.3555,13.178,14.8202,16.5862,17.3918,18.0047
08 June 2016,2119.12,2.1493,11.5432,12.3218,13.1249,14.772,16.5446,17.325,18.007
09 June 2016,2115.48,2.1545,12.0708,12.5462,13.559,15.1444,16.8445,17.6078,18.2243
10 June 2016,2096.07,2.1748,14.0218,13.8325,14.953,16.1735,17.6246,18.2444,18.7617
13 June 2016,2079.06,2.1932,16.889,16.6373,16.9607,17.7448,18.6503,19.0492,19.4085
14 June 2016,2075.32,2.1978,16.843,16.6154,16.9158,17.6636,18.5596,18.9859,19.3665
15 June 2016,2071.5,2.2032,16.5357,16.4564,16.7618,17.3559,18.3208,18.7787,19.1791
16 June 2016,2077.99,2.1966,15.8817,15.8731,16.1488,16.9598,17.941,18.4595,18.9254
17 June 2016,2071.22,2.2038,16.2731,16.2843,16.5297,17.2364,18.1226,18.6191,19.0458
20 June 2016,2083.25,2.1923,15.1334,15.0319,15.4516,16.242,17.3623,18.0129,18.529
21 June 2016,2088.9,2.1865,15.2427,15.0817,15.4563,16.23,17.3575,17.9675,18.4908
22 June 2016,2085.45,2.1902,17.5194,16.4502,16.3941,16.6546,17.5374,18.0373,18.4271
23 June 2016,2113.32,2.1612,13.7923,13.8283,14.1917,15.1341,16.45,17.1594,17.659
24 June 2016,2037.41,2.2418,20.1843,18.9395,18.6205,18.41,18.9637,19.3245,19.5861
27 June 2016,2000.54,2.2829,20.1992,19.2542,18.968,18.7638,19.1335,19.2891,19.5482
28 June 2016,2036.09,2.2441,15.933,16.0259,16.3165,16.9045,17.8785,18.364,18.8393
29 June 2016,2070.77,2.207,13.9114,14.5238,15.1236,16.0786,17.3397,18.0146,18.5519
30 June 2016,2098.86,2.1773,12.7464,13.4315,14.2449,15.4971,16.984,17.558,18.1134
01 July 2016,2102.95,2.1731,12.1719,13.2175,14.0106,15.3551,16.8852,17.5161,18.0839
05 July 2016,2088.55,2.1894,13.0849,13.9871,14.6506,15.7212,17.139,17.848,18.4542
06 July 2016,2099.73,2.1793,12.7247,13.6798,14.4073,15.5859,17.1259,17.9353,18.6306
07 July 2016,2097.9,2.1819,12.239,13.322,14.121,15.3744,16.9783,17.8828,18.5418
08 July 2016,2129.9,2.1492,10.6131,11.9516,12.8886,14.3968,16.2265,17.2211,17.962
11 July 2016,2137.16,2.1419,10.9619,12.1136,12.9487,14.2984,16.0942,17.0612,17.8597
12 July 2016,2152.14,2.127,10.6892,11.6771,12.518,13.9052,15.7715,16.7691,17.5748
13 July 2016,2152.43,2.1268,10.4361,11.4412,12.2864,13.7452,15.6423,16.6291,17.4182
14 July 2016,2163.75,2.1159,10.3369,11.3888,12.2389,13.8087,15.7354,16.7089,17.4965
15 July 2016,2161.74,2.1178,10.0859,11.4094,12.2732,13.9088,15.793,16.6884,17.4393
18 July 2016,2166.89,2.1131,10.0557,11.3097,12.099,13.7702,15.6887,16.6473,17.4234
19 July 2016,2163.78,2.1166,9.7257,11.1561,12.0078,13.7668,15.7094,16.678,17.4369
20 July 2016,2173.02,2.1077,9.6786,11.1385,11.9665,13.7068,15.6206,16.6043,17.3667
21 July 2016,2165.17,2.1122,10.4512,11.8575,12.5216,14.1946,15.9899,16.8821,17.5889
22 July 2016,2175.03,2.1026,9.6934,11.4332,12.2654,14.0057,15.8098,16.7365,17.4628
25 July 2016,2168.48,2.109,10.4905,11.9315,12.6818,14.3433,16.0944,16.9652,17.653
26 July 2016,2169.18,2.1083,10.5909,11.8953,12.6151,14.3169,16.085,16.9734,17.6844
27 July 2016,2166.58,2.1114,10.3313,11.7867,12.5353,14.3696,16.2403,17.2006,17.9215
28 July 2016,2170.06,2.1064,10.3412,11.7606,12.5511,14.3801,16.1671,17.0813,17.8339
29 July 2016,2173.6,2.1031,9.4901,11.1352,12.0166,13.9755,15.8939,16.8574,17.6362
01 August 2016,2170.84,2.1059,9.9451,11.3812,12.2157,14.0438,15.9037,16.8793,17.6826
02 August 2016,2157.03,2.1197,11.0467,12.1445,12.9304,14.5845,16.3264,17.2261,18.0164
03 August 2016,2163.79,2.1146,10.3898,11.6793,12.5507,14.297,16.1169,17.0711,17.8738
04 August 2016,2164.25,2.1158,10.1603,11.508,12.362,14.0848,15.9121,16.8491,17.6322
05 August 2016,2182.87,2.0977,8.9722,10.6907,11.7271,13.5828,15.5151,16.5256,17.3403
08 August 2016,2180.89,2.1004,9.005,10.6212,11.785,13.4927,15.4807,16.5146,17.3138
09 August 2016,2181.74,2.1003,9.0636,10.6772,11.7291,13.3836,15.3727,16.3988,17.1911
10 August 2016,2175.49,2.1093,9.5919,11.1573,12.1143,13.5784,15.4471,16.4076,17.1502
11 August 2016,2185.79,2.0997,9.2664,11.0444,12.0327,13.5659,15.4793,16.468,17.198
12 August 2016,2184.05,2.1017,9.0423,10.9047,11.9857,13.5904,15.536,16.5076,17.2293
15 August 2016,2190.15,2.0965,9.2166,10.9594,12.1118,13.6336,15.6065,16.5863,17.2911
16 August 2016,2178.15,2.1105,9.9455,11.4929,12.575,14.0844,15.9814,16.8988,17.5711
17 August 2016,2182.22,2.1077,9.7498,11.1998,12.3723,13.9366,15.8956,16.7936,17.4518
18 August 2016,2187.02,2.1029,9.1689,10.7393,12.0715,13.7809,15.7945,16.7184,17.3724
19 August 2016,2183.87,2.1071,9.0358,10.5561,11.9585,13.7466,15.8081,16.7199,17.4124
22 August 2016,2182.64,2.1084,9.8497,10.8463,12.1901,13.9072,15.8972,16.8111,17.4863
23 August 2016,2186.9,2.1044,9.9635,10.7963,12.0916,13.8579,15.8433,16.7193,17.3844
24 August 2016,2175.44,2.1161,10.9675,11.5072,12.6531,14.1606,15.986,16.8086,17.4294
25 August 2016,2172.47,2.1191,11.2684,11.7215,12.6638,14.1825,15.9748,16.8531,17.5254
26 August 2016,2169.04,2.1227,11.1336,11.8494,12.8502,14.2852,16.0634,16.8654,17.4506
29 August 2016,2180.38,2.1127,10.4415,11.3435,12.4627,14.0245,15.8791,16.6754,17.258
30 August 2016,2176.12,2.1181,10.6552,11.4404,12.6046,14.127,15.9521,16.7233,17.3314
31 August 2016,2170.95,2.1254,11.1608,11.7071,12.8755,14.36,16.1494,16.9127,17.5121
01 September 2016,2170.86,2.1253,11.1415,11.7901,12.9612,14.3733,16.2646,17.0096,17.613
02 September 2016,2179.98,2.1165,9.8555,11.0672,12.33,13.9897,16.0488,16.8598,17.4835
06 September 2016,2186.48,2.108,9.6434,11.018,12.1847,13.8193,15.8906,16.7631,17.4328
07 September 2016,2186.16,2.1085,9.6612,10.9657,12.1027,13.7298,15.8536,16.737,17.3998
08 September 2016,2181.3,2.1088,10.0282,11.3638,12.3567,13.9595,16.0464,16.8979,17.5253
09 September 2016,2127.81,2.162,14.8666,14.9542,15.2435,16.0035,17.4365,18.0181,18.4957
12 September 2016,2159.04,2.13,12.731,13.3603,13.8976,15.0644,16.7359,17.3867,18.0339
13 September 2016,2127.02,2.1633,15.455,15.4348,15.7081,16.2381,17.402,17.8595,18.4087
14 September 2016,2125.77,2.1644,15.4302,15.6084,15.8173,16.3995,17.5204,17.9664,18.461
15 September 2016,2147.26,2.1431,13.6302,14.5076,14.9409,15.6822,17.0688,17.6191,18.2059
16 September 2016,2139.16,2.1513,13.2124,14.1666,14.646,15.5035,16.9579,17.5282,18.0935
19 September 2016,2139.12,2.1496,13.3188,14.1663,14.6294,15.5039,16.8506,17.4972,18.0956
20 September 2016,2139.76,2.149,13.7787,14.4931,14.8028,15.6934,16.9609,17.4895,18.0834
21 September 2016,2163.12,2.1256,11.5781,12.9274,13.5341,14.7395,16.3431,17.0153,17.6442
22 September 2016,2177.18,2.1174,10.2055,12.0159,12.7735,14.2605,16.0872,16.7715,17.4078
23 September 2016,2164.69,2.1288,10.5328,12.2349,12.9646,14.3676,16.1267,16.8201,17.4916
26 September 2016,2146.1,2.1472,12.6992,13.8078,14.1769,15.2189,16.7105,17.2665,17.8379
27 September 2016,2159.93,2.134,11.2476,12.7295,13.3611,14.6317,16.2722,16.9115,17.5524
28 September 2016,2171.37,2.1241,10.5889,12.1487,12.8562,14.3262,16.0501,16.7601,17.4459
29 September 2016,2151.13,2.1443,12.2977,13.4822,13.8983,15.0376,16.4863,17.0608,17.6737
30 September 2016,2168.27,2.1274,10.9424,12.4103,13.0098,14.4588,16.1278,16.814,17.4738
03 October 2016,2161.2,2.1362,11.7042,12.873,13.2282,14.5866,16.1289,16.849,17.4831
04 October 2016,2150.49,2.148,12.1622,13.1864,13.4712,14.7936,16.276,16.9246,17.5158
05 October 2016,2159.73,2.1402,11.7654,12.8179,13.1534,14.6128,16.194,16.8384,17.4472
06 October 2016,2160.77,2.1349,11.7167,12.517,12.9944,14.4858,16.0572,16.7326,17.3342
07 October 2016,2153.74,2.1394,11.2716,12.9106,13.3146,14.771,16.2963,16.9368,17.483
10 October 2016,2163.66,2.1291,12.0018,12.2582,12.8144,14.4674,16.0592,16.7404,17.3239
11 October 2016,2136.73,2.1559,14.0776,13.7118,13.9134,15.3095,16.6038,17.1808,17.7063
12 October 2016,2139.18,2.1542,13.993,13.7461,13.9448,15.3314,16.6087,17.1551,17.6764
13 October 2016,2132.55,2.1577,14.6868,14.4044,14.4989,15.7215,16.8713,17.3173,17.794
14 October 2016,2132.98,2.1573,14.0458,14.2553,14.4103,15.6784,16.8423,17.2991,17.7641
17 October 2016,2126.5,2.1642,14.2348,14.4565,14.5042,15.815,16.9183,17.3523,17.8399
18 October 2016,2139.6,2.151,13.2858,13.7555,13.8816,15.3891,16.6773,17.2575,17.7746
19 October 2016,2144.29,2.1468,12.6104,13.2979,13.4846,15.0591,16.407,17.0404,17.5862
20 October 2016,2141.34,2.1569,11.9042,12.9967,13.2478,14.9368,16.3349,16.9662,17.5206
21 October 2016,2141.16,2.1571,11.4706,12.7207,13.0275,14.7778,16.2632,16.9462,17.5101
24 October 2016,2151.33,2.1469,11.0791,12.3564,12.724,14.5509,16.0935,16.8341,17.3992
25 October 2016,2143.16,2.1551,11.6517,12.5939,12.8237,14.6036,16.1298,16.8304,17.4039
26 October 2016,2139.43,2.1589,12.3731,13.1188,13.2012,14.871,16.3753,17.0832,17.6354
27 October 2016,2133.04,2.1658,13.1358,13.6713,13.7486,15.241,16.6181,17.2767,17.7843
28 October 2016,2126.41,2.1687,13.7194,14.2547,14.2092,15.4965,16.6943,17.245,17.7603
31 October 2016,2126.15,2.169,14.5431,14.5722,14.4914,15.6592,16.7931,17.3852,17.8785
01 November 2016,2111.72,2.184,15.725,15.4619,15.2465,16.1567,17.2026,17.7118,18.1333
02 November 2016,2097.94,2.2002,16.7344,16.0464,15.73,16.406,17.3578,17.821,18.211
03 November 2016,2088.66,2.215,18.0242,16.7798,16.3952,16.7974,17.575,17.9661,18.3444
04 November 2016,2085.18,2.2189,18.4944,17.1932,16.7104,17.0061,17.6729,18.0232,18.3422
07 November 2016,2131.52,2.1708,15.1271,14.3505,14.2458,15.1593,16.3739,16.9976,17.5206
08 November 2016,2139.56,2.1655,14.7722,14.2164,14.2126,15.1521,16.28,16.8594,17.3645
09 November 2016,2163.26,2.1394,11.8561,12.377,12.788,14.1396,15.6068,16.3466,16.9178
10 November 2016,2167.48,2.1356,12.2228,12.9201,13.2903,14.621,15.998,16.7272,17.3293
11 November 2016,2164.45,2.139,11.8024,12.9027,13.3767,14.707,16.0674,16.7668,17.3229
14 November 2016,2164.2,2.141,12.0874,12.9431,13.5305,14.9674,16.3926,17.0827,17.6391
15 November 2016,2180.39,2.1271,11.4731,11.9709,12.6729,14.3663,15.9524,16.7364,17.3341
16 November 2016,2176.94,2.1319,11.6704,12.1935,12.9495,14.5433,16.0754,16.8109,17.3912
17 November 2016,2187.12,2.1219,11.3274,11.8584,12.7035,14.3711,15.9946,16.7749,17.38
18 November 2016,2181.9,2.128,10.779,11.6503,12.6056,14.4593,16.1504,16.9225,17.5051
21 November 2016,2198.18,2.1129,10.4077,11.1682,12.2207,14.2528,16.0067,16.8126,17.4573
22 November 2016,2202.94,2.109,10.2483,11.1411,12.1965,14.2591,15.9735,16.7753,17.3496
23 November 2016,2204.72,2.1075,10.3635,11.2521,12.2306,14.3263,16.0371,16.8566,17.3938
25 November 2016,2213.35,2.0994,9.9056,11.1026,12.1268,14.2684,15.9826,16.7999,17.5195
28 November 2016,2201.72,2.1116,10.4977,11.5946,12.5459,14.5626,16.1996,16.9822,17.5507
29 November 2016,2204.66,2.1106,10.4496,11.4822,12.4229,14.5054,16.161,16.9719,17.5151
30 November 2016,2198.81,2.1182,10.9776,11.754,12.6943,14.6642,16.2824,17.0838,17.6283
01 December 2016,2191.08,2.1257,11.5862,12.3753,13.1185,14.8796,16.4858,17.2983,17.8548
02 December 2016,2191.95,2.125,11.2003,12.4282,13.1289,14.9008,16.5233,17.3206,17.8449
05 December 2016,2204.71,2.1131,9.96,11.6044,12.5375,14.465,16.1924,17.0468,17.6284
06 December 2016,2212.23,2.106,9.7765,11.3094,12.2872,14.2656,16.0475,16.9548,17.5423
07 December 2016,2241.35,2.0781,10.0318,11.2637,12.156,14.0725,15.8709,16.7836,17.3997
08 December 2016,2246.19,2.0749,10.5479,11.6874,12.5566,14.4052,16.1191,17.0413,17.6569
09 December 2016,2259.53,2.0627,9.4253,11.1585,12.1895,14.1335,15.9698,16.9898,17.7351
12 December 2016,2256.96,2.0652,10.428,11.7186,12.6515,14.3409,16.1235,17.1793,17.9077
13 December 2016,2271.72,2.0518,10.7629,11.9347,12.7535,14.3598,16.0432,17.1085,17.8106
14 December 2016,2253.28,2.0712,11.215,11.9917,12.7245,14.2567,15.9894,17.0893,17.8435
15 December 2016,2262.03,2.0641,10.4424,11.5331,12.3832,14.0125,15.9153,17.0008,17.7513
16 December 2016,2258.07,2.0654,9.8095,11.2164,12.1731,13.8797,15.8403,16.9409,17.696
19 December 2016,2262.53,2.0614,9.5246,11.0236,12.0936,13.8031,15.7901,16.8745,17.62
20 December 2016,2270.76,2.0545,9.674,10.9557,12.0054,13.7631,15.7613,16.8355,17.596
21 December 2016,2265.18,2.06,9.777,11.0089,12.0911,13.8037,15.7893,16.8916,17.6358
22 December 2016,2260.96,2.065,9.8,11.0529,12.1827,13.8931,15.8056,16.8655,17.5856
23 December 2016,2263.79,2.0633,9.485,10.9927,12.1539,13.8532,15.7792,16.8503,17.597
27 December 2016,2268.88,2.0587,10.1848,11.1054,12.316,13.8629,15.7417,16.9685,17.8654
28 December 2016,2249.92,2.0772,10.9846,11.6751,12.8674,14.2696,15.9918,17.1037,17.9194
29 December 2016,2249.26,2.0772,11.2597,11.9203,13.1052,14.4778,16.1085,17.223,17.9492
30 December 2016,2238.83,2.0872,11.507,12.2805,13.4647,14.7797,16.3579,17.4574,18.223
03 January 2017,2257.83,2.0697,10.8614,11.5822,12.6314,14.1446,15.8957,17.1255,17.9499
04 January 2017,2270.75,2.0605,9.9548,10.8679,11.9721,13.6093,15.441,16.7114,17.5854
05 January 2017,2269,2.0621,9.7517,10.7205,11.821,13.4899,15.269,16.5552,17.422
06 January 2017,2276.98,2.0557,9.1486,10.5654,11.6785,13.415,15.1744,16.4636,17.3287
09 January 2017,2268.9,2.0631,9.6877,10.8832,11.8945,13.5074,15.2048,16.4243,17.2679
10 January 2017,2268.9,2.0631,9.6741,10.8702,11.9171,13.572,15.2727,16.5813,17.4399
11 January 2017,2275.32,2.0584,9.5711,10.7804,11.7581,13.4749,15.1353,16.4181,17.2592
12 January 2017,2270.44,2.063,9.59,10.809,11.7893,13.5587,15.3206,16.6806,17.5545
13 January 2017,2274.64,2.0592,8.7545,10.4779,11.5402,13.4017,15.2447,16.6244,17.4673
17 January 2017,2267.89,2.0653,9.4454,10.7621,11.6642,13.5547,15.3664,16.7308,17.6043
18 January 2017,2271.89,2.062,9.4379,10.6058,11.5499,13.4886,15.2954,16.6579,17.5337
19 January 2017,2263.69,2.0695,9.815,10.9411,11.6899,13.5083,15.268,16.617,17.4763
20 January 2017,2271.31,2.063,8.5843,10.309,11.2489,13.2457,15.116,16.476,17.3398
23 January 2017,2265.2,2.069,9.1629,10.608,11.4016,13.2824,15.1157,16.4641,17.2757
24 January 2017,2280.07,2.0555,8.7005,10.1069,10.8902,12.7637,14.6278,16.0547,16.9324
25 January 2017,2298.37,2.0391,8.5242,10.0209,10.7872,12.6124,14.5482,16.0515,16.9692
26 January 2017,2296.68,2.0406,8.3915,9.973,10.793,12.6734,14.6571,16.086,17.0011
27 January 2017,2294.69,2.0385,8.0992,9.9239,10.8237,12.808,14.7542,16.2172,17.1167
30 January 2017,2280.9,2.051,8.9441,10.6276,11.4403,13.1949,14.9703,16.3967,17.2542
31 January 2017,2278.87,2.053,8.9907,10.7452,11.4308,13.1929,14.9442,16.3239,17.2081
01 February 2017,2279.55,2.0527,8.6472,10.4862,11.3277,13.0076,14.8943,16.2293,17.0599
02 February 2017,2280.85,2.0541,8.9084,10.6923,11.4756,13.0494,14.8739,16.1975,17.0486
03 February 2017,2297.42,2.0399,8.1362,10.1494,11.0347,12.6987,14.5538,15.9228,16.8349
06 February 2017,2292.56,2.0442,8.2883,10.3678,11.2879,12.876,14.6655,16.0134,16.9098
07 February 2017,2293.08,2.0445,8.4027,10.4447,11.3197,12.8917,14.6513,15.9701,16.8306
08 February 2017,2294.67,2.0455,8.4275,10.4532,11.4859,13.0597,14.7386,16.0222,16.8815
09 February 2017,2307.87,2.0351,8.3266,10.2326,11.2995,12.9634,14.6899,15.9578,16.7973
10 February 2017,2316.1,2.0283,8.2535,9.9154,11.076,12.8199,14.5734,15.8473,16.6833
13 February 2017,2328.25,2.0188,8.0678,9.6178,10.8,12.6095,14.4415,15.7667,16.6388
14 February 2017,2337.58,2.0122,7.9836,9.1455,10.3281,12.2701,14.1882,15.4788,16.3474
15 February 2017,2349.25,2.0028,9.1661,9.632,10.5413,12.2181,14.0803,15.3374,16.2015
16 February 2017,2347.22,2.0051,9.0458,9.7257,10.7676,12.3826,14.2341,15.5258,16.3985
17 February 2017,2351.16,1.9994,8.7492,9.7159,10.8355,12.4855,14.2961,15.5432,16.4176
21 February 2017,2365.38,1.9874,8.9156,9.8227,11.1294,12.6223,14.266,15.4408,16.239
22 February 2017,2362.82,1.9908,9.0192,10.0584,11.4343,12.9037,14.4367,15.5698,16.3255
23 February 2017,2363.81,1.9905,9.0811,10.36,11.7587,13.1523,14.4838,15.5739,16.3109
24 February 2017,2367.34,1.9904,8.8203,10.3575,11.8557,13.2174,14.4923,15.5506,16.2601
27 February 2017,2369.75,1.9894,9.2885,11.058,12.1259,13.2705,14.5076,15.6403,16.4006
28 February 2017,2363.64,1.9894,10.1242,11.6071,12.5,13.6573,14.7994,15.8464,16.5875
01 March 2017,2395.96,1.9497,10.0745,11.3425,12.1189,13.3534,14.6966,15.8999,16.7308
02 March 2017,2381.92,1.9626,9.6137,11.1917,12.1561,13.4793,14.7389,15.8583,16.6668
03 March 2017,2383.12,1.9619,8.4932,10.5529,11.6931,13.2401,14.6221,15.758,16.5458
06 March 2017,2375.31,1.9564,8.9896,10.7665,11.7878,13.3093,14.7097,15.8252,16.5963
07 March 2017,2368.39,1.9636,9.1373,10.8418,11.7317,13.2722,14.7199,15.9002,16.69
08 March 2017,2362.98,1.9687,9.347,11.0721,11.8374,13.2814,14.6397,15.7798,16.5633
09 March 2017,2364.87,1.9673,9.7148,11.4624,12.073,13.4524,14.8152,15.9278,16.667
10 March 2017,2372.6,1.961,8.8036,11.0408,11.6632,13.0859,14.5451,15.7355,16.5427
13 March 2017,2373.47,1.9609,8.9845,11.1302,11.6919,13.1083,14.5608,15.7394,16.4952
14 March 2017,2365.45,1.9683,9.4963,11.3958,11.9342,13.217,14.6707,15.7812,16.5449
15 March 2017,2385.26,1.9509,9.0161,10.8702,11.4889,12.9409,14.4674,15.5983,16.4105
16 March 2017,2381.38,1.9546,8.4385,10.2675,11.0508,12.6081,14.2532,15.4877,16.3513
17 March 2017,2378.25,1.9572,8.0872,10.2775,11.0885,12.6375,14.3033,15.5156,16.2861
20 March 2017,2373.47,1.9578,8.459,10.1641,11.0783,12.6406,14.3179,15.5545,16.3607
21 March 2017,2344.02,1.9826,9.7695,11.0079,11.8406,13.1799,14.689,15.7771,16.5594
22 March 2017,2348.45,1.9792,10.3404,11.0907,11.8597,13.1879,14.6939,15.8064,16.5684
23 March 2017,2345.96,1.9814,10.8757,11.4513,12.0977,13.2863,14.764,15.8471,16.5815
24 March 2017,2343.98,1.983,10.4849,11.2159,11.9187,13.1354,14.6918,15.7767,16.4887
27 March 2017,2341.59,1.985,10.3795,10.878,11.6417,12.9178,14.4793,15.6061,16.3304
28 March 2017,2358.57,1.9709,9.3209,10.1222,11.0541,12.4798,14.1565,15.292,16.0627
29 March 2017,2361.13,1.9698,9.1528,9.9248,10.8997,12.3278,13.9869,15.1919,15.9938
30 March 2017,2368.06,1.9644,9.1333,9.8537,10.8116,12.1941,13.8732,15.1007,15.8914
31 March 2017,2362.72,1.9688,9.445,9.9875,10.9391,12.3106,13.9428,15.0847,15.8995
03 April 2017,2358.84,1.9726,9.8792,10.3171,11.0391,12.3167,13.9094,14.9975,15.7948
04 April 2017,2360.16,1.9728,9.3165,9.992,10.8128,12.1601,13.806,14.9311,15.7359
05 April 2017,2352.95,1.9785,10.1121,10.5467,11.2771,12.4786,14.0804,15.1115,15.8644
06 April 2017,2357.49,1.9755,10.0553,10.2857,10.9652,12.2234,13.8217,14.9316,15.7004
07 April 2017,2355.54,1.9772,10.4152,10.5472,11.2099,12.4415,13.9644,15.0648,15.8293
10 April 2017,2357.16,1.9768,11.5021,11.1872,11.6538,12.7405,14.1826,15.1712,15.9209
11 April 2017,2353.78,1.9808,12.1658,11.6041,11.9796,12.9131,14.2137,15.2158,15.926
12 April 2017,2344.93,1.9884,12.6407,11.7986,12.0954,13.065,14.3976,15.3535,16.0678
13 April 2017,2328.95,2.0021,13.2146,12.314,12.524,13.3284,14.5587,15.4931,16.1091
17 April 2017,2349.01,1.9851,11.7385,11.4654,11.7626,12.8478,14.2724,15.2769,15.9795
18 April 2017,2342.19,1.9909,11.7485,11.5076,11.7581,12.872,14.2927,15.2896,16.0323
19 April 2017,2338.17,1.9949,12.0232,11.8326,12.0121,13.068,14.3614,15.2787,15.9917
20 April 2017,2355.84,1.98,10.7576,11.1034,11.3481,12.5456,13.9892,14.9525,15.6679
21 April 2017,2348.69,1.986,11.2054,11.3925,11.4886,12.6671,14.0861,15.0602,15.8044
24 April 2017,2374.15,1.9652,8.262,9.4085,9.9947,11.7512,13.5722,14.6869,15.5059
25 April 2017,2388.61,1.9532,8.1749,9.3007,9.8847,11.6001,13.467,14.6091,15.4162
26 April 2017,2387.45,1.9542,8.271,9.4046,10.1002,11.7263,13.5167,14.6377,15.4682
27 April 2017,2388.77,1.9557,7.899,9.3055,10.0233,11.7343,13.5538,14.672,15.4758
28 April 2017,2384.2,1.9595,7.767,9.2893,10.0624,11.7867,13.5854,14.6754,15.4876
01 May 2017,2388.33,1.9562,7.7014,9.2353,9.9547,11.565,13.4295,14.5674,15.3764
02 May 2017,2391.17,1.9539,7.9748,9.2758,10.0349,11.6287,13.4848,14.5878,15.3814
03 May 2017,2388.13,1.957,8.0701,9.5645,10.2783,11.8394,13.6463,14.7674,15.5503
04 May 2017,2389.52,1.9561,7.8509,9.3105,10.1157,11.7362,13.5907,14.7389,15.6002
05 May 2017,2399.29,1.9481,7.4469,9.1558,9.9911,11.6446,13.5605,14.7408,15.5654
08 May 2017,2399.38,1.9639,7.2731,8.9215,9.8486,11.5956,13.5043,14.672,15.4992
09 May 2017,2396.92,1.9666,7.4823,9.085,9.9664,11.6533,13.5449,14.6776,15.5598
10 May 2017,2399.63,1.9667,7.5293,9.2538,10.1312,11.8053,13.6681,14.809,15.5961
11 May 2017,2394.44,1.9731,7.8271,9.4824,10.3237,11.979,13.8087,14.9544,15.7291
12 May 2017,2390.9,1.9761,7.5553,9.3853,10.2635,12.057,13.9571,15.0807,15.8304
15 May 2017,2402.32,1.968,8.0196,9.0579,10.0775,11.9141,13.8826,15.013,15.9091
16 May 2017,2400.67,1.9719,7.9862,8.9673,9.9635,11.9531,13.9411,15.0751,15.8835
17 May 2017,2357.03,2.0099,11.8331,11.7537,12.107,13.6025,15.017,15.8822,16.5186
18 May 2017,2365.72,2.0031,10.8397,11.1757,11.7502,13.2252,14.8742,15.8814,16.5337
19 May 2017,2381.73,1.9898,9.0602,9.9635,10.7918,12.543,14.4661,15.5586,16.3042
22 May 2017,2394.02,1.9798,8.4872,9.3813,10.3026,12.2011,14.1971,15.3095,16.1333
23 May 2017,2398.42,1.9763,8.3634,9.2141,10.1897,12.0972,14.089,15.2355,16.011
24 May 2017,2404.39,1.9718,7.8262,8.9479,9.9612,11.9153,13.9322,15.055,15.8967
25 May 2017,2415.07,1.9639,7.4891,8.8215,9.7204,11.7036,13.796,14.9672,15.8024
26 May 2017,2415.82,1.9643,7.2212,8.7583,9.6971,11.7439,13.8833,15.1073,15.9488
30 May 2017,2412.91,1.9683,7.9838,9.0611,10.0124,11.9896,14.0823,15.2978,16.1258
31 May 2017,2411.8,1.9712,7.9684,8.9218,9.9091,11.9664,14.0635,15.2602,16.1233
01 June 2017,2430.06,1.9572,7.4703,8.5988,9.635,11.6816,13.9321,15.1675,15.9643
02 June 2017,2439.07,1.9488,7.171,8.5573,9.5879,11.6253,13.8528,15.0966,15.9755
05 June 2017,2436.1,1.9515,7.2827,8.8571,9.8583,11.8152,13.9462,15.1397,15.9519
06 June 2017,2429.33,1.957,7.8921,9.1571,10.1456,12.0084,14.0703,15.2122,16.0492
07 June 2017,2433.14,1.9534,7.914,9.183,10.1618,12.0155,14.0752,15.2371,16.0447
08 June 2017,2433.79,1.9533,7.5668,8.9725,9.9782,11.8613,13.9391,15.1224,15.9748
09 June 2017,2431.77,1.9552,7.5709,8.8947,9.942,11.8979,13.9863,15.1463,16.0378
12 June 2017,2429.39,1.9575,8.181,9.1825,10.1891,12.0208,14.0694,15.2299,16.0586
13 June 2017,2440.35,1.9498,7.5537,8.7077,9.7941,11.7711,13.9695,15.1462,15.9409
14 June 2017,2437.92,1.9523,7.6855,8.7945,9.8637,11.768,13.9482,15.1472,15.992
15 June 2017,2432.46,1.9591,7.9726,9.0267,10.0183,11.9064,14.0234,15.1921,16.0237
16 June 2017,2433.15,1.9586,7.4175,8.6874,9.7938,11.7604,14.049,15.2508,16.0841
19 June 2017,2453.46,1.9448,7.515,8.485,9.5635,11.4429,13.7747,15.0136,15.7988
20 June 2017,2437.03,1.958,8.4001,8.929,9.9108,11.6675,13.9273,15.1258,15.9936
21 June 2017,2435.61,1.9594,8.4711,8.9978,9.9682,11.7151,13.9358,15.0987,15.8292
22 June 2017,2434.5,1.9603,8.1301,8.9256,9.9084,11.6365,13.8272,15.0303,15.7622
23 June 2017,2438.3,1.9572,7.5716,8.6631,9.7362,11.5226,13.7619,15.0049,15.7793
26 June 2017,2439.07,1.9568,7.6042,8.5254,9.616,11.4013,13.6741,14.9266,15.6501
27 June 2017,2419.38,1.9727,8.5742,9.3794,10.3568,11.9176,14.0168,15.1686,15.859
28 June 2017,2440.69,1.9566,7.8052,8.6581,9.7939,11.5136,13.7295,14.8993,15.6192
29 June 2017,2419.7,1.9738,8.8702,9.6664,10.6258,12.0973,14.0934,15.1806,15.7931
30 June 2017,2423.41,1.9714,8.636,9.4084,10.5105,12.0266,14.0785,15.1414,15.7952
03 July 2017,2429.01,1.9684,8.8223,9.5749,10.6379,12.0335,14.032,15.0747,15.7277
05 July 2017,2432.54,2.0035,8.4654,9.3408,10.5226,11.9888,13.992,15.0649,15.7679
06 July 2017,2409.75,2.0237,9.7904,10.3883,11.3045,12.4999,14.2847,15.2042,15.8436
07 July 2017,2425.18,2.0109,8.3058,9.5511,10.6834,12.0932,14.0245,15.004,15.7015
10 July 2017,2427.43,2.009,8.4085,9.4788,10.5564,11.9195,13.9411,14.9887,15.6977
11 July 2017,2425.53,2.0111,8.3931,9.4293,10.4525,11.7787,13.8201,14.8071,15.535
12 July 2017,2443.25,1.9969,7.6122,8.8845,10.0118,11.5065,13.5844,14.6826,15.4489
13 July 2017,2447.83,1.9937,7.186,8.6025,9.7821,11.3994,13.4851,14.5595,15.3182
14 July 2017,2459.27,1.9844,6.8516,8.3548,9.5688,11.1652,13.2979,14.4568,15.2447
17 July 2017,2459.14,1.9851,7.1665,8.4708,9.5889,11.2166,13.3361,14.4969,15.2933
18 July 2017,2460.61,1.984,7.2169,8.4052,9.5133,11.1659,13.3224,14.491,15.2499
19 July 2017,2473.83,1.9739,7.1027,8.2477,9.2488,10.9607,13.1548,14.3296,15.0614
20 July 2017,2473.45,1.9747,6.9728,8.3162,9.2211,10.9541,13.1737,14.374,15.1551
21 July 2017,2472.54,1.9754,6.6736,8.2797,9.1639,10.9135,13.1337,14.3147,15.0724
24 July 2017,2469.91,1.9781,6.8941,8.3994,9.1924,10.9246,13.1032,14.2753,15.0578
25 July 2017,2477.13,1.9723,6.7458,8.2511,9.0712,10.7994,12.9361,14.1368,14.8809
26 July 2017,2477.83,1.9686,6.692,8.2337,9.0509,10.7066,12.785,13.9309,14.7147
27 July 2017,2475.42,1.9715,6.9288,8.4767,9.1966,10.648,12.7239,13.9763,14.735
28 July 2017,2472.1,1.9745,6.9433,8.676,9.4024,10.8339,12.8339,13.9914,14.7981
31 July 2017,2470.3,1.9761,7.2544,8.7128,9.446,10.8929,12.8152,13.8933,14.6935
01 August 2017,2476.35,1.9713,6.8607,8.4313,9.1749,10.589,12.6112,13.7507,14.597
02 August 2017,2477.57,1.9714,6.8932,8.5452,9.3529,10.7457,12.7046,13.7537,14.5085
03 August 2017,2472.16,1.978,7.2477,8.8897,9.6478,11.0044,12.9276,14.0081,14.668
04 August 2017,2476.83,1.9744,6.7478,8.6695,9.6069,11.0532,12.9902,14.0415,14.6649
07 August 2017,2480.91,1.9715,6.8372,8.6565,9.5539,11.003,12.9088,13.8948,14.5896
08 August 2017,2474.92,1.9777,7.7808,9.2964,10.0808,11.416,13.2394,14.2009,14.8584
09 August 2017,2474.02,1.9796,7.8615,9.5515,10.3692,11.6768,13.37,14.1782,14.7378
10 August 2017,2438.21,2.0109,11.5521,12.1697,12.579,13.2775,14.4778,15.0579,15.5009
11 August 2017,2441.32,2.0087,11.0758,11.9648,12.5138,13.3209,14.5343,15.0966,15.5203
14 August 2017,2465.84,1.989,8.6649,9.726,10.6175,11.9325,13.5744,14.3789,14.9555
15 August 2017,2464.61,1.9919,8.5702,9.6376,10.4665,11.7846,13.4204,14.2029,14.7523
16 August 2017,2468.11,1.9915,8.2649,9.4307,10.2799,11.656,13.3242,14.1405,14.7105
17 August 2017,2430.01,2.0229,11.2631,11.8885,12.3721,13.0927,14.2604,14.7973,15.1746
18 August 2017,2425.55,2.0271,10.9531,11.768,12.3461,13.0424,14.2314,14.8365,15.2645
21 August 2017,2428.37,2.0249,10.7675,11.317,11.8954,12.8454,14.1257,14.7622,15.2081
22 August 2017,2452.51,2.0054,9.0687,9.8672,10.6413,11.996,13.5988,14.3862,14.9185
23 August 2017,2444.04,2.0131,9.8769,10.684,11.3085,12.4767,13.9077,14.5908,15.1124
24 August 2017,2438.97,2.0174,9.713,10.8685,11.4589,12.5875,14.0095,14.6755,15.1112
25 August 2017,2443.05,2.0146,8.9371,10.3964,11.0946,12.4374,13.9373,14.6035,15.043
28 August 2017,2444.24,2.0139,9.1309,10.4626,11.0938,12.4436,13.9613,14.635,15.0381
29 August 2017,2446.3,2.0137,9.2579,10.4337,11.0609,12.4345,14.0047,14.6971,15.1548
30 August 2017,2457.59,2.0081,8.7885,10.2776,11.026,12.4294,14.0102,14.7061,15.1747
31 August 2017,2471.65,2.0022,7.9919,9.7003,10.6132,12.2001,13.8942,14.5763,15.0207
01 September 2017,2476.55,2.0001,7.4047,9.4372,10.4016,11.9972,13.7881,14.5678,15.1169
05 September 2017,2457.85,2.0154,9.492,10.8359,11.5037,12.7424,14.2512,14.8699,15.3292
06 September 2017,2465.54,2.0096,8.6376,10.3096,11.2059,12.6162,14.2303,14.8992,15.3447
07 September 2017,2465.1,2.012,8.4306,10.2436,11.188,12.67,14.2576,14.9234,15.3667
08 September 2017,2461.43,2.0154,8.8193,10.6166,11.5641,12.9823,14.5373,15.1528,15.5513
11 September 2017,2488.11,1.9939,7.4359,9.5047,10.7048,12.3534,14.1248,14.8634,15.3195
12 September 2017,2496.48,1.9877,7.1151,9.1698,10.3736,12.1212,14.0174,14.7981,15.31
13 September 2017,2498.37,1.9864,7.1548,8.979,10.1718,11.9082,13.8704,14.7003,15.318
14 September 2017,2495.62,1.9905,7.0205,8.8574,10.0836,11.8777,13.8905,14.7633,15.3164
15 September 2017,2500.23,1.9875,6.652,8.6207,9.8641,11.7412,13.8729,14.7937,15.3705
18 September 2017,2503.87,1.9828,6.7875,8.4413,9.6853,11.538,13.6208,14.6532,15.2741
19 September 2017,2506.65,1.9807,6.9588,8.359,9.6015,11.6019,13.7152,14.6722,15.2792
20 September 2017,2508.24,1.9794,6.9339,8.2911,9.5331,11.5036,13.5897,14.4936,15.2394
21 September 2017,2500.6,1.9857,6.864,8.279,9.5731,11.5765,13.634,14.5367,15.2347
22 September 2017,2502.22,1.9793,6.7316,8.3495,9.7193,11.723,13.8035,14.6887,15.3308
25 September 2017,2496.66,1.9837,7.4028,8.6942,10.0126,11.9043,13.9715,14.8087,15.5488
26 September 2017,2496.84,1.9838,7.4358,8.7012,10.0157,11.8919,13.9469,14.8263,15.5161
27 September 2017,2507.04,1.9757,7.3589,8.6333,9.9005,11.8232,13.8555,14.7434,15.4807
28 September 2017,2510.06,1.975,7.0107,8.4295,9.7238,11.682,13.7548,14.6481,15.4462
29 September 2017,2519.36,1.9679,6.587,8.1558,9.5295,11.5141,13.5396,14.4705,15.333
02 October 2017,2529.12,1.9604,6.7903,8.1248,9.314,11.3053,13.3301,14.343,15.1807
03 October 2017,2534.58,1.9566,6.8205,8.1104,9.2486,11.2182,13.221,14.2777,15.137
04 October 2017,2537.74,1.9549,6.5494,8.0776,9.1995,11.1831,13.1432,14.2197,15.0894
05 October 2017,2552.07,1.9457,6.3725,7.8456,8.9501,10.963,12.8824,13.974,14.8474
06 October 2017,2549.33,1.9486,6.457,8.1073,9.2062,11.2037,13.1023,14.2189,15.0649
09 October 2017,2544.73,1.9522,7.051,8.4333,9.3645,11.3715,13.1336,14.2218,15.0861
10 October 2017,2550.64,1.9482,6.9543,8.2586,9.1176,11.2371,13.1104,14.1833,15.0474
11 October 2017,2555.24,1.9451,6.6784,8.0067,8.9331,11.1618,13.1057,14.2129,15.0626
12 October 2017,2550.93,1.9492,6.809,8.127,8.9961,11.287,13.2296,14.3422,15.1572
13 October 2017,2553.17,1.9515,6.254,7.8254,8.7738,11.1617,13.1783,14.3036,15.1328
16 October 2017,2557.64,1.9485,6.6079,7.8213,8.7029,11.0786,13.0903,14.2569,15.1406
17 October 2017,2559.36,1.9471,6.8292,7.8929,8.7582,11.0789,13.0509,14.2196,15.1162
18 October 2017,2561.26,1.946,6.6623,7.8425,8.6525,11.0623,13.0864,14.2492,15.1187
19 October 2017,2562.1,1.9456,6.6466,7.8697,8.6662,11.0671,13.0919,14.2623,15.1833
20 October 2017,2575.21,1.9306,6.4926,7.6685,8.4666,10.8666,12.9721,14.1795,15.066
23 October 2017,2564.98,1.9386,7.5952,8.3797,9.0475,11.2339,13.2296,14.3869,15.2921
24 October 2017,2569.13,1.9358,7.5087,8.4673,9.0254,11.0681,13.0718,14.2144,15.1412
25 October 2017,2557.15,1.9448,8.1196,8.9311,9.4295,11.3126,13.2501,14.46,15.424
26 October 2017,2560.4,1.9418,7.8978,8.9662,9.3872,11.2454,13.1674,14.3597,15.2836
27 October 2017,2581.07,1.9263,6.6792,8.1452,8.7838,10.8433,12.9079,14.1528,15.0822
30 October 2017,2572.83,1.9335,7.5559,8.5196,9.1902,11.0393,13.0244,14.2357,15.2136
31 October 2017,2575.26,1.9321,7.2083,8.3125,9.0614,10.9198,12.9385,14.2223,15.2045
01 November 2017,2579.36,1.929,7.4715,8.603,9.3309,10.9273,13.0099,14.2691,15.2446
02 November 2017,2579.85,1.9289,7.4257,8.77,9.497,11.0862,13.1287,14.3835,15.3218
03 November 2017,2587.84,1.9253,6.5225,8.3592,9.2703,10.9741,13.0699,14.334,15.2912
06 November 2017,2591.13,1.9231,6.7819,8.4814,9.4352,11.0764,13.1108,14.3536,15.2965
07 November 2017,2590.64,1.9236,7.2392,8.7638,9.6769,11.321,13.2759,14.4527,15.357
08 November 2017,2594.38,1.921,7.1842,8.7915,9.7542,11.4481,13.3986,14.5374,15.3563
09 November 2017,2584.62,1.9306,7.6939,9.222,10.0784,11.7058,13.5624,14.6955,15.5783
10 November 2017,2582.3,1.9344,8.0892,9.6632,10.5776,12.1718,13.9398,14.9564,15.734
13 November 2017,2584.84,1.9323,8.4806,9.7799,10.6467,12.2657,14.0157,15.0284,15.7908
14 November 2017,2578.87,1.9361,8.6222,9.826,10.7641,12.4158,14.1341,15.1298,15.8993
15 November 2017,2564.62,1.9488,9.9901,10.6385,11.3899,12.9276,14.4818,15.3787,15.9982
16 November 2017,2585.64,1.936,8.2937,9.5407,10.5566,12.306,14.017,14.9924,15.7536
17 November 2017,2578.85,1.9416,7.9905,9.4276,10.5243,12.3498,14.0455,14.9566,15.6973
20 November 2017,2582.14,1.9397,7.674,9.0405,10.1738,12.0695,13.846,14.775,15.539
21 November 2017,2599.03,1.9273,7.0076,8.4737,9.5834,11.5838,13.5664,14.5972,15.4303
22 November 2017,2597.08,1.9295,7.1109,8.4336,9.4999,11.5621,13.6073,14.6574,15.4053
24 November 2017,2602.42,1.9257,6.9505,8.4466,9.4214,11.5009,13.5438,14.5913,15.356
27 November 2017,2601.42,1.927,7.1421,8.6363,9.5805,11.5969,13.5687,14.5987,15.3261
28 November 2017,2627.04,1.9085,7.6676,8.5462,9.3729,11.4379,13.4482,14.4795,15.2073
29 November 2017,2626.07,1.9113,8.3127,8.9396,9.6757,11.7731,13.7509,14.7148,15.4014
30 November 2017,2647.58,1.902,8.8841,9.2361,9.7437,11.7333,13.6959,14.6933,15.5082
01 December 2017,2642.22,1.9062,9.004,9.5422,10.0381,11.7915,13.7438,14.7121,15.4429
04 December 2017,2639.44,1.9083,8.9917,9.6558,10.2061,11.8394,13.6714,14.618,15.3925
05 December 2017,2629.57,1.9158,8.7787,9.6116,10.2377,11.9443,13.7247,14.7194,15.4159
06 December 2017,2629.27,1.9163,8.5541,9.4643,10.1759,11.9206,13.6765,14.7103,15.3798
07 December 2017,2636.98,1.9119,7.9052,9.0616,9.8626,11.7125,13.5998,14.6374,15.3831
08 December 2017,2651.5,1.9023,7.0465,8.4877,9.3631,11.4073,13.466,14.5215,15.2646
11 December 2017,2659.99,1.8962,7.0276,8.1704,9.1102,11.1807,13.253,14.4012,15.2264
12 December 2017,2664.11,1.8935,7.6456,8.316,9.2766,11.3226,13.3729,14.5133,15.2025
13 December 2017,2662.85,1.8964,7.3925,8.3407,9.3346,11.3361,13.349,14.5098,15.2534
14 December 2017,2652.01,1.9041,7.4734,8.5369,9.5622,11.4906,13.606,14.6611,15.284
15 December 2017,2675.81,1.8876,6.7306,7.8954,8.9942,11.1314,13.2991,14.5208,15.1458
18 December 2017,2690.16,1.8794,7.2494,8.0598,9.0578,11.1424,13.3284,14.6055,15.3363
19 December 2017,2681.47,1.8855,7.6082,8.4303,9.4248,11.3672,13.4561,14.7097,15.4581
20 December 2017,2679.25,1.8878,7.3612,8.288,9.315,11.2391,13.3576,14.6531,15.4017
21 December 2017,2684.57,1.8841,7.1177,8.3048,9.3712,11.334,13.4731,14.8287,15.6241
22 December 2017,2683.34,1.8843,7.2552,8.4706,9.5655,11.532,13.651,14.9931,15.8572
26 December 2017,2680.5,1.877,7.4252,8.7267,9.8406,11.7445,13.728,15.092,15.9466
27 December 2017,2682.62,1.881,7.6371,8.5712,9.7359,11.6044,13.6842,15.1285,16.0213
28 December 2017,2687.54,1.8777,7.1627,8.3344,9.5789,11.5,13.5534,15.003,15.9882
29 December 2017,2673.61,1.8878,7.7151,8.6865,9.9218,11.7628,13.6427,14.8737,15.9109
02 January 2018,2695.81,1.8728,7.2198,8.1847,9.5226,11.3948,13.3823,14.6828,15.6544
03 January 2018,2713.06,1.862,6.7954,7.9307,9.2322,11.0786,13.1084,14.4602,15.4248
04 January 2018,2723.99,1.8566,7.0008,8.1724,9.3266,11.1734,13.1028,14.3788,15.3311
05 January 2018,2743.15,1.8436,6.9662,8.214,9.2412,11.0534,13.0244,14.3697,15.2976
08 January 2018,2747.71,1.8407,7.3319,8.374,9.3161,11.1553,13.1215,14.4898,15.4185
09 January 2018,2751.29,1.8395,7.8763,8.6138,9.4877,11.1904,13.1832,14.5363,15.421
10 January 2018,2748.23,1.8419,7.629,8.5271,9.4342,11.1949,13.1347,14.5402,15.5257
11 January 2018,2767.56,1.8297,7.5866,8.5222,9.2573,11.0005,13.003,14.3998,15.3581
12 January 2018,2786.24,1.8174,7.9159,8.8026,9.4715,11.0507,12.9316,14.3358,15.3507
16 January 2018,2776.42,1.8242,9.3623,9.8112,10.3216,11.7959,13.4313,14.792,15.6943
17 January 2018,2802.56,1.8072,9.1543,9.7372,10.2649,11.6775,13.3504,14.6664,15.5679
18 January 2018,2798.03,1.8097,9.3517,10.0903,10.5614,11.9217,13.6602,14.8762,15.7913
19 January 2018,2810.3,1.8018,8.4749,9.5209,10.0327,11.6585,13.4544,14.7525,15.7112
22 January 2018,2832.97,1.7876,8.7549,9.6811,10.089,11.7054,13.5427,14.8889,15.8494
23 January 2018,2839.13,1.7841,9.0007,9.873,10.2302,11.8117,13.6983,15.0518,15.9838
24 January 2018,2837.54,1.7851,9.5085,10.3331,10.5809,12.0673,13.8287,15.1648,16.0894
25 January 2018,2839.25,1.784,9.4484,10.4163,10.6634,12.1198,13.8707,15.172,16.0935
26 January 2018,2872.87,1.7633,9.1222,10.3682,10.5974,11.9916,13.7536,15.0498,15.9276
29 January 2018,2853.53,1.7776,11.38,11.8216,11.8372,12.8925,14.3342,15.4478,16.3069
30 January 2018,2822.43,1.7982,12.1023,12.3906,12.4566,13.3874,14.8036,15.782,16.4811
31 January 2018,2823.81,1.7977,11.214,11.7705,11.9087,13.0306,14.5019,15.6454,16.4624
01 February 2018,2821.98,1.8007,11.2463,11.6334,11.7991,12.7854,14.4454,15.5053,16.2857
02 February 2018,2762.13,1.8415,13.7845,13.5845,13.5858,14.1634,15.3909,16.2475,16.8359
05 February 2018,2648.94,1.9202,30.8825,26.5866,23.8836,21.0807,19.9989,19.925,19.8128
06 February 2018,2695.14,1.8882,21.1676,17.291,16.5084,16.4948,16.9817,17.342,17.7821
07 February 2018,2681.66,1.898,18.0385,16.5248,16.5676,16.8365,17.051,17.58,17.8934
08 February 2018,2581,1.9736,25.0653,22.2118,21.4878,20.2089,19.1702,19.2087,19.3801
09 February 2018,2619.55,1.9464,22.3442,20.3025,19.9219,19.166,18.5512,18.6822,18.9244
12 February 2018,2656,1.9199,17.4851,17.0348,17.1936,17.3399,17.5608,17.8916,18.1658
13 February 2018,2662.94,1.9151,17.1081,16.5172,16.81,16.9515,17.3302,17.7595,18.0841
14 February 2018,2698.63,1.892,14.6893,14.5554,15.0426,15.735,16.4661,17.0097,17.4029
15 February 2018,2731.2,1.8711,14.2867,14.1784,14.6501,15.3402,16.2077,16.7803,17.2529
16 February 2018,2732.22,1.8711,13.8736,14.0767,14.5377,15.2551,16.1987,16.8945,17.3554
20 February 2018,2716.26,1.8828,14.9949,14.8718,15.2185,15.6978,16.4748,17.1675,17.6601
21 February 2018,2701.33,1.8938,15.3441,15.1647,15.3816,15.8065,16.4317,17.1425,17.6517
22 February 2018,2703.96,1.893,14.0945,14.134,14.5701,15.1952,16.0167,16.8136,17.3829
23 February 2018,2747.3,1.8589,12.0224,12.5649,13.1614,14.0916,15.0482,15.9352,16.6725
26 February 2018,2779.6,1.8381,11.6974,12.4454,12.8177,13.6987,14.8399,15.8111,16.5049
27 February 2018,2744.28,1.8622,13.7695,14.161,14.2923,14.9744,15.8577,16.6634,17.23
28 February 2018,2713.83,1.8843,14.2852,14.6982,14.8659,15.5177,16.3446,17.0778,17.597
01 March 2018,2677.67,1.9123,15.7928,16.2639,16.4341,16.7289,16.8306,17.3415,17.8015
02 March 2018,2691.25,1.9036,14.5456,15.4232,15.6496,16.1493,16.3569,16.9305,17.4542
05 March 2018,2720.94,1.8832,13.818,14.6601,14.9055,15.5611,15.9683,16.5837,17.1252
06 March 2018,2728.12,1.8787,13.6545,14.5563,14.9711,15.5798,16.4999,17.1037,17.4928
07 March 2018,2726.8,1.8799,13.3472,14.4363,14.8109,15.5563,16.5314,17.1228,17.5339
08 March 2018,2738.97,1.8733,12.3409,13.749,14.2389,15.1552,16.1508,16.8016,17.2275
09 March 2018,2786.57,1.8415,10.8088,12.4742,13.0874,14.2483,15.3207,16.1507,16.6896
12 March 2018,2783.02,1.8439,11.7878,13.0249,13.6397,14.6933,15.6771,16.4866,16.9891
13 March 2018,2765.31,1.8564,12.2152,13.3733,13.9423,14.9119,15.6343,16.3839,16.9425
14 March 2018,2749.48,1.8689,12.5708,13.9113,14.6092,15.4663,16.3203,16.9956,17.3798
15 March 2018,2747.33,1.871,11.5077,13.3308,14.2346,15.3732,16.2656,16.9397,17.3265
16 March 2018,2752.01,1.8682,10.8738,12.8308,13.8366,14.9626,16.0732,16.7284,17.1769
19 March 2018,2712.92,1.8919,13.8893,14.5708,15.299,15.9289,16.7186,17.0888,17.4262
20 March 2018,2716.94,1.8891,13.8096,14.2903,15.037,15.7191,16.5149,16.9059,17.2979
21 March 2018,2711.93,1.8942,13.6835,14.1741,14.878,15.5682,16.4193,16.8696,17.2742
22 March 2018,2643.69,1.9434,17.706,17.1479,17.2306,17.2532,17.5056,17.6899,17.9238
23 March 2018,2588.26,1.9851,19.2979,18.8143,18.6514,18.3243,18.1923,18.2017,18.3407
26 March 2018,2658.55,1.9326,16.894,16.76,16.9471,17.1084,17.5708,17.8258,18.032
27 March 2018,2612.62,1.9668,18.8237,18.3119,18.4462,18.2722,18.3675,18.4146,18.4967
28 March 2018,2605,1.9784,18.8115,18.5812,18.6912,18.5324,18.6972,18.7316,18.7492
29 March 2018,2640.87,1.9531,16.9603,17.0401,17.3686,17.5174,17.9479,18.1014,18.2592
02 April 2018,2581.88,1.9971,20.3137,19.3592,19.3741,19.0642,19.0792,18.9349,18.9124
03 April 2018,2614.45,1.973,18.4298,17.8125,18.0081,17.9695,18.1925,18.0849,18.1462
04 April 2018,2644.69,1.951,17.3354,16.8743,17.1135,17.279,17.6489,17.6434,17.7355
05 April 2018,2662.84,1.9388,16.1121,16.0721,16.3259,16.7142,17.264,17.4483,17.6336
06 April 2018,2604.47,1.9825,18.0856,17.9359,18.0364,17.9726,18.2321,18.1561,18.1702
09 April 2018,2613.16,1.9768,18.6562,18.0555,18.0245,17.9054,18.1057,18.0189,18.0736
10 April 2018,2656.87,1.9447,17.5,17.0775,17.2585,17.4355,17.7763,17.8302,17.9476
11 April 2018,2642.19,1.9557,17.282,17.0539,17.2334,17.5036,17.9209,18.0771,18.1824
12 April 2018,2663.99,1.9422,15.6659,15.8852,16.1143,16.642,17.3976,17.6968,17.9327
13 April 2018,2656.3,1.9483,14.3703,14.9963,15.4017,16.0709,17.0108,17.5043,17.8442
16 April 2018,2677.84,1.9326,13.0173,13.6944,14.2786,15.2823,16.3904,16.9195,17.3636
17 April 2018,2706.39,1.9122,12.1051,12.7488,13.3034,14.4646,15.7393,16.3093,16.8063
18 April 2018,2708.64,1.9106,11.891,12.519,13.0081,14.2257,15.5019,16.1007,16.6273
19 April 2018,2693.13,1.9221,12.5611,13.1199,13.5642,14.6442,15.7675,16.3148,16.7112
20 April 2018,2670.14,1.9386,13.3847,13.9359,14.18,15.1374,16.1991,16.6234,16.9255
23 April 2018,2670.29,1.9385,13.3743,13.8484,14.0699,14.9958,16.0509,16.4797,16.8376
24 April 2018,2634.56,1.9652,15.2691,15.0302,15.0963,15.6971,16.5039,16.9072,17.1905
25 April 2018,2639.4,1.9616,15.3846,15.043,15.0019,15.6247,16.427,16.7349,17.042
26 April 2018,2666.94,1.9413,13.6438,13.9946,14.0623,14.8302,15.8909,16.3204,16.7325
27 April 2018,2669.91,1.9406,12.6056,13.7064,13.9558,14.8921,15.9642,16.367,16.7756
30 April 2018,2648.05,1.9569,13.0927,14.1102,14.3337,15.1879,16.0608,16.4636,16.8422
01 May 2018,2654.8,1.951,12.8089,13.6348,13.94,14.8737,15.8833,16.3178,16.733
02 May 2018,2635.67,1.9655,13.311,14.0304,14.2681,15.1003,16.0299,16.4408,16.8381
03 May 2018,2629.73,1.9702,13.152,13.9432,14.2049,15.0705,15.947,16.3575,16.7428
04 May 2018,2663.42,1.9483,11.9272,13.1523,13.6267,14.5929,15.5645,16.0242,16.4475
07 May 2018,2672.63,1.9416,12.2941,13.1521,13.6729,14.6653,15.6126,16.0299,16.4827
08 May 2018,2671.92,1.9287,12.2725,13.0487,13.5164,14.5377,15.476,15.9359,16.375
09 May 2018,2697.79,1.9111,11.0889,12.1636,12.7907,14.0208,15.153,15.7726,16.283
10 May 2018,2723.07,1.8958,10.3757,11.5059,12.1148,13.526,14.7974,15.5229,16.132
11 May 2018,2727.72,1.8959,9.748,11.0309,11.7237,13.2717,14.6446,15.4431,16.0519
14 May 2018,2730.13,1.8946,10.3065,10.7575,11.3452,12.9697,14.4483,15.2593,15.9393
15 May 2018,2711.45,1.9081,11.4198,11.6397,12.186,13.5269,14.8237,15.5561,16.1998
16 May 2018,2722.46,1.903,10.5586,11.0145,11.7194,13.1661,14.5575,15.3748,16.1057
17 May 2018,2720.13,1.9067,10.4632,11.0066,11.6887,13.1926,14.5551,15.3847,16.1045
18 May 2018,2712.97,1.9123,10.3842,11.2143,11.867,13.3715,14.7343,15.5327,16.2389
21 May 2018,2733.01,1.8988,10.2076,10.7367,11.3796,12.9232,14.3955,15.2743,16.0411
22 May 2018,2724.44,1.9051,10.2127,10.7297,11.502,13.0784,14.604,15.4688,16.2261
23 May 2018,2733.29,1.8995,9.6001,10.3881,11.1733,12.9086,14.4527,15.3501,16.1561
24 May 2018,2727.76,1.9037,9.3816,10.3525,11.1058,12.8687,14.4867,15.4303,16.3054
25 May 2018,2721.33,1.9092,9.6087,10.569,11.3425,13.0593,14.5791,15.5073,16.338
29 May 2018,2689.86,1.9318,12.7819,12.7268,13.2352,14.3352,15.4385,16.1466,16.8471
30 May 2018,2724.01,1.9087,10.8009,11.4542,12.2312,13.6727,14.9543,15.7338,16.4768
31 May 2018,2705.27,1.9244,11.2372,11.8351,12.6738,14.0328,15.2349,15.9138,16.5997
01 June 2018,2734.62,1.9045,9.8844,10.8822,11.7464,13.2829,14.6691,15.4908,16.2197
04 June 2018,2746.87,1.8965,9.3946,10.6659,11.4602,13.0273,14.4915,15.3272,16.086
05 June 2018,2748.8,1.8961,9.4354,10.6631,11.3709,12.9976,14.4867,15.2909,16.0567
06 June 2018,2772.35,1.8802,8.5795,9.9252,10.8113,12.5939,14.1703,15.0455,15.8694
07 June 2018,2770.37,1.8811,8.7342,10.0535,10.9832,12.7666,14.3608,15.2423,16.1205
08 June 2018,2779.03,1.8755,8.6725,10.0912,10.972,12.7448,14.3058,15.2295,16.0711
11 June 2018,2782,1.8736,8.9611,10.1826,11.0727,12.8128,14.3145,15.22,16.0608
12 June 2018,2786.85,1.8711,8.8946,10.084,11.0682,12.8609,14.3232,15.2321,16.0673
13 June 2018,2775.63,1.8791,9.6195,10.4611,11.4006,13.1455,14.557,15.4714,16.2828
14 June 2018,2782.49,1.8768,8.788,9.9684,10.9749,12.826,14.39,15.3212,16.1802
15 June 2018,2779.66,1.8753,8.5646,9.9494,11.0175,12.9875,14.6515,15.5383,16.4187
18 June 2018,2773.75,1.8799,9.1159,10.0243,11.0892,13.0198,14.708,15.6393,16.5466
19 June 2018,2762.59,1.8888,9.8754,10.6695,11.6474,13.4635,15.0701,15.9457,16.9039
20 June 2018,2767.32,1.8915,9.6381,10.3541,11.3791,13.2321,14.87,15.8314,16.5582
21 June 2018,2749.76,1.9043,10.8417,11.3344,12.1779,13.7736,15.1992,16.0214,16.7392
22 June 2018,2754.88,1.901,10.3901,10.9777,11.9381,13.6088,15.1353,15.9182,16.6037
25 June 2018,2717.07,1.9272,13.2027,13.3086,13.8714,14.8863,15.9523,16.5573,17.0111
26 June 2018,2723.06,1.923,12.2392,12.6954,13.4297,14.4036,15.5917,16.2554,16.8236
27 June 2018,2699.63,1.9397,14.2353,13.9496,14.5143,15.1673,16.0851,16.5951,17.0784
28 June 2018,2716.31,1.9289,13.088,13.3068,14.0052,14.8902,15.8808,16.418,16.8664
29 June 2018,2718.37,1.928,12.3426,12.7706,13.607,14.683,15.7846,16.3329,16.8361
02 July 2018,2726.71,1.9212,11.885,12.545,13.3742,14.4774,15.7355,16.3737,16.8685
03 July 2018,2713.22,1.9308,12.6967,13.114,13.8458,14.8035,15.8894,16.4619,16.929
05 July 2018,2736.61,1.8853,11.2386,12.079,12.9995,14.1951,15.4276,16.0456,16.5883
06 July 2018,2759.82,1.87,9.8489,11.1556,12.2226,13.6857,15.0975,15.8546,16.4273
09 July 2018,2784.17,1.8541,9.4079,10.4195,11.5289,13.1312,14.5889,15.4593,16.1076
10 July 2018,2793.84,1.8479,9.2886,10.1647,11.2895,12.9013,14.4616,15.3837,16.1388
11 July 2018,2774.02,1.8611,10.1172,10.9301,11.909,13.3364,14.6658,15.5334,16.2403
12 July 2018,2798.29,1.8474,9.1892,10.2554,11.3463,12.9467,14.4378,15.3972,16.087
13 July 2018,2801.31,1.8454,8.6826,9.9223,11.0845,12.7408,14.3169,15.3021,16.0105
16 July 2018,2798.43,1.8478,9.2967,10.231,11.3264,12.9236,14.4116,15.3984,16.1308
17 July 2018,2809.55,1.8405,8.7156,9.6181,10.8432,12.5906,14.2331,15.3123,16.0648
18 July 2018,2815.62,1.8366,8.4677,9.4865,10.6848,12.547,14.2022,15.2801,16.0555
19 July 2018,2804.49,1.8443,9.0348,10.0264,11.1563,12.8908,14.4916,15.5062,16.2309
20 July 2018,2801.83,1.8457,8.8678,10.0792,11.2061,12.9189,14.5619,15.5621,16.2742
23 July 2018,2806.98,1.8423,8.9097,10.0511,11.0922,12.7778,14.365,15.3789,16.1026
24 July 2018,2820.4,1.8339,8.9268,9.8897,10.8607,12.5724,14.2265,15.2667,15.9971
25 July 2018,2846.07,1.8174,8.7164,9.7318,10.6701,12.3805,13.9967,15.0653,15.8319
26 July 2018,2837.44,1.823,8.622,9.791,10.6848,12.3993,14.0632,15.1371,15.8927
27 July 2018,2818.82,1.835,9.0158,10.1623,11.0172,12.6497,14.1916,15.1724,15.8864
30 July 2018,2802.6,1.8473,10.317,10.9303,11.7002,13.1168,14.5353,15.4685,16.173
31 July 2018,2816.29,1.8387,9.1523,9.9787,10.9467,12.6032,14.224,15.2783,16.0837
01 August 2018,2813.36,1.8395,9.3441,10.2937,11.1786,12.815,14.4279,15.425,16.1294
02 August 2018,2827.22,1.8311,8.6448,9.9135,10.8593,12.59,14.2777,15.2945,15.9917
03 August 2018,2840.35,1.8248,7.8479,9.4624,10.5286,12.3443,14.078,15.1734,15.945
06 August 2018,2850.4,1.8191,7.9531,9.3866,10.4335,12.1878,13.9454,15.0454,15.8002
07 August 2018,2858.45,1.814,7.9277,9.1917,10.2339,12.0055,13.8111,14.9302,15.7138
08 August 2018,2857.7,1.8151,7.8159,9.2201,10.2986,12.0588,13.8919,14.9891,15.7667
09 August 2018,2853.58,1.8203,8.0042,9.4027,10.5875,12.1995,13.9401,15.0134,15.7672
10 August 2018,2833.28,1.8363,8.9749,10.1859,11.3182,12.7369,14.3114,15.2749,15.9961
13 August 2018,2821.93,1.8449,10.265,11.0413,12.0966,13.3397,14.7938,15.6259,16.2317
14 August 2018,2839.96,1.8337,9.2902,10.186,11.3395,12.7868,14.3603,15.3087,15.9983
15 August 2018,2818.37,1.8494,10.4111,11.0669,12.1443,13.2403,14.6498,15.5281,16.1728
16 August 2018,2840.69,1.8368,9.2729,10.4341,11.5694,12.8912,14.4106,15.3324,16.0138
17 August 2018,2850.13,1.8313,8.6756,10.0578,11.2712,12.6842,14.2411,15.1741,15.8706
20 August 2018,2857.05,1.8276,8.7988,10.0338,11.1673,12.5883,14.1789,15.0842,15.7785
21 August 2018,2862.96,1.8243,9.0438,10.1114,11.1827,12.6266,14.2121,15.0664,15.7316
22 August 2018,2861.82,1.8259,8.7938,10.1162,11.2512,12.6711,14.2285,15.086,15.7436
23 August 2018,2856.98,1.8297,8.8416,10.2124,11.3357,12.7377,14.3045,15.1395,15.7976
24 August 2018,2874.69,1.8186,8.4047,9.9621,11.0958,12.532,14.1151,14.9906,15.6408
27 August 2018,2896.74,1.8059,8.628,9.8083,10.9268,12.338,13.9886,14.8881,15.5698
28 August 2018,2897.52,1.8032,8.8668,9.9508,11.1056,12.5377,14.1546,15.0436,15.6873
29 August 2018,2914.04,1.794,8.6759,9.8154,11.1029,12.529,14.1589,15.0058,15.6393
30 August 2018,2901.13,1.803,9.4827,10.483,11.7396,13.0249,14.5143,15.2309,15.8061
31 August 2018,2901.52,1.8041,8.6655,9.9135,11.2395,12.8094,14.36,15.1074,15.6847
04 September 2018,2896.72,1.8076,9.3276,10.5669,11.5729,12.9661,14.479,15.194,15.7262
05 September 2018,2888.6,1.8082,10.0262,11.1292,12.0777,13.3348,14.7582,15.3549,15.8364
06 September 2018,2878.05,1.8186,10.4527,11.6116,12.4057,13.6215,14.9666,15.5234,15.9858
07 September 2018,2871.68,1.8229,10.3401,11.7691,12.5527,13.743,15.0477,15.6162,16.0627
10 September 2018,2877.13,1.8191,9.867,11.4912,12.2948,13.6119,14.9975,15.5911,16.0707
11 September 2018,2887.89,1.8135,9.2628,10.8747,11.7902,13.1951,14.7393,15.3799,15.8785
12 September 2018,2888.92,1.8132,9.0257,10.5339,11.528,12.9833,14.5377,15.2307,15.7693
13 September 2018,2904.18,1.8068,8.337,10.062,11.0772,12.542,14.2091,15.0638,15.709
14 September 2018,2904.98,1.8027,8.1085,9.7756,10.8343,12.3428,14.0878,15.0038,15.6772
17 September 2018,2888.8,1.8121,9.5013,10.4763,11.4376,12.7096,14.2949,15.1712,15.8168
18 September 2018,2904.31,1.8036,8.968,10.2387,11.2652,12.5455,14.1957,15.133,15.8456
19 September 2018,2907.95,1.8014,8.397,9.8372,10.92,12.3556,14.0319,15.0195,15.7846
20 September 2018,2930.75,1.7877,8.3093,9.6259,10.7411,12.1743,13.8818,14.915,15.7191
21 September 2018,2929.67,1.7884,8.3631,9.8108,10.9008,12.3605,14.033,14.9977,15.7863
24 September 2018,2919.37,1.7933,8.8079,10.0497,11.0551,12.5796,14.2017,15.1435,15.9018
25 September 2018,2915.56,1.7961,9.0967,10.3097,11.2361,12.6886,14.2877,15.2058,15.948
26 September 2018,2905.97,1.8021,9.4627,10.5913,11.4321,12.8381,14.3501,15.2808,15.976
27 September 2018,2914,1.7995,8.814,10.228,11.0285,12.636,14.2662,15.1851,15.9214
28 September 2018,2913.98,1.7998,8.7312,10.1045,11.0829,12.6315,14.2706,15.2426,15.9617
01 October 2018,2924.59,1.7935,8.7411,10.204,11.0971,12.645,14.222,15.2054,15.9376
02 October 2018,2923.43,1.7949,8.9408,10.3944,11.2423,12.7206,14.246,15.2417,15.9841
03 October 2018,2925.51,1.7936,8.7487,10.3802,11.1589,12.6534,14.2417,15.2686,15.9967
04 October 2018,2901.61,1.8129,10.4709,11.5678,12.1022,13.3068,14.634,15.5519,16.2478
05 October 2018,2885.57,1.8231,11.2527,12.1612,12.6105,13.7422,15.0558,15.8466,16.5003
08 October 2018,2884.43,1.8238,12.4734,12.4406,12.8363,13.9114,15.1183,15.9166,16.5846
09 October 2018,2880.34,1.8272,12.8163,12.6424,13.0046,14.0094,15.2171,15.9714,16.5967
10 October 2018,2785.68,1.8894,18.5745,16.8515,16.5394,16.5021,16.8971,17.2092,17.5974
11 October 2018,2728.37,1.9286,20.6225,18.1328,17.6016,17.4755,17.3614,17.2788,17.5928
12 October 2018,2767.13,1.9043,17.399,16.1471,16.061,16.2396,16.5343,16.7963,17.155
15 October 2018,2750.79,1.9157,17.5361,16.5037,16.5242,16.532,16.8263,16.9528,17.23
16 October 2018,2809.92,1.8759,14.0565,14.0459,14.3724,15.0653,15.8135,16.2374,16.6476
17 October 2018,2809.21,1.8767,13.9191,14.1069,14.5791,15.1847,15.9171,16.3648,16.8007
18 October 2018,2768.78,1.9044,16.3211,16.0204,16.255,16.2308,16.681,17.0099,17.3219
19 October 2018,2767.78,1.9053,16.2625,16.3035,16.3289,16.5781,16.9266,17.1114,17.373
22 October 2018,2755.88,1.9135,16.2586,16.1976,16.274,16.5451,16.8652,17.1025,17.3658
23 October 2018,2740.69,1.9244,16.9661,16.6006,16.6703,16.8609,17.0881,17.2474,17.5102
24 October 2018,2656.1,1.9857,20.8439,19.2823,18.8178,18.522,18.2305,18.1603,18.3009
25 October 2018,2705.57,1.9494,19.6421,18.7173,18.2836,18.1118,17.8607,17.6209,17.7479
26 October 2018,2658.69,1.9839,20.2923,19.1375,18.7211,18.4111,17.9525,17.9334,18.1587
29 October 2018,2641.25,1.9973,20.8354,19.7238,19.2389,18.7556,18.2775,18.1194,18.209
30 October 2018,2682.63,1.9687,20.0904,19.1024,18.7135,18.3813,18.1146,18.0289,18.1123
31 October 2018,2711.74,1.9479,18.3452,17.9696,17.9113,17.7822,17.7237,17.7145,17.8306
01 November 2018,2740.37,1.9279,16.3911,16.7407,16.9942,17.1705,17.286,17.4285,17.6262
02 November 2018,2723.06,1.942,16.7642,17.3272,17.4474,17.4868,17.5825,17.6705,17.7842
05 November 2018,2738.31,1.9315,16.9565,17.2185,17.3248,17.2279,17.3215,17.4463,17.6409
06 November 2018,2755.45,1.9179,16.631,16.5896,16.7025,16.7155,16.8924,17.0823,17.3419
07 November 2018,2813.89,1.8781,13.6183,14.3475,14.7536,15.1945,15.9228,16.4291,16.8753
08 November 2018,2806.83,1.8883,13.6882,14.3829,14.635,15.0466,15.8339,16.3415,16.7507
09 November 2018,2781.01,1.9068,14.4426,15.1641,15.3895,15.7376,16.3411,16.7513,17.0868
12 November 2018,2726.22,1.9451,17.3319,17.1333,17.0238,16.9842,17.1745,17.3358,17.5266
13 November 2018,2722.18,1.9485,17.1734,17.0428,17.1035,17.1353,17.3098,17.4629,17.6784
14 November 2018,2701.58,1.9658,18.6042,18.1508,18.1038,17.949,17.8267,17.8041,17.9248
15 November 2018,2730.2,1.9475,17.2519,17.2981,17.405,17.4641,17.6339,17.7382,17.871
16 November 2018,2736.27,1.9438,15.6655,16.0277,16.4637,16.8633,17.1402,17.3082,17.5226
19 November 2018,2690.73,1.976,18.0906,17.8621,17.9897,17.8827,17.8396,17.9137,17.9932
20 November 2018,2641.89,2.0133,20.0412,19.4435,19.4905,19.2138,18.7959,18.577,18.5587
21 November 2018,2649.93,2.0084,18.5532,18.1793,18.5394,18.6159,18.5263,18.4805,18.5363
23 November 2018,2632.56,2.0221,18.8505,18.5859,18.8295,18.7828,18.6761,18.5973,18.6009
26 November 2018,2673.45,1.9922,16.4484,16.9285,17.393,17.6626,17.8292,17.9989,18.1655
27 November 2018,2682.17,1.9858,16.9131,17.0029,17.398,17.7607,18.0116,18.1336,18.2902
28 November 2018,2743.79,1.9421,16.4144,16.3456,16.6463,17.0718,17.5743,17.8171,18.0577
29 November 2018,2737.76,1.9485,16.5465,16.7199,16.939,17.2335,17.6375,17.8427,18.0986
30 November 2018,2760.17,1.9335,15.9416,16.0005,16.2152,16.7509,17.2242,17.4946,17.8204
03 December 2018,2790.37,1.9166,14.0183,14.6861,15.0348,15.8597,16.5987,16.9813,17.4288
04 December 2018,2700.06,1.9815,18.1654,17.9853,17.9355,17.8952,17.9767,18.0905,18.3141
06 December 2018,2695.95,1.9883,18.3074,18.5175,18.3922,18.1814,18.1823,18.2354,18.4614
07 December 2018,2633.08,2.0363,20.3897,20.424,20,19.386,19.0351,18.9543,18.9944
10 December 2018,2637.72,2.0329,19.9096,19.8741,19.6059,19.1872,18.8903,18.8513,18.9338
11 December 2018,2636.78,2.0345,19.4529,19.4399,19.2963,19.1215,19.0248,18.9537,19.0692
12 December 2018,2651.07,2.0237,18.6337,19.1181,18.9854,19.1371,19.0386,18.9942,19.0687
13 December 2018,2650.54,2.0272,17.8511,18.8169,18.882,18.9953,18.8704,18.8204,18.8304
14 December 2018,2599.95,2.0679,18.844,19.8576,19.9198,19.8216,19.5525,19.389,19.4203
17 December 2018,2545.94,2.1123,21.7888,21.3124,21.1727,20.7241,20.2305,20.0733,20.0096
18 December 2018,2546.16,2.1139,22.1675,21.3806,21.3104,20.7607,20.1032,19.7352,19.7149
19 December 2018,2506.96,2.1431,21.858,21.3077,21.3774,21.0267,20.3995,20.0568,19.9474
20 December 2018,2467.42,2.1775,23.9276,22.7985,22.7241,21.5078,20.4216,20.0169,19.9731
21 December 2018,2416.62,2.2232,25.9255,24.0955,23.6205,22.3405,21.0402,20.5665,20.3284
24 December 2018,2351.1,2.2894,30.4934,27.129,26.0867,23.75,21.9874,20.9989,20.6751
26 December 2018,2467.7,2.1815,27.7322,23.9508,23.163,21.572,19.3985,19.5441,19.2045
27 December 2018,2488.83,2.1605,28.4771,24.3057,23.5788,21.9236,20.261,19.8618,19.5063
28 December 2018,2485.74,2.1654,27.7508,23.5549,23.0225,21.7308,21.5579,19.9033,19.7212
31 December 2018,2506.85,2.1485,22.3888,21.485,21.1925,20.3963,19.3862,19.0356,18.8424
02 January 2019,2510.03,2.1456,20.4143,20.2727,20.4132,19.965,19.2488,18.9797,18.8294
03 January 2019,2447.89,2.2053,22.9257,22.3213,22.1584,21.3298,20.0582,19.6597,19.407
04 January 2019,2531.94,2.1321,18.8575,19.6022,19.9468,19.72,19.0484,18.8875,18.8416
07 January 2019,2549.69,2.1173,19.1001,19.5334,19.7453,19.5358,18.9427,18.8195,18.7724
08 January 2019,2574.41,2.0973,17.9953,18.5331,18.978,19.0135,18.6326,18.6714,18.6956
09 January 2019,2584.96,2.0896,17.3782,18.0467,18.5609,18.6909,18.4197,18.4436,18.4578
10 January 2019,2596.64,2.0802,16.7623,17.6414,18.17,18.4768,18.3063,18.3563,18.4343
11 January 2019,2596.26,2.0805,15.4957,16.747,17.4842,17.9979,17.9336,18.1004,18.1996
14 January 2019,2582.61,2.0948,16.3223,16.9486,17.5987,17.9898,17.8935,18.0464,18.123
15 January 2019,2610.3,2.0725,15.1579,15.8357,16.4968,17.0481,17.2461,17.6124,17.8322
16 January 2019,2616.1,2.0685,14.9986,16.0031,16.5349,17.0159,17.1695,17.616,17.856
17 January 2019,2635.96,2.0534,14.2792,15.6433,16.2818,16.8837,17.1367,17.5902,17.8864
18 January 2019,2670.71,2.0264,13.9795,15.3504,15.8971,16.4379,16.774,17.2795,17.6234
22 January 2019,2632.9,2.0559,16.9977,17.5109,17.5662,17.6238,17.552,17.8418,18.0384
23 January 2019,2638.7,2.0514,16.2525,17.0649,17.2058,17.2979,17.271,17.5852,17.7779
24 January 2019,2642.33,2.0485,15.0563,16.2745,16.5764,16.9058,17.0878,17.3947,17.6418
25 January 2019,2664.76,2.0316,14.2643,15.7514,16.063,16.5412,17.0001,17.3755,17.6623
28 January 2019,2643.85,2.0477,15.9297,16.7339,16.8303,17.0349,17.3195,17.6294,17.914
29 January 2019,2640,2.0486,16.2337,16.8157,16.8268,17.0381,17.3114,17.6437,17.9211
30 January 2019,2681.05,2.0191,14.6949,15.57,15.8199,16.3458,16.8004,17.2368,17.5501
31 January 2019,2704.1,2.004,13.5336,14.5637,14.9331,15.7495,16.3518,16.8945,17.277
01 February 2019,2706.53,2.0075,13.3461,14.2721,14.6946,15.5602,16.3166,16.9148,17.2686
04 February 2019,2724.87,1.9941,12.4231,13.7005,14.2403,15.1955,15.9459,16.5989,17.0174
05 February 2019,2737.7,1.9847,12.5575,13.6594,14.0893,15.0062,15.7576,16.4778,17.0038
06 February 2019,2731.61,1.9899,12.4405,13.5465,14.0342,14.9679,15.7582,16.5281,17.0428
07 February 2019,2706.05,2.01,13.5096,14.3949,14.7398,15.4679,16.1002,16.7888,17.2793
08 February 2019,2707.88,2.0118,13.0819,14.1097,14.5413,15.3846,16.0033,16.7367,17.2535
11 February 2019,2709.8,2.0109,13.0955,14.2552,14.6095,15.401,15.9975,16.7255,17.2354
12 February 2019,2744.73,1.9857,12.4867,13.6021,14.0841,14.9713,15.6431,16.4715,17.0556
13 February 2019,2753.03,1.9807,12.7337,13.6939,14.1147,15.049,15.714,16.5188,17.097
14 February 2019,2745.73,1.9887,13.2482,14.0875,14.4517,15.3579,15.9172,16.6031,17.1483
15 February 2019,2775.6,1.9681,12.0191,13.1115,13.6846,14.7722,15.5628,16.4103,17.023
19 February 2019,2779.76,1.9657,12.001,13.0337,13.5584,14.6119,15.382,16.218,16.8652
20 February 2019,2784.7,1.9641,11.4834,12.3686,12.996,14.1463,15.0472,15.938,16.6309
21 February 2019,2774.88,1.9725,12.0599,12.5992,13.1986,14.3456,15.168,16.0075,16.7165
22 February 2019,2792.67,1.9603,11.3191,11.9827,12.6367,13.9494,14.9018,15.7988,16.4421
25 February 2019,2796.11,1.9589,11.6229,12.3513,12.9248,14.1247,14.9806,15.862,16.5198
26 February 2019,2793.9,1.9605,11.9838,12.5395,13.1543,14.3074,15.1021,15.9684,16.595
27 February 2019,2792.38,1.9627,11.6601,12.2687,12.9544,14.1751,15.0216,15.9093,16.5619
28 February 2019,2784.49,1.9726,11.7747,12.2754,12.9827,14.2486,15.0557,15.9355,16.5842
01 March 2019,2803.69,1.9595,10.4651,11.4834,12.3241,13.7981,14.7148,15.6686,16.3461
04 March 2019,2792.81,1.9676,11.8349,12.3552,12.9494,14.2477,15.0215,15.8844,16.5081
05 March 2019,2789.65,1.9701,11.884,12.3986,13.0142,14.2684,15.018,15.8888,16.5036
06 March 2019,2771.45,1.9834,12.9303,13.1451,13.686,14.7762,15.4303,16.2191,16.8084
07 March 2019,2748.93,2.0009,14.0838,14.0009,14.4187,15.3089,15.9694,16.6059,17.115
08 March 2019,2743.07,2.0019,13.3106,13.8926,14.3829,15.332,15.9382,16.5917,17.1034
11 March 2019,2783.3,1.9718,11.8332,12.5239,13.1859,14.4338,15.3787,16.1893,16.7741
12 March 2019,2791.52,1.9665,11.3465,12.0506,12.8175,14.1524,15.1992,16.0558,16.6801
13 March 2019,2810.92,1.9545,10.9318,11.6473,12.4139,13.8384,14.9702,15.9474,16.6209
14 March 2019,2808.48,1.959,11.075,11.7299,12.4693,13.8816,15.0039,15.9602,16.6086
15 March 2019,2822.48,1.9496,10.2752,11.3725,12.1737,13.5807,14.7543,15.7125,16.4275
18 March 2019,2832.94,1.9416,11.0261,11.7291,12.4174,13.7011,14.8012,15.7083,16.385
19 March 2019,2832.57,1.9417,11.5978,12.0831,12.6993,13.8949,14.8939,15.7246,16.3416
20 March 2019,2824.23,1.9514,11.8824,12.3778,13.0125,14.0992,15.045,15.8701,16.4761
21 March 2019,2854.88,1.9308,11.6874,12.1566,12.7003,13.7955,14.7665,15.6808,16.3631
22 March 2019,2800.71,1.9692,14.2646,14.4389,14.6589,15.1692,15.742,16.3855,16.8898
25 March 2019,2798.36,1.9713,14.4806,14.6039,14.8342,15.2179,15.6882,16.3501,16.8335
26 March 2019,2818.46,1.9573,13.1458,13.5426,13.9567,14.6748,15.3048,16.0667,16.6769
27 March 2019,2805.37,1.9665,13.5509,13.9601,14.3405,14.9745,15.6348,16.3529,16.9236
28 March 2019,2815.44,1.9578,12.6823,13.319,13.8433,14.675,15.4357,16.233,16.8628
29 March 2019,2834.4,1.9442,11.6604,12.7262,13.3647,14.3186,15.109,15.9618,16.647
01 April 2019,2867.19,1.9218,11.0029,12.0365,12.7345,13.8138,14.7201,15.6898,16.4273
02 April 2019,2867.24,1.9222,10.9517,11.9829,12.7413,13.822,14.7537,15.7396,16.5183
03 April 2019,2873.4,1.9184,11.4558,12.1209,12.7837,13.7519,14.7085,15.6993,16.4621
04 April 2019,2879.39,1.9134,11.1607,11.8882,12.6121,13.7164,14.6945,15.6948,16.448
05 April 2019,2892.74,1.9046,10.1825,11.2816,12.1124,13.3527,14.4592,15.4998,16.3181
08 April 2019,2895.77,1.903,10.4103,11.3832,12.1951,13.369,14.4465,15.4718,16.2746
09 April 2019,2878.2,1.9155,11.5001,12.1467,12.8748,13.8539,14.7971,15.7508,16.4917
10 April 2019,2888.21,1.91,10.7368,11.5632,12.3788,13.5394,14.5801,15.5595,16.3197
11 April 2019,2888.32,1.91,10.5399,11.4306,12.3164,13.5446,14.6189,15.632,16.3848
12 April 2019,2907.41,1.8985,9.6472,10.7657,11.7097,13.1611,14.389,15.4983,16.3052
15 April 2019,2905.58,1.9001,9.817,10.7948,11.7045,13.1977,14.4725,15.5787,16.3453
16 April 2019,2907.06,1.9011,9.843,10.6974,11.6252,13.1254,14.4622,15.5622,16.3375
17 April 2019,2900.45,1.9058,10.0787,10.9877,11.8659,13.3093,14.5923,15.6171,16.4057
18 April 2019,2905.03,1.9039,9.7602,10.7397,11.7159,13.23,14.518,15.5733,16.367
22 April 2019,2907.97,1.902,9.8859,10.847,11.7068,13.2299,14.528,15.5573,16.3355
23 April 2019,2933.68,1.8856,9.711,10.5801,11.397,12.9524,14.2894,15.3814,16.181
24 April 2019,2927.25,1.8898,10.4131,11.0038,11.7171,13.1999,14.47,15.5107,16.275
25 April 2019,2926.17,1.8905,10.3354,11.1639,11.9321,13.3422,14.5959,15.5951,16.3432
26 April 2019,2939.88,1.882,9.7098,10.8466,11.6311,13.0715,14.4025,15.4553,16.2253
29 April 2019,2943.03,1.8807,9.9756,11.1715,11.8756,13.2414,14.5376,15.5668,16.329
30 April 2019,2945.83,1.8792,10.0077,11.1725,11.8664,13.2724,14.596,15.6314,16.3933
01 May 2019,2923.73,1.8935,11.6807,12.2561,12.8179,14.0071,15.0234,15.907,16.6171
02 May 2019,2917.52,1.8955,11.5706,12.1561,12.7589,13.9552,14.9549,15.8305,16.5069
03 May 2019,2945.64,1.8794,10.0301,11.1602,11.9532,13.3861,14.6047,15.6237,16.3549
06 May 2019,2932.47,1.8883,12.3513,12.6321,13.101,14.0516,15.017,15.9033,16.5595
07 May 2019,2884.05,1.92,16.7446,15.8199,15.61,15.5856,15.987,16.7277,17.2862
08 May 2019,2879.42,1.9234,16.6319,15.5332,15.3052,15.4545,15.8222,16.5252,17.1026
09 May 2019,2870.72,1.9322,16.8473,15.7734,15.4781,15.5212,15.8392,16.5035,17.0726
10 May 2019,2881.4,1.9271,13.6875,13.9144,14.0996,14.6216,15.3145,16.0697,16.6945
13 May 2019,2811.87,1.9747,18.1544,17.2172,16.8355,16.4586,16.5067,16.8926,17.3189
14 May 2019,2834.41,1.96,16.0701,15.7546,15.5878,15.6119,15.949,16.4729,16.9607
15 May 2019,2850.96,1.9505,14.6074,14.7339,14.8505,15.0986,15.606,16.1999,16.7271
16 May 2019,2876.32,1.9354,13.2486,13.767,13.9959,14.5224,15.2185,15.8929,16.4534
17 May 2019,2859.53,1.9479,13.6791,14.1966,14.3988,14.7992,15.4477,16.0369,16.557
20 May 2019,2840.23,1.9612,14.8294,14.8725,14.874,15.1485,15.6762,16.2035,16.6974
21 May 2019,2864.36,1.9449,13.281,13.7575,13.9402,14.4705,15.2009,15.8474,16.3921
22 May 2019,2856.27,1.9505,13.275,13.7329,13.9624,14.5017,15.2375,15.8697,16.388
23 May 2019,2822.24,1.9748,15.3814,15.3045,15.3112,15.4829,15.8683,16.2962,16.7227
24 May 2019,2826.06,1.9733,14.1775,14.7856,14.9776,15.3207,15.8096,16.2977,16.7339
28 May 2019,2802.39,1.9901,16.2024,15.8228,15.7195,15.933,16.2249,16.5765,16.9395
29 May 2019,2783.02,2.0042,16.7553,16.277,16.2641,16.3471,16.5583,16.831,17.1515
30 May 2019,2788.86,2.0029,16.1972,15.8653,15.9285,16.1494,16.3926,16.6829,17.016
31 May 2019,2752.06,2.0303,17.7821,16.9237,16.9089,16.9537,16.9091,17.0854,17.326
03 June 2019,2744.45,2.036,17.7555,16.8457,16.7541,16.7443,16.794,16.9468,17.2417
04 June 2019,2803.27,1.9932,15.8529,15.4626,15.5357,15.7666,16.0688,16.419,16.7467
05 June 2019,2826.15,1.9791,14.7876,14.8114,15.0584,15.396,15.802,16.1784,16.5758
06 June 2019,2843.49,1.9697,14.164,14.3504,14.66,15.1065,15.5999,16.0472,16.5018
07 June 2019,2873.34,1.9499,14.0554,14.3711,14.5836,15.0544,15.5138,15.9976,16.4594
10 June 2019,2886.73,1.941,13.8976,14.1525,14.3916,14.8893,15.4505,15.9839,16.4752
11 June 2019,2885.72,1.9414,14.2268,14.4047,14.5968,15.0734,15.6465,16.1855,16.6535
12 June 2019,2879.84,1.9445,14.2636,14.4349,14.6502,15.0835,15.6089,16.1345,16.617
13 June 2019,2891.64,1.9393,14.0788,14.2883,14.4733,14.906,15.418,15.9887,16.4593
14 June 2019,2886.98,1.9442,13.5861,14.1551,14.399,14.8779,15.408,15.9722,16.407
17 June 2019,2889.67,1.9427,13.5992,14.0788,14.3655,14.8532,15.4052,15.9377,16.3871
18 June 2019,2917.75,1.9243,13.3927,13.8024,14.1258,14.605,15.2061,15.8215,16.37
19 June 2019,2926.46,1.9186,12.3364,13.2027,13.6018,14.3158,14.9773,15.6624,16.1677
20 June 2019,2954.18,1.9006,12.4178,13.1943,13.5764,14.1274,14.8349,15.5257,16.0758
21 June 2019,2950.46,1.9045,12.9007,13.7853,14.126,14.4993,15.196,15.7796,16.3041
24 June 2019,2945.35,1.9078,13.0455,13.7108,13.9135,14.3828,15.1188,15.7686,16.2731
25 June 2019,2917.38,1.9261,14.2043,14.5414,14.6596,14.9328,15.5088,16.0359,16.4773
26 June 2019,2913.78,1.9285,14.0758,14.3789,14.5413,14.8864,15.5112,16.066,16.5007
27 June 2019,2924.92,1.9229,13.4424,13.9827,14.2085,14.6345,15.2989,15.9515,16.4152
28 June 2019,2941.76,1.9082,12.6588,13.3367,13.599,14.2414,15.0352,15.8282,16.3233
01 July 2019,2964.33,1.8931,11.9499,12.4773,12.8135,13.549,14.6096,15.4721,16.0712
02 July 2019,2973.01,1.888,10.8743,11.5262,11.9625,13.0006,14.2416,15.1791,15.8326
03 July 2019,2995.82,1.8775,10.4181,11.1442,11.741,12.8141,14.0284,15.0677,15.7626
05 July 2019,2990.41,1.8815,10.6338,11.4735,12.067,13.0302,14.1696,15.1025,15.7732
08 July 2019,2975.95,1.891,11.5172,12.0824,12.6743,13.475,14.4607,15.3201,15.9143
09 July 2019,2979.63,1.8894,11.8266,12.2065,12.781,13.5743,14.5451,15.3692,16.0056
10 July 2019,2993.07,1.881,10.8268,11.7333,12.4522,13.3943,14.393,15.2402,15.9188
11 July 2019,2999.91,1.8768,10.5092,11.3859,12.2049,13.2527,14.3446,15.2255,15.9243
12 July 2019,3013.77,1.8691,9.937,11.0477,11.9975,13.1841,14.2901,15.1932,15.8683
15 July 2019,3014.3,1.8694,10.1893,11.2399,12.1852,13.3333,14.457,15.3298,15.9841
16 July 2019,3004.04,1.8765,10.3256,11.4254,12.3403,13.49,14.5748,15.3709,15.9982
17 July 2019,2984.42,1.8889,11.29,12.1937,13.0405,14.0073,14.9612,15.6653,16.2271
18 July 2019,2995.11,1.8829,10.7494,11.8055,12.7339,13.7632,14.7852,15.5456,16.1338
19 July 2019,2976.61,1.8951,11.5472,12.5317,13.3162,14.2511,15.1701,15.7887,16.2857
22 July 2019,2985.03,1.8894,11.0218,11.9274,12.8327,13.8716,14.9164,15.5864,16.1055
23 July 2019,3005.47,1.8768,10.3494,11.4231,12.3615,13.4753,14.6295,15.3769,15.9252
24 July 2019,3019.56,1.8682,9.8641,11.0991,12.0674,13.2156,14.4227,15.2535,15.8221
25 July 2019,3003.67,1.8782,10.3732,11.6764,12.5661,13.5395,14.6686,15.4333,15.9403
26 July 2019,3025.86,1.8645,9.6942,11.1836,12.1503,13.2071,14.3698,15.1944,15.7686
29 July 2019,3020.97,1.8674,10.2684,11.3309,12.3777,13.3615,14.4911,15.3071,15.8486
30 July 2019,3013.18,1.8702,11.4963,12.0055,12.9703,13.7813,14.7719,15.5104,16.0103
31 July 2019,2980.38,1.891,13.106,13.3084,14.1208,14.5895,15.3088,15.9127,16.3315
01 August 2019,2953.56,1.9074,15.1873,15.0478,15.4292,15.4589,15.7953,16.2385,16.6004
02 August 2019,2932.05,1.9213,15.1606,15.3243,15.5767,15.5487,15.8748,16.275,16.602
05 August 2019,2844.74,1.9806,21.9303,20.3387,19.4995,18.2083,17.5446,17.4033,17.4694
06 August 2019,2881.77,1.9555,18.0486,17.6473,17.3971,16.8694,16.6788,16.7126,16.8488
07 August 2019,2883.98,1.9541,17.4938,17.482,17.261,16.8237,16.7033,16.7681,16.9038
08 August 2019,2938.09,1.9209,14.1638,15.0589,15.2608,15.4254,15.7567,16.1347,16.4464
09 August 2019,2918.65,1.9354,15.2667,15.9773,16.0403,15.9837,16.1134,16.391,16.6436
12 August 2019,2883.75,1.9597,18.8303,18.4817,18.0996,17.3563,16.9982,17.007,17.0901
13 August 2019,2926.32,1.9315,15.2644,15.8259,15.9114,16.0518,16.1689,16.4007,16.6343
14 August 2019,2840.6,1.9922,20.5474,19.9674,19.3842,18.4773,17.7896,17.6099,17.594
15 August 2019,2847.6,1.995,19.3804,19.2073,18.7968,18.1719,17.6204,17.5224,17.4805
16 August 2019,2888.68,1.9676,16.1928,17.1449,17.2457,17.1854,17.0561,17.1013,17.2052
19 August 2019,2923.65,1.9446,14.8795,15.6464,15.9804,16.2631,16.4978,16.6666,16.8802
20 August 2019,2900.51,1.96,15.8519,16.2551,16.5062,16.7101,16.8839,17.0148,17.1491
21 August 2019,2924.43,1.9442,14.2723,15.0718,15.4487,16.0131,16.4216,16.6977,16.8987
22 August 2019,2922.95,1.9449,14.8924,15.5665,15.8406,16.2785,16.6258,16.8356,17.0312
23 August 2019,2847.11,1.9968,18.13,18.3282,18.0816,18.2585,18.1158,18.0619,18.0582
26 August 2019,2878.38,1.9759,17.7215,17.8207,17.699,17.6521,17.6535,17.6693,17.7272
27 August 2019,2869.16,1.9825,18.7379,18.5589,18.1686,18.0069,17.9441,17.9151,17.9397
28 August 2019,2887.94,1.9699,17.4182,17.7539,17.4784,17.6133,17.6602,17.7492,17.8459
29 August 2019,2924.58,1.9483,15.4648,16.3357,16.3323,16.7881,17.0954,17.3083,17.4823
30 August 2019,2926.46,1.9486,16.0514,16.7637,16.6678,17.003,17.2632,17.4469,17.585
03 September 2019,2906.27,1.9629,17.2008,17.4834,17.3644,17.578,17.7429,17.8539,17.914
04 September 2019,2937.78,1.9434,14.9763,15.7663,16.0135,16.6453,17.1285,17.4025,17.5718
05 September 2019,2976,1.9204,13.2053,14.5988,15.0197,15.9278,16.6197,17.0616,17.3118
06 September 2019,2978.71,1.919,12.21,13.9567,14.521,15.5916,16.3773,16.8326,17.0887
09 September 2019,2978.43,1.9193,12.2648,13.9098,14.5555,15.6069,16.4094,16.8773,17.1387
10 September 2019,2979.39,1.9197,12.3323,13.8333,14.4562,15.5898,16.438,16.8984,17.1496
11 September 2019,3000.93,1.906,11.936,13.3994,14.1988,15.3576,16.2547,16.773,17.0763
12 September 2019,3009.57,1.902,11.3374,12.9714,13.8393,15.1033,16.0622,16.6768,17.0324
13 September 2019,3007.39,1.9016,11.1044,12.936,13.8738,15.1547,16.162,16.7403,17.0945
16 September 2019,2997.96,1.9078,12.1789,13.5289,14.448,15.6004,16.5412,17.0402,17.3398
17 September 2019,3005.7,1.9029,12.1818,13.661,14.5819,15.6929,16.5531,17.0754,17.3677
18 September 2019,3006.73,1.9023,11.6313,13.2566,14.2805,15.4732,16.4329,17.0269,17.3356
19 September 2019,3006.79,1.9026,11.6486,13.2785,14.2869,15.4498,16.4404,16.995,17.3017
20 September 2019,2992.07,1.9134,12.9214,14.284,15.1487,16.1054,16.9701,17.3899,17.6174
23 September 2019,2991.78,1.9103,12.6975,13.9863,14.9094,15.909,16.8593,17.3739,17.6389
24 September 2019,2966.6,1.9269,14.9423,15.4111,16.0059,16.635,17.2694,17.682,17.8717
25 September 2019,2984.87,1.9151,13.8093,14.6446,15.4042,16.2303,17.0353,17.5352,17.7494
26 September 2019,2977.62,1.9202,13.8151,14.836,15.5417,16.37,17.0717,17.5398,17.7264
27 September 2019,2961.79,1.9316,14.8335,15.5973,16.1793,16.8139,17.3825,17.8345,17.9581
30 September 2019,2976.74,1.9223,13.9141,14.6156,15.3349,16.1979,16.9506,17.4916,17.6532
01 October 2019,2940.25,1.9466,16.8572,16.5147,16.8719,17.3541,17.6629,18.037,18.0914
02 October 2019,2887.61,1.9821,19.252,18.6294,18.618,18.6413,18.5453,18.6849,18.5836
03 October 2019,2910.63,1.9714,17.6026,17.4232,17.5886,17.9709,18.1606,18.4179,18.3446
04 October 2019,2952.01,1.9438,14.9694,15.4478,15.9597,16.7522,17.2983,17.7465,17.8073
07 October 2019,2938.79,1.9526,16.0946,16.0587,16.4004,17.0364,17.4889,17.8689,17.8874
08 October 2019,2893.06,1.9838,18.88,18.1479,18.0837,18.2491,18.362,18.5459,18.4703
09 October 2019,2919.4,1.9671,16.9337,16.7779,17.019,17.5591,17.7925,18.1033,18.1152
10 October 2019,2938.13,1.9547,15.8395,16.0161,16.3462,16.9877,17.4777,17.8598,17.9271
11 October 2019,2970.27,1.9345,13.6838,14.5629,15.1074,16.1071,16.8301,17.3492,17.5377
14 October 2019,2966.15,1.9372,13.0563,14.0126,14.657,15.8033,16.6381,17.1706,17.3483
15 October 2019,2995.68,1.9181,11.6943,13.071,13.8701,15.1976,16.218,16.8647,17.1264
16 October 2019,2989.69,1.9237,11.9753,13.1018,13.9021,15.223,16.3017,16.9495,17.2157
17 October 2019,2997.95,1.9187,11.9334,13.0879,13.8303,15.1231,16.2199,16.9181,17.2017
18 October 2019,2986.2,1.9267,12.3246,13.3093,14.0861,15.3694,16.5187,17.1933,17.4522
21 October 2019,3006.72,1.9136,11.9599,12.8383,13.5741,14.9795,16.292,16.9914,17.2823
22 October 2019,2995.99,1.9207,12.447,13.0671,13.8501,15.1744,16.4362,17.1094,17.4117
23 October 2019,3004.52,1.9154,11.8636,12.8068,13.5904,15.0058,16.3741,17.0297,17.3157
24 October 2019,3010.29,1.9118,11.57,12.7361,13.5724,14.9891,16.3919,17.0357,17.3434
25 October 2019,3022.55,1.9042,10.4749,11.9302,12.9443,14.5886,16.0878,16.771,17.1357
28 October 2019,3039.42,1.8936,10.8041,11.9706,12.9928,14.5632,16.0837,16.7734,17.1457
29 October 2019,3036.89,1.8954,10.9595,12.1075,13.1275,14.7245,16.1898,16.8473,17.2107
30 October 2019,3046.77,1.8904,10.1135,11.73,12.8168,14.4693,15.9938,16.7352,17.1066
31 October 2019,3037.56,1.8967,10.6209,11.9763,13.0999,14.803,16.2219,16.8272,17.1329
01 November 2019,3066.91,1.8794,9.7994,11.3491,12.5171,14.4456,15.9655,16.621,16.979
04 November 2019,3078.27,1.8725,10.182,11.5309,12.6523,14.4875,15.9866,16.6003,16.9749
05 November 2019,3074.62,1.8748,10.5124,11.7978,12.8479,14.6577,16.1605,16.7464,17.1336
06 November 2019,3076.78,1.8738,10.3385,11.7042,12.8574,14.7338,16.2459,16.8239,17.1529
07 November 2019,3085.18,1.8728,10.3878,11.7941,12.9116,14.7313,16.2851,16.8537,17.2039
08 November 2019,3093.08,1.869,9.775,11.6183,12.7705,14.6197,16.2414,16.8327,17.1906
11 November 2019,3087.01,1.8726,10.5548,11.9058,12.9251,14.7182,16.3443,16.8719,17.2145
12 November 2019,3091.84,1.87,10.5925,11.8193,12.8449,14.6623,16.2292,16.7657,17.1672
13 November 2019,3094.04,1.8691,10.8276,11.929,12.9631,14.6385,16.247,16.7842,17.187
14 November 2019,3096.63,1.8688,10.6061,11.886,12.8787,14.6187,16.2081,16.7327,17.1687
15 November 2019,3120.46,1.8555,9.6591,11.2006,12.309,14.2404,15.9865,16.5555,16.9816
18 November 2019,3122.03,1.8544,10.1642,11.4726,12.4174,14.2573,16.0505,16.5784,17.0249
19 November 2019,3120.18,1.8575,10.3911,11.7504,12.6608,14.4788,16.1504,16.6472,17.0474
20 November 2019,3108.46,1.866,10.6786,11.9478,12.843,14.648,16.3673,16.7966,17.1528
21 November 2019,3103.54,1.8724,10.9672,12.222,13.1106,14.9393,16.558,16.9573,17.2786
22 November 2019,3110.29,1.8685,10.2252,11.8355,12.8347,14.7167,16.4045,16.8271,17.1758
25 November 2019,3133.64,1.8553,9.6053,11.3048,12.3442,14.2787,15.9975,16.4894,16.9185
26 November 2019,3140.52,1.8521,9.2492,11.0311,12.1435,14.0772,15.8365,16.391,16.8375
27 November 2019,3153.63,1.8453,9.3722,11.1457,12.2103,14.1271,15.7993,16.3426,16.8151
29 November 2019,3140.98,1.8539,10.1102,11.8625,12.8819,14.5007,16.0265,16.5268,16.9834
02 December 2019,3113.87,1.8702,12.6075,13.5957,14.1537,15.4031,16.6428,17.0218,17.3811
03 December 2019,3093.2,1.8828,14.0379,14.7865,15.1725,16.0411,16.9979,17.2543,17.5195
04 December 2019,3112.76,1.8725,12.9521,13.9967,14.5365,15.5348,16.6692,17.0406,17.3862
05 December 2019,3117.43,1.8713,12.4972,13.8283,14.3769,15.3817,16.5766,16.9332,17.2533
06 December 2019,3145.91,1.855,11.0703,12.8824,13.5981,14.8437,16.2087,16.6799,17.059
09 December 2019,3135.96,1.8606,12.9465,13.9099,14.435,15.4,16.555,16.9371,17.2298
10 December 2019,3132.52,1.8629,12.9465,13.7978,14.3993,15.4037,16.5879,16.9193,17.2433
11 December 2019,3141.63,1.8575,12.2544,13.4325,14.0929,15.1816,16.3852,16.7451,17.1202
12 December 2019,3168.57,1.8433,10.941,12.4088,13.178,14.455,15.93,16.3519,16.8679
13 December 2019,3168.8,1.8413,9.6176,11.4714,12.5182,14.0561,15.6556,16.1911,16.6658
16 December 2019,3191.45,1.8284,9.2146,10.947,12.1258,13.7442,15.449,16.0303,16.5369
17 December 2019,3192.52,1.8279,9.4884,10.9985,12.1981,13.8045,15.4421,16.0091,16.5233
18 December 2019,3191.14,1.829,9.6993,11.1986,12.3836,13.9355,15.4945,16.0688,16.5788
19 December 2019,3205.37,1.824,9.1343,10.9211,12.1703,13.7946,15.4111,15.998,16.5223
20 December 2019,3221.22,1.8159,9.1866,10.929,12.3229,13.7917,15.4514,16.0018,16.4983
23 December 2019,3224.01,1.81,9.4578,11.0497,12.4101,13.8345,15.4226,15.9793,16.5177
24 December 2019,3223.38,1.8107,9.6926,11.1905,12.5268,13.885,15.4676,16.0114,16.5842
26 December 2019,3239.91,1.8055,9.5329,11.2833,12.5472,13.8626,15.4233,15.955,16.4782
27 December 2019,3240.02,1.8102,10.2723,11.778,12.9156,14.0853,15.5177,16.0439,16.5357
30 December 2019,3221.29,1.8216,12.1187,12.9013,13.7126,14.6023,15.925,16.3455,16.8088
31 December 2019,3230.78,1.8165,11.1441,12.0328,12.9572,14.099,15.5994,16.1544,16.6793
02 January 2020,3257.85,1.8024,9.9923,11.3815,12.3817,13.6058,15.1784,15.8382,16.4207
03 January 2020,3234.85,1.8163,11.4691,12.6276,13.3278,14.2555,15.6347,16.1629,16.6948
06 January 2020,3246.28,1.81,11.5509,12.6776,13.239,14.1525,15.505,16.0593,16.5793
07 January 2020,3237.18,1.8204,11.6143,12.6065,13.1583,14.103,15.4248,15.9754,16.4832
08 January 2020,3253.05,1.8122,10.9557,12.0716,12.6443,13.6868,15.1298,15.7595,16.2833
09 January 2020,3274.7,1.8008,10.0622,11.4688,12.1497,13.3714,14.8527,15.5712,16.1514
10 January 2020,3265.35,1.806,10.1844,11.6675,12.2538,13.4353,14.907,15.5762,16.1533
13 January 2020,3288.13,1.7935,10.1157,11.3741,11.9532,13.154,14.6448,15.3766,15.946
14 January 2020,3283.15,1.7971,10.3544,11.4241,11.9659,13.1387,14.6076,15.3094,15.8723
15 January 2020,3289.29,1.7937,10.0599,11.3701,11.9331,13.1021,14.595,15.3203,15.8774
16 January 2020,3316.81,1.7795,9.7479,11.1689,11.7026,12.9249,14.429,15.1984,15.7795
17 January 2020,3329.62,1.773,9.5251,11.0257,11.62,12.9126,14.4152,15.2035,15.766
21 January 2020,3320.79,1.7779,10.5942,11.6456,12.112,13.176,14.5773,15.3084,15.8811
22 January 2020,3321.75,1.7774,10.7048,11.7896,12.2243,13.3189,14.7,15.3661,15.9137
23 January 2020,3325.54,1.7758,10.5993,11.8064,12.2097,13.3194,14.6215,15.3052,15.8305
24 January 2020,3295.47,1.7922,12.3413,13.1593,13.3027,14.0023,15.1304,15.6853,16.1649
27 January 2020,3243.63,1.8208,15.8379,15.6475,15.2467,15.2545,15.9244,16.2347,16.6268
28 January 2020,3276.24,1.8023,14.1654,14.2656,14.1896,14.5003,15.4123,15.8863,16.3028
29 January 2020,3273.4,1.8039,14.229,14.2757,14.2086,14.4513,15.3708,15.8155,16.2522
30 January 2020,3283.66,1.7995,13.2583,13.5184,13.7016,14.0276,15.0346,15.5528,16.031
31 January 2020,3225.52,1.8332,16.063,15.6373,15.4004,15.2933,15.8534,16.0719,16.3765
03 February 2020,3248.92,1.8461,15.5772,15.2555,14.9903,15.0382,15.6829,15.8993,16.2118
04 February 2020,3297.59,1.819,13.7856,13.5273,13.5461,14.0218,15.0411,15.4826,15.9275
05 February 2020,3334.69,1.7992,12.6816,12.6587,12.888,13.5419,14.7148,15.2565,15.7061
06 February 2020,3345.78,1.7946,12.3145,12.2266,12.5743,13.397,14.6121,15.1676,15.6417
07 February 2020,3327.71,1.8053,12.9469,12.8781,13.1616,13.9056,14.9766,15.5317,15.9466
10 February 2020,3352.09,1.793,12.1833,12.4193,12.8064,13.63,14.7682,15.3209,15.7555
11 February 2020,3357.75,1.7901,12.3011,12.398,12.8537,13.6921,14.8153,15.381,15.8163
12 February 2020,3379.45,1.7788,10.98,11.5411,12.186,13.2787,14.5364,15.1886,15.6588
13 February 2020,3373.94,1.7838,11.4702,11.918,12.5228,13.4988,14.7076,15.2965,15.7365
14 February 2020,3380.16,1.7817,10.9283,11.6517,12.333,13.3314,14.5731,15.1783,15.6492
18 February 2020,3370.29,1.787,11.7696,12.2015,12.7614,13.64,14.7439,15.3023,15.778
19 February 2020,3386.15,1.7802,11.2648,11.8539,12.4515,13.4988,14.644,15.2527,15.7449
20 February 2020,3373.23,1.7873,12.4344,12.6811,13.1144,13.9478,14.9909,15.467,15.8741
21 February 2020,3337.75,1.8056,14.1324,14.0209,14.1222,14.6883,15.4604,15.8147,16.1172
24 February 2020,3225.89,1.869,21.5916,19.4828,18.3681,17.4624,17.1119,16.9394,16.9312
25 February 2020,3128.21,1.9276,24.1259,21.7138,20.4637,19.1512,18.2948,17.7704,17.5953
26 February 2020,3116.39,1.935,24.1925,21.7719,20.4777,19.1089,18.2159,17.6986,17.5254
27 February 2020,2978.76,2.0254,35.6046,29.4445,27.0807,23.1638,20.8282,19.5794,18.9838
28 February 2020,2954.22,2.044,37.0755,30.3119,27.0351,23.3546,20.7155,19.3122,18.6798
02 March 2020,3090.23,1.9546,27.6655,25.495,23.729,21.1591,19.4938,18.5365,18.1052
03 March 2020,3003.37,2.0119,32.3989,28.6052,26.468,23.0733,20.7278,19.5079,18.9602
04 March 2020,3130.12,1.9302,25.9788,24.3627,23.0158,21.0835,19.6691,18.9563,18.5695
05 March 2020,3023.94,1.9995,34.2156,31.3403,28.8182,25.1342,22.1975,20.8216,20.1721
06 March 2020,2972.37,2.0344,36.2459,34.3006,31.7518,27.7252,24.208,22.4076,21.5198
09 March 2020,2746.56,2.2022,49.362,44.1803,40.4157,33.6948,27.8593,25.1629,23.5642
10 March 2020,2882.23,2.0987,42.4224,39.4083,36.5348,30.9148,26.1089,23.9228,22.8179
11 March 2020,2741.38,2.2073,48.5054,44.844,41.2355,34.7402,28.6008,25.9276,24.364
12 March 2020,2480.64,2.4413,68.7552,59.9978,53.9566,44.0865,35.2347,30.8606,28.4814
13 March 2020,2711.02,2.2363,50.7714,47.7409,43.5195,35.7128,29.1491,26.2655,24.756
16 March 2020,2386.13,2.5411,77.6917,70.4977,63.2599,50.1439,38.6769,33.1122,30.4018
17 March 2020,2529.19,2.3975,68.7048,63.4073,57.5602,46.9452,37.043,31.8673,29.3043
18 March 2020,2398.1,2.5286,71.9113,67.8129,62.686,50.9248,41.1434,36.2143,33.6004
19 March 2020,2409.39,2.5137,65.8214,61.4366,56.5911,46.601,38.6131,34.6506,32.4646
20 March 2020,2304.92,2.6224,58.3169,55.6466,51.7809,43.2987,35.7884,31.6128,29.6293
23 March 2020,2237.4,2.7015,56.1492,49.7598,44.8564,37.5885,31.7475,28.6485,27.3671
24 March 2020,2447.33,2.47,54.6356,46.4148,40.8872,33.4581,27.6254,25.0044,24.0707
25 March 2020,2475.56,2.4416,57.8384,49.7567,44.0636,36.459,29.8549,26.7019,25.0593
26 March 2020,2630.07,2.2978,53.1404,45.4572,40.0781,33.1701,27.7383,24.6882,23.2832
27 March 2020,2541.47,2.378,57.1803,50.3256,44.3799,36.5225,30.3582,27.1209,25.173
30 March 2020,2626.65,2.3019,49.0078,44.7544,40.7053,34.5336,29.8502,26.6982,25.0895
31 March 2020,2584.59,2.3391,45.3788,41.8309,38.819,34.3693,29.7021,26.8955,25.092
01 April 2020,2470.5,2.4472,52.4298,47.7329,44.231,38.3777,32.4757,29.6499,27.4716
02 April 2020,2526.9,2.3938,46.0033,43.0943,40.6256,36.044,31.1441,27.9145,26.1495
03 April 2020,2488.65,2.4315,42.0797,40.4978,38.6936,34.974,30.4512,27.9845,26.1084
06 April 2020,2663.68,2.2742,38.5344,36.5811,35.1535,32.3217,28.3668,25.8407,24.4455
07 April 2020,2659.41,2.278,40.981,37.8942,36.1926,32.8792,28.7369,26.1542,24.5913
08 April 2020,2749.98,2.2037,37.759,35.9131,34.878,32.0223,28.2288,25.3596,23.7696
09 April 2020,2789.82,2.1724,36.6013,35.094,34.1223,31.5551,27.7001,25.0007,23.4894
13 April 2020,2761.63,2.1949,36.8316,35.1598,34.2174,31.6911,27.9461,25.3446,23.8219
14 April 2020,2846.06,2.1306,33.0478,31.6538,31.1807,29.5726,26.5424,24.1402,22.8236
15 April 2020,2783.36,2.1794,35.9447,34.615,33.766,31.7088,28.2063,25.5836,24.0703
16 April 2020,2799.55,2.1638,35.2187,34.3234,33.8308,31.8431,28.4192,25.7522,24.2086
17 April 2020,2874.56,2.1059,32.338,32.0905,31.9123,30.3686,27.3362,25.0562,23.6519
20 April 2020,2823.16,2.1446,37.9284,36.5665,35.6055,33.0519,29.1563,26.3063,24.6221
21 April 2020,2736.56,2.2119,40.7113,39.1447,38.2604,35.3722,31.0049,27.9057,25.9742
22 April 2020,2799.31,2.1623,36.8308,35.9123,35.5113,33.6694,30.0379,27.1895,25.3845
23 April 2020,2797.8,2.1636,36.1632,35.6909,35.4928,33.8459,30.2104,27.4053,25.5958
24 April 2020,2836.74,2.1339,30.5321,32.0099,32.4732,31.6587,28.8295,26.3719,24.7916
27 April 2020,2878.48,2.101,27.3895,29.2663,29.8674,29.6461,27.361,25.2859,23.9391
28 April 2020,2863.39,2.1118,28.0394,29.3422,29.793,29.5232,27.0119,24.8725,23.6851
29 April 2020,2939.51,2.0579,25.4106,26.9704,27.5573,27.7706,25.8609,24.0642,22.9371
30 April 2020,2912.43,2.0769,28.1566,28.8045,29.0998,28.9004,26.572,24.5606,23.3197
01 May 2020,2830.71,2.1368,31.4435,32.2763,32.1472,31.1803,28.3725,26.1063,24.7469
04 May 2020,2842.74,2.1277,30.7248,31.1415,31.198,30.6911,27.9098,25.7283,24.4422
05 May 2020,2868.44,2.1087,29.0428,29.7343,29.9788,29.9054,27.5271,25.5022,24.2772
06 May 2020,2848.42,2.1232,29.7218,30.1717,30.3009,30.2479,27.707,25.7443,24.5302
07 May 2020,2881.19,2.1012,27.2314,28.5025,28.8783,29.1407,26.962,25.0839,23.9921
08 May 2020,2929.8,2.0663,22.683,25.4044,26.1648,27.143,25.5647,23.9603,23.0809
11 May 2020,2930.32,2.0658,23.0179,24.4758,25.2054,26.4821,25.043,23.5565,22.713
12 May 2020,2870.12,2.1101,28.0177,27.9857,28.1562,28.5654,26.3791,24.6092,23.5458
13 May 2020,2820,2.1471,31.0922,30.4907,30.3917,30.3364,27.6807,25.7138,24.4147
14 May 2020,2852.5,2.1226,28.2311,28.2848,28.4762,29.0161,26.6254,24.8206,23.783
15 May 2020,2863.7,2.1153,26.9704,27.8445,28.1453,28.9248,26.728,24.8328,23.792
18 May 2020,2953.91,2.0508,24.2177,24.8572,25.2669,26.4697,24.7372,23.3783,22.6104
19 May 2020,2922.94,2.073,25.7002,26.0481,26.2455,27.1691,25.3029,23.8116,22.9656
20 May 2020,2971.61,2.0404,23.8638,24.3327,24.8322,26.0304,24.5107,23.1904,22.4903
21 May 2020,2948.51,2.0558,25.2329,25.7364,26.0689,27.157,25.2797,23.8465,23.0181
22 May 2020,2955.45,2.0495,23.6511,25.2646,25.6116,26.8744,24.977,23.5981,22.8247
26 May 2020,2991.77,2.0246,23.3836,24.1611,24.6336,25.8275,24.1431,22.8876,22.2421
27 May 2020,3036.13,1.9958,22.6353,23.3932,23.6369,25.0929,23.5317,22.1888,21.6326
28 May 2020,3029.73,2.0002,23.172,24.0659,24.4501,25.3701,23.7022,22.4209,21.8468
29 May 2020,3044.31,1.9911,22.0075,23.2933,23.5184,25.0613,23.4275,22.2135,21.6615
01 June 2020,3055.73,1.9838,23.0154,23.989,24.1294,25.1204,23.5403,22.2858,21.6872
02 June 2020,3080.82,1.9654,21.8861,22.9864,23.2999,24.4396,23.1867,22.0626,21.5907
03 June 2020,3122.87,1.9396,21.0866,22.2241,22.6707,24.086,22.7264,21.6737,21.2623
04 June 2020,3112.35,1.9479,21.5097,22.4364,22.8532,24.2156,22.9107,21.941,21.5474
05 June 2020,3193.93,1.8982,19.513,20.5965,21.0359,22.7042,21.5075,20.9528,20.7712
08 June 2020,3232.39,1.8757,20.7379,21.3529,21.6011,22.8685,21.6628,21.0319,20.8271
09 June 2020,3207.18,1.8907,22.9232,23.1533,23.1917,24.0381,22.5963,21.8749,21.4423
10 June 2020,3190.14,1.9009,23.0098,23.1068,23.2781,24.1641,22.6728,21.3666,21.2462
11 June 2020,3002.1,2.021,34.0521,32.8616,32.1974,30.766,27.1834,25.5554,24.3575
12 June 2020,3041.31,1.9939,29.838,30.0187,29.5624,28.7865,25.9678,24.732,23.7037
15 June 2020,3066.59,1.9778,28.4144,28.5989,28.3601,27.885,25.4028,24.2191,23.3134
16 June 2020,3124.74,1.9411,28.0349,27.7618,27.4309,27.3292,24.8969,23.9993,23.1923
17 June 2020,3113.49,1.9478,28.2072,27.7294,27.5508,27.7704,25.4478,24.2275,23.4012
18 June 2020,3115.34,1.9471,27.3585,27.5138,27.567,27.8277,25.5277,24.2911,23.4765
19 June 2020,3097.74,1.9594,28.6505,28.7202,28.5646,28.6514,26.2229,24.7538,23.833
22 June 2020,3117.86,1.9416,25.9797,26.509,26.6588,27.1557,25.1947,24.031,23.3211
23 June 2020,3131.29,1.9333,25.6692,26.1857,26.3954,26.8455,24.896,23.8893,23.188
24 June 2020,3050.33,1.9846,29.1181,28.7011,28.6781,28.5235,26.1577,24.8374,24.0481
25 June 2020,3083.76,1.9637,26.4503,26.701,27.1074,27.4263,25.4136,24.2554,23.4471
26 June 2020,3009.05,2.0108,28.7167,29.0774,28.9659,28.9963,26.5717,25.1464,24.2889
29 June 2020,3053.24,1.9829,25.9504,26.602,27.0043,27.2687,25.2474,24.1734,23.4425
30 June 2020,3100.29,1.953,24.3482,24.8392,25.3868,26.0729,24.3552,23.4175,22.8247
01 July 2020,3115.86,1.9411,23.1477,23.9136,24.6421,25.5877,23.8674,23.0712,22.5375
02 July 2020,3130.01,1.9341,22.2135,23.3553,24.1115,25.3947,23.4936,22.6863,22.2164
06 July 2020,3179.72,1.8978,22.4182,23.2036,23.8445,24.8032,23.1504,22.5151,22.0622
07 July 2020,3145.32,1.9186,24.2002,24.4324,25.0149,25.7149,23.7961,22.9847,22.4591
08 July 2020,3169.94,1.9039,22.9672,23.5516,24.27,25.1956,23.507,22.715,22.2309
09 July 2020,3152.05,1.9167,24.3056,24.7229,25.1876,25.9099,23.8487,23.0069,22.4741
10 July 2020,3185.04,1.8969,22.1925,23.4872,24.1046,25.1959,23.3108,22.5905,22.1131
13 July 2020,3155.22,1.9148,26.4624,26.6727,27.0068,27.4294,24.9184,23.6695,22.9604
14 July 2020,3197.52,1.8905,23.9278,24.4385,25.013,25.8619,23.7871,22.9274,22.3992
15 July 2020,3226.56,1.8735,22.7924,23.5999,24.359,25.3148,23.3262,22.5466,22.0667
16 July 2020,3215.57,1.8802,22.7651,23.5142,24.3584,25.2652,23.4182,22.6458,22.161
17 July 2020,3224.73,1.8753,20.6331,22.1062,23.2905,24.6757,23.0325,22.3419,21.9817
20 July 2020,3251.84,1.8597,19.6283,20.7653,21.9996,23.3638,22.0339,21.5421,21.245
21 July 2020,3257.3,1.8563,20.2919,21.059,22.2284,23.5973,22.2579,21.7332,21.4141
22 July 2020,3276.02,1.8456,19.2605,20.4235,21.8119,23.2063,21.9315,21.4622,21.2035
23 July 2020,3235.66,1.8691,21.0237,21.7569,22.8674,23.9943,22.6101,21.9525,21.6044
24 July 2020,3215.63,1.8808,20.6274,22.1433,23.2548,24.4152,22.9901,22.312,21.9742
27 July 2020,3239.41,1.867,19.8615,21.2082,22.5872,23.8418,22.602,22.0517,21.768
28 July 2020,3218.44,1.8792,20.7336,21.7468,23.1052,24.27,23.0141,22.4005,22.0913
29 July 2020,3258.44,1.8561,19.1019,20.6693,22.2215,23.6704,22.6004,22.1165,21.8753
30 July 2020,3246.22,1.8643,19.7973,21.5312,22.8573,24.1182,22.8572,22.3032,22.0059
31 July 2020,3271.12,1.8506,19.2966,21.3112,22.8326,24.0283,22.8219,22.2809,22.0016
03 August 2020,3294.61,1.8376,19.4065,21.0062,22.6854,23.723,22.4838,22.0289,21.796
04 August 2020,3306.51,1.831,19.0169,20.5431,22.2247,23.2671,22.1859,21.8023,21.6011
05 August 2020,3327.77,1.8193,18.0578,19.8154,21.7442,22.8801,21.9226,21.6039,21.3943
06 August 2020,3349.16,1.8027,17.5532,19.4112,21.4451,22.6951,21.7582,21.4671,21.2938
07 August 2020,3351.28,1.8017,16.9332,19.4007,21.5512,22.723,21.7999,21.4956,21.2857
10 August 2020,3360.47,1.7968,17.2112,19.389,21.6893,22.6381,21.7426,21.47,21.2585
11 August 2020,3333.69,1.8113,18.9757,20.7504,23.4197,23.3283,22.2388,21.8414,21.5669
12 August 2020,3380.35,1.7865,17.3465,19.349,22.1963,22.5011,21.7316,21.48,21.2906
13 August 2020,3373.43,1.7899,17.4762,19.4818,22.2106,22.6385,21.8557,21.5997,21.4364
14 August 2020,3372.85,1.7898,16.9559,19.5998,22.3917,22.9108,22.2983,21.9485,21.7427
17 August 2020,3381.99,1.7791,16.6743,18.8776,21.658,22.3218,21.8154,21.5804,21.399
18 August 2020,3389.78,1.776,16.8622,18.6974,21.4091,22.1147,21.6882,21.4925,21.3486
19 August 2020,3374.85,1.7838,17.3262,19.1488,21.7977,22.5089,22.0411,21.8262,21.6347
20 August 2020,3385.51,1.7786,17.1296,18.9887,21.7243,22.3377,21.8778,21.6609,21.4919
21 August 2020,3397.16,1.7728,16.4476,18.7314,21.442,22.2385,21.9025,21.7351,21.536
24 August 2020,3431.28,1.756,16.5335,18.6625,21.377,22.1275,21.722,21.5245,21.3718
25 August 2020,3443.62,1.7498,16.4729,18.5917,21.3547,22.0664,21.6666,21.4544,21.3014
26 August 2020,3478.73,1.7322,17.4921,19.2281,21.8314,22.3617,21.7704,21.5304,21.3665
27 August 2020,3484.55,1.7298,18.2535,19.7424,22.2992,22.7436,22.0781,21.7556,21.5602
28 August 2020,3508.01,1.7185,16.8818,19.0397,21.9893,22.5677,22.0161,21.6844,21.4295
31 August 2020,3500.31,1.7229,19.3012,21.0187,23.8808,24.0175,23.0058,22.4685,22.1293
01 September 2020,3526.65,1.7044,19.4045,20.972,24.0165,24.115,22.8756,22.3066,21.9965
02 September 2020,3580.84,1.6794,20.0445,21.541,24.8911,24.8647,23.3574,22.7105,22.3656
03 September 2020,3455.06,1.7412,24.9915,25.9734,27.7386,26.7159,24.6158,23.6931,23.2165
04 September 2020,3426.96,1.7555,23.7931,25.5563,26.9078,26.1309,24.3097,23.5135,23.1239
08 September 2020,3331.84,1.8059,25.5286,26.7372,27.2017,26.0314,24.2777,23.4044,22.958
09 September 2020,3398.96,1.7706,23.2997,24.8631,25.5439,24.6465,23.2978,22.6969,22.3896
10 September 2020,3339.19,1.8026,24.6218,26.438,26.6326,25.4674,23.7757,23.0057,22.5988
11 September 2020,3340.97,1.8022,22.6854,25.2419,25.4532,24.7392,23.4517,22.8391,22.5242
14 September 2020,3383.54,1.7788,21.4769,24.5204,24.9266,24.2378,23.0678,22.5319,22.2423
15 September 2020,3401.2,1.7697,21.0926,24.2169,24.6601,24.1519,22.9947,22.4918,22.2081
16 September 2020,3385.49,1.778,21.2746,24.3813,24.8398,24.2965,23.2933,22.6963,22.37
17 September 2020,3357.01,1.7932,21.5116,24.7244,25.2134,24.7805,23.6739,23.0194,22.6532
18 September 2020,3319.47,1.8136,21.461,24.8279,25.3951,24.9235,23.9135,23.2147,22.8341
21 September 2020,3281.06,1.8336,23.4933,26.5136,26.7759,25.806,24.4191,23.5661,23.0951
22 September 2020,3315.57,1.8145,22.9046,26.2561,26.797,25.8303,24.4212,23.5337,23.0672
23 September 2020,3236.92,1.8588,24.9171,27.9964,28.3043,26.9006,25.2208,24.0996,23.4824
24 September 2020,3246.59,1.8536,24.5775,27.5593,28.0318,26.7573,25.0306,23.9783,23.3653
25 September 2020,3298.46,1.8247,22.1382,26.1709,26.8804,25.8649,24.4178,23.5127,23.0009
28 September 2020,3351.6,1.7958,22.3918,26.0918,26.69,25.4439,24.0285,23.2134,22.727
29 September 2020,3335.47,1.8052,23.0045,25.9631,26.4655,25.2607,23.898,23.1503,22.7145
30 September 2020,3363,1.7901,22.5562,26.0716,26.3509,25.3694,23.9797,23.1197,22.6381
01 October 2020,3380.8,1.771,22.9831,26.2238,26.6019,25.5808,24.1118,23.2919,22.8014
02 October 2020,3348.44,1.7882,23.5252,27.1385,27.3293,26.1651,24.5532,23.6616,23.1749
05 October 2020,3408.63,1.7567,25.4639,26.0071,26.0993,25.223,23.8508,23.1072,22.6749
06 October 2020,3360.95,1.782,26.9808,26.4131,26.597,25.6671,24.2906,23.3921,22.8724
07 October 2020,3419.45,1.7517,24.9984,25.0019,25.2263,24.5804,23.509,22.9013,22.5108
08 October 2020,3446.83,1.74,23.3441,23.9394,24.1192,23.8273,23.0393,22.5352,22.2091
09 October 2020,3477.13,1.725,21.4033,22.3533,22.6125,22.8346,22.3754,21.9716,21.7165
12 October 2020,3534.22,1.6977,21.1481,21.8387,22.0182,22.2321,21.9383,21.6888,21.4879
13 October 2020,3511.93,1.7085,22.4002,22.605,22.5508,22.4757,22.0638,21.7411,21.5029
14 October 2020,3488.67,1.7208,22.8185,22.7277,22.7674,22.5197,22.1313,21.8042,21.5528
15 October 2020,3483.34,1.7238,23.1811,23.0378,22.9242,22.6705,22.2533,21.9564,21.6859
16 October 2020,3483.81,1.7236,23.3799,23.5248,23.3552,23.0517,22.5848,22.1458,21.8534
19 October 2020,3426.92,1.7522,25.4354,25.1084,24.7015,24.0802,23.4197,22.8709,22.4914
20 October 2020,3443.12,1.7442,25.5951,24.9074,24.4979,23.7926,23.1988,22.6983,22.3674
21 October 2020,3435.56,1.7477,25.1331,24.5906,24.199,23.4964,23.0249,22.5721,22.2671
22 October 2020,3453.49,1.7391,24.4492,24.1062,23.8432,23.1593,22.689,22.235,21.9452
23 October 2020,3465.39,1.7331,23.7249,23.651,23.5315,22.8346,22.3773,21.9721,21.7053
26 October 2020,3400.97,1.766,28.1647,26.9213,26.0322,24.4865,23.513,22.7591,22.3156
27 October 2020,3390.68,1.7714,28.7234,27.2744,26.3748,24.659,23.5406,22.7961,22.3388
28 October 2020,3271.03,1.8362,35.0791,32.6878,30.8842,27.7758,25.5058,24.2075,23.4375
29 October 2020,3310.11,1.8155,32.3006,30.4727,29.1658,26.59,24.702,23.6772,23.083
30 October 2020,3269.96,1.8383,32.5869,30.9567,29.6145,27.0525,24.9286,23.7776,23.133
02 November 2020,3310.24,1.8104,31.3598,29.2872,28.0789,25.7984,23.9718,23.0662,22.5466
03 November 2020,3369.16,1.7827,29.7454,27.662,26.5929,24.8578,23.2221,22.5608,22.2186
04 November 2020,3443.44,1.7442,24.654,23.8575,23.5617,22.7027,21.9754,21.6236,21.4811
05 November 2020,3510.45,1.7061,22.9121,22.7759,22.9535,22.4022,21.8543,21.6106,21.4898
06 November 2020,3509.44,1.7068,20.6478,21.4582,22.0189,21.8397,21.5039,21.3353,21.2372
09 November 2020,3550.5,1.6869,20.922,21.0392,21.3226,21.1239,20.8027,20.7997,20.8262
10 November 2020,3545.53,1.6894,20.4046,20.5934,20.8767,20.9224,20.7453,20.7965,20.8571
11 November 2020,3572.66,1.6765,18.9325,19.6232,20.0557,20.4059,20.4592,20.6182,20.6709
12 November 2020,3537.01,1.6928,20.3422,20.9318,21.0325,21.1483,21.0145,21.0696,21.0823
13 November 2020,3585.15,1.6706,18.4388,19.7353,20.1044,20.5593,20.5521,20.7473,20.8503
16 November 2020,3626.91,1.6514,17.8668,19.2515,19.7172,20.362,20.4357,20.7403,20.8629
17 November 2020,3609.53,1.6604,18.4681,19.5174,20.0224,20.5466,20.6519,20.9189,21.0444
18 November 2020,3567.79,1.681,19.3368,20.3597,20.7652,21.177,21.1129,21.1741,21.1986
19 November 2020,3581.87,1.6749,18.5511,19.7435,20.1913,20.8119,20.7782,20.8978,20.94
20 November 2020,3557.54,1.6864,19.2534,20.2674,20.6032,21.0916,21.1184,21.1602,21.1732
23 November 2020,3577.59,1.6776,18.084,19.4234,19.9016,20.568,20.7317,20.85,20.916
24 November 2020,3635.41,1.6511,17.2738,18.6984,19.2708,20.0041,20.2901,20.5241,20.6693
25 November 2020,3629.65,1.654,16.8341,18.2889,18.9505,19.7961,20.22,20.4944,20.6434
27 November 2020,3638.35,1.6503,16.3486,18.4989,19.0968,19.8794,20.2546,20.5292,20.6931
30 November 2020,3621.63,1.6585,16.6194,18.6439,19.1215,19.9125,20.2401,20.4587,20.5327
01 December 2020,3662.45,1.6512,17.3332,18.9278,19.3256,20.0507,20.3682,20.6309,20.7313
02 December 2020,3669.01,1.6486,17.3422,18.9118,19.3474,20.0342,20.3688,20.719,20.8328
03 December 2020,3666.72,1.65,17.3489,18.8432,19.2431,19.9347,20.2562,20.561,20.7071
04 December 2020,3699.12,1.6364,15.8816,18.3792,18.9412,19.6612,20.0645,20.4448,20.6135
07 December 2020,3691.96,1.6396,17.3511,18.6836,19.2261,19.9539,20.2223,20.5827,20.7268
08 December 2020,3702.25,1.635,16.9101,18.0081,18.6514,19.5612,19.9475,20.3305,20.4657
09 December 2020,3672.82,1.646,18.1856,18.9659,19.4885,20.0724,20.2835,20.5048,20.5574
10 December 2020,3668.1,1.649,18.4125,19.3268,19.7009,20.3444,20.6124,20.7925,20.8029
11 December 2020,3663.46,1.6511,18.559,19.8702,20.2115,20.7192,20.9429,21.0327,21.0239
14 December 2020,3647.49,1.6599,19.9634,20.617,20.9026,21.2308,21.4188,21.3864,21.3006
15 December 2020,3694.62,1.6388,18.2211,19.2163,19.7799,20.403,20.7837,20.9317,20.9334
16 December 2020,3701.17,1.6359,17.5103,18.6771,19.3292,20.1387,20.5855,20.8116,20.8229
17 December 2020,3722.48,1.6224,16.9288,18.1698,18.9808,19.9398,20.4626,20.6849,20.7221
18 December 2020,3709.41,1.6287,16.715,18.3122,19.3011,20.1115,20.6455,20.8054,20.8124
21 December 2020,3694.92,1.6014,19.5053,20.3083,20.8422,21.058,21.1674,21.273,21.2352
22 December 2020,3687.26,1.6052,19.0635,19.983,20.6148,20.9701,21.172,21.2778,21.2404
23 December 2020,3690.01,1.6032,18.3329,19.266,19.9481,20.5285,20.8855,21.0424,21.0127
24 December 2020,3703.06,1.6009,16.6191,18.1271,19.0122,19.8887,20.4401,20.7081,20.7143
28 December 2020,3735.36,1.5832,16.6665,18.0616,18.8055,19.7479,20.2878,20.6161,20.6594
29 December 2020,3727.04,1.5868,17.9565,19.1849,19.8128,20.4881,20.8115,21.0168,20.9892
30 December 2020,3732.04,1.5849,17.8713,18.8623,19.4607,20.2076,20.6471,20.8731,20.863
31 December 2020,3756.07,1.5694,17.3381,18.5369,19.1874,19.9931,20.5129,20.7736,20.8036
04 January 2021,3700.65,1.5858,21.2477,21.4744,21.6653,21.7778,21.6957,21.7476,21.6139
05 January 2021,3726.86,1.5749,19.9381,20.3153,20.7041,21.1098,21.323,21.4211,21.3439
06 January 2021,3748.14,1.566,19.3596,19.8419,20.2739,20.7486,20.9439,21.1722,21.1524
07 January 2021,3803.79,1.5466,17.2944,18.1983,18.9783,19.8096,20.2661,20.6396,20.6986
08 January 2021,3824.68,1.5382,16.6185,17.9477,18.7093,19.6592,20.1665,20.6227,20.7357
11 January 2021,3799.61,1.5484,19.1922,19.8691,20.3475,20.8912,20.9897,21.2934,21.2935
12 January 2021,3801.19,1.5476,18.4746,19.1172,19.7502,20.4302,20.7658,21.1581,21.1766
13 January 2021,3809.84,1.5443,17.2927,18.4331,19.2237,20.1445,20.5764,21.0146,21.0707
14 January 2021,3795.54,1.5515,18.148,19.0854,19.7415,20.6415,21.0232,21.3591,21.3661
15 January 2021,3768.25,1.5627,18.9239,20.1134,20.6357,21.288,21.4386,21.638,21.5685
19 January 2021,3798.91,1.5503,17.9695,19.3286,20.0412,20.8861,21.1787,21.4055,21.3819
20 January 2021,3851.85,1.5289,16.6723,18.1671,19.1158,20.2054,20.5793,20.972,21.0397
21 January 2021,3853.07,1.5287,16.5624,18.2299,19.2002,20.388,20.8255,21.1806,21.23
22 January 2021,3841.47,1.5334,16.5155,18.4655,19.5029,20.6314,21.0512,21.4219,21.4568
25 January 2021,3855.36,1.5278,17.8232,19.2822,20.1902,21.0996,21.3561,21.6346,21.6231
26 January 2021,3849.62,1.5301,17.921,19.4067,20.3233,21.2266,21.4761,21.7737,21.7395
27 January 2021,3750.77,1.5705,29.338,28.362,27.76,26.359,25.001,24.5301,24.0396
28 January 2021,3787.38,1.5555,22.9105,23.5952,23.9409,23.6862,23.1796,23.0379,22.7849
29 January 2021,3714.24,1.5865,26.0052,26.2672,26.0605,25.1975,24.2211,23.8749,23.4799
01 February 2021,3773.86,1.5562,22.443,23.8646,24.2943,24.0952,23.4117,23.1008,22.8303
02 February 2021,3826.31,1.5349,18.9245,20.8935,21.8082,22.4602,22.3676,22.4322,22.3136
03 February 2021,3830.17,1.5119,17.5302,19.628,20.696,21.698,21.953,22.1273,22.0967
04 February 2021,3871.74,1.4908,16.5748,18.784,19.9618,21.2314,21.6762,21.9535,21.9994
05 February 2021,3886.83,1.4857,15.9841,18.4083,19.6717,21.1494,21.7389,22.0447,22.0837
08 February 2021,3915.59,1.4748,15.866,18.4145,19.6559,21.0677,21.6292,21.9338,21.9751
09 February 2021,3911.23,1.4765,16.2471,18.6327,19.853,21.2739,21.7466,22.023,22.0697
10 February 2021,3909.88,1.477,16.7328,18.9755,20.296,21.6288,22.0383,22.2441,22.2286
11 February 2021,3916.38,1.4755,16.3449,18.4835,20.0505,21.5138,21.9646,22.1688,22.2286
12 February 2021,3934.83,1.4682,15.359,17.7068,19.3302,21.0234,21.6933,21.9765,22.0691
16 February 2021,3932.59,1.4677,16.1661,18.327,19.9243,21.5665,22.2176,22.4759,22.508
17 February 2021,3931.33,1.4693,15.9659,18.153,19.7381,21.4039,22.1235,22.371,22.3973
18 February 2021,3913.97,1.4759,16.9742,18.7439,20.111,21.7308,22.2187,22.4478,22.4697
19 February 2021,3906.71,1.4784,16.8214,18.5345,19.9046,21.5486,22.1628,22.3703,22.3723
22 February 2021,3876.5,1.4904,18.048,19.5967,20.5947,22.1158,22.4405,22.5753,22.5529
23 February 2021,3881.37,1.4887,17.9278,19.264,20.2212,21.7345,22.1321,22.2976,22.3436
24 February 2021,3925.43,1.472,16.2805,18.0933,19.2316,20.9537,21.5887,21.9296,22.0112
25 February 2021,3829.34,1.5084,22.3842,22.2787,22.552,23.0175,23.0175,22.8917,22.7265
26 February 2021,3811.15,1.5162,22.403,21.966,22.1481,22.7544,22.8098,22.6772,22.5279
01 March 2021,3901.82,1.4802,17.4534,18.8323,19.6348,20.9058,21.5637,21.8271,21.9423
02 March 2021,3870.29,1.4921,18.5608,19.5532,20.168,21.3271,21.8181,21.942,21.8842
03 March 2021,3819.72,1.5132,21.2454,21.39,21.6754,22.2958,22.4427,22.3309,22.1883
04 March 2021,3768.47,1.5321,22.9256,22.5486,22.5313,22.7738,22.831,22.5837,22.3468
05 March 2021,3841.94,1.5029,18.8119,20.1636,20.6255,21.3153,21.6618,21.7197,21.6454
08 March 2021,3821.35,1.511,20.2061,20.6605,20.8516,21.4136,21.6037,21.6107,21.5732
09 March 2021,3875.44,1.4924,19.1389,20.0362,20.4078,21.097,21.465,21.5266,21.5054
10 March 2021,3898.81,1.4839,17.7404,19.1253,19.7121,20.6896,21.1769,21.2969,21.2125
11 March 2021,3939.34,1.469,17.0338,18.5653,19.2565,20.3344,20.9295,21.1575,21.2244
12 March 2021,3943.34,1.4694,15.7643,18.1074,18.9924,20.2432,21.0022,21.2713,21.3312
15 March 2021,3968.94,1.4605,15.4769,17.2331,18.2544,19.7274,20.696,21.0397,21.1393
16 March 2021,3962.71,1.463,15.4724,17.2043,18.2753,19.7211,20.7367,21.136,21.2247
17 March 2021,3974.12,1.4589,15.0565,16.555,17.7257,19.2454,20.4218,20.928,21.0829
18 March 2021,3915.46,1.4809,16.4603,17.9052,18.8423,19.9851,20.8234,21.2611,21.3393
19 March 2021,3913.1,1.4824,16.0551,17.5702,18.6046,19.8538,20.8692,21.2442,21.2935
22 March 2021,3940.59,1.4685,14.4907,15.8674,16.9929,18.6287,20.0547,20.5828,20.7166
23 March 2021,3910.52,1.4798,15.7028,16.7117,17.4596,18.8225,19.5485,20.4302,20.5803
24 March 2021,3889.14,1.4881,16.4302,17.2171,17.9951,19.279,20.266,20.6704,20.7568
25 March 2021,3909.52,1.4805,15.4324,16.4552,17.2108,18.6429,19.6959,20.2283,20.362
26 March 2021,3974.54,1.4563,13.9174,15.4137,16.1546,17.8399,18.9533,19.6516,19.8909
29 March 2021,3971.09,1.4575,15.6895,16.2429,16.7363,18.1095,19.1087,19.6894,19.8617
30 March 2021,3958.55,1.4627,15.2698,15.8437,16.354,17.7761,18.795,19.4615,19.6693
31 March 2021,3972.89,1.4574,15.2528,15.8521,16.3569,17.7608,18.8087,19.481,19.73
01 April 2021,4019.87,1.4375,13.3493,14.4067,15.1613,16.9497,18.2938,19.1358,19.4813
05 April 2021,4077.91,1.4172,13.7951,14.4328,15.076,16.8496,18.1216,18.9263,19.2404
06 April 2021,4073.94,1.4124,13.9468,14.6454,15.3415,17.0225,18.3525,19.1088,19.4751
07 April 2021,4079.95,1.4107,13.2871,14.2146,15.0074,16.8043,18.0855,18.8319,19.158
08 April 2021,4097.17,1.4067,13.198,14.2461,15.1188,16.9382,18.1536,18.8552,19.1327
09 April 2021,4128.8,1.396,12.9262,14.2794,15.1707,16.9764,18.194,18.9387,19.2651
12 April 2021,4127.99,1.3965,13.3297,14.54,15.3504,17.0488,18.2846,18.9755,19.2546
13 April 2021,4141.59,1.3919,13.2114,14.4021,15.218,16.948,18.2456,18.9249,19.2172
14 April 2021,4124.66,1.3993,13.5525,14.6205,15.4616,17.1159,18.3626,19.0066,19.2573
15 April 2021,4170.42,1.384,12.9466,14.2353,15.0785,16.8409,18.146,18.8477,19.1385
16 April 2021,4185.47,1.379,12.5434,14.1243,14.9435,16.7194,18.1309,18.8097,19.102
19 April 2021,4163.26,1.3864,13.8004,15.0508,15.8236,17.2668,18.4256,18.9521,19.1839
20 April 2021,4134.94,1.3963,15.2119,16.0653,16.6907,17.8617,18.7751,19.2004,19.3951
21 April 2021,4173.42,1.3834,13.8869,15.0007,15.8237,17.2331,18.2539,18.714,18.9561
22 April 2021,4134.98,1.3968,15.2133,16.1095,16.7937,17.9345,18.8486,19.2086,19.3808
23 April 2021,4180.17,1.3818,13.708,15.1668,16.0314,17.3193,18.398,18.8636,19.1145
26 April 2021,4187.62,1.3793,14.0143,15.1511,16.0579,17.3112,18.4103,18.908,19.1269
27 April 2021,4186.72,1.3796,13.9963,14.9948,15.9,17.2067,18.3315,18.8389,19.0709
28 April 2021,4183.18,1.3808,13.7554,14.7641,15.7724,17.1328,18.282,18.8197,19.0638
29 April 2021,4211.47,1.3718,13.7669,14.8201,15.8156,17.1985,18.293,18.8002,19.0667
30 April 2021,4181.17,1.3825,14.3776,15.5383,16.4244,17.609,18.5832,18.9783,19.1726
03 May 2021,4192.66,1.378,14.0632,15.2951,16.2186,17.4834,18.4711,18.8831,19.0674
04 May 2021,4164.66,1.3871,15.5113,16.3386,17.0798,18.0023,18.8366,19.1449,19.2781
05 May 2021,4167.59,1.3862,15.1158,15.9645,16.7389,17.7812,18.6565,19.0305,19.1973
06 May 2021,4201.62,1.3664,14.0272,15.3373,16.1876,17.3822,18.3071,18.7577,18.9693
07 May 2021,4232.6,1.3571,12.4051,14.3276,15.3981,16.8191,17.9168,18.4349,18.7011
10 May 2021,4188.43,1.3715,15.2955,16.0405,16.7915,17.7945,18.5702,18.9549,19.2505
11 May 2021,4152.1,1.3837,17.2338,17.5002,18.0436,18.6901,19.0908,19.2577,19.3366
12 May 2021,4063.04,1.4151,22.0653,21.3421,21.3595,20.9654,20.5501,20.2466,20.1151
13 May 2021,4112.5,1.3987,18.6716,18.56,19.0009,19.3978,19.5551,19.5534,19.5773
14 May 2021,4173.85,1.3778,14.4203,15.6091,16.4611,17.5353,18.3172,18.6644,18.8585
17 May 2021,4163.29,1.3813,15.4141,16.2021,16.907,17.9973,18.636,18.9103,19.0892
18 May 2021,4127.83,1.3938,16.976,17.3685,18.0009,18.9788,19.4151,19.5048,19.5356
19 May 2021,4115.68,1.3991,17.5038,18.0498,18.6116,19.413,19.6334,19.6685,19.7009
20 May 2021,4159.12,1.385,15.6397,16.6285,17.3483,18.5889,19.1435,19.2292,19.343
21 May 2021,4155.86,1.3866,15.0833,16.3826,17.0446,18.3342,19.0074,19.175,19.3152
24 May 2021,4197.05,1.3734,13.778,15.3006,16.1347,17.4937,18.3543,18.657,18.8826
25 May 2021,4188.13,1.3764,14.3606,15.5325,16.3056,17.6223,18.5084,18.7895,18.9977
26 May 2021,4195.99,1.3739,13.1292,14.5768,15.4566,17.095,18.1904,18.5636,18.7639
27 May 2021,4200.88,1.3728,12.4757,13.8067,14.7034,16.4912,17.7454,18.223,18.5383
28 May 2021,4204.11,1.3725,12.069,13.8167,14.673,16.3771,17.6351,18.1463,18.4841
01 June 2021,4202.04,1.3736,13.3158,14.5337,15.3146,16.6774,17.979,18.3751,18.6862
02 June 2021,4208.12,1.373,13.0129,14.3677,15.2601,16.7747,18.1516,18.5919,18.8277
03 June 2021,4192.85,1.3786,13.5769,14.8635,15.696,17.1206,18.4015,18.8091,19.0004
04 June 2021,4229.89,1.3662,12.0052,13.7869,14.7819,16.3926,17.9501,18.4813,18.7161
07 June 2021,4226.52,1.3678,11.8622,13.7145,14.7483,16.4577,17.935,18.4291,18.6542
08 June 2021,4227.26,1.3679,12.3945,14.0069,14.9808,16.5982,18.0076,18.4698,18.7878
09 June 2021,4219.55,1.3711,13.0661,14.3846,15.2989,16.7937,18.1479,18.5935,18.814
10 June 2021,4239.18,1.3649,11.4455,13.219,14.2533,16.0141,17.589,18.1435,18.4238
11 June 2021,4247.44,1.3628,10.7769,12.8161,13.8708,15.7285,17.3685,17.9828,18.2785
14 June 2021,4255.15,1.3616,11.4933,13.2226,14.2779,16.0034,17.5186,18.0585,18.3158
15 June 2021,4246.59,1.3649,11.9882,13.5374,14.5283,16.2696,17.7792,18.3077,18.5203
16 June 2021,4223.7,1.3724,13.0939,14.2477,15.154,16.6522,18.0188,18.4733,18.7035
17 June 2021,4221.86,1.3734,12.5323,14.0217,15.0416,16.495,17.8724,18.3897,18.6412
18 June 2021,4166.45,1.3922,15.5283,16.1802,16.7805,17.6756,18.7165,18.9515,19.0479
21 June 2021,4224.79,1.3737,12.7122,14.2596,15.2198,16.5436,17.9232,18.3963,18.6805
22 June 2021,4246.44,1.3667,11.6125,13.111,14.2052,15.8431,17.4709,18.0524,18.4366
23 June 2021,4241.84,1.3682,11.6842,12.9946,14.0241,15.6242,17.322,17.9425,18.3407
24 June 2021,4266.49,1.3629,11.1608,12.6153,13.6501,15.3794,17.1459,17.7993,18.1738
25 June 2021,4280.7,1.3585,10.1973,12.3165,13.4565,15.2683,17.0799,17.7468,18.1546
28 June 2021,4290.61,1.3553,10.7387,12.4282,13.4873,15.3527,17.1523,17.7892,18.1918
29 June 2021,4291.8,1.3554,11.0641,12.6479,13.74,15.602,17.4083,18.0598,18.5303
30 June 2021,4297.5,1.3537,11.1645,12.7306,13.8007,15.7488,17.422,18.088,18.5627
01 July 2021,4319.94,1.3466,10.9155,12.6177,13.7462,15.6376,17.5517,18.1323,18.5281
02 July 2021,4352.34,1.3369,10.3355,12.4621,13.5796,15.4461,17.3161,17.9581,18.3969
06 July 2021,4343.54,1.34,11.6808,13.2755,14.2725,15.8501,17.5362,18.1279,18.5491
07 July 2021,4358.13,1.3355,11.7087,13.4413,14.4726,16.0678,17.6708,18.2182,18.6377
08 July 2021,4320.82,1.3477,13.8409,14.9593,15.5911,16.7386,18.1061,18.5656,18.8451
09 July 2021,4369.55,1.3327,11.1333,13.2504,14.1884,15.8401,17.922,18.1441,18.5214
12 July 2021,4384.63,1.3263,11.5057,13.2858,14.2651,15.9191,17.5494,18.1558,18.5127
13 July 2021,4369.21,1.331,12.5413,13.9732,14.8874,16.4535,17.9269,18.4293,18.7668
14 July 2021,4374.3,1.3313,12.0249,13.7534,14.7514,16.3818,17.9328,18.4818,18.7821
15 July 2021,4360.03,1.3374,12.6641,14.1577,15.0532,16.6719,18.1811,18.6249,18.9379
16 July 2021,4327.16,1.3476,13.7832,15.2176,16.0192,17.2363,18.5477,18.8823,19.1364
19 July 2021,4258.49,1.3694,17.0348,17.7014,18.0098,18.4115,19.3168,19.3215,19.4233
20 July 2021,4323.06,1.3495,14.5917,15.6765,16.3931,17.5115,18.7662,18.9666,19.1531
21 July 2021,4358.69,1.3365,13.1126,14.5253,15.3868,16.7667,18.2459,18.5219,18.7801
22 July 2021,4367.48,1.334,13.1962,14.5293,15.4672,16.7819,18.2454,18.5591,18.8489
23 July 2021,4411.79,1.3209,11.8245,14.0503,15.0843,16.5389,18.0208,18.4027,18.68
26 July 2021,4422.3,1.3179,12.7577,14.2644,15.2852,16.6647,18.1146,18.4601,18.7746
27 July 2021,4401.46,1.3242,14.3127,15.2931,16.0632,17.1864,18.3774,18.6597,18.8666
28 July 2021,4400.64,1.3245,13.4367,14.7455,15.7171,16.9676,18.2474,18.5856,18.795
29 July 2021,4419.15,1.3207,12.7842,14.2988,15.3998,16.7538,18.0789,18.4671,18.6822
30 July 2021,4395.26,1.328,12.9332,14.7057,15.7532,17.029,18.3134,18.6048,18.7332
02 August 2021,4387.16,1.3306,14.2806,15.3562,16.2788,17.3348,18.4834,18.7203,18.9158
03 August 2021,4423.15,1.3198,13.1871,14.518,15.6047,16.8788,18.1076,18.4415,18.6572
04 August 2021,4402.66,1.3263,13.1837,14.5879,15.6673,16.9526,18.2,18.4981,18.7346
05 August 2021,4429.1,1.3197,12.5388,14.128,15.2217,16.6046,17.9007,18.2647,18.5657
06 August 2021,4436.52,1.3195,11.4251,13.5267,14.7026,16.2694,17.729,18.196,18.5004
09 August 2021,4432.35,1.3209,11.9193,13.8409,15.0456,16.5844,18.0386,18.461,18.7214
10 August 2021,4436.75,1.3196,12.0662,13.8733,15.0945,16.661,18.1371,18.515,18.844
11 August 2021,4447.7,1.3174,11.5111,13.5207,14.7474,16.4239,18.0377,18.4772,18.7975
12 August 2021,4460.83,1.3145,11.0744,13.1223,14.4323,16.2376,17.901,18.3712,18.6931
13 August 2021,4468,1.3121,10.4351,13.0501,14.3877,16.2468,17.9241,18.3845,18.7301
16 August 2021,4479.71,1.3089,11.3622,13.5855,14.6997,16.3968,17.9796,18.4461,18.7183
17 August 2021,4448.08,1.3188,12.8774,14.5882,15.5778,17.0987,18.4679,18.7698,19.0252
18 August 2021,4400.27,1.3345,15.9762,16.8241,17.2763,18.2324,19.291,19.3576,19.4669
19 August 2021,4405.8,1.3335,15.584,16.6748,17.2425,18.2014,19.1661,19.2903,19.4153
20 August 2021,4441.67,1.323,12.9616,15.0764,16.0132,17.5268,18.7526,18.9804,19.1783
23 August 2021,4479.53,1.3125,11.8823,13.9102,14.976,16.8569,18.2272,18.6164,18.8105
24 August 2021,4486.23,1.3106,12.0272,13.8824,14.9869,16.982,18.3625,18.7667,19.0256
25 August 2021,4496.19,1.3079,11.5228,13.5239,14.6261,16.7299,18.2442,18.6803,18.9377
26 August 2021,4470,1.3159,13.1434,14.677,15.5651,17.3384,18.6607,18.8946,19.1324
27 August 2021,4509.37,1.3048,10.8951,13.3205,14.4674,16.6769,18.1192,18.5668,18.8376
30 August 2021,4528.79,1.3,11.1852,13.3274,14.3831,16.5961,18.0437,18.5372,18.7854
31 August 2021,4522.68,1.3031,11.1919,13.3558,14.3526,16.6441,18.1872,18.6559,18.8698
01 September 2021,4524.09,1.3032,11.2077,13.2092,14.2354,16.4204,18.1344,18.6345,18.8715
02 September 2021,4536.95,1.3014,11.3076,13.1914,14.2411,16.444,18.2221,18.7621,19.0113
03 September 2021,4535.43,1.3022,10.7584,13.1095,14.2544,16.5042,18.272,18.804,19.1039
07 September 2021,4520.03,1.3077,12.436,14.2617,15.2354,17.1858,18.8171,19.2786,19.5307
08 September 2021,4514.07,1.3103,12.5466,14.33,15.3448,17.3122,18.9783,19.4539,19.7135
09 September 2021,4493.28,1.3168,13.594,15.0375,15.925,17.738,19.2982,19.7082,19.8943
10 September 2021,4458.58,1.3282,14.9287,16.03,16.7192,18.1943,19.5655,19.9331,20.2395
13 September 2021,4468.73,1.3253,13.9778,15.3392,16.1782,17.8315,19.3421,19.725,19.9427
14 September 2021,4443.05,1.3345,14.718,15.7046,16.5411,18.1487,19.567,19.9353,20.0764
15 September 2021,4480.7,1.3237,13.1569,14.7119,15.7466,17.6341,19.2182,19.669,19.9253
16 September 2021,4473.75,1.326,13.3985,14.8419,15.8206,17.731,19.2765,19.7519,19.9974
17 September 2021,4432.99,1.3381,15.2561,16.3693,17.0398,18.6019,19.8683,20.1267,20.4061
20 September 2021,4357.73,1.3563,20.3727,20.0958,19.9719,20.4208,20.9653,20.8391,20.9187
21 September 2021,4354.19,1.3579,19.609,19.4021,19.4164,20.1092,20.8198,20.7602,20.8868
22 September 2021,4395.64,1.3451,16.2349,16.8723,17.4202,18.7919,19.9701,20.1408,20.3755
23 September 2021,4448.98,1.3293,13.949,15.0741,15.9713,17.8194,19.3126,19.7179,20.042
24 September 2021,4455.48,1.3274,13.0274,14.5876,15.5983,17.6057,19.2544,19.662,20.0427
27 September 2021,4443.11,1.3314,13.9241,15.0482,16.0467,17.9629,19.5439,19.8691,20.1893
28 September 2021,4352.63,1.3593,18.7429,18.3351,18.649,19.7265,20.7292,20.755,20.9047
29 September 2021,4359.46,1.3581,18.3351,17.9264,18.2289,19.5052,20.5506,20.596,20.7849
30 September 2021,4307.54,1.3752,19.8348,18.8122,18.9477,19.8195,20.7761,20.7224,20.8574
01 October 2021,4357.04,1.3593,17.2541,17.3817,17.9253,19.1698,22.6697,20.4119,20.5945
04 October 2021,4300.46,1.3785,19.5918,18.9485,19.1802,20.0845,20.8644,20.8138,20.9416
05 October 2021,4345.72,1.3654,17.9146,17.702,18.1422,19.3263,20.3977,20.5462,20.7272
06 October 2021,4363.55,1.3598,17.5816,17.4054,17.8453,19.1323,20.3269,20.4537,20.6735
07 October 2021,4399.76,1.3494,16.0525,16.5725,17.1117,18.6327,19.9276,20.1347,20.4366
08 October 2021,4391.34,1.3523,15.3472,16.3866,17.029,18.5674,19.9163,20.1796,20.4743
11 October 2021,4361.19,1.3617,16.7913,17.1813,17.6047,18.8745,20.0753,20.2814,20.565
12 October 2021,4350.65,1.365,16.4275,16.8176,17.2986,18.6844,19.9867,20.111,20.4015
13 October 2021,4363.8,1.3621,15.3412,16.0916,16.6305,18.2355,19.6893,19.9599,20.3164
14 October 2021,4438.26,1.3407,13.1064,14.4617,15.3562,17.3641,19.0405,19.4871,19.9576
15 October 2021,4471.37,1.3308,12.1174,14.1331,15.0981,17.2492,19.0427,19.4753,20.0072
18 October 2021,4486.46,1.3263,12.3561,14.0977,15.0562,17.2934,19.0777,19.5024,20.0338
19 October 2021,4519.63,1.3169,12.0317,13.766,14.7234,16.9186,18.7493,19.3164,19.8425
20 October 2021,4536.19,1.3122,11.7897,13.6186,14.6449,16.7553,18.5653,19.2055,19.7255
21 October 2021,4549.78,1.3088,11.3387,13.3435,14.3693,16.6032,18.4628,19.1034,19.6571
22 October 2021,4544.9,1.3103,11.6686,13.7133,14.7588,16.8893,18.6392,19.2444,19.7844
25 October 2021,4566.48,1.3042,11.6019,13.5614,14.5348,16.6077,18.4169,19.0962,19.6458
26 October 2021,4574.79,1.3018,12.0405,13.811,14.7121,16.7234,18.517,19.1501,19.6996
27 October 2021,4551.68,1.3085,13.0338,14.6944,15.5143,17.3285,18.9013,19.4594,19.9488
28 October 2021,4596.42,1.2974,12.2762,14.0828,15.0236,17.029,18.769,19.3865,19.8762
29 October 2021,4605.38,1.2954,11.6759,13.9597,14.8837,16.9008,18.6504,19.3302,19.8256
01 November 2021,4613.67,1.2939,12.1743,14.0514,14.9719,16.9459,18.7289,19.3373,19.7734
02 November 2021,4630.65,1.2892,11.9609,13.7433,14.7685,16.8122,18.6731,19.3459,19.8011
03 November 2021,4660.57,1.2809,11.3004,13.1767,14.2707,16.4605,18.4905,19.2096,19.684
04 November 2021,4680.06,1.2771,11.376,13.2395,14.3817,16.5747,18.6038,19.3121,19.7475
05 November 2021,4697.53,1.2732,11.6079,13.7562,14.8098,16.867,18.7596,19.4412,19.8449
08 November 2021,4701.7,1.2721,12.1502,14.0366,15.0754,17.0573,18.903,19.5004,19.8903
09 November 2021,4685.25,1.2778,12.974,14.5565,15.4307,17.3124,19.0191,19.5981,19.9861
10 November 2021,4646.71,1.2895,14.1336,15.1636,16.0142,17.6716,19.2109,19.689,20.0351
11 November 2021,4649.27,1.2888,13.4819,14.9152,15.5909,17.3404,19.086,19.6747,20.1217
12 November 2021,4682.85,1.2809,12.0601,14.0229,15,16.9757,18.7726,19.4025,19.8589
15 November 2021,4682.8,1.2812,12.5927,14.2027,15.1167,17.0737,18.8502,19.4409,19.9013
16 November 2021,4700.9,1.2768,12.5303,13.992,15.0799,17.13,18.9252,19.5276,19.9663
17 November 2021,4688.67,1.2816,13.1058,14.5228,15.6095,17.5966,19.3506,19.9047,20.3018
18 November 2021,4704.54,1.279,13.1565,14.6238,15.62,17.6697,19.4025,19.9665,20.3192
19 November 2021,4697.96,1.281,13.0403,14.6362,15.7764,17.7467,19.5425,20.0529,20.3905
22 November 2021,4682.94,1.2859,14.31,15.3992,16.3535,18.228,19.8734,20.2616,20.5635
23 November 2021,4690.7,1.284,14.3793,15.3984,16.2797,18.1891,19.8182,20.2319,20.4378
24 November 2021,4701.46,1.2813,13.8305,14.9682,15.9284,18.0066,19.6493,20.171,20.4712
26 November 2021,4594.62,1.3112,21.6859,21.3911,21.5873,21.9372,22.2856,22.2312,21.7846
29 November 2021,4655.27,1.2963,16.8258,17.3931,17.7852,19.2608,20.4049,20.6872,20.9197
30 November 2021,4567,1.3221,20.3779,20.0619,20.1081,21.0217,21.5902,21.6134,21.6526
01 December 2021,4513.04,1.3269,23.7566,22.4717,22.1403,22.3356,22.4399,22.1103,22.0601
02 December 2021,4577.1,1.3099,21.0933,20.7423,20.7488,21.2716,21.6182,21.5923,21.6562
03 December 2021,4538.43,1.3216,22.4596,22.4446,22.3815,22.6105,22.5968,22.3428,22.2598
06 December 2021,4591.67,1.3077,20.0244,20.2514,20.4888,21.151,21.6797,21.6927,21.7443
07 December 2021,4686.75,1.2814,16.3261,17.1628,17.7625,19.1147,20.2749,20.6939,21.0057
08 December 2021,4701.21,1.2783,14.9916,16.2616,17.026,18.6832,20.0582,20.4939,20.8292
09 December 2021,4667.45,1.2893,16.3631,17.2258,17.8333,19.2513,20.4212,20.7374,21.0209
10 December 2021,4712.02,1.2772,13.6997,15.6665,16.5084,18.4226,19.926,20.3825,20.7286
13 December 2021,4668.97,1.2895,15.8561,17.0715,17.7879,19.2599,20.4697,20.7941,21.069
14 December 2021,4634.09,1.3024,17.7958,18.3519,18.8733,20.03,21.0323,21.3051,21.4875
15 December 2021,4709.85,1.2816,15.2519,16.351,17.1074,18.7648,20.1772,20.6722,21.0097
16 December 2021,4668.67,1.2945,16.1116,17.1894,17.8641,19.3595,20.6136,21.0559,21.2787
17 December 2021,4620.64,1.31,17.2832,18.3653,18.9786,20.2128,21.2542,21.5502,21.6605
20 December 2021,4568.02,1.3222,19.0588,19.287,19.6904,20.6211,21.4983,21.6383,21.7664
21 December 2021,4649.23,1.2999,16.8572,17.8122,18.4786,19.8204,20.9456,21.194,21.4058
22 December 2021,4696.56,1.2873,14.5566,16.1386,17.2183,18.9312,20.3083,20.7337,20.9573
23 December 2021,4725.79,1.2796,13.445,15.5572,16.736,18.6114,20.1501,20.6316,20.8436
27 December 2021,4791.19,1.2628,13.1631,14.7225,16.0111,18.192,19.7926,20.3936,20.6892
28 December 2021,4786.35,1.2641,13.2374,14.3986,15.6929,17.9881,19.7097,20.3374,20.5735
29 December 2021,4793.06,1.2624,12.4064,13.9033,15.3309,17.7623,19.5967,20.3054,20.5675
30 December 2021,4778.73,1.2671,12.6489,14.0171,15.456,17.7871,19.6585,20.2799,20.5578
31 December 2021,4766.18,1.2701,12.5331,14.0031,15.5373,17.6533,19.2983,20.2487,20.5066
03 January 2022,4796.56,1.2633,12.3346,13.7227,15.2842,17.4795,19.4036,20.1176,20.4659
04 January 2022,4793.54,1.2645,12.7455,13.9859,15.4854,17.6273,19.4912,20.1524,20.472
05 January 2022,4700.58,1.2902,15.6332,16.1169,17.2144,18.7952,20.2417,20.8305,21.0362
06 January 2022,4696.05,1.2922,15.8054,16.3518,17.393,18.8906,20.3622,20.8863,21.1768
07 January 2022,4677.03,1.2913,14.9986,15.9662,17.0314,18.6469,20.1997,20.805,21.1951
10 January 2022,4670.29,1.2932,15.5553,16.1448,17.0461,18.6332,20.1484,20.7322,20.9228
11 January 2022,4713.07,1.2814,14.7654,15.4003,16.3165,18.0906,19.7331,20.463,20.678
12 January 2022,4726.35,1.278,14.2551,15.0431,16.0373,17.886,19.5752,20.3237,20.6075
13 January 2022,4659.03,1.2982,17.0308,17.3447,17.8673,19.086,20.291,20.8775,21.0025
14 January 2022,4662.85,1.2973,15.7224,16.5297,17.2113,18.6489,20.0403,20.674,20.9241
18 January 2022,4577.11,1.322,19.762,19.3771,19.4213,20.2016,21.0647,21.4685,21.551
19 January 2022,4532.76,1.3351,20.3702,19.9366,19.9633,20.4977,21.1369,21.5218,21.5893
20 January 2022,4482.73,1.3508,21.7981,21.2361,21.0428,21.2639,21.6809,21.8503,21.8066
21 January 2022,4397.94,1.3768,24.1913,23.6538,23.0049,22.8091,22.6371,22.475,22.2869
24 January 2022,4410.13,1.373,24.8921,23.9276,23.2736,22.8474,22.4799,22.4691,22.3301
25 January 2022,4356.45,1.39,26.539,25.1973,24.3166,23.7009,23.1905,22.9729,22.7528
26 January 2022,4349.93,1.3922,26.4192,25.1275,24.167,23.6011,23.0269,22.8725,22.5924
27 January 2022,4326.51,1.3999,25.5139,24.5441,23.7924,23.2101,22.8407,22.6297,22.4376
28 January 2022,4431.85,1.3696,22.418,22.1588,21.7123,21.7589,21.8414,21.8797,21.8581
31 January 2022,4515.55,1.3443,19.7596,20.2193,20.0474,20.5316,21.0582,21.3381,21.4236
01 February 2022,4546.54,1.3352,17.4234,18.451,18.5009,19.4589,20.2998,20.6789,20.8811
02 February 2022,4589.38,1.3227,17.8243,18.9243,19.0252,19.8387,20.6403,20.9766,21.0517
03 February 2022,4477.44,1.3574,20.3288,20.695,20.5391,20.9998,21.3009,21.5851,21.6234
04 February 2022,4500.53,1.3515,19.6769,20.2757,20.2258,20.8298,21.301,21.4359,21.4731
07 February 2022,4483.87,1.3567,19.0561,20.0733,20.0292,20.7135,21.2773,21.4239,21.4239
08 February 2022,4521.54,1.3454,17.4269,18.7157,18.8764,19.8643,20.6678,20.9435,21.0402
09 February 2022,4587.18,1.3263,16.0098,17.5209,17.8672,19.0695,20.1293,20.5937,20.7409
10 February 2022,4504.08,1.3516,19.9481,20.4536,20.2287,20.7847,21.2055,21.361,21.4501
11 February 2022,4418.64,1.3782,23.2202,22.9748,22.4206,22.1841,21.8851,21.7545,21.7057
14 February 2022,4401.67,1.3842,23.2005,23.1182,22.5938,22.2938,22.0497,21.9465,21.8528
15 February 2022,4471.07,1.3632,20.7435,20.9321,20.7763,21.0586,21.3171,21.3613,21.3722
16 February 2022,4475.01,1.3633,19.8526,19.7716,19.8376,20.4777,21.0126,21.0954,21.0335
17 February 2022,4380.26,1.3964,24.0453,23.0091,22.5341,22.3713,22.1058,21.9277,21.7795
18 February 2022,4348.87,1.408,24.3882,23.1675,22.7054,22.554,22.373,22.1175,21.8886
22 February 2022,4304.76,1.4226,24.9342,23.4943,22.8728,22.6027,22.308,21.9914,21.8292
23 February 2022,4225.5,1.4496,27.1613,25.4389,24.728,24.0719,23.2998,22.7616,22.4236
24 February 2022,4288.7,1.429,25.937,24.2563,23.7224,23.2668,22.6668,22.2905,21.9975
25 February 2022,4384.65,1.4006,23.2124,22.1314,21.8846,21.9805,21.8701,21.7415,21.5593
28 February 2022,4373.94,1.4048,24.5254,23.4399,22.9143,22.6542,22.2197,21.9569,21.7431
01 March 2022,4306.26,1.4276,28.1871,26.1707,25.1409,24.2615,23.31,22.8063,22.491
02 March 2022,4386.54,1.4012,25.6327,24.2415,23.6735,23.2926,22.6857,22.3326,22.1555
03 March 2022,4363.49,1.4099,25.7378,24.3862,23.8581,23.484,22.8739,22.5147,22.251
04 March 2022,4328.87,1.4232,26.6352,25.8882,25.2109,24.4719,23.4506,23.0127,22.7239
07 March 2022,4201.09,1.4666,30.4388,28.6911,27.7051,26.6389,25.0656,24.184,23.6315
08 March 2022,4170.7,1.4776,30.193,28.5483,27.7115,26.3768,24.8455,23.9103,23.3379
09 March 2022,4277.88,1.4422,27.536,26.375,25.8224,25.0607,23.9618,23.2434,22.8471
10 March 2022,4259.52,1.4491,26.1066,25.393,24.8742,24.5598,23.7944,23.2023,22.8229
11 March 2022,4204.31,1.4702,26.4089,26.2012,25.8351,25.4543,24.5043,23.7461,23.2688
14 March 2022,4173.11,1.4841,27.9893,27.0832,26.5635,25.932,24.934,24.0806,23.8953
15 March 2022,4262.45,1.4531,25.6862,25.4174,25.1424,24.9103,24.1261,23.5762,23.1609
16 March 2022,4357.86,1.4215,22.1458,22.5419,22.6239,22.8869,22.7165,22.614,22.3933
17 March 2022,4411.67,1.4048,21.1932,21.4916,21.6292,22.0883,22.1703,22.1316,22.0245
18 March 2022,4463.12,1.3887,18.9548,19.9224,20.1947,21.0131,21.5084,21.6926,21.6155
21 March 2022,4461.18,1.3893,19.3088,19.9108,20.1955,21.0303,21.5476,21.7355,21.7312
22 March 2022,4511.61,1.3738,18.3233,18.9606,19.3117,20.3816,21.0479,21.365,21.3842
23 March 2022,4456.24,1.3912,19.3247,19.7677,20.0831,20.991,21.5374,21.6543,21.7163
24 March 2022,4520.16,1.372,17.7405,18.6171,19.1608,20.3957,21.1233,21.3637,21.4341
25 March 2022,4543.06,1.3651,16.4955,17.9474,18.6486,20.0035,20.8487,21.199,21.3429
28 March 2022,4575.52,1.3554,15.6674,17.1172,18.0433,19.6283,20.664,21.0696,21.2709
29 March 2022,4631.6,1.339,15.2589,16.3752,17.298,19.1009,20.3259,20.8782,21.1087
30 March 2022,4602.45,1.3494,16.1296,17.0248,17.9014,19.5349,20.6762,21.1695,21.3348
31 March 2022,4530.41,1.3714,17.1512,17.9157,18.7366,20.1947,21.0976,21.488,21.6569
01 April 2022,4545.86,1.3667,15.4662,17.125,18.2113,20.0011,21.1204,21.4896,21.6247
04 April 2022,4582.64,1.356,14.6181,16.1595,17.2738,19.4088,20.7043,21.2372,21.4328
05 April 2022,4525.12,1.3745,17.1192,17.9407,18.7972,20.5586,21.5019,21.8852,21.9572
06 April 2022,4481.15,1.388,18.3562,18.8158,19.6262,21.1741,21.9188,22.1527,22.1757
07 April 2022,4500.21,1.3828,17.9194,18.6531,19.407,21.0118,21.756,22.0144,22.0331
08 April 2022,4488.28,1.3869,17.5819,18.586,19.3777,21.0325,21.9289,22.0599,22.1161
11 April 2022,4412.53,1.4107,20.4484,20.64,20.9726,22.0987,22.4751,22.5087,22.4557
12 April 2022,4397.45,1.4161,20.5533,20.7614,21.1057,22.2754,22.6638,22.6771,22.5935
13 April 2022,4446.59,1.3975,18.3174,18.9869,19.5759,21.2715,21.8849,22.0098,22.0799
14 April 2022,4392.59,1.4146,19.4423,20.0953,20.5347,21.9953,22.4707,22.5161,22.4228
18 April 2022,4391.69,1.4149,19.3445,20.0485,20.5171,21.9244,22.3531,22.4639,22.3005
19 April 2022,4462.21,1.3929,18.1719,19.0594,19.6763,21.2469,21.9097,22.0166,21.8922
20 April 2022,4459.45,1.3939,17.4691,18.4603,19.1855,20.8714,21.5347,21.672,21.7282
21 April 2022,4393.66,1.4154,19.739,20.2932,20.7811,21.9903,22.411,22.3645,22.2259
22 April 2022,4271.78,1.4559,24.4666,24.0784,24.1626,24.2662,23.8241,23.4682,23.1106
25 April 2022,4296.12,1.4488,23.36,23.1645,23.3904,23.5766,23.4191,23.1028,22.8085
26 April 2022,4175.2,1.4908,28.5504,26.8701,26.5048,25.788,24.7207,24.0203,23.6235
27 April 2022,4183.96,1.4878,25.9514,25.0285,24.9189,24.6373,23.9029,23.3584,22.9712
28 April 2022,4287.5,1.4535,23.9521,24.001,24.0203,23.974,23.4598,22.9863,22.6227
29 April 2022,4131.93,1.5084,27.7084,26.6234,26.1092,25.5442,24.5193,23.7965,23.3598
02 May 2022,4155.38,1.4999,27.2647,26.3114,25.9006,25.2366,24.4205,23.7535,23.2569
03 May 2022,4175.48,1.4927,25.3819,24.7458,24.5473,24.257,23.7922,23.2784,22.8336
04 May 2022,4300.17,1.4494,22.2618,22.5447,22.6126,22.7664,22.7003,22.4825,22.2001
05 May 2022,4146.87,1.5051,27.0603,26.1439,25.7561,25.0454,24.3029,23.6319,23.1645
06 May 2022,4123.34,1.5146,25.7739,25.9345,25.697,25.1556,24.4407,23.7844,23.384
09 May 2022,3991.24,1.5649,30.7416,29.2659,28.4981,27.0563,25.6917,24.7175,24.0004
10 May 2022,4001.05,1.5611,29.5487,28.249,27.5845,26.5157,25.2944,24.3357,23.6324
11 May 2022,3935.18,1.5889,29.3002,27.8635,27.5396,26.5659,25.3762,24.5109,23.9214
12 May 2022,3930.08,1.5937,29.4504,28.0551,27.5497,26.559,25.3447,24.4498,23.7283
13 May 2022,4023.89,1.5589,25.6509,25.7112,25.5048,25.0513,24.4128,23.7193,23.1401
16 May 2022,4008.01,1.5655,25.6115,25.1572,25.0796,24.9841,24.3914,23.6872,23.1228
17 May 2022,4088.85,1.5352,24.1861,23.8843,23.9584,24.1165,23.7687,23.2293,22.798
18 May 2022,3923.68,1.6022,27.8305,27.1195,26.8169,26.3307,25.1674,24.4861,23.8452
19 May 2022,3900.79,1.6124,26.5026,25.6154,25.5093,25.4285,24.6766,23.8921,23.3734
20 May 2022,3901.36,1.6123,25.7877,25.6213,25.6065,25.3517,24.5615,23.8147,23.2397
23 May 2022,3973.75,1.5834,25.7898,25.5596,25.3474,25.1502,24.4563,23.7543,23.2746
24 May 2022,3941.48,1.5965,26.8098,26.1641,25.9003,25.5412,24.6265,23.9347,23.2636
25 May 2022,3978.73,1.5818,26.2858,25.6527,25.3673,25.1105,24.3777,23.6948,23.101
26 May 2022,4057.84,1.5512,24.8608,24.6813,24.5659,24.5068,23.9034,23.3164,22.7901
27 May 2022,4158.24,1.5193,22.5835,23.2099,23.2694,23.5449,23.2322,22.7765,22.3858
31 May 2022,4132.15,1.5305,23.8226,23.4879,23.5079,23.7332,23.4683,22.9857,22.5869
01 June 2022,4101.23,1.5431,23.758,23.5964,23.5734,23.7786,23.5334,23.0199,22.5833
02 June 2022,4176.82,1.5171,22.4147,22.6442,22.7882,23.1373,22.9367,22.5944,22.2415
03 June 2022,4108.54,1.547,22.39,23.0993,23.2783,23.5511,23.3632,22.9645,22.5248
06 June 2022,4121.43,1.5422,22.498,23.116,23.2006,23.3302,23.3491,23.0136,22.6526
07 June 2022,4160.68,1.528,21.8351,22.5419,22.6965,23.1853,23.2618,23.0423,22.5915
08 June 2022,4115.77,1.5477,22.1419,22.6933,22.8112,23.2974,23.3376,23.1016,22.675
09 June 2022,4017.82,1.5865,24.1552,24.1996,24.1255,24.238,23.7703,23.4014,23.0583
10 June 2022,3900.86,1.6363,25.6038,25.8922,25.4984,25.2979,24.6302,24.1242,23.5739
13 June 2022,3749.63,1.7019,30.5328,29.5789,28.5293,27.5103,26.1437,25.2042,24.371
14 June 2022,3735.48,1.714,29.4024,28.2504,27.4077,26.7299,25.563,24.8013,24.1742
15 June 2022,3789.99,1.6898,27.4099,26.596,25.9487,25.4444,24.6902,24.1249,23.4602
16 June 2022,3666.77,1.7475,29.5606,28.3894,27.5075,26.8862,25.7413,24.9225,24.061
17 June 2022,3674.84,1.7435,27.3569,27.2214,26.6356,26.2015,25.2331,24.4886,23.8057
21 June 2022,3764.79,1.7028,26.9657,26.4258,25.8725,25.5553,24.812,24.191,23.4269
22 June 2022,3759.89,1.7052,26.3803,25.8672,25.5154,25.2859,24.6433,24.0941,23.2963
23 June 2022,3795.73,1.6894,26.3183,25.8219,25.4692,25.2396,24.6532,23.992,23.2988
24 June 2022,3911.74,1.6377,23.9324,24.4059,24.2357,24.294,23.9699,23.6489,23.1109
27 June 2022,3900.11,1.6453,23.9236,24.027,23.8767,24.0611,23.9471,23.5511,22.9659
28 June 2022,3821.55,1.6791,25.7526,25.1913,24.8805,24.7753,24.4971,23.9901,23.3598
29 June 2022,3818.83,1.6815,26.0459,25.226,24.8866,24.8158,24.5388,24.0594,23.5375
30 June 2022,3785.38,1.6974,26.4412,25.792,25.4747,25.234,24.8135,24.2547,23.6837
01 July 2022,3825.33,1.6798,24.5228,24.7495,24.6751,24.5842,24.3575,23.7677,23.2052
05 July 2022,3831.39,1.6785,25.7407,25.0677,24.8356,24.6224,24.3316,23.7912,23.1449
06 July 2022,3845.08,1.6727,25.1531,24.6879,24.5388,24.4381,24.2793,23.8824,23.2327
07 July 2022,3902.62,1.6484,24.1714,24.0799,23.989,24.142,24.0949,23.6427,23.1133
08 July 2022,3899.38,1.645,22.2596,23.1891,23.3811,23.8106,23.9708,23.6098,22.9776
11 July 2022,3854.43,1.6642,24.1865,24.2238,24.2096,24.38,24.4185,23.9492,23.2947
12 July 2022,3818.8,1.6801,25.0988,24.6471,24.6324,24.6137,24.6353,24.1043,23.4963
13 July 2022,3801.78,1.6878,25.1142,24.6122,24.6574,24.7183,24.7637,24.3262,23.622
14 July 2022,3790.38,1.6946,24.5619,24.4559,24.6327,24.798,24.9553,24.5001,23.9605
15 July 2022,3863.16,1.6609,21.876,22.7611,23.1939,23.8743,24.37,24.0037,23.4719
18 July 2022,3830.85,1.6749,23.2229,23.533,23.712,24.28,24.6446,24.3208,23.8167
19 July 2022,3936.69,1.6305,22.294,22.6885,22.4715,23.2257,24.0738,23.9365,23.4685
20 July 2022,3959.9,1.6211,22.4696,22.6219,22.94,23.6235,24.2178,24.0759,23.6474
21 July 2022,3998.95,1.6059,21.0182,21.6883,22.2966,23.1469,23.7246,23.6802,23.296
22 July 2022,3961.63,1.6211,20.2116,21.5874,22.1716,23.1533,23.8311,23.7476,23.3559
25 July 2022,3966.84,1.6189,21.4892,21.8636,22.3489,23.2439,23.8697,23.7714,23.4106
26 July 2022,3921.05,1.6379,22.3467,22.3177,22.6259,23.438,23.9885,23.883,23.5112
27 July 2022,4023.61,1.5962,20.7318,21.2162,21.6048,22.733,23.3791,23.3791,23.1899
28 July 2022,4072.43,1.5778,19.3572,20.045,20.5619,21.9262,22.8567,23.2507,22.8398
29 July 2022,4130.29,1.5621,18.4823,19.8446,20.312,21.7198,22.6398,22.7874,22.6299
01 August 2022,4118.63,1.5664,20.1441,21.0156,21.2531,22.3268,23.1004,23.1609,22.9596
02 August 2022,4091.19,1.5769,21.4184,21.9436,22.0699,22.9045,23.4658,23.4534,23.3001
03 August 2022,4155.17,1.5527,19.5934,20.6151,20.9517,22.0987,22.8169,22.9567,22.9191
04 August 2022,4151.94,1.5552,19.1662,20.5263,20.9566,22.1672,23.0093,23.1751,23.1079
05 August 2022,4145.19,1.5583,18.2569,20.3049,20.8473,22.228,23.0301,23.1876,23.1224
08 August 2022,4140.06,1.5597,18.5656,20.509,21.1065,22.4478,23.2157,23.4041,23.3516
09 August 2022,4122.47,1.5664,19.2279,20.9056,21.4056,22.6364,23.3781,23.4598,23.3273
10 August 2022,4210.24,1.5359,17.437,19.3999,20.1171,21.683,22.6923,22.9876,23.057
11 August 2022,4207.27,1.5383,17.6629,19.4688,20.2619,21.7569,22.6937,22.9805,23.1013
12 August 2022,4280.15,1.5149,16.2466,18.8292,19.6609,21.3797,22.5732,22.9524,22.8292
15 August 2022,4297.14,1.5103,17.459,19.2166,19.959,21.2324,22.112,22.4199,22.4446
16 August 2022,4305.2,1.5079,17.6483,19.1045,19.9775,21.2511,22.1971,22.5501,22.8037
17 August 2022,4274.04,1.5209,17.9464,19.4085,20.2815,21.9323,22.8365,23.1879,23.0365
18 August 2022,4283.74,1.5213,17.8227,19.022,20.0166,21.4876,22.4428,22.757,22.669
19 August 2022,4228.48,1.5414,17.9928,20.0923,21.035,22.4372,23.2391,23.4706,23.4164
22 August 2022,4137.99,1.5757,21.2034,21.9597,22.4226,23.0142,23.3745,23.3051,23.3234
23 August 2022,4128.73,1.5794,21.8731,22.109,22.5381,23.4063,23.8967,24.2582,23.5805
24 August 2022,4140.77,1.5751,20.6413,20.9099,21.5364,22.4849,22.8964,22.8413,22.9088
25 August 2022,4199.12,1.5535,19.8255,20.2108,20.9219,22.0472,22.5302,22.613,22.5112
26 August 2022,4057.66,1.6079,22.7542,22.8361,23.249,23.9471,24.1187,23.4436,23.3477
29 August 2022,4030.61,1.6191,23.1973,22.8691,23.1977,23.8682,24.0736,24.001,23.8483
30 August 2022,3986.16,1.6382,23.8591,23.3574,23.543,23.9797,24.1754,24.0548,23.6381
31 August 2022,3955,1.6534,23.3166,22.8647,23.2894,23.8958,24.2925,24.2178,23.8992
01 September 2022,3966.85,1.6498,22.9246,22.6894,23.099,23.5309,23.9078,23.7532,23.5521
02 September 2022,3924.26,1.6723,22.8369,22.9439,23.299,23.8634,24.1862,24.1238,23.9458
06 September 2022,3908.19,1.6799,24.2845,24.0106,24.1701,24.2286,24.5062,24.3482,24.2116
07 September 2022,3979.87,1.6497,22.1996,22.4849,22.9211,23.4774,24.1327,24.122,23.6167
08 September 2022,4006.18,1.6395,21.304,22.0524,22.2661,23.0205,23.6672,23.7922,23.7922
09 September 2022,4067.36,1.6183,19.8277,21.3283,21.7216,22.5493,23.1522,23.2728,23.2728
12 September 2022,4110.41,1.6006,21.2823,21.845,22.0822,22.703,23.2037,23.3141,23.3447
13 September 2022,3932.69,1.6733,24.2304,24.2582,24.1233,24.2283,24.7415,24.4827,24.2784
14 September 2022,3946.01,1.6721,23.5814,23.6666,23.7151,24.1654,24.4848,24.4199,24.0415
15 September 2022,3901.35,1.692,24.7445,24.6254,24.5293,24.5393,24.6905,24.455,24.0363
16 September 2022,3873.33,1.7044,24.3264,24.5145,24.4388,24.477,24.6463,24.4534,23.8358
19 September 2022,3899.89,1.6921,24.15,24.0292,23.9801,24.2322,24.602,24.5047,24.4284
20 September 2022,3855.93,1.7114,47.2841,25.076,24.762,24.7791,24.826,24.5557,24.1854
21 September 2022,3789.93,1.7419,26.6538,25.9377,25.5903,25.3646,25.2935,24.9916,24.3216
22 September 2022,3757.99,1.757,25.8115,25.2173,24.9414,24.8175,25.0083,24.7134,24.3226
23 September 2022,3693.23,1.7881,27.0307,26.5645,26.1543,25.744,25.3701,24.609,24.0716
26 September 2022,3655.04,1.8067,29.4395,28.1553,27.4697,26.9109,26.4982,25.877,25.118
27 September 2022,3647.29,1.8107,29.2547,27.7551,27.2376,26.9622,26.6522,26.0919,25.3749
28 September 2022,3719.04,1.7815,27.6012,26.6653,26.2922,26.0557,25.7953,25.3221,25.1927
29 September 2022,3640.47,1.8212,28.435,27.2182,26.9026,26.5207,26.1074,25.4587,25.17
30 September 2022,3585.62,1.8494,28.0805,27.1458,26.9865,26.6726,26.2514,25.6124,24.9153
03 October 2022,3678.43,1.8021,27.2772,26.04,25.8377,25.7508,25.8661,25.3886,24.8009
04 October 2022,3790.93,1.7479,25.941,25.0409,24.9919,25.1398,25.2071,24.7774,24.3867
05 October 2022,3783.28,1.7514,26.1087,25.2775,25.0718,25.5268,25.5303,25.1647,24.623
06 October 2022,3744.52,1.7651,27.1456,26.305,25.9618,25.9488,25.7223,25.2428,25.0082
07 October 2022,3639.66,1.8163,27.5972,27.2086,26.8077,26.5903,26.3262,25.5304,25.3034
10 October 2022,3612.39,1.83,29.6726,28.3644,27.616,27.2946,26.5508,25.8097,25.6268
11 October 2022,3588.84,1.842,30.7849,28.8724,28.0081,27.4839,26.5717,25.5715,25.0585
12 October 2022,3577.03,1.8488,30.7952,28.8561,27.9359,27.5231,26.9506,26.2365,25.3517
13 October 2022,3669.91,1.802,29.3556,28.1341,27.2296,26.8223,26.3295,25.5822,25.378
14 October 2022,3583.07,1.8467,29.317,28.3777,27.5432,27.2842,26.9273,26.5039,26.5039
17 October 2022,3677.95,1.7991,28.9904,27.9954,27.0733,26.8633,26.4847,25.8355,25.696
18 October 2022,3719.98,1.7793,28.1982,27.0285,26.3606,26.3287,25.7081,26.2707,26.7115
19 October 2022,3695.16,1.7912,28.2744,27.4194,26.6674,26.3235,25.8372,25.5448,25.5448
20 October 2022,3665.78,1.8064,27.8021,27.5182,26.771,26.6091,26.4,26.1013,26.1013
21 October 2022,3752.75,1.7647,27.5204,27.2495,26.5534,26.5312,25.9369,26.1237,26.1237
24 October 2022,3797.34,1.744,27.818,27.0147,26.4261,26.5416,26.1141,25.6908,25.3009
25 October 2022,3859.11,1.716,26.4561,26.2311,25.6108,25.664,25.529,25.1558,25.2487
26 October 2022,3830.6,1.729,25.4943,25.347,24.893,25.2299,25.6336,25.4152,25.3023
27 October 2022,3807.3,1.7398,28.0398,25.8843,25.1096,25.5976,25.6319,25.8131,25.1831
28 October 2022,3901.06,1.6988,23.8927,24.4188,24.098,24.8303,24.9637,24.8775,25.0154
31 October 2022,3871.98,1.7118,24.249,24.3227,24.0767,24.5948,24.6283,24.5172,24.5484
01 November 2022,3856.1,1.7197,24.3987,24.3881,24.1171,24.9023,25.3388,25.4646,24.8931
02 November 2022,3759.69,1.763,24.7331,24.8356,24.6363,25.3095,25.463,25.2266,24.9145
03 November 2022,3719.89,1.7835,24.3604,24.8004,24.5879,24.8972,25.2227,24.9473,25.2888
04 November 2022,3770.55,1.7603,23.2013,23.7909,23.6654,24.7269,25.0791,24.9069,24.7299
07 November 2022,3806.8,1.7437,23.0661,23.5377,23.5999,24.6624,25.2601,25.2524,25.2553
08 November 2022,3828.11,1.7343,23.8193,24.1293,24.1316,24.5839,24.7894,24.6211,25.1421
09 November 2022,3748.57,1.7727,24.6988,24.9991,25.0633,25.7829,26.0672,25.9661,25.3873
10 November 2022,3956.37,1.681,21.9849,23.2097,23.3817,24.3085,24.8635,24.9166,24.5958
11 November 2022,3992.93,1.6656,20.0119,21.9776,22.8252,23.7277,24.1957,24.2544,24.0579
14 November 2022,3957.25,1.6821,22.38,22.2004,22.8277,23.6405,24.2608,24.2183,24.2041
15 November 2022,3991.73,1.6697,22.9228,22.2694,22.8177,23.7494,24.3172,24.354,24.0612
16 November 2022,3958.79,1.6865,22.4134,21.928,22.4565,23.3772,23.9327,23.8947,23.9616
17 November 2022,3946.56,1.6929,22.2188,21.9888,22.6466,23.3627,23.9732,23.8007,24.1781
18 November 2022,3965.34,1.6851,21.4849,21.6905,22.4492,23.4073,24.0772,24.0155,23.9771
21 November 2022,3949.94,1.6925,21.0486,21.102,22.0569,23.4214,24.3543,24.4104,24.0463
22 November 2022,4003.58,1.6704,19.9815,20.3363,21.2908,22.8383,23.9098,24.0459,24.1671
23 November 2022,4027.26,1.661,18.9834,19.7169,20.7551,22.4369,23.4311,23.6537,23.7519
25 November 2022,4026.12,1.6616,18.4308,19.3565,20.5493,22.0636,26.6446,27.0858,25.7901
28 November 2022,3963.94,1.6877,20.1084,21.0415,21.8274,23.0216,23.7507,23.7803,23.8739
29 November 2022,3957.63,1.6921,20.351,21.2705,22.0316,23.2258,24.1286,24.262,24.0317
30 November 2022,4080.11,1.6438,19.1088,20.0007,20.8435,22.476,23.383,23.591,23.3126
01 December 2022,4076.57,1.6467,18.5111,19.4435,20.4072,21.8966,23.2686,23.6096,23.0851
02 December 2022,4071.7,1.6495,17.3099,19.2781,20.2567,21.7866,22.4863,22.6306,22.9723
05 December 2022,3998.84,1.6797,19.2299,20.5989,21.299,22.6774,23.5652,23.7413,23.9065
06 December 2022,3941.26,1.7045,20.8216,21.627,22.0651,23.1103,23.4738,23.415,23.7823
07 December 2022,3933.92,1.708,21.2307,22.6342,22.542,23.5295,24.0964,24.0081,24.0212
08 December 2022,3963.51,1.6953,20.2327,22.0024,22.0026,23.1341,23.6988,23.6195,23.5957
09 December 2022,3934.38,1.7095,20.702,22.5929,22.7469,23.5081,24.0344,23.9089,24.0121
12 December 2022,3990.56,1.6855,22.5613,22.7578,22.7416,23.4322,23.8433,23.7237,23.1784
13 December 2022,4019.65,1.6736,21.0459,21.2436,21.5095,22.4859,23.0859,23.0791,23.7249
14 December 2022,3995.32,1.6839,19.5888,20.4886,20.9445,22.5203,23.4653,23.6066,23.8574
15 December 2022,3895.75,1.7303,20.7951,21.9026,22.4632,23.4244,23.9362,23.7988,23.6147
16 December 2022,3852.36,1.7491,20.5091,22.2724,22.7602,24.0464,24.5977,24.5732,24.2547
19 December 2022,3817.66,1.7629,20.7507,22.2081,22.7261,23.7417,24.2851,24.11,24.5386
20 December 2022,3821.62,1.7613,20.33,21.6328,22.3071,23.4926,23.9617,23.7288,24.323
21 December 2022,3878.44,1.736,18.9625,20.7065,21.4968,22.9581,23.7116,23.73,23.3244
22 December 2022,3822.39,1.7621,20.5971,21.9371,22.6007,23.5942,23.9436,23.7661,24.1558
23 December 2022,3844.82,1.7545,19.3767,21.276,22.166,23.2364,23.7254,23.5913,23.7918
27 December 2022,3829.25,1.7633,20.68,21.7041,22.6797,23.5345,24.0219,24.0165,23.9687
28 December 2022,3783.22,1.7848,21.1654,22.0171,22.9019,23.6015,24.0615,23.8809,23.5975
29 December 2022,3849.28,1.7558,19.9795,21.2283,22.161,22.9256,23.4232,23.2638,23.6375
30 December 2022,3839.5,1.7607,19.8363,21.2108,22.2735,23.0091,23.5105,23.3448,23.6199
03 January 2023,3824.14,1.7673,22.2373,21.8802,22.6245,23.26,23.8072,23.8396,23.6934
04 January 2023,3852.97,1.7542,21.0721,20.9856,21.761,22.4537,23.2827,23.3832,23.1576
05 January 2023,3808.1,1.7744,21.3511,21.2232,21.9935,22.569,23.2683,23.3375,23.6065
06 January 2023,3895.08,1.735,19.6085,20.1101,20.8277,21.5125,22.2521,22.3003,22.2912
09 January 2023,3892.09,1.7317,20.853,20.9656,21.4161,21.9623,22.4526,22.4905,22.4093
10 January 2023,3919.25,1.7197,19.5005,19.7511,20.2742,21.0168,21.8478,22.0701,22.6883
11 January 2023,3969.61,1.6982,19.6789,19.9076,20.2046,20.8725,21.5594,21.8087,22.0616
12 January 2023,3983.17,1.6937,17.125,18.344,19.0145,20.1184,21.2627,21.6738,21.55
13 January 2023,3999.09,1.6871,16.2148,17.6754,18.3533,19.5569,20.5742,20.986,21.196
17 January 2023,3990.97,1.6906,17.8411,17.9945,18.5508,19.7114,20.8199,21.2069,21.2812
18 January 2023,3928.86,1.7173,18.7424,18.9472,19.3623,20.4947,21.5318,21.8957,22.0247
19 January 2023,3898.85,1.7313,19.0451,19.2945,19.6331,20.3495,21.0661,21.2221,21.3862
20 January 2023,3972.61,1.6994,18.1755,18.6182,18.8535,19.6122,20.545,20.9576,21.333
23 January 2023,4019.81,1.6795,17.7029,18.2793,18.4668,19.224,20.1221,20.6834,21.3998
24 January 2023,4016.95,1.6811,17.3352,17.7273,17.9097,18.7475,19.6401,20.2257,21.0243
25 January 2023,4016.22,1.6815,17.2212,17.767,17.8642,18.7175,19.6122,20.1556,20.7588
26 January 2023,4060.43,1.6634,16.7581,17.4167,17.4975,18.3055,19.4063,19.8355,20.0519
27 January 2023,4070.56,1.6593,16.2399,17.0783,17.1608,18.0028,18.9659,19.3378,19.7264
30 January 2023,4017.77,1.6818,17.9981,18.2401,18.0518,18.6105,19.2939,19.6353,20.4031
31 January 2023,4076.6,1.6576,17.2262,17.636,17.5174,18.2861,19.1379,19.4876,19.8859
01 February 2023,4119.21,1.6405,15.8001,16.8145,16.868,17.91,19.1552,19.773,20.1518
02 February 2023,4179.76,1.6175,16.0734,17.1221,17.1862,18.1733,19.1162,19.6093,19.9428
03 February 2023,4136.48,1.6345,16.1984,17.1702,17.2906,18.2761,19.3529,19.8917,20.2571
06 February 2023,4111.08,1.6447,16.8578,18.0602,18.0947,18.8149,19.7141,20.2284,20.6695
07 February 2023,4164,1.6246,16.0662,17.4549,17.522,18.2966,19.4124,19.8867,20.1262
08 February 2023,4117.86,1.6432,17.2247,18.4398,18.4644,18.9459,19.8161,20.2649,20.797
09 February 2023,4081.5,1.659,18.5162,19.4056,19.2379,19.6542,20.4186,20.6653,20.6397
10 February 2023,4090.46,1.6641,18.9272,19.3784,19.2682,19.6015,20.1622,20.3608,20.4355
13 February 2023,4137.29,1.646,17.5012,18.4029,18.4594,19.0804,19.9119,20.324,20.661
14 February 2023,4136.13,1.6495,17.2803,17.7145,17.8175,18.7461,19.8194,20.2368,20.5462
15 February 2023,4147.6,1.647,16.6926,17.2651,17.5201,18.4901,19.7096,20.1053,20.2721
16 February 2023,4090.41,1.6704,18.0401,18.1144,18.3912,19.1183,20.002,20.1389,20.1865
17 February 2023,4079.09,1.6732,17.7646,18.1302,18.4361,19.345,20.3286,20.4913,20.4175
21 February 2023,3997.34,1.7075,19.9822,20.0923,20.1939,20.6491,21.2357,21.4028,21.5457
22 February 2023,3991.05,1.7106,20.4891,19.3829,19.5402,20.1411,20.6261,20.7001,20.7788
23 February 2023,4012.32,1.7024,19.6489,18.7966,18.9552,19.6675,20.372,20.7932,21.1875
24 February 2023,3970.04,1.721,20.3915,19.556,19.7421,20.235,20.5889,20.6769,20.7977
27 February 2023,3982.24,1.7166,19.3382,19.0237,19.1629,19.7841,20.4929,20.6197,20.5944
28 February 2023,3970.15,1.7226,19.152,18.7338,18.8607,19.5296,20.1954,20.4519,20.5943
01 March 2023,3951.39,1.7317,19.3043,19.0862,18.9451,19.8499,20.6676,20.8352,20.8258
02 March 2023,3981.35,1.7209,18.4369,18.6659,18.5409,19.5132,20.2968,20.5138,20.5315
03 March 2023,4045.64,1.6952,16.6723,17.5836,17.6387,18.6922,19.4804,19.9905,20.4573
06 March 2023,4048.42,1.6942,17.2851,17.9863,17.8599,18.8709,19.9185,20.2635,20.3582
07 March 2023,3986.37,1.721,18.2608,18.5718,18.4084,19.1611,19.9695,20.2252,20.307
08 March 2023,3992.01,1.7189,17.944,18.2588,18.0502,18.9196,19.6351,19.9073,20.075
09 March 2023,3918.32,1.7525,20.6172,20.5561,19.9768,20.3336,20.6144,20.8323,21.0838
10 March 2023,3861.59,1.7793,21.7241,21.8032,21.3627,21.3176,21.3501,21.2249,21.1847
13 March 2023,3855.76,1.7821,23.8981,22.8529,22.1894,21.861,21.6714,21.4908,21.3915
14 March 2023,3919.29,1.7532,21.1449,20.9221,20.6628,20.7397,20.8469,21.0457,21.3808
15 March 2023,3891.93,1.766,22.8676,22.334,22.1124,22.069,21.8674,21.5216,21.4172
16 March 2023,3960.28,1.7361,19.7669,20.2276,20.2964,20.7243,21.0726,21.2747,21.3346
17 March 2023,3916.64,1.7555,22.1144,22.527,22.3707,22.2213,22.0926,22.0366,22.0934
20 March 2023,3951.57,1.739,21.1584,21.3584,21.2993,21.6805,21.9,21.9068,21.8431
21 March 2023,4002.87,1.7174,19.1731,19.5879,19.6983,20.3769,20.9415,21.1749,21.3637
22 March 2023,3936.97,1.7463,20.3187,20.5422,20.63,20.8706,21.2169,21.0248,21.0885
23 March 2023,3948.72,1.7415,20.1137,20.7834,20.8121,20.883,20.9368,20.8082,20.9928
24 March 2023,3970.99,1.7318,19.2177,20.1939,20.3652,20.6873,20.953,21.1367,21.2251
27 March 2023,3977.53,1.729,18.7008,19.2529,19.53,20.473,21.1624,21.1035,20.9891
28 March 2023,3971.27,1.7339,18.4406,18.772,19.2204,19.8694,20.465,20.7672,20.9043
29 March 2023,4027.81,1.7096,17.5432,17.9415,18.5297,19.8171,20.6022,20.7875,20.9147
30 March 2023,4050.83,1.6999,16.6401,17.6574,18.4219,19.7671,20.5463,20.576,20.6036
31 March 2023,4109.31,1.6759,16.1835,17.3127,18.0932,19.2115,19.9833,20.4621,20.7578
03 April 2023,4124.51,1.6698,16.2059,16.7388,17.3533,18.5867,19.3674,20.058,20.5146
04 April 2023,4100.6,1.68,16.8274,17.2953,17.9891,19.2817,20.2606,20.6584,20.9199
05 April 2023,4090.38,1.6845,17.4239,17.5604,18.3655,19.5725,20.0899,20.2669,20.2917
06 April 2023,4105.02,1.6792,16.5633,16.9905,17.6124,19.0008,20.2189,20.6468,20.9033
10 April 2023,4109.11,1.6779,17.0102,17.1641,17.9245,19.1685,19.9754,20.4521,20.7619
11 April 2023,4108.94,1.678,17.1844,17.2237,17.8433,19.108,19.9806,20.4557,20.7674
12 April 2023,4091.95,1.6852,17.1815,17.2676,17.8428,19.0399,19.848,20.0988,20.187
13 April 2023,4146.22,1.6642,15.6557,16.2769,16.9945,18.3934,19.2417,19.6321,20.0312
14 April 2023,4137.64,1.6676,14.7274,15.7656,16.4839,18.2841,19.4613,19.7778,20.1205
17 April 2023,4151.32,1.6621,14.5533,15.3909,15.9726,18.0397,19.3508,19.9645,20.1076
18 April 2023,4154.87,1.6607,14.3679,15.1478,15.8828,17.9623,19.3133,19.9615,20.0679
19 April 2023,4154.52,1.6609,14.2154,15.1516,15.9656,18.0655,19.4834,20.0894,20.2087
20 April 2023,4129.79,1.6714,14.7198,15.7275,16.4488,18.3974,19.6932,19.9373,20.2169
21 April 2023,4133.52,1.67,14.2804,15.5093,16.2719,18.3612,19.7018,19.962,20.2476
24 April 2023,4137.04,1.6686,14.3665,15.6361,16.4379,18.2781,19.6809,20.0001,20.2755
25 April 2023,4071.63,1.6965,16.5229,17.1806,17.7859,19.1393,20.2778,20.2236,20.1681
26 April 2023,4055.99,1.7031,16.7925,17.3323,17.8859,19.4439,20.2563,20.6716,20.6405
27 April 2023,4135.35,1.6706,14.5092,15.4181,16.2405,18.1158,19.5241,19.7369,20.0965
28 April 2023,4169.48,1.6574,12.9987,14.5024,15.5698,17.6894,19.015,19.706,19.9511
01 May 2023,4167.87,1.658,13.4277,14.8712,15.9107,17.7086,19.2009,19.7989,19.9369
02 May 2023,4119.58,1.6775,15.3795,16.1469,16.8694,18.3407,19.531,20.0455,20.3939
03 May 2023,4090.75,1.6894,15.8864,16.8516,17.5133,18.7708,19.6618,19.8699,19.9815
04 May 2023,4061.22,1.6986,17.3577,18.2237,18.6165,19.5602,20.5364,20.9079,20.7832
05 May 2023,4136.25,1.6681,14.3024,16.1174,17.0012,18.4998,19.7036,19.7945,20.1193
08 May 2023,4138.12,1.6674,14.3474,15.834,16.6986,18.3251,19.5587,19.6915,20.0239
09 May 2023,4119.17,1.6757,15.178,16.29,17.055,18.45,19.3582,19.9687,20.336
10 May 2023,4137.64,1.6672,14.1705,15.7147,16.78,18.3235,19.3391,19.514,19.8908
11 May 2023,4130.62,1.6716,14.015,15.6421,16.6823,18.4133,19.6347,19.7927,20.1367
12 May 2023,4124.08,1.6746,13.7536,15.5536,16.5856,18.189,19.2719,19.9236,20.3174
15 May 2023,4136.28,1.6718,14.1506,14.9359,15.9822,17.9113,19.2667,19.5311,19.9551
16 May 2023,4109.9,1.6816,15.2766,15.8223,16.7606,18.2604,19.4965,20.1344,20.5098
17 May 2023,4158.77,1.6635,13.86,14.6076,15.6121,17.7122,19.0875,19.8282,19.942
18 May 2023,4198.05,1.6489,12.9812,13.6944,14.7796,16.8079,18.3389,18.9115,19.1709
19 May 2023,4191.98,1.6516,13.6372,14.6201,15.6044,17.3093,18.7471,19.2631,19.474
22 May 2023,4192.63,1.652,13.7823,14.6891,15.6443,17.3373,18.5955,19.1634,19.3147
23 May 2023,4145.58,1.6709,15.1939,15.5909,16.3671,18.0641,19.3425,19.8904,20.017
24 May 2023,4115.24,1.6835,16.5956,16.679,17.2195,18.3204,19.3006,20.0211,20.3822
25 May 2023,4151.28,1.6693,15.3292,15.8733,16.545,18.0424,19.3389,19.9843,20.0251
26 May 2023,4205.45,1.6483,14.0623,15.0019,15.8918,17.4481,18.6399,19.4678,19.915
30 May 2023,4205.52,1.6483,14.0661,14.569,15.4986,17.1545,18.6538,19.489,19.9339
31 May 2023,4179.83,1.6569,14.4617,15.1905,16.029,17.5747,18.8932,19.3323,19.4672
01 June 2023,4221.02,1.6422,12.5162,13.7751,14.8008,16.6579,18.5407,19.0089,19.4745
02 June 2023,4282.37,1.6193,11.3713,12.6596,13.7033,15.848,17.7694,18.4586,18.7463
05 June 2023,4273.79,1.6189,11.8747,13.2828,14.2256,16.1738,18.1035,18.7123,18.9661
06 June 2023,4283.85,1.6147,11.0217,12.4497,13.43,15.3088,17.4028,18.2523,18.5722
07 June 2023,4267.52,1.6209,11.0462,12.3726,13.1329,15.1468,17.1329,18.4563,18.7398
08 June 2023,4293.93,1.612,11.0809,12.2726,13.3556,14.8965,16.7904,17.7944,18.2067
09 June 2023,4298.86,1.6101,10.7294,12.3324,13.1082,15.2785,17.3839,18.5805,19.0966
12 June 2023,4338.93,1.5953,11.7802,12.7189,13.3344,15.072,16.9591,18.1928,18.7338
13 June 2023,4369.01,1.585,11.5304,12.4522,13.1129,14.888,16.6973,17.8907,18.3194
14 June 2023,4372.59,1.5806,11.427,12.3404,13.0633,14.7846,16.6239,17.8507,18.4574
15 June 2023,4425.84,1.563,11.8243,12.7755,13.4635,14.8827,16.635,18.259,18.6152
16 June 2023,4409.59,1.5688,11.2765,12.4544,13.1428,15.031,16.9295,18.312,18.7471
20 June 2023,4388.71,1.574,11.8085,13.0444,13.8182,15.3977,17.3419,18.0437,18.5749
21 June 2023,4365.69,1.5829,11.3275,12.7141,13.5738,15.2569,17.1663,18.2171,18.9537
22 June 2023,4381.89,1.5773,10.8919,12.5311,13.3978,15.2873,17.3061,17.9826,18.588
23 June 2023,4348.33,1.5895,11.0289,12.6164,13.5058,15.1425,17.0055,18.3558,18.519
26 June 2023,4328.82,1.5983,11.7095,12.7208,13.5965,15.2176,17.1617,18.1633,18.4542
27 June 2023,4378.41,1.5779,11.3369,12.1547,13.0019,14.6831,16.8681,17.5424,18.3137
28 June 2023,4376.86,1.5784,11.6242,11.8106,12.4822,14.229,16.4017,17.1663,17.9133
29 June 2023,4396.44,1.5723,11.2869,12.0145,12.8163,14.0965,16.038,17.1223,17.6654
30 June 2023,4450.38,1.5535,10.9347,11.6622,12.409,14.051,15.6768,17.1914,17.3333
03 July 2023,4455.59,1.552,10.8936,11.8963,12.648,14.1963,16.1774,17.2105,18.137
05 July 2023,4446.82,1.5552,11.5229,12.3805,13.1067,14.4325,16.0537,17.433,17.8059
06 July 2023,4411.59,1.5683,12.5912,13.3202,13.927,15.1504,16.9891,18.287,18.8515
07 July 2023,4398.95,1.5732,12.0913,12.9941,13.6531,14.9667,16.8491,17.9371,18.6068
10 July 2023,4409.53,1.5695,12.1139,12.8264,13.4171,14.7693,16.5747,17.7936,18.41
11 July 2023,4439.26,1.5593,11.8109,12.5285,13.1163,14.3841,16.1596,17.2879,17.7137
12 July 2023,4472.16,1.5479,10.9621,11.7762,12.4455,13.8429,15.5912,16.89,17.6782
13 July 2023,4510.04,1.5353,10.9344,11.7196,12.3464,13.737,15.7478,17.1436,17.8886
14 July 2023,4505.42,1.5372,10.9735,11.7053,12.3223,13.838,15.9429,17.2623,18.0511
17 July 2023,4522.79,1.5313,10.8076,11.7494,12.3733,13.6792,15.587,17.1217,17.8016
18 July 2023,4554.98,1.5205,10.8375,11.7788,12.3874,13.8446,15.9127,16.994,17.994
19 July 2023,4565.72,1.5171,11.1981,12.1855,12.7688,13.8313,15.7114,17.0204,17.8972
20 July 2023,4534.87,1.528,11.4389,12.1799,12.6914,14.1043,16.1085,17.3058,17.8674
21 July 2023,4536.34,1.5275,11.0537,12.1052,12.717,14.1482,15.9866,17.2315,17.789
24 July 2023,4554.64,1.522,11.0082,11.7707,12.3324,14.0443,16.0757,17.1932,18.0755
25 July 2023,4567.46,1.5178,11.16,12.0338,12.6046,14.0577,15.613,17.0181,17.8085
26 July 2023,4566.75,1.5183,10.7197,11.6419,12.2891,13.9317,15.7425,16.9865,17.8796
27 July 2023,4537.41,1.5284,11.5362,12.4241,13.0171,14.3834,16.0658,17.2871,17.8088
28 July 2023,4582.23,1.5141,10.9952,11.902,12.5736,14.1792,16.123,17.0064,17.7486
31 July 2023,4588.96,1.5066,10.9804,12.0548,12.7347,14.2474,16.0205,17.0787,17.8267
01 August 2023,4576.73,1.5125,11.38,12.1365,12.7693,14.1301,15.9554,17.3272,18.1253
02 August 2023,4513.39,1.5337,13.0006,13.7411,14.1881,15.4255,16.8017,18.1777,18.8462
03 August 2023,4501.89,1.5383,12.9087,13.7446,14.2774,15.3881,16.792,18.2192,18.8606
04 August 2023,4478.03,1.544,13.8789,14.4435,14.8155,15.8924,17.3818,18.0035,18.6617
07 August 2023,4518.44,1.5305,12.6254,13.5114,14.0638,15.1716,16.5837,18.052,18.6878
08 August 2023,4499.38,1.5376,13.0442,13.741,14.1951,15.3407,16.676,17.6699,18.3419
09 August 2023,4467.71,1.5479,13.4974,13.9048,14.2519,15.3711,16.7065,18.0085,18.7222
10 August 2023,4468.83,1.5483,13.5141,13.9803,14.4254,15.4849,16.9957,18.1578,18.906
11 August 2023,4464.05,1.5507,12.8756,13.588,14.084,15.2642,16.8741,18.0533,18.7515
14 August 2023,4489.72,1.5423,12.5829,13.4046,13.9764,15.1235,16.8486,17.7579,18.4116
15 August 2023,4437.86,1.5612,13.921,14.316,14.7043,15.769,17.3887,18.4243,18.9838
16 August 2023,4404.33,1.5736,14.6164,15.031,15.3781,16.2934,17.9018,19.0851,19.737
17 August 2023,4370.36,1.5871,15.5414,15.7867,16.027,16.4834,17.8014,18.8924,19.481
18 August 2023,4369.71,1.5876,14.98,15.3073,15.4732,16.7527,17.8302,18.92,19.5517
21 August 2023,4399.77,1.577,14.5905,14.7963,15.1993,16.3785,17.517,18.3923,18.8525
22 August 2023,4387.55,1.5815,14.6638,14.7771,15.1765,16.4157,17.833,18.5073,18.9729
23 August 2023,4436.01,1.5619,13.8565,14.2268,14.7841,15.9642,17.5166,18.3833,18.8423
24 August 2023,4376.31,1.5834,14.975,15.0873,15.4524,16.5557,18.0529,18.5745,19.1069
25 August 2023,4405.71,1.5711,13.684,14.0382,14.5354,15.9693,17.5757,18.734,19.3928
28 August 2023,4433.31,1.5614,12.9326,13.3956,13.9913,15.5663,17.229,18.1555,18.756
29 August 2023,4497.63,1.5393,12.1675,12.8183,13.4622,14.7594,16.3418,17.3274,17.9025
30 August 2023,4514.87,1.5343,11.6976,12.4842,13.236,14.6324,16.4248,17.8796,18.5673
31 August 2023,4507.66,1.5384,11.5426,12.4049,13.1292,14.6789,16.5282,17.9382,18.618
01 September 2023,4515.77,1.5361,11.2186,12.2712,13.0559,14.6032,16.3083,17.818,18.5214
05 September 2023,4496.83,1.5391,11.492,12.5753,13.3017,14.624,16.3685,17.3474,17.9044
06 September 2023,4465.48,1.5497,12.0823,13.0144,13.4588,15.0439,16.7672,18.0051,18.6317
07 September 2023,4451.14,1.5558,12.3104,13.15,13.6485,15.2575,17.1305,18.2001,18.8412
08 September 2023,4457.49,1.5541,11.7293,12.7692,13.4744,14.9088,16.7667,18.0014,18.6407
11 September 2023,4487.46,1.5437,11.2508,12.3558,13.0905,14.5568,16.5675,17.4815,18.1078
12 September 2023,4461.9,1.5533,11.9129,12.5155,13.1327,14.6655,16.593,17.9098,18.5469
13 September 2023,4467.44,1.5514,11.3352,12.0663,12.8248,14.3018,16.3036,17.6934,18.3484
14 September 2023,4505.1,1.5348,10.4165,11.4906,12.3344,14.0785,16.3068,17.6835,18.6275
15 September 2023,4450.32,1.554,11.5418,12.38,13.1158,14.9007,16.8714,18.1582,18.7474
18 September 2023,4453.53,1.5506,11.5452,12.4776,13.2609,14.76,16.7652,18.0102,18.612
19 September 2023,4443.95,1.5539,11.8864,12.4263,13.0837,14.708,16.4196,17.5036,18.4153
20 September 2023,4402.2,1.5693,12.9775,13.3764,13.8945,15.0611,16.5782,17.5332,18.178
21 September 2023,4330,1.5955,14.9298,14.8502,15.1639,16.0702,17.6864,18.5413,19.2396
22 September 2023,4320.06,1.5995,14.9176,15.0683,15.4077,16.0963,17.3457,18.4009,19.3398
25 September 2023,4337.44,1.5931,14.3911,14.7219,15.1536,16.0382,17.5801,18.4173,19.1898
26 September 2023,4273.53,1.6181,15.9119,16.2132,16.5291,17.191,18.4475,19.0901,19.3131
27 September 2023,4274.51,1.6198,15.7562,15.8634,16.1871,17.038,18.4574,19.1702,19.5104
28 September 2023,4299.7,1.6065,15.0679,15.3193,15.7089,16.7751,18.2162,19.2514,19.9776
29 September 2023,4288.05,1.6111,15.3679,15.5895,15.8479,16.7648,17.7934,18.5126,18.8762
02 October 2023,4288.39,1.611,15.5428,15.3478,15.706,16.7714,17.9469,18.7295,19.1855
03 October 2023,4229.45,1.6323,17.13,17.1656,17.3689,17.9912,18.8589,19.4699,19.9852
04 October 2023,4263.75,1.6209,16.2837,16.337,16.6709,17.4883,18.4664,19.4198,19.8011
05 October 2023,4258.19,1.6243,16.2691,16.3391,16.7157,17.5364,18.628,19.5291,19.8344
06 October 2023,4308.5,1.6056,15.4853,15.7635,16.1343,16.9733,18.1424,19.177,19.8583
09 October 2023,4335.66,1.5956,15.0924,15.5126,15.9119,16.831,18.0975,18.9064,19.5538
10 October 2023,4358.24,1.5875,14.3198,14.7601,15.155,16.3157,17.8403,18.887,19.2689
11 October 2023,4376.95,1.5816,13.6572,14.3344,14.8406,16.0432,17.6541,18.4663,18.8522
12 October 2023,4349.61,1.5921,14.1914,14.763,15.2108,16.3135,17.9291,19.0012,19.2912
13 October 2023,4327.78,1.6001,15.9854,16.3773,16.6937,17.0946,18.0734,19.0377,19.7139
16 October 2023,4373.63,1.5835,14.1891,14.8089,15.315,16.4433,18.0429,18.7091,18.9597
17 October 2023,4373.2,1.5837,14.6812,15.2045,15.5519,16.3731,17.7431,18.7731,19.1902
18 October 2023,4314.6,1.6035,16.2221,16.6234,16.8799,17.0657,18.2218,19.1313,19.8365
19 October 2023,4278,1.6176,17.935,17.8211,17.9064,17.799,18.5813,19.3847,19.6781
20 October 2023,4224.16,1.6384,18.5484,18.4116,18.5156,18.8147,19.0152,19.7317,20.3667
23 October 2023,4217.04,1.6411,17.4658,17.47,17.6272,18.1855,18.6733,19.3752,20.0143
24 October 2023,4247.68,1.6294,16.2727,16.5778,16.8584,17.7697,18.8199,19.6184,19.7583
25 October 2023,4186.77,1.6532,17.7911,17.8641,17.9317,18.464,18.8903,19.9391,20.0664
26 October 2023,4137.23,1.6732,18.2733,18.4535,18.5981,18.7233,19.0208,19.3012,19.9083
27 October 2023,4117.37,1.681,18.9809,18.9394,19.0089,19.054,19.3176,19.8818,20.3577
30 October 2023,4166.82,1.6617,17.3454,17.7255,17.9833,18.2709,18.94,19.5366,19.5873
31 October 2023,4193.8,1.6512,16.0348,16.4053,16.7867,17.4411,18.468,18.7545,18.9043
01 November 2023,4237.86,1.6341,14.9543,15.5926,16.111,16.9652,17.9888,18.4293,19.0604
02 November 2023,4317.78,1.6046,13.6592,14.5192,15.1203,16.1307,17.2269,18.103,18.8304
03 November 2023,4358.34,1.5899,12.934,13.8948,14.5949,15.716,16.9958,17.8653,18.0962
06 November 2023,4365.98,1.5849,12.427,13.6784,14.3312,15.2962,16.7347,17.6493,18.0226
07 November 2023,4378.38,1.5816,12.4213,13.3533,13.9253,15.2882,17.008,17.5413,17.8274
08 November 2023,4382.78,1.5817,12.365,13.3828,14.0383,15.1964,16.8043,17.3592,17.7092
09 November 2023,4347.35,1.5954,13.1896,14.0182,14.6459,15.7132,17.2799,18.0506,18.2461
10 November 2023,4415.24,1.5715,12.0225,13.0531,13.6574,14.7083,16.2972,17.303,18.1506
13 November 2023,4411.55,1.5749,12.7394,13.2175,13.8736,14.8264,16.4569,17.4022,18.2048
14 November 2023,4495.7,1.5453,11.7373,12.4811,12.9425,13.9487,15.6509,16.3781,16.912
15 November 2023,4502.88,1.5439,11.786,12.6328,13.3303,14.5837,16.4485,17.3567,18.1898
16 November 2023,4508.24,1.5435,11.463,12.1873,12.8335,14.258,16.1787,17.1501,18.0572
17 November 2023,4514.02,1.5468,11.5041,12.1943,12.8793,14.4509,16.0968,17.116,18.0235
20 November 2023,4547.38,1.536,10.877,12.0626,12.7894,14.2235,15.7493,16.5151,17.5412
21 November 2023,4538.19,1.5395,11.0204,12.032,12.7931,14.2178,16.0345,16.7092,17.6174
22 November 2023,4556.62,1.5337,10.6954,11.7417,12.7143,14.1552,16.0653,17.0693,17.4655
24 November 2023,4559.34,1.533,10.2114,11.2975,12.1497,13.8709,15.9046,16.9423,17.3647
27 November 2023,4550.43,1.5361,10.3585,11.7535,12.5369,14.2279,16.2555,17.2507,17.5893
28 November 2023,4554.89,1.5348,10.3896,11.7879,12.6589,14.1479,16.1704,17.1856,17.6092
29 November 2023,4550.58,1.5353,10.787,12.0484,12.8743,14.2505,16.2685,17.2961,17.6732
30 November 2023,4567.8,1.5322,10.8794,11.9038,12.6698,14.0523,15.944,17.087,17.5549
01 December 2023,4594.63,1.5241,11.0013,11.9623,12.5841,14.3475,15.8236,16.6531,17.2279
04 December 2023,4569.78,1.5324,11.1675,12.3218,12.9435,14.4814,16.0992,17.2756,17.7449
05 December 2023,4567.18,1.5344,11.3586,12.232,12.7891,14.3693,16.0161,17.229,17.6344
06 December 2023,4549.34,1.5408,11.6502,12.8515,13.4855,14.8402,16.6853,17.6856,17.995
07 December 2023,4585.59,1.5295,11.7701,12.692,13.377,14.4897,16.2533,16.9593,17.4101
08 December 2023,4604.37,1.5244,11.2158,12.2822,13.0516,14.2776,16.2553,17.3373,18.1674
11 December 2023,4622.44,1.5185,11.0764,12.1229,12.7502,14.0046,15.7562,16.9976,17.8953
12 December 2023,4643.7,1.5122,10.3307,11.718,12.4645,13.6914,15.6002,16.5089,17.4982
13 December 2023,4707.09,1.492,10.507,11.394,12.0633,13.5291,15.6291,16.7575,17.5559
14 December 2023,4719.55,1.4917,10.4708,11.3297,12.0108,13.3043,15.2902,16.5995,17.5625
15 December 2023,4719.19,1.4899,10.6437,11.7722,12.3765,13.4867,15.3629,16.6431,17.6027
18 December 2023,4740.56,1.4776,11.0687,11.875,12.5148,13.7074,15.6893,16.457,17.4705
19 December 2023,4768.37,1.4697,10.9846,12.2505,12.9342,13.8786,15.7246,16.8896,17.2497
20 December 2023,4698.35,1.492,12.0136,12.7664,13.3063,14.4513,16.1478,16.8798,17.3405
21 December 2023,4746.75,1.4768,12.1138,12.8621,13.3964,14.1935,15.9466,16.6945,17.7031
22 December 2023,4754.63,1.4743,11.9873,12.7291,13.3198,14.5828,16.4784,17.4794,17.6909
26 December 2023,4774.75,1.4661,11.2624,12.4668,13.1644,14.4316,16.4326,17.0644,17.4682
27 December 2023,4781.58,1.4816,11.0075,11.9421,12.6241,13.9455,15.9715,16.7585,17.2322
28 December 2023,4783.35,1.4825,10.8619,12.0681,12.7572,13.8468,15.9341,16.7271,17.2273
29 December 2023,4769.83,1.4866,11.0134,12.0894,12.7389,14.1386,15.8313,17.0457,17.4471
02 January 2024,4742.83,1.4953,11.5823,12.0062,12.6925,14.1358,15.9239,16.8326,17.7882
03 January 2024,4704.81,1.5075,12.2615,12.6441,13.2469,14.5914,16.5889,17.6418,18.3498
04 January 2024,4688.68,1.5134,12.4303,12.8652,13.4913,14.6147,16.2904,17.0313,17.4613
05 January 2024,4697.24,1.5106,11.8826,12.3718,12.9971,14.1658,15.8827,16.7266,17.2238
08 January 2024,4763.54,1.4898,11.1165,11.8252,12.5123,13.8091,15.8016,16.9469,17.2849
09 January 2024,4756.5,1.4924,10.8856,11.5819,12.2392,13.7219,15.9113,16.9738,17.2997
10 January 2024,4783.45,1.4843,10.8865,11.5717,12.244,13.5698,15.65,16.4185,16.9051
11 January 2024,4780.24,1.4855,10.7039,11.4286,12.1667,13.4768,15.5653,16.3089,16.7797
12 January 2024,4783.83,1.4845,10.8509,11.5167,12.2002,13.4581,15.517,16.2507,16.7301
16 January 2024,4765.98,1.4902,11.3825,12.0007,12.6126,13.6506,15.5365,16.6494,17.035
17 January 2024,4739.21,1.4989,12.1765,12.7026,13.2044,14.0986,15.9117,16.6568,17.4573
18 January 2024,4780.94,1.4872,11.7373,12.2801,12.8037,13.8142,15.7602,16.3878,16.7906
19 January 2024,4839.81,1.4695,11.0144,11.5719,12.0194,13.4619,15.1708,16.0766,16.9592
22 January 2024,4850.43,1.4663,10.8296,11.3231,11.7943,13.1153,14.8512,15.8258,16.781
23 January 2024,4864.6,1.4628,10.3324,11.1236,11.6763,12.9652,14.8066,16.0148,16.4716
24 January 2024,4868.55,1.4617,10.7497,11.2952,11.7623,13.2325,15.0156,16.1445,16.5797
25 January 2024,4894.16,1.4542,10.9878,11.4799,11.9317,13.3003,14.9426,15.7673,16.3204
26 January 2024,4890.97,1.4552,10.9179,11.4012,11.8472,13.1866,15.0657,15.8251,16.348
29 January 2024,4927.93,1.4443,11.0114,11.5433,11.9845,13.1679,14.9197,16.2371,17.0546
30 January 2024,4924.97,1.4457,10.9149,11.5335,11.9396,13.2288,15.1285,16.3968,17.183
31 January 2024,4845.65,1.4695,11.8658,12.4191,12.7422,13.7232,15.3748,16.287,17.1226
01 February 2024,4906.19,1.452,11.17,11.7835,12.0117,13.4708,15.1388,16.4027,17.165
02 February 2024,4958.61,1.4368,11.1722,11.9127,12.3161,13.58,15.4104,16.4342,16.785
05 February 2024,4942.81,1.4417,10.8512,11.6239,12.1481,13.4231,15.1552,16.0974,16.9149
06 February 2024,4954.23,1.436,10.4581,11.3518,11.8126,13.0941,14.8137,15.8684,16.7661
07 February 2024,4995.06,1.4244,10.4681,11.3143,11.9253,13.0163,14.7537,15.6294,16.2034
08 February 2024,4997.91,1.4242,10.5763,11.2943,11.8175,12.9584,14.7436,15.6411,16.2231
09 February 2024,5026.61,1.4164,10.7463,11.5695,12.1231,13.4353,15.3909,16.1253,16.9377
12 February 2024,5021.84,1.4119,11.1751,11.8471,12.4173,13.3811,15.1742,16.4219,17.1792
13 February 2024,4953.17,1.4313,12.0719,12.635,13.1146,14.0837,15.8206,16.6466,17.0262
14 February 2024,5000.62,1.418,11.4584,12.0195,12.5285,13.8096,15.6706,16.6946,17.3627
15 February 2024,5029.73,1.4148,11.32,11.8481,12.1892,13.5813,15.4491,16.2543,17.04
16 February 2024,5005.57,1.4219,11.657,12.0863,12.4447,13.9866,15.6891,16.7287,17.3811
20 February 2024,4975.51,1.4308,12.2257,12.3777,12.812,13.9739,15.3959,16.4996,16.8984
21 February 2024,4981.8,1.4289,12.2285,12.3382,12.7335,13.9567,15.8508,16.3411,16.7706
22 February 2024,5087.03,1.3997,11.6592,11.8488,12.3303,13.6892,15.3913,15.9973,16.4396
23 February 2024,5088.8,1.3995,11.1408,11.4988,12.0641,13.337,15.1817,15.8963,16.3828
26 February 2024,5069.53,1.4051,10.8992,11.3729,11.994,13.2779,15.1094,16.169,16.5918
27 February 2024,5078.18,1.4029,10.7014,11.3244,11.9999,13.4086,15.3157,15.9246,16.4033
28 February 2024,5069.76,1.4056,11.0051,11.4184,11.9424,13.4342,15.27,16.2712,16.6674
29 February 2024,5096.27,1.4005,10.7036,11.1105,11.7728,13.0497,14.8547,15.7314,16.2114
01 March 2024,5137.08,1.3884,10.793,11.5552,12.292,13.5265,15.3309,16.1897,16.9304
04 March 2024,5130.95,1.3895,11.0026,11.5795,12.2442,13.6542,15.7603,16.5208,17.2061
05 March 2024,5078.65,1.404,11.9206,12.194,12.7202,14.0614,15.8407,16.3179,16.7236
06 March 2024,5104.76,1.3973,12.1491,12.5681,13.0388,14.0629,15.9607,16.9717,17.5661
07 March 2024,5157.36,1.3844,12.1806,12.5875,13.1327,13.9764,15.8757,16.6627,16.9833
08 March 2024,5123.69,1.394,12.427,12.8271,13.1374,14.2488,16.1409,16.7863,17.4281
11 March 2024,5117.94,1.3956,12.6757,12.9525,13.4285,14.2562,15.8255,17.0053,17.5655
12 March 2024,5175.27,1.3803,11.5693,12.1772,12.7503,13.9624,16.0115,16.4757,16.8601
13 March 2024,5165.31,1.3835,11.5163,12.1479,12.6892,13.7789,15.6293,16.7186,17.088
14 March 2024,5150.48,1.3875,11.9899,12.5167,13.085,14.253,16.2479,16.9215,17.2299
15 March 2024,5117.09,1.3955,12.6178,12.8967,13.4202,14.2322,16.0256,17.1543,17.7156
18 March 2024,5149.42,1.3833,12.1471,12.6659,13.2027,14.2867,16.3256,17.0471,17.4104
19 March 2024,5178.51,1.3755,11.7041,12.3225,12.9063,14.0076,16.1394,16.5878,16.991
20 March 2024,5224.62,1.3642,11.0382,12.0065,12.6682,13.8444,15.8467,16.6229,17.2606
21 March 2024,5241.53,1.3596,10.9838,11.6607,12.265,13.5976,15.4725,16.5108,17.1963
22 March 2024,5234.18,1.3617,11.0521,11.88,12.5844,13.9172,15.8867,16.6344,17.1789
25 March 2024,5218.19,1.3658,10.9575,11.8688,12.5371,13.8144,15.6597,16.7419,17.4722
26 March 2024,5203.58,1.3696,11.1933,11.8116,12.3649,13.7401,15.7737,16.8209,17.5195
27 March 2024,5248.49,1.3588,10.5346,11.627,12.318,13.7058,15.8651,16.9221,17.3695
28 March 2024,5254.35,1.3573,10.7534,11.758,12.3823,13.7415,15.8971,16.9456,17.4187
01 April 2024,5243.77,1.3601,11.0919,11.9237,12.5255,13.9192,15.6584,16.4798,17.153
02 April 2024,5205.81,1.3702,12.1621,12.5892,13.0862,14.3416,16.1602,17.1588,17.8196
03 April 2024,5211.49,1.3685,12.4184,12.5145,12.9151,14.2134,15.9478,16.9829,17.6973
04 April 2024,5147.21,1.3869,13.6615,13.8202,14.1169,14.9967,16.676,17.605,17.9253
05 April 2024,5204.34,1.3717,13.5314,13.7085,14.0007,14.9135,16.6507,17.5157,18.1279
08 April 2024,5202.39,1.3724,12.6262,13.1626,13.556,14.5687,16.3632,17.295,17.9516
09 April 2024,5209.91,1.3707,12.5903,13.1329,13.5355,14.4455,16.066,17.056,17.7726
10 April 2024,5160.64,1.384,13.2101,13.7405,14.1046,14.928,16.6837,17.5906,17.9474
11 April 2024,5199.06,1.3739,12.6817,13.1092,13.4298,14.3239,15.9579,16.7355,17.172
12 April 2024,5123.41,1.3952,14.697,14.8074,15.0376,15.5639,17.2046,17.6952,18.1539
15 April 2024,5061.82,1.4123,16.2635,16.0708,16.0588,16.2091,17.5358,18.2436,18.4848
16 April 2024,5051.41,1.4152,15.7397,15.6056,15.5685,16.0373,17.5582,18.3221,18.5631
17 April 2024,5022.21,1.4234,15.7546,15.7189,15.6759,15.7098,17.0735,17.8551,18.4868
18 April 2024,5011.12,1.427,15.646,15.7267,15.6712,15.8126,17.2587,17.9978,18.579
19 April 2024,4967.23,1.44,16.1569,16.1298,16.0387,16.3715,17.3373,18.0569,18.3907
22 April 2024,5010.6,1.4275,14.3807,14.7616,14.8478,15.5299,16.8101,17.6204,18.2832
23 April 2024,5070.55,1.4108,13.5061,13.7579,13.9701,14.8051,16.0642,17.0372,17.5394
24 April 2024,5071.63,1.4105,13.7774,13.8586,14.0289,15.0492,16.6196,17.4546,17.8193
25 April 2024,5048.42,1.4159,13.3333,13.5965,13.8105,14.6777,15.9601,16.4237,16.7087
26 April 2024,5099.96,1.4016,13.0528,13.3519,13.6245,14.5279,15.8139,16.5109,16.9793
29 April 2024,5116.17,1.3976,12.5181,13.0718,13.4269,14.4292,15.8578,16.9039,17.6792
30 April 2024,5035.69,1.42,13.8187,13.9538,14.1653,15.1103,16.5084,17.0392,17.6922
01 May 2024,5018.39,1.425,13.729,13.9654,14.1243,14.71,15.992,17.0748,17.8273
02 May 2024,5064.2,1.4122,13.428,13.5546,13.943,14.547,15.9942,17.0505,17.4504
03 May 2024,5127.79,1.3949,11.8588,12.6814,12.7512,14.1162,15.7897,16.468,17.2211
06 May 2024,5180.74,1.3809,11.8311,12.5238,12.853,14.0614,15.7205,16.432,16.905
07 May 2024,5187.7,1.3797,11.6032,12.3541,12.7154,13.8813,15.349,16.1834,16.6949
08 May 2024,5187.67,1.3783,11.2966,11.9472,12.3246,13.7661,15.3999,16.2293,16.6816
09 May 2024,5214.08,1.3723,11.1581,11.9893,12.4007,13.5663,14.9827,16.2897,17.1223
10 May 2024,5222.68,1.3706,10.6786,11.6099,11.9895,13.4095,14.8484,16.2039,17.1048
13 May 2024,5221.42,1.3711,12.0098,12.1829,12.5079,13.7027,15.0529,16.3581,17.2176
14 May 2024,5246.68,1.3657,11.5775,11.7116,12.0104,13.4931,14.8704,15.8388,16.7641
15 May 2024,5308.15,1.3517,10.525,11.0113,11.3937,13.381,15.0173,16.2775,17.1286
16 May 2024,5297.1,1.356,10.5202,11.1649,11.557,13.2153,14.6852,15.7179,16.3073
17 May 2024,5303.27,1.3549,10.2761,11.0836,11.4653,13.5365,15.1186,16.3582,17.1814
20 May 2024,5308.13,1.3536,10.1176,10.7911,11.2725,13.2838,15.0558,16.329,17.1533
21 May 2024,5321.41,1.3506,9.9364,10.5389,11.0765,13.0808,14.4372,15.9184,16.8456
22 May 2024,5307.01,1.3544,10.3441,10.8997,11.3202,13.2782,15.0156,16.2797,17.1035
23 May 2024,5267.84,1.3637,10.7104,11.1876,11.7262,13.4404,14.6546,16.0641,16.5911
24 May 2024,5304.72,1.3544,9.9716,10.6956,11.4304,13.2115,14.9502,16.2284,17.0307
28 May 2024,5306.04,1.354,10.3518,10.9655,11.5236,13.3483,15.0654,16.33,17.1195
29 May 2024,5266.95,1.3642,11.5393,11.7575,11.9998,13.8171,15.108,16.3658,16.7086
30 May 2024,5235.48,1.3731,11.963,12.041,12.2849,13.9318,15.5498,16.224,16.9234
31 May 2024,5277.51,1.3631,11.0944,11.4353,11.8339,13.5783,15.0715,15.9242,16.3597
03 June 2024,5283.4,1.3624,11.0017,11.4083,11.8097,13.4846,14.9752,15.856,16.2547
04 June 2024,5291.34,1.3603,11.467,11.68,12.0657,13.7205,14.9678,15.8429,16.2577
05 June 2024,5354.03,1.3445,11.0548,11.4587,11.7904,13.5992,15.1935,16.3776,16.784
06 June 2024,5352.96,1.3448,11.1098,11.4799,11.8067,13.6098,15.2034,16.3765,16.7711
07 June 2024,5346.99,1.3482,10.8958,11.4052,11.7952,13.4789,14.763,15.7035,16.5777
10 June 2024,5360.79,1.3496,10.8802,11.4502,11.9696,13.5771,15.1513,16.3394,16.7596
11 June 2024,5375.32,1.3463,11.2533,11.4656,11.9802,13.6521,15.2433,15.9651,16.4233
12 June 2024,5421.03,1.335,10.225,10.8362,11.4942,13.088,14.4863,15.8702,16.7085
13 June 2024,5433.74,1.3319,10.1317,10.8748,11.5608,13.3385,14.8863,15.6989,16.5754
14 June 2024,5431.6,1.3356,10.7348,11.3179,11.9236,13.6524,15.1804,15.8893,16.7246
17 June 2024,5473.23,1.3263,10.6301,11.3178,11.939,13.3754,14.6486,15.9587,16.4502
18 June 2024,5487.03,1.3232,10.6496,11.5187,12.1554,13.5153,14.8533,15.6995,16.2152
20 June 2024,5473.17,1.3266,10.9855,11.7652,12.3259,13.7139,14.8906,16.1639,16.0994
21 June 2024,5464.62,1.3285,11.0103,11.7645,12.3371,13.9814,15.1463,16.3375,16.5135
24 June 2024,5447.87,1.3292,10.9869,11.859,12.4773,13.9741,15.1631,15.9867,16.403
25 June 2024,5469.3,1.324,10.6062,11.4519,12.0356,13.7257,15.0948,16.2701,16.4144
26 June 2024,5477.9,1.3219,10.6414,11.501,12.1689,13.904,15.574,16.2243,17.1591
27 June 2024,5482.87,1.3208,10.4629,11.3425,11.9868,13.5482,15.1483,15.9227,16.6371
28 June 2024,5460.48,1.327,10.5597,11.4543,12.0414,13.5352,15.0244,16.2373,16.4633
01 July 2024,5475.09,1.3236,10.1487,10.9777,11.6055,13.3095,14.7246,16.0157,16.2032
02 July 2024,5509.01,1.3155,10.1175,10.7743,11.3872,13.3698,14.9871,16.1323,16.6687
03 July 2024,5537.02,1.309,10.1655,10.9428,11.5798,13.4539,14.9441,15.7998,16.8736
05 July 2024,5567.19,1.3033,10.1574,11.0328,11.658,13.4674,14.8176,15.8555,16.359
08 July 2024,5572.85,1.3038,9.8845,10.8298,11.4396,13.2735,14.6264,15.612,16.0877
09 July 2024,5576.98,1.3042,10.107,11.0815,11.6985,13.5918,15.2679,16.1275,16.8663
10 July 2024,5633.91,1.2912,10.2949,11.0971,11.6819,13.514,15.0675,15.9402,16.7007
11 July 2024,5584.54,1.3033,10.4791,11.3055,11.9136,13.5578,15.0596,15.9157,16.5124
12 July 2024,5615.35,1.2962,10.0306,10.9965,11.6714,13.3229,14.7867,15.7167,16.3939
15 July 2024,5631.22,1.293,10.6438,11.4327,12.0338,13.752,15.3157,16.169,16.8799
16 July 2024,5667.2,1.2848,10.5332,11.3896,11.9949,13.5522,15.026,15.8979,16.5035
17 July 2024,5588.27,1.303,11.6801,12.2409,12.5986,14.1049,15.4466,16.2242,16.7389
18 July 2024,5544.59,1.3134,12.6955,13.0374,13.3347,14.3248,15.5398,16.2555,16.8179
19 July 2024,5505,1.3232,13.5963,13.6716,13.8646,15.0004,16.1726,16.8633,17.5467
22 July 2024,5564.41,1.3095,12.098,12.5205,12.7965,14.3491,15.4867,16.244,16.8051
23 July 2024,5555.74,1.3115,12.2731,12.6546,13.0171,14.5616,15.8569,16.6427,17.2216
24 July 2024,5427.13,1.3426,14.7755,14.7707,14.7683,15.7556,16.4949,17.037,17.5415
25 July 2024,5399.22,1.3497,15.5143,15.2609,15.139,16.0299,16.7062,17.2488,17.8099
26 July 2024,5459.1,1.3352,14.0927,14.0798,14.1555,15.1991,15.9232,16.5767,17.0779
29 July 2024,5463.54,1.3342,14.2157,14.1197,14.201,15.1706,15.9475,16.5781,17.0689
30 July 2024,5436.44,1.3409,15.1775,14.9883,14.9552,15.706,16.4849,17.0588,17.5923
31 July 2024,5522.3,1.3205,14.1274,13.9849,14.1256,14.9261,15.5103,16.171,16.8912
01 August 2024,5446.68,1.3391,15.9641,15.6762,15.6245,16.1827,16.3556,16.7846,17.1475
02 August 2024,5346.56,1.3642,19.3195,18.7013,18.33,18.2243,17.5757,17.5641,17.7617
05 August 2024,5186.33,1.4066,27.8151,25.6851,24.3606,22.281,20.2138,19.0273,18.4675
06 August 2024,5240.03,1.3922,21.7542,20.4946,19.9309,19.4823,18.7272,18.4942,18.498
07 August 2024,5199.5,1.4031,22.1334,20.7791,20.1928,19.6406,18.9741,18.774,18.919
08 August 2024,5319.31,1.3716,19.238,18.3232,18.1941,17.8979,17.4886,17.5668,17.8722
09 August 2024,5344.16,1.366,17.1816,16.5668,16.6685,16.7058,16.8504,16.5669,17.0399
12 August 2024,5344.39,1.3665,16.775,16.2344,16.523,16.5181,16.6402,16.7853,17.0668
13 August 2024,5434.43,1.3439,14.9918,14.7331,15.4478,15.6783,16.3682,16.7676,17.1491
14 August 2024,5455.21,1.3389,13.5358,13.5559,14.4644,14.9625,16.0074,16.5169,16.9819
15 August 2024,5543.22,1.3204,12.5531,12.9161,13.9963,14.4028,15.4566,15.9486,16.3274
16 August 2024,5554.25,1.3187,12.4049,12.9137,14.1318,14.5536,15.8144,16.3847,16.9085
19 August 2024,5608.25,1.3066,11.9687,12.4568,13.7195,14.0729,15.7878,16.4531,17.0823
20 August 2024,5597.12,1.3093,12.7889,12.8566,14.0241,14.3125,15.3281,15.943,16.2866
21 August 2024,5620.85,1.3038,13.0332,13.0112,14.1553,14.3211,15.5656,16.2188,16.7627
22 August 2024,5570.64,1.3158,13.9996,13.7561,14.7305,14.8469,15.7595,16.3096,16.8025
23 August 2024,5634.61,1.301,12.7702,12.8837,14.066,14.7108,15.7556,16.4793,16.8468
26 August 2024,5616.84,1.3042,12.6421,12.8296,13.8818,14.6513,15.5887,16.2462,16.8695
27 August 2024,5625.8,1.3025,12.2917,12.7372,13.9847,14.6345,15.8856,16.6209,17.0153
28 August 2024,5592.18,1.3103,13.5694,13.5365,14.4084,14.9223,15.8137,16.4171,16.7424
29 August 2024,5591.96,1.3107,12.4731,12.7497,13.7817,14.4773,15.347,15.9394,16.4194
30 August 2024,5648.4,1.299,11.7225,12.3415,13.5951,14.3014,15.2826,15.9833,16.4054
03 September 2024,5528.93,1.3265,14.8471,15.2463,15.9906,16.1615,16.8441,17.2712,17.5222
04 September 2024,5520.07,1.329,16.0944,15.9439,16.8155,16.5823,16.8411,17.1536,17.6764
05 September 2024,5503.41,1.3328,15.7244,15.6126,16.339,16.3303,16.8956,17.3654,17.8552
06 September 2024,5408.42,1.3577,18.0168,18.3018,17.795,17.4736,17.632,17.8624,18.1913
09 September 2024,5471.05,1.3471,15.8497,16.7166,16.4801,16.3836,16.6488,16.895,17.4539
10 September 2024,5495.52,1.3411,15.6565,16.4848,16.3865,16.1978,16.6427,16.963,17.2567
11 September 2024,5554.13,1.327,14.5234,15.7169,15.5649,15.7059,16.5435,17.1018,17.6641
12 September 2024,5595.76,1.3175,13.9492,15.3838,15.3625,15.4899,16.2136,16.7508,17.1251
13 September 2024,5626.02,1.3111,13.4329,15.0177,15.042,15.0897,15.8892,16.4043,17.1101
16 September 2024,5633.09,1.3134,13.4264,15.1773,15.3162,15.5698,16.4817,17.0926,17.3397
17 September 2024,5634.58,1.3134,13.5839,15.3674,15.4207,15.4991,16.3871,16.9564,17.2533
18 September 2024,5618.26,1.318,13.9304,15.5688,15.5656,15.7691,16.7158,17.2754,17.4225
19 September 2024,5713.64,1.2952,12.2828,14.334,14.4254,14.6519,15.7146,16.3582,17.0012
20 September 2024,5702.55,1.2977,12.1879,14.2466,14.3941,15.0755,16.0854,16.8019,17.4086
23 September 2024,5718.57,1.2873,11.6626,13.9148,14.0682,14.6449,15.6013,16.2396,16.9604
24 September 2024,5732.93,1.2841,11.3992,13.8631,14.1052,14.8319,15.8926,16.6595,17.0024
25 September 2024,5722.26,1.2865,11.6067,14.0254,14.2033,14.7537,15.6373,16.3077,17.038
26 September 2024,5745.37,1.282,11.7223,14.278,14.52,14.876,15.7341,16.3579,16.7371
27 September 2024,5738.17,1.2837,12.7271,15.1201,15.2659,15.3419,16.38,17.2076,17.4275
30 September 2024,5762.48,1.2789,12.2268,14.6236,14.6386,15.2414,16.1831,16.9308,17.5714
01 October 2024,5708.75,1.2909,14.3947,15.9542,15.874,16.1528,16.7376,17.2542,17.7914
02 October 2024,5709.54,1.291,14.2048,15.8059,15.7232,16.039,16.6121,17.1676,17.7329
03 October 2024,5699.94,1.2932,14.9113,16.4504,16.3146,16.4552,17.1378,17.7049,18.1411
04 October 2024,5751.07,1.2919,13.5176,15.4689,15.3763,15.713,16.2009,16.6546,16.9823
07 October 2024,5695.94,1.3044,17.4964,16.7839,16.5431,16.4839,16.8458,17.2023,17.4482
08 October 2024,5751.13,1.2919,16.3939,15.8168,15.7381,15.9217,16.4723,16.8836,17.1679
09 October 2024,5792.04,1.283,15.871,15.3716,15.3009,15.6429,16.4391,16.993,17.2505
10 October 2024,5780.05,1.2862,15.999,15.5459,15.5992,15.8781,16.7269,17.3075,17.5204
11 October 2024,5815.03,1.2785,15.724,15.2949,15.2223,15.5462,16.39,16.9567,17.6008
14 October 2024,5859.85,1.2687,14.8067,14.5659,14.5585,15.1834,16.236,16.8666,17.4978
15 October 2024,5815.26,1.2789,15.3984,15.1893,15.1143,15.4501,16.3618,16.8765,17.5027
16 October 2024,5842.47,1.273,14.9113,14.8958,14.9735,15.197,16.1498,16.7171,17.0144
17 October 2024,5841.47,1.2733,14.5492,14.495,14.5617,15.2564,15.9768,16.5695,16.9134
18 October 2024,5864.67,1.2686,14.0991,14.1568,14.2948,14.942,15.7798,16.4225,17.1731
21 October 2024,5853.98,1.2713,14.333,14.1983,14.2662,15.0281,16.1627,16.831,17.4535
22 October 2024,5851.2,1.2719,14.4395,14.306,14.4463,15.0447,16.1937,16.9326,17.5309
23 October 2024,5797.42,1.2838,15.5247,15.1938,15.1445,15.5469,16.5657,17.4905,18.4333
24 October 2024,5809.86,1.281,15.5835,15.1812,15.1431,15.4535,16.1783,16.7366,17.3289
25 October 2024,5808.12,1.2815,16.3471,15.7703,15.6884,15.7773,16.6358,17.1568,17.6993
28 October 2024,5823.52,1.2782,15.5592,15.1559,15.0942,15.2083,15.9557,16.3777,17.0737
29 October 2024,5832.92,1.2761,15.4092,15.0289,15.0202,15.2116,16.1378,16.7844,16.6304
30 October 2024,5813.67,1.2803,16.2214,15.4853,15.4448,15.3648,16.0628,16.1809,16.9192
31 October 2024,5705.45,1.3046,18.4116,17.2849,16.8746,16.6473,17.1217,17.3629,17.8987
01 November 2024,5728.8,1.2995,17.8996,16.8871,16.5375,16.4811,17.1424,17.4906,17.5174
04 November 2024,5712.69,1.3035,17.4484,16.6103,16.2762,16.3306,16.8962,17.1771,17.7078
05 November 2024,5782.76,1.2877,16.0024,15.3744,15.1458,15.5129,16.3784,16.9597,16.7784
06 November 2024,5929.04,1.256,12.5214,12.9366,13.4182,14.3482,15.7255,16.4216,16.54
07 November 2024,5973.1,1.2467,#N/A,#N/A,#N/A,#N/A,#N/A,#N/A,#N/A
