Start Date,22/06/1997,10000
End Date,07/11/2024,0
,,
,USGG12M Index,
,Last Trade/Last Price,
Dates,LAST_PRICE,
23/06/1997,5.661,
24/06/1997,5.639,
25/06/1997,5.639,
26/06/1997,5.627,
27/06/1997,5.614,
30/06/1997,5.657,
01/07/1997,5.635,
02/07/1997,5.623,
03/07/1997,5.555,
04/07/1997,5.554,
07/07/1997,5.521,
08/07/1997,5.521,
09/07/1997,5.509,
10/07/1997,5.508,
11/07/1997,5.496,
14/07/1997,5.517,
15/07/1997,5.516,
16/07/1997,5.494,
17/07/1997,5.493,
18/07/1997,5.562,
21/07/1997,5.584,
22/07/1997,5.507,
23/07/1997,5.518,
24/07/1997,5.517,
25/07/1997,5.515,
28/07/1997,5.493,
29/07/1997,5.459,
30/07/1997,5.436,
31/07/1997,5.425,
01/08/1997,5.5,
04/08/1997,5.499,
05/08/1997,5.521,
06/08/1997,5.498,
07/08/1997,5.508,
08/08/1997,5.572,
11/08/1997,5.605,
12/08/1997,5.615,
13/08/1997,5.559,
14/08/1997,5.515,
15/08/1997,5.496,
18/08/1997,5.496,
19/08/1997,5.507,
20/08/1997,5.518,
21/08/1997,5.55,
22/08/1997,5.559,
25/08/1997,5.591,
26/08/1997,5.58,
27/08/1997,5.59,
28/08/1997,5.535,
29/08/1997,5.565,
01/09/1997,5.564,
02/09/1997,5.531,
03/09/1997,5.564,
04/09/1997,5.574,
05/09/1997,5.561,
08/09/1997,5.572,
09/09/1997,5.56,
10/09/1997,5.581,
11/09/1997,5.592,
12/09/1997,5.529,
15/09/1997,5.529,
16/09/1997,5.452,
17/09/1997,5.452,
18/09/1997,5.473,
19/09/1997,5.46,
22/09/1997,5.449,
23/09/1997,5.47,
24/09/1997,5.458,
25/09/1997,5.48,
26/09/1997,5.445,
29/09/1997,5.444,
30/09/1997,5.444,
01/10/1997,5.41,
02/10/1997,5.41,
03/10/1997,5.375,
06/10/1997,5.375,
07/10/1997,5.352,
08/10/1997,5.439,
09/10/1997,5.438,
10/10/1997,5.54,
13/10/1997,5.54,
14/10/1997,5.496,
15/10/1997,5.518,
16/10/1997,5.495,
17/10/1997,5.548,
20/10/1997,5.547,
21/10/1997,5.547,
22/10/1997,5.568,
23/10/1997,5.458,
24/10/1997,5.423,
27/10/1997,5.215,
28/10/1997,5.4,
29/10/1997,5.301,
30/10/1997,5.279,
31/10/1997,5.353,
03/11/1997,5.407,
04/11/1997,5.429,
05/11/1997,5.395,
06/11/1997,5.406,
07/11/1997,5.43,
10/11/1997,5.452,
11/11/1997,5.452,
12/11/1997,5.396,
13/11/1997,5.407,
14/11/1997,5.427,
17/11/1997,5.438,
18/11/1997,5.47,
19/11/1997,5.458,
20/11/1997,5.469,
21/11/1997,5.434,
24/11/1997,5.444,
25/11/1997,5.466,
26/11/1997,5.465,
27/11/1997,5.474,
28/11/1997,5.495,
01/12/1997,5.539,
02/12/1997,5.527,
03/12/1997,5.494,
04/12/1997,5.493,
05/12/1997,5.584,
08/12/1997,5.617,
09/12/1997,5.562,
10/12/1997,5.496,
11/12/1997,5.451,
12/12/1997,5.394,
15/12/1997,5.46,
16/12/1997,5.448,
17/12/1997,5.491,
18/12/1997,5.469,
19/12/1997,5.489,
22/12/1997,5.521,
23/12/1997,5.51,
24/12/1997,5.519,
25/12/1997,5.517,
26/12/1997,5.517,
29/12/1997,5.528,
30/12/1997,5.516,
31/12/1997,5.482,
01/01/1998,5.48,
02/01/1998,5.425,
05/01/1998,5.338,
06/01/1998,5.272,
07/01/1998,5.298,
08/01/1998,5.188,
09/01/1998,5.077,
12/01/1998,5.109,
13/01/1998,5.185,
14/01/1998,5.196,
15/01/1998,5.162,
16/01/1998,5.226,
19/01/1998,5.225,
20/01/1998,5.246,
21/01/1998,5.214,
22/01/1998,5.18,
23/01/1998,5.244,
26/01/1998,5.233,
27/01/1998,5.308,
28/01/1998,5.319,
29/01/1998,5.242,
30/01/1998,5.221,
02/02/1998,5.265,
03/02/1998,5.232,
04/02/1998,5.221,
05/02/1998,5.254,
06/02/1998,5.252,
09/02/1998,5.262,
10/02/1998,5.284,
11/02/1998,5.272,
12/02/1998,5.261,
13/02/1998,5.247,
16/02/1998,5.247,
17/02/1998,5.246,
18/02/1998,5.268,
19/02/1998,5.289,
20/02/1998,5.288,
23/02/1998,5.331,
24/02/1998,5.44,
25/02/1998,5.417,
26/02/1998,5.428,
27/02/1998,5.397,
02/03/1998,5.419,
03/03/1998,5.441,
04/03/1998,5.386,
05/03/1998,5.407,
06/03/1998,5.383,
09/03/1998,5.372,
10/03/1998,5.36,
11/03/1998,5.36,
12/03/1998,5.315,
13/03/1998,5.325,
16/03/1998,5.324,
17/03/1998,5.334,
18/03/1998,5.345,
19/03/1998,5.355,
20/03/1998,5.342,
23/03/1998,5.342,
24/03/1998,5.352,
25/03/1998,5.384,
26/03/1998,5.417,
27/03/1998,5.419,
30/03/1998,5.43,
31/03/1998,5.386,
01/04/1998,5.353,
02/04/1998,5.33,
03/04/1998,5.252,
06/04/1998,5.284,
07/04/1998,5.284,
08/04/1998,5.294,
09/04/1998,5.325,
10/04/1998,5.324,
13/04/1998,5.389,
14/04/1998,5.378,
15/04/1998,5.356,
16/04/1998,5.344,
17/04/1998,5.342,
20/04/1998,5.375,
21/04/1998,5.385,
22/04/1998,5.384,
23/04/1998,5.395,
24/04/1998,5.397,
27/04/1998,5.474,
28/04/1998,5.474,
29/04/1998,5.485,
30/04/1998,5.385,
01/05/1998,5.405,
04/05/1998,5.405,
05/05/1998,5.426,
06/05/1998,5.393,
07/05/1998,5.414,
08/05/1998,5.423,
11/05/1998,5.466,
12/05/1998,5.444,
13/05/1998,5.421,
14/05/1998,5.454,
15/05/1998,5.452,
18/05/1998,5.429,
19/05/1998,5.429,
20/05/1998,5.406,
21/05/1998,5.438,
22/05/1998,5.452,
25/05/1998,5.452,
26/05/1998,5.43,
27/05/1998,5.419,
28/05/1998,5.418,
29/05/1998,5.416,
01/06/1998,5.394,
02/06/1998,5.393,
03/06/1998,5.393,
04/06/1998,5.425,
05/06/1998,5.434,
08/06/1998,5.444,
09/06/1998,5.444,
10/06/1998,5.421,
11/06/1998,5.355,
12/06/1998,5.321,
15/06/1998,5.309,
16/06/1998,5.374,
17/06/1998,5.417,
18/06/1998,5.406,
19/06/1998,5.408,
22/06/1998,5.408,
23/06/1998,5.408,
24/06/1998,5.397,
25/06/1998,5.407,
26/06/1998,5.394,
29/06/1998,5.383,
30/06/1998,5.371,
01/07/1998,5.349,
02/07/1998,5.325,
03/07/1998,5.324,
06/07/1998,5.323,
07/07/1998,5.334,
08/07/1998,5.323,
09/07/1998,5.322,
10/07/1998,5.31,
13/07/1998,5.331,
14/07/1998,5.33,
15/07/1998,5.319,
16/07/1998,5.34,
17/07/1998,5.364,
20/07/1998,5.364,
21/07/1998,5.353,
22/07/1998,5.353,
23/07/1998,5.341,
24/07/1998,5.34,
27/07/1998,5.35,
28/07/1998,5.338,
29/07/1998,5.36,
30/07/1998,5.359,
31/07/1998,5.368,
03/08/1998,5.346,
04/08/1998,5.312,
05/08/1998,5.29,
06/08/1998,5.279,
07/08/1998,5.233,
10/08/1998,5.211,
11/08/1998,5.178,
12/08/1998,5.199,
13/08/1998,5.231,
14/08/1998,5.208,
17/08/1998,5.229,
18/08/1998,5.25,
19/08/1998,5.232,
20/08/1998,5.221,
21/08/1998,5.186,
24/08/1998,5.175,
25/08/1998,5.152,
26/08/1998,5.097,
27/08/1998,5.009,
28/08/1998,4.953,
31/08/1998,4.855,
01/09/1998,4.855,
02/09/1998,4.908,
03/09/1998,4.897,
04/09/1998,4.895,
07/09/1998,4.906,
08/09/1998,4.905,
09/09/1998,4.786,
10/09/1998,4.634,
11/09/1998,4.719,
14/09/1998,4.762,
15/09/1998,4.794,
16/09/1998,4.763,
17/09/1998,4.762,
18/09/1998,4.685,
21/09/1998,4.695,
22/09/1998,4.717,
23/09/1998,4.597,
24/09/1998,4.51,
25/09/1998,4.487,
28/09/1998,4.519,
29/09/1998,4.518,
30/09/1998,4.399,
01/10/1998,4.28,
02/10/1998,4.29,
05/10/1998,4.171,
06/10/1998,4.225,
07/10/1998,4.235,
08/10/1998,4.138,
09/10/1998,4.147,
12/10/1998,4.147,
13/10/1998,4.222,
14/10/1998,4.167,
15/10/1998,3.962,
16/10/1998,3.854,
19/10/1998,3.907,
20/10/1998,3.982,
21/10/1998,4.035,
22/10/1998,4.035,
23/10/1998,4.077,
26/10/1998,4.12,
27/10/1998,4.023,
28/10/1998,4.065,
29/10/1998,4.076,
30/10/1998,4.182,
02/11/1998,4.333,
03/11/1998,4.332,
04/11/1998,4.461,
05/11/1998,4.504,
06/11/1998,4.665,
09/11/1998,4.632,
10/11/1998,4.535,
11/11/1998,4.535,
12/11/1998,4.49,
13/11/1998,4.512,
16/11/1998,4.555,
17/11/1998,4.479,
18/11/1998,4.521,
19/11/1998,4.553,
20/11/1998,4.541,
23/11/1998,4.563,
24/11/1998,4.595,
25/11/1998,4.594,
26/11/1998,4.593,
27/11/1998,4.581,
30/11/1998,4.495,
01/12/1998,4.451,
02/12/1998,4.418,
03/12/1998,4.375,
04/12/1998,4.482,
07/12/1998,4.557,
08/12/1998,4.481,
09/12/1998,4.437,
10/12/1998,4.448,
11/12/1998,4.49,
14/12/1998,4.457,
15/12/1998,4.489,
16/12/1998,4.38,
17/12/1998,4.445,
18/12/1998,4.476,
21/12/1998,4.53,
22/12/1998,4.551,
23/12/1998,4.67,
24/12/1998,4.711,
25/12/1998,4.711,
28/12/1998,4.624,
29/12/1998,4.613,
30/12/1998,4.537,
31/12/1998,4.524,
01/01/1999,4.535,
04/01/1999,4.578,
05/01/1999,4.621,
06/01/1999,4.502,
07/01/1999,4.502,
08/01/1999,4.576,
11/01/1999,4.609,
12/01/1999,4.543,
13/01/1999,4.456,
14/01/1999,4.402,
15/01/1999,4.465,
18/01/1999,4.464,
19/01/1999,4.486,
20/01/1999,4.518,
21/01/1999,4.453,
22/01/1999,4.441,
25/01/1999,4.484,
26/01/1999,4.483,
27/01/1999,4.494,
28/01/1999,4.504,
29/01/1999,4.492,
01/02/1999,4.567,
02/02/1999,4.567,
03/02/1999,4.589,
04/02/1999,4.621,
05/02/1999,4.652,
08/02/1999,4.641,
09/02/1999,4.619,
10/02/1999,4.64,
11/02/1999,4.661,
12/02/1999,4.725,
15/02/1999,4.724,
16/02/1999,4.691,
17/02/1999,4.67,
18/02/1999,4.702,
19/02/1999,4.7,
22/02/1999,4.711,
23/02/1999,4.775,
24/02/1999,4.829,
25/02/1999,4.872,
26/02/1999,4.849,
01/03/1999,4.881,
02/03/1999,4.794,
03/03/1999,4.885,
04/03/1999,4.896,
05/03/1999,4.818,
08/03/1999,4.806,
09/03/1999,4.74,
10/03/1999,4.74,
11/03/1999,4.761,
12/03/1999,4.727,
15/03/1999,4.749,
16/03/1999,4.726,
17/03/1999,4.726,
18/03/1999,4.693,
19/03/1999,4.724,
22/03/1999,4.745,
23/03/1999,4.691,
24/03/1999,4.701,
25/03/1999,4.744,
26/03/1999,4.699,
29/03/1999,4.721,
30/03/1999,4.688,
31/03/1999,4.71,
01/04/1999,4.709,
02/04/1999,4.665,
05/04/1999,4.664,
06/04/1999,4.653,
07/04/1999,4.664,
08/04/1999,4.62,
09/04/1999,4.619,
12/04/1999,4.64,
13/04/1999,4.629,
14/04/1999,4.628,
15/04/1999,4.639,
16/04/1999,4.692,
19/04/1999,4.648,
20/04/1999,4.647,
21/04/1999,4.669,
22/04/1999,4.701,
23/04/1999,4.689,
26/04/1999,4.677,
27/04/1999,4.688,
28/04/1999,4.732,
29/04/1999,4.688,
30/04/1999,4.763,
03/05/1999,4.774,
04/05/1999,4.784,
05/05/1999,4.751,
06/05/1999,4.794,
07/05/1999,4.771,
10/05/1999,4.759,
11/05/1999,4.77,
12/05/1999,4.769,
13/05/1999,4.725,
14/05/1999,4.855,
17/05/1999,4.843,
18/05/1999,4.908,
19/05/1999,4.875,
20/05/1999,4.853,
21/05/1999,4.819,
24/05/1999,4.818,
25/05/1999,4.84,
26/05/1999,4.918,
27/05/1999,4.972,
28/05/1999,4.97,
31/05/1999,4.97,
01/06/1999,5.067,
02/06/1999,5.046,
03/06/1999,5.045,
04/06/1999,5.054,
07/06/1999,5.065,
08/06/1999,5.075,
09/06/1999,5.118,
10/06/1999,5.107,
11/06/1999,5.138,
14/06/1999,5.094,
15/06/1999,5.083,
16/06/1999,4.973,
17/06/1999,4.929,
18/06/1999,4.971,
21/06/1999,5.003,
22/06/1999,5.035,
23/06/1999,5.17,
24/06/1999,5.169,
25/06/1999,5.157,
28/06/1999,5.134,
29/06/1999,5.166,
30/06/1999,5.056,
01/07/1999,5.067,
02/07/1999,5.065,
05/07/1999,5.064,
06/07/1999,5.042,
07/07/1999,5.031,
08/07/1999,4.998,
09/07/1999,4.996,
12/07/1999,4.974,
13/07/1999,4.963,
14/07/1999,4.973,
15/07/1999,4.972,
16/07/1999,4.927,
19/07/1999,4.949,
20/07/1999,4.894,
21/07/1999,4.929,
22/07/1999,4.983,
23/07/1999,5.014,
26/07/1999,5.025,
27/07/1999,5.013,
28/07/1999,5.024,
29/07/1999,5.089,
30/07/1999,5.109,
02/08/1999,5.141,
03/08/1999,5.152,
04/08/1999,5.086,
05/08/1999,5.031,
06/08/1999,5.138,
09/08/1999,5.214,
10/08/1999,5.214,
11/08/1999,5.169,
12/08/1999,5.202,
13/08/1999,5.167,
16/08/1999,5.21,
17/08/1999,5.177,
18/08/1999,5.17,
19/08/1999,5.158,
20/08/1999,5.146,
23/08/1999,5.189,
24/08/1999,5.156,
25/08/1999,5.133,
26/08/1999,5.187,
27/08/1999,5.24,
30/08/1999,5.295,
31/08/1999,5.283,
01/09/1999,5.283,
02/09/1999,5.271,
03/09/1999,5.203,
06/09/1999,5.203,
07/09/1999,5.246,
08/09/1999,5.246,
09/09/1999,5.278,
10/09/1999,5.233,
13/09/1999,5.243,
14/09/1999,5.264,
15/09/1999,5.236,
16/09/1999,5.224,
17/09/1999,5.233,
20/09/1999,5.266,
21/09/1999,5.243,
22/09/1999,5.221,
23/09/1999,5.154,
24/09/1999,5.153,
27/09/1999,5.174,
28/09/1999,5.196,
29/09/1999,5.217,
30/09/1999,5.173,
01/10/1999,5.258,
04/10/1999,5.236,
05/10/1999,5.312,
06/10/1999,5.322,
07/10/1999,5.322,
08/10/1999,5.32,
11/10/1999,5.319,
12/10/1999,5.33,
13/10/1999,5.373,
14/10/1999,5.444,
15/10/1999,5.387,
18/10/1999,5.431,
19/10/1999,5.463,
20/10/1999,5.462,
21/10/1999,5.473,
22/10/1999,5.471,
25/10/1999,5.514,
26/10/1999,5.536,
27/10/1999,5.513,
28/10/1999,5.469,
29/10/1999,5.412,
01/11/1999,5.444,
02/11/1999,5.433,
03/11/1999,5.432,
04/11/1999,5.41,
05/11/1999,5.408,
08/11/1999,5.44,
09/11/1999,5.472,
10/11/1999,5.499,
11/11/1999,5.497,
12/11/1999,5.475,
15/11/1999,5.497,
16/11/1999,5.54,
17/11/1999,5.561,
18/11/1999,5.561,
19/11/1999,5.581,
22/11/1999,5.613,
23/11/1999,5.613,
24/11/1999,5.633,
25/11/1999,5.632,
26/11/1999,5.664,
29/11/1999,5.697,
30/11/1999,5.685,
01/12/1999,5.696,
02/12/1999,5.739,
03/12/1999,5.682,
06/12/1999,5.692,
07/12/1999,5.67,
08/12/1999,5.676,
09/12/1999,5.665,
10/12/1999,5.663,
13/12/1999,5.739,
14/12/1999,5.827,
15/12/1999,5.837,
16/12/1999,5.892,
17/12/1999,5.912,
20/12/1999,5.967,
21/12/1999,5.955,
22/12/1999,5.943,
23/12/1999,5.94,
24/12/1999,5.94,
27/12/1999,5.939,
28/12/1999,5.917,
29/12/1999,5.883,
30/12/1999,5.893,
31/12/1999,5.957,
03/01/2000,6.078,
04/01/2000,6.011,
05/01/2000,6.042,
06/01/2000,5.997,
07/01/2000,6.006,
10/01/2000,6.049,
11/01/2000,6.104,
12/01/2000,6.125,
13/01/2000,6.091,
14/01/2000,6.111,
17/01/2000,6.099,
18/01/2000,6.12,
19/01/2000,6.098,
20/01/2000,6.108,
21/01/2000,6.106,
24/01/2000,6.072,
25/01/2000,6.094,
26/01/2000,6.093,
27/01/2000,6.147,
28/01/2000,6.189,
31/01/2000,6.244,
01/02/2000,6.277,
02/02/2000,6.198,
03/02/2000,6.141,
04/02/2000,6.195,
07/02/2000,6.216,
08/02/2000,6.193,
09/02/2000,6.17,
10/02/2000,6.18,
11/02/2000,6.167,
14/02/2000,6.177,
15/02/2000,6.176,
16/02/2000,6.198,
17/02/2000,6.241,
18/02/2000,6.249,
21/02/2000,6.221,
22/02/2000,6.181,
23/02/2000,6.237,
24/02/2000,6.192,
25/02/2000,6.134,
28/02/2000,6.211,
29/02/2000,6.232,
01/03/2000,6.17,
02/03/2000,6.169,
03/03/2000,6.144,
06/03/2000,6.188,
07/03/2000,6.143,
08/03/2000,6.164,
09/03/2000,6.152,
10/03/2000,6.205,
13/03/2000,6.182,
14/03/2000,6.171,
15/03/2000,6.192,
16/03/2000,6.18,
17/03/2000,6.178,
20/03/2000,6.21,
21/03/2000,6.198,
22/03/2000,6.187,
23/03/2000,6.197,
24/03/2000,6.283,
27/03/2000,6.282,
28/03/2000,6.27,
29/03/2000,6.27,
30/03/2000,6.225,
31/03/2000,6.234,
03/04/2000,6.2,
04/04/2000,6.111,
05/04/2000,6.11,
06/04/2000,6.153,
07/04/2000,6.14,
10/04/2000,6.085,
11/04/2000,6.117,
12/04/2000,6.116,
13/04/2000,6.115,
14/04/2000,6.037,
17/04/2000,6.069,
18/04/2000,6.035,
19/04/2000,6.056,
20/04/2000,6.065,
21/04/2000,6.064,
24/04/2000,6.074,
25/04/2000,6.129,
26/04/2000,6.107,
27/04/2000,6.139,
28/04/2000,6.17,
01/05/2000,6.224,
02/05/2000,6.19,
03/05/2000,6.189,
04/05/2000,6.156,
05/05/2000,6.241,
08/05/2000,6.317,
09/05/2000,6.306,
10/05/2000,6.294,
11/05/2000,6.304,
12/05/2000,6.379,
15/05/2000,6.335,
16/05/2000,6.367,
17/05/2000,6.355,
18/05/2000,6.278,
19/05/2000,6.2,
22/05/2000,6.166,
23/05/2000,6.155,
24/05/2000,6.176,
25/05/2000,6.175,
26/05/2000,6.184,
29/05/2000,6.172,
30/05/2000,6.172,
31/05/2000,6.172,
01/06/2000,6.313,
02/06/2000,6.222,
05/06/2000,6.221,
06/06/2000,6.231,
07/06/2000,6.209,
08/06/2000,6.219,
09/06/2000,6.228,
12/06/2000,6.194,
13/06/2000,6.16,
14/06/2000,6.126,
15/06/2000,6.136,
16/06/2000,6.078,
19/06/2000,6.1,
20/06/2000,6.121,
21/06/2000,6.142,
22/06/2000,6.142,
23/06/2000,6.184,
26/06/2000,6.139,
27/06/2000,6.149,
28/06/2000,6.126,
29/06/2000,6.07,
30/06/2000,6.057,
03/07/2000,6.056,
04/07/2000,#N/A,
05/07/2000,6.043,
06/07/2000,6.076,
07/07/2000,6.052,
10/07/2000,6.074,
11/07/2000,6.073,
12/07/2000,6.083,
13/07/2000,6.05,
14/07/2000,6.091,
17/07/2000,6.113,
18/07/2000,6.101,
19/07/2000,6.111,
20/07/2000,6.034,
21/07/2000,6.032,
24/07/2000,6.042,
25/07/2000,6.041,
26/07/2000,6.019,
27/07/2000,6.029,
28/07/2000,6.027,
31/07/2000,6.059,
01/08/2000,6.059,
02/08/2000,6.102,
03/08/2000,6.09,
04/08/2000,6.066,
07/08/2000,6.099,
08/08/2000,6.12,
09/08/2000,6.152,
10/08/2000,6.162,
11/08/2000,6.226,
14/08/2000,6.203,
15/08/2000,6.203,
16/08/2000,6.202,
17/08/2000,6.18,
18/08/2000,6.156,
21/08/2000,6.177,
22/08/2000,6.176,
23/08/2000,6.176,
24/08/2000,6.175,
25/08/2000,6.206,
28/08/2000,6.238,
29/08/2000,6.27,
30/08/2000,6.236,
31/08/2000,6.213,
01/09/2000,6.177,
04/09/2000,6.173,
05/09/2000,6.164,
06/09/2000,6.186,
07/09/2000,6.219,
08/09/2000,6.183,
11/09/2000,6.216,
12/09/2000,6.171,
13/09/2000,6.115,
14/09/2000,6.125,
15/09/2000,6.1,
18/09/2000,6.067,
19/09/2000,6.099,
20/09/2000,6.098,
21/09/2000,6.042,
22/09/2000,6.084,
25/09/2000,6.095,
26/09/2000,6.061,
27/09/2000,6.071,
28/09/2000,6.081,
29/09/2000,6.09,
02/10/2000,6.068,
03/10/2000,6.056,
04/10/2000,6.055,
05/10/2000,6.054,
06/10/2000,6.074,
09/10/2000,6.062,
10/10/2000,6.039,
11/10/2000,6.028,
12/10/2000,5.918,
13/10/2000,5.96,
16/10/2000,5.97,
17/10/2000,5.937,
18/10/2000,5.936,
19/10/2000,5.957,
20/10/2000,5.944,
23/10/2000,5.955,
24/10/2000,5.976,
25/10/2000,6.03,
26/10/2000,6.095,
27/10/2000,6.159,
30/10/2000,6.169,
31/10/2000,6.168,
01/11/2000,6.167,
02/11/2000,6.145,
03/11/2000,6.176,
06/11/2000,6.208,
07/11/2000,6.207,
08/11/2000,6.207,
09/11/2000,6.195,
10/11/2000,6.16,
13/11/2000,6.16,
14/11/2000,6.159,
15/11/2000,6.158,
16/11/2000,6.136,
17/11/2000,6.145,
20/11/2000,6.133,
21/11/2000,6.155,
22/11/2000,6.186,
23/11/2000,6.173,
24/11/2000,6.206,
27/11/2000,6.184,
28/11/2000,6.14,
29/11/2000,5.981,
30/11/2000,5.914,
01/12/2000,5.923,
04/12/2000,5.9,
05/12/2000,5.767,
06/12/2000,5.727,
07/12/2000,5.733,
08/12/2000,5.736,
11/12/2000,5.796,
12/12/2000,5.784,
13/12/2000,5.751,
14/12/2000,5.684,
15/12/2000,5.66,
18/12/2000,5.594,
19/12/2000,5.582,
20/12/2000,5.46,
21/12/2000,5.351,
22/12/2000,5.261,
25/12/2000,5.271,
26/12/2000,5.369,
27/12/2000,5.358,
28/12/2000,5.423,
29/12/2000,5.366,
01/01/2001,5.366,
02/01/2001,5.169,
03/01/2001,5.082,
04/01/2001,4.843,
05/01/2001,4.648,
08/01/2001,4.626,
09/01/2001,4.787,
10/01/2001,4.927,
11/01/2001,4.851,
12/01/2001,4.968,
15/01/2001,#N/A,
16/01/2001,4.967,
17/01/2001,4.924,
18/01/2001,4.805,
19/01/2001,4.804,
22/01/2001,4.803,
23/01/2001,4.868,
24/01/2001,4.889,
25/01/2001,4.845,
26/01/2001,4.801,
29/01/2001,4.779,
30/01/2001,4.66,
31/01/2001,4.585,
01/02/2001,4.584,
02/02/2001,4.691,
05/02/2001,4.722,
06/02/2001,4.754,
07/02/2001,4.754,
08/02/2001,4.743,
09/02/2001,4.688,
12/02/2001,4.72,
13/02/2001,4.773,
14/02/2001,4.848,
15/02/2001,4.89,
16/02/2001,4.814,
19/02/2001,4.79,
20/02/2001,4.792,
21/02/2001,4.759,
22/02/2001,4.748,
23/02/2001,4.608,
26/02/2001,4.544,
27/02/2001,4.586,
28/02/2001,4.469,
01/03/2001,4.458,
02/03/2001,4.468,
05/03/2001,4.5,
06/03/2001,4.489,
07/03/2001,4.434,
08/03/2001,4.423,
09/03/2001,4.443,
12/03/2001,4.421,
13/03/2001,4.41,
14/03/2001,4.291,
15/03/2001,4.194,
16/03/2001,4.182,
19/03/2001,4.246,
20/03/2001,4.181,
21/03/2001,4.159,
22/03/2001,4.095,
23/03/2001,4.201,
26/03/2001,4.19,
27/03/2001,4.297,
28/03/2001,4.221,
29/03/2001,4.146,
30/03/2001,4.113,
02/04/2001,4.091,
03/04/2001,4.005,
04/04/2001,3.962,
05/04/2001,3.994,
06/04/2001,3.886,
09/04/2001,3.918,
10/04/2001,4.014,
11/04/2001,4.099,
12/04/2001,4.119,
13/04/2001,4.119,
16/04/2001,4.225,
17/04/2001,4.161,
18/04/2001,3.936,
19/04/2001,3.936,
20/04/2001,3.85,
23/04/2001,3.733,
24/04/2001,3.732,
25/04/2001,3.812,
26/04/2001,3.785,
27/04/2001,3.88,
30/04/2001,3.922,
01/05/2001,3.88,
02/05/2001,3.901,
03/05/2001,3.858,
04/05/2001,3.751,
07/05/2001,3.708,
08/05/2001,3.676,
09/05/2001,3.633,
10/05/2001,3.718,
11/05/2001,3.781,
14/05/2001,3.759,
15/05/2001,3.685,
16/05/2001,3.653,
17/05/2001,3.706,
18/05/2001,3.726,
21/05/2001,3.758,
22/05/2001,3.747,
23/05/2001,3.694,
24/05/2001,3.725,
25/05/2001,3.703,
28/05/2001,3.699,
29/05/2001,3.692,
30/05/2001,3.661,
31/05/2001,3.565,
01/06/2001,3.596,
04/06/2001,3.617,
05/06/2001,3.575,
06/06/2001,3.564,
07/06/2001,3.564,
08/06/2001,3.563,
11/06/2001,3.542,
12/06/2001,3.5,
13/06/2001,3.5,
14/06/2001,3.436,
15/06/2001,3.404,
18/06/2001,3.393,
19/06/2001,3.288,
20/06/2001,3.372,
21/06/2001,3.372,
22/06/2001,3.329,
25/06/2001,3.34,
26/06/2001,3.413,
27/06/2001,3.497,
28/06/2001,3.581,
29/06/2001,3.634,
02/07/2001,3.591,
03/07/2001,3.623,
04/07/2001,3.612,
05/07/2001,3.59,
06/07/2001,3.548,
09/07/2001,3.548,
10/07/2001,3.496,
11/07/2001,3.495,
12/07/2001,3.495,
13/07/2001,3.526,
16/07/2001,3.505,
17/07/2001,3.505,
18/07/2001,3.41,
19/07/2001,3.442,
20/07/2001,3.431,
23/07/2001,3.42,
24/07/2001,3.441,
25/07/2001,3.473,
26/07/2001,3.441,
27/07/2001,3.441,
30/07/2001,3.43,
31/07/2001,3.42,
01/08/2001,3.441,
02/08/2001,3.451,
03/08/2001,3.44,
06/08/2001,3.43,
07/08/2001,3.43,
08/08/2001,3.388,
09/08/2001,3.356,
10/08/2001,3.325,
13/08/2001,3.314,
14/08/2001,3.324,
15/08/2001,3.324,
16/08/2001,3.293,
17/08/2001,3.261,
20/08/2001,3.303,
21/08/2001,3.293,
22/08/2001,3.303,
23/08/2001,3.303,
24/08/2001,#N/A,
27/08/2001,#N/A,
28/08/2001,#N/A,
29/08/2001,#N/A,
30/08/2001,#N/A,
31/08/2001,#N/A,
03/09/2001,#N/A,
04/09/2001,#N/A,
05/09/2001,#N/A,
06/09/2001,#N/A,
07/09/2001,#N/A,
10/09/2001,#N/A,
11/09/2001,#N/A,
12/09/2001,#N/A,
13/09/2001,#N/A,
14/09/2001,#N/A,
17/09/2001,#N/A,
18/09/2001,#N/A,
19/09/2001,#N/A,
20/09/2001,#N/A,
21/09/2001,#N/A,
24/09/2001,#N/A,
25/09/2001,#N/A,
26/09/2001,#N/A,
27/09/2001,#N/A,
28/09/2001,#N/A,
01/10/2001,#N/A,
02/10/2001,#N/A,
03/10/2001,#N/A,
04/10/2001,#N/A,
05/10/2001,#N/A,
08/10/2001,#N/A,
09/10/2001,#N/A,
10/10/2001,#N/A,
11/10/2001,#N/A,
12/10/2001,#N/A,
15/10/2001,#N/A,
16/10/2001,#N/A,
17/10/2001,#N/A,
18/10/2001,#N/A,
19/10/2001,#N/A,
22/10/2001,#N/A,
23/10/2001,#N/A,
24/10/2001,#N/A,
25/10/2001,#N/A,
26/10/2001,#N/A,
29/10/2001,#N/A,
30/10/2001,#N/A,
31/10/2001,#N/A,
01/11/2001,#N/A,
02/11/2001,#N/A,
05/11/2001,#N/A,
06/11/2001,#N/A,
07/11/2001,#N/A,
08/11/2001,#N/A,
09/11/2001,#N/A,
12/11/2001,#N/A,
13/11/2001,#N/A,
14/11/2001,#N/A,
15/11/2001,#N/A,
16/11/2001,#N/A,
19/11/2001,#N/A,
20/11/2001,#N/A,
21/11/2001,#N/A,
22/11/2001,#N/A,
23/11/2001,#N/A,
26/11/2001,#N/A,
27/11/2001,#N/A,
28/11/2001,#N/A,
29/11/2001,#N/A,
30/11/2001,#N/A,
03/12/2001,#N/A,
04/12/2001,#N/A,
05/12/2001,#N/A,
06/12/2001,#N/A,
07/12/2001,#N/A,
10/12/2001,#N/A,
11/12/2001,#N/A,
12/12/2001,#N/A,
13/12/2001,#N/A,
14/12/2001,#N/A,
17/12/2001,#N/A,
18/12/2001,#N/A,
19/12/2001,#N/A,
20/12/2001,#N/A,
21/12/2001,#N/A,
24/12/2001,#N/A,
25/12/2001,#N/A,
26/12/2001,#N/A,
27/12/2001,#N/A,
28/12/2001,#N/A,
31/12/2001,#N/A,
01/01/2002,#N/A,
02/01/2002,#N/A,
03/01/2002,#N/A,
04/01/2002,#N/A,
07/01/2002,#N/A,
08/01/2002,#N/A,
09/01/2002,#N/A,
10/01/2002,#N/A,
11/01/2002,#N/A,
14/01/2002,#N/A,
15/01/2002,#N/A,
16/01/2002,#N/A,
17/01/2002,#N/A,
18/01/2002,#N/A,
21/01/2002,#N/A,
22/01/2002,#N/A,
23/01/2002,#N/A,
24/01/2002,#N/A,
25/01/2002,#N/A,
28/01/2002,#N/A,
29/01/2002,#N/A,
30/01/2002,#N/A,
31/01/2002,#N/A,
01/02/2002,#N/A,
04/02/2002,#N/A,
05/02/2002,#N/A,
06/02/2002,#N/A,
07/02/2002,#N/A,
08/02/2002,#N/A,
11/02/2002,#N/A,
12/02/2002,#N/A,
13/02/2002,#N/A,
14/02/2002,#N/A,
15/02/2002,#N/A,
18/02/2002,#N/A,
19/02/2002,#N/A,
20/02/2002,#N/A,
21/02/2002,#N/A,
22/02/2002,#N/A,
25/02/2002,#N/A,
26/02/2002,#N/A,
27/02/2002,#N/A,
28/02/2002,#N/A,
01/03/2002,#N/A,
04/03/2002,#N/A,
05/03/2002,#N/A,
06/03/2002,#N/A,
07/03/2002,#N/A,
08/03/2002,#N/A,
11/03/2002,#N/A,
12/03/2002,#N/A,
13/03/2002,#N/A,
14/03/2002,#N/A,
15/03/2002,#N/A,
18/03/2002,#N/A,
19/03/2002,#N/A,
20/03/2002,#N/A,
21/03/2002,#N/A,
22/03/2002,#N/A,
25/03/2002,#N/A,
26/03/2002,#N/A,
27/03/2002,#N/A,
28/03/2002,#N/A,
29/03/2002,#N/A,
01/04/2002,#N/A,
02/04/2002,#N/A,
03/04/2002,#N/A,
04/04/2002,#N/A,
05/04/2002,#N/A,
08/04/2002,#N/A,
09/04/2002,#N/A,
10/04/2002,#N/A,
11/04/2002,#N/A,
12/04/2002,#N/A,
15/04/2002,#N/A,
16/04/2002,#N/A,
17/04/2002,#N/A,
18/04/2002,#N/A,
19/04/2002,#N/A,
22/04/2002,#N/A,
23/04/2002,#N/A,
24/04/2002,#N/A,
25/04/2002,#N/A,
26/04/2002,#N/A,
29/04/2002,#N/A,
30/04/2002,#N/A,
01/05/2002,#N/A,
02/05/2002,#N/A,
03/05/2002,#N/A,
06/05/2002,#N/A,
07/05/2002,#N/A,
08/05/2002,#N/A,
09/05/2002,#N/A,
10/05/2002,#N/A,
13/05/2002,#N/A,
14/05/2002,#N/A,
15/05/2002,#N/A,
16/05/2002,#N/A,
17/05/2002,#N/A,
20/05/2002,#N/A,
21/05/2002,#N/A,
22/05/2002,#N/A,
23/05/2002,#N/A,
24/05/2002,#N/A,
27/05/2002,#N/A,
28/05/2002,#N/A,
29/05/2002,#N/A,
30/05/2002,#N/A,
31/05/2002,#N/A,
03/06/2002,#N/A,
04/06/2002,#N/A,
05/06/2002,#N/A,
06/06/2002,#N/A,
07/06/2002,#N/A,
10/06/2002,#N/A,
11/06/2002,#N/A,
12/06/2002,#N/A,
13/06/2002,#N/A,
14/06/2002,#N/A,
17/06/2002,#N/A,
18/06/2002,#N/A,
19/06/2002,#N/A,
20/06/2002,#N/A,
21/06/2002,#N/A,
24/06/2002,#N/A,
25/06/2002,#N/A,
26/06/2002,#N/A,
27/06/2002,#N/A,
28/06/2002,#N/A,
01/07/2002,#N/A,
02/07/2002,#N/A,
03/07/2002,#N/A,
04/07/2002,#N/A,
05/07/2002,#N/A,
08/07/2002,#N/A,
09/07/2002,#N/A,
10/07/2002,#N/A,
11/07/2002,#N/A,
12/07/2002,#N/A,
15/07/2002,#N/A,
16/07/2002,#N/A,
17/07/2002,#N/A,
18/07/2002,#N/A,
19/07/2002,#N/A,
22/07/2002,#N/A,
23/07/2002,#N/A,
24/07/2002,#N/A,
25/07/2002,#N/A,
26/07/2002,#N/A,
29/07/2002,#N/A,
30/07/2002,#N/A,
31/07/2002,#N/A,
01/08/2002,#N/A,
02/08/2002,#N/A,
05/08/2002,#N/A,
06/08/2002,#N/A,
07/08/2002,#N/A,
08/08/2002,#N/A,
09/08/2002,#N/A,
12/08/2002,#N/A,
13/08/2002,#N/A,
14/08/2002,#N/A,
15/08/2002,#N/A,
16/08/2002,#N/A,
19/08/2002,#N/A,
20/08/2002,#N/A,
21/08/2002,#N/A,
22/08/2002,#N/A,
23/08/2002,#N/A,
26/08/2002,#N/A,
27/08/2002,#N/A,
28/08/2002,#N/A,
29/08/2002,#N/A,
30/08/2002,#N/A,
02/09/2002,#N/A,
03/09/2002,#N/A,
04/09/2002,#N/A,
05/09/2002,#N/A,
06/09/2002,#N/A,
09/09/2002,#N/A,
10/09/2002,#N/A,
11/09/2002,#N/A,
12/09/2002,#N/A,
13/09/2002,#N/A,
16/09/2002,#N/A,
17/09/2002,#N/A,
18/09/2002,#N/A,
19/09/2002,#N/A,
20/09/2002,#N/A,
23/09/2002,#N/A,
24/09/2002,#N/A,
25/09/2002,#N/A,
26/09/2002,#N/A,
27/09/2002,#N/A,
30/09/2002,#N/A,
01/10/2002,#N/A,
02/10/2002,#N/A,
03/10/2002,#N/A,
04/10/2002,#N/A,
07/10/2002,#N/A,
08/10/2002,#N/A,
09/10/2002,#N/A,
10/10/2002,#N/A,
11/10/2002,#N/A,
14/10/2002,#N/A,
15/10/2002,#N/A,
16/10/2002,#N/A,
17/10/2002,#N/A,
18/10/2002,#N/A,
21/10/2002,#N/A,
22/10/2002,#N/A,
23/10/2002,#N/A,
24/10/2002,#N/A,
25/10/2002,#N/A,
28/10/2002,#N/A,
29/10/2002,#N/A,
30/10/2002,#N/A,
31/10/2002,#N/A,
01/11/2002,#N/A,
04/11/2002,#N/A,
05/11/2002,#N/A,
06/11/2002,#N/A,
07/11/2002,#N/A,
08/11/2002,#N/A,
11/11/2002,#N/A,
12/11/2002,#N/A,
13/11/2002,#N/A,
14/11/2002,#N/A,
15/11/2002,#N/A,
18/11/2002,#N/A,
19/11/2002,#N/A,
20/11/2002,#N/A,
21/11/2002,#N/A,
22/11/2002,#N/A,
25/11/2002,#N/A,
26/11/2002,#N/A,
27/11/2002,#N/A,
28/11/2002,#N/A,
29/11/2002,#N/A,
02/12/2002,#N/A,
03/12/2002,#N/A,
04/12/2002,#N/A,
05/12/2002,#N/A,
06/12/2002,#N/A,
09/12/2002,#N/A,
10/12/2002,#N/A,
11/12/2002,#N/A,
12/12/2002,#N/A,
13/12/2002,#N/A,
16/12/2002,#N/A,
17/12/2002,#N/A,
18/12/2002,#N/A,
19/12/2002,#N/A,
20/12/2002,#N/A,
23/12/2002,#N/A,
24/12/2002,#N/A,
25/12/2002,#N/A,
26/12/2002,#N/A,
27/12/2002,#N/A,
30/12/2002,#N/A,
31/12/2002,#N/A,
01/01/2003,#N/A,
02/01/2003,#N/A,
03/01/2003,#N/A,
06/01/2003,#N/A,
07/01/2003,#N/A,
08/01/2003,#N/A,
09/01/2003,#N/A,
10/01/2003,#N/A,
13/01/2003,#N/A,
14/01/2003,#N/A,
15/01/2003,#N/A,
16/01/2003,#N/A,
17/01/2003,#N/A,
20/01/2003,#N/A,
21/01/2003,#N/A,
22/01/2003,#N/A,
23/01/2003,#N/A,
24/01/2003,#N/A,
27/01/2003,#N/A,
28/01/2003,#N/A,
29/01/2003,#N/A,
30/01/2003,#N/A,
31/01/2003,#N/A,
03/02/2003,#N/A,
04/02/2003,#N/A,
05/02/2003,#N/A,
06/02/2003,#N/A,
07/02/2003,#N/A,
10/02/2003,#N/A,
11/02/2003,#N/A,
12/02/2003,#N/A,
13/02/2003,#N/A,
14/02/2003,#N/A,
17/02/2003,#N/A,
18/02/2003,#N/A,
19/02/2003,#N/A,
20/02/2003,#N/A,
21/02/2003,#N/A,
24/02/2003,#N/A,
25/02/2003,#N/A,
26/02/2003,#N/A,
27/02/2003,#N/A,
28/02/2003,#N/A,
03/03/2003,#N/A,
04/03/2003,#N/A,
05/03/2003,#N/A,
06/03/2003,#N/A,
07/03/2003,#N/A,
10/03/2003,#N/A,
11/03/2003,#N/A,
12/03/2003,#N/A,
13/03/2003,#N/A,
14/03/2003,#N/A,
17/03/2003,#N/A,
18/03/2003,#N/A,
19/03/2003,#N/A,
20/03/2003,#N/A,
21/03/2003,#N/A,
24/03/2003,#N/A,
25/03/2003,#N/A,
26/03/2003,#N/A,
27/03/2003,#N/A,
28/03/2003,#N/A,
31/03/2003,#N/A,
01/04/2003,#N/A,
02/04/2003,#N/A,
03/04/2003,#N/A,
04/04/2003,#N/A,
07/04/2003,#N/A,
08/04/2003,#N/A,
09/04/2003,#N/A,
10/04/2003,#N/A,
11/04/2003,#N/A,
14/04/2003,#N/A,
15/04/2003,#N/A,
16/04/2003,#N/A,
17/04/2003,#N/A,
18/04/2003,#N/A,
21/04/2003,#N/A,
22/04/2003,#N/A,
23/04/2003,#N/A,
24/04/2003,#N/A,
25/04/2003,#N/A,
28/04/2003,#N/A,
29/04/2003,#N/A,
30/04/2003,#N/A,
01/05/2003,#N/A,
02/05/2003,#N/A,
05/05/2003,#N/A,
06/05/2003,#N/A,
07/05/2003,#N/A,
08/05/2003,#N/A,
09/05/2003,#N/A,
12/05/2003,#N/A,
13/05/2003,#N/A,
14/05/2003,#N/A,
15/05/2003,#N/A,
16/05/2003,#N/A,
19/05/2003,#N/A,
20/05/2003,#N/A,
21/05/2003,#N/A,
22/05/2003,#N/A,
23/05/2003,#N/A,
26/05/2003,#N/A,
27/05/2003,#N/A,
28/05/2003,#N/A,
29/05/2003,#N/A,
30/05/2003,#N/A,
02/06/2003,#N/A,
03/06/2003,#N/A,
04/06/2003,#N/A,
05/06/2003,#N/A,
06/06/2003,#N/A,
09/06/2003,#N/A,
10/06/2003,#N/A,
11/06/2003,#N/A,
12/06/2003,#N/A,
13/06/2003,#N/A,
16/06/2003,#N/A,
17/06/2003,#N/A,
18/06/2003,#N/A,
19/06/2003,#N/A,
20/06/2003,#N/A,
23/06/2003,#N/A,
24/06/2003,#N/A,
25/06/2003,#N/A,
26/06/2003,#N/A,
27/06/2003,#N/A,
30/06/2003,#N/A,
01/07/2003,#N/A,
02/07/2003,#N/A,
03/07/2003,#N/A,
04/07/2003,#N/A,
07/07/2003,#N/A,
08/07/2003,#N/A,
09/07/2003,#N/A,
10/07/2003,#N/A,
11/07/2003,#N/A,
14/07/2003,#N/A,
15/07/2003,#N/A,
16/07/2003,#N/A,
17/07/2003,#N/A,
18/07/2003,#N/A,
21/07/2003,#N/A,
22/07/2003,#N/A,
23/07/2003,#N/A,
24/07/2003,#N/A,
25/07/2003,#N/A,
28/07/2003,#N/A,
29/07/2003,#N/A,
30/07/2003,#N/A,
31/07/2003,#N/A,
01/08/2003,#N/A,
04/08/2003,#N/A,
05/08/2003,#N/A,
06/08/2003,#N/A,
07/08/2003,#N/A,
08/08/2003,#N/A,
11/08/2003,#N/A,
12/08/2003,#N/A,
13/08/2003,#N/A,
14/08/2003,#N/A,
15/08/2003,#N/A,
18/08/2003,#N/A,
19/08/2003,#N/A,
20/08/2003,#N/A,
21/08/2003,#N/A,
22/08/2003,#N/A,
25/08/2003,#N/A,
26/08/2003,#N/A,
27/08/2003,#N/A,
28/08/2003,#N/A,
29/08/2003,#N/A,
01/09/2003,#N/A,
02/09/2003,#N/A,
03/09/2003,#N/A,
04/09/2003,#N/A,
05/09/2003,#N/A,
08/09/2003,#N/A,
09/09/2003,#N/A,
10/09/2003,#N/A,
11/09/2003,#N/A,
12/09/2003,#N/A,
15/09/2003,#N/A,
16/09/2003,#N/A,
17/09/2003,#N/A,
18/09/2003,#N/A,
19/09/2003,#N/A,
22/09/2003,#N/A,
23/09/2003,#N/A,
24/09/2003,#N/A,
25/09/2003,#N/A,
26/09/2003,#N/A,
29/09/2003,#N/A,
30/09/2003,#N/A,
01/10/2003,#N/A,
02/10/2003,#N/A,
03/10/2003,#N/A,
06/10/2003,#N/A,
07/10/2003,#N/A,
08/10/2003,#N/A,
09/10/2003,#N/A,
10/10/2003,#N/A,
13/10/2003,#N/A,
14/10/2003,#N/A,
15/10/2003,#N/A,
16/10/2003,#N/A,
17/10/2003,#N/A,
20/10/2003,#N/A,
21/10/2003,#N/A,
22/10/2003,#N/A,
23/10/2003,#N/A,
24/10/2003,#N/A,
27/10/2003,#N/A,
28/10/2003,#N/A,
29/10/2003,#N/A,
30/10/2003,#N/A,
31/10/2003,#N/A,
03/11/2003,#N/A,
04/11/2003,#N/A,
05/11/2003,#N/A,
06/11/2003,#N/A,
07/11/2003,#N/A,
10/11/2003,#N/A,
11/11/2003,#N/A,
12/11/2003,#N/A,
13/11/2003,#N/A,
14/11/2003,#N/A,
17/11/2003,#N/A,
18/11/2003,#N/A,
19/11/2003,#N/A,
20/11/2003,#N/A,
21/11/2003,#N/A,
24/11/2003,#N/A,
25/11/2003,#N/A,
26/11/2003,#N/A,
27/11/2003,#N/A,
28/11/2003,#N/A,
01/12/2003,#N/A,
02/12/2003,#N/A,
03/12/2003,#N/A,
04/12/2003,#N/A,
05/12/2003,#N/A,
08/12/2003,#N/A,
09/12/2003,#N/A,
10/12/2003,#N/A,
11/12/2003,#N/A,
12/12/2003,#N/A,
15/12/2003,#N/A,
16/12/2003,#N/A,
17/12/2003,#N/A,
18/12/2003,#N/A,
19/12/2003,#N/A,
22/12/2003,#N/A,
23/12/2003,#N/A,
24/12/2003,#N/A,
25/12/2003,#N/A,
26/12/2003,#N/A,
29/12/2003,#N/A,
30/12/2003,#N/A,
31/12/2003,#N/A,
01/01/2004,#N/A,
02/01/2004,#N/A,
05/01/2004,#N/A,
06/01/2004,#N/A,
07/01/2004,#N/A,
08/01/2004,#N/A,
09/01/2004,#N/A,
12/01/2004,#N/A,
13/01/2004,#N/A,
14/01/2004,#N/A,
15/01/2004,#N/A,
16/01/2004,#N/A,
19/01/2004,#N/A,
20/01/2004,#N/A,
21/01/2004,#N/A,
22/01/2004,#N/A,
23/01/2004,#N/A,
26/01/2004,#N/A,
27/01/2004,#N/A,
28/01/2004,#N/A,
29/01/2004,#N/A,
30/01/2004,#N/A,
02/02/2004,#N/A,
03/02/2004,#N/A,
04/02/2004,#N/A,
05/02/2004,#N/A,
06/02/2004,#N/A,
09/02/2004,#N/A,
10/02/2004,#N/A,
11/02/2004,#N/A,
12/02/2004,#N/A,
13/02/2004,#N/A,
16/02/2004,#N/A,
17/02/2004,#N/A,
18/02/2004,#N/A,
19/02/2004,#N/A,
20/02/2004,#N/A,
23/02/2004,#N/A,
24/02/2004,#N/A,
25/02/2004,#N/A,
26/02/2004,#N/A,
27/02/2004,#N/A,
01/03/2004,#N/A,
02/03/2004,#N/A,
03/03/2004,#N/A,
04/03/2004,#N/A,
05/03/2004,#N/A,
08/03/2004,#N/A,
09/03/2004,#N/A,
10/03/2004,#N/A,
11/03/2004,#N/A,
12/03/2004,#N/A,
15/03/2004,#N/A,
16/03/2004,#N/A,
17/03/2004,#N/A,
18/03/2004,#N/A,
19/03/2004,#N/A,
22/03/2004,#N/A,
23/03/2004,#N/A,
24/03/2004,#N/A,
25/03/2004,#N/A,
26/03/2004,#N/A,
29/03/2004,#N/A,
30/03/2004,#N/A,
31/03/2004,#N/A,
01/04/2004,#N/A,
02/04/2004,#N/A,
05/04/2004,#N/A,
06/04/2004,#N/A,
07/04/2004,#N/A,
08/04/2004,#N/A,
09/04/2004,#N/A,
12/04/2004,#N/A,
13/04/2004,#N/A,
14/04/2004,#N/A,
15/04/2004,#N/A,
16/04/2004,#N/A,
19/04/2004,#N/A,
20/04/2004,#N/A,
21/04/2004,#N/A,
22/04/2004,#N/A,
23/04/2004,#N/A,
26/04/2004,#N/A,
27/04/2004,#N/A,
28/04/2004,#N/A,
29/04/2004,#N/A,
30/04/2004,#N/A,
03/05/2004,#N/A,
04/05/2004,#N/A,
05/05/2004,#N/A,
06/05/2004,#N/A,
07/05/2004,#N/A,
10/05/2004,#N/A,
11/05/2004,#N/A,
12/05/2004,#N/A,
13/05/2004,#N/A,
14/05/2004,#N/A,
17/05/2004,#N/A,
18/05/2004,#N/A,
19/05/2004,#N/A,
20/05/2004,#N/A,
21/05/2004,#N/A,
24/05/2004,#N/A,
25/05/2004,#N/A,
26/05/2004,#N/A,
27/05/2004,#N/A,
28/05/2004,#N/A,
31/05/2004,#N/A,
01/06/2004,#N/A,
02/06/2004,#N/A,
03/06/2004,#N/A,
04/06/2004,#N/A,
07/06/2004,#N/A,
08/06/2004,#N/A,
09/06/2004,#N/A,
10/06/2004,#N/A,
11/06/2004,#N/A,
14/06/2004,#N/A,
15/06/2004,#N/A,
16/06/2004,#N/A,
17/06/2004,#N/A,
18/06/2004,#N/A,
21/06/2004,#N/A,
22/06/2004,#N/A,
23/06/2004,#N/A,
24/06/2004,#N/A,
25/06/2004,#N/A,
28/06/2004,#N/A,
29/06/2004,#N/A,
30/06/2004,#N/A,
01/07/2004,#N/A,
02/07/2004,#N/A,
05/07/2004,#N/A,
06/07/2004,#N/A,
07/07/2004,#N/A,
08/07/2004,#N/A,
09/07/2004,#N/A,
12/07/2004,#N/A,
13/07/2004,#N/A,
14/07/2004,#N/A,
15/07/2004,#N/A,
16/07/2004,#N/A,
19/07/2004,#N/A,
20/07/2004,#N/A,
21/07/2004,#N/A,
22/07/2004,#N/A,
23/07/2004,#N/A,
26/07/2004,#N/A,
27/07/2004,#N/A,
28/07/2004,#N/A,
29/07/2004,#N/A,
30/07/2004,#N/A,
02/08/2004,#N/A,
03/08/2004,#N/A,
04/08/2004,#N/A,
05/08/2004,#N/A,
06/08/2004,#N/A,
09/08/2004,#N/A,
10/08/2004,#N/A,
11/08/2004,#N/A,
12/08/2004,#N/A,
13/08/2004,#N/A,
16/08/2004,#N/A,
17/08/2004,#N/A,
18/08/2004,#N/A,
19/08/2004,#N/A,
20/08/2004,#N/A,
23/08/2004,#N/A,
24/08/2004,#N/A,
25/08/2004,#N/A,
26/08/2004,#N/A,
27/08/2004,#N/A,
30/08/2004,#N/A,
31/08/2004,#N/A,
01/09/2004,#N/A,
02/09/2004,#N/A,
03/09/2004,#N/A,
06/09/2004,#N/A,
07/09/2004,#N/A,
08/09/2004,#N/A,
09/09/2004,#N/A,
10/09/2004,#N/A,
13/09/2004,#N/A,
14/09/2004,#N/A,
15/09/2004,#N/A,
16/09/2004,#N/A,
17/09/2004,#N/A,
20/09/2004,#N/A,
21/09/2004,#N/A,
22/09/2004,#N/A,
23/09/2004,#N/A,
24/09/2004,#N/A,
27/09/2004,#N/A,
28/09/2004,#N/A,
29/09/2004,#N/A,
30/09/2004,#N/A,
01/10/2004,#N/A,
04/10/2004,#N/A,
05/10/2004,#N/A,
06/10/2004,#N/A,
07/10/2004,#N/A,
08/10/2004,#N/A,
11/10/2004,#N/A,
12/10/2004,#N/A,
13/10/2004,#N/A,
14/10/2004,#N/A,
15/10/2004,#N/A,
18/10/2004,#N/A,
19/10/2004,#N/A,
20/10/2004,#N/A,
21/10/2004,#N/A,
22/10/2004,#N/A,
25/10/2004,#N/A,
26/10/2004,#N/A,
27/10/2004,#N/A,
28/10/2004,#N/A,
29/10/2004,#N/A,
01/11/2004,#N/A,
02/11/2004,#N/A,
03/11/2004,#N/A,
04/11/2004,#N/A,
05/11/2004,#N/A,
08/11/2004,#N/A,
09/11/2004,#N/A,
10/11/2004,#N/A,
11/11/2004,#N/A,
12/11/2004,#N/A,
15/11/2004,#N/A,
16/11/2004,#N/A,
17/11/2004,#N/A,
18/11/2004,#N/A,
19/11/2004,#N/A,
22/11/2004,#N/A,
23/11/2004,#N/A,
24/11/2004,#N/A,
25/11/2004,#N/A,
26/11/2004,#N/A,
29/11/2004,#N/A,
30/11/2004,#N/A,
01/12/2004,#N/A,
02/12/2004,#N/A,
03/12/2004,#N/A,
06/12/2004,#N/A,
07/12/2004,#N/A,
08/12/2004,#N/A,
09/12/2004,#N/A,
10/12/2004,#N/A,
13/12/2004,#N/A,
14/12/2004,#N/A,
15/12/2004,#N/A,
16/12/2004,#N/A,
17/12/2004,#N/A,
20/12/2004,#N/A,
21/12/2004,#N/A,
22/12/2004,#N/A,
23/12/2004,#N/A,
24/12/2004,#N/A,
27/12/2004,#N/A,
28/12/2004,#N/A,
29/12/2004,#N/A,
30/12/2004,#N/A,
31/12/2004,#N/A,
03/01/2005,#N/A,
04/01/2005,#N/A,
05/01/2005,#N/A,
06/01/2005,#N/A,
07/01/2005,#N/A,
10/01/2005,#N/A,
11/01/2005,#N/A,
12/01/2005,#N/A,
13/01/2005,#N/A,
14/01/2005,#N/A,
17/01/2005,#N/A,
18/01/2005,#N/A,
19/01/2005,#N/A,
20/01/2005,#N/A,
21/01/2005,#N/A,
24/01/2005,#N/A,
25/01/2005,#N/A,
26/01/2005,#N/A,
27/01/2005,#N/A,
28/01/2005,#N/A,
31/01/2005,#N/A,
01/02/2005,#N/A,
02/02/2005,#N/A,
03/02/2005,#N/A,
04/02/2005,#N/A,
07/02/2005,#N/A,
08/02/2005,#N/A,
09/02/2005,#N/A,
10/02/2005,#N/A,
11/02/2005,#N/A,
14/02/2005,#N/A,
15/02/2005,#N/A,
16/02/2005,#N/A,
17/02/2005,#N/A,
18/02/2005,#N/A,
21/02/2005,#N/A,
22/02/2005,#N/A,
23/02/2005,#N/A,
24/02/2005,#N/A,
25/02/2005,#N/A,
28/02/2005,#N/A,
01/03/2005,#N/A,
02/03/2005,#N/A,
03/03/2005,#N/A,
04/03/2005,#N/A,
07/03/2005,#N/A,
08/03/2005,#N/A,
09/03/2005,#N/A,
10/03/2005,#N/A,
11/03/2005,#N/A,
14/03/2005,#N/A,
15/03/2005,#N/A,
16/03/2005,#N/A,
17/03/2005,#N/A,
18/03/2005,#N/A,
21/03/2005,#N/A,
22/03/2005,#N/A,
23/03/2005,#N/A,
24/03/2005,#N/A,
25/03/2005,#N/A,
28/03/2005,#N/A,
29/03/2005,#N/A,
30/03/2005,#N/A,
31/03/2005,#N/A,
01/04/2005,#N/A,
04/04/2005,#N/A,
05/04/2005,#N/A,
06/04/2005,#N/A,
07/04/2005,#N/A,
08/04/2005,#N/A,
11/04/2005,#N/A,
12/04/2005,#N/A,
13/04/2005,#N/A,
14/04/2005,#N/A,
15/04/2005,#N/A,
18/04/2005,#N/A,
19/04/2005,#N/A,
20/04/2005,#N/A,
21/04/2005,#N/A,
22/04/2005,#N/A,
25/04/2005,#N/A,
26/04/2005,#N/A,
27/04/2005,#N/A,
28/04/2005,#N/A,
29/04/2005,#N/A,
02/05/2005,#N/A,
03/05/2005,#N/A,
04/05/2005,#N/A,
05/05/2005,#N/A,
06/05/2005,#N/A,
09/05/2005,#N/A,
10/05/2005,#N/A,
11/05/2005,#N/A,
12/05/2005,#N/A,
13/05/2005,#N/A,
16/05/2005,#N/A,
17/05/2005,#N/A,
18/05/2005,#N/A,
19/05/2005,#N/A,
20/05/2005,#N/A,
23/05/2005,#N/A,
24/05/2005,#N/A,
25/05/2005,#N/A,
26/05/2005,#N/A,
27/05/2005,#N/A,
30/05/2005,#N/A,
31/05/2005,#N/A,
01/06/2005,#N/A,
02/06/2005,#N/A,
03/06/2005,#N/A,
06/06/2005,#N/A,
07/06/2005,#N/A,
08/06/2005,#N/A,
09/06/2005,#N/A,
10/06/2005,#N/A,
13/06/2005,#N/A,
14/06/2005,#N/A,
15/06/2005,#N/A,
16/06/2005,#N/A,
17/06/2005,#N/A,
20/06/2005,#N/A,
21/06/2005,#N/A,
22/06/2005,#N/A,
23/06/2005,#N/A,
24/06/2005,#N/A,
27/06/2005,#N/A,
28/06/2005,#N/A,
29/06/2005,#N/A,
30/06/2005,#N/A,
01/07/2005,#N/A,
04/07/2005,#N/A,
05/07/2005,#N/A,
06/07/2005,#N/A,
07/07/2005,#N/A,
08/07/2005,#N/A,
11/07/2005,#N/A,
12/07/2005,#N/A,
13/07/2005,#N/A,
14/07/2005,#N/A,
15/07/2005,#N/A,
18/07/2005,#N/A,
19/07/2005,#N/A,
20/07/2005,#N/A,
21/07/2005,#N/A,
22/07/2005,#N/A,
25/07/2005,#N/A,
26/07/2005,#N/A,
27/07/2005,#N/A,
28/07/2005,#N/A,
29/07/2005,#N/A,
01/08/2005,#N/A,
02/08/2005,#N/A,
03/08/2005,#N/A,
04/08/2005,#N/A,
05/08/2005,#N/A,
08/08/2005,#N/A,
09/08/2005,#N/A,
10/08/2005,#N/A,
11/08/2005,#N/A,
12/08/2005,#N/A,
15/08/2005,#N/A,
16/08/2005,#N/A,
17/08/2005,#N/A,
18/08/2005,#N/A,
19/08/2005,#N/A,
22/08/2005,#N/A,
23/08/2005,#N/A,
24/08/2005,#N/A,
25/08/2005,#N/A,
26/08/2005,#N/A,
29/08/2005,#N/A,
30/08/2005,#N/A,
31/08/2005,#N/A,
01/09/2005,#N/A,
02/09/2005,#N/A,
05/09/2005,#N/A,
06/09/2005,#N/A,
07/09/2005,#N/A,
08/09/2005,#N/A,
09/09/2005,#N/A,
12/09/2005,#N/A,
13/09/2005,#N/A,
14/09/2005,#N/A,
15/09/2005,#N/A,
16/09/2005,#N/A,
19/09/2005,#N/A,
20/09/2005,#N/A,
21/09/2005,#N/A,
22/09/2005,#N/A,
23/09/2005,#N/A,
26/09/2005,#N/A,
27/09/2005,#N/A,
28/09/2005,#N/A,
29/09/2005,#N/A,
30/09/2005,#N/A,
03/10/2005,#N/A,
04/10/2005,#N/A,
05/10/2005,#N/A,
06/10/2005,#N/A,
07/10/2005,#N/A,
10/10/2005,#N/A,
11/10/2005,#N/A,
12/10/2005,#N/A,
13/10/2005,#N/A,
14/10/2005,#N/A,
17/10/2005,#N/A,
18/10/2005,#N/A,
19/10/2005,#N/A,
20/10/2005,#N/A,
21/10/2005,#N/A,
24/10/2005,#N/A,
25/10/2005,#N/A,
26/10/2005,#N/A,
27/10/2005,#N/A,
28/10/2005,#N/A,
31/10/2005,#N/A,
01/11/2005,#N/A,
02/11/2005,#N/A,
03/11/2005,#N/A,
04/11/2005,#N/A,
07/11/2005,#N/A,
08/11/2005,#N/A,
09/11/2005,#N/A,
10/11/2005,#N/A,
11/11/2005,#N/A,
14/11/2005,#N/A,
15/11/2005,#N/A,
16/11/2005,#N/A,
17/11/2005,#N/A,
18/11/2005,#N/A,
21/11/2005,#N/A,
22/11/2005,#N/A,
23/11/2005,#N/A,
24/11/2005,#N/A,
25/11/2005,#N/A,
28/11/2005,#N/A,
29/11/2005,#N/A,
30/11/2005,#N/A,
01/12/2005,#N/A,
02/12/2005,#N/A,
05/12/2005,#N/A,
06/12/2005,#N/A,
07/12/2005,#N/A,
08/12/2005,#N/A,
09/12/2005,#N/A,
12/12/2005,#N/A,
13/12/2005,#N/A,
14/12/2005,#N/A,
15/12/2005,#N/A,
16/12/2005,#N/A,
19/12/2005,#N/A,
20/12/2005,#N/A,
21/12/2005,#N/A,
22/12/2005,#N/A,
23/12/2005,#N/A,
26/12/2005,#N/A,
27/12/2005,#N/A,
28/12/2005,#N/A,
29/12/2005,#N/A,
30/12/2005,#N/A,
02/01/2006,#N/A,
03/01/2006,#N/A,
04/01/2006,#N/A,
05/01/2006,#N/A,
06/01/2006,#N/A,
09/01/2006,#N/A,
10/01/2006,#N/A,
11/01/2006,#N/A,
12/01/2006,#N/A,
13/01/2006,#N/A,
16/01/2006,#N/A,
17/01/2006,#N/A,
18/01/2006,#N/A,
19/01/2006,#N/A,
20/01/2006,#N/A,
23/01/2006,#N/A,
24/01/2006,#N/A,
25/01/2006,#N/A,
26/01/2006,#N/A,
27/01/2006,#N/A,
30/01/2006,#N/A,
31/01/2006,#N/A,
01/02/2006,#N/A,
02/02/2006,#N/A,
03/02/2006,#N/A,
06/02/2006,#N/A,
07/02/2006,#N/A,
08/02/2006,#N/A,
09/02/2006,#N/A,
10/02/2006,#N/A,
13/02/2006,#N/A,
14/02/2006,#N/A,
15/02/2006,#N/A,
16/02/2006,#N/A,
17/02/2006,#N/A,
20/02/2006,#N/A,
21/02/2006,#N/A,
22/02/2006,#N/A,
23/02/2006,#N/A,
24/02/2006,#N/A,
27/02/2006,#N/A,
28/02/2006,#N/A,
01/03/2006,#N/A,
02/03/2006,#N/A,
03/03/2006,#N/A,
06/03/2006,#N/A,
07/03/2006,#N/A,
08/03/2006,#N/A,
09/03/2006,#N/A,
10/03/2006,#N/A,
13/03/2006,#N/A,
14/03/2006,#N/A,
15/03/2006,#N/A,
16/03/2006,#N/A,
17/03/2006,#N/A,
20/03/2006,#N/A,
21/03/2006,#N/A,
22/03/2006,#N/A,
23/03/2006,#N/A,
24/03/2006,#N/A,
27/03/2006,#N/A,
28/03/2006,#N/A,
29/03/2006,#N/A,
30/03/2006,#N/A,
31/03/2006,#N/A,
03/04/2006,#N/A,
04/04/2006,#N/A,
05/04/2006,#N/A,
06/04/2006,#N/A,
07/04/2006,#N/A,
10/04/2006,#N/A,
11/04/2006,#N/A,
12/04/2006,#N/A,
13/04/2006,#N/A,
14/04/2006,#N/A,
17/04/2006,#N/A,
18/04/2006,#N/A,
19/04/2006,#N/A,
20/04/2006,#N/A,
21/04/2006,#N/A,
24/04/2006,#N/A,
25/04/2006,#N/A,
26/04/2006,#N/A,
27/04/2006,#N/A,
28/04/2006,#N/A,
01/05/2006,#N/A,
02/05/2006,#N/A,
03/05/2006,#N/A,
04/05/2006,#N/A,
05/05/2006,#N/A,
08/05/2006,#N/A,
09/05/2006,#N/A,
10/05/2006,#N/A,
11/05/2006,#N/A,
12/05/2006,#N/A,
15/05/2006,#N/A,
16/05/2006,#N/A,
17/05/2006,#N/A,
18/05/2006,#N/A,
19/05/2006,#N/A,
22/05/2006,#N/A,
23/05/2006,#N/A,
24/05/2006,#N/A,
25/05/2006,#N/A,
26/05/2006,#N/A,
29/05/2006,#N/A,
30/05/2006,#N/A,
31/05/2006,#N/A,
01/06/2006,#N/A,
02/06/2006,#N/A,
05/06/2006,#N/A,
06/06/2006,#N/A,
07/06/2006,#N/A,
08/06/2006,#N/A,
09/06/2006,#N/A,
12/06/2006,#N/A,
13/06/2006,#N/A,
14/06/2006,#N/A,
15/06/2006,#N/A,
16/06/2006,#N/A,
19/06/2006,#N/A,
20/06/2006,#N/A,
21/06/2006,#N/A,
22/06/2006,#N/A,
23/06/2006,#N/A,
26/06/2006,#N/A,
27/06/2006,#N/A,
28/06/2006,#N/A,
29/06/2006,#N/A,
30/06/2006,#N/A,
03/07/2006,#N/A,
04/07/2006,#N/A,
05/07/2006,#N/A,
06/07/2006,#N/A,
07/07/2006,#N/A,
10/07/2006,#N/A,
11/07/2006,#N/A,
12/07/2006,#N/A,
13/07/2006,#N/A,
14/07/2006,#N/A,
17/07/2006,#N/A,
18/07/2006,#N/A,
19/07/2006,#N/A,
20/07/2006,#N/A,
21/07/2006,#N/A,
24/07/2006,#N/A,
25/07/2006,#N/A,
26/07/2006,#N/A,
27/07/2006,#N/A,
28/07/2006,#N/A,
31/07/2006,#N/A,
01/08/2006,#N/A,
02/08/2006,#N/A,
03/08/2006,#N/A,
04/08/2006,#N/A,
07/08/2006,#N/A,
08/08/2006,#N/A,
09/08/2006,#N/A,
10/08/2006,#N/A,
11/08/2006,#N/A,
14/08/2006,#N/A,
15/08/2006,#N/A,
16/08/2006,#N/A,
17/08/2006,#N/A,
18/08/2006,#N/A,
21/08/2006,#N/A,
22/08/2006,#N/A,
23/08/2006,#N/A,
24/08/2006,#N/A,
25/08/2006,#N/A,
28/08/2006,#N/A,
29/08/2006,#N/A,
30/08/2006,#N/A,
31/08/2006,#N/A,
01/09/2006,#N/A,
04/09/2006,#N/A,
05/09/2006,#N/A,
06/09/2006,#N/A,
07/09/2006,#N/A,
08/09/2006,#N/A,
11/09/2006,#N/A,
12/09/2006,#N/A,
13/09/2006,#N/A,
14/09/2006,#N/A,
15/09/2006,#N/A,
18/09/2006,#N/A,
19/09/2006,#N/A,
20/09/2006,#N/A,
21/09/2006,#N/A,
22/09/2006,#N/A,
25/09/2006,#N/A,
26/09/2006,#N/A,
27/09/2006,#N/A,
28/09/2006,#N/A,
29/09/2006,#N/A,
02/10/2006,#N/A,
03/10/2006,#N/A,
04/10/2006,#N/A,
05/10/2006,#N/A,
06/10/2006,#N/A,
09/10/2006,#N/A,
10/10/2006,#N/A,
11/10/2006,#N/A,
12/10/2006,#N/A,
13/10/2006,#N/A,
16/10/2006,#N/A,
17/10/2006,#N/A,
18/10/2006,#N/A,
19/10/2006,#N/A,
20/10/2006,#N/A,
23/10/2006,#N/A,
24/10/2006,#N/A,
25/10/2006,#N/A,
26/10/2006,#N/A,
27/10/2006,#N/A,
30/10/2006,#N/A,
31/10/2006,#N/A,
01/11/2006,#N/A,
02/11/2006,#N/A,
03/11/2006,#N/A,
06/11/2006,#N/A,
07/11/2006,#N/A,
08/11/2006,#N/A,
09/11/2006,#N/A,
10/11/2006,#N/A,
13/11/2006,#N/A,
14/11/2006,#N/A,
15/11/2006,#N/A,
16/11/2006,#N/A,
17/11/2006,#N/A,
20/11/2006,#N/A,
21/11/2006,#N/A,
22/11/2006,#N/A,
23/11/2006,#N/A,
24/11/2006,#N/A,
27/11/2006,#N/A,
28/11/2006,#N/A,
29/11/2006,#N/A,
30/11/2006,#N/A,
01/12/2006,#N/A,
04/12/2006,#N/A,
05/12/2006,#N/A,
06/12/2006,#N/A,
07/12/2006,#N/A,
08/12/2006,#N/A,
11/12/2006,#N/A,
12/12/2006,#N/A,
13/12/2006,#N/A,
14/12/2006,#N/A,
15/12/2006,#N/A,
18/12/2006,#N/A,
19/12/2006,#N/A,
20/12/2006,#N/A,
21/12/2006,#N/A,
22/12/2006,#N/A,
25/12/2006,#N/A,
26/12/2006,#N/A,
27/12/2006,#N/A,
28/12/2006,#N/A,
29/12/2006,#N/A,
01/01/2007,#N/A,
02/01/2007,#N/A,
03/01/2007,#N/A,
04/01/2007,#N/A,
05/01/2007,#N/A,
08/01/2007,#N/A,
09/01/2007,#N/A,
10/01/2007,#N/A,
11/01/2007,#N/A,
12/01/2007,#N/A,
15/01/2007,#N/A,
16/01/2007,#N/A,
17/01/2007,#N/A,
18/01/2007,#N/A,
19/01/2007,#N/A,
22/01/2007,#N/A,
23/01/2007,#N/A,
24/01/2007,#N/A,
25/01/2007,#N/A,
26/01/2007,#N/A,
29/01/2007,#N/A,
30/01/2007,#N/A,
31/01/2007,#N/A,
01/02/2007,#N/A,
02/02/2007,#N/A,
05/02/2007,#N/A,
06/02/2007,#N/A,
07/02/2007,#N/A,
08/02/2007,#N/A,
09/02/2007,#N/A,
12/02/2007,#N/A,
13/02/2007,#N/A,
14/02/2007,#N/A,
15/02/2007,#N/A,
16/02/2007,#N/A,
19/02/2007,#N/A,
20/02/2007,#N/A,
21/02/2007,#N/A,
22/02/2007,#N/A,
23/02/2007,#N/A,
26/02/2007,#N/A,
27/02/2007,#N/A,
28/02/2007,#N/A,
01/03/2007,#N/A,
02/03/2007,#N/A,
05/03/2007,#N/A,
06/03/2007,#N/A,
07/03/2007,#N/A,
08/03/2007,#N/A,
09/03/2007,#N/A,
12/03/2007,#N/A,
13/03/2007,#N/A,
14/03/2007,#N/A,
15/03/2007,#N/A,
16/03/2007,#N/A,
19/03/2007,#N/A,
20/03/2007,#N/A,
21/03/2007,#N/A,
22/03/2007,#N/A,
23/03/2007,#N/A,
26/03/2007,#N/A,
27/03/2007,#N/A,
28/03/2007,#N/A,
29/03/2007,#N/A,
30/03/2007,#N/A,
02/04/2007,#N/A,
03/04/2007,#N/A,
04/04/2007,#N/A,
05/04/2007,#N/A,
06/04/2007,#N/A,
09/04/2007,#N/A,
10/04/2007,#N/A,
11/04/2007,#N/A,
12/04/2007,#N/A,
13/04/2007,#N/A,
16/04/2007,#N/A,
17/04/2007,#N/A,
18/04/2007,#N/A,
19/04/2007,#N/A,
20/04/2007,#N/A,
23/04/2007,#N/A,
24/04/2007,#N/A,
25/04/2007,#N/A,
26/04/2007,#N/A,
27/04/2007,#N/A,
30/04/2007,#N/A,
01/05/2007,#N/A,
02/05/2007,#N/A,
03/05/2007,#N/A,
04/05/2007,#N/A,
07/05/2007,#N/A,
08/05/2007,#N/A,
09/05/2007,#N/A,
10/05/2007,#N/A,
11/05/2007,#N/A,
14/05/2007,#N/A,
15/05/2007,#N/A,
16/05/2007,#N/A,
17/05/2007,#N/A,
18/05/2007,#N/A,
21/05/2007,#N/A,
22/05/2007,#N/A,
23/05/2007,#N/A,
24/05/2007,#N/A,
25/05/2007,#N/A,
28/05/2007,#N/A,
29/05/2007,#N/A,
30/05/2007,#N/A,
31/05/2007,#N/A,
01/06/2007,#N/A,
04/06/2007,#N/A,
05/06/2007,#N/A,
06/06/2007,#N/A,
07/06/2007,#N/A,
08/06/2007,#N/A,
11/06/2007,#N/A,
12/06/2007,#N/A,
13/06/2007,#N/A,
14/06/2007,#N/A,
15/06/2007,#N/A,
18/06/2007,#N/A,
19/06/2007,#N/A,
20/06/2007,#N/A,
21/06/2007,#N/A,
22/06/2007,#N/A,
25/06/2007,#N/A,
26/06/2007,#N/A,
27/06/2007,#N/A,
28/06/2007,#N/A,
29/06/2007,#N/A,
02/07/2007,#N/A,
03/07/2007,#N/A,
04/07/2007,#N/A,
05/07/2007,#N/A,
06/07/2007,#N/A,
09/07/2007,#N/A,
10/07/2007,#N/A,
11/07/2007,#N/A,
12/07/2007,#N/A,
13/07/2007,#N/A,
16/07/2007,#N/A,
17/07/2007,#N/A,
18/07/2007,#N/A,
19/07/2007,#N/A,
20/07/2007,#N/A,
23/07/2007,#N/A,
24/07/2007,#N/A,
25/07/2007,#N/A,
26/07/2007,#N/A,
27/07/2007,#N/A,
30/07/2007,#N/A,
31/07/2007,#N/A,
01/08/2007,#N/A,
02/08/2007,#N/A,
03/08/2007,#N/A,
06/08/2007,#N/A,
07/08/2007,#N/A,
08/08/2007,#N/A,
09/08/2007,#N/A,
10/08/2007,#N/A,
13/08/2007,#N/A,
14/08/2007,#N/A,
15/08/2007,#N/A,
16/08/2007,#N/A,
17/08/2007,#N/A,
20/08/2007,#N/A,
21/08/2007,#N/A,
22/08/2007,#N/A,
23/08/2007,#N/A,
24/08/2007,#N/A,
27/08/2007,#N/A,
28/08/2007,#N/A,
29/08/2007,#N/A,
30/08/2007,#N/A,
31/08/2007,#N/A,
03/09/2007,#N/A,
04/09/2007,#N/A,
05/09/2007,#N/A,
06/09/2007,#N/A,
07/09/2007,#N/A,
10/09/2007,#N/A,
11/09/2007,#N/A,
12/09/2007,#N/A,
13/09/2007,#N/A,
14/09/2007,#N/A,
17/09/2007,#N/A,
18/09/2007,#N/A,
19/09/2007,#N/A,
20/09/2007,#N/A,
21/09/2007,#N/A,
24/09/2007,#N/A,
25/09/2007,#N/A,
26/09/2007,#N/A,
27/09/2007,#N/A,
28/09/2007,#N/A,
01/10/2007,#N/A,
02/10/2007,#N/A,
03/10/2007,#N/A,
04/10/2007,#N/A,
05/10/2007,#N/A,
08/10/2007,#N/A,
09/10/2007,#N/A,
10/10/2007,#N/A,
11/10/2007,#N/A,
12/10/2007,#N/A,
15/10/2007,#N/A,
16/10/2007,#N/A,
17/10/2007,#N/A,
18/10/2007,#N/A,
19/10/2007,#N/A,
22/10/2007,#N/A,
23/10/2007,#N/A,
24/10/2007,#N/A,
25/10/2007,#N/A,
26/10/2007,#N/A,
29/10/2007,#N/A,
30/10/2007,#N/A,
31/10/2007,#N/A,
01/11/2007,#N/A,
02/11/2007,#N/A,
05/11/2007,#N/A,
06/11/2007,#N/A,
07/11/2007,#N/A,
08/11/2007,#N/A,
09/11/2007,#N/A,
12/11/2007,#N/A,
13/11/2007,#N/A,
14/11/2007,#N/A,
15/11/2007,#N/A,
16/11/2007,#N/A,
19/11/2007,#N/A,
20/11/2007,#N/A,
21/11/2007,#N/A,
22/11/2007,#N/A,
23/11/2007,#N/A,
26/11/2007,#N/A,
27/11/2007,#N/A,
28/11/2007,#N/A,
29/11/2007,#N/A,
30/11/2007,#N/A,
03/12/2007,#N/A,
04/12/2007,#N/A,
05/12/2007,#N/A,
06/12/2007,#N/A,
07/12/2007,#N/A,
10/12/2007,#N/A,
11/12/2007,#N/A,
12/12/2007,#N/A,
13/12/2007,#N/A,
14/12/2007,#N/A,
17/12/2007,#N/A,
18/12/2007,#N/A,
19/12/2007,#N/A,
20/12/2007,#N/A,
21/12/2007,#N/A,
24/12/2007,#N/A,
25/12/2007,#N/A,
26/12/2007,#N/A,
27/12/2007,#N/A,
28/12/2007,#N/A,
31/12/2007,#N/A,
01/01/2008,#N/A,
02/01/2008,#N/A,
03/01/2008,#N/A,
04/01/2008,#N/A,
07/01/2008,#N/A,
08/01/2008,#N/A,
09/01/2008,#N/A,
10/01/2008,#N/A,
11/01/2008,#N/A,
14/01/2008,#N/A,
15/01/2008,#N/A,
16/01/2008,#N/A,
17/01/2008,#N/A,
18/01/2008,#N/A,
21/01/2008,#N/A,
22/01/2008,#N/A,
23/01/2008,#N/A,
24/01/2008,#N/A,
25/01/2008,#N/A,
28/01/2008,#N/A,
29/01/2008,#N/A,
30/01/2008,#N/A,
31/01/2008,#N/A,
01/02/2008,#N/A,
04/02/2008,#N/A,
05/02/2008,#N/A,
06/02/2008,#N/A,
07/02/2008,#N/A,
08/02/2008,#N/A,
11/02/2008,#N/A,
12/02/2008,#N/A,
13/02/2008,#N/A,
14/02/2008,#N/A,
15/02/2008,#N/A,
18/02/2008,#N/A,
19/02/2008,#N/A,
20/02/2008,#N/A,
21/02/2008,#N/A,
22/02/2008,#N/A,
25/02/2008,#N/A,
26/02/2008,#N/A,
27/02/2008,#N/A,
28/02/2008,#N/A,
29/02/2008,#N/A,
03/03/2008,#N/A,
04/03/2008,#N/A,
05/03/2008,#N/A,
06/03/2008,#N/A,
07/03/2008,#N/A,
10/03/2008,#N/A,
11/03/2008,#N/A,
12/03/2008,#N/A,
13/03/2008,#N/A,
14/03/2008,#N/A,
17/03/2008,#N/A,
18/03/2008,#N/A,
19/03/2008,#N/A,
20/03/2008,#N/A,
21/03/2008,#N/A,
24/03/2008,#N/A,
25/03/2008,#N/A,
26/03/2008,#N/A,
27/03/2008,#N/A,
28/03/2008,#N/A,
31/03/2008,#N/A,
01/04/2008,#N/A,
02/04/2008,#N/A,
03/04/2008,#N/A,
04/04/2008,#N/A,
07/04/2008,#N/A,
08/04/2008,#N/A,
09/04/2008,#N/A,
10/04/2008,#N/A,
11/04/2008,#N/A,
14/04/2008,#N/A,
15/04/2008,#N/A,
16/04/2008,#N/A,
17/04/2008,#N/A,
18/04/2008,#N/A,
21/04/2008,#N/A,
22/04/2008,#N/A,
23/04/2008,#N/A,
24/04/2008,#N/A,
25/04/2008,#N/A,
28/04/2008,#N/A,
29/04/2008,#N/A,
30/04/2008,#N/A,
01/05/2008,#N/A,
02/05/2008,#N/A,
05/05/2008,#N/A,
06/05/2008,#N/A,
07/05/2008,#N/A,
08/05/2008,#N/A,
09/05/2008,#N/A,
12/05/2008,#N/A,
13/05/2008,#N/A,
14/05/2008,#N/A,
15/05/2008,#N/A,
16/05/2008,#N/A,
19/05/2008,#N/A,
20/05/2008,#N/A,
21/05/2008,#N/A,
22/05/2008,#N/A,
23/05/2008,#N/A,
26/05/2008,#N/A,
27/05/2008,#N/A,
28/05/2008,#N/A,
29/05/2008,#N/A,
30/05/2008,#N/A,
02/06/2008,#N/A,
03/06/2008,#N/A,
04/06/2008,2.138,
05/06/2008,2.148,
06/06/2008,2.106,
09/06/2008,2.294,
10/06/2008,2.504,
11/06/2008,2.4461,
12/06/2008,2.6354,
13/06/2008,2.6034,
16/06/2008,2.6769,
17/06/2008,2.5505,
18/06/2008,2.4978,
19/06/2008,2.5502,
20/06/2008,2.4763,
23/06/2008,2.5287,
24/06/2008,2.4866,
25/06/2008,2.4235,
26/06/2008,2.3604,
27/06/2008,2.3182,
30/06/2008,2.3286,
01/07/2008,2.3285,
02/07/2008,2.3419,
03/07/2008,2.289,
04/07/2008,2.2889,
07/07/2008,2.2469,
08/07/2008,2.2574,
09/07/2008,2.1839,
10/07/2008,2.1839,
11/07/2008,2.2778,
14/07/2008,2.2044,
15/07/2008,2.1311,
16/07/2008,2.1414,
17/07/2008,2.2041,
18/07/2008,2.2457,
21/07/2008,2.2351,
22/07/2008,2.2978,
23/07/2008,2.3291,
24/07/2008,2.2348,
25/07/2008,2.2973,
28/07/2008,2.2449,
29/07/2008,2.2971,
30/07/2008,2.3209,
31/07/2008,2.2579,
01/08/2008,2.2366,
04/08/2008,2.2575,
05/08/2008,2.2364,
06/08/2008,2.2468,
07/08/2008,2.142,
08/08/2008,2.1731,
11/08/2008,2.2463,
12/08/2008,2.1729,
13/08/2008,2.1624,
14/08/2008,2.1204,
15/08/2008,2.0993,
18/08/2008,2.1201,
19/08/2008,2.0991,
20/08/2008,2.0364,
21/08/2008,2.0781,
22/08/2008,2.1404,
25/08/2008,2.0986,
26/08/2008,2.1403,
27/08/2008,2.1532,
28/08/2008,2.1741,
29/08/2008,2.1632,
01/09/2008,2.1631,
02/09/2008,2.1003,
03/09/2008,2.0689,
04/09/2008,2.0375,
05/09/2008,2.0999,
08/09/2008,2.0998,
09/09/2008,2.0475,
10/09/2008,2.037,
11/09/2008,2.0056,
12/09/2008,1.9949,
15/09/2008,1.5996,
16/09/2008,1.6203,
17/09/2008,1.4442,
18/09/2008,1.5166,
19/09/2008,2.0048,
22/09/2008,2.036,
23/09/2008,1.9317,
24/09/2008,1.892,
25/09/2008,1.9545,
26/09/2008,1.8396,
29/09/2008,1.4863,
30/09/2008,1.7874,
01/10/2008,1.6626,
02/10/2008,1.4137,
03/10/2008,1.3928,
06/10/2008,1.2378,
07/10/2008,1.1759,
08/10/2008,1.2584,
09/10/2008,1.2274,
10/10/2008,1.0315,
13/10/2008,1.0315,
14/10/2008,1.2066,
15/10/2008,1.0726,
16/10/2008,1.2788,
17/10/2008,1.2787,
20/10/2008,1.6823,
21/10/2008,1.5992,
22/10/2008,1.6006,
23/10/2008,1.6525,
24/10/2008,1.5589,
27/10/2008,1.5277,
28/10/2008,1.507,
29/10/2008,1.3827,
30/10/2008,1.3102,
31/10/2008,1.28,
03/11/2008,1.2791,
04/11/2008,1.2687,
05/11/2008,1.2171,
06/11/2008,1.1552,
07/11/2008,1.186,
10/11/2008,1.1448,
11/11/2008,1.1447,
12/11/2008,1.0006,
13/11/2008,1.1344,
14/11/2008,1.1034,
17/11/2008,1.0622,
18/11/2008,1.0108,
19/11/2008,0.9702,
20/11/2008,0.8366,
21/11/2008,0.816,
24/11/2008,0.9187,
25/11/2008,0.9392,
26/11/2008,0.9084,
27/11/2008,0.9083,
28/11/2008,0.898,
01/12/2008,0.8056,
02/12/2008,0.7544,
03/12/2008,0.6929,
04/12/2008,0.5701,
05/12/2008,0.519,
08/12/2008,0.4986,
09/12/2008,0.4475,
10/12/2008,0.4679,
11/12/2008,0.4577,
12/12/2008,0.4577,
15/12/2008,0.4679,
16/12/2008,0.4434,
17/12/2008,0.4507,
18/12/2008,0.4017,
19/12/2008,0.3792,
22/12/2008,0.3966,
23/12/2008,0.3966,
24/12/2008,0.3741,
25/12/2008,0.3711,
26/12/2008,0.3558,
29/12/2008,0.3201,
30/12/2008,0.3099,
31/12/2008,0.3405,
01/01/2009,0.3405,
02/01/2009,0.3741,
05/01/2009,0.4067,
06/01/2009,0.4118,
07/01/2009,0.4047,
08/01/2009,0.4169,
09/01/2009,0.4016,
12/01/2009,0.3965,
13/01/2009,0.3894,
14/01/2009,0.4119,
15/01/2009,0.4068,
16/01/2009,0.417,
19/01/2009,0.4476,
20/01/2009,0.4047,
21/01/2009,0.4251,
22/01/2009,0.3966,
23/01/2009,0.4251,
26/01/2009,0.4455,
27/01/2009,0.4476,
28/01/2009,0.468,
29/01/2009,0.4782,
30/01/2009,0.473,
02/02/2009,0.4863,
03/02/2009,0.519,
04/02/2009,0.4914,
05/02/2009,0.5088,
06/02/2009,0.5241,
09/02/2009,0.5506,
10/02/2009,0.5138,
11/02/2009,0.6009,
12/02/2009,0.5855,
13/02/2009,0.6111,
16/02/2009,0.608,
17/02/2009,0.5916,
18/02/2009,0.6285,
19/02/2009,0.6438,
20/02/2009,0.6254,
23/02/2009,0.6673,
24/02/2009,0.6908,
25/02/2009,0.7185,
26/02/2009,0.7031,
27/02/2009,0.6806,
02/03/2009,0.6417,
03/03/2009,0.6396,
04/03/2009,0.6621,
05/03/2009,0.6242,
06/03/2009,0.6498,
09/03/2009,0.6703,
10/03/2009,0.6784,
11/03/2009,0.6961,
12/03/2009,0.6807,
13/03/2009,0.6633,
16/03/2009,0.6622,
17/03/2009,0.6827,
18/03/2009,0.5558,
19/03/2009,0.5783,
20/03/2009,0.5834,
23/03/2009,0.5906,
24/03/2009,0.5936,
25/03/2009,0.5783,
26/03/2009,0.5548,
27/03/2009,0.5629,
30/03/2009,0.565,
31/03/2009,0.5425,
01/04/2009,0.5404,
02/04/2009,0.5496,
03/04/2009,0.5751,
06/04/2009,0.5649,
07/04/2009,0.5373,
08/04/2009,0.5835,
09/04/2009,0.5835,
10/04/2009,0.5855,
13/04/2009,0.5691,
14/04/2009,0.5252,
15/04/2009,0.5119,
16/04/2009,0.5088,
17/04/2009,0.5446,
20/04/2009,0.5119,
21/04/2009,0.5068,
22/04/2009,0.4823,
23/04/2009,0.4577,
24/04/2009,0.473,
27/04/2009,0.4628,
28/04/2009,0.4832,
29/04/2009,0.4608,
30/04/2009,0.4557,
01/05/2009,0.4587,
04/05/2009,0.4812,
05/05/2009,0.471,
06/05/2009,0.5017,
07/05/2009,0.5375,
08/05/2009,0.5344,
11/05/2009,0.5088,
12/05/2009,0.514,
13/05/2009,0.4966,
14/05/2009,0.471,
15/05/2009,0.4659,
18/05/2009,0.4823,
19/05/2009,0.4557,
20/05/2009,0.4231,
21/05/2009,0.4302,
22/05/2009,0.4485,
25/05/2009,0.4434,
26/05/2009,0.4628,
27/05/2009,0.4659,
28/05/2009,0.4516,
29/05/2009,0.4424,
01/06/2009,0.4404,
02/06/2009,0.4077,
03/06/2009,0.4364,
04/06/2009,0.4578,
05/06/2009,0.6039,
08/06/2009,0.606,
09/06/2009,0.5283,
10/06/2009,0.5293,
11/06/2009,0.5088,
12/06/2009,0.4935,
15/06/2009,0.4731,
16/06/2009,0.4731,
17/06/2009,0.4659,
18/06/2009,0.4914,
19/06/2009,0.473,
22/06/2009,0.4577,
23/06/2009,0.4506,
24/06/2009,0.4618,
25/06/2009,0.4159,
26/06/2009,0.4067,
29/06/2009,0.4455,
30/06/2009,0.4822,
01/07/2009,0.5324,
02/07/2009,0.4813,
03/07/2009,0.4813,
06/07/2009,0.4517,
07/07/2009,0.4578,
08/07/2009,0.4374,
09/07/2009,0.4425,
10/07/2009,0.4312,
13/07/2009,0.4578,
14/07/2009,0.4506,
15/07/2009,0.4669,
16/07/2009,0.4373,
17/07/2009,0.4384,
20/07/2009,0.4434,
21/07/2009,0.4261,
22/07/2009,0.4251,
23/07/2009,0.4424,
24/07/2009,0.4302,
27/07/2009,0.4404,
28/07/2009,0.4332,
29/07/2009,0.4823,
30/07/2009,0.4721,
31/07/2009,0.468,
03/08/2009,0.4629,
04/08/2009,0.4537,
05/08/2009,0.4659,
06/08/2009,0.4629,
07/08/2009,0.4884,
10/08/2009,0.4588,
11/08/2009,0.4404,
12/08/2009,0.4333,
13/08/2009,0.418,
14/08/2009,0.4118,
17/08/2009,0.4067,
18/08/2009,0.4067,
19/08/2009,0.3914,
20/08/2009,0.3894,
21/08/2009,0.4026,
24/08/2009,0.3894,
25/08/2009,0.4149,
26/08/2009,0.4456,
27/08/2009,0.4374,
28/08/2009,0.42,
31/08/2009,0.4149,
01/09/2009,0.3956,
02/09/2009,0.3843,
03/09/2009,0.3955,
04/09/2009,0.4006,
07/09/2009,0.4016,
08/09/2009,0.3925,
09/09/2009,0.3751,
10/09/2009,0.366,
11/09/2009,0.3649,
14/09/2009,0.3588,
15/09/2009,0.3588,
16/09/2009,0.3456,
17/09/2009,0.3405,
18/09/2009,0.3608,
21/09/2009,0.3547,
22/09/2009,0.3619,
23/09/2009,0.3966,
24/09/2009,0.3854,
25/09/2009,0.3996,
28/09/2009,0.3803,
29/09/2009,0.3864,
30/09/2009,0.3803,
01/10/2009,0.3354,
02/10/2009,0.3395,
05/10/2009,0.3364,
06/10/2009,0.3384,
07/10/2009,0.315,
08/10/2009,0.3191,
09/10/2009,0.3456,
12/10/2009,0.3445,
13/10/2009,0.3232,
14/10/2009,0.316,
15/10/2009,0.3181,
16/10/2009,0.3231,
19/10/2009,0.3364,
20/10/2009,0.318,
21/10/2009,0.3742,
22/10/2009,0.364,
23/10/2009,0.3905,
26/10/2009,0.3976,
27/10/2009,0.3792,
28/10/2009,0.3639,
29/10/2009,0.3711,
30/10/2009,0.3466,
02/11/2009,0.3558,
03/11/2009,0.3446,
04/11/2009,0.3283,
05/11/2009,0.314,
06/11/2009,0.3028,
09/11/2009,0.3028,
10/11/2009,0.2936,
11/11/2009,0.2926,
12/11/2009,0.2845,
13/11/2009,0.2875,
16/11/2009,0.2722,
17/11/2009,0.2641,
18/11/2009,0.2845,
19/11/2009,0.257,
20/11/2009,0.2621,
23/11/2009,0.2774,
24/11/2009,0.257,
25/11/2009,0.2438,
26/11/2009,0.2438,
27/11/2009,0.2316,
30/11/2009,0.2417,
01/12/2009,0.2366,
02/12/2009,0.257,
03/12/2009,0.257,
04/12/2009,0.3252,
07/12/2009,0.2824,
08/12/2009,0.2621,
09/12/2009,0.2743,
10/12/2009,0.2895,
11/12/2009,0.3079,
14/12/2009,0.3231,
15/12/2009,0.3537,
16/12/2009,0.3742,
17/12/2009,0.3334,
18/12/2009,0.3436,
21/12/2009,0.3803,
22/12/2009,0.3945,
23/12/2009,0.3925,
24/12/2009,0.4047,
25/12/2009,0.4017,
28/12/2009,0.4425,
29/12/2009,0.4271,
30/12/2009,0.4067,
31/12/2009,0.4353,
01/01/2010,0.4353,
04/01/2010,0.3996,
05/01/2010,0.369,
06/01/2010,0.3558,
07/01/2010,0.3639,
08/01/2010,0.3252,
11/01/2010,0.2977,
12/01/2010,0.2926,
13/01/2010,0.3538,
14/01/2010,0.3324,
15/01/2010,0.313,
18/01/2010,0.3099,
19/01/2010,0.3048,
20/01/2010,0.3038,
21/01/2010,0.2794,
22/01/2010,0.2743,
25/01/2010,0.2824,
26/01/2010,0.2845,
27/01/2010,0.3048,
28/01/2010,0.2784,
29/01/2010,0.2743,
01/02/2010,0.2977,
02/02/2010,0.2875,
03/02/2010,0.3048,
04/02/2010,0.2784,
05/02/2010,0.2743,
08/02/2010,0.2783,
09/02/2010,0.2977,
10/02/2010,0.3589,
11/02/2010,0.3538,
12/02/2010,0.3334,
15/02/2010,0.3344,
16/02/2010,0.3232,
17/02/2010,0.3354,
18/02/2010,0.3813,
19/02/2010,0.3588,
22/02/2010,0.3354,
23/02/2010,0.3252,
24/02/2010,0.3048,
25/02/2010,0.2845,
26/02/2010,0.2926,
01/03/2010,0.2926,
02/03/2010,0.2906,
03/03/2010,0.2946,
04/03/2010,0.3048,
05/03/2010,0.3303,
08/03/2010,0.3405,
09/03/2010,0.3333,
10/03/2010,0.3711,
11/03/2010,0.3894,
12/03/2010,0.4017,
15/03/2010,0.3996,
16/03/2010,0.3792,
17/03/2010,0.369,
18/03/2010,0.3792,
19/03/2010,0.4057,
22/03/2010,0.3904,
23/03/2010,0.3813,
24/03/2010,0.4047,
25/03/2010,0.3965,
26/03/2010,0.3894,
29/03/2010,0.3812,
30/03/2010,0.3904,
31/03/2010,0.3792,
01/04/2010,0.3873,
02/04/2010,0.4118,
05/04/2010,0.4353,
06/04/2010,0.4322,
07/04/2010,0.4486,
08/04/2010,0.4435,
09/04/2010,0.4374,
12/04/2010,0.4272,
13/04/2010,0.4251,
14/04/2010,0.4272,
15/04/2010,0.4068,
16/04/2010,0.3843,
19/04/2010,0.3864,
20/04/2010,0.3996,
21/04/2010,0.3996,
22/04/2010,0.4098,
23/04/2010,0.4281,
26/04/2010,0.42,
27/04/2010,0.3751,
28/04/2010,0.3761,
29/04/2010,0.3761,
30/04/2010,0.3751,
03/05/2010,0.3843,
04/05/2010,0.3639,
05/05/2010,0.3752,
06/05/2010,0.3507,
07/05/2010,0.366,
10/05/2010,0.3864,
11/05/2010,0.3711,
12/05/2010,0.3752,
13/05/2010,0.365,
14/05/2010,0.3303,
17/05/2010,0.3395,
18/05/2010,0.3181,
19/05/2010,0.3313,
20/05/2010,0.3048,
21/05/2010,0.3232,
24/05/2010,0.3282,
25/05/2010,0.3191,
26/05/2010,0.3313,
27/05/2010,0.3364,
28/05/2010,0.315,
31/05/2010,0.315,
01/06/2010,0.313,
02/06/2010,0.318,
03/06/2010,0.366,
04/06/2010,0.3191,
07/06/2010,0.3232,
08/06/2010,0.3191,
09/06/2010,0.3079,
10/06/2010,0.3191,
11/06/2010,0.2875,
14/06/2010,0.2845,
15/06/2010,0.2824,
16/06/2010,0.2682,
17/06/2010,0.259,
18/06/2010,0.2641,
21/06/2010,0.2672,
22/06/2010,0.2682,
23/06/2010,0.2672,
24/06/2010,0.2682,
25/06/2010,0.2702,
28/06/2010,0.2671,
29/06/2010,0.2651,
30/06/2010,0.3049,
01/07/2010,0.3059,
02/07/2010,0.2987,
05/07/2010,0.2957,
06/07/2010,0.2998,
07/07/2010,0.2926,
08/07/2010,0.2845,
09/07/2010,0.2835,
12/07/2010,0.2845,
13/07/2010,0.2875,
14/07/2010,0.2621,
15/07/2010,0.2529,
16/07/2010,0.2448,
19/07/2010,0.2438,
20/07/2010,0.2468,
21/07/2010,0.2397,
22/07/2010,0.2417,
23/07/2010,0.2437,
26/07/2010,0.2539,
27/07/2010,0.2702,
28/07/2010,0.2886,
29/07/2010,0.2845,
30/07/2010,0.2723,
02/08/2010,0.2692,
03/08/2010,0.2947,
04/08/2010,0.2539,
05/08/2010,0.2468,
06/08/2010,0.2377,
09/08/2010,0.2417,
10/08/2010,0.2366,
11/08/2010,0.2295,
12/08/2010,0.2316,
13/08/2010,0.2326,
16/08/2010,0.2315,
17/08/2010,0.2366,
18/08/2010,0.2336,
19/08/2010,0.2315,
20/08/2010,0.2315,
23/08/2010,0.2366,
24/08/2010,0.2387,
25/08/2010,0.257,
26/08/2010,0.2519,
27/08/2010,0.2519,
30/08/2010,0.2397,
31/08/2010,0.2275,
01/09/2010,0.2316,
02/09/2010,0.2265,
03/09/2010,0.2285,
06/09/2010,0.2285,
07/09/2010,0.2265,
08/09/2010,0.2265,
09/09/2010,0.2336,
10/09/2010,0.2387,
13/09/2010,0.2387,
14/09/2010,0.2366,
15/09/2010,0.2315,
16/09/2010,0.2366,
17/09/2010,0.2346,
20/09/2010,0.2387,
21/09/2010,0.2387,
22/09/2010,0.2468,
23/09/2010,0.2438,
24/09/2010,0.2468,
27/09/2010,0.2468,
28/09/2010,0.2489,
29/09/2010,0.2468,
30/09/2010,0.2468,
01/10/2010,0.2438,
04/10/2010,0.2366,
05/10/2010,0.2316,
06/10/2010,0.2214,
07/10/2010,0.201,
08/10/2010,0.1909,
11/10/2010,0.1909,
12/10/2010,0.196,
13/10/2010,0.196,
14/10/2010,0.2031,
15/10/2010,0.2031,
18/10/2010,0.2132,
19/10/2010,0.2112,
20/10/2010,0.2112,
21/10/2010,0.2112,
22/10/2010,0.2092,
25/10/2010,0.2061,
26/10/2010,0.2173,
27/10/2010,0.2194,
28/10/2010,0.2132,
29/10/2010,0.2021,
01/11/2010,0.201,
02/11/2010,0.201,
03/11/2010,0.198,
04/11/2010,0.1929,
05/11/2010,0.201,
08/11/2010,0.2112,
09/11/2010,0.2234,
10/11/2010,0.2234,
11/11/2010,0.2234,
12/11/2010,0.2437,
15/11/2010,0.2651,
16/11/2010,0.2539,
17/11/2010,0.255,
18/11/2010,0.254,
19/11/2010,0.255,
22/11/2010,0.2489,
23/11/2010,0.2428,
24/11/2010,0.2692,
25/11/2010,0.2672,
26/11/2010,0.2641,
29/11/2010,0.2641,
30/11/2010,0.257,
01/12/2010,0.2692,
02/12/2010,0.2672,
03/12/2010,0.2519,
06/12/2010,0.2366,
07/12/2010,0.2539,
08/12/2010,0.2692,
09/12/2010,0.2672,
10/12/2010,0.2672,
13/12/2010,0.2651,
14/12/2010,0.2722,
15/12/2010,0.3028,
16/12/2010,0.2947,
17/12/2010,0.2875,
20/12/2010,0.2875,
21/12/2010,0.2794,
22/12/2010,0.2824,
23/12/2010,0.2824,
24/12/2010,0.2824,
27/12/2010,0.2875,
28/12/2010,0.2875,
29/12/2010,0.2682,
30/12/2010,0.2672,
31/12/2010,0.2621,
03/01/2011,0.2621,
04/01/2011,0.2621,
05/01/2011,0.2824,
06/01/2011,0.2794,
07/01/2011,0.2672,
10/01/2011,0.258,
11/01/2011,0.2519,
12/01/2011,0.257,
13/01/2011,0.2468,
14/01/2011,0.2529,
17/01/2011,0.257,
18/01/2011,0.2519,
19/01/2011,0.2468,
20/01/2011,0.257,
21/01/2011,0.257,
24/01/2011,0.259,
25/01/2011,0.2539,
26/01/2011,0.257,
27/01/2011,0.2366,
28/01/2011,0.2285,
31/01/2011,0.2366,
01/02/2011,0.2438,
02/02/2011,0.257,
03/02/2011,0.2672,
04/02/2011,0.2722,
07/02/2011,0.2743,
08/02/2011,0.2844,
09/02/2011,0.2926,
10/02/2011,0.2875,
11/02/2011,0.2825,
14/02/2011,0.2824,
15/02/2011,0.2824,
16/02/2011,0.2743,
17/02/2011,0.259,
18/02/2011,0.257,
21/02/2011,0.257,
22/02/2011,0.2468,
23/02/2011,0.2417,
24/02/2011,0.2366,
25/02/2011,0.2366,
28/02/2011,0.2366,
01/03/2011,0.2234,
02/03/2011,0.2315,
03/03/2011,0.2468,
04/03/2011,0.2295,
07/03/2011,0.2285,
08/03/2011,0.2285,
09/03/2011,0.2424,
10/03/2011,0.2271,
11/03/2011,0.222,
14/03/2011,0.2128,
15/03/2011,0.2169,
16/03/2011,0.2026,
17/03/2011,0.2138,
18/03/2011,0.2098,
21/03/2011,0.223,
22/03/2011,0.2271,
23/03/2011,0.2271,
24/03/2011,0.2373,
25/03/2011,0.2577,
28/03/2011,0.2699,
29/03/2011,0.273,
30/03/2011,0.2628,
31/03/2011,0.273,
01/04/2011,0.2271,
04/04/2011,0.1883,
05/04/2011,0.2332,
06/04/2011,0.2751,
07/04/2011,0.2526,
08/04/2011,0.2546,
11/04/2011,0.2485,
12/04/2011,0.2281,
13/04/2011,0.222,
14/04/2011,0.2373,
15/04/2011,0.222,
18/04/2011,0.2067,
19/04/2011,0.2118,
20/04/2011,0.2118,
21/04/2011,0.2067,
22/04/2011,0.2067,
25/04/2011,0.2016,
26/04/2011,0.1965,
27/04/2011,0.1965,
28/04/2011,0.1914,
29/04/2011,0.1832,
02/05/2011,0.1812,
03/05/2011,0.1659,
04/05/2011,0.1833,
05/05/2011,0.1731,
06/05/2011,0.1629,
09/05/2011,0.1578,
10/05/2011,0.168,
11/05/2011,0.168,
12/05/2011,0.168,
13/05/2011,0.1629,
16/05/2011,0.1629,
17/05/2011,0.1629,
18/05/2011,0.168,
19/05/2011,0.168,
20/05/2011,0.1629,
23/05/2011,0.1679,
24/05/2011,0.1679,
25/05/2011,0.1679,
26/05/2011,0.1578,
27/05/2011,0.1527,
30/05/2011,0.1527,
31/05/2011,0.1578,
01/06/2011,0.1527,
02/06/2011,0.1832,
03/06/2011,0.1731,
06/06/2011,0.168,
07/06/2011,0.1629,
08/06/2011,0.1578,
09/06/2011,0.1629,
10/06/2011,0.168,
13/06/2011,0.1629,
14/06/2011,0.173,
15/06/2011,0.1629,
16/06/2011,0.1629,
17/06/2011,0.1578,
20/06/2011,0.1578,
21/06/2011,0.1578,
22/06/2011,0.1527,
23/06/2011,0.1374,
24/06/2011,0.1374,
27/06/2011,0.1527,
28/06/2011,0.1781,
29/06/2011,0.1883,
30/06/2011,0.1832,
01/07/2011,0.1883,
04/07/2011,0.1883,
05/07/2011,0.1781,
06/07/2011,0.168,
07/07/2011,0.1832,
08/07/2011,0.1629,
11/07/2011,0.1527,
12/07/2011,0.1527,
13/07/2011,0.1476,
14/07/2011,0.1374,
15/07/2011,0.1425,
18/07/2011,0.1425,
19/07/2011,0.1629,
20/07/2011,0.1629,
21/07/2011,0.1679,
22/07/2011,0.1679,
25/07/2011,0.1781,
26/07/2011,0.1883,
27/07/2011,0.2036,
28/07/2011,0.1985,
29/07/2011,0.1985,
01/08/2011,0.1934,
02/08/2011,0.1527,
03/08/2011,0.1425,
04/08/2011,0.0967,
05/08/2011,0.1068,
08/08/2011,0.1119,
09/08/2011,0.0967,
10/08/2011,0.0865,
11/08/2011,0.0967,
12/08/2011,0.0966,
15/08/2011,0.1017,
16/08/2011,0.0916,
17/08/2011,0.0865,
18/08/2011,0.0814,
19/08/2011,0.0814,
22/08/2011,0.0661,
23/08/2011,0.061,
24/08/2011,0.0916,
25/08/2011,0.0865,
26/08/2011,0.0814,
29/08/2011,0.0865,
30/08/2011,0.0865,
31/08/2011,0.0967,
01/09/2011,0.0967,
02/09/2011,0.1017,
05/09/2011,0.1017,
06/09/2011,0.1068,
07/09/2011,0.0967,
08/09/2011,0.0967,
09/09/2011,0.0865,
12/09/2011,0.0916,
13/09/2011,0.0865,
14/09/2011,0.0814,
15/09/2011,0.0814,
16/09/2011,0.0712,
19/09/2011,0.0661,
20/09/2011,0.0661,
21/09/2011,0.0967,
22/09/2011,0.0916,
23/09/2011,0.0916,
26/09/2011,0.0916,
27/09/2011,0.0967,
28/09/2011,0.0967,
29/09/2011,0.0967,
30/09/2011,0.1017,
03/10/2011,0.0967,
04/10/2011,0.0967,
05/10/2011,0.0916,
06/10/2011,0.0763,
07/10/2011,0.0916,
10/10/2011,0.0916,
11/10/2011,0.0966,
12/10/2011,0.0814,
13/10/2011,0.0916,
14/10/2011,0.0966,
17/10/2011,0.0966,
18/10/2011,0.1017,
19/10/2011,0.1119,
20/10/2011,0.1119,
21/10/2011,0.1068,
24/10/2011,0.1068,
25/10/2011,0.1068,
26/10/2011,0.1119,
27/10/2011,0.117,
28/10/2011,0.1119,
31/10/2011,0.1068,
01/11/2011,0.1017,
02/11/2011,0.0967,
03/11/2011,0.0916,
04/11/2011,0.0865,
07/11/2011,0.0763,
08/11/2011,0.0814,
09/11/2011,0.0814,
10/11/2011,0.0814,
11/11/2011,0.0814,
14/11/2011,0.0814,
15/11/2011,0.0865,
16/11/2011,0.0967,
17/11/2011,0.0967,
18/11/2011,0.0967,
21/11/2011,0.1017,
22/11/2011,0.1068,
23/11/2011,0.1068,
24/11/2011,0.1068,
25/11/2011,0.1119,
28/11/2011,0.1119,
29/11/2011,0.1068,
30/11/2011,0.1068,
01/12/2011,0.0967,
02/12/2011,0.0966,
05/12/2011,0.0814,
06/12/2011,0.0966,
07/12/2011,0.0865,
08/12/2011,0.0865,
09/12/2011,0.0814,
12/12/2011,0.0814,
13/12/2011,0.0916,
14/12/2011,0.1068,
15/12/2011,0.1068,
16/12/2011,0.1017,
19/12/2011,0.1068,
20/12/2011,0.1068,
21/12/2011,0.1068,
22/12/2011,0.1068,
23/12/2011,0.1068,
26/12/2011,0.1068,
27/12/2011,0.1068,
28/12/2011,0.1017,
29/12/2011,0.1017,
30/12/2011,0.1017,
02/01/2012,0.1017,
03/01/2012,0.1017,
04/01/2012,0.1017,
05/01/2012,0.0966,
06/01/2012,0.0916,
09/01/2012,0.0916,
10/01/2012,0.0916,
11/01/2012,0.1017,
12/01/2012,0.0967,
13/01/2012,0.0967,
16/01/2012,0.0967,
17/01/2012,0.0967,
18/01/2012,0.1017,
19/01/2012,0.1017,
20/01/2012,0.1017,
23/01/2012,0.1017,
24/01/2012,0.1017,
25/01/2012,0.0967,
26/01/2012,0.1017,
27/01/2012,0.1068,
30/01/2012,0.1119,
31/01/2012,0.1119,
01/02/2012,0.117,
02/02/2012,0.1272,
03/02/2012,0.1221,
06/02/2012,0.1221,
07/02/2012,0.1272,
08/02/2012,0.1374,
09/02/2012,0.1425,
10/02/2012,0.1476,
13/02/2012,0.1629,
14/02/2012,0.1629,
15/02/2012,0.1527,
16/02/2012,0.1527,
17/02/2012,0.1527,
20/02/2012,0.1527,
21/02/2012,0.1527,
22/02/2012,0.1527,
23/02/2012,0.1527,
24/02/2012,0.1578,
27/02/2012,0.1578,
28/02/2012,0.1578,
29/02/2012,0.1578,
01/03/2012,0.1578,
02/03/2012,0.1527,
05/03/2012,0.1578,
06/03/2012,0.1578,
07/03/2012,0.1726,
08/03/2012,0.1777,
09/03/2012,0.1777,
12/03/2012,0.1777,
13/03/2012,0.1878,
14/03/2012,0.198,
15/03/2012,0.1929,
16/03/2012,0.1929,
19/03/2012,0.198,
20/03/2012,0.198,
21/03/2012,0.1878,
22/03/2012,0.1827,
23/03/2012,0.1726,
26/03/2012,0.1726,
27/03/2012,0.1624,
28/03/2012,0.1675,
29/03/2012,0.1675,
30/03/2012,0.1675,
02/04/2012,0.1675,
03/04/2012,0.1878,
04/04/2012,0.1878,
05/04/2012,0.1827,
06/04/2012,0.1827,
09/04/2012,0.1878,
10/04/2012,0.1777,
11/04/2012,0.1777,
12/04/2012,0.1726,
13/04/2012,0.1624,
16/04/2012,0.1624,
17/04/2012,0.1624,
18/04/2012,0.1573,
19/04/2012,0.1573,
20/04/2012,0.1573,
23/04/2012,0.1573,
24/04/2012,0.1675,
25/04/2012,0.1675,
26/04/2012,0.1624,
27/04/2012,0.1675,
30/04/2012,0.1726,
01/05/2012,0.1776,
02/05/2012,0.1777,
03/05/2012,0.1777,
04/05/2012,0.1726,
07/05/2012,0.1726,
08/05/2012,0.1726,
09/05/2012,0.1726,
10/05/2012,0.1726,
11/05/2012,0.1726,
14/05/2012,0.1777,
15/05/2012,0.1777,
16/05/2012,0.1827,
17/05/2012,0.1878,
18/05/2012,0.1878,
21/05/2012,0.1878,
22/05/2012,0.1878,
23/05/2012,0.1878,
24/05/2012,0.1878,
25/05/2012,0.1878,
28/05/2012,0.1878,
29/05/2012,0.1827,
30/05/2012,0.1726,
31/05/2012,0.1777,
01/06/2012,0.1675,
04/06/2012,0.1726,
05/06/2012,0.1726,
06/06/2012,0.1726,
07/06/2012,0.1675,
08/06/2012,0.1675,
11/06/2012,0.1675,
12/06/2012,0.1726,
13/06/2012,0.1675,
14/06/2012,0.1675,
15/06/2012,0.1624,
18/06/2012,0.1675,
19/06/2012,0.1675,
20/06/2012,0.1726,
21/06/2012,0.1726,
22/06/2012,0.1726,
25/06/2012,0.1726,
26/06/2012,0.1827,
27/06/2012,0.198,
28/06/2012,0.2031,
29/06/2012,0.2031,
02/07/2012,0.198,
03/07/2012,0.198,
04/07/2012,0.198,
05/07/2012,0.1878,
06/07/2012,0.1827,
09/07/2012,0.1827,
10/07/2012,0.1827,
11/07/2012,0.1827,
12/07/2012,0.1827,
13/07/2012,0.1675,
16/07/2012,0.1624,
17/07/2012,0.1675,
18/07/2012,0.1573,
19/07/2012,0.1573,
20/07/2012,0.1522,
23/07/2012,0.1522,
24/07/2012,0.1624,
25/07/2012,0.1675,
26/07/2012,0.1675,
27/07/2012,0.1675,
30/07/2012,0.1675,
31/07/2012,0.1573,
01/08/2012,0.1573,
02/08/2012,0.1573,
03/08/2012,0.1573,
06/08/2012,0.1624,
07/08/2012,0.1726,
08/08/2012,0.1726,
09/08/2012,0.1777,
10/08/2012,0.1675,
13/08/2012,0.1726,
14/08/2012,0.1777,
15/08/2012,0.1777,
16/08/2012,0.1777,
17/08/2012,0.1777,
20/08/2012,0.1777,
21/08/2012,0.1776,
22/08/2012,0.1827,
23/08/2012,0.1777,
24/08/2012,0.1777,
27/08/2012,0.1726,
28/08/2012,0.1726,
29/08/2012,0.1726,
30/08/2012,0.1675,
31/08/2012,0.1573,
03/09/2012,0.1573,
04/09/2012,0.1573,
05/09/2012,0.1573,
06/09/2012,0.1675,
07/09/2012,0.1624,
10/09/2012,0.1573,
11/09/2012,0.1573,
12/09/2012,0.1573,
13/09/2012,0.1522,
14/09/2012,0.1624,
17/09/2012,0.1675,
18/09/2012,0.1675,
19/09/2012,0.1777,
20/09/2012,0.1777,
21/09/2012,0.1726,
24/09/2012,0.1675,
25/09/2012,0.1675,
26/09/2012,0.1624,
27/09/2012,0.1573,
28/09/2012,0.1523,
01/10/2012,0.1523,
02/10/2012,0.1523,
03/10/2012,0.1523,
04/10/2012,0.1573,
05/10/2012,0.1624,
08/10/2012,0.1624,
09/10/2012,0.1624,
10/10/2012,0.1675,
11/10/2012,0.1726,
12/10/2012,0.1726,
15/10/2012,0.1675,
16/10/2012,0.1675,
17/10/2012,0.1827,
18/10/2012,0.1777,
19/10/2012,0.1726,
22/10/2012,0.1777,
23/10/2012,0.1777,
24/10/2012,0.1777,
25/10/2012,0.1777,
26/10/2012,0.1726,
29/10/2012,0.1675,
30/10/2012,0.167,
31/10/2012,0.1675,
01/11/2012,0.1675,
02/11/2012,0.1726,
05/11/2012,0.1726,
06/11/2012,0.1777,
07/11/2012,0.1675,
08/11/2012,0.1675,
09/11/2012,0.1726,
12/11/2012,0.1726,
13/11/2012,0.1726,
14/11/2012,0.1675,
15/11/2012,0.1726,
16/11/2012,0.1675,
19/11/2012,0.1675,
20/11/2012,0.1675,
21/11/2012,0.1726,
22/11/2012,0.1726,
23/11/2012,0.1726,
26/11/2012,0.1675,
27/11/2012,0.1675,
28/11/2012,0.1675,
29/11/2012,0.1675,
30/11/2012,0.1675,
03/12/2012,0.1675,
04/12/2012,0.1675,
05/12/2012,0.1624,
06/12/2012,0.1675,
07/12/2012,0.1675,
10/12/2012,0.1624,
11/12/2012,0.1472,
12/12/2012,0.1523,
13/12/2012,0.1421,
14/12/2012,0.1269,
17/12/2012,0.1319,
18/12/2012,0.1523,
19/12/2012,0.1472,
20/12/2012,0.1421,
21/12/2012,0.1421,
24/12/2012,0.137,
25/12/2012,0.137,
26/12/2012,0.1472,
27/12/2012,0.1421,
28/12/2012,0.137,
31/12/2012,0.137,
01/01/2013,0.137,
02/01/2013,0.137,
03/01/2013,0.137,
04/01/2013,0.137,
07/01/2013,0.1319,
08/01/2013,0.1319,
09/01/2013,0.1319,
10/01/2013,0.1319,
11/01/2013,0.1319,
14/01/2013,0.1319,
15/01/2013,0.137,
16/01/2013,0.137,
17/01/2013,0.1421,
18/01/2013,0.1319,
21/01/2013,0.1319,
22/01/2013,0.1319,
23/01/2013,0.1319,
24/01/2013,0.1319,
25/01/2013,0.137,
28/01/2013,0.137,
29/01/2013,0.137,
30/01/2013,0.1319,
31/01/2013,0.1319,
01/02/2013,0.1319,
04/02/2013,0.1268,
05/02/2013,0.1319,
06/02/2013,0.1421,
07/02/2013,0.1421,
08/02/2013,0.1421,
11/02/2013,0.1421,
12/02/2013,0.1421,
13/02/2013,0.1472,
14/02/2013,0.1472,
15/02/2013,0.1472,
18/02/2013,0.1472,
19/02/2013,0.1523,
20/02/2013,0.1472,
21/02/2013,0.1472,
22/02/2013,0.1522,
25/02/2013,0.1472,
26/02/2013,0.1472,
27/02/2013,0.1472,
28/02/2013,0.1522,
01/03/2013,0.1472,
04/03/2013,0.1472,
05/03/2013,0.1421,
06/03/2013,0.1523,
07/03/2013,0.1472,
08/03/2013,0.1472,
11/03/2013,0.1472,
12/03/2013,0.1472,
13/03/2013,0.1421,
14/03/2013,0.1421,
15/03/2013,0.137,
18/03/2013,0.1319,
19/03/2013,0.1269,
20/03/2013,0.1319,
21/03/2013,0.1269,
22/03/2013,0.1269,
25/03/2013,0.1269,
26/03/2013,0.1268,
27/03/2013,0.1218,
28/03/2013,0.1218,
29/03/2013,0.1218,
01/04/2013,0.1268,
02/04/2013,0.1268,
03/04/2013,0.1269,
04/04/2013,0.1319,
05/04/2013,0.1269,
08/04/2013,0.1269,
09/04/2013,0.1218,
10/04/2013,0.1269,
11/04/2013,0.1218,
12/04/2013,0.1167,
15/04/2013,0.1116,
16/04/2013,0.1116,
17/04/2013,0.1116,
18/04/2013,0.1065,
19/04/2013,0.1065,
22/04/2013,0.1015,
23/04/2013,0.1015,
24/04/2013,0.1065,
25/04/2013,0.1015,
26/04/2013,0.1015,
29/04/2013,0.1015,
30/04/2013,0.1015,
01/05/2013,0.1065,
02/05/2013,0.1015,
03/05/2013,0.1065,
06/05/2013,0.1015,
07/05/2013,0.1015,
08/05/2013,0.1015,
09/05/2013,0.1015,
10/05/2013,0.1065,
13/05/2013,0.1065,
14/05/2013,0.1065,
15/05/2013,0.1065,
16/05/2013,0.1015,
17/05/2013,0.1015,
20/05/2013,0.1065,
21/05/2013,0.0964,
22/05/2013,0.1015,
23/05/2013,0.1015,
24/05/2013,0.1015,
27/05/2013,0.1015,
28/05/2013,0.1167,
29/05/2013,0.1218,
30/05/2013,0.1269,
31/05/2013,0.1269,
03/06/2013,0.1319,
04/06/2013,0.1319,
05/06/2013,0.1269,
06/06/2013,0.1269,
07/06/2013,0.1218,
10/06/2013,0.1218,
11/06/2013,0.1218,
12/06/2013,0.1218,
13/06/2013,0.1167,
14/06/2013,0.1116,
17/06/2013,0.1116,
18/06/2013,0.1167,
19/06/2013,0.1167,
20/06/2013,0.1167,
21/06/2013,0.1218,
24/06/2013,0.1268,
25/06/2013,0.137,
26/06/2013,0.1573,
27/06/2013,0.1472,
28/06/2013,0.1421,
01/07/2013,0.137,
02/07/2013,0.1319,
03/07/2013,0.1319,
04/07/2013,0.1319,
05/07/2013,0.137,
08/07/2013,0.1218,
09/07/2013,0.1218,
10/07/2013,0.1167,
11/07/2013,0.1065,
12/07/2013,0.1065,
15/07/2013,0.0964,
16/07/2013,0.0862,
17/07/2013,0.0913,
18/07/2013,0.0964,
19/07/2013,0.0964,
22/07/2013,0.0913,
23/07/2013,0.0964,
24/07/2013,0.1167,
25/07/2013,0.1116,
26/07/2013,0.1015,
29/07/2013,0.1065,
30/07/2013,0.1065,
31/07/2013,0.1015,
01/08/2013,0.1116,
02/08/2013,0.1015,
05/08/2013,0.1015,
06/08/2013,0.1065,
07/08/2013,0.1015,
08/08/2013,0.1015,
09/08/2013,0.1015,
12/08/2013,0.1015,
13/08/2013,0.1065,
14/08/2013,0.1065,
15/08/2013,0.1065,
16/08/2013,0.1116,
19/08/2013,0.1116,
20/08/2013,0.1167,
21/08/2013,0.1319,
22/08/2013,0.1269,
23/08/2013,0.1269,
26/08/2013,0.1218,
27/08/2013,0.1218,
28/08/2013,0.1167,
29/08/2013,0.1167,
30/08/2013,0.1116,
02/09/2013,0.1116,
03/09/2013,0.1167,
04/09/2013,0.1319,
05/09/2013,0.1421,
06/09/2013,0.1218,
09/09/2013,0.1065,
10/09/2013,0.1116,
11/09/2013,0.1065,
12/09/2013,0.1015,
13/09/2013,0.1065,
16/09/2013,0.1015,
17/09/2013,0.1015,
18/09/2013,0.1065,
19/09/2013,0.1015,
20/09/2013,0.1015,
23/09/2013,0.0964,
24/09/2013,0.0964,
25/09/2013,0.0964,
26/09/2013,0.0913,
27/09/2013,0.0862,
30/09/2013,0.0862,
01/10/2013,0.0913,
02/10/2013,0.0862,
03/10/2013,0.0913,
04/10/2013,0.0964,
07/10/2013,0.1015,
08/10/2013,0.1319,
09/10/2013,0.137,
10/10/2013,0.1268,
11/10/2013,0.1268,
14/10/2013,0.1268,
15/10/2013,0.1472,
16/10/2013,0.1218,
17/10/2013,0.1218,
18/10/2013,0.1116,
21/10/2013,0.1065,
22/10/2013,0.0964,
23/10/2013,0.0964,
24/10/2013,0.1015,
25/10/2013,0.0964,
28/10/2013,0.0964,
29/10/2013,0.0964,
30/10/2013,0.0913,
31/10/2013,0.0913,
01/11/2013,0.0862,
04/11/2013,0.0913,
05/11/2013,0.1015,
06/11/2013,0.0913,
07/11/2013,0.0913,
08/11/2013,0.1015,
11/11/2013,0.1015,
12/11/2013,0.1065,
13/11/2013,0.0964,
14/11/2013,0.1218,
15/11/2013,0.1218,
18/11/2013,0.1269,
19/11/2013,0.1269,
20/11/2013,0.1116,
21/11/2013,0.1116,
22/11/2013,0.1167,
25/11/2013,0.1167,
26/11/2013,0.1167,
27/11/2013,0.1116,
28/11/2013,0.1116,
29/11/2013,0.1167,
02/12/2013,0.1116,
03/12/2013,0.1167,
04/12/2013,0.1218,
05/12/2013,0.1167,
06/12/2013,0.1218,
09/12/2013,0.1116,
10/12/2013,0.1065,
11/12/2013,0.1319,
12/12/2013,0.1319,
13/12/2013,0.1319,
16/12/2013,0.1319,
17/12/2013,0.1269,
18/12/2013,0.1269,
19/12/2013,0.1269,
20/12/2013,0.1269,
23/12/2013,0.1218,
24/12/2013,0.1218,
25/12/2013,0.1218,
26/12/2013,0.1167,
27/12/2013,0.1116,
30/12/2013,0.1116,
31/12/2013,0.1116,
01/01/2014,0.1116,
02/01/2014,0.1065,
03/01/2014,0.1116,
06/01/2014,0.1065,
07/01/2014,0.1015,
08/01/2014,0.1218,
09/01/2014,0.1218,
10/01/2014,0.1116,
13/01/2014,0.1065,
14/01/2014,0.1065,
15/01/2014,0.1015,
16/01/2014,0.1015,
17/01/2014,0.1015,
20/01/2014,0.1015,
21/01/2014,0.1015,
22/01/2014,0.1015,
23/01/2014,0.0964,
24/01/2014,0.1015,
27/01/2014,0.1015,
28/01/2014,0.0964,
29/01/2014,0.0913,
30/01/2014,0.0812,
31/01/2014,0.0812,
03/02/2014,0.0812,
04/02/2014,0.1015,
05/02/2014,0.1167,
06/02/2014,0.1167,
07/02/2014,0.1116,
10/02/2014,0.1116,
11/02/2014,0.1167,
12/02/2014,0.1116,
13/02/2014,0.1065,
14/02/2014,0.0964,
17/02/2014,0.0964,
18/02/2014,0.0964,
19/02/2014,0.1015,
20/02/2014,0.1065,
21/02/2014,0.1015,
24/02/2014,0.0964,
25/02/2014,0.0964,
26/02/2014,0.0964,
27/02/2014,0.0964,
28/02/2014,0.1015,
03/03/2014,0.1015,
04/03/2014,0.1065,
05/03/2014,0.1167,
06/03/2014,0.1218,
07/03/2014,0.1218,
10/03/2014,0.1218,
11/03/2014,0.1218,
12/03/2014,0.1167,
13/03/2014,0.1167,
14/03/2014,0.1167,
17/03/2014,0.1167,
18/03/2014,0.1167,
19/03/2014,0.1319,
20/03/2014,0.1269,
21/03/2014,0.1218,
24/03/2014,0.1218,
25/03/2014,0.1167,
26/03/2014,0.1116,
27/03/2014,0.1116,
28/03/2014,0.1116,
31/03/2014,0.1116,
01/04/2014,0.1116,
02/04/2014,0.1167,
03/04/2014,0.1065,
04/04/2014,0.1015,
07/04/2014,0.0964,
08/04/2014,0.0964,
09/04/2014,0.0913,
10/04/2014,0.0862,
11/04/2014,0.0913,
14/04/2014,0.0913,
15/04/2014,0.0862,
16/04/2014,0.0862,
17/04/2014,0.0913,
18/04/2014,0.0913,
21/04/2014,0.0913,
22/04/2014,0.0913,
23/04/2014,0.0913,
24/04/2014,0.0913,
25/04/2014,0.0862,
28/04/2014,0.0862,
29/04/2014,0.0862,
30/04/2014,0.1015,
01/05/2014,0.0964,
02/05/2014,0.0964,
05/05/2014,0.0964,
06/05/2014,0.0964,
07/05/2014,0.0964,
08/05/2014,0.0862,
09/05/2014,0.0913,
12/05/2014,0.0913,
13/05/2014,0.0862,
14/05/2014,0.0812,
15/05/2014,0.0761,
16/05/2014,0.0761,
19/05/2014,0.0761,
20/05/2014,0.0761,
21/05/2014,0.0761,
22/05/2014,0.0761,
23/05/2014,0.0761,
26/05/2014,0.0761,
27/05/2014,0.0761,
28/05/2014,0.071,
29/05/2014,0.0913,
30/05/2014,0.0913,
02/06/2014,0.0964,
03/06/2014,0.0964,
04/06/2014,0.0913,
05/06/2014,0.0913,
06/06/2014,0.0862,
09/06/2014,0.0913,
10/06/2014,0.0964,
11/06/2014,0.0913,
12/06/2014,0.0913,
13/06/2014,0.0964,
16/06/2014,0.0964,
17/06/2014,0.0913,
18/06/2014,0.0812,
19/06/2014,0.0812,
20/06/2014,0.0761,
23/06/2014,0.0761,
24/06/2014,0.0761,
25/06/2014,0.1015,
26/06/2014,0.0964,
27/06/2014,0.0964,
30/06/2014,0.0964,
01/07/2014,0.1015,
02/07/2014,0.1015,
03/07/2014,0.0964,
04/07/2014,0.0964,
07/07/2014,0.0964,
08/07/2014,0.0862,
09/07/2014,0.0913,
10/07/2014,0.0862,
11/07/2014,0.0862,
14/07/2014,0.0862,
15/07/2014,0.0913,
16/07/2014,0.0862,
17/07/2014,0.0761,
18/07/2014,0.0812,
21/07/2014,0.0812,
22/07/2014,0.0812,
23/07/2014,0.1015,
24/07/2014,0.1015,
25/07/2014,0.1015,
28/07/2014,0.1015,
29/07/2014,0.1015,
30/07/2014,0.1065,
31/07/2014,0.1116,
01/08/2014,0.1015,
04/08/2014,0.0964,
05/08/2014,0.1015,
06/08/2014,0.0913,
07/08/2014,0.0862,
08/08/2014,0.0862,
11/08/2014,0.0862,
12/08/2014,0.0913,
13/08/2014,0.0761,
14/08/2014,0.0761,
15/08/2014,0.0761,
18/08/2014,0.0812,
19/08/2014,0.0761,
20/08/2014,0.1116,
21/08/2014,0.1015,
22/08/2014,0.0964,
25/08/2014,0.0964,
26/08/2014,0.0964,
27/08/2014,0.0913,
28/08/2014,0.0913,
29/08/2014,0.0812,
01/09/2014,0.0812,
02/09/2014,0.0862,
03/09/2014,0.0862,
04/09/2014,0.0862,
05/09/2014,0.0862,
08/09/2014,0.0862,
09/09/2014,0.0913,
10/09/2014,0.0913,
11/09/2014,0.0913,
12/09/2014,0.0812,
15/09/2014,0.0862,
16/09/2014,0.0913,
17/09/2014,0.1218,
18/09/2014,0.1167,
19/09/2014,0.1065,
22/09/2014,0.0964,
23/09/2014,0.0913,
24/09/2014,0.0913,
25/09/2014,0.0913,
26/09/2014,0.0913,
29/09/2014,0.0964,
30/09/2014,0.0964,
01/10/2014,0.0862,
02/10/2014,0.0913,
03/10/2014,0.0913,
06/10/2014,0.0862,
07/10/2014,0.0862,
08/10/2014,0.0812,
09/10/2014,0.0812,
10/10/2014,0.0761,
13/10/2014,0.0761,
14/10/2014,0.0659,
15/10/2014,0.0659,
16/10/2014,0.0964,
17/10/2014,0.0964,
20/10/2014,0.0913,
21/10/2014,0.0964,
22/10/2014,0.0913,
23/10/2014,0.0964,
24/10/2014,0.0913,
27/10/2014,0.0964,
28/10/2014,0.0964,
29/10/2014,0.1015,
30/10/2014,0.1015,
31/10/2014,0.0913,
03/11/2014,0.0913,
04/11/2014,0.0913,
05/11/2014,0.0913,
06/11/2014,0.0964,
07/11/2014,0.0964,
10/11/2014,0.0964,
11/11/2014,0.0964,
12/11/2014,0.1065,
13/11/2014,0.1421,
14/11/2014,0.1421,
17/11/2014,0.137,
18/11/2014,0.1269,
19/11/2014,0.1269,
20/11/2014,0.1218,
21/11/2014,0.1218,
24/11/2014,0.1167,
25/11/2014,0.1218,
26/11/2014,0.1218,
27/11/2014,0.1218,
28/11/2014,0.1167,
01/12/2014,0.1167,
02/12/2014,0.1167,
03/12/2014,0.1167,
04/12/2014,0.1218,
05/12/2014,0.137,
08/12/2014,0.1421,
09/12/2014,0.1573,
10/12/2014,0.2031,
11/12/2014,0.2031,
12/12/2014,0.1878,
15/12/2014,0.1929,
16/12/2014,0.198,
17/12/2014,0.2183,
18/12/2014,0.2387,
19/12/2014,0.2438,
22/12/2014,0.2489,
23/12/2014,0.2438,
24/12/2014,0.2387,
25/12/2014,0.2387,
26/12/2014,0.2285,
29/12/2014,0.2132,
30/12/2014,0.1929,
31/12/2014,0.2132,
01/01/2015,0.2132,
02/01/2015,0.2183,
05/01/2015,0.2132,
06/01/2015,0.2031,
07/01/2015,0.2438,
08/01/2015,0.2285,
09/01/2015,0.1929,
12/01/2015,0.1827,
13/01/2015,0.1827,
14/01/2015,0.1624,
15/01/2015,0.1472,
16/01/2015,0.1573,
19/01/2015,0.1573,
20/01/2015,0.1573,
21/01/2015,0.1573,
22/01/2015,0.1573,
23/01/2015,0.1472,
26/01/2015,0.1522,
27/01/2015,0.1472,
28/01/2015,0.1472,
29/01/2015,0.1472,
30/01/2015,0.137,
02/02/2015,0.1421,
03/02/2015,0.1675,
04/02/2015,0.1929,
05/02/2015,0.1929,
06/02/2015,0.2438,
09/02/2015,0.2336,
10/02/2015,0.2285,
11/02/2015,0.2285,
12/02/2015,0.2234,
13/02/2015,0.2183,
16/02/2015,0.2183,
17/02/2015,0.2183,
18/02/2015,0.198,
19/02/2015,0.2082,
20/02/2015,0.2082,
23/02/2015,0.2031,
24/02/2015,0.1827,
25/02/2015,0.1827,
26/02/2015,0.198,
27/02/2015,0.1878,
02/03/2015,0.1929,
03/03/2015,0.2132,
04/03/2015,0.2393,
05/03/2015,0.2291,
06/03/2015,0.2597,
09/03/2015,0.2393,
10/03/2015,0.2291,
11/03/2015,0.2342,
12/03/2015,0.2342,
13/03/2015,0.2342,
16/03/2015,0.2393,
17/03/2015,0.2546,
18/03/2015,0.1934,
19/03/2015,0.2393,
20/03/2015,0.2138,
23/03/2015,0.2138,
24/03/2015,0.2138,
25/03/2015,0.2342,
26/03/2015,0.2546,
27/03/2015,0.2393,
30/03/2015,0.2444,
31/03/2015,0.2291,
01/04/2015,0.2342,
02/04/2015,0.2342,
03/04/2015,0.1985,
06/04/2015,0.1985,
07/04/2015,0.2087,
08/04/2015,0.2138,
09/04/2015,0.2189,
10/04/2015,0.2189,
13/04/2015,0.2138,
14/04/2015,0.2087,
15/04/2015,0.1934,
16/04/2015,0.1985,
17/04/2015,0.2036,
20/04/2015,0.2087,
21/04/2015,0.2036,
22/04/2015,0.2138,
23/04/2015,0.2087,
24/04/2015,0.2087,
27/04/2015,0.2138,
28/04/2015,0.2138,
29/04/2015,0.224,
30/04/2015,0.224,
01/05/2015,0.2291,
04/05/2015,0.224,
05/05/2015,0.2291,
06/05/2015,0.2393,
07/05/2015,0.2342,
08/05/2015,0.2189,
11/05/2015,0.2291,
12/05/2015,0.224,
13/05/2015,0.2138,
14/05/2015,0.1985,
15/05/2015,0.1934,
18/05/2015,0.1985,
19/05/2015,0.2036,
20/05/2015,0.1934,
21/05/2015,0.1883,
22/05/2015,0.2036,
25/05/2015,0.2036,
26/05/2015,0.2189,
27/05/2015,0.224,
28/05/2015,0.2495,
29/05/2015,0.2444,
01/06/2015,0.2444,
02/06/2015,0.2444,
03/06/2015,0.2495,
04/06/2015,0.2495,
05/06/2015,0.2597,
08/06/2015,0.2495,
09/06/2015,0.2495,
10/06/2015,0.2546,
11/06/2015,0.2546,
12/06/2015,0.2546,
15/06/2015,0.2495,
16/06/2015,0.2495,
17/06/2015,0.2342,
18/06/2015,0.2189,
19/06/2015,0.2189,
22/06/2015,0.2291,
23/06/2015,0.2495,
24/06/2015,0.2853,
25/06/2015,0.2802,
26/06/2015,0.2802,
29/06/2015,0.2597,
30/06/2015,0.2648,
01/07/2015,0.2699,
02/07/2015,0.2444,
03/07/2015,0.2444,
06/07/2015,0.2342,
07/07/2015,0.2291,
08/07/2015,0.2189,
09/07/2015,0.224,
10/07/2015,0.2444,
13/07/2015,0.2495,
14/07/2015,0.2444,
15/07/2015,0.2393,
16/07/2015,0.2495,
17/07/2015,0.2546,
20/07/2015,0.2801,
21/07/2015,0.2852,
22/07/2015,0.3312,
23/07/2015,0.321,
24/07/2015,0.3159,
27/07/2015,0.3057,
28/07/2015,0.3159,
29/07/2015,0.3159,
30/07/2015,0.3414,
31/07/2015,0.3108,
03/08/2015,0.3159,
04/08/2015,0.3567,
05/08/2015,0.3619,
06/08/2015,0.3363,
07/08/2015,0.3567,
10/08/2015,0.367,
11/08/2015,0.3516,
12/08/2015,0.3516,
13/08/2015,0.3721,
14/08/2015,0.3772,
17/08/2015,0.372,
18/08/2015,0.372,
19/08/2015,0.3823,
20/08/2015,0.3721,
21/08/2015,0.3517,
24/08/2015,0.3159,
25/08/2015,0.3261,
26/08/2015,0.3414,
27/08/2015,0.3465,
28/08/2015,0.367,
31/08/2015,0.3772,
01/09/2015,0.3619,
02/09/2015,0.3414,
03/09/2015,0.3363,
04/09/2015,0.3465,
07/09/2015,0.3465,
08/09/2015,0.3618,
09/09/2015,0.3618,
10/09/2015,0.3669,
11/09/2015,0.3618,
14/09/2015,0.372,
15/09/2015,0.4487,
16/09/2015,0.4642,
17/09/2015,0.3517,
18/09/2015,0.3414,
21/09/2015,0.3465,
22/09/2015,0.3363,
23/09/2015,0.3261,
24/09/2015,0.3159,
25/09/2015,0.321,
28/09/2015,0.3159,
29/09/2015,0.321,
30/09/2015,0.3108,
01/10/2015,0.2904,
02/10/2015,0.2291,
05/10/2015,0.2342,
06/10/2015,0.2291,
07/10/2015,0.2393,
08/10/2015,0.2342,
09/10/2015,0.2444,
12/10/2015,0.2444,
13/10/2015,0.2291,
14/10/2015,0.2087,
15/10/2015,0.2087,
16/10/2015,0.2087,
19/10/2015,0.2138,
20/10/2015,0.2189,
21/10/2015,0.2189,
22/10/2015,0.2138,
23/10/2015,0.2342,
26/10/2015,0.2444,
27/10/2015,0.275,
28/10/2015,0.3108,
29/10/2015,0.3057,
30/10/2015,0.321,
02/11/2015,0.3414,
03/11/2015,0.3516,
04/11/2015,0.3721,
05/11/2015,0.3874,
06/11/2015,0.4334,
09/11/2015,0.4334,
10/11/2015,0.4385,
11/11/2015,0.4943,
12/11/2015,0.5051,
13/11/2015,0.4795,
16/11/2015,0.4744,
17/11/2015,0.4846,
18/11/2015,0.4744,
19/11/2015,0.4642,
20/11/2015,0.4744,
23/11/2015,0.4744,
24/11/2015,0.4795,
25/11/2015,0.4795,
26/11/2015,0.4795,
27/11/2015,0.4743,
30/11/2015,0.4795,
01/12/2015,0.4743,
02/12/2015,0.4948,
03/12/2015,0.5409,
04/12/2015,0.5665,
07/12/2015,0.6434,
08/12/2015,0.6844,
09/12/2015,0.6949,
10/12/2015,0.6898,
11/12/2015,0.6538,
14/12/2015,0.6692,
15/12/2015,0.6743,
16/12/2015,0.6846,
17/12/2015,0.6692,
18/12/2015,0.6486,
21/12/2015,0.6332,
22/12/2015,0.6281,
23/12/2015,0.6178,
24/12/2015,0.6178,
25/12/2015,0.6178,
28/12/2015,0.628,
29/12/2015,0.6383,
30/12/2015,0.5973,
31/12/2015,0.5972,
01/01/2016,0.5972,
04/01/2016,0.5767,
05/01/2016,0.5562,
06/01/2016,0.659,
07/01/2016,0.6384,
08/01/2016,0.6179,
11/01/2016,0.6128,
12/01/2016,0.6127,
13/01/2016,0.5922,
14/01/2016,0.5307,
15/01/2016,0.4641,
18/01/2016,0.4641,
19/01/2016,0.459,
20/01/2016,0.4181,
21/01/2016,0.4385,
22/01/2016,0.459,
25/01/2016,0.4385,
26/01/2016,0.4539,
27/01/2016,0.4436,
28/01/2016,0.4487,
29/01/2016,0.4487,
01/02/2016,0.4641,
02/02/2016,0.4538,
03/02/2016,0.5359,
04/02/2016,0.5154,
05/02/2016,0.5307,
08/02/2016,0.5051,
09/02/2016,0.5051,
10/02/2016,0.5051,
11/02/2016,0.4642,
12/02/2016,0.4846,
15/02/2016,0.4846,
16/02/2016,0.4897,
17/02/2016,0.5102,
18/02/2016,0.5051,
19/02/2016,0.5102,
22/02/2016,0.5255,
23/02/2016,0.5255,
24/02/2016,0.5358,
25/02/2016,0.5306,
26/02/2016,0.5665,
29/02/2016,0.5972,
01/03/2016,0.6331,
02/03/2016,0.6521,
03/03/2016,0.6469,
04/03/2016,0.652,
07/03/2016,0.6674,
08/03/2016,0.652,
09/03/2016,0.6571,
10/03/2016,0.6622,
11/03/2016,0.6878,
14/03/2016,0.6878,
15/03/2016,0.6929,
16/03/2016,0.6264,
17/03/2016,0.6315,
18/03/2016,0.6059,
21/03/2016,0.611,
22/03/2016,0.611,
23/03/2016,0.6058,
24/03/2016,0.6058,
25/03/2016,0.6058,
28/03/2016,0.616,
29/03/2016,0.5802,
30/03/2016,0.6047,
31/03/2016,0.5804,
01/04/2016,0.5957,
04/04/2016,0.5804,
05/04/2016,0.5497,
06/04/2016,0.5446,
07/04/2016,0.5139,
08/04/2016,0.5139,
11/04/2016,0.5088,
12/04/2016,0.5241,
13/04/2016,0.5241,
14/04/2016,0.5292,
15/04/2016,0.5088,
18/04/2016,0.5037,
19/04/2016,0.5037,
20/04/2016,0.4986,
21/04/2016,0.5241,
22/04/2016,0.5292,
25/04/2016,0.5343,
26/04/2016,0.5445,
27/04/2016,0.5702,
28/04/2016,0.5549,
29/04/2016,0.5497,
02/05/2016,0.5446,
03/05/2016,0.5242,
04/05/2016,0.5037,
05/05/2016,0.5037,
06/05/2016,0.5037,
09/05/2016,0.4884,
10/05/2016,0.4986,
11/05/2016,0.5037,
12/05/2016,0.519,
13/05/2016,0.5241,
16/05/2016,0.5343,
17/05/2016,0.5598,
18/05/2016,0.6058,
19/05/2016,0.6161,
20/05/2016,0.6263,
23/05/2016,0.6467,
24/05/2016,0.6365,
25/05/2016,0.6725,
26/05/2016,0.6469,
27/05/2016,0.6827,
30/05/2016,0.6827,
31/05/2016,0.6725,
01/06/2016,0.6725,
02/06/2016,0.6622,
03/06/2016,0.5804,
06/06/2016,0.5855,
07/06/2016,0.5752,
08/06/2016,0.5701,
09/06/2016,0.565,
10/06/2016,0.5394,
13/06/2016,0.5292,
14/06/2016,0.5343,
15/06/2016,0.4986,
16/06/2016,0.4934,
17/06/2016,0.4934,
20/06/2016,0.5292,
21/06/2016,0.5292,
22/06/2016,0.5446,
23/06/2016,0.5753,
24/06/2016,0.468,
27/06/2016,0.4425,
28/06/2016,0.4374,
29/06/2016,0.4527,
30/06/2016,0.4323,
01/07/2016,0.4425,
04/07/2016,0.4425,
05/07/2016,0.4271,
06/07/2016,0.4373,
07/07/2016,0.4475,
08/07/2016,0.4577,
11/07/2016,0.4935,
12/07/2016,0.4935,
13/07/2016,0.4934,
14/07/2016,0.5088,
15/07/2016,0.4883,
18/07/2016,0.5036,
19/07/2016,0.4985,
20/07/2016,0.5498,
21/07/2016,0.5242,
22/07/2016,0.5293,
25/07/2016,0.5395,
26/07/2016,0.5446,
27/07/2016,0.5242,
28/07/2016,0.5088,
29/07/2016,0.4884,
01/08/2016,0.4884,
02/08/2016,0.4884,
03/08/2016,0.4986,
04/08/2016,0.4935,
05/08/2016,0.5394,
08/08/2016,0.5496,
09/08/2016,0.5394,
10/08/2016,0.5241,
11/08/2016,0.5394,
12/08/2016,0.5343,
15/08/2016,0.5394,
16/08/2016,0.5394,
17/08/2016,0.5753,
18/08/2016,0.5651,
19/08/2016,0.5804,
22/08/2016,0.5804,
23/08/2016,0.5804,
24/08/2016,0.5753,
25/08/2016,0.5753,
26/08/2016,0.6008,
29/08/2016,0.5957,
30/08/2016,0.5906,
31/08/2016,0.5906,
01/09/2016,0.5854,
02/09/2016,0.5803,
05/09/2016,0.5803,
06/09/2016,0.5496,
07/09/2016,0.5496,
08/09/2016,0.5649,
09/09/2016,0.5598,
12/09/2016,0.5547,
13/09/2016,0.57,
14/09/2016,0.6111,
15/09/2016,0.5958,
16/09/2016,0.6009,
19/09/2016,0.606,
20/09/2016,0.606,
21/09/2016,0.6008,
22/09/2016,0.5804,
23/09/2016,0.5752,
26/09/2016,0.5701,
27/09/2016,0.5701,
28/09/2016,0.5803,
29/09/2016,0.5701,
30/09/2016,0.5854,
03/10/2016,0.6059,
04/10/2016,0.6263,
05/10/2016,0.6263,
06/10/2016,0.6314,
07/10/2016,0.6314,
10/10/2016,0.6314,
11/10/2016,0.6416,
12/10/2016,0.6777,
13/10/2016,0.652,
14/10/2016,0.6571,
17/10/2016,0.6418,
18/10/2016,0.6418,
19/10/2016,0.6315,
20/10/2016,0.6469,
21/10/2016,0.6417,
24/10/2016,0.6468,
25/10/2016,0.6519,
26/10/2016,0.6468,
27/10/2016,0.6519,
28/10/2016,0.6417,
31/10/2016,0.6417,
01/11/2016,0.6365,
02/11/2016,0.6263,
03/11/2016,0.6212,
04/11/2016,0.6007,
07/11/2016,0.6109,
08/11/2016,0.6416,
09/11/2016,0.7084,
10/11/2016,0.7186,
11/11/2016,0.7186,
14/11/2016,0.7647,
15/11/2016,0.7544,
16/11/2016,0.7391,
17/11/2016,0.7595,
18/11/2016,0.7544,
21/11/2016,0.7595,
22/11/2016,0.7595,
23/11/2016,0.7697,
24/11/2016,0.7697,
25/11/2016,0.7799,
28/11/2016,0.7697,
29/11/2016,0.7645,
30/11/2016,0.7748,
01/12/2016,0.7799,
02/12/2016,0.7696,
05/12/2016,0.7901,
06/12/2016,0.785,
07/12/2016,0.8315,
08/12/2016,0.8366,
09/12/2016,0.8468,
12/12/2016,0.8468,
13/12/2016,0.8673,
14/12/2016,0.9084,
15/12/2016,0.8878,
16/12/2016,0.8826,
19/12/2016,0.8775,
20/12/2016,0.8775,
21/12/2016,0.8569,
22/12/2016,0.8518,
23/12/2016,0.8517,
26/12/2016,0.8517,
27/12/2016,0.8568,
28/12/2016,0.8517,
29/12/2016,0.8158,
30/12/2016,0.8106,
02/01/2017,0.8106,
03/01/2017,0.826,
04/01/2017,0.8623,
05/01/2017,0.8212,
06/01/2017,0.8314,
09/01/2017,0.8057,
10/01/2017,0.8006,
11/01/2017,0.8057,
12/01/2017,0.7954,
13/01/2017,0.7954,
16/01/2017,0.7954,
17/01/2017,0.78,
18/01/2017,0.8056,
19/01/2017,0.8005,
20/01/2017,0.7902,
23/01/2017,0.7645,
24/01/2017,0.7799,
25/01/2017,0.785,
26/01/2017,0.785,
27/01/2017,0.785,
30/01/2017,0.7747,
31/01/2017,0.7593,
01/02/2017,0.8212,
02/02/2017,0.8109,
03/02/2017,0.8006,
06/02/2017,0.7801,
07/02/2017,0.7801,
08/02/2017,0.7749,
09/02/2017,0.7852,
10/02/2017,0.7903,
13/02/2017,0.8005,
14/02/2017,0.821,
15/02/2017,0.8261,
16/02/2017,0.7954,
17/02/2017,0.7953,
20/02/2017,0.7953,
21/02/2017,0.7953,
22/02/2017,0.7953,
23/02/2017,0.7799,
24/02/2017,0.7747,
27/02/2017,0.7747,
28/02/2017,0.8208,
01/03/2017,0.9136,
02/03/2017,0.9599,
03/03/2017,0.9598,
06/03/2017,0.965,
07/03/2017,0.9958,
08/03/2017,1.0163,
09/03/2017,1.0318,
10/03/2017,1.0266,
13/03/2017,1.0471,
14/03/2017,1.0368,
15/03/2017,1.0008,
16/03/2017,0.9853,
17/03/2017,0.9801,
20/03/2017,0.9801,
21/03/2017,0.9698,
22/03/2017,0.9647,
23/03/2017,0.9595,
24/03/2017,0.9646,
27/03/2017,0.9748,
28/03/2017,1.0108,
29/03/2017,1.0319,
30/03/2017,1.0216,
31/03/2017,1.0164,
03/04/2017,1.0061,
04/04/2017,1.0215,
05/04/2017,1.0163,
06/04/2017,1.0266,
07/04/2017,1.0574,
10/04/2017,1.0523,
11/04/2017,1.0368,
12/04/2017,1.0162,
13/04/2017,1.011,
14/04/2017,1.011,
17/04/2017,1.0161,
18/04/2017,1.0007,
19/04/2017,1.0006,
20/04/2017,0.9903,
21/04/2017,0.9749,
24/04/2017,1.0057,
25/04/2017,1.0262,
26/04/2017,1.0628,
27/04/2017,1.0525,
28/04/2017,1.0576,
01/05/2017,1.073,
02/05/2017,1.0678,
03/05/2017,1.0833,
04/05/2017,1.0935,
05/05/2017,1.0935,
08/05/2017,1.1089,
09/05/2017,1.1192,
10/05/2017,1.1192,
11/05/2017,1.1191,
12/05/2017,1.1036,
15/05/2017,1.1036,
16/05/2017,1.0984,
17/05/2017,1.0726,
18/05/2017,1.0726,
19/05/2017,1.088,
22/05/2017,1.0983,
23/05/2017,1.124,
24/05/2017,1.1504,
25/05/2017,1.1504,
26/05/2017,1.1452,
29/05/2017,1.1452,
30/05/2017,1.1451,
31/05/2017,1.1503,
01/06/2017,1.1451,
02/06/2017,1.1502,
05/06/2017,1.1553,
06/06/2017,1.1449,
07/06/2017,1.1655,
08/06/2017,1.1707,
09/06/2017,1.186,
12/06/2017,1.1963,
13/06/2017,1.2015,
14/06/2017,1.186,
15/06/2017,1.1962,
16/06/2017,1.1859,
19/06/2017,1.2013,
20/06/2017,1.2064,
21/06/2017,1.2124,
22/06/2017,1.2072,
23/06/2017,1.2019,
26/06/2017,1.1967,
27/06/2017,1.207,
28/06/2017,1.2018,
29/06/2017,1.2173,
30/06/2017,1.2275,
03/07/2017,1.2429,
04/07/2017,1.2429,
05/07/2017,1.2274,
06/07/2017,1.2171,
07/07/2017,1.2067,
10/07/2017,1.2066,
11/07/2017,1.1963,
12/07/2017,1.1911,
13/07/2017,1.2014,
14/07/2017,1.1962,
17/07/2017,1.1961,
18/07/2017,1.191,
19/07/2017,1.2175,
20/07/2017,1.2072,
21/07/2017,1.2071,
24/07/2017,1.2174,
25/07/2017,1.2277,
26/07/2017,1.2173,
27/07/2017,1.2173,
28/07/2017,1.2069,
31/07/2017,1.212,
01/08/2017,1.2068,
02/08/2017,1.2119,
03/08/2017,1.2106,
04/08/2017,1.2183,
07/08/2017,1.2208,
08/08/2017,1.2221,
09/08/2017,1.2027,
10/08/2017,1.2014,
11/08/2017,1.1949,
14/08/2017,1.2052,
15/08/2017,1.227,
16/08/2017,1.2382,
17/08/2017,1.2227,
18/08/2017,1.2226,
21/08/2017,1.2148,
22/08/2017,1.2277,
23/08/2017,1.2173,
24/08/2017,1.2289,
25/08/2017,1.2249,
28/08/2017,1.2288,
29/08/2017,1.2158,
30/08/2017,1.2184,
31/08/2017,1.2171,
01/09/2017,1.2221,
04/09/2017,1.2221,
05/09/2017,1.2092,
06/09/2017,1.2272,
07/09/2017,1.2001,
08/09/2017,1.1975,
11/09/2017,1.2245,
12/09/2017,1.2206,
13/09/2017,1.264,
14/09/2017,1.2769,
15/09/2017,1.2897,
18/09/2017,1.2948,
19/09/2017,1.2922,
20/09/2017,1.2948,
21/09/2017,1.2999,
22/09/2017,1.2946,
25/09/2017,1.2843,
26/09/2017,1.292,
27/09/2017,1.3023,
28/09/2017,1.2868,
29/09/2017,1.2892,
02/10/2017,1.2866,
03/10/2017,1.2866,
04/10/2017,1.3098,
05/10/2017,1.333,
06/10/2017,1.3329,
09/10/2017,1.3329,
10/10/2017,1.3586,
11/10/2017,1.3985,
12/10/2017,1.3958,
13/10/2017,1.3879,
16/10/2017,1.4034,
17/10/2017,1.3982,
18/10/2017,1.4059,
19/10/2017,1.3955,
20/10/2017,1.4135,
23/10/2017,1.4031,
24/10/2017,1.4135,
25/10/2017,1.4134,
26/10/2017,1.4185,
27/10/2017,1.4055,
30/10/2017,1.408,
31/10/2017,1.4209,
01/11/2017,1.4312,
02/11/2017,1.4338,
03/11/2017,1.4569,
06/11/2017,1.4776,
07/11/2017,1.4879,
08/11/2017,1.5202,
09/11/2017,1.515,
10/11/2017,1.5278,
13/11/2017,1.5381,
14/11/2017,1.5458,
15/11/2017,1.538,
16/11/2017,1.5691,
17/11/2017,1.5793,
20/11/2017,1.5922,
21/11/2017,1.6025,
22/11/2017,1.5843,
23/11/2017,1.5843,
24/11/2017,1.5893,
27/11/2017,1.5945,
28/11/2017,1.5918,
29/11/2017,1.597,
30/11/2017,1.6073,
01/12/2017,1.6071,
04/12/2017,1.6408,
05/12/2017,1.6563,
06/12/2017,1.663,
07/12/2017,1.6655,
08/12/2017,1.6549,
11/12/2017,1.6705,
12/12/2017,1.6808,
13/12/2017,1.6626,
14/12/2017,1.6755,
15/12/2017,1.6831,
18/12/2017,1.6883,
19/12/2017,1.696,
20/12/2017,1.7063,
21/12/2017,1.7063,
22/12/2017,1.7138,
25/12/2017,1.7138,
26/12/2017,1.7164,
27/12/2017,1.7137,
28/12/2017,1.7318,
29/12/2017,1.7316,
01/01/2018,1.7316,
02/01/2018,1.7809,
03/01/2018,1.8034,
04/01/2018,1.8007,
05/01/2018,1.7927,
08/01/2018,1.7797,
09/01/2018,1.777,
10/01/2018,1.7665,
11/01/2018,1.7639,
12/01/2018,1.7714,
15/01/2018,1.7714,
16/01/2018,1.7739,
17/01/2018,1.7739,
18/01/2018,1.7608,
19/01/2018,1.7736,
22/01/2018,1.771,
23/01/2018,1.7553,
24/01/2018,1.7631,
25/01/2018,1.7682,
26/01/2018,1.7758,
29/01/2018,1.7731,
30/01/2018,1.7757,
31/01/2018,1.8816,
01/02/2018,1.8815,
02/02/2018,1.8656,
05/02/2018,1.8317,
06/02/2018,1.8551,
07/02/2018,1.8889,
08/02/2018,1.881,
09/02/2018,1.8756,
12/02/2018,1.9146,
13/02/2018,1.9301,
14/02/2018,1.9613,
15/02/2018,1.9769,
16/02/2018,1.9714,
19/02/2018,1.9714,
20/02/2018,1.9869,
21/02/2018,2.0025,
22/02/2018,1.9998,
23/02/2018,1.997,
26/02/2018,2.0047,
27/02/2018,2.0046,
28/02/2018,2.0564,
01/03/2018,2.0328,
02/03/2018,2.0378,
05/03/2018,2.0456,
06/03/2018,2.0481,
07/03/2018,2.0376,
08/03/2018,2.0323,
09/03/2018,2.019,
12/03/2018,2.0267,
13/03/2018,2.0266,
14/03/2018,2.0344,
15/03/2018,2.0447,
16/03/2018,2.0497,
19/03/2018,2.06,
20/03/2018,2.0574,
21/03/2018,2.0364,
22/03/2018,2.0259,
23/03/2018,2.0126,
26/03/2018,2.0282,
27/03/2018,2.0281,
28/03/2018,2.1061,
29/03/2018,2.0822,
30/03/2018,2.0822,
02/04/2018,2.0717,
03/04/2018,2.0768,
04/04/2018,2.0585,
05/04/2018,2.0662,
06/04/2018,2.0451,
09/04/2018,2.0554,
10/04/2018,2.0606,
11/04/2018,2.0579,
12/04/2018,2.0865,
13/04/2018,2.0915,
16/04/2018,2.0992,
17/04/2018,2.1278,
18/04/2018,2.1513,
19/04/2018,2.1773,
20/04/2018,2.1901,
23/04/2018,2.2057,
24/04/2018,2.2082,
25/04/2018,2.2475,
26/04/2018,2.2291,
27/04/2018,2.2288,
30/04/2018,2.2339,
01/05/2018,2.2443,
02/05/2018,2.2337,
03/05/2018,2.2231,
04/05/2018,2.2307,
07/05/2018,2.2332,
08/05/2018,2.2383,
09/05/2018,2.2461,
10/05/2018,2.2486,
11/05/2018,2.2483,
14/05/2018,2.2586,
15/05/2018,2.2742,
16/05/2018,2.2768,
17/05/2018,2.2871,
18/05/2018,2.2894,
21/05/2018,2.3129,
22/05/2018,2.2945,
23/05/2018,2.2806,
24/05/2018,2.2605,
25/05/2018,2.247,
28/05/2018,2.247,
29/05/2018,2.1631,
30/05/2018,2.2049,
31/05/2018,2.2231,
01/06/2018,2.2568,
04/06/2018,2.2803,
05/06/2018,2.2802,
06/06/2018,2.2958,
07/06/2018,2.2879,
08/06/2018,2.2823,
11/06/2018,2.2979,
12/06/2018,2.3083,
13/06/2018,2.316,
14/06/2018,2.3081,
15/06/2018,2.3025,
18/06/2018,2.3181,
19/06/2018,2.3102,
20/06/2018,2.3445,
21/06/2018,2.3208,
22/06/2018,2.3205,
25/06/2018,2.3204,
26/06/2018,2.3203,
27/06/2018,2.3123,
28/06/2018,2.3069,
29/06/2018,2.3119,
02/07/2018,2.317,
03/07/2018,2.3089,
04/07/2018,2.3089,
05/07/2018,2.3088,
06/07/2018,2.3033,
09/07/2018,2.3162,
10/07/2018,2.3188,
11/07/2018,2.3291,
12/07/2018,2.3421,
13/07/2018,2.3444,
16/07/2018,2.36,
17/07/2018,2.373,
18/07/2018,2.3997,
19/07/2018,2.3864,
20/07/2018,2.3887,
23/07/2018,2.3991,
24/07/2018,2.3937,
25/07/2018,2.3989,
26/07/2018,2.404,
27/07/2018,2.4036,
30/07/2018,2.4062,
31/07/2018,2.4087,
01/08/2018,2.4243,
02/08/2018,2.4137,
03/08/2018,2.4081,
06/08/2018,2.4132,
07/08/2018,2.421,
08/08/2018,2.4156,
09/08/2018,2.4129,
10/08/2018,2.3942,
13/08/2018,2.4045,
14/08/2018,2.4071,
15/08/2018,2.4365,
16/08/2018,2.439,
17/08/2018,2.4281,
20/08/2018,2.4175,
21/08/2018,2.4252,
22/08/2018,2.4172,
23/08/2018,2.4224,
24/08/2018,2.4246,
27/08/2018,2.435,
28/08/2018,2.4507,
29/08/2018,2.4584,
30/08/2018,2.4425,
31/08/2018,2.4473,
03/09/2018,2.4473,
04/09/2018,2.4708,
05/09/2018,2.4681,
06/09/2018,2.4679,
07/09/2018,2.5069,
10/09/2018,2.5121,
11/09/2018,2.5146,
12/09/2018,2.5417,
13/09/2018,2.5468,
14/09/2018,2.5543,
17/09/2018,2.5542,
18/09/2018,2.5672,
19/09/2018,2.5618,
20/09/2018,2.5669,
21/09/2018,2.5639,
24/09/2018,2.569,
25/09/2018,2.5742,
26/09/2018,2.5661,
27/09/2018,2.566,
28/09/2018,2.563,
01/10/2018,2.5734,
02/10/2018,2.5706,
03/10/2018,2.6046,
04/10/2018,2.6098,
05/10/2018,2.6066,
08/10/2018,2.6066,
09/10/2018,2.617,
10/10/2018,2.6497,
11/10/2018,2.6469,
12/10/2018,2.6465,
15/10/2018,2.6542,
16/10/2018,2.6488,
17/10/2018,2.6566,
18/10/2018,2.6512,
19/10/2018,2.6613,
22/10/2018,2.6585,
23/10/2018,2.6452,
24/10/2018,2.6187,
25/10/2018,2.637,
26/10/2018,2.6103,
29/10/2018,2.6312,
30/10/2018,2.639,
31/10/2018,2.6546,
01/11/2018,2.6492,
02/11/2018,2.6751,
05/11/2018,2.6723,
06/11/2018,2.6959,
07/11/2018,2.7368,
08/11/2018,2.734,
09/11/2018,2.7254,
12/11/2018,2.7254,
13/11/2018,2.7174,
14/11/2018,2.704,
15/11/2018,2.6854,
16/11/2018,2.6587,
19/11/2018,2.6532,
20/11/2018,2.6531,
21/11/2018,2.6555,
22/11/2018,2.6555,
23/11/2018,2.655,
26/11/2018,2.6681,
27/11/2018,2.6758,
28/11/2018,2.6704,
29/11/2018,2.6729,
30/11/2018,2.6777,
03/12/2018,2.6986,
04/12/2018,2.6931,
05/12/2018,2.6931,
06/12/2018,2.6944,
07/12/2018,2.6755,
10/12/2018,2.6806,
11/12/2018,2.6936,
12/12/2018,2.6909,
13/12/2018,2.6775,
14/12/2018,2.6666,
17/12/2018,2.6453,
18/12/2018,2.6241,
19/12/2018,2.6187,
20/12/2018,2.6291,
21/12/2018,2.6182,
24/12/2018,2.5811,
25/12/2018,2.5811,
26/12/2018,2.6046,
27/12/2018,2.5782,
28/12/2018,2.5778,
31/12/2018,2.596,
01/01/2019,2.596,
02/01/2019,2.5864,
03/01/2019,2.4942,
04/01/2019,2.5622,
07/01/2019,2.5752,
08/01/2019,2.6014,
09/01/2019,2.575,
10/01/2019,2.5854,
11/01/2019,2.5665,
14/01/2019,2.5664,
15/01/2019,2.5584,
16/01/2019,2.5582,
17/01/2019,2.5607,
18/01/2019,2.5786,
21/01/2019,2.5786,
22/01/2019,2.5864,
23/01/2019,2.5784,
24/01/2019,2.5703,
25/01/2019,2.5831,
28/01/2019,2.5908,
29/01/2019,2.5828,
30/01/2019,2.5706,
31/01/2019,2.5442,
01/02/2019,2.5569,
04/02/2019,2.5568,
05/02/2019,2.554,
06/02/2019,2.5486,
07/02/2019,2.5275,
08/02/2019,2.5245,
11/02/2019,2.5375,
12/02/2019,2.5373,
13/02/2019,2.5398,
14/02/2019,2.5239,
15/02/2019,2.5339,
18/02/2019,2.5339,
19/02/2019,2.5338,
20/02/2019,2.5311,
21/02/2019,2.5388,
22/02/2019,2.5332,
25/02/2019,2.5383,
26/02/2019,2.5277,
27/02/2019,2.5338,
28/02/2019,2.5363,
01/03/2019,2.5438,
04/03/2019,2.5279,
05/03/2019,2.533,
06/03/2019,2.5302,
07/03/2019,2.5196,
08/03/2019,2.5192,
11/03/2019,2.5243,
12/03/2019,2.5137,
13/03/2019,2.5162,
14/03/2019,2.5134,
15/03/2019,2.5104,
18/03/2019,2.5077,
19/03/2019,2.4944,
20/03/2019,2.4628,
21/03/2019,2.4732,
22/03/2019,2.4414,
25/03/2019,2.4098,
26/03/2019,2.4202,
27/03/2019,2.3878,
28/03/2019,2.393,
29/03/2019,2.3874,
01/04/2019,2.4109,
02/04/2019,2.395,
03/04/2019,2.4054,
04/04/2019,2.4001,
05/04/2019,2.4155,
08/04/2019,2.418,
09/04/2019,2.4179,
10/04/2019,2.4046,
11/04/2019,2.4098,
12/04/2019,2.4226,
15/04/2019,2.4225,
16/04/2019,2.4381,
17/04/2019,2.4406,
18/04/2019,2.4349,
19/04/2019,2.4349,
22/04/2019,2.4479,
23/04/2019,2.4268,
24/04/2019,2.4142,
25/04/2019,2.4167,
26/04/2019,2.4005,
29/04/2019,2.403,
30/04/2019,2.374,
01/05/2019,2.3817,
02/05/2019,2.4001,
03/05/2019,2.3918,
06/05/2019,2.3812,
07/05/2019,2.3679,
08/05/2019,2.3783,
09/05/2019,2.3598,
10/05/2019,2.3621,
13/05/2019,2.3173,
14/05/2019,2.3172,
15/05/2019,2.304,
16/05/2019,2.3249,
17/05/2019,2.3246,
20/05/2019,2.335,
21/05/2019,2.3611,
22/05/2019,2.3562,
23/05/2019,2.3114,
24/05/2019,2.3215,
27/05/2019,2.3215,
28/05/2019,2.3056,
29/05/2019,2.3002,
30/05/2019,2.2922,
31/05/2019,2.2,
03/06/2019,2.1134,
04/06/2019,2.1186,
05/06/2019,2.0399,
06/06/2019,2.0346,
07/06/2019,1.969,
10/06/2019,2.0212,
11/06/2019,2.0551,
12/06/2019,2.0132,
13/06/2019,1.9975,
14/06/2019,2.0077,
17/06/2019,2.0442,
18/06/2019,2.0729,
19/06/2019,1.9338,
20/06/2019,1.9259,
21/06/2019,1.9283,
24/06/2019,1.9177,
25/06/2019,1.9307,
26/06/2019,1.962,
27/06/2019,1.9384,
28/06/2019,1.9251,
01/07/2019,1.9303,
02/07/2019,1.9145,
03/07/2019,1.9118,
04/07/2019,1.9118,
05/07/2019,1.9664,
08/07/2019,1.9951,
09/07/2019,2.0107,
10/07/2019,1.9322,
11/07/2019,1.9583,
12/07/2019,1.9554,
15/07/2019,1.9553,
16/07/2019,1.984,
17/07/2019,1.9312,
18/07/2019,1.8788,
19/07/2019,1.9309,
22/07/2019,1.9413,
23/07/2019,1.9647,
24/07/2019,1.9673,
25/07/2019,1.9855,
26/07/2019,1.9852,
29/07/2019,1.9826,
30/07/2019,1.9772,
31/07/2019,1.985,
01/08/2019,1.8987,
02/08/2019,1.8411,
05/08/2019,1.7784,
06/08/2019,1.8018,
07/08/2019,1.7679,
08/08/2019,1.7756,
09/08/2019,1.7859,
12/08/2019,1.7572,
13/08/2019,1.8535,
14/08/2019,1.777,
15/08/2019,1.7013,
16/08/2019,1.7038,
19/08/2019,1.7428,
20/08/2019,1.7193,
21/08/2019,1.7714,
22/08/2019,1.7869,
23/08/2019,1.7216,
26/08/2019,1.745,
27/08/2019,1.7475,
28/08/2019,1.7344,
29/08/2019,1.7526,
30/08/2019,1.7628,
02/09/2019,1.7628,
03/09/2019,1.7315,
04/09/2019,1.6846,
05/09/2019,1.7444,
06/09/2019,1.7364,
09/09/2019,1.7598,
10/09/2019,1.8092,
11/09/2019,1.7849,
12/09/2019,1.8187,
13/09/2019,1.8655,
16/09/2019,1.8576,
17/09/2019,1.8367,
18/09/2019,1.8549,
19/09/2019,1.8757,
20/09/2019,1.8181,
23/09/2019,1.8023,
24/09/2019,1.7814,
25/09/2019,1.8048,
26/09/2019,1.7709,
27/09/2019,1.7524,
30/09/2019,1.7446,
01/10/2019,1.7028,
02/10/2019,1.6637,
03/10/2019,1.5857,
04/10/2019,1.5803,
07/10/2019,1.6401,
08/10/2019,1.5958,
09/10/2019,1.5842,
10/10/2019,1.6206,
11/10/2019,1.636,
14/10/2019,1.636,
15/10/2019,1.6255,
16/10/2019,1.5812,
17/10/2019,1.576,
18/10/2019,1.5654,
21/10/2019,1.5758,
22/10/2019,1.5731,
23/10/2019,1.5757,
24/10/2019,1.5808,
25/10/2019,1.5859,
28/10/2019,1.5936,
29/10/2019,1.5754,
30/10/2019,1.5468,
31/10/2019,1.4948,
01/11/2019,1.518,
04/11/2019,1.5439,
05/11/2019,1.5906,
06/11/2019,1.5712,
07/11/2019,1.5789,
08/11/2019,1.5735,
11/11/2019,1.5735,
12/11/2019,1.5761,
13/11/2019,1.5604,
14/11/2019,1.5422,
15/11/2019,1.5342,
18/11/2019,1.5342,
19/11/2019,1.5316,
20/11/2019,1.5237,
21/11/2019,1.5393,
22/11/2019,1.5573,
25/11/2019,1.5676,
26/11/2019,1.578,
27/11/2019,1.5831,
28/11/2019,1.5831,
29/11/2019,1.5855,
02/12/2019,1.5777,
03/12/2019,1.5465,
04/12/2019,1.553,
05/12/2019,1.5477,
06/12/2019,1.545,
09/12/2019,1.5449,
10/12/2019,1.5501,
11/12/2019,1.5318,
12/12/2019,1.5474,
13/12/2019,1.5161,
16/12/2019,1.5108,
17/12/2019,1.5134,
18/12/2019,1.5133,
19/12/2019,1.5081,
20/12/2019,1.5105,
23/12/2019,1.5261,
24/12/2019,1.5156,
25/12/2019,1.5156,
26/12/2019,1.5156,
27/12/2019,1.4921,
30/12/2019,1.4842,
31/12/2019,1.566,
01/01/2020,1.566,
02/01/2020,1.5581,
03/01/2020,1.5242,
06/01/2020,1.5293,
07/01/2020,1.5059,
08/01/2020,1.5266,
09/01/2020,1.524,
10/01/2020,1.5187,
13/01/2020,1.5186,
14/01/2020,1.516,
15/01/2020,1.5393,
16/01/2020,1.5341,
17/01/2020,1.5469,
20/01/2020,1.5469,
21/01/2020,1.5312,
22/01/2020,1.5364,
23/01/2020,1.5363,
24/01/2020,1.5206,
27/01/2020,1.5206,
28/01/2020,1.5309,
29/01/2020,1.488,
30/01/2020,1.4671,
31/01/2020,1.4229,
03/02/2020,1.441,
04/02/2020,1.4747,
05/02/2020,1.4773,
06/02/2020,1.4876,
07/02/2020,1.4719,
10/02/2020,1.4615,
11/02/2020,1.4718,
12/02/2020,1.4822,
13/02/2020,1.4769,
14/02/2020,1.469,
17/02/2020,1.469,
18/02/2020,1.4585,
19/02/2020,1.4663,
20/02/2020,1.4507,
21/02/2020,1.4194,
24/02/2020,1.3417,
25/02/2020,1.3184,
26/02/2020,1.2519,
27/02/2020,1.1432,
28/02/2020,1.0089,
02/03/2020,0.9186,
03/03/2020,0.6974,
04/03/2020,0.5974,
05/03/2020,0.4795,
06/03/2020,0.3823,
09/03/2020,0.3108,
10/03/2020,0.4053,
11/03/2020,0.3542,
12/03/2020,0.3542,
13/03/2020,0.3184,
16/03/2020,0.2368,
17/03/2020,0.2546,
18/03/2020,0.1654,
19/03/2020,0.1119,
20/03/2020,0.0839,
23/03/2020,0.1119,
24/03/2020,0.1832,
25/03/2020,0.17,
26/03/2020,0.1192,
27/03/2020,0.0913,
30/03/2020,0.1218,
31/03/2020,0.1548,
01/04/2020,0.1167,
02/04/2020,0.1319,
03/04/2020,0.1294,
06/04/2020,0.1523,
07/04/2020,0.1624,
08/04/2020,0.198,
09/04/2020,0.198,
10/04/2020,0.198,
13/04/2020,0.2183,
14/04/2020,0.2107,
15/04/2020,0.1522,
16/04/2020,0.1446,
17/04/2020,0.1446,
20/04/2020,0.1167,
21/04/2020,0.1116,
22/04/2020,0.1599,
23/04/2020,0.1599,
24/04/2020,0.1472,
27/04/2020,0.165,
28/04/2020,0.1396,
29/04/2020,0.1396,
30/04/2020,0.1421,
01/05/2020,0.1599,
04/05/2020,0.1421,
05/05/2020,0.1294,
06/05/2020,0.1421,
07/05/2020,0.1294,
08/05/2020,0.1269,
11/05/2020,0.1446,
12/05/2020,0.1395,
13/05/2020,0.1294,
14/05/2020,0.1345,
15/05/2020,0.1395,
18/05/2020,0.1497,
19/05/2020,0.1421,
20/05/2020,0.1523,
21/05/2020,0.1523,
22/05/2020,0.1497,
25/05/2020,0.1497,
26/05/2020,0.1624,
27/05/2020,0.1751,
28/05/2020,0.1624,
29/05/2020,0.1573,
01/06/2020,0.1599,
02/06/2020,0.1548,
03/06/2020,0.1624,
04/06/2020,0.1573,
05/06/2020,0.1599,
08/06/2020,0.1751,
09/06/2020,0.1726,
10/06/2020,0.1751,
11/06/2020,0.1802,
12/06/2020,0.1751,
15/06/2020,0.1649,
16/06/2020,0.1776,
17/06/2020,0.1777,
18/06/2020,0.1777,
19/06/2020,0.1675,
22/06/2020,0.1675,
23/06/2020,0.1726,
24/06/2020,0.165,
25/06/2020,0.165,
26/06/2020,0.1523,
29/06/2020,0.1472,
30/06/2020,0.1497,
01/07/2020,0.1472,
02/07/2020,0.1446,
03/07/2020,0.1446,
06/07/2020,0.1522,
07/07/2020,0.1421,
08/07/2020,0.1446,
09/07/2020,0.137,
10/07/2020,0.137,
13/07/2020,0.1472,
14/07/2020,0.1472,
15/07/2020,0.1421,
16/07/2020,0.137,
17/07/2020,0.137,
20/07/2020,0.137,
21/07/2020,0.137,
22/07/2020,0.1345,
23/07/2020,0.1345,
24/07/2020,0.1319,
27/07/2020,0.137,
28/07/2020,0.1192,
29/07/2020,0.1192,
30/07/2020,0.1091,
31/07/2020,0.1065,
03/08/2020,0.1116,
04/08/2020,0.1116,
05/08/2020,0.1192,
06/08/2020,0.1192,
07/08/2020,0.1243,
10/08/2020,0.1319,
11/08/2020,0.1345,
12/08/2020,0.1319,
13/08/2020,0.1345,
14/08/2020,0.1294,
17/08/2020,0.1243,
18/08/2020,0.1218,
19/08/2020,0.1218,
20/08/2020,0.1091,
21/08/2020,0.1192,
24/08/2020,0.1218,
25/08/2020,0.1218,
26/08/2020,0.1192,
27/08/2020,0.1192,
28/08/2020,0.1091,
31/08/2020,0.1116,
01/09/2020,0.1167,
02/09/2020,0.1116,
03/09/2020,0.1116,
04/09/2020,0.1192,
07/09/2020,0.1192,
08/09/2020,0.1268,
09/09/2020,0.1345,
10/09/2020,0.1319,
11/09/2020,0.1294,
14/09/2020,0.1294,
15/09/2020,0.1243,
16/09/2020,0.1192,
17/09/2020,0.1142,
18/09/2020,0.1167,
21/09/2020,0.1142,
22/09/2020,0.1167,
23/09/2020,0.1142,
24/09/2020,0.1116,
25/09/2020,0.1116,
28/09/2020,0.1091,
29/09/2020,0.1065,
30/09/2020,0.1167,
01/10/2020,0.1116,
02/10/2020,0.1116,
05/10/2020,0.1218,
06/10/2020,0.1192,
07/10/2020,0.1269,
08/10/2020,0.1269,
09/10/2020,0.1269,
12/10/2020,0.1269,
13/10/2020,0.1269,
14/10/2020,0.1218,
15/10/2020,0.1192,
16/10/2020,0.1192,
19/10/2020,0.1192,
20/10/2020,0.1192,
21/10/2020,0.1218,
22/10/2020,0.1192,
23/10/2020,0.1167,
26/10/2020,0.1192,
27/10/2020,0.1167,
28/10/2020,0.1142,
29/10/2020,0.1167,
30/10/2020,0.1167,
02/11/2020,0.1167,
03/11/2020,0.1167,
04/11/2020,0.1192,
05/11/2020,0.1167,
06/11/2020,0.1167,
09/11/2020,0.1218,
10/11/2020,0.1142,
11/11/2020,0.1142,
12/11/2020,0.1142,
13/11/2020,0.1167,
16/11/2020,0.1065,
17/11/2020,0.1065,
18/11/2020,0.0989,
19/11/2020,0.0964,
20/11/2020,0.0964,
23/11/2020,0.0938,
24/11/2020,0.0964,
25/11/2020,0.0989,
26/11/2020,0.0989,
27/11/2020,0.0913,
30/11/2020,0.1065,
01/12/2020,0.1015,
02/12/2020,0.1065,
03/12/2020,0.0989,
04/12/2020,0.0989,
07/12/2020,0.0989,
08/12/2020,0.0964,
09/12/2020,0.0964,
10/12/2020,0.0913,
11/12/2020,0.0812,
14/12/2020,0.0812,
15/12/2020,0.0837,
16/12/2020,0.0812,
17/12/2020,0.0837,
18/12/2020,0.0837,
21/12/2020,0.0862,
22/12/2020,0.0837,
23/12/2020,0.0812,
24/12/2020,0.0862,
25/12/2020,0.0862,
28/12/2020,0.0964,
29/12/2020,0.0938,
30/12/2020,0.1015,
31/12/2020,0.104,
01/01/2021,0.104,
04/01/2021,0.0964,
05/01/2021,0.0938,
06/01/2021,0.1015,
07/01/2021,0.104,
08/01/2021,0.0964,
11/01/2021,0.0989,
12/01/2021,0.0938,
13/01/2021,0.0938,
14/01/2021,0.0964,
15/01/2021,0.0913,
18/01/2021,0.0913,
19/01/2021,0.0938,
20/01/2021,0.0913,
21/01/2021,0.0938,
22/01/2021,0.0913,
25/01/2021,0.0888,
26/01/2021,0.0837,
27/01/2021,0.0837,
28/01/2021,0.0837,
29/01/2021,0.0761,
01/02/2021,0.0761,
02/02/2021,0.071,
03/02/2021,0.0735,
04/02/2021,0.0659,
05/02/2021,0.0507,
08/02/2021,0.0659,
09/02/2021,0.0659,
10/02/2021,0.0659,
11/02/2021,0.0659,
12/02/2021,0.0609,
15/02/2021,0.0609,
16/02/2021,0.0659,
17/02/2021,0.0609,
18/02/2021,0.0406,
19/02/2021,0.0482,
22/02/2021,0.0507,
23/02/2021,0.0583,
24/02/2021,0.071,
25/02/2021,0.0761,
26/02/2021,0.0659,
01/03/2021,0.0659,
02/03/2021,0.071,
03/03/2021,0.0735,
04/03/2021,0.0735,
05/03/2021,0.0735,
08/03/2021,0.0761,
09/03/2021,0.0812,
10/03/2021,0.0735,
11/03/2021,0.0761,
12/03/2021,0.0609,
15/03/2021,0.0634,
16/03/2021,0.0685,
17/03/2021,0.0609,
18/03/2021,0.0634,
19/03/2021,0.0558,
22/03/2021,0.0583,
23/03/2021,0.0532,
24/03/2021,0.0558,
25/03/2021,0.0634,
26/03/2021,0.0609,
29/03/2021,0.0558,
30/03/2021,0.0533,
31/03/2021,0.0558,
01/04/2021,0.0609,
02/04/2021,0.0583,
05/04/2021,0.0583,
06/04/2021,0.0507,
07/04/2021,0.0456,
08/04/2021,0.0507,
09/04/2021,0.0558,
12/04/2021,0.0634,
13/04/2021,0.0558,
14/04/2021,0.0507,
15/04/2021,0.0532,
16/04/2021,0.0558,
19/04/2021,0.0558,
20/04/2021,0.0456,
21/04/2021,0.0558,
22/04/2021,0.0533,
23/04/2021,0.0558,
26/04/2021,0.0558,
27/04/2021,0.0507,
28/04/2021,0.0456,
29/04/2021,0.0456,
30/04/2021,0.0482,
03/05/2021,0.0507,
04/05/2021,0.0507,
05/05/2021,0.0482,
06/05/2021,0.0456,
07/05/2021,0.0406,
10/05/2021,0.0406,
11/05/2021,0.033,
12/05/2021,0.0406,
13/05/2021,0.0355,
14/05/2021,0.0406,
17/05/2021,0.0406,
18/05/2021,0.038,
19/05/2021,0.0431,
20/05/2021,0.0355,
21/05/2021,0.0355,
24/05/2021,0.0355,
25/05/2021,0.038,
26/05/2021,0.0355,
27/05/2021,0.033,
28/05/2021,0.033,
31/05/2021,0.033,
01/06/2021,0.0406,
02/06/2021,0.0355,
03/06/2021,0.038,
04/06/2021,0.038,
07/06/2021,0.0456,
08/06/2021,0.0406,
09/06/2021,0.0406,
10/06/2021,0.0406,
11/06/2021,0.0456,
14/06/2021,0.0456,
15/06/2021,0.0558,
16/06/2021,0.071,
17/06/2021,0.0685,
18/06/2021,0.0761,
21/06/2021,0.0812,
22/06/2021,0.0761,
23/06/2021,0.0761,
24/06/2021,0.0761,
25/06/2021,0.0761,
28/06/2021,0.071,
29/06/2021,0.0659,
30/06/2021,0.0659,
01/07/2021,0.0659,
02/07/2021,0.0583,
05/07/2021,0.0583,
06/07/2021,0.0634,
07/07/2021,0.0609,
08/07/2021,0.0609,
09/07/2021,0.0609,
12/07/2021,0.0659,
13/07/2021,0.0659,
14/07/2021,0.071,
15/07/2021,0.071,
16/07/2021,0.071,
19/07/2021,0.071,
20/07/2021,0.0659,
21/07/2021,0.0685,
22/07/2021,0.0609,
23/07/2021,0.0659,
26/07/2021,0.0659,
27/07/2021,0.0634,
28/07/2021,0.0609,
29/07/2021,0.0609,
30/07/2021,0.0634,
02/08/2021,0.0583,
03/08/2021,0.0583,
04/08/2021,0.0609,
05/08/2021,0.0685,
06/08/2021,0.0659,
09/08/2021,0.071,
10/08/2021,0.071,
11/08/2021,0.0735,
12/08/2021,0.0735,
13/08/2021,0.071,
16/08/2021,0.0685,
17/08/2021,0.0659,
18/08/2021,0.0634,
19/08/2021,0.0609,
20/08/2021,0.0583,
23/08/2021,0.0583,
24/08/2021,0.0583,
25/08/2021,0.0609,
26/08/2021,0.0609,
27/08/2021,0.0609,
30/08/2021,0.0583,
31/08/2021,0.0634,
01/09/2021,0.0634,
02/09/2021,0.0609,
03/09/2021,0.0609,
06/09/2021,0.0609,
07/09/2021,0.0558,
08/09/2021,0.0685,
09/09/2021,0.0659,
10/09/2021,0.0659,
13/09/2021,0.0659,
14/09/2021,0.0659,
15/09/2021,0.0659,
16/09/2021,0.0659,
17/09/2021,0.0634,
20/09/2021,0.0634,
21/09/2021,0.0634,
22/09/2021,0.071,
23/09/2021,0.071,
24/09/2021,0.071,
27/09/2021,0.071,
28/09/2021,0.0735,
29/09/2021,0.0685,
30/09/2021,0.0685,
01/10/2021,0.0735,
04/10/2021,0.0735,
05/10/2021,0.0761,
06/10/2021,0.0862,
07/10/2021,0.0913,
08/10/2021,0.0888,
11/10/2021,0.0888,
12/10/2021,0.0913,
13/10/2021,0.0938,
14/10/2021,0.0938,
15/10/2021,0.0964,
18/10/2021,0.0964,
19/10/2021,0.0938,
20/10/2021,0.0862,
21/10/2021,0.104,
22/10/2021,0.1091,
25/10/2021,0.1116,
26/10/2021,0.1116,
27/10/2021,0.1091,
28/10/2021,0.1065,
29/10/2021,0.1192,
01/11/2021,0.1142,
02/11/2021,0.1167,
03/11/2021,0.1548,
04/11/2021,0.1421,
05/11/2021,0.1269,
08/11/2021,0.1319,
09/11/2021,0.1269,
10/11/2021,0.1523,
11/11/2021,0.1523,
12/11/2021,0.1548,
15/11/2021,0.1523,
16/11/2021,0.1523,
17/11/2021,0.1523,
18/11/2021,0.1446,
19/11/2021,0.1472,
22/11/2021,0.1777,
23/11/2021,0.1777,
24/11/2021,0.2082,
25/11/2021,0.2082,
26/11/2021,0.1548,
29/11/2021,0.1802,
30/11/2021,0.2183,
01/12/2021,0.2361,
02/12/2021,0.2514,
03/12/2021,0.2489,
06/12/2021,0.2641,
07/12/2021,0.2921,
08/12/2021,0.2743,
09/12/2021,0.2616,
10/12/2021,0.2514,
13/12/2021,0.2387,
14/12/2021,0.2387,
15/12/2021,0.2514,
16/12/2021,0.2361,
17/12/2021,0.2438,
20/12/2021,0.2438,
21/12/2021,0.2514,
22/12/2021,0.2539,
23/12/2021,0.2666,
24/12/2021,0.2666,
27/12/2021,0.2768,
28/12/2021,0.2768,
29/12/2021,0.3762,
30/12/2021,0.3609,
31/12/2021,0.3762,
03/01/2022,0.3838,
04/01/2022,0.366,
05/01/2022,0.3915,
06/01/2022,0.4119,
07/01/2022,0.4093,
10/01/2022,0.4246,
11/01/2022,0.4348,
12/01/2022,0.445,
13/01/2022,0.4399,
14/01/2022,0.4756,
17/01/2022,0.4756,
18/01/2022,0.542,
19/01/2022,0.5343,
20/01/2022,0.5394,
21/01/2022,0.547,
24/01/2022,0.5496,
25/01/2022,0.5879,
26/01/2022,0.6956,
27/01/2022,0.7443,
28/01/2022,0.734,
31/01/2022,0.7724,
01/02/2022,0.7647,
02/02/2022,0.7237,
03/02/2022,0.7544,
04/02/2022,0.8621,
07/02/2022,0.8313,
08/02/2022,0.8698,
09/02/2022,0.8826,
10/02/2022,1.0805,
11/02/2022,1.011,
14/02/2022,1.0444,
15/02/2022,1.0367,
16/02/2022,0.9955,
17/02/2022,0.9775,
18/02/2022,0.9569,
21/02/2022,0.9569,
22/02/2022,1.0134,
23/02/2022,1.1324,
24/02/2022,1.0551,
25/02/2022,1.0859,
28/02/2022,0.9752,
01/03/2022,0.8776,
02/03/2022,1.0035,
03/03/2022,1.0266,
04/03/2022,0.9905,
07/03/2022,1.0214,
08/03/2022,1.0522,
09/03/2022,1.096,
10/03/2022,1.1063,
11/03/2022,1.0907,
14/03/2022,1.2092,
15/03/2022,1.1937,
16/03/2022,1.1989,
17/03/2022,1.1911,
18/03/2022,1.1755,
21/03/2022,1.2477,
22/03/2022,1.3147,
23/03/2022,1.4839,
24/03/2022,1.5409,
25/03/2022,1.629,
28/03/2022,1.6627,
29/03/2022,1.647,
30/03/2022,1.5951,
31/03/2022,1.595,
01/04/2022,1.6649,
04/04/2022,1.6675,
05/04/2022,1.7168,
06/04/2022,1.7245,
07/04/2022,1.6933,
08/04/2022,1.7347,
11/04/2022,1.7528,
12/04/2022,1.6567,
13/04/2022,1.6566,
14/04/2022,1.6979,
15/04/2022,1.6979,
18/04/2022,1.7342,
19/04/2022,1.8017,
20/04/2022,1.905,
21/04/2022,1.9806,
22/04/2022,2.0195,
25/04/2022,2.0038,
26/04/2022,1.9072,
27/04/2022,1.9332,
28/04/2022,1.9722,
29/04/2022,2.0581,
02/05/2022,2.0476,
03/05/2022,2.0971,
04/05/2022,1.9692,
05/05/2022,2.0056,
06/05/2022,1.9715,
09/05/2022,1.8906,
10/05/2022,1.8906,
11/05/2022,1.9009,
12/05/2022,1.8748,
13/05/2022,1.872,
16/05/2022,1.9787,
17/05/2022,2.0229,
18/05/2022,2.0046,
19/05/2022,2.0747,
20/05/2022,2.0274,
23/05/2022,2.0586,
24/05/2022,1.9698,
25/05/2022,1.9671,
26/05/2022,1.954,
27/05/2022,1.9589,
30/05/2022,1.9589,
31/05/2022,2.0501,
01/06/2022,2.0944,
02/06/2022,2.0995,
03/06/2022,2.1254,
06/06/2022,2.175,
07/06/2022,2.1853,
08/06/2022,2.2271,
09/06/2022,2.2583,
10/06/2022,2.4492,
13/06/2022,2.9411,
14/06/2022,2.9673,
15/06/2022,2.8609,
16/06/2022,2.7841,
17/06/2022,2.8046,
20/06/2022,2.8046,
21/06/2022,2.8494,
22/06/2022,2.733,
23/06/2022,2.7171,
24/06/2022,2.7483,
27/06/2022,2.8193,
28/06/2022,2.7902,
29/06/2022,2.7847,
30/06/2022,2.7424,
01/07/2022,2.6602,
04/07/2022,2.6602,
05/07/2022,2.66,
06/07/2022,2.7283,
07/07/2022,2.8072,
08/07/2022,2.87,
11/07/2022,2.9253,
12/07/2022,2.9198,
13/07/2022,3.1259,
14/07/2022,3.1018,
15/07/2022,3.0217,
18/07/2022,3.0772,
19/07/2022,3.1513,
20/07/2022,3.1537,
21/07/2022,3.0607,
22/07/2022,2.9569,
25/07/2022,2.9938,
26/07/2022,3.02,
27/07/2022,2.9352,
28/07/2022,2.8849,
29/07/2022,2.887,
01/08/2022,2.9159,
02/08/2022,3.0135,
03/08/2022,3.045,
04/08/2022,3.0634,
05/08/2022,3.2137,
08/08/2022,3.2321,
09/08/2022,3.2451,
10/08/2022,3.2189,
11/08/2022,3.232,
12/08/2022,3.2367,
15/08/2022,3.2152,
16/08/2022,3.2549,
17/08/2022,3.252,
18/08/2022,3.1748,
19/08/2022,3.206,
22/08/2022,3.2722,
23/08/2022,3.2693,
24/08/2022,3.3169,
25/08/2022,3.2981,
26/08/2022,3.2895,
29/08/2022,3.3849,
30/08/2022,3.4378,
31/08/2022,3.4828,
01/09/2022,3.4693,
02/09/2022,3.4125,
05/09/2022,3.4125,
06/09/2022,3.508,
07/09/2022,3.5708,
08/09/2022,3.5785,
09/09/2022,3.5991,
12/09/2022,3.6309,
13/09/2022,3.8394,
14/09/2022,3.9062,
15/09/2022,3.9622,
16/09/2022,3.9264,
19/09/2022,4.0093,
20/09/2022,4.0009,
21/09/2022,4.0328,
22/09/2022,4.0002,
23/09/2022,4.061,
26/09/2022,4.1117,
27/09/2022,4.0603,
28/09/2022,3.9287,
29/09/2022,3.915,
30/09/2022,3.9328,
03/10/2022,3.9459,
04/10/2022,3.9028,
05/10/2022,4.1047,
06/10/2022,4.1798,
07/10/2022,4.2188,
10/10/2022,4.2188,
11/10/2022,4.2481,
12/10/2022,4.2289,
13/10/2022,4.4282,
14/10/2022,4.4594,
17/10/2022,4.4482,
18/10/2022,4.4829,
19/10/2022,4.5826,
20/10/2022,4.5984,
21/10/2022,4.5052,
24/10/2022,4.5561,
25/10/2022,4.553,
26/10/2022,4.5094,
27/10/2022,4.42,
28/10/2022,4.5294,
31/10/2022,4.6019,
01/11/2022,4.6258,
02/11/2022,4.6945,
03/11/2022,4.7565,
04/11/2022,4.7089,
07/11/2022,4.7383,
08/11/2022,4.7134,
09/11/2022,4.6587,
10/11/2022,4.5487,
11/11/2022,4.5487,
14/11/2022,4.5672,
15/11/2022,4.5424,
16/11/2022,4.5853,
17/11/2022,4.6661,
18/11/2022,4.6918,
21/11/2022,4.732,
22/11/2022,4.7614,
23/11/2022,4.7198,
24/11/2022,4.7198,
25/11/2022,4.7158,
28/11/2022,4.7289,
29/11/2022,4.7258,
30/11/2022,4.6863,
01/12/2022,4.6153,
02/12/2022,4.6275,
05/12/2022,4.7193,
06/12/2022,4.7026,
07/12/2022,4.6343,
08/12/2022,4.6474,
09/12/2022,4.6759,
12/12/2022,4.7053,
13/12/2022,4.5938,
14/12/2022,4.5799,
15/12/2022,4.593,
16/12/2022,4.562,
19/12/2022,4.5751,
20/12/2022,4.6071,
21/12/2022,4.5688,
22/12/2022,4.5846,
23/12/2022,4.6262,
26/12/2022,4.6262,
27/12/2022,4.6636,
28/12/2022,4.6564,
29/12/2022,4.656,
30/12/2022,4.6868,
02/01/2023,4.6868,
03/01/2023,4.67,
04/01/2023,4.6506,
05/01/2023,4.7533,
06/01/2023,4.6705,
09/01/2023,4.662,
10/01/2023,4.694,
11/01/2023,4.7071,
12/01/2023,4.6444,
13/01/2023,4.6616,
16/01/2023,4.6616,
17/01/2023,4.6612,
18/01/2023,4.6175,
19/01/2023,4.6522,
20/01/2023,4.6482,
23/01/2023,4.6829,
24/01/2023,4.6528,
25/01/2023,4.6293,
26/01/2023,4.656,
27/01/2023,4.6438,
30/01/2023,4.6759,
31/01/2023,4.6538,
01/02/2023,4.6343,
02/02/2023,4.5932,
03/02/2023,4.7329,
06/02/2023,4.8437,
07/02/2023,4.827,
08/02/2023,4.8129,
09/02/2023,4.8505,
10/02/2023,4.868,
13/02/2023,4.8839,
14/02/2023,4.9513,
15/02/2023,4.9508,
16/02/2023,4.9666,
17/02/2023,4.9701,
20/02/2023,4.9701,
21/02/2023,4.9994,
22/02/2023,5.0349,
23/02/2023,5.0126,
24/02/2023,4.9946,
27/02/2023,4.9969,
28/02/2023,4.9773,
01/03/2023,5.0176,
02/03/2023,4.9844,
03/03/2023,4.9965,
06/03/2023,5.0423,
07/03/2023,5.1945,
08/03/2023,5.2131,
09/03/2023,5.1062,
10/03/2023,4.8111,
13/03/2023,4.1466,
14/03/2023,4.4397,
15/03/2023,4.0037,
16/03/2023,4.4254,
17/03/2023,4.1338,
20/03/2023,4.3108,
21/03/2023,4.5502,
22/03/2023,4.4408,
23/03/2023,4.3212,
24/03/2023,4.2226,
27/03/2023,4.4551,
28/03/2023,4.5171,
29/03/2023,4.4923,
30/03/2023,4.5841,
31/03/2023,4.591,
03/04/2023,4.5553,
04/04/2023,4.4465,
05/04/2023,4.4109,
06/04/2023,4.458,
07/04/2023,4.5605,
10/04/2023,4.6391,
11/04/2023,4.6468,
12/04/2023,4.6356,
13/04/2023,4.6324,
14/04/2023,4.745,
17/04/2023,4.8016,
18/04/2023,4.7957,
19/04/2023,4.7891,
20/04/2023,4.715,
21/04/2023,4.7246,
24/04/2023,4.686,
25/04/2023,4.6203,
26/04/2023,4.6552,
27/04/2023,4.7608,
28/04/2023,4.7404,
01/05/2023,4.8516,
02/05/2023,4.7314,
03/05/2023,4.6304,
04/05/2023,4.6218,
05/05/2023,4.7237,
08/05/2023,4.7803,
09/05/2023,4.8233,
10/05/2023,4.6708,
11/05/2023,4.7192,
12/05/2023,4.7342,
15/05/2023,4.7473,
16/05/2023,4.8799,
17/05/2023,4.8901,
18/05/2023,4.9825,
19/05/2023,4.9783,
22/05/2023,5.0488,
23/05/2023,5.0538,
24/05/2023,5.1025,
25/05/2023,5.2307,
26/05/2023,5.223,
29/05/2023,5.223,
30/05/2023,5.1951,
31/05/2023,5.1726,
01/06/2023,5.0983,
02/06/2023,5.2252,
05/06/2023,5.1563,
06/06/2023,5.1694,
07/06/2023,5.1389,
08/06/2023,5.1302,
09/06/2023,5.1832,
12/06/2023,5.1881,
13/06/2023,5.2067,
14/06/2023,5.2269,
15/06/2023,5.177,
16/06/2023,5.2131,
19/06/2023,5.2131,
20/06/2023,5.2071,
21/06/2023,5.2367,
22/06/2023,5.2608,
23/06/2023,5.229,
26/06/2023,5.2531,
27/06/2023,5.3046,
28/06/2023,5.3205,
29/06/2023,5.383,
30/06/2023,5.3922,
03/07/2023,5.3965,
04/07/2023,5.3965,
05/07/2023,5.3823,
06/07/2023,5.4091,
07/07/2023,5.3827,
10/07/2023,5.3685,
11/07/2023,5.3898,
12/07/2023,5.3258,
13/07/2023,5.2373,
14/07/2023,5.2658,
17/07/2023,5.3147,
18/07/2023,5.3086,
19/07/2023,5.2806,
20/07/2023,5.3047,
21/07/2023,5.2838,
24/07/2023,5.3436,
25/07/2023,5.3732,
26/07/2023,5.3534,
27/07/2023,5.3638,
28/07/2023,5.362,
31/07/2023,5.3779,
01/08/2023,5.3746,
02/08/2023,5.3549,
03/08/2023,5.368,
04/08/2023,5.287,
07/08/2023,5.3001,
08/08/2023,5.3078,
09/08/2023,5.3395,
10/08/2023,5.3115,
11/08/2023,5.3372,
14/08/2023,5.3559,
15/08/2023,5.3498,
16/08/2023,5.3574,
17/08/2023,5.3459,
18/08/2023,5.3386,
21/08/2023,5.3765,
22/08/2023,5.3924,
23/08/2023,5.3616,
24/08/2023,5.3967,
25/08/2023,5.4361,
28/08/2023,5.4492,
29/08/2023,5.3828,
30/08/2023,5.3932,
31/08/2023,5.3844,
01/09/2023,5.3575,
04/09/2023,5.3575,
05/09/2023,5.4144,
06/09/2023,5.4248,
07/09/2023,5.3967,
08/09/2023,5.3922,
11/09/2023,5.4026,
12/09/2023,5.4185,
13/09/2023,5.3959,
14/09/2023,5.4228,
15/09/2023,5.4182,
18/09/2023,5.4231,
19/09/2023,5.439,
20/09/2023,5.4714,
21/09/2023,5.4488,
22/09/2023,5.447,
25/09/2023,5.441,
26/09/2023,5.4513,
27/09/2023,5.4782,
28/09/2023,5.4639,
29/09/2023,5.4484,
02/10/2023,5.4889,
03/10/2023,5.4801,
04/10/2023,5.4166,
05/10/2023,5.372,
06/10/2023,5.4218,
09/10/2023,5.4218,
10/10/2023,5.3415,
11/10/2023,5.3574,
12/10/2023,5.3953,
13/10/2023,5.3771,
16/10/2023,5.4039,
17/10/2023,5.461,
18/10/2023,5.4494,
19/10/2023,5.4131,
20/10/2023,5.3812,
23/10/2023,5.3861,
24/10/2023,5.4157,
25/10/2023,5.4316,
26/10/2023,5.4009,
27/10/2023,5.3882,
30/10/2023,5.4177,
31/10/2023,5.45,
01/11/2023,5.3643,
02/11/2023,5.3747,
03/11/2023,5.274,
06/11/2023,5.3284,
07/11/2023,5.3168,
08/11/2023,5.3327,
09/11/2023,5.3678,
10/11/2023,5.3743,
13/11/2023,5.3655,
14/11/2023,5.2197,
15/11/2023,5.2657,
16/11/2023,5.2268,
17/11/2023,5.2334,
20/11/2023,5.2438,
21/11/2023,5.2432,
22/11/2023,5.2531,
23/11/2023,5.2531,
24/11/2023,5.2624,
27/11/2023,5.2455,
28/11/2023,5.1821,
29/11/2023,5.104,
30/11/2023,5.1172,
01/12/2023,5.0006,
04/12/2023,5.0795,
05/12/2023,5.0516,
06/12/2023,5.0702,
07/12/2023,5.0423,
08/12/2023,5.1173,
11/12/2023,5.1168,
12/12/2023,5.1245,
13/12/2023,4.8947,
14/12/2023,4.8969,
15/12/2023,4.9336,
18/12/2023,4.9468,
19/12/2023,4.9081,
20/12/2023,4.8641,
21/12/2023,4.8338,
22/12/2023,4.8102,
25/12/2023,4.8102,
26/12/2023,4.7962,
27/12/2023,4.7727,
28/12/2023,4.7832,
29/12/2023,4.7622,
01/01/2024,4.7622,
02/01/2024,4.7972,
03/01/2024,4.8022,
04/01/2024,4.8398,
05/01/2024,4.833,
08/01/2024,4.8271,
09/01/2024,4.8157,
10/01/2024,4.8152,
11/01/2024,4.7386,
12/01/2024,4.6554,
15/01/2024,4.6554,
16/01/2024,4.7147,
17/01/2024,4.8174,
18/01/2024,4.8088,
19/01/2024,4.8401,
22/01/2024,4.8559,
23/01/2024,4.831,
24/01/2024,4.8136,
25/01/2024,4.7559,
26/01/2024,4.7736,
29/01/2024,4.7541,
30/01/2024,4.7836,
31/01/2024,4.7069,
01/02/2024,4.6819,
02/02/2024,4.7921,
05/02/2024,4.8597,
06/02/2024,4.8075,
07/02/2024,4.8071,
08/02/2024,4.8393,
09/02/2024,4.8596,
12/02/2024,4.87,
13/02/2024,5.0003,
14/02/2024,4.9344,
15/02/2024,4.9448,
16/02/2024,4.9511,
19/02/2024,4.9511,
20/02/2024,4.937,
21/02/2024,4.9776,
22/02/2024,5.0017,
23/02/2024,4.9947,
26/02/2024,5.0242,
27/02/2024,5.0155,
28/02/2024,4.9986,
29/02/2024,4.9981,
01/03/2024,4.9393,
04/03/2024,4.9879,
05/03/2024,4.941,
06/03/2024,4.9569,
07/03/2024,4.9319,
08/03/2024,4.925,
11/03/2024,4.9544,
12/03/2024,4.9948,
13/03/2024,5.0298,
14/03/2024,5.0592,
15/03/2024,5.0577,
18/03/2024,5.079,
19/03/2024,5.084,
20/03/2024,4.9776,
21/03/2024,4.9935,
22/03/2024,4.9592,
25/03/2024,4.9587,
26/03/2024,4.9882,
27/03/2024,4.9877,
28/03/2024,5.0238,
29/03/2024,5.0238,
01/04/2024,5.0559,
02/04/2024,5.0336,
03/04/2024,5.025,
04/04/2024,4.9945,
05/04/2024,5.0529,
08/04/2024,5.0741,
09/04/2024,5.0328,
10/04/2024,5.1902,
11/04/2024,5.1515,
12/04/2024,5.1282,
15/04/2024,5.1549,
16/04/2024,5.1707,
17/04/2024,5.1415,
18/04/2024,5.1628,
19/04/2024,5.1584,
22/04/2024,5.1579,
23/04/2024,5.1328,
24/04/2024,5.1568,
25/04/2024,5.189,
26/04/2024,5.1901,
29/04/2024,5.1896,
30/04/2024,5.2354,
01/05/2024,5.183,
02/05/2024,5.1579,
03/05/2024,5.1182,
06/05/2024,5.115,
07/05/2024,5.1389,
08/05/2024,5.1411,
09/05/2024,5.1352,
10/05/2024,5.1717,
13/05/2024,5.1766,
14/05/2024,5.1625,
15/05/2024,5.0841,
16/05/2024,5.1163,
17/05/2024,5.1284,
20/05/2024,5.147,
21/05/2024,5.1355,
22/05/2024,5.1568,
23/05/2024,5.1972,
24/05/2024,5.195,
27/05/2024,5.1868,
28/05/2024,5.2136,
29/05/2024,5.2131,
30/05/2024,5.188,
31/05/2024,5.1754,
03/06/2024,5.1449,
04/06/2024,5.1172,
05/06/2024,5.0921,
06/06/2024,5.0835,
07/06/2024,5.169,
10/06/2024,5.1739,
11/06/2024,5.1652,
12/06/2024,5.1169,
13/06/2024,5.0672,
14/06/2024,5.0574,
17/06/2024,5.1087,
18/06/2024,5.0885,
19/06/2024,5.0885,
20/06/2024,5.1017,
21/06/2024,5.0946,
24/06/2024,5.0941,
25/06/2024,5.1045,
26/06/2024,5.1339,
27/06/2024,5.1034,
28/06/2024,5.11,
01/07/2024,5.1041,
02/07/2024,5.0818,
03/07/2024,5.0427,
04/07/2024,5.0427,
05/07/2024,4.995,
08/07/2024,5.0081,
09/07/2024,5.032,
10/07/2024,4.9994,
11/07/2024,4.898,
12/07/2024,4.853,
15/07/2024,4.8362,
16/07/2024,4.833,
17/07/2024,4.8461,
18/07/2024,4.8619,
19/07/2024,4.8768,
22/07/2024,4.8872,
23/07/2024,4.8704,
24/07/2024,4.8401,
25/07/2024,4.8369,
26/07/2024,4.7975,
29/07/2024,4.8187,
30/07/2024,4.7939,
31/07/2024,4.7447,
01/08/2024,4.6171,
02/08/2024,4.3596,
05/08/2024,4.3942,
06/08/2024,4.4962,
07/08/2024,4.4206,
08/08/2024,4.4689,
09/08/2024,4.4812,
12/08/2024,4.4727,
13/08/2024,4.3939,
14/08/2024,4.4232,
15/08/2024,4.531,
16/08/2024,4.4756,
19/08/2024,4.4969,
20/08/2024,4.4262,
21/08/2024,4.388,
22/08/2024,4.4578,
23/08/2024,4.3703,
26/08/2024,4.4077,
27/08/2024,4.3803,
28/08/2024,4.3934,
29/08/2024,4.4119,
30/08/2024,4.4023,
02/09/2024,4.4023,
03/09/2024,4.3642,
04/09/2024,4.2125,
05/09/2024,4.196,
06/09/2024,4.0926,
09/09/2024,4.1218,
10/09/2024,4.0569,
11/09/2024,4.1184,
12/09/2024,4.0777,
13/09/2024,4.0096,
16/09/2024,3.9609,
17/09/2024,3.9982,
18/09/2024,3.9791,
19/09/2024,3.9412,
20/09/2024,3.9349,
23/09/2024,3.9293,
24/09/2024,3.8915,
25/09/2024,3.9153,
26/09/2024,3.9819,
27/09/2024,3.9221,
30/09/2024,4.0021,
01/10/2024,3.9697,
02/10/2024,3.9567,
03/10/2024,4.0048,
04/10/2024,4.1707,
07/10/2024,4.2242,
08/10/2024,4.1915,
09/10/2024,4.2369,
10/10/2024,4.1989,
11/10/2024,4.1813,
14/10/2024,4.1813,
15/10/2024,4.1755,
16/10/2024,4.1725,
17/10/2024,4.2071,
18/10/2024,4.1846,
21/10/2024,4.2488,
22/10/2024,4.2484,
23/10/2024,4.2722,
24/10/2024,4.2531,
25/10/2024,4.295,
28/10/2024,4.2893,
29/10/2024,4.2647,
30/10/2024,4.28,
31/10/2024,4.2688,
01/11/2024,4.265,
04/11/2024,4.2458,
05/11/2024,4.2454,
06/11/2024,4.3071,
07/11/2024,4.2554,
