date,spot_price,risk_free_rate,dividend_rate,theta,kappa,rho,eta,v0,feller,iv_rmse,rmse,n_helpers,accepted,n_maturities,n_strikes,contracts_count,total_volume,spot_min,spot_max,spot_range_pct,high_move,calculation_date
2012-01-03,1280.2781,0.001578,0.020857999999999998,0.7230058473493169,0.0914629009808139,-0.8952549641993998,0.5557276793301112,0.04717826437316187,-0.17657682912431089,0.014155295582935,0.1282440662378405,148,True,10,65,148,411532,1258.86,1284.62,0.02046295854979907,False,2012-01-03 16:19:32.944
2012-01-04,1274.5341,0.001578,0.020857999999999998,0.43227403830896677,0.14835187665665944,-0.9287351389228164,0.47912297215587524,0.04512138932956737,-0.10130149282130377,0.015409367405987652,0.11541458037438879,150,True,12,57,150,333753,1268.15,1278.73,0.008342861648858557,False,2012-01-04 16:18:53.950
2012-01-05,1274.7639,0.001776,0.020865,0.07747674484336955,5.612745249639244,-0.8150568027247597,1.357147148933837,0.034914540285341925,-0.9721339207049736,0.011313123456018034,0.08847810529452166,146,True,10,49,146,367118,1265.26,1283.05,0.014060351232157764,False,2012-01-05 16:19:56.174
2012-01-06,1278.3834,0.001675,0.020933999999999998,0.1372370761201873,1.128343892451985,-0.8420787840763538,1.0896586754333955,0.04137256384356611,-0.8776547956308988,0.017484213153110623,0.16197805530518475,113,True,9,48,113,403252,1273.41,1281.76,0.006557196817992494,False,2012-01-06 16:14:54.855
2012-01-09,1279.1743,0.001675,0.020933999999999998,0.10875362421884588,1.5041670148185176,-0.8251728343586924,0.9886967310877262,0.04001868428751505,-0.6503539974796431,0.015387550946762626,0.15599031887558587,137,True,11,58,137,397522,1274.75,1281.99,0.005679545008825171,False,2012-01-09 16:17:32.665
2012-01-10,1293.0522,0.0015229999999999998,0.020710000000000003,0.11019597050474184,1.8463682566614354,-0.8501823541360316,0.9990177098040752,0.0319912729961395,-0.5911117005982691,0.010955727509473327,0.10002777731315718,146,True,11,54,146,509328,1280.77,1296.46,0.012250443092826968,False,2012-01-10 16:16:41.310
2012-01-11,1289.2819,0.001675,0.020712,0.1840883972667046,0.4955926594543785,-0.9073699238610181,0.5978760058371504,0.03442614568166521,-0.17499000160358372,0.014036926620660979,0.14498369405843325,136,True,10,53,136,411236,1285.41,1293.79,0.006519320683672891,False,2012-01-11 16:18:11.721
2012-01-12,1291.4992,0.001675,0.020712,0.08178240159001363,3.526642048565584,-0.7966412120979478,1.2897807499170584,0.03352767499389159,-1.0866998702965718,0.016276815784001072,0.16548732120688356,141,True,10,56,141,451180,1285.77,1296.82,0.00859407203465623,False,2012-01-12 16:19:07.704
2012-01-17,1297.2946,0.000967,0.020705,0.1311582131445287,1.5251937109106997,-0.7688174291955205,1.3461249008015794,0.045879076167525144,-1.4119688849134218,0.008240818479176697,0.06407330337328836,118,True,9,55,118,365222,1290.88,1302.92,0.009326970748636532,False,2012-01-17 16:19:52.232
2012-01-18,1298.653,0.001017,0.020491000000000002,0.11579530554913757,1.133802823490061,-0.8173864158894547,0.8781585860055601,0.045796924237333586,-0.5085844134182715,0.007913432924199937,0.06422712980167496,126,True,9,60,126,843906,1291.05,1308.04,0.013159831145191925,False,2012-01-18 16:19:27.025
2012-01-19,1313.1197,0.001017,0.020395,0.09265439578828953,3.416417423898619,-0.7843498879323333,1.7294263123989648,0.033588600586423586,-2.3578231856740595,0.011173948972366553,0.11795295088000358,134,True,10,49,134,519270,1308.07,1315.47,0.0056571895999451005,False,2012-01-19 16:19:09.253
2012-01-23,1316.1526,0.001017,0.020457999999999997,0.09312225291183582,2.88325757964414,-0.7998764214911402,1.6408072543632395,0.03591170738960713,-2.155257562887854,0.013362428443451058,0.11935465352239248,143,True,10,59,143,417182,1309.89,1322.26,0.009443541060699667,False,2012-01-23 16:19:46.734
2012-01-24,1311.9823,0.001017,0.02048,0.08897625836005693,3.5798348270926135,-0.8155274831406869,1.6563337597296945,0.033187055325453005,-2.1064009066968614,0.008129626080969501,0.08547945525701556,119,True,8,53,119,280152,1306.06,1315.96,0.007580049921136922,False,2012-01-24 16:15:42.592
2012-01-25,1316.3401,0.000967,0.020305,0.09016399035628661,2.7671879387321017,-0.8072515880621672,1.4157766299579038,0.030001266666823154,-1.5054220526912114,0.008021576107714735,0.08189592780943938,128,True,9,53,128,333136,1307.75,1328.3,0.01571401261709049,False,2012-01-25 16:17:22.209
2012-01-26,1323.0697,0.001017,0.020427,0.12060472109148201,0.8527889483750664,-0.8820219642208789,0.6195583451150057,0.026152867544225557,-0.1781517964642983,0.010004646724564307,0.11084175236196075,168,True,12,53,168,561062,1313.6,1333.47,0.015126370280146295,False,2012-01-26 16:15:38.183
2012-01-27,1315.597,0.0010680000000000002,0.020481,0.08043862827332639,4.097730764453238,-0.7334199653118778,1.823231420431271,0.030523317123227825,-2.6649411289957747,0.007397924971463679,0.07132113423206586,138,True,10,48,138,388472,1311.72,1319.99,0.006304699173604211,False,2012-01-27 16:19:45.887
2012-01-30,1307.3423,0.001119,0.020534,0.12105910051484023,0.8868588237049954,-0.8326051180274379,0.6818465465152186,0.03270897459492107,-0.25019005003197814,0.007342972256772315,0.08068862792205603,124,True,8,47,124,334109,1300.54,1316.16,0.01201039568179385,False,2012-01-30 16:19:16.467
2012-01-31,1312.0914,0.001119,0.020543999999999996,0.08418407727161847,1.9518425266681696,-0.8168998930510317,0.8559956792786567,0.030728147005748278,-0.4041004787696004,0.008786473058795402,0.0800446042572432,136,True,9,58,136,279462,1306.78,1321.41,0.011195457536846476,False,2012-01-31 16:19:32.133
2012-02-01,1326.3746,0.001017,0.020402999999999998,0.14149316408322582,0.8481745984825106,-0.8527990769561204,0.8396923289008077,0.02998298434846912,-0.4650613919462421,0.009461701798742348,0.105655395620526,158,True,11,55,158,548072,1312.45,1330.42,0.013691950169530287,False,2012-02-01 16:17:27.145
2012-02-02,1325.8495,0.0012720000000000001,0.020387,0.07901733496717506,2.3662635435004313,-0.7907742829779373,0.9864096463224123,0.024831646375751838,-0.5990523122831303,0.009884063069276349,0.10671302349869635,145,True,10,50,145,326913,1321.57,1329.19,0.0057658693826283525,False,2012-02-02 16:18:23.720
2012-02-03,1342.3373,0.001527,0.020125,0.12019209009811327,0.9356058197087096,-0.8339251543304644,0.8836006748920182,0.02532183903427249,-0.5558453147121334,0.011739798286312164,0.15579848160837684,159,True,11,63,159,844487,1326.21,1345.34,0.014424563229051168,False,2012-02-03 16:18:17.180
2012-02-06,1341.8198,0.001527,0.020125,0.13523369749732403,0.7182259388738004,-0.8886180760914728,0.6553086665106056,0.025657244433433972,-0.235172749699126,0.007533987312622506,0.09223361658650812,139,True,10,53,139,309005,1337.52,1344.36,0.005113942221424583,False,2012-02-06 16:18:29.000
2012-02-08,1347.6731,0.001573,0.020081,0.11720207338588164,0.8599466986050383,-0.8593338845110314,0.6794794899944128,0.02486573569356388,-0.26011730516735865,0.009705071408790091,0.12582632223467116,156,True,11,56,156,396798,1342.16,1351.0,0.006586398044942321,False,2012-02-08 16:20:03.339
2012-02-09,1350.4251,0.001573,0.020081,0.14773095067161188,0.8761022146654234,-0.8522952534843838,0.9600607795944507,0.02732061828682168,-0.6628618743994493,0.013642463099918716,0.17123735614743218,151,True,11,53,151,519778,1344.63,1354.28,0.007176695447818293,False,2012-02-09 16:18:39.424
2012-02-13,1350.0178,0.0016289999999999998,0.020104999999999998,0.16917551441907355,0.6262754227354591,-0.8256410683967416,0.9291063905530847,0.03730606869798888,-0.6513377513479932,0.01070268293709634,0.11862554576697402,125,True,9,57,125,456122,1343.06,1353.32,0.007639271514303214,False,2012-02-13 16:19:37.873
2012-02-14,1346.4541,0.0016289999999999998,0.020155,0.11501646736469642,1.8641267657625806,-0.8111528625422494,1.556179336162702,0.04453782601756389,-1.9928835756638101,0.009852774152638343,0.08875013686050112,139,True,10,61,139,434712,1340.83,1351.3,0.00780859616804519,False,2012-02-14 16:18:24.797
2012-02-16,1352.2657,0.001527,0.020093999999999997,0.11879504206434909,2.2556261404056324,-0.8509667483918286,1.4582703052237371,0.02903687119117196,-1.5906378786354667,0.01106403349759958,0.10446707767330815,155,True,11,53,155,579329,1341.22,1359.02,0.013271499082924576,False,2012-02-16 16:16:03.569
2012-02-17,1360.1832,0.001527,0.02005,0.11743626503578516,1.712246582138609,-0.811452518720125,1.3855434914376625,0.03319052557811578,-1.5175710798119741,0.008614082831426331,0.09472826100728171,139,True,10,52,139,464237,1357.26,1363.33,0.004472245553541754,False,2012-02-17 16:18:51.296
2012-02-24,1366.5133,0.001578,0.020028,0.10394047682330106,1.4429744785548968,-0.8518948779496525,0.8238572936321674,0.020260797907516916,-0.37877392958121897,0.009447372989259859,0.11400216992115096,121,True,8,52,121,474709,1363.46,1368.88,0.003975180790048993,False,2012-02-24 16:16:42.743
2012-02-27,1366.104,0.001578,0.020021,0.1073283692567062,2.3332901360642855,-0.8308619092934083,1.5765431496138596,0.027424725680408255,-1.9846318519813124,0.008596076339145657,0.09640045713385527,154,True,11,64,154,375335,1354.99,1371.94,0.012509317411936616,False,2012-02-27 16:19:08.776
2012-02-28,1370.8432,0.001578,0.019975,0.14367318014874367,0.9675256973491249,-0.8810719184029637,0.8973529077180125,0.026041826500952277,-0.5272272533624125,0.012712040573094077,0.12213551189526954,148,True,10,58,148,404700,1366.08,1373.09,0.0051314710705083755,False,2012-02-28 16:19:37.706
2012-02-29,1370.6063,0.001578,0.020087,0.11406362428252974,1.9497748250317581,-0.8644052649962253,1.397733915995462,0.02724314472071126,-1.508863333768094,0.008153288479505593,0.08904592773219466,161,True,12,57,161,452709,1363.81,1378.04,0.010434004736730174,False,2012-02-29 16:18:48.272
2012-03-01,1372.2943,0.001017,0.019892,0.12937378038503014,0.9023948587685989,-0.8094031389697579,0.7919055049072435,0.02165748899529619,-0.39362186014457834,0.010186166795468264,0.11658937649042286,161,True,12,50,161,480003,1365.9,1376.15,0.0075042096786002155,False,2012-03-01 16:16:53.057
2012-03-02,1370.3347,0.001221,0.019957,0.13151512880899924,1.0139395144089944,-0.8991182183243457,0.7600459565062163,0.020741778484954,-0.3109730843173832,0.008646292733166732,0.0990037800566385,141,True,10,51,141,333478,1366.42,1374.52,0.005927899181803475,False,2012-03-02 16:19:15.569
2012-03-05,1362.981,0.001777,0.020038999999999998,0.13215375147000424,1.4839882130373476,-0.8473253515877246,1.2800311090858203,0.02672402103158394,-1.2462504212471686,0.010012784502585841,0.1177982619743759,158,True,12,66,158,366889,1359.13,1369.59,0.007696099710844395,False,2012-03-05 16:18:26.655
2012-03-06,1344.4069,0.001777,0.020038999999999998,0.13820321718071155,1.5211766209791964,-0.8532745262139423,1.3232792723475333,0.035086471597920346,-1.3306050267857994,0.0074457632246550404,0.06573775869356802,148,True,11,56,148,626016,1340.03,1363.63,0.017611546010164014,False,2012-03-06 16:19:45.864
2012-03-07,1350.6833,0.00198,0.020265,0.13955689964037862,1.4079297191020985,-0.8572922389333559,1.2249026980594215,0.029700081265324127,-1.1074140066943745,0.012653072784329346,0.13374763301747603,138,True,10,50,138,423074,1343.39,1354.85,0.008530657515687823,False,2012-03-07 16:19:31.957
2012-03-08,1363.5445,0.001573,0.020146999999999998,0.1399234217487679,0.9549909400082419,-0.8920643368435456,0.7585001975191544,0.021751202628928885,-0.30807134950654513,0.008176306427170543,0.08982732594663691,130,True,9,49,130,502896,1352.65,1368.72,0.011880382951983126,False,2012-03-08 16:18:48.221
2012-03-09,1371.9708,0.001573,0.019995,0.1273244812651124,1.2163637360428614,-0.8610698456165935,0.9480407659239927,0.02081298174111145,-0.5890355304110477,0.011528606702276524,0.11907287253357657,145,True,11,51,145,518944,1365.97,1374.76,0.006434987591235508,False,2012-03-09 16:16:59.566
2012-03-12,1369.7566,0.001675,0.020005000000000002,0.10277995532205988,2.500524578402104,-0.8210419224388175,1.9156891858850698,0.0309349620725552,-3.15585744801724,0.015850894172367718,0.21382849770887477,124,True,10,58,124,305821,1366.72,1373.04,0.004624209786935118,False,2012-03-12 16:14:53.358
2012-03-13,1383.8038,0.001878,0.01968,0.10323144261892564,1.76025387868189,-0.8274068971537853,1.3006591026691365,0.023939367827351975,-1.3282870068123018,0.008134316334336707,0.11578633534623939,142,True,10,56,142,596775,1371.92,1396.13,0.017646801562773318,False,2012-03-13 16:19:01.235
2012-03-14,1395.0612,0.00198,0.01977,0.12869262178130875,0.9401907172156386,-0.8566984072603586,0.8181434582803745,0.022736525246920842,-0.4273675015811117,0.008190688912369033,0.08163638371462331,146,True,11,55,146,452083,1389.97,1399.41,0.006791513485902678,False,2012-03-14 16:15:46.878
2012-03-15,1398.7392,0.001929,0.019656,0.13888957599835278,0.6796492371917046,-0.8636279241761179,0.5997022441716362,0.01902050901050401,-0.17085039290217727,0.010548797768733902,0.11465553797603013,146,True,11,50,146,560221,1392.85,1402.63,0.0070215744696127125,False,2012-03-15 16:18:24.226
2012-03-16,1404.2632,0.001929,0.019635,0.10199169853313313,1.6270406123556562,-0.7612116329252137,1.1732429799630435,0.019506210887302644,-1.0446098187594777,0.00969572386663705,0.11527713988980988,135,True,9,45,135,499268,1401.52,1405.88,0.0031109081568583274,False,2012-03-16 16:18:20.295
2012-03-19,1409.9151,0.00198,0.019481,0.07145575587504106,3.2606924384845075,-0.7836418277025884,1.3886936895916737,0.01949004551039506,-1.4624796777758533,0.008927906911388958,0.10112880686200273,163,True,12,54,163,562674,1402.47,1413.92,0.008164167504474351,False,2012-03-19 16:19:26.893
2012-03-20,1403.3243,0.00198,0.01954,0.0932322994095417,1.9914475479527591,-0.8234833934129823,1.202898516493906,0.02202442408929941,-1.075630372884981,0.007768798125410502,0.09135038218692228,137,True,11,50,137,476741,1397.68,1409.59,0.008521263808596968,False,2012-03-20 16:19:38.110
2012-03-21,1404.7443,0.001878,0.01958,0.08599147069787676,1.8086898796211532,-0.8158918271213799,1.014205612100456,0.01968563206590938,-0.7175492180460832,0.007985042003508021,0.0950208095226303,145,True,11,48,145,653011,1400.64,1407.75,0.00507625085675123,False,2012-03-21 16:17:57.130
2012-03-22,1392.7061,0.001827,0.019764999999999998,0.11307332160216393,1.1898371376898296,-0.8289610202678604,0.9792770825709504,0.024223842297603583,-0.6899059298002713,0.006479614056593126,0.07886503440511117,161,True,12,56,161,514221,1388.73,1402.89,0.010196366464323647,False,2012-03-22 16:18:08.628
2012-03-23,1394.7097,0.001726,0.019704,0.1108417951391236,1.5113061550627707,-0.818796314545148,1.332255554528829,0.023945071062693443,-1.4398730881089894,0.009474984321227972,0.10275779199741615,128,True,10,53,128,273331,1386.94,1399.13,0.008789132911301234,False,2012-03-23 16:16:37.799
2012-03-26,1411.9875,0.001726,0.019406,0.08902467847164588,1.6770805617347266,-0.8002007090511288,1.1948574193009978,0.020943893925746828,-1.1290811368996778,0.007053320000042013,0.09941653654151147,135,True,10,53,135,426809,1397.11,1416.58,0.01393591055822374,False,2012-03-26 16:18:28.121
2012-03-27,1416.529,0.0016239999999999998,0.019479,0.10689627026015208,1.2337813040640464,-0.8173498608277884,1.1489643733645656,0.02312657184504413,-1.0563458918187223,0.007611234357510965,0.10624908087861264,139,True,11,53,139,408675,1411.95,1419.14,0.005092248309076064,False,2012-03-27 16:19:44.962
2012-03-28,1406.45,0.001675,0.019617,0.08450564096319721,1.49799601945693,-0.7974755034556495,0.9403173108575393,0.0234403228465535,-0.6310184175293025,0.007722549481788939,0.1102776446594326,138,True,10,61,138,503110,1397.24,1413.65,0.011744582176290486,False,2012-03-28 16:18:36.242
2012-03-29,1396.3558,0.001675,0.019652,0.08198436278227782,2.3726273040370667,-0.8069565010911223,1.3400760943125292,0.025010326691679883,-1.4067672632652972,0.0061353147539162265,0.07456326343438732,136,True,10,60,136,386553,1391.83,1405.39,0.009742569135598567,False,2012-03-29 16:18:08.448
2012-03-30,1407.9328,0.001675,0.019583,0.08520128907870529,1.9109590115905395,-0.8179469024679421,1.2177556333416806,0.02259865576661646,-1.1572964402072325,0.0072303169095314715,0.10150155149049292,135,True,11,59,135,378476,1401.42,1410.89,0.006757431747798748,False,2012-03-30 16:19:26.517
2012-04-02,1417.6171,0.001675,0.019583,0.08401701305744427,2.2126146567527485,-0.7993906395307162,1.4825875956913535,0.02326683522906214,-1.8262714298828917,0.00887759243685829,0.1080255662003147,132,True,9,58,132,538517,1404.46,1422.38,0.01275935234894554,False,2012-04-02 16:18:51.566
2012-04-03,1413.0624,0.001675,0.019583,0.1080770443731316,1.2182196822874973,-0.8128837928470954,1.09297872401507,0.02352387787049568,-0.931279325831994,0.00750443615028333,0.12355748701322489,139,True,11,53,139,377978,1404.62,1419.0,0.01023764434508978,False,2012-04-03 16:17:22.730
2012-04-04,1398.417,0.001878,0.019792,0.10985333161808236,1.3543722047977131,-0.8406518875109316,1.1733456225115908,0.02874173757532041,-1.0791753519711993,0.009025219837331863,0.1149751094826947,148,True,12,56,148,447522,1394.09,1413.09,0.013628962262120847,False,2012-04-04 16:17:31.231
2012-04-05,1397.7724,0.001726,0.019818,0.10175134950862416,1.5389817602358282,-0.815490576892342,1.170338449787346,0.022791130383152548,-1.0565051451043412,0.01063713687557218,0.17354832416246324,152,True,11,64,152,504803,1392.92,1401.59,0.006224334491571559,False,2012-04-05 16:19:36.680
2012-04-09,1382.724,0.001573,0.020052,0.11867507034084496,1.0950220263026689,-0.8298741339418595,1.016187042856874,0.030702908048665545,-0.7727324740777106,0.009930355926063126,0.13311312211316992,140,True,10,56,140,502306,1378.24,1397.45,0.013938065939168798,False,2012-04-09 16:17:43.587
2012-04-10,1365.7068,0.001573,0.020405000000000003,0.14155589653146053,0.8899399792179548,-0.843698752493087,1.0006588622290462,0.03899857014219541,-0.7493656553227555,0.009086896811576092,0.08899121883092531,154,True,11,66,154,865533,1357.38,1383.0,0.018874596649427478,False,2012-04-10 16:19:45.732
2012-04-11,1371.021,0.001573,0.020405000000000003,0.13194888632283008,1.186166854111816,-0.827199455325037,1.1425010885717382,0.034120243409319496,-0.9922819466013887,0.010862698440644603,0.12171480874980171,150,True,12,50,150,522683,1358.98,1374.71,0.011574857613798617,False,2012-04-11 16:18:32.955
2012-04-12,1383.6251,0.001675,0.020005000000000002,0.13333368158929126,1.2092306527064334,-0.8405891692733586,1.2552070022770379,0.03196478830727988,-1.2530822689333667,0.014357354386242938,0.15103345733333895,150,True,11,65,150,557298,1368.77,1388.13,0.01414408556587321,False,2012-04-12 16:19:21.762
2012-04-13,1375.9605,0.0016239999999999998,0.020259999999999997,0.13260034969903867,1.064875197923367,-0.8100010886730876,1.0127661171947135,0.030690331291568552,-0.7432895608767133,0.008899153354790272,0.110720627826415,145,True,11,62,145,519422,1369.88,1387.61,0.012942739510029888,False,2012-04-13 16:19:03.051
2012-04-16,1370.4684,0.0016239999999999998,0.02027,0.1660803991943477,0.542912245970552,-0.7852676682008365,1.0276901083011922,0.04349311751493631,-0.8758127936235379,0.017868670140061594,0.1965374598300773,128,True,10,61,128,289621,1365.38,1379.66,0.010458626902400736,False,2012-04-16 16:17:53.750
2012-04-17,1387.4383,0.0016239999999999998,0.019962,0.11593708425961935,1.2132177446904546,-0.865058138940817,0.9773258506562742,0.031113934984124077,-0.6738519625781247,0.006092928245261241,0.06197880251982643,129,True,9,55,129,368714,1369.57,1392.76,0.01693232182363813,False,2012-04-17 16:19:28.331
2012-04-18,1387.3966,0.001573,0.020043000000000002,0.09975721837910792,1.9395860384888441,-0.8153097877390819,1.3237427549460188,0.03500791002684044,-1.3653194652588747,0.0059730363208719325,0.09449986977497263,98,True,7,44,98,404829,1383.29,1390.78,0.005414627446161058,False,2012-04-18 16:19:19.500
2012-04-19,1380.6965,0.001573,0.020168,0.12992551988607842,1.1310020183820158,-0.8186052627618999,1.127153576712276,0.03191745735360797,-0.9765831350343019,0.008791746322508108,0.10299384790310415,146,True,11,65,146,475224,1370.3,1390.46,0.014712106837918792,False,2012-04-19 16:18:30.435
2012-04-20,1383.816,0.001573,0.020146,0.1076509433708383,1.4461426216380886,-0.7949439139894205,1.115073386158512,0.029451572808792736,-0.9320314215827752,0.0056503747497064155,0.0919283404153058,106,True,8,50,106,417714,1376.96,1387.4,0.007581919590982977,False,2012-04-20 16:17:38.683
2012-04-23,1363.4123,0.001573,0.020321,0.12942206794927694,1.0975727908196646,-0.811112465278514,1.119839164377367,0.03957524814676825,-0.9699394734479195,0.007559420436827097,0.07490918472824559,155,True,12,59,155,412436,1358.79,1378.53,0.014527631201289415,False,2012-04-23 16:16:14.704
2012-04-24,1372.3964,0.001675,0.020246,0.09993609960572909,1.6010290585143367,-0.8303378006396316,1.042949718407029,0.032847294458163354,-0.7677429161985905,0.006152858018325289,0.06116849949577462,122,True,10,41,122,327199,1366.82,1375.51,0.006357823268609009,False,2012-04-24 16:16:54.104
2012-04-25,1388.2609,0.001675,0.019986999999999998,0.12000871415719813,1.089086826893123,-0.8173794162329348,1.1149357733080985,0.030193731381430135,-0.981681959200154,0.008821280641781615,0.12196010324898045,148,True,11,61,148,398793,1372.11,1391.3,0.013985759159251154,False,2012-04-25 16:19:58.796
2012-04-26,1395.5563,0.0016239999999999998,0.01986,0.12908012783854472,0.857990396809634,-0.8270258487716138,0.905026062907328,0.022805451058739254,-0.5975731543326763,0.009147266730814525,0.14166734683767657,172,True,12,66,172,514145,1387.54,1402.09,0.010486184182077585,False,2012-04-26 16:17:20.631
2012-04-27,1401.3938,0.001675,0.019817,0.10991653347400031,1.1827955576132738,-0.772624235653212,1.182661933159325,0.02622033970798118,-1.1386716731415554,0.00918724827461167,0.1287151112558207,140,True,11,61,140,394587,1397.31,1406.64,0.006677115314425608,False,2012-04-27 16:18:29.480
2012-04-30,1396.9313,0.001726,0.019905,0.12147806237320721,1.0151432220605736,-0.7662311563718393,1.1843884262186093,0.029318724286763204,-1.1561406808661683,0.008397793716632997,0.12642327632512096,123,True,11,48,123,263721,1394.0,1403.26,0.0066427546628407,False,2012-04-30 16:17:06.927
2012-05-01,1409.1437,0.0009660000000000001,0.019793,0.12783498405539545,0.7080338994344837,-0.8513461206035171,0.7474054464283981,0.02389374339145573,-0.37759189686105976,0.008652553319727961,0.1146572507039482,145,True,11,54,145,384757,1396.05,1415.31,0.013796067476093299,False,2012-05-01 16:17:41.341
2012-05-02,1399.3932,0.0009660000000000001,0.019793,0.13766532991721753,0.856057931574282,-0.7819623758611868,1.1966585671763819,0.029081163801399496,-1.1962927312397826,0.00978478823914602,0.13943916754990884,155,True,11,72,155,394183,1393.92,1405.5,0.008307506887052396,False,2012-05-02 16:18:05.164
2012-05-03,1395.3857,0.001578,0.020057000000000002,0.1424734313040364,0.7039307585320626,-0.8607556045397318,0.7464917735698997,0.02424033319897282,-0.3566671068705024,0.006185254206826138,0.07572513017978524,162,True,12,59,162,346557,1388.71,1403.07,0.010340531860503654,False,2012-05-03 16:18:32.535
2012-05-04,1373.121,0.001827,0.020387,0.2065953966748507,0.4289662929196502,-0.8174550140293037,0.8935756654890755,0.03331801495605978,-0.6212325470624935,0.008061874943592518,0.0994690885022623,170,True,12,64,170,554200,1367.96,1391.51,0.0172154156554285,False,2012-05-04 16:19:43.704
2012-05-07,1368.7126,0.001878,0.020381999999999997,0.3371982527847201,0.2262572579762726,-0.819381259188903,0.7573282568554174,0.03304209773389609,-0.4209589844927434,0.005587755389657536,0.06618665612870325,157,True,12,64,157,392592,1363.94,1373.89,0.007295042303913757,False,2012-05-07 16:18:33.156
2012-05-08,1354.2725,0.001878,0.020381999999999997,0.12768561268030304,0.9064933584417408,-0.8399832594229013,0.9446713596172163,0.03765205944651177,-0.6609116579545216,0.007693498727723653,0.08335935885152906,160,True,12,62,160,593517,1347.75,1369.16,0.015885735485067665,False,2012-05-08 16:17:43.495
2012-05-09,1353.5176,0.001573,0.020638,0.15251648449372143,0.6790872030695932,-0.8573515664373518,0.8620026653765276,0.03919645626364923,-0.5359046093625413,0.007735713261781857,0.06955596312920001,153,True,11,52,153,512080,1343.13,1363.7,0.015314973234161977,False,2012-05-09 16:19:17.090
2012-05-10,1360.8808,0.0016239999999999998,0.020596999999999997,0.16094483941270868,0.5723089324569757,-0.8524370318974859,0.7646860228451202,0.0347115510095912,-0.4005243750771943,0.019195738073405275,0.125229602499367,155,True,12,59,155,602598,1354.58,1365.88,0.008342069128438379,False,2012-05-10 16:17:21.442
2012-05-15,1337.9525,0.001777,0.021016,0.1736798012598671,0.46730342905437294,-0.8586850230052454,0.6312973414431691,0.03949528573394977,-0.2362139999407774,0.007052501445742315,0.05950712234615621,150,True,10,68,150,488255,1328.41,1344.93,0.012435919633245751,False,2012-05-15 16:18:34.068
2012-05-16,1332.9094,0.001827,0.021145,0.14434556311887478,1.009055743097191,-0.8401814349226838,1.0242271775361127,0.046546189331957206,-0.7577358722921943,0.008418592285291262,0.05822083786774608,158,True,11,60,158,762836,1324.8,1341.75,0.012794384057970953,False,2012-05-16 16:19:33.513
2012-05-17,1316.0412,0.001878,0.021494,0.12561789361613285,1.7091332104767105,-0.8016184315648566,1.3541619165360472,0.05344807970182295,-1.4043590685776546,0.00829790763797602,0.059661263377468604,170,True,11,53,170,828601,1304.86,1326.36,0.016476863418297683,False,2012-05-17 16:18:51.013
2012-05-18,1303.4734,0.001878,0.021661,0.22792973381426443,0.32687120645385553,-0.890027895639521,0.6081194039203159,0.052948517295901464,-0.22080187526725084,0.01030098593251436,0.07994589094043063,177,True,12,71,177,766039,1291.98,1312.18,0.015634916949178734,False,2012-05-18 16:18:04.877
2012-05-21,1307.8569,0.001878,0.021326,0.16454786409775118,0.8697228877203271,-0.8408893316197548,1.033147699436133,0.05231576099521851,-0.781172081787558,0.009310045259738274,0.07877975363114983,168,True,12,68,168,578585,1295.73,1315.95,0.01560510291495909,False,2012-05-21 16:19:29.388
2012-05-22,1322.1737,0.001878,0.021317,0.17486642473626912,0.5799959700203219,-0.8438994092797774,0.7724915300595616,0.040532451094713554,-0.39389952073596657,0.010329327538177455,0.08052376180183535,139,True,10,57,139,555772,1310.09,1328.43,0.013999038234014494,False,2012-05-22 16:19:59.577
2012-05-23,1305.1151,0.001878,0.021284,0.1325760309325267,1.6963794742437301,-0.8379045949737646,1.4682679334335993,0.059280070589490495,-1.706012209048092,0.010711552734739596,0.07970287320309424,162,True,12,65,162,452170,1296.53,1320.62,0.01858036451142664,False,2012-05-23 16:19:35.389
2012-05-24,1317.6962,0.001878,0.021291,0.15998290800436,0.8819002757032371,-0.8450437652498435,0.9434765786208982,0.04204924876316582,-0.6079701130524944,0.012643359105789882,0.10226991604300349,176,True,12,56,176,569762,1310.5,1324.14,0.010408241129340023,False,2012-05-24 16:19:41.822
2012-05-25,1320.3158,0.001878,0.021364,0.14013337017468291,1.338108359172014,-0.8561875769327874,1.2231429916653167,0.048898365207906865,-1.1210515100006022,0.011901203110344557,0.1111355464698741,156,True,12,63,156,359305,1314.26,1324.12,0.007502320697578835,False,2012-05-25 16:18:47.890
2012-05-29,1329.1811,0.001827,0.021156,0.11618421535612948,2.2002945834749053,-0.8286023793163968,1.5722825730618584,0.04668025871617721,-1.9607934900872708,0.01085484364012264,0.11627895406396449,138,True,11,57,138,468668,1318.9,1334.93,0.01215406778375927,False,2012-05-29 16:19:58.811
2012-05-30,1315.0355,0.001726,0.021497000000000002,0.16204763792068727,1.0322790092759664,-0.7926076054186951,1.2092639376441465,0.05072491944497539,-1.1277625206300712,0.009878126901931699,0.07579123493128749,140,True,11,54,140,423587,1310.76,1331.25,0.01563215233910098,False,2012-05-30 16:19:16.083
2012-05-31,1308.2994,0.001777,0.021560000000000003,0.15875436009826369,0.9744225788241281,-0.8849516852762501,0.9195379595761652,0.0474845381885173,-0.5361623931684485,0.01057473328240279,0.08631039345686219,169,True,12,50,169,629313,1298.97,1319.74,0.01598959175346626,False,2012-05-31 16:18:38.144
2012-06-01,1284.6411,0.000916,0.022105,0.37666633110174624,0.1925441538364563,-0.8761561388644353,0.6614403668595041,0.0597890298052233,-0.292453558909899,0.011345690163814062,0.10649252914108173,180,True,12,63,180,805214,1277.25,1309.87,0.02553924447054201,False,2012-06-01 16:18:54.475
2012-06-04,1274.0479,0.001827,0.022119,0.16442309868042576,1.0732794889572017,-0.875874887535739,1.0515334086351442,0.06561268119557938,-0.7527786308268714,0.008683104752757721,0.06297466206643283,172,True,12,62,172,595759,1266.74,1282.55,0.012480856371473115,False,2012-06-04 16:18:54.665
2012-06-05,1282.6093,0.001827,0.022119,0.1718810938329075,0.8508063863697527,-0.8743463946996775,0.877087712298492,0.05513992789578351,-0.4768077904064894,0.008060680496632076,0.06671878917795276,181,True,12,61,181,498724,1274.3,1287.51,0.010366475712155765,False,2012-06-05 16:18:13.062
2012-06-06,1307.0922,0.001726,0.021529,0.10964426357123254,2.361766425261987,-0.7611741005071564,1.6442947289367476,0.05459736032518043,-2.185796874758946,0.013607161826373173,0.12984516085694167,174,True,12,60,174,752301,1285.61,1315.13,0.022961862462177685,False,2012-06-06 16:16:26.236
2012-06-07,1322.1083,0.001827,0.021535000000000002,0.14988278030722824,1.2321017825695644,-0.7725207334319253,1.2965457544948418,0.04212583459515177,-1.3116892119125618,0.012067392458225397,0.12337364049077866,173,True,12,55,173,714859,1312.68,1329.05,0.012470670688972119,False,2012-06-07 16:19:07.125
2012-06-08,1318.7591,0.0016239999999999998,0.021368,0.489696239025652,0.20272952803275315,-0.8562249599529702,0.7543397368262638,0.036744303298444435,-0.37047666372094745,0.012391924606722442,0.11252781911757082,170,True,12,58,170,555459,1307.78,1325.81,0.01378672253742974,False,2012-06-08 16:19:46.847
2012-06-11,1320.9062,0.001777,0.021646000000000002,0.22455003577206556,0.512703552692441,-0.8582927331809878,0.9053875811490999,0.046738683922496686,-0.5894714699039125,0.011138595498068006,0.08448459170603291,152,True,11,53,152,327540,1307.73,1335.39,0.021151155054942583,False,2012-06-11 16:19:27.815
2012-06-12,1315.6852,0.001675,0.021398999999999998,0.19410938378977724,0.7433452266277658,-0.8346355112162295,1.1816725382705742,0.05878972846510941,-1.1077694199352457,0.009230584142344098,0.0692514087497169,165,True,12,68,165,321323,1306.62,1324.31,0.013538748832866432,False,2012-06-12 16:17:57.705
2012-06-13,1321.1223,0.001675,0.021601,0.15263914494347505,1.2717052119335355,-0.8802546238178761,1.2028923090396313,0.05912861785009327,-1.0587259148073047,0.007735300556831754,0.050314407773083374,146,True,10,56,146,349993,1310.51,1327.25,0.01277365300531863,False,2012-06-13 16:16:15.641
2012-06-14,1324.836,0.001675,0.021373000000000003,0.1676893615651756,0.9886581208566699,-0.8491874340459532,1.2162016716236432,0.05899285862484641,-1.1475716078747817,0.009393525511558809,0.06375442827637731,161,True,12,58,161,503057,1314.14,1333.68,0.014869039828328656,False,2012-06-14 16:19:39.390
2012-06-15,1337.8585,0.0016239999999999998,0.021135,0.20364250519805438,0.705975840871081,-0.8459003209714583,1.1344799175760756,0.04878009534054215,-0.9995113056948395,0.008620744795048645,0.08883367498723119,165,True,12,57,165,559714,1329.19,1343.32,0.01063053438560324,False,2012-06-15 16:18:45.815
2012-06-18,1342.9877,0.001675,0.02106,0.1466634134065066,1.3177584453112643,-0.8296222879499241,1.2992342971036983,0.037980448642202624,-1.3014758555013382,0.008264473468287601,0.075400750120882,152,True,11,57,152,487871,1334.63,1348.22,0.010182597424005069,False,2012-06-18 16:16:02.541
2012-06-19,1358.299,0.001675,0.020857999999999998,0.13902148815558088,1.1557399696424069,-0.8705571392234672,0.9882500814084788,0.0280078572045051,-0.6552928424027185,0.004817675052860147,0.054165424850152015,168,True,11,60,168,570190,1344.83,1363.46,0.013853052058624638,False,2012-06-19 16:16:20.191
2012-06-20,1355.8433,0.001726,0.020895,0.17491302186821409,0.931626391461506,-0.7703082974223248,1.2366701268624984,0.0309242466390184,-1.2034458279086844,0.008538569260458618,0.07780842084665635,134,True,9,43,134,663052,1346.45,1361.57,0.011229529503509195,False,2012-06-20 16:18:03.604
2012-06-21,1339.5303,0.001726,0.021389000000000002,0.16395462779599862,0.8578789758415353,-0.7304547974122539,0.9608388293903256,0.030278177533331455,-0.6419047997079483,0.010049958300097504,0.0878967476798376,166,True,11,50,166,629665,1324.41,1358.27,0.02556610113182467,False,2012-06-21 16:18:14.893
2012-06-22,1331.5499,0.001726,0.021237,0.12540726507352878,1.3175075978933566,-0.856550473422209,0.9202156509276405,0.02880243299819256,-0.5163467950813804,0.006844621778413248,0.06440010390550148,147,True,11,50,147,405615,1325.92,1337.79,0.008952274647037406,False,2012-06-22 16:19:35.250
2012-06-25,1313.725,0.001726,0.021602999999999997,0.2022780528840648,0.5889154768315352,-0.8446091990141349,0.843808221630867,0.038388727022509284,-0.47376296295829934,0.006166065163543464,0.07126641998284594,171,True,12,63,171,453822,1309.31,1334.9,0.019544645653053916,False,2012-06-25 16:16:23.311
2012-06-27,1330.6406,0.00198,0.021342,0.1650441350941899,0.8014896600314204,-0.8543674294662137,0.7650707484252754,0.0305082459626348,-0.32077091464236696,0.006502781283565506,0.05589795561081893,129,True,9,45,129,352410,1320.71,1334.39,0.010358064980200199,False,2012-06-27 16:18:37.718
2012-06-28,1319.385,0.002031,0.021516999999999998,0.11377678784158972,1.9871004111386614,-0.7687325751693793,1.3602349393206525,0.03681118991601704,-1.398067286352541,0.00823558932751223,0.0787366859580045,156,True,11,57,156,324434,1313.37,1331.52,0.013819411133191739,False,2012-06-28 16:16:10.781
2012-06-29,1354.9097,0.002031,0.020989,0.091302759106779,1.2863174363097079,-0.8662853105681209,0.5857634552081294,0.022555914429937964,-0.10823016341289668,0.008071993334374396,0.07782055329848862,182,True,12,56,182,582140,1330.12,1362.17,0.024095570324482063,False,2012-06-29 16:18:01.488
2012-07-02,1360.6906,0.0012720000000000001,0.020972,0.12197399878640597,0.8972784335631815,-0.8444400635940505,0.6743184289711802,0.02409229697387501,-0.23581606651715314,0.007539864132710056,0.0995696174441414,179,True,12,53,179,499985,1355.8,1366.35,0.0077813836849092155,False,2012-07-02 16:18:59.889
2012-07-03,1371.1438,0.001726,0.020868,0.16945904846572807,0.5718189546141779,-0.8795331014975281,0.6760640778890871,0.021363840439111086,-0.2632628455248497,0.008016351797231095,0.1041405885252208,172,True,12,56,172,321839,1363.75,1374.81,0.008109990834097136,False,2012-07-03 13:15:47.089
2012-07-05,1369.2935,0.001726,0.020968,0.11556017272494457,1.126263201881715,-0.8683781096484711,0.7815465102886844,0.02405756945246902,-0.35051260745802054,0.007049053583779143,0.08193215623903928,172,True,12,56,172,413598,1363.07,1373.85,0.007908618046028382,False,2012-07-05 16:17:54.167
2012-07-06,1352.6103,0.001675,0.021182,0.3012337617349265,0.33657152652421646,-0.7597092872195641,0.820339225346608,0.026670363477976727,-0.47018303058676025,0.00693071977235098,0.08990668234567148,168,True,12,58,168,303345,1348.03,1367.09,0.014139151205833755,False,2012-07-06 16:18:15.495
2012-07-09,1349.9455,0.0016239999999999998,0.021217,0.10897234081836635,1.2821566738773802,-0.7967753649986671,0.9647139588719718,0.029584886525465655,-0.6512337943458146,0.008419826588732807,0.10634494932212152,168,True,12,62,168,352572,1346.69,1354.85,0.006059300952706126,False,2012-07-09 16:19:42.244
2012-07-10,1347.9538,0.0016239999999999998,0.021217,0.09975346602990566,1.4793619652173318,-0.7937728299471584,0.9653640890224614,0.029005485484652444,-0.6367848572876835,0.009134854070396386,0.0904103416508136,163,True,11,62,163,439999,1336.27,1361.52,0.018895881820290894,False,2012-07-10 16:14:53.880
2012-07-11,1340.1668,0.001675,0.021402,0.13008840369205218,1.0994176537181992,-0.8324043497571191,0.99670770469336,0.03220476523379253,-0.7073832734689822,0.008882152748113221,0.1043695126391589,159,True,11,62,159,424739,1333.45,1345.0,0.008661742097566538,False,2012-07-11 16:19:57.572
2012-07-12,1331.6023,0.001675,0.021511999999999996,0.1209954429561614,1.2790280027081025,-0.8178422437335926,1.0136099611760332,0.03147457620851207,-0.717892033913277,0.01553068792613373,0.10008798506152329,176,True,12,62,176,543706,1325.46,1341.29,0.011943023554086718,False,2012-07-12 16:16:29.618
2012-07-13,1351.858,0.001675,0.021166,0.10074652383227067,1.2447860653329035,-0.840435749768466,0.7421639490463577,0.023214592223877947,-0.29999158926980507,0.007968941619564464,0.09249649912331545,165,True,11,59,165,610848,1334.81,1357.63,0.017096066106786934,False,2012-07-13 16:16:53.986
2012-07-16,1353.544,0.0016239999999999998,0.021215,0.1356208706450427,0.8966982289646078,-0.7608486717381732,0.9669132785415847,0.02735682092948541,-0.6916992991839402,0.007296214136890759,0.08394134550355599,169,True,12,72,169,277080,1348.66,1357.26,0.006376699835392019,False,2012-07-16 16:18:44.725
2012-07-17,1356.7075,0.001675,0.021059,0.12428530925380378,0.8256481777630506,-0.8370876645939108,0.7576503152477958,0.025193466539758617,-0.36880212197884377,0.008754378079013376,0.10445346532309738,172,True,12,57,172,398290,1345.07,1365.36,0.015084716780539242,False,2012-07-17 16:15:38.423
2012-07-18,1369.7827,0.001573,0.020814,0.10160747970850939,1.2311320897628169,-0.8298485417485222,0.8483053744228574,0.023010380935831902,-0.4694375506165639,0.00986474783967966,0.12422752758442225,176,True,12,57,176,660938,1358.96,1375.24,0.011979749219991787,False,2012-07-18 16:19:14.232
2012-07-19,1376.0039,0.001573,0.020772,0.12761563819175223,0.9347804217861305,-0.7727441635421529,0.8697292811741296,0.021086084035543306,-0.5178438223408834,0.008401932448401183,0.10744802231851862,161,True,11,51,161,550404,1371.21,1380.35,0.006665645670612008,False,2012-07-19 16:17:15.446
2012-07-20,1366.1368,0.001522,0.020985,0.11858735922980147,1.070255101873265,-0.8275307606883383,0.7181827331976192,0.021809106975352988,-0.2619489857964573,0.004793306291120318,0.048295512650170305,166,True,11,47,166,397562,1362.19,1376.51,0.01051248357424428,False,2012-07-20 16:19:01.648
2012-07-23,1344.1048,0.001522,0.021176,0.0825937231699553,4.2269141295617905,-0.7937387146735915,1.9673062283523068,0.040762568663092594,-3.1720606451533806,0.010364244561075322,0.08876144131142476,172,True,11,58,172,399024,1337.59,1362.34,0.01850342780672709,False,2012-07-23 16:17:10.725
2012-07-24,1337.2429,0.0016239999999999998,0.021369,0.1757654502151887,0.6565255920072128,-0.8462801293076042,0.7933882632315101,0.034776497752654054,-0.39867590371962985,0.012157656434149622,0.0942727755242913,181,True,12,61,181,430296,1329.31,1351.53,0.01671543883668969,False,2012-07-24 16:20:00.127
2012-07-25,1337.853,0.001675,0.021377999999999998,0.12152516013422188,1.2192899217896533,-0.8108244456007362,1.0128122405349311,0.03598789703520076,-0.7294398285863262,0.007859382656814289,0.08715469322970812,186,True,12,64,186,371860,1331.5,1343.98,0.009372887720615841,False,2012-07-25 16:18:05.191
2012-07-26,1357.8033,0.001675,0.021031,0.1012769286986379,2.2237639160166447,-0.7963746947481615,1.4171977071758712,0.030427644622094806,-1.5580173820945036,0.009057300164808282,0.09496693917715732,168,True,12,47,168,506010,1338.17,1363.11,0.018637392857409507,False,2012-07-26 16:18:27.748
2012-07-27,1379.6341,0.001675,0.020647000000000002,0.0896211329087952,1.5048371263904092,-0.8493553261807801,0.7249726664676527,0.0215828272451351,-0.25585495090456983,0.005408886695993316,0.05512212607556875,166,True,11,48,166,593650,1360.05,1389.19,0.02142568287930602,False,2012-07-27 16:19:05.715
2012-07-30,1385.1786,0.001675,0.020776,0.10937912367913126,1.0691784175807864,-0.8269502102847467,0.7188602387493865,0.026033473061322775,-0.2828684461115717,0.005368454268888785,0.05498103945832192,182,True,12,57,182,396211,1381.37,1391.74,0.007507040112352259,False,2012-07-30 16:18:06.337
2012-07-31,1382.8259,0.001573,0.020891000000000003,0.20903234126120226,0.3954898122761087,-0.7771865128099922,0.6481205452568419,0.029583990258301593,-0.25471991837396935,0.00601080204858799,0.05335167007672814,156,True,10,43,156,349380,1379.17,1387.13,0.005771587259003619,False,2012-07-31 16:16:05.851
2012-08-01,1380.207,0.001573,0.020891000000000003,0.17545094936453048,0.4598944610246237,-0.8776427727175287,0.6241188164127506,0.03061713766745802,-0.22814645741193407,0.008092236475243136,0.07135725624250806,170,True,12,44,170,424098,1373.35,1385.03,0.008504751155932633,False,2012-08-01 16:19:57.524
2012-08-03,1390.6983,0.001777,0.020756,0.22521345597673714,0.3547724858488824,-0.806887938726654,0.580296839701913,0.021193217273995514,-0.176945346921058,0.008569600023289782,0.09321864035077294,180,True,12,54,180,501626,1365.45,1394.16,0.02102603537295389,False,2012-08-03 16:18:46.457
2012-08-06,1398.0806,0.001675,0.020711,0.2278931979546258,0.35170705811854325,-0.7469538040121544,0.7151970112015698,0.02229314995424037,-0.3512034723959617,0.01148296015446848,0.12393729719931335,174,True,12,55,174,393982,1391.04,1399.63,0.0061752357948010594,False,2012-08-06 16:16:02.508
2012-08-07,1404.0463,0.001675,0.020711,0.10871088283577934,0.8080307077452856,-0.9810606845091282,0.404703780736468,0.018244445173172544,0.011898313052428028,0.005326980063570162,0.05772530107880069,161,True,11,45,161,499823,1394.46,1407.13,0.009085954419632003,False,2012-08-07 16:16:32.403
2012-08-08,1400.8254,0.001726,0.020535,0.18034165207397848,0.4816332167715884,-0.8473816572909277,0.591163494996058,0.019680176570828403,-0.17575721780336861,0.011194765964210823,0.12832294357112614,169,True,12,55,169,342614,1396.24,1404.14,0.005658053056781132,False,2012-08-08 16:17:40.348
2012-08-09,1403.094,0.001726,0.020535,0.08108418436133169,1.4525273539314159,-0.8270451470854607,0.583405250339082,0.016661443310765564,-0.10480769461110245,0.009197007617242887,0.12403620424355817,170,True,12,57,170,366894,1398.8,1405.93,0.005097226193880644,False,2012-08-09 16:16:20.209
2012-08-13,1401.6425,0.001726,0.020893000000000002,0.1351449008122587,0.7436971317667597,-0.7921165724380056,0.6610194360924292,0.017491566837096018,-0.23593294467799306,0.009228383263281768,0.11232520401283397,160,True,11,54,160,453875,1397.32,1405.87,0.006118856095955083,False,2012-08-13 16:19:34.504
2012-08-14,1406.6475,0.001777,0.020931,0.10074126079806642,1.0127792286218613,-0.9216154900289434,0.4254397290151812,0.015820180324468528,0.02305834977840812,0.006227577430032664,0.08036830300627329,180,True,12,44,180,384263,1400.6,1410.03,0.006732828787662459,False,2012-08-14 16:16:42.554
2012-08-15,1405.2971,0.001777,0.020950000000000003,0.09670415881620632,1.3544347391672782,-0.6772688146410901,0.8482869920200817,0.016692376320764684,-0.4576318765852393,0.01043848467405982,0.12344376827861084,175,True,12,53,175,326227,1401.95,1407.73,0.004122828916865773,False,2012-08-15 16:19:48.488
2012-08-16,1412.1519,0.001777,0.020809,0.06518858842514162,2.8973041570059928,-0.6807111744611776,0.8285844616617021,0.013576140248430669,-0.30880987364018153,0.011418803378499367,0.10029988302999092,177,True,12,46,177,714099,1404.15,1417.44,0.009464800769148463,False,2012-08-16 16:19:52.351
2012-08-17,1416.3028,0.001777,0.020771,0.11294714335084928,1.2492621877959804,-0.7292630056513995,0.8225260639673757,0.013442757505415652,-0.39434793509008703,0.008755879063267849,0.12580719978543412,164,True,11,51,164,412802,1414.68,1418.71,0.002848700766250989,False,2012-08-17 16:18:13.106
2012-08-20,1415.4594,0.001777,0.020775000000000002,0.0756336024315636,2.1076574623424187,-0.7382889404265286,0.7940642330232306,0.014491176035160763,-0.31171855302932205,0.007950381221283002,0.0913362335803371,174,True,12,51,174,575517,1412.13,1418.13,0.004248900596970584,False,2012-08-20 16:17:38.474
2012-08-21,1419.7594,0.001776,0.020752000000000003,0.12787470034742784,0.7713204401108906,-0.8418351390806246,0.4332736732845962,0.013444619714279661,0.009538664340525582,0.0060052323382655095,0.06648890356080098,169,True,11,42,169,557054,1410.86,1426.68,0.01121301900968219,False,2012-08-21 16:18:09.610
2012-08-22,1411.0375,0.001827,0.020755,0.09450128769191596,1.6886301971007665,-0.7513799636980617,0.8044746797390907,0.015284869637197027,-0.32802405421836006,0.006385905137275923,0.06603138744586383,153,True,11,42,153,433941,1406.78,1416.12,0.006639275508608211,False,2012-08-22 16:18:31.474
2012-08-23,1404.7097,0.001777,0.021044999999999998,0.11102565121900393,1.1386299249286262,-0.9292722827348572,0.5210535848916854,0.016549383577509586,-0.018662580503184256,0.006246669904641198,0.06239145789783804,176,True,12,41,176,543323,1400.53,1413.49,0.009253639693544535,False,2012-08-23 16:16:33.547
2012-08-24,1405.6157,0.001777,0.020922999999999997,0.13219655015746487,1.087726239401292,-0.8272339043088014,0.8864053870216104,0.01876474014205291,-0.49812719741172384,0.008893477247779289,0.09840734651868405,177,True,12,54,177,260087,1398.1,1413.44,0.010972033474000442,False,2012-08-24 16:18:10.845
2012-08-27,1412.106,0.001726,0.020935000000000002,0.13784898205646925,0.9863018992213305,-0.818974768388264,0.9273952525522277,0.02110228651844302,-0.5881405288403646,0.009284461130420403,0.11334499047897446,164,True,12,59,164,252662,1409.11,1416.07,0.004939287919325075,False,2012-08-27 16:18:08.725
2012-08-28,1410.4112,0.001726,0.020962,0.11364934048260245,1.462593526926742,-0.7944902679332608,1.0050625662235482,0.02162818325524073,-0.6777051825651688,0.005859778099444177,0.0686510011989604,169,True,12,53,169,306092,1405.6,1413.63,0.005712862834376997,False,2012-08-28 16:15:35.131
2012-08-29,1410.8812,0.001726,0.020975,0.1288485378847188,1.2317787473274884,-0.8223827561945153,0.942392238761885,0.02176970666024361,-0.570677350497403,0.005592302899720747,0.07123348154712533,176,True,12,54,176,244033,1406.57,1413.92,0.005225477580212967,False,2012-08-29 16:17:30.908
2012-08-30,1400.7967,0.001675,0.021157,0.08793195816978745,2.55949169263211,-0.7613875685195124,1.1372886711767276,0.02416467224625956,-0.8433032886820364,0.0061861735252134705,0.06895663876335048,170,True,12,46,170,466822,1397.01,1410.08,0.009355695377985862,False,2012-08-30 16:17:59.673
2012-08-31,1407.547,0.001573,0.021052,0.10250761664296933,1.506658104879797,-0.9284587891012962,0.6465670661093124,0.02016085510763948,-0.10916110812312213,0.005256178933805422,0.047726035800103164,164,True,11,39,164,286543,1398.96,1413.05,0.010071767598787584,False,2012-08-31 16:15:36.087
2012-09-04,1401.6229,0.001878,0.021079,0.1633610579381601,0.7066599286086596,-0.9840507265659402,0.636414031271627,0.02594166838535285,-0.17414139211937277,0.0075778653116910216,0.06141214414093381,172,True,12,59,172,341437,1396.56,1409.31,0.009129575528441292,False,2012-09-04 16:14:56.408
2012-09-05,1404.9982,0.001726,0.021248999999999997,0.11061823148824074,1.2495765236214595,-0.8050776409585856,0.8372992594420998,0.02586668684556148,-0.4246181595578294,0.0044941552979555705,0.04594227151702273,169,True,11,51,169,325247,1401.25,1408.81,0.0053951828724352335,False,2012-09-05 16:16:19.429
2012-09-06,1428.0648,0.001726,0.021248999999999997,0.13416528102644523,0.9116745697089655,-0.8155315256829545,0.9102220639927983,0.022562593435502612,-0.5838740560799759,0.008160315230522306,0.11149654478827734,179,True,12,55,179,584374,1403.74,1432.12,0.020217419180190044,False,2012-09-06 16:19:37.134
2012-09-07,1435.9093,0.001827,0.020762,0.07115310557420657,2.4560441664816737,-0.7139355494398036,1.043450991520763,0.015538025286293626,-0.7392796319604942,0.007716315823497984,0.08838933121315432,177,True,12,54,177,631640,1431.45,1437.92,0.004519892416780191,False,2012-09-07 16:19:48.106
2012-09-10,1435.5338,0.0016239999999999998,0.020893000000000002,0.09318268813693009,1.1888277394633855,-0.7416086137379772,0.7424696388924865,0.017863738177472253,-0.3297048356872429,0.006702748309145003,0.08090818408242444,177,True,12,53,177,411422,1428.98,1438.74,0.006830046606670415,False,2012-09-10 16:19:39.360
2012-09-11,1434.8527,0.001726,0.020829,0.0897337209740771,1.3648098393118855,-0.7790937142585439,0.7874125291061326,0.02050220488836033,-0.3750795603863406,0.00491322873802521,0.05571181687890556,167,True,12,47,167,545388,1429.13,1437.75,0.006031641628123419,False,2012-09-11 16:16:42.195
2012-09-12,1436.6724,0.001726,0.020829,0.1584734941094786,0.5552024511587739,-0.7618603125212604,0.7422409130314231,0.02142254833625403,-0.37495182823116463,0.005584574039878542,0.06793563668706938,175,True,12,57,175,397867,1432.99,1439.15,0.004298704108193441,False,2012-09-12 16:15:29.804
2012-09-13,1451.9666,0.001522,0.020354999999999998,0.08621055435183742,1.1772033439163343,-0.7275695340593786,0.745505210837023,0.017332332637611567,-0.35280331365742634,0.008665847837046116,0.09734268468396667,186,True,12,47,186,817645,1435.39,1463.76,0.019764663262249238,False,2012-09-13 16:19:50.098
2012-09-14,1467.4772,0.0016239999999999998,0.020274999999999998,0.1451818580727059,0.48430940744080253,-0.6978649679495005,0.5970078615783673,0.01651313427710696,-0.21579250747768117,0.006830552858273743,0.07548468362206134,179,True,12,43,179,880924,1460.07,1474.51,0.00988993678385297,False,2012-09-14 16:18:31.198
2012-09-17,1461.987,0.001675,0.020339,0.13780729889688767,0.7121074335715556,-0.7601276330727365,0.8423104998931789,0.018828787141980014,-0.5132197743405149,0.008793477090894798,0.10896924541580214,163,True,12,51,163,369996,1457.55,1465.63,0.005543549106377332,False,2012-09-17 16:16:56.708
2012-09-18,1458.3809,0.001675,0.020367000000000003,0.3091227269994243,0.22903726536820412,-0.8350604577363923,0.5184591662740691,0.015775757387120438,-0.12719865898338267,0.01505353938562562,0.1303040810145833,148,True,10,47,148,491979,1456.13,1461.47,0.0036672549841016977,False,2012-09-18 16:17:06.981
2012-09-19,1461.3912,0.001777,0.020344,0.1537204889675548,0.5150372122713027,-0.7549487844386924,0.6797564748649925,0.014810148117832433,-0.30372532090721915,0.010200640057406446,0.13504957765248887,171,True,12,51,171,593230,1457.97,1465.09,0.004883502404027462,False,2012-09-19 16:19:15.670
2012-09-20,1456.6983,0.001777,0.020373000000000002,0.0783695927420508,2.1020814676602546,-0.6491203178647059,1.3345947341299382,0.014761539630691418,-1.4516645673050674,0.008921543329743932,0.12828433459997768,156,True,11,54,156,593124,1450.0,1461.23,0.0077448275862068705,False,2012-09-20 16:19:35.843
2012-09-21,1463.6055,0.001726,0.020375,0.07451009557308814,1.9676264157029184,-0.7120032303889955,0.9930573577570511,0.012389824566547705,-0.6929468512231011,0.007990860438688227,0.09569614849694942,136,True,10,41,136,536019,1459.53,1467.07,0.005166046604043739,False,2012-09-21 16:19:47.579
2012-09-24,1456.0937,0.001675,0.020377999999999997,0.08715401529680157,1.0476181698416291,-0.7825487418129801,0.5489492725404196,0.012972284404822888,-0.11873704382348663,0.005442759494122908,0.06492213562311719,164,True,11,50,164,384168,1452.06,1460.72,0.005963940883985552,False,2012-09-24 16:18:55.360
2012-09-25,1454.2897,0.001675,0.020607,0.161891421444498,0.5172079211098017,-0.8221236024590746,0.6874752320011626,0.015977382295276336,-0.3051591435534131,0.009487799541528808,0.13175148315770477,181,True,12,63,181,381759,1441.59,1463.21,0.014997329337745224,False,2012-09-25 16:16:53.161
2012-09-26,1435.3369,0.0016239999999999998,0.020765,0.138309048700187,0.7567802187334005,-0.7990953071236591,0.8369608614859947,0.021274398062234277,-0.4911643794031063,0.006717370874926147,0.08145359987733702,174,True,12,61,174,437340,1430.53,1441.6,0.007738390666396366,False,2012-09-26 16:19:21.040
2012-09-27,1442.3827,0.001573,0.020590999999999998,0.156349618381253,0.6082671170781085,-0.8219424589710967,0.7732762420336905,0.01958692804554722,-0.4077514832356923,0.00809772050804236,0.10409652150437643,172,True,12,60,172,499915,1433.36,1450.2,0.01174861863035126,False,2012-09-27 16:18:04.116
2012-09-28,1440.2222,0.0015229999999999998,0.020686,0.11242640926092196,1.09073400671973,-0.7597365259882679,0.9587067697245104,0.017954558130314158,-0.6738640546470503,0.004733517023217725,0.06333418820758488,142,True,10,44,142,345175,1435.6,1447.13,0.008031485093340951,False,2012-09-28 16:14:54.314
2012-10-01,1450.591,0.000916,0.020648,0.15927832317134427,0.5168307086022164,-0.794448799313956,0.6743633054972257,0.018484235884871206,-0.2901260105419072,0.005887197850517808,0.07848619310741552,169,True,12,66,169,394613,1440.9,1457.14,0.011270733569296976,False,2012-10-01 16:17:08.579
2012-10-02,1444.6585,0.001476,0.020667,0.14306067342560347,0.6625870079505328,-0.7580352739198692,0.8759694241831674,0.021549954635903534,-0.577742144982872,0.008858921654288816,0.11120305510821761,171,True,12,57,171,302134,1439.01,1451.52,0.008693476765276209,False,2012-10-02 16:18:10.445
2012-10-03,1449.4212,0.001476,0.020667,0.09773625015485225,1.0679315054859673,-0.7381308447303825,0.7831606891762863,0.017583603209828,-0.40458942353422683,0.006096261929044569,0.08332700823900205,158,True,11,49,158,375543,1441.99,1454.29,0.008529878847980843,False,2012-10-03 16:18:16.364
2012-10-04,1459.9162,0.001777,0.020472999999999998,0.08870907728920384,1.3222087263526088,-0.7457419129852553,0.9293114121538385,0.017803650896485182,-0.6290358685624148,0.007334968536459544,0.0993299453505356,173,True,12,57,173,511540,1451.08,1463.14,0.008311051079196385,False,2012-10-04 16:17:22.252
2012-10-05,1466.246,0.001726,0.020487000000000002,0.08563928660043124,1.2947574337941998,-0.7045515874131314,0.8693886769988406,0.014858723731901937,-0.5340724657923137,0.006652004627670525,0.11121142789368672,142,True,10,54,142,523566,1456.89,1470.95,0.009650694287145933,False,2012-10-05 16:15:58.521
2012-10-08,1455.5734,0.001675,0.020558,0.1219484391326816,0.7500131193360141,-0.7464561666564665,0.7774522234988321,0.01804677062678927,-0.4215061013591569,0.00782441718343103,0.11092456800445097,142,True,11,61,142,235871,1453.1,1460.93,0.0053884798018031255,False,2012-10-08 16:19:03.300
2012-10-09,1446.0145,0.001573,0.020765,0.07810561460268024,1.273385118660468,-0.726370390262271,0.6626922563977993,0.018881283609281586,-0.240243972051841,0.005871252272874029,0.06350645136600515,174,True,12,56,174,352479,1441.19,1455.85,0.010172149404311659,False,2012-10-09 16:19:19.544
2012-10-10,1435.2188,0.001675,0.020904,0.1620252438502452,0.4711404560744421,-0.8398903148271762,0.5994661527769765,0.021010703530445277,-0.20668637375887483,0.006621235338313534,0.08340540221597255,170,True,12,56,170,521946,1430.64,1442.52,0.008303975842979261,False,2012-10-10 16:16:03.740
2012-10-11,1437.5297,0.001675,0.020904,0.11757403549098924,0.7525495737821529,-0.7630118469953788,0.7222599304012274,0.019006809647694804,-0.3446988264700025,0.005784455831021209,0.07938117064842003,175,True,12,64,175,506126,1432.82,1443.89,0.007726022808168587,False,2012-10-11 16:18:21.339
2012-10-12,1430.9481,0.0016239999999999998,0.021011000000000002,0.09885545470405471,1.0495792729825884,-0.7508568935920592,0.7891872684860766,0.019048338053849218,-0.4153032721832248,0.005640766892051324,0.07455810644171862,180,True,12,58,180,614021,1425.58,1438.42,0.009006860365605718,False,2012-10-12 16:16:10.228
2012-10-15,1434.7462,0.001675,0.020845,0.07278964878280464,1.2724578818602326,-0.8039657227584794,0.5721422864612189,0.01846388189207477,-0.14210327133403575,0.004374242656200899,0.05220226698301771,149,True,10,45,149,306360,1427.24,1441.31,0.009858187831058407,False,2012-10-15 16:18:30.349
2012-10-16,1452.5543,0.001675,0.020634,0.14914615615532117,0.49719092865531345,-0.781161054783791,0.6615951330843329,0.017659219873011365,-0.28939988835240715,0.00773707136212294,0.10025259416420036,168,True,12,57,168,378944,1440.31,1455.47,0.010525511868972659,False,2012-10-16 16:19:36.948
2012-10-17,1457.4657,0.001827,0.020557,0.08313200818385263,1.2403345478901104,-0.7340252669046613,0.7871954108388796,0.017204537263524663,-0.41345361127396074,0.0090578015263092,0.13305609373635663,159,True,11,50,159,693696,1453.35,1462.17,0.006068737743833319,False,2012-10-17 16:18:09.730
2012-10-18,1458.2716,0.001777,0.020628999999999998,0.10373523733729603,0.9695303866064638,-0.7268589330282574,0.7696135773632738,0.016197074955339435,-0.39115612894121204,0.006570556692947847,0.08479415043678283,168,True,12,51,168,568681,1452.63,1464.02,0.00784095055175782,False,2012-10-18 16:19:43.508
2012-10-19,1439.9148,0.001726,0.020978,0.10590750444934605,0.6957125646459277,-0.8167289008838361,0.5630630524206195,0.01987152451767728,-0.16967763792981624,0.005841394969456753,0.06692298533627718,183,True,12,60,183,645796,1429.85,1457.34,0.019225792915340767,False,2012-10-19 16:16:30.117
2012-10-23,1413.2773,0.001777,0.021278000000000002,0.08964204597021086,1.5353459003194587,-0.7537711939492175,1.195785995732186,0.03468392114705612,-1.154641052035992,0.013813179031896878,0.0936227582330181,182,True,12,56,182,624049,1407.56,1433.74,0.018599562363238453,False,2012-10-23 16:15:58.254
2012-10-24,1413.5444,0.001777,0.021344,0.10116213143020836,0.9748368937620944,-0.7837653938863357,0.8085243361516864,0.029761338429883516,-0.4564784462099711,0.004404887091616141,0.04259387193876134,160,True,11,54,160,391888,1407.1,1419.96,0.009139364650700088,False,2012-10-24 16:19:49.215
2012-10-25,1412.3936,0.001777,0.021283,0.09570393966658441,1.2106247178049216,-0.7704828459485742,0.9830044478815241,0.03029214705740216,-0.734574634651504,0.005593838279737459,0.05456531290520955,164,True,11,52,164,413032,1405.14,1421.02,0.011301364988542062,False,2012-10-25 16:17:00.728
2012-10-26,1409.9991,0.001726,0.0213,0.0920387964469931,1.246071122039756,-0.7853453483301773,0.9262014362201038,0.028571824905336447,-0.6284753277363961,0.0053889481746393405,0.049940765055174086,184,True,12,57,184,352657,1403.28,1417.09,0.009841229120346684,False,2012-10-26 16:16:42.490
2012-10-31,1411.4678,0.001675,0.021328,0.10878811134846827,0.7809398958697104,-0.7376892098654735,0.7344641875601935,0.027617153950729566,-0.36952369011178454,0.007850561631063534,0.07175050894297938,153,True,10,50,153,373820,1405.99,1418.74,0.009068343302583992,False,2012-10-31 16:14:54.671
2012-11-01,1424.3786,0.001017,0.021103999999999998,0.2337795391529748,0.2651033927550221,-0.7534770192389434,0.6386740035338793,0.024565847401027047,-0.28395298481767534,0.006384278613800475,0.06633983067010167,166,True,11,53,166,570304,1412.2,1428.35,0.011436057215691742,False,2012-11-01 16:20:01.759
2012-11-02,1424.81,0.001017,0.021103999999999998,0.15108344773848262,0.43189696242922987,-0.7538036751619125,0.6835636745833285,0.02428693570391998,-0.33675433290669066,0.007147200857299331,0.08692745914947535,178,True,12,60,178,444047,1412.91,1434.2,0.01506819259542369,False,2012-11-02 16:16:35.049
2012-11-05,1413.2247,0.001726,0.021313,0.12079153293162363,0.6487647002064171,-0.7916085468096318,0.7899831041079917,0.030741091618588262,-0.4673427394763813,0.008235117769601211,0.1140596733115778,180,True,12,67,180,429769,1408.17,1419.86,0.008301554499811736,False,2012-11-05 16:18:33.185
2012-11-06,1427.5661,0.001675,0.021158999999999997,0.10708897231376446,0.7612837040715984,-0.764184602435576,0.7748071910933354,0.027519019339850216,-0.4372760043534575,0.006837149935509138,0.0685324384497029,184,True,12,64,184,511393,1417.26,1433.31,0.011324668726980125,False,2012-11-06 16:18:01.715
2012-11-07,1400.4242,0.001827,0.021979000000000002,0.10409498562871163,0.7874547535822439,-0.8179602266835723,0.6572377387974976,0.028851227289392555,-0.26802126278483895,0.007484389136004594,0.06838250208867462,182,True,12,54,182,818251,1388.14,1428.27,0.02890918783408014,False,2012-11-07 16:18:56.332
2012-11-08,1388.9521,0.001827,0.021979000000000002,0.11964181662126125,0.6754916747103871,-0.834688483308834,0.5933632206340212,0.02749980588607737,-0.1904458094514006,0.004375823635205823,0.039242578674404574,187,True,12,49,187,782107,1377.51,1401.23,0.017219475720684496,False,2012-11-08 16:19:56.576
2012-11-09,1382.6332,0.001573,0.02222,0.08950175912503731,1.1385359614519883,-0.8054773319917584,0.6912570393720423,0.028374256285323786,-0.274034351727264,0.005075911693619811,0.04822357600251318,189,True,12,50,189,885447,1373.03,1391.39,0.01337188553782509,False,2012-11-09 16:17:32.180
2012-11-12,1380.574,0.001472,0.022216999999999997,0.08338688971593687,1.2518374324507053,-0.7809623646716906,0.7459730616205015,0.028475914843127146,-0.3477021488193674,0.006302099827965692,0.07033512059163854,178,True,12,61,178,390417,1377.22,1384.84,0.005532885087349726,False,2012-11-12 16:19:52.385
2012-11-13,1382.5602,0.001726,0.022331,0.0916192588505307,0.8008097947632863,-0.7378690213836356,0.5831545304792406,0.024280833260522446,-0.19333000666554778,0.00829521917737915,0.08777316832990817,180,True,12,59,180,406712,1371.39,1388.81,0.012702440589474895,False,2012-11-13 16:19:27.339
2012-11-14,1365.0819,0.001675,0.022722000000000003,0.2246136914389399,0.2194387591199488,-0.7793736005771396,0.4930244107718298,0.026604978760835462,-0.14449517015548585,0.009019674434488478,0.11347239822836692,186,True,12,55,186,675674,1352.5,1380.1,0.02040665434380773,False,2012-11-14 16:19:23.467
2012-11-15,1353.6322,0.001726,0.022850000000000002,0.08878049263062537,0.9558240972150289,-0.8050581864390495,0.5778035965160294,0.03043302987716619,-0.1641399277089125,0.005609923581468999,0.05010343546431137,182,True,12,49,182,755961,1348.05,1360.62,0.00932457994881486,False,2012-11-15 16:19:02.725
2012-11-16,1353.5005,0.001675,0.022754,0.13359122573925428,0.54883544438355,-0.7943606584623155,0.6216918014666754,0.029272621508324128,-0.23986149652218658,0.00895161179585937,0.0732777328367006,182,True,12,54,182,867809,1343.35,1362.01,0.01389064651803329,False,2012-11-16 16:19:02.186
2012-11-19,1381.7747,0.001675,0.022366999999999998,0.2002910976352926,0.2784829887673855,-0.7484788352292585,0.6118325488778793,0.02282847539824047,-0.2627837408804496,0.009896284743919119,0.119385593508852,187,True,12,65,187,489926,1359.88,1386.89,0.01986204665117519,False,2012-11-19 16:16:29.633
2012-11-20,1384.5393,0.001675,0.022366999999999998,0.12256668302920651,0.5510332624060617,-0.7160602185511619,0.6708903122274988,0.021681931914025336,-0.3150171726169642,0.007511760493947194,0.0985284110777869,181,True,12,60,181,433736,1377.04,1389.73,0.009215418578981005,False,2012-11-20 16:17:28.121
2012-11-21,1388.9817,0.001726,0.022286,0.09914775222383035,0.8038976262182544,-0.7301713803092463,0.7522235258762054,0.021378208808329347,-0.4064309475664046,0.00653282833088142,0.09933233724255189,176,True,12,58,176,512844,1386.39,1391.22,0.0034838681756215184,False,2012-11-21 16:14:57.888
2012-11-23,1402.3943,0.001726,0.021890999999999997,0.09524306407830196,0.9227625791941323,-0.8062663999851739,0.6442638061814636,0.019386692109884196,-0.23930238103693466,0.004964235614854169,0.06820150607417232,162,True,11,57,162,358085,1391.03,1409.16,0.013033507544768952,False,2012-11-23 13:16:39.498
2012-11-26,1402.3659,0.001675,0.021941000000000002,0.08253318460599683,1.0901559622706567,-0.7154309169770354,0.7440508312913625,0.02202275057039646,-0.37366355297854315,0.004847281767532747,0.05365624921146085,164,True,11,53,164,430335,1397.68,1409.15,0.008206456413485164,False,2012-11-26 16:14:33.337
2012-11-27,1403.9594,0.001675,0.022090000000000002,0.14068245895598874,0.4809397144360886,-0.7701097863714931,0.6649359358548294,0.0214668824922729,-0.3068202355182178,0.009301290996207037,0.10539532943588542,162,True,11,62,162,388794,1398.03,1409.01,0.007853908714405389,False,2012-11-27 16:19:11.675
2012-11-28,1399.1904,0.001675,0.021958000000000002,0.13054477972402298,0.42697755730763565,-0.7237248443518662,0.5642907919758394,0.022592984134140064,-0.20694471557706667,0.007362907397411026,0.08735251570162379,153,True,10,49,153,349683,1385.53,1410.31,0.01788485272783702,False,2012-11-28 16:15:32.414
2012-11-29,1415.5724,0.001675,0.021879,0.1340102300376444,0.4730768941709913,-0.767018198052966,0.6246948046264068,0.02083770690244563,-0.2634493121005268,0.007307715214950391,0.09192809842926308,181,True,12,55,181,480261,1409.04,1419.7,0.007565434622154088,False,2012-11-29 16:17:54.011
2012-11-30,1414.7664,0.001675,0.021877,0.09403129386567313,0.7987809788514012,-0.7391143705102082,0.6495516461003829,0.021485836027368834,-0.27169652303834474,0.005260975181938286,0.062073858554812594,165,True,12,63,165,397579,1411.63,1418.85,0.005114654689968301,False,2012-11-30 16:19:23.469
2012-12-03,1414.5868,0.001777,0.021968,0.12103215632717929,0.5564325905188441,-0.752882186538141,0.6427704210153018,0.02337542180692715,-0.2784613415697602,0.005583059984608778,0.06586686594268548,164,True,11,57,164,474431,1408.56,1423.73,0.010769864258533657,False,2012-12-03 16:18:28.920
2012-12-04,1407.1796,0.001726,0.02204,0.10715685668998788,0.6711024582671404,-0.7701172244619938,0.6694245715784523,0.025352479571756615,-0.30430279714333325,0.006495708116078816,0.06997466345165337,165,True,11,57,165,486498,1403.99,1413.14,0.006517140435473356,False,2012-12-04 16:19:20.501
2012-12-05,1408.5403,0.001726,0.02204,0.08229109297220738,1.072893419852907,-0.7142332147902073,0.8006078998864415,0.025220541496084613,-0.46439386503580826,0.006941105974004472,0.0980556850631089,178,True,12,63,178,443403,1398.23,1415.56,0.01239424129077471,False,2012-12-05 16:15:54.804
2012-12-06,1410.983,0.001726,0.022324,0.08130212720767548,1.012077607323542,-0.7956917208837386,0.5686604362724271,0.023299755668767293,-0.15880656703223026,0.007708960352275626,0.09929590153283023,153,True,10,56,153,464867,1405.93,1413.95,0.0057044091811113695,False,2012-12-06 16:19:53.350
2012-12-07,1415.4933,0.001827,0.022265,0.17146669795499572,0.3834950287245486,-0.7808836929154387,0.6580788793562964,0.023705761421267294,-0.3015545589397297,0.007107666365462355,0.09079321109274846,175,True,12,53,175,424652,1410.9,1420.34,0.006690764760082013,False,2012-12-07 16:17:43.127
2012-12-10,1419.3648,0.001726,0.022262,0.1227958609241033,0.4669053498511942,-0.7563257869424836,0.5487905751515918,0.022812491705548596,-0.18650300656512084,0.005222323710007284,0.08776092430988451,170,True,12,58,170,415719,1415.75,1421.62,0.004146212254988457,False,2012-12-10 16:17:22.054
2012-12-11,1430.0986,0.001726,0.022118000000000002,0.11751515959884302,0.4942288394781572,-0.7676631501214952,0.4966245031039843,0.0206794638173362,-0.1304771351840261,0.004068446587889154,0.04387627079267959,164,True,11,52,164,538257,1418.55,1434.27,0.011081738394839835,False,2012-12-11 16:18:24.306
2012-12-12,1432.048,0.0015229999999999998,0.022143000000000003,0.096799029272848,0.8080797790930703,-0.7519493701567832,0.6598750588809685,0.0213882938041834,-0.2789924169507084,0.004866871824890745,0.06588134498212998,182,True,12,54,182,487103,1426.76,1438.59,0.008291513639294479,False,2012-12-12 16:19:03.690
2012-12-13,1422.64,0.001421,0.022364000000000002,0.09915261870420021,0.7895421117152015,-0.7414129304845644,0.6058725914941997,0.021256758808736398,-0.21051126121628452,0.00713714763800229,0.0870201914457302,178,True,12,53,178,507745,1416.0,1431.36,0.010847457627118473,False,2012-12-13 16:16:31.070
2012-12-14,1415.5952,0.0012690000000000002,0.022513000000000002,0.3768235537339313,0.14539098962546373,-0.7789060265887688,0.534663101097759,0.023318314044895563,-0.17629113289235174,0.006876393216895768,0.0738466824302911,178,True,12,48,178,602119,1411.88,1419.45,0.005361645465620235,False,2012-12-14 16:16:39.450
2012-12-17,1424.585,0.0013189999999999999,0.022209,0.16955790322704906,0.34637314547988035,-0.7554575540363364,0.5680673508503462,0.024164658629045873,-0.20523990653867805,0.005426262843414252,0.05782494999432519,169,True,12,57,169,279238,1413.54,1430.67,0.012118510972452201,False,2012-12-17 16:19:14.668
2012-12-18,1440.8899,0.0015229999999999998,0.022011,0.09490333774440686,0.8764539077232494,-0.7536013472436083,0.7258471643796569,0.02246322646672601,-0.3604973035938592,0.005118476721696951,0.05644061879791705,177,True,12,50,177,558321,1430.47,1448.0,0.012254713485777335,False,2012-12-18 16:19:17.152
2012-12-19,1444.1683,0.001472,0.022187000000000002,0.1418905246569255,0.4805993486283182,-0.7933378087752123,0.6204341952745107,0.02377563737075194,-0.24855360321263223,0.00553251512656596,0.05842336360066116,170,True,11,53,170,775167,1435.8,1447.72,0.008301991920880436,False,2012-12-19 16:16:22.548
2012-12-20,1438.5587,0.001421,0.022092,0.08899439793025327,1.0394769417032375,-0.7607098399767347,0.7766546189602046,0.026378785966677427,-0.4181771479736994,0.003746528939192522,0.037898582788803155,169,True,11,48,169,709758,1432.82,1443.7,0.007593417177314654,False,2012-12-20 16:18:10.815
2012-12-21,1427.5279,0.001421,0.022306,0.061935518505770275,2.9554753262038918,-0.7853528015146016,1.107913802848978,0.030272708140246903,-0.8613752010243867,0.008989690947670199,0.08218887287331485,192,True,12,50,192,785067,1422.58,1443.67,0.014825176791463557,False,2012-12-21 16:17:41.956
2012-12-24,1426.237,0.0013700000000000001,0.022353,0.06101549479735436,2.525750359114427,-0.7746201051324864,0.996828079260995,0.03062453235450844,-0.6854464038112401,0.0048713639279492306,0.04949617160022365,158,True,11,57,158,204225,1424.66,1430.15,0.003853551022700241,False,2012-12-24 13:16:19.855
2012-12-26,1421.5588,0.001472,0.022463,0.14380418872855422,0.4121775702706695,-0.7311385657157973,0.6049968745898566,0.029566368606856422,-0.24747549605373415,0.00752762538685931,0.078015268399673,176,True,12,60,176,300300,1416.43,1429.42,0.009170943851796398,False,2012-12-26 16:16:47.207
2012-12-27,1410.0597,0.001421,0.022515,0.1211740334044424,0.6937496470438403,-0.7556562129226724,0.8598431086165863,0.036849196625851725,-0.5712012856250138,0.00984536970400923,0.11263072737827245,178,True,12,57,178,429832,1401.8,1422.8,0.014980739049793135,False,2012-12-27 16:17:23.966
2012-12-28,1409.1952,0.0013700000000000001,0.022795,0.1988640043364496,0.2447349276416295,-0.7320887771460439,0.6141647459531087,0.03542535526337384,-0.27986039974803517,0.012077949787130443,0.1240058385707716,167,True,11,62,167,396514,1401.58,1418.1,0.011786697869547114,False,2012-12-28 16:19:57.501
2012-12-31,1412.8331,0.0013700000000000001,0.022416000000000002,0.07235624172819635,3.3753317646490153,-0.7409432640592268,1.7956697792361553,0.04617740169796886,-2.735977313910415,0.009921305505171205,0.07816861978869429,183,True,12,52,183,422461,1398.2,1426.74,0.020411958232012584,False,2012-12-31 16:18:02.368
2013-01-02,1453.6388,0.0013189999999999999,0.021869999999999997,0.09367531869070371,0.9410978387440397,-0.7648742252861468,0.6787495821843647,0.017254171448894594,-0.2843857153884888,0.006790802205493674,0.0874439217108271,181,True,12,60,181,858982,1426.19,1462.43,0.025410359068567256,False,2013-01-02 16:19:38.213
2013-01-03,1461.413,0.001472,0.021916,0.1248380137102687,0.5217634916190439,-0.7915829714754444,0.5236313332442404,0.015452853613877424,-0.14391793731462896,0.008056491355937681,0.0936445469284983,159,True,11,48,159,687343,1455.53,1465.44,0.006808516485403926,False,2013-01-03 16:16:51.812
2013-01-04,1463.1697,0.001268,0.021809,0.048192575114468,2.093920170446188,-0.9238321406427341,0.39693243925944327,0.012211360460401976,0.04426744885940348,0.006710265285355901,0.08061739855497217,186,True,12,51,186,484211,1458.99,1467.94,0.006134380633177727,False,2013-01-04 16:17:13.653
2013-01-07,1459.8742,0.0013700000000000001,0.021879,0.10059687971287329,0.8321102698722768,-0.7461353143329047,0.6945510183718687,0.01585344541701394,-0.314985723669024,0.009964505255753476,0.13293268599355781,159,True,11,53,159,641486,1456.62,1466.47,0.006762230368936306,False,2013-01-07 16:16:24.774
2013-01-08,1454.6617,0.001116,0.021962000000000002,0.07450587239136267,1.1039241978888823,-0.8396789445057633,0.4819109596403759,0.013651931546596843,-0.0677405021862151,0.007029539130441798,0.0922628192659184,182,True,12,63,182,540021,1451.64,1461.89,0.007060979306164006,False,2013-01-08 16:16:09.700
2013-01-09,1461.5255,0.001116,0.021962000000000002,0.07162462088198944,1.1735921994575782,-0.8330097980147342,0.48364765476845684,0.012280786069972578,-0.06579886125061007,0.0074961148639671,0.09811397631020498,176,True,12,56,176,581550,1457.15,1464.73,0.005201935284630865,False,2013-01-09 16:15:54.821
2013-01-10,1466.8579,0.0009130000000000001,0.021741999999999997,0.08027582640788893,1.041550730974057,-0.8409745372769705,0.48731598064892473,0.011879432334850712,-0.07025417364645675,0.015273929532874826,0.12153157763918729,181,True,12,58,181,634973,1461.02,1472.3,0.007720633529999521,False,2013-01-10 16:19:17.229
2013-01-11,1470.0334,0.000862,0.021759,0.15458937342122522,0.4250388792617768,-0.7273801107417823,0.590706321868102,0.012759153262706872,-0.217520970645466,0.010585877784004114,0.1473583752152725,176,True,12,56,176,575655,1467.61,1472.75,0.0035022928434667033,False,2013-01-11 16:19:10.142
2013-01-14,1468.871,0.0013189999999999999,0.021779000000000003,0.4808404716950072,0.11624683542540108,-0.775324391119012,0.525361179745664,0.014321264859994043,-0.1642120028257524,0.01030287460269575,0.12425998349410276,166,True,12,54,166,373785,1465.69,1472.05,0.004339253184506786,False,2013-01-14 16:17:57.782
2013-01-15,1468.4774,0.0013700000000000001,0.021755,0.08569844375252945,1.014500403461649,-0.7019805162729686,0.7086716965521798,0.013650777461058639,-0.3283333619681917,0.00840613989576237,0.13047530562743628,179,True,12,57,179,416640,1463.76,1473.31,0.006524293600043585,False,2013-01-15 16:18:08.115
2013-01-16,1471.6957,0.0013700000000000001,0.021759,0.12725227598596286,0.6083853915464954,-0.7795566381938815,0.6340779109720351,0.013597623769487276,-0.2472179456808547,0.009021231479977979,0.14015160633959306,173,True,11,53,173,631430,1467.6,1473.96,0.004333605887162806,False,2013-01-16 16:17:34.732
2013-01-17,1480.6218,0.001421,0.021638,0.11894941170944727,0.5695948891469742,-0.8287182457257184,0.5017180549701307,0.01303668398786826,-0.11621505272953023,0.00803979215027036,0.09587442210332721,180,True,12,52,180,661318,1472.63,1485.16,0.008508586678255936,False,2013-01-17 16:19:02.497
2013-01-22,1487.4158,0.0013189999999999999,0.021478999999999998,0.049837042065426905,1.7862324522535842,-0.7734108446864651,0.5488939675625399,0.01126452080995021,-0.12324350390336158,0.004948394058277928,0.07070154115552513,171,True,11,45,171,635521,1481.16,1492.51,0.007662912852088866,False,2013-01-22 16:19:25.231
2013-01-23,1493.4018,0.0013189999999999999,0.021438000000000002,0.05590825474677514,1.6681179217506634,-0.7057596292989287,0.7533597232963818,0.011122665141093308,-0.3810277492514065,0.004334579811032956,0.07389248522650325,174,True,12,52,174,534126,1489.96,1496.13,0.00414105076646365,False,2013-01-23 16:16:42.856
2013-01-24,1496.933,0.0013189999999999999,0.021439,0.05339604299511609,1.4400571359770442,-0.7590428177483787,0.5683425556209482,0.010893398742716224,-0.16922655503364256,0.004935246412424232,0.07726972307531735,179,True,12,47,179,899234,1489.46,1502.27,0.008600432371463462,False,2013-01-24 16:15:46.393
2013-01-25,1500.3948,0.0013700000000000001,0.021322999999999998,0.08876396822182482,0.6981514779965783,-0.7382933862292358,0.6011734852901828,0.011703685302823128,-0.237468168202129,0.00495311902618521,0.09143900652462811,179,True,12,59,179,434014,1494.82,1503.24,0.00563278521828714,False,2013-01-25 16:15:53.246
2013-01-28,1500.4898,0.0013700000000000001,0.021379000000000002,0.11452094705743313,0.48490322314979367,-0.7438730778076074,0.6624253430663315,0.015303631562730083,-0.32774418244391457,0.00795792671133806,0.12494014189980392,163,True,12,62,163,385579,1496.33,1503.23,0.00461128227062213,False,2013-01-28 16:19:01.998
2013-01-29,1505.0366,0.0013700000000000001,0.021278000000000002,0.06365533617696882,1.0952544849992276,-0.7270827739544734,0.6281598950731114,0.013137930725660517,-0.25514726889434497,0.004067725241943573,0.06150047200921127,183,True,12,45,183,523156,1498.09,1509.35,0.007516237342215737,False,2013-01-29 16:18:43.062
2013-01-30,1505.4574,0.0013189999999999999,0.021424,0.0646211005064835,1.1549656898190854,-0.7048816499515992,0.774337988538664,0.01562846265277543,-0.4503290126474258,0.004610893921797935,0.07409610861837683,177,True,12,46,177,433914,1500.11,1509.94,0.006552852790795427,False,2013-01-30 16:18:37.968
2013-01-31,1499.9436,0.0013189999999999999,0.021481,0.062394684574525294,1.2977321986138788,-0.7261875631327798,0.7632892832503901,0.01602271727881101,-0.42066734753545787,0.004397840526538477,0.06540171743131978,174,True,12,49,174,332366,1496.76,1504.19,0.004964055693631675,False,2013-01-31 16:15:52.864
2013-02-01,1511.3001,0.0013700000000000001,0.021267,0.0802575384440512,1.005321412412039,-0.6588892914203269,0.8347241076255224,0.011895598034958373,-0.5353950920406505,0.006327430352632747,0.09814709007400832,180,True,12,59,180,535109,1498.11,1514.41,0.010880375940351739,False,2013-02-01 16:16:32.655
2013-02-04,1501.2491,0.001268,0.021516999999999998,0.09986733991785719,0.7422344231726229,-0.6880290556015866,0.8332593428729312,0.01604592390046925,-0.5460711776095992,0.008085017495216293,0.09765700013329878,179,True,12,52,179,472397,1495.02,1513.17,0.012140305815306895,False,2013-02-04 16:15:14.883
2013-02-05,1509.6427,0.001015,0.021307,0.09648713194309977,0.7051851462687563,-0.7747152957594112,0.6226805298573409,0.013148900617162113,-0.25164845775872363,0.0060664784754593075,0.07981156067648103,164,True,11,46,164,394689,1495.71,1514.96,0.0128701419392796,False,2013-02-05 16:18:27.388
2013-02-06,1509.155,0.001015,0.021307,0.054821935534842194,1.816286256979601,-0.7652426943145212,0.728037860297894,0.013120989767098867,-0.3308944698412247,0.007707878021676102,0.10460488088959315,176,True,12,49,176,378648,1504.81,1512.48,0.005096988988643192,False,2013-02-06 16:17:23.450
2013-02-07,1505.0821,0.0013189999999999999,0.021568999999999998,0.04938385522028939,2.655958949058894,-0.7059444798355303,1.0175679513694174,0.013560659329455986,-0.77312155123144,0.006136345658367742,0.09141416253902862,167,True,11,47,167,480956,1498.49,1512.82,0.009562960046446634,False,2013-02-07 16:17:35.627
2013-02-08,1516.6882,0.001015,0.021448000000000002,0.03218463947635816,7.262294564698244,-0.6885650606236143,1.4305417398465088,0.010301218755186532,-1.5789810047712196,0.00511636327177268,0.0773472003633904,188,True,12,38,188,595859,1509.39,1518.31,0.00590967211920046,False,2013-02-08 16:16:34.723
2013-02-11,1516.3647,0.001015,0.021448000000000002,0.20152169708958334,0.32087281804453244,-0.7391819413638666,0.6865602681352108,0.012245183761526925,-0.34203933209739,0.006846425771654923,0.10046324809510561,162,True,11,44,162,410499,1513.7,1518.28,0.0030256986192771507,False,2013-02-11 16:19:50.380
2013-02-12,1519.125,0.001116,0.021440999999999998,0.03710077659797568,3.511441516338824,-0.72751859420879,0.844069462254722,0.010819067736734304,-0.4518988426418883,0.004113646805877901,0.06225198598419669,167,True,11,42,167,383255,1515.61,1522.29,0.004407466300697438,False,2013-02-12 16:18:12.213
2013-02-14,1520.1417,0.001472,0.021472,0.03569007910214729,4.176393276454654,-0.7222123295251551,0.9474374507448129,0.010910707704316892,-0.5995261102771443,0.004159407811516192,0.07007692353101924,187,True,12,49,187,496668,1514.02,1523.14,0.00602369849803841,False,2013-02-14 16:18:16.018
2013-02-15,1520.1109,0.001472,0.021505,0.055889453477194304,1.7267474685913011,-0.7536845992322382,0.752735130898728,0.01067678366264553,-0.3735962326637321,0.0033685865606738223,0.04888902141800397,179,True,12,47,179,628356,1514.14,1524.24,0.006670453194552728,False,2013-02-15 16:15:19.569
2013-02-19,1527.0305,0.0015229999999999998,0.021372,0.053209863343957074,1.97027823302304,-0.7254125094835385,0.8683426617317059,0.010459241653321289,-0.5443425071258455,0.0038654389913335904,0.055272504872955736,182,True,12,48,182,634304,1519.79,1530.94,0.007336539916699136,False,2013-02-19 16:16:01.501
2013-02-20,1521.4335,0.001472,0.021644,0.07867173985137439,1.196294000718553,-0.7620115671159698,0.9384841602484075,0.014465312874994817,-0.6925234582165789,0.007700872096877366,0.11162439267120165,176,True,12,53,176,629312,1511.41,1530.94,0.012921708867878356,False,2013-02-20 16:18:59.727
2013-02-21,1502.5677,0.001472,0.021807,0.054573598426375505,2.4676266250620205,-0.7262668578733381,1.22531840215659,0.02351102075678402,-1.2320706576588447,0.004489942483695217,0.04778763082548793,161,True,11,37,161,811492,1497.3,1511.95,0.00978427836772866,False,2013-02-21 16:16:42.554
2013-02-22,1510.5265,0.001522,0.021621,0.09805276862383133,0.7259106300164561,-0.7646597742079487,0.7617054336459845,0.017747078536706217,-0.437840073552651,0.003754257064267272,0.0483656688699264,165,True,11,46,165,412310,1502.42,1515.64,0.008799137391674705,False,2013-02-22 16:17:18.984
2013-02-25,1506.6695,0.001472,0.022024,0.054217197746551885,1.8158815790978449,-0.7578245687136942,0.823316635764775,0.01977434163593686,-0.4809462614104897,0.01640989762654058,0.14774893557586585,176,True,12,60,176,545103,1487.85,1525.84,0.02553348791880894,False,2013-02-25 16:19:19.781
2013-02-26,1493.1435,0.001472,0.021916,0.09444810634491523,0.7759376648129942,-0.7144981117375412,0.8690483203558504,0.026741312910975812,-0.6086732969467592,0.007555548422255542,0.07986111220567166,177,True,12,53,177,724700,1485.09,1498.99,0.009359702105596446,False,2013-02-26 16:19:10.778
2013-02-27,1511.1328,0.001472,0.021661,0.06519572496328009,1.402689719767025,-0.7883367783619255,0.7980326441047633,0.018433618105825597,-0.45395735469933696,0.006103623451059399,0.07368470453259893,171,True,12,46,171,569430,1494.88,1520.08,0.016857540404580762,False,2013-02-27 16:17:03.331
2013-02-28,1519.4801,0.001522,0.021682999999999997,0.09577971151346058,1.0189368100235168,-0.7130569585993557,1.1096719072678722,0.01838105538851593,-1.0361847943505207,0.007146497980776491,0.0898970629169359,179,True,12,50,179,517306,1514.46,1525.34,0.007184078813570416,False,2013-02-28 16:19:33.760
2013-03-01,1514.6122,0.0013700000000000001,0.021633,0.1029840434957633,0.8631082435333485,-0.7763907514540742,0.9311971177563856,0.01932792410592848,-0.6893553183306194,0.007961516191722574,0.09825841024077553,173,True,12,50,173,431397,1501.48,1519.99,0.012327836534619108,False,2013-03-01 16:16:46.239
2013-03-04,1519.1422,0.0012690000000000002,0.021536,0.0846374613058922,1.1074362225898307,-0.7549423185326207,0.9150925629758841,0.017014699553194644,-0.6499332179373921,0.006751655069488383,0.08302945882476831,166,True,12,50,166,487877,1512.29,1525.27,0.008583009872445091,False,2013-03-04 16:19:52.385
2013-03-05,1540.1038,0.001065,0.021336,0.051413009136674445,2.249279913923576,-0.7072916043189081,0.9517031769647137,0.012575727568642387,-0.674454439513747,0.003578052089889417,0.04925923042870111,176,True,12,48,176,1056178,1525.2,1543.47,0.011978756884343023,False,2013-03-05 16:17:01.736
2013-03-06,1541.7411,0.0013189999999999999,0.021345999999999997,0.06535172683442667,1.4264940917207019,-0.7314927830320369,0.862848973945435,0.013289367721177869,-0.5580606474125802,0.013308981757431356,0.09593665058647935,179,True,12,52,179,574081,1538.11,1545.25,0.004642060710872586,False,2013-03-06 16:18:30.764
2013-03-07,1544.1425,0.0013189999999999999,0.021296,0.09413860032083468,0.6914579632583605,-0.7518054943328248,0.6425928849243189,0.012421316771519034,-0.28273984607168456,0.006019885165575044,0.0968460410099833,178,True,12,51,178,559323,1541.46,1545.78,0.002802537853723086,False,2013-03-07 16:19:03.535
2013-03-08,1548.0035,0.0013189999999999999,0.021296,0.032499793953252906,4.932000839840044,-0.5661211252712107,1.129302182424431,0.010207648670622863,-0.9547453970844393,0.0058476820792766355,0.0881543190675536,152,True,10,40,152,753117,1542.94,1552.48,0.006183001283264433,False,2013-03-08 16:18:42.657
2013-03-11,1552.796,0.0013189999999999999,0.021296,0.06318857913766131,1.184752162657503,-0.6614873447362161,0.7348725261568593,0.0116673284820583,-0.3903120181229658,0.005321183815830879,0.08518932663167754,175,True,12,54,175,461144,1547.4,1556.27,0.0057321959415792545,False,2013-03-11 16:20:01.252
2013-03-12,1552.719,0.001167,0.021214,0.06061733003008511,1.220606156733468,-0.7089200431977641,0.682079260538725,0.012221889645324653,-0.31725234517812106,0.004167912419144378,0.0656351995565153,179,True,12,52,179,638186,1548.24,1556.76,0.005503022787164857,False,2013-03-12 16:18:25.284
2013-03-13,1553.4108,0.001421,0.021216,0.05990837402463783,1.2208180681348926,-0.7438880873255727,0.6357925038927555,0.012206052639997427,-0.2579576571224977,0.004055420069316944,0.06388233521623818,169,True,12,49,169,458849,1548.25,1556.39,0.005257548845470694,False,2013-03-13 16:16:47.011
2013-03-14,1560.6934,0.001421,0.021098,0.04937507312009829,2.0082825185554314,-0.685650394966523,0.9049559268397558,0.01060949404531699,-0.6206270371234223,0.0045286316853416385,0.072282225464491,169,True,12,48,169,596950,1554.52,1563.31,0.005654478552865161,False,2013-03-14 16:18:37.550
2013-03-15,1559.5158,0.0013700000000000001,0.021131999999999998,0.06547365419520638,1.4131086392503402,-0.7265850590931078,0.900967392264366,0.010771380335472421,-0.626699469150581,0.004866314280982075,0.0704539542986412,156,True,11,46,156,616751,1555.74,1563.62,0.005065113707946045,False,2013-03-15 16:19:08.415
2013-03-18,1552.7581,0.0013189999999999999,0.021226,0.08530371578218134,0.8440076762389543,-0.771247969644585,0.7082795484132677,0.013628185453744298,-0.3576659368367683,0.006487109288386737,0.08246514289283992,180,True,12,58,180,438759,1545.13,1560.7,0.010076822014976061,False,2013-03-18 16:19:41.939
2013-03-19,1547.3668,0.0012690000000000002,0.021279,0.09237938617958062,0.9692841122151742,-0.7052744493309153,1.0017341960661474,0.01841323054383713,-0.8243876569281756,0.008134393627557548,0.1014844723606811,164,True,11,53,164,567551,1538.57,1557.22,0.012121645423997629,False,2013-03-19 16:19:57.999
2013-03-20,1555.8199,0.0013189999999999999,0.021138,0.1377076833671673,0.5035625334153263,-0.7688367384196436,0.782041923716888,0.01385951596758356,-0.47290071063655814,0.00864919141346866,0.09846198990334085,162,True,11,51,162,681373,1548.34,1561.56,0.008538176369531358,False,2013-03-20 16:16:41.821
2013-03-21,1550.3433,0.0012690000000000002,0.021317,0.06307291700271084,1.3771679189817263,-0.8079105290616736,0.7050401062151225,0.014477222581790477,-0.32335755566637037,0.0037926690664344706,0.057533003744236685,161,True,12,57,161,502678,1543.6,1558.71,0.00978880538999749,False,2013-03-21 16:17:41.253
2013-03-22,1554.628,0.0012690000000000002,0.02113,0.05569218900740363,1.8367802452123725,-0.7777757000956574,0.8446257799764605,0.016048660976234953,-0.508804083037979,0.002560820225185489,0.03387132316811509,143,True,10,48,143,302588,1548.36,1557.74,0.0060580226820636796,False,2013-03-22 16:17:33.089
2013-03-25,1554.4119,0.0012690000000000002,0.0212,0.036418881538308676,3.5206069751416127,-0.7880475398523206,0.775612185462776,0.014312512202093765,-0.3451411254970924,0.0052682382525292846,0.0656793172654927,139,True,9,41,139,398630,1546.22,1564.91,0.012087542523056216,False,2013-03-25 16:17:20.242
2013-03-26,1560.2503,0.001268,0.021092,0.07513734378037282,1.3042110779856797,-0.7330863128546761,0.9874193301704441,0.013260065088990969,-0.7790070213366873,0.005186104511678671,0.0891816597658417,170,True,12,51,170,378003,1551.69,1563.95,0.007901062712268647,False,2013-03-26 16:17:51.384
2013-03-27,1559.3201,0.0012180000000000001,0.021096,0.09760073993977085,0.9633015108841555,-0.7705977734273789,0.9854124199790006,0.014531184299975304,-0.7829997569540847,0.007790425058596729,0.12666721833768968,175,True,12,62,175,359221,1551.9,1564.07,0.00784200012887415,False,2013-03-27 16:19:39.416
2013-03-28,1566.4515,0.0012180000000000001,0.021012,0.065333070556039,1.6595724774493077,-0.7164069000205591,1.0029829196737663,0.01202926868943731,-0.7891248056332005,0.005392609763715233,0.10253815569377571,182,True,12,55,182,623214,1561.08,1570.28,0.0058933558818254905,False,2013-03-28 16:19:36.747
2013-04-01,1562.8753,0.0013700000000000001,0.021112000000000002,0.07485945603010644,1.1849842669621276,-0.6972233285546395,0.8953216939572411,0.014806567760667062,-0.6241863804124251,0.004729538223334933,0.08693227024524901,147,True,10,56,147,253984,1558.49,1570.57,0.007751092403544435,False,2013-04-01 16:16:26.703
2013-04-02,1570.8755,0.001268,0.021004000000000002,0.09009086602098121,0.8856886624495515,-0.7340831577834949,0.7804891192400051,0.012508394498637864,-0.44957834800194973,0.005846802698943855,0.07535083150019803,174,True,12,50,174,449208,1562.17,1573.64,0.007342350704468759,False,2013-04-02 16:16:39.863
2013-04-03,1559.7564,0.001472,0.021234000000000003,0.08783412126418841,0.8601507966331284,-0.7330780460319668,0.7277245868148597,0.014180686912148873,-0.37848189550093336,0.005119686555397556,0.06700485823760323,176,True,12,54,176,673378,1549.8,1571.47,0.01398244934830295,False,2013-04-03 16:20:00.635
2013-04-04,1557.3969,0.0013189999999999999,0.021183,0.09324070419504955,0.8738279003411253,-0.7801159603754467,0.7795290913811884,0.01703114039044134,-0.44471294676340495,0.0038387222025606372,0.046611614017639774,177,True,12,46,177,412430,1552.53,1562.6,0.006486187062407778,False,2013-04-04 16:17:41.882
2013-04-05,1545.4366,0.0013189999999999999,0.021183,0.0772753455760933,1.2311606084937197,-0.7485925928008095,0.9156411891077028,0.018991687716120958,-0.6481220642285169,0.00465009848291667,0.05897370370690277,181,True,12,68,181,477074,1539.5,1559.98,0.013303020461188808,False,2013-04-05 16:19:02.132
2013-04-08,1555.0569,0.0013189999999999999,0.021183,0.10098148985042811,0.6907264973508322,-0.7589635254946968,0.7214657283557897,0.016104124845665785,-0.38101161562864044,0.007745181444960773,0.08255689780886273,172,True,12,57,172,316518,1548.67,1563.07,0.009298301122898867,False,2013-04-08 16:17:19.604
2013-04-09,1568.261,0.0013189999999999999,0.021082,0.139549725861576,0.48515582933180784,-0.7567012692049531,0.728893829659861,0.014116305396256669,-0.3958794889494198,0.006520353784325711,0.07288271036960306,163,True,11,42,163,402882,1560.96,1573.88,0.00827695776957782,False,2013-04-09 16:18:29.729
2013-04-10,1583.9626,0.000964,0.020838000000000002,0.06423246917426575,1.2965564923138422,-0.6627596189215906,0.8234987179546543,0.012400790737032654,-0.5115880886224733,0.0025409580384588423,0.04120172755495412,182,True,12,42,182,758937,1568.61,1589.07,0.013043395107770639,False,2013-04-10 16:14:33.435
2013-04-11,1593.1038,0.0009130000000000001,0.020768,0.07410243690116121,0.934280144568941,-0.6863678081934975,0.6883515711863532,0.011659754852868305,-0.33536301463286555,0.0038610150402163374,0.06657313972391679,180,True,12,52,180,830647,1586.25,1597.22,0.006915681639085847,False,2013-04-11 16:17:19.823
2013-04-12,1585.9506,0.0012180000000000001,0.020829,0.0506440748214647,1.736016010714385,-0.742394205397276,0.6578372143189932,0.011548507959810498,-0.2569119510672131,0.003540828506332526,0.056719948539121434,182,True,12,45,182,647508,1579.97,1593.3,0.008436869054475604,False,2013-04-12 16:18:16.168
2013-04-15,1567.258,0.001116,0.021320000000000002,0.06560060173471526,1.4128125556448028,-0.7297714031714672,0.8731010759200826,0.018556156682645777,-0.5769427811954859,0.009204862766577612,0.09617506301119351,172,True,12,53,172,591583,1552.28,1588.84,0.023552451877238534,False,2013-04-15 16:19:52.157
2013-04-16,1567.4219,0.001116,0.021019,0.056423294547782374,1.8647702128841392,-0.7316600702036928,0.9091312268938333,0.01816303442020236,-0.6160866297425014,0.003625227376240944,0.048109062461642635,170,True,12,51,170,348274,1552.36,1575.35,0.014809709088098089,False,2013-04-16 16:17:09.284
2013-04-18,1544.2942,0.001065,0.021473,0.05421928537173675,2.8849108961217174,-0.7632591800211986,1.1975575281486697,0.02914439021593068,-1.1213084189278393,0.00603637790179295,0.05755446733840784,178,True,12,61,178,631693,1536.03,1554.38,0.011946381255574456,False,2013-04-18 16:19:19.156
2013-04-19,1550.9192,0.001065,0.021292,0.11694443986820495,0.576723905938327,-0.7673484808205849,0.7213794771089275,0.02015310540721686,-0.3854990417168276,0.007136184463392332,0.08458503789297964,179,True,12,62,179,448208,1539.4,1555.82,0.010666493439002167,False,2013-04-19 16:18:41.875
2013-04-22,1557.2222,0.001015,0.021197,0.0951831345612508,0.6836929593798567,-0.7294422983399552,0.6841868238759966,0.018403158956171502,-0.3379595320630586,0.005263033025231058,0.07372463076731733,165,True,11,67,165,391632,1548.19,1565.52,0.01119371653350032,False,2013-04-22 16:16:49.424
2013-04-23,1576.5234,0.001015,0.020978,0.048571434998347866,2.299837115934258,-0.7277273574170352,0.8845815024401337,0.014805566473866997,-0.5590716564924669,0.0024299725363553445,0.03676116063449022,182,True,12,53,182,609019,1562.5,1579.55,0.010912000000000033,False,2013-04-23 16:18:20.319
2013-04-24,1579.7321,0.001065,0.020983,0.07378531106344594,0.9514975481156567,-0.7301267396964098,0.6937886501924557,0.014587091347981057,-0.34092960600822997,0.0024804936923016234,0.04199588337755684,163,True,11,56,163,384425,1575.8,1583.0,0.004569107754791135,False,2013-04-24 16:18:10.733
2013-04-25,1588.4388,0.001015,0.020904,0.05075302384936288,1.9145735045308625,-0.6949300192872717,0.8766922771505801,0.014614671932948768,-0.5742485593418432,0.0040059977424750474,0.06266088423948414,180,True,12,58,180,446587,1583.23,1592.64,0.005943545789304228,False,2013-04-25 16:18:40.170
2013-04-26,1581.9139,0.001015,0.020953,0.09633517510062196,0.7337472461862884,-0.7445871724263958,0.7580552175423283,0.01606618892255712,-0.4332763739612361,0.008322018421947523,0.09422917942812135,177,True,12,59,177,329201,1577.56,1585.78,0.0052105783615203904,False,2013-04-26 16:16:29.438
2013-04-29,1592.7937,0.001015,0.020804999999999997,0.057411381970227444,1.4466907062781218,-0.7231082229263961,0.7497352189571029,0.01437041148086295,-0.3959898730828324,0.0026893014987031294,0.038842328810972104,184,True,12,57,184,367082,1582.34,1596.65,0.00904356838606124,False,2013-04-29 16:16:51.563
2013-04-30,1594.012,0.001015,0.020756,0.07453086609041815,0.8643765507639771,-0.7379000536342034,0.6400818198957691,0.0149790455254814,-0.28085927024770474,0.003399238278437881,0.056388053799014806,173,True,12,58,173,380331,1586.54,1597.57,0.006952235682680552,False,2013-04-30 16:17:26.868
2013-05-01,1588.9234,0.001015,0.020756,0.09890600433731973,0.6863477357074809,-0.7374231869786892,0.8240320816581097,0.018100674523720404,-0.5432610473522103,0.006369839910598984,0.08768044390675758,173,True,12,54,173,412810,1581.28,1597.55,0.010289132854396366,False,2013-05-01 16:18:00.900
2013-05-02,1595.4233,0.0013189999999999999,0.020762,0.05113895362142867,1.8751982297217618,-0.726156831753792,0.8287659073069205,0.01556912346469845,-0.4950615785128104,0.004321385751524076,0.0608667554625103,175,True,12,54,175,568160,1582.77,1598.6,0.010001453148593908,False,2013-05-02 16:18:54.083
2013-05-03,1616.2357,0.001421,0.020555,0.05118572287538285,1.4323432337237723,-0.7264986220516031,0.5907955791408736,0.01204105281987556,-0.20240836868477075,0.003587377654097824,0.049510659723309265,182,True,12,52,182,946505,1597.6,1618.46,0.013057085628442655,False,2013-05-03 16:19:23.860
2013-05-06,1617.1718,0.0012690000000000002,0.020516,0.04375948383620802,2.225087006898173,-0.6605707641676305,0.841860529715456,0.012977367180920551,-0.513991833667754,0.0036268176011115057,0.05787006760653743,169,True,11,50,169,528816,1614.21,1619.77,0.003444409339553145,False,2013-05-06 16:18:59.698
2013-05-07,1622.3442,0.0013700000000000001,0.020430999999999998,0.054858620322740435,1.21738110731808,-0.7377192844406193,0.5334846797722451,0.011247179094517772,-0.15103820764281514,0.0034910944551563277,0.049068625945150664,190,True,12,53,190,637946,1616.64,1626.01,0.005795971892319729,False,2013-05-07 16:19:52.460
2013-05-08,1629.5987,0.001015,0.020405000000000003,0.03565446477187735,3.136378620825337,-0.6478688039644336,0.7871665348565527,0.011582043293875117,-0.39597935150309993,0.0036311114401529525,0.05274467368826484,185,True,12,44,185,759115,1622.75,1632.78,0.006180865814204184,False,2013-05-08 16:17:26.422
2013-05-09,1629.5629,0.001421,0.020723,0.049108063760506034,1.519808542032153,-0.7229058124557891,0.5237583704743165,0.01142279281441631,-0.125053121070158,0.0050164419802465445,0.06890925310050691,180,True,12,49,180,670751,1623.09,1635.01,0.007344016659581509,False,2013-05-09 16:17:20.094
2013-05-10,1628.845,0.001421,0.020723,0.04605808412575456,3.8525738073424667,-0.6315989592278957,1.4618323869905068,0.012513743256176458,-1.782069590615847,0.00514520344672438,0.081649791700691,183,True,12,56,183,624127,1623.71,1633.7,0.006152576506888607,False,2013-05-10 16:17:48.924
2013-05-13,1632.3931,0.001065,0.020638,0.06517984175041039,1.212426413029944,-0.6798053009395217,0.7164038440117672,0.014181351127988736,-0.3551829442442175,0.004418202415401864,0.05951285139067474,188,True,12,60,188,379333,1626.74,1636.0,0.0056923663277475,False,2013-05-13 16:18:38.369
2013-05-14,1646.2639,0.001065,0.020456,0.06620421384696376,1.0011439214490936,-0.6827765741364502,0.5712126613740117,0.014163567581165458,-0.193724011979574,0.003990587255892595,0.047994133378828144,186,True,12,50,186,875554,1633.75,1651.1,0.010619739862280042,False,2013-05-14 16:18:29.955
2013-05-15,1655.012,0.001065,0.020376,0.050164930072336335,1.9908113230230529,-0.6376228100141027,0.7853276391027821,0.01487921869380458,-0.41700167912541597,0.0038527168850379717,0.051008684465598246,185,True,12,49,185,769094,1646.71,1661.46,0.008957254161327644,False,2013-05-15 16:19:53.864
2013-05-16,1656.4779,0.001015,0.020484,0.05153152976107702,1.9253168360797175,-0.6504581985966382,0.7589589534165687,0.014097415382233186,-0.37758964929528416,0.004136204465484577,0.051525456103108325,180,True,12,58,180,584144,1648.6,1660.51,0.007224311537061823,False,2013-05-16 16:16:08.491
2013-05-17,1661.2722,0.001015,0.020278,0.04151530325163127,2.7832035905188817,-0.652393374688192,0.6725614312476765,0.010913071285816135,-0.22124779665908245,0.0034342709080062237,0.0415475656800311,186,True,12,50,186,726685,1652.45,1667.38,0.009035069139762264,False,2013-05-17 16:18:09.357
2013-05-20,1668.0573,0.001065,0.020295999999999998,0.04777478113440069,2.2217660079695656,-0.49983726442628,0.8322591297683032,0.013971070928835684,-0.48036648955749905,0.003079666594774298,0.03770590800692663,173,True,11,40,173,497785,1663.53,1672.82,0.005584510047910163,False,2013-05-20 16:17:08.581
2013-05-21,1669.5827,0.000964,0.020264,0.0494815937485141,2.2686056984265788,-0.5545171571969841,0.8576896200053644,0.014704011246629865,-0.5111230331747303,0.0034980197701765196,0.040416626821342186,187,True,12,54,187,597147,1662.67,1674.93,0.007373682089651057,False,2013-05-21 16:18:48.368
2013-05-22,1671.9945,0.001015,0.020439,0.049061231085455854,2.0761876252554523,-0.5594877897258458,0.7647158804541603,0.016223216864035828,-0.3810697360999384,0.005649832675206701,0.05766948135825583,185,True,12,44,185,1002516,1648.86,1687.18,0.023240299358344707,False,2013-05-22 16:19:55.436
2013-05-23,1646.2617,0.001015,0.02051,0.0549676336751168,2.0428343865939396,-0.6292009532370245,0.8995539300840251,0.019013074884059754,-0.5846177286871599,0.004408983301641917,0.04896156907577656,185,True,12,54,185,592653,1635.53,1655.5,0.012210109261218127,False,2013-05-23 16:18:39.473
2013-05-24,1643.4259,0.001015,0.020516999999999997,0.06177924426887198,1.53537468550466,-0.6764150781396155,0.7691583073028111,0.01823991581127812,-0.4018959262128558,0.003126335219639341,0.03672423291290062,186,True,12,64,186,410080,1637.03,1649.66,0.007715191535891286,False,2013-05-24 16:17:29.611
2013-05-28,1666.0409,0.001167,0.020390000000000002,0.05502184655966124,1.7185200680915427,-0.6570927083512597,0.7640998022550485,0.017126244029202736,-0.3947362128137413,0.003696224026109699,0.04284199098014719,182,True,12,50,182,358079,1652.63,1674.21,0.013057974259210958,False,2013-05-28 16:16:21.673
2013-05-29,1647.1941,0.0012180000000000001,0.020555,0.11021742136238803,0.594893150193988,-0.696393177561696,0.7561063729610601,0.021467909531684752,-0.4405616692312714,0.00813932300759318,0.08276489196801025,176,True,12,62,176,404962,1640.32,1656.51,0.009870025360905199,False,2013-05-29 16:15:34.423
2013-05-30,1657.3158,0.0012690000000000002,0.020487000000000002,0.06014212275885964,1.7891036146000037,-0.6472248873365826,1.0036358825271487,0.020251010477310278,-0.792084006260863,0.004587743592743724,0.049169695560389325,189,True,12,53,189,406973,1648.61,1661.91,0.008067402235822918,False,2013-05-30 16:16:03.597
2013-05-31,1646.9471,0.0012690000000000002,0.020789,0.05381235981299289,2.1436069434656737,-0.6909927541199313,0.8690769620132848,0.01972491261084292,-0.5245896696234309,0.004496244924903244,0.045811970754301004,188,True,12,62,188,546375,1630.74,1658.99,0.01732342372174589,False,2013-05-31 16:22:18.973
2013-06-03,1630.5112,0.0015229999999999998,0.020687999999999998,0.05592925364389934,2.7969134764880152,-0.7073597549918709,1.2373011549616533,0.028742287161576337,-1.218055581576364,0.004601804562392757,0.04182413606672107,186,True,12,49,186,601357,1622.72,1640.42,0.010907611910865755,False,2013-06-03 16:16:12.090
2013-06-04,1636.6379,0.0015229999999999998,0.020687999999999998,0.04764842786236217,3.3525547918197636,-0.6986708585229003,1.0983666114500432,0.026046794160904857,-0.886921282842969,0.004085641694294346,0.038357284872716856,183,True,12,60,183,430820,1623.62,1646.43,0.014048853795838978,False,2013-06-04 16:19:37.458
2013-06-05,1614.8534,0.001015,0.021126,0.08444502462920712,1.1515081346981866,-0.7085617806036598,0.9688791311713615,0.029529923256064138,-0.7442485052287309,0.004354970932723677,0.04018888051065504,186,True,12,54,186,931036,1607.09,1629.31,0.013826232507202496,False,2013-06-05 16:17:15.169
2013-06-06,1610.9281,0.0012690000000000002,0.020962,0.05597856341600895,2.8557590236373995,-0.7435237135010319,1.1837116412163438,0.03235012817359726,-1.0814506743400383,0.006140850063634821,0.0528685397973581,185,True,12,54,185,988774,1598.23,1622.56,0.01522309054391413,False,2013-06-06 16:19:21.811
2013-06-07,1637.8242,0.0012690000000000002,0.020962,0.05611066601142433,1.8517584667933418,-0.763497723507579,0.7092202023675339,0.019810722893270776,-0.2951864937181089,0.0038567139776739716,0.04198506313021864,188,True,12,60,188,538922,1625.27,1644.4,0.011770352003051876,False,2013-06-07 16:22:35.433
2013-06-10,1643.9566,0.0012690000000000002,0.020962,0.07524733554676544,1.2055030689418398,-0.7579165115101663,0.7270126134178079,0.019250717947847815,-0.34712555220594665,0.003751244024740493,0.04413410898069385,182,True,12,57,182,305673,1639.26,1648.63,0.005715993802081432,False,2013-06-10 16:16:28.471
2013-06-11,1631.4556,0.0009130000000000001,0.020871,0.1380876261038586,0.5300632055990814,-0.7543937879059102,0.7993871940254824,0.02524309837965824,-0.4926295464795769,0.00808102086008475,0.07219944340405166,187,True,12,59,187,414360,1622.92,1639.92,0.010474946392921458,False,2013-06-11 16:17:20.707
2013-06-12,1619.8891,0.0012180000000000001,0.02117,0.09153235121319588,0.815596952654505,-0.7943221791676143,0.6535038180798182,0.02755944493225153,-0.27776022680733115,0.006671846053012443,0.05751432152902361,185,True,12,56,185,518955,1610.92,1637.67,0.016605418021999885,False,2013-06-12 16:17:47.739
2013-06-13,1621.605,0.001167,0.020872,0.05626739395661032,2.9123697394172927,-0.8158484208386764,0.9992286442728537,0.02686786877210875,-0.6707149725851586,0.006279558774311826,0.05611738028572612,187,True,12,56,187,621125,1608.11,1639.25,0.019364346966314505,False,2013-06-13 16:21:40.303
2013-06-14,1631.535,0.001116,0.020996,0.058931680937774525,2.156835479964296,-0.7672903051067647,0.8392863992936956,0.023559564312065705,-0.45018977935832144,0.005202544308466979,0.05443120306939947,186,True,12,59,186,661730,1624.05,1640.8,0.010313721868169035,False,2013-06-14 16:18:23.426
2013-06-17,1641.1515,0.001116,0.020845,0.0941278809946566,0.7456376442926057,-0.7445677374122681,0.6784915041855815,0.025206451690048228,-0.31998013835779193,0.00473972690457099,0.046963776818692786,183,True,12,67,183,328071,1630.41,1646.5,0.00986868333732005,False,2013-06-17 16:18:11.245
2013-06-18,1648.649,0.001167,0.020685,0.06792465283167888,1.5381225217716366,-0.6930309020467929,0.9968203839140273,0.027142053409524657,-0.7846980011786591,0.004189847686950028,0.05218660833987589,182,True,12,57,182,362185,1639.77,1654.19,0.008793916219957731,False,2013-06-18 16:15:39.648
2013-06-19,1645.7294,0.001167,0.020975999999999998,0.11555363512883997,0.6708703816983618,-0.7588399156212776,0.8517566149359241,0.026161549851737343,-0.5704463084760679,0.007794628548759453,0.07804459237777708,178,True,12,65,178,582300,1628.91,1652.45,0.014451381598737711,False,2013-06-19 16:19:18.196
2013-06-20,1598.0515,0.001167,0.021530999999999998,0.049944228932705594,4.870122334863273,-0.7744996281573048,1.5579855572515202,0.04578587701166072,-1.9408499869589417,0.009496611099239912,0.06748622653254903,187,True,12,44,187,1306853,1584.32,1623.05,0.02444581902645937,False,2013-06-20 16:22:39.024
2013-06-21,1589.6304,0.0012180000000000001,0.021474000000000004,0.07785196470035742,1.6826347315604968,-0.7419751541217767,1.2015288740674823,0.039357483586686066,-1.1816787957677855,0.00616017390878617,0.048524335271702974,187,True,12,71,187,908661,1577.7,1599.19,0.013621093997591371,False,2013-06-21 16:17:14.927
2013-06-24,1568.4221,0.001268,0.021705000000000002,0.05660458445251482,3.7837394329182183,-0.7426733158675091,1.3704453627477762,0.045416530368152706,-1.4497664957230243,0.0077815198008461955,0.056248468656152406,187,True,12,50,187,1012796,1560.33,1588.77,0.01822691353752104,False,2013-06-24 16:19:44.773
2013-06-25,1586.0272,0.0013700000000000001,0.021509999999999998,0.06254534568332197,2.4147852982685323,-0.8023766413422267,1.0158248934164662,0.03434019353203624,-0.7298330516221567,0.004718991382506649,0.039950026912524556,184,True,12,58,184,539075,1577.15,1593.77,0.010537995751830787,False,2013-06-25 16:22:37.678
2013-06-26,1600.9706,0.001573,0.021348,0.15986834867701158,0.40124627281174075,-0.7888359966654539,0.6720488003974295,0.027558970067904875,-0.32335643202118675,0.006667518731597756,0.0634309937820974,178,True,12,58,178,578891,1593.2,1606.83,0.008555109214160028,False,2013-06-26 16:17:08.875
2013-06-27,1615.7595,0.001472,0.021223000000000002,0.05904922053549613,2.456782117189417,-0.8085643361938636,0.9059759631766215,0.02417878204098613,-0.5306503077626452,0.003882856721413125,0.05138844566333331,178,True,12,56,178,752886,1607.5,1620.07,0.007819595645412125,False,2013-06-27 16:21:25.982
2013-06-28,1610.2895,0.001421,0.021318999999999998,0.0519682825599691,2.4991172232499075,-0.8077933950200216,0.7559358086933462,0.024775063411719766,-0.31168928684819014,0.005416431953461511,0.05515365487443929,170,True,11,55,170,409237,1601.06,1615.91,0.009275105242776638,False,2013-06-28 16:16:14.520
2013-07-01,1622.0247,0.0013189999999999999,0.021252,0.11694465372563287,0.6447948329147045,-0.7942005480878004,0.7283614007473418,0.023575460574721416,-0.37969971318005497,0.008944721758385562,0.09181305092384201,183,True,12,65,183,413262,1609.78,1626.56,0.010423784616531373,False,2013-07-01 16:17:53.785
2013-07-02,1617.4023,0.001421,0.021294,0.07308682774214066,1.450945674629734,-0.819136802484814,0.7524078603077354,0.022511064963257967,-0.3540275550831299,0.005163979582806846,0.05625502603722639,187,True,12,64,187,468084,1606.77,1624.26,0.01088519203121785,False,2013-07-02 16:22:19.284
2013-07-03,1612.0434,0.001472,0.021277,0.07517003657828554,1.4824481099986742,-0.7752844752468563,0.8551273076502858,0.02486654562628873,-0.5083713549812052,0.011473209007172731,0.08976297314108014,173,True,12,67,173,272130,1604.75,1618.97,0.008861193332294848,False,2013-07-03 13:17:26.130
2013-07-05,1624.3448,0.001015,0.021064,0.04714824474489308,3.3422312233411904,-0.6984452111575953,0.9483689175000773,0.02089909809887226,-0.5842429322560408,0.005084600640179811,0.05443792348202917,177,True,12,53,177,381794,1614.77,1632.07,0.010713600079268248,False,2013-07-05 16:16:00.945
2013-07-08,1641.3452,0.001015,0.020968,0.07760866708740498,1.117331427468468,-0.7651436278475782,0.7077032231649262,0.01884320283126454,-0.32741464651663466,0.005755061684125621,0.07315014715683407,181,True,12,62,181,903790,1635.46,1644.68,0.005637557629046386,False,2013-07-08 16:14:58.329
2013-07-09,1649.8,0.001015,0.020968,0.05584884663537669,1.3962580580164843,-0.8108674914871552,0.48647571792180555,0.016110623801053003,-0.0806998198363931,0.0033979758135178452,0.04069148710490378,183,True,12,57,183,688605,1643.95,1654.17,0.006216734085586539,False,2013-07-09 16:17:20.184
2013-07-10,1650.9813,0.001015,0.02086,0.07005984877267184,1.2340552941555012,-0.7658619388162635,0.6444623093994568,0.01687252909948935,-0.24241621366518226,0.003940950374594186,0.051368403631026856,174,True,12,53,174,540585,1647.66,1657.92,0.006227012854593816,False,2013-07-10 16:22:15.115
2013-07-11,1670.6113,0.0009130000000000001,0.020586000000000004,0.05699769336807647,1.2414298640002457,-0.7147595808913931,0.5172373009358645,0.01531341172908829,-0.12601714802690034,0.005067148870986423,0.06585349384377102,182,True,12,51,182,888031,1658.26,1676.63,0.011077876810632992,False,2013-07-11 16:44:04.954
2013-07-12,1675.1297,0.0009130000000000001,0.020586000000000004,0.06104625074386742,1.090947044842712,-0.7326316106751496,0.46609571549924894,0.01428788203145923,-0.08404876231125805,0.00552801908702011,0.07772699365768135,177,True,12,50,177,640765,1672.33,1680.19,0.004700029300437114,False,2013-07-12 16:18:08.659
2013-07-15,1681.543,0.000964,0.020495,0.14009449448204134,0.4215458128131589,-0.7298885671334447,0.6242292153014953,0.016914243325497028,-0.27154961814175915,0.009554295553083382,0.11011299860917916,178,True,12,54,178,707813,1677.89,1684.51,0.003945431464517979,False,2013-07-15 16:17:38.054
2013-07-16,1676.8316,0.000862,0.020571000000000002,0.10049077693288548,0.6239272469063166,-0.7193980788920333,0.5981499027500687,0.017035827722654624,-0.23238543857749266,0.006174861306093395,0.07106637062626195,172,True,12,65,172,481120,1671.84,1683.73,0.0071119245860848945,False,2013-07-16 16:23:19.254
2013-07-17,1680.8557,0.0009130000000000001,0.020520999999999998,0.10749827520218593,0.5831442134499317,-0.6839455386064897,0.6875719469425876,0.017729927707487714,-0.34738118794241446,0.010618351467042111,0.12480880187686842,181,True,12,54,181,587141,1678.12,1684.75,0.003950849760446351,False,2013-07-17 16:16:23.228
2013-07-18,1689.9691,0.000964,0.020430999999999998,0.04444024233102405,2.1433240120714387,-0.7248940839520083,0.5793241416947709,0.013776615132556055,-0.14511678416966803,0.0037785471249947547,0.055404308039063044,184,True,12,52,184,733229,1681.05,1693.12,0.007180036286844604,False,2013-07-18 16:25:13.993
2013-07-19,1688.439,0.000964,0.0204,0.09044888633749265,0.8125328712297483,-0.7007920909265262,0.7678501307826102,0.01622869650393928,-0.4426084367121995,0.007815610655899988,0.09995066109857846,169,True,12,62,169,405185,1684.12,1692.09,0.004732441868750437,False,2013-07-19 16:20:58.040
2013-07-22,1694.8748,0.0009130000000000001,0.020360999999999997,0.04659478278249123,2.0593575180649983,-0.6816789743937766,0.6810034223604089,0.013530569377050243,-0.27185502881513174,0.004633087139280846,0.062086745601809365,183,True,12,54,183,412952,1690.67,1697.56,0.004075307422501062,False,2013-07-22 16:17:53.326
2013-07-23,1694.5582,0.000964,0.020398,0.10396510067391442,0.7405838741729193,-0.7056407964510357,0.8286630156252867,0.014249382056767986,-0.5326926393934639,0.01007570157324721,0.11608658409502162,184,True,12,55,184,338625,1691.13,1698.78,0.00452360256160067,False,2013-07-23 16:17:29.399
2013-07-24,1687.6709,0.001167,0.020475,0.04961241689586678,2.119087945412345,-0.6126115344449398,0.8924673280497286,0.015054233047548401,-0.5862317824626159,0.004519260056104714,0.0602353399539044,186,True,12,53,186,352199,1682.57,1698.32,0.009360680387740183,False,2013-07-24 16:17:53.073
2013-07-25,1686.0521,0.001116,0.020425,0.04154205276435798,2.797573385449066,-0.6540154254200481,0.8851192713472669,0.015190511441047425,-0.5510022421293392,0.005195187712404535,0.07798256865540704,183,True,12,64,183,340748,1680.11,1690.94,0.006446006511478419,False,2013-07-25 16:15:14.019
2013-07-26,1686.1055,0.001015,0.020409,0.04335820906643222,2.624641715975532,-0.7258904615532965,0.7172348084327336,0.013026443818972068,-0.2868262419360469,0.004238971266606681,0.05685454517147854,181,True,12,58,181,473984,1676.03,1691.83,0.00942703889548513,False,2013-07-26 16:16:00.209
2013-07-29,1685.8936,0.001065,0.020498,0.052527000737005815,1.9705351286330948,-0.6838241793886037,0.824763996384136,0.015026793526226679,-0.4732230494235182,0.003769143200060192,0.050204677128740126,167,True,11,45,167,269879,1681.86,1690.92,0.005386893082658606,False,2013-07-29 16:17:19.496
2013-07-30,1687.9098,0.001065,0.020496,0.08018572644244086,0.876697583259809,-0.702530010612521,0.681909679568417,0.014968525787230434,-0.324403545921061,0.0048343756122922014,0.0687478521228278,184,True,12,52,184,362214,1682.42,1693.19,0.006401493087338395,False,2013-07-30 16:14:59.527
2013-07-31,1691.6636,0.001015,0.020522,0.09045276196678527,0.6780913276938667,-0.7024037761449208,0.6472478191966043,0.014892520126399376,-0.2962592725434908,0.004818724673273618,0.07078226421236965,184,True,12,65,184,436074,1685.0,1698.41,0.007958456973293782,False,2013-07-31 16:23:55.664
2013-08-01,1704.1492,0.0013189999999999999,0.020289,0.08285067461643068,0.8064308138273345,-0.6825823671402234,0.7099253806762498,0.014401929591287253,-0.3703673722141744,0.006879396084934344,0.0759702846874284,188,True,12,59,188,818319,1691.22,1707.85,0.009833138207920866,False,2013-08-01 16:21:30.604
2013-08-02,1704.6185,0.001421,0.020257,0.040890427164399855,2.6169948486467582,-0.6801958199316853,0.7246498421058275,0.010589891800594655,-0.31109731916760086,0.003367454571913546,0.05080013912156295,184,True,12,50,184,519889,1700.68,1709.67,0.005286120845779285,False,2013-08-02 16:15:02.529
2013-08-05,1706.775,0.001015,0.020289,0.04702839552727841,1.8907581569315892,-0.6753674988622203,0.6450261033991407,0.010384038553035822,-0.23822002916506552,0.00377865442360374,0.061159118596684096,180,True,12,55,180,430414,1703.59,1709.19,0.0032871759050006055,False,2013-08-05 16:20:55.792
2013-08-06,1698.0964,0.001015,0.020289,0.04355725029360187,3.289264089023556,-0.6115317909646768,1.1603991896604655,0.01236308462111973,-1.0599836809499543,0.004152726200666226,0.061107714959034116,182,True,12,50,182,433325,1693.29,1705.79,0.0073820786752416545,False,2013-08-06 16:17:16.944
2013-08-07,1688.735,0.0012180000000000001,0.020539,0.03673531172866444,3.7521454366373743,-0.7023591706412622,0.8449321444925227,0.013354749248664187,-0.4382378642644139,0.0038210605599342425,0.05340045421977048,187,True,12,48,187,380584,1684.91,1695.05,0.006018125597212931,False,2013-08-07 16:17:20.870
2013-08-08,1696.5883,0.001015,0.020492,0.09788275893674117,0.8687949971436176,-0.766513991945886,0.7466562571569844,0.012001145181145416,-0.38741546380996583,0.00990940223657634,0.11507920519502218,183,True,12,58,183,503946,1688.38,1700.18,0.00698894798564309,False,2013-08-08 16:17:40.041
2013-08-09,1692.581,0.001015,0.020492,0.03785669390717969,5.931745327035496,-0.6699641856474432,1.5292192283052242,0.013386400327970421,-1.889398913856573,0.0046201474526693,0.06705544158922669,189,True,12,49,189,524482,1686.02,1699.42,0.007947711177803463,False,2013-08-09 16:23:45.381
2013-08-12,1688.6826,0.001015,0.020492,0.06575280154499655,1.4894736679543046,-0.7490065729739926,0.8435084211510345,0.015557053986942694,-0.5156323235617161,0.006412675431280487,0.07935235922382464,179,True,12,48,179,236279,1683.35,1691.49,0.004835595687171512,False,2013-08-12 16:19:33.495
2013-08-13,1689.8506,0.001065,0.020554000000000003,0.04117559125005214,4.033995092304338,-0.7174294382924558,1.1057428979137838,0.013818641480345565,-0.8904630902358929,0.004229091131601426,0.05514006667956694,184,True,12,48,184,324013,1682.62,1696.76,0.008403561113026203,False,2013-08-13 16:19:27.067
2013-08-14,1688.567,0.001065,0.020679,0.038757392448126454,3.918560256752482,-0.7089046441592938,0.9265501997847699,0.0127929146272875,-0.5547489173160228,0.003365557388656936,0.04636506531409548,181,True,12,48,181,447845,1684.83,1695.52,0.00634485378346783,False,2013-08-14 16:21:28.833
2013-08-15,1663.3226,0.001065,0.020996,0.040883023661724,4.151059904119801,-0.7387124477418946,1.0742212038948904,0.02036177382383046,-0.8145354343346605,0.0040330929499775,0.045385956307562,187,True,12,44,187,719624,1658.59,1679.61,0.012673415370887398,False,2013-08-15 16:34:29.226
2013-08-16,1658.7822,0.001116,0.021071,0.041821209471570635,5.384773027756739,-0.6927993850182147,1.5610392659945915,0.021845503627316357,-1.9864481484755767,0.0033610856777967477,0.0378488303852202,170,True,11,40,170,561563,1652.65,1663.6,0.006625722324751004,False,2013-08-16 16:36:12.765
2013-08-19,1652.8547,0.001116,0.021204999999999998,0.061712456010780355,1.6829633232197958,-0.7256985320076885,0.8790023372104081,0.020105725300163545,-0.5649255087174432,0.003856968232264246,0.0414230903435407,184,True,12,52,184,561061,1645.84,1659.18,0.008105283624167736,False,2013-08-19 16:16:36.584
2013-08-20,1654.5342,0.001167,0.021131,0.053899993150721935,2.2614875382043755,-0.6918732236546657,0.9686645274315195,0.018893840800553674,-0.6945226410648113,0.0051328207436344715,0.06631709278990562,186,True,12,56,186,454864,1646.08,1658.92,0.007800349922239658,False,2013-08-20 16:19:51.266
2013-08-21,1648.1198,0.0013189999999999999,0.021242,0.04939045719719726,3.038140216482924,-0.7203718455788617,0.9952760950792297,0.02076350888007969,-0.6904642367935929,0.0056324460708584104,0.06087983717424142,180,True,12,44,180,808942,1639.45,1656.99,0.010698709933209205,False,2013-08-21 16:24:12.829
2013-08-22,1654.3274,0.0012690000000000002,0.021067999999999996,0.03675232201613999,4.882481464644711,-0.6974161415069214,0.9605579942143591,0.016449841135425514,-0.5637865981961983,0.004955746062502714,0.07627770493904801,168,True,11,46,168,457430,1645.03,1659.55,0.008826586749177912,False,2013-08-22 16:19:19.595
2013-08-23,1660.3653,0.0012690000000000002,0.020996,0.060515740642420664,1.5080768274169634,-0.7458868169926446,0.7091672880916877,0.01594413374803844,-0.32039347018569975,0.004956718252436198,0.06200656678588561,176,True,12,59,176,406474,1654.89,1664.85,0.006018526911154121,False,2013-08-23 16:15:23.838
2013-08-26,1664.5851,0.0012180000000000001,0.021088,0.10635897076613965,0.7339780906011113,-0.7686355950495054,0.781800958473364,0.016315030216096083,-0.4550824301074094,0.010396340525385893,0.12464863618487561,178,True,12,59,178,264181,1656.02,1669.44,0.008103766862719075,False,2013-08-26 16:27:55.117
2013-08-27,1637.798,0.0012180000000000001,0.021428,0.037871215463122575,4.76486571825634,-0.8878356126433466,0.6945547779227697,0.020943874703756016,-0.12150382699748358,0.0042506426088038726,0.04187827562327401,189,True,12,47,189,766761,1629.05,1652.54,0.014419446916914769,False,2013-08-27 16:18:19.770
2013-08-28,1635.7655,0.001167,0.021397,0.03741656432557378,4.780683763064208,-0.9679040928718406,0.6002782096529684,0.019734922026762417,-0.0025804059023369352,0.004686551209283969,0.05280837800516817,188,True,12,52,188,633396,1627.47,1641.18,0.00842411841692936,False,2013-08-28 16:32:29.685
2013-08-29,1641.7755,0.001167,0.02137,0.04467182511292487,5.010843204263703,-0.7436365487507729,1.1681419771283779,0.022651833866344197,-0.9168686561510833,0.005455625532725378,0.06140882895130921,184,True,12,57,184,401611,1631.03,1646.41,0.009429624225183009,False,2013-08-29 16:19:15.578
2013-08-30,1633.501,0.001116,0.021456,0.04582130798073417,3.9181825262069814,-0.762805646187433,0.9565361412328613,0.02656531314103151,-0.5558888929685302,0.004958379898781109,0.04723994312495711,167,True,11,50,167,329845,1628.05,1640.08,0.0073892079481587825,False,2013-08-30 16:20:50.600
2013-09-03,1641.4312,0.001116,0.021456,0.10325200657069031,0.8109431554927179,-0.7594503670425358,0.8234425480438357,0.025166219686342504,-0.5105946138901437,0.008056482926822477,0.0796794715097784,183,True,12,50,183,409945,1633.58,1651.35,0.010877949044429958,False,2013-09-03 16:23:24.286
2013-09-04,1650.6001,0.0012180000000000001,0.021211999999999998,0.11371485399433066,0.679984663643736,-0.8847869033989914,0.6409828707296008,0.020992838787639707,-0.2562103270794972,0.008214834082838504,0.08484196298058247,183,True,12,45,183,397822,1637.48,1655.72,0.011139067347387455,False,2013-09-04 16:25:53.057
2013-09-05,1656.3344,0.001015,0.02119,0.04537942107644157,3.84627029740822,-0.732294921116972,0.9986182774632351,0.02007879934001217,-0.6481554252838432,0.0044737519764211,0.05778765455825359,182,True,12,53,182,461000,1653.07,1659.17,0.0036901038673500253,False,2013-09-05 16:17:29.700
2013-09-06,1657.613,0.001015,0.02119,0.04043132432004566,5.1272772993087,-0.7969773830881652,0.9866533731849043,0.020271526359037378,-0.5588796560828343,0.004751239599570001,0.0502608251937896,191,True,12,53,191,434616,1640.62,1664.83,0.014756616401116585,False,2013-09-06 16:24:36.545
2013-09-09,1667.4365,0.001065,0.021002999999999997,0.04647376518223941,2.913109587296506,-0.7534369690940554,0.8466655314313654,0.020232664466767747,-0.4460761802936599,0.0035463638940596742,0.04302528131003122,175,True,11,53,175,340702,1657.64,1672.4,0.008904225284138922,False,2013-09-09 16:16:38.567
2013-09-10,1681.6283,0.0013700000000000001,0.020859000000000003,0.06489405306886914,1.5312856946073963,-0.7451343001647196,0.7916224568507213,0.017817299307252503,-0.4279234439314671,0.004155880874732094,0.057536956161788735,183,True,12,56,183,629671,1674.32,1684.09,0.005835204739834676,False,2013-09-10 16:17:30.414
2013-09-11,1685.1258,0.0013700000000000001,0.020859000000000003,0.042161933576308736,3.131405012847325,-0.7447942355437975,0.7945121774997208,0.015215213201201587,-0.3671974198909696,0.004023271471549253,0.0570985715698096,184,True,12,42,184,824412,1678.7,1689.13,0.006213141121105714,False,2013-09-11 16:16:26.162
2013-09-12,1685.9246,0.001116,0.020895999999999998,0.04968943250647721,2.1068030260241346,-0.7512443729655436,0.688752775520484,0.01447823376293282,-0.26500869225503376,0.004087249759123215,0.05644800298614169,180,True,12,50,180,500053,1681.96,1689.97,0.004762301124878077,False,2013-09-12 16:17:56.148
2013-09-13,1686.7085,0.001065,0.020841,0.04598529648404965,2.282438728243338,-0.8001716101005232,0.6117975714836401,0.014855470448524208,-0.1643790252233855,0.0038655025691965183,0.05349483486571746,185,True,12,47,185,463856,1682.22,1688.73,0.003869886221778307,False,2013-09-13 16:19:36.953
2013-09-16,1701.0919,0.001015,0.020723,0.050619182695733796,1.8111428087048644,-0.722259962341821,0.7245185951440151,0.01665433908038732,-0.3415700572656653,0.0036848934221802403,0.050956663329302675,176,True,12,46,176,565492,1692.34,1704.95,0.007451221385773588,False,2013-09-16 16:20:13.644
2013-09-17,1703.9288,0.001015,0.020638,0.04930185657722888,1.8446772513333938,-0.754195505496066,0.6831695489937128,0.017136875875258646,-0.2848286061192415,0.0023076533443619016,0.03245366698800763,169,True,11,42,169,452042,1698.82,1705.46,0.0039085953779682825,False,2013-09-17 16:18:39.020
2013-09-18,1713.1285,0.001065,0.020390000000000002,0.0642799489119856,1.3940094273566312,-0.6878907877600783,0.919109497054964,0.018889009388534616,-0.6655485580300079,0.005759117051645296,0.07805622442292118,176,True,12,49,176,868975,1700.37,1729.44,0.017096279045148988,False,2013-09-18 16:27:00.912
2013-09-19,1724.2352,0.001015,0.020446,0.044277729408622665,1.4630071428623834,-0.8315062694680708,0.3324460002457482,0.012519848952822172,0.019036925709689526,0.003912925788876061,0.05247268129825187,183,True,12,42,183,729897,1720.2,1728.99,0.005109870945238848,False,2013-09-19 16:19:48.475
2013-09-20,1716.9625,0.001015,0.020598,0.03465372652362848,3.368270584586149,-0.7871156926142989,0.4802025719904457,0.011022984382439111,0.0028517452454220604,0.004408104905030866,0.06109649165175449,184,True,12,45,184,558293,1708.89,1725.23,0.009561762313548439,False,2013-09-20 16:16:52.107
2013-09-23,1702.2945,0.000964,0.020638,0.0607790033651006,1.5879192666922601,-0.7066183987436429,0.7878330338936298,0.017091574238070298,-0.42765658838644727,0.004149956369566762,0.05319521331386678,180,True,12,59,180,493452,1697.1,1710.61,0.007960638736668413,False,2013-09-23 16:16:30.884
2013-09-24,1701.9045,0.000964,0.020701999999999998,0.04490824081864195,2.4803805543124016,-0.7387741672969215,0.7103504986913659,0.015366256757097397,-0.28181877648119635,0.0036508742617799793,0.0468252507461556,185,True,12,54,185,378284,1694.9,1707.59,0.007487167384506277,False,2013-09-24 16:26:37.437
2013-09-25,1696.4111,0.000964,0.020760999999999998,0.10443320915239274,0.6940427175013572,-0.7490034952159815,0.7265816738497727,0.01677266146119635,-0.382958712219309,0.00993224253408426,0.10165072115712219,177,True,12,59,177,458266,1691.88,1701.71,0.0058101047355603175,False,2013-09-25 16:16:30.245
2013-09-26,1697.7637,0.0009130000000000001,0.020687,0.04807050636390256,2.0754880199265235,-0.738528896133054,0.7171171821570753,0.01574759371324574,-0.314717532804741,0.0035772232916938887,0.05149556315647394,187,True,12,53,187,459681,1693.11,1703.85,0.006343356308804449,False,2013-09-26 16:19:23.466
2013-09-27,1690.7094,0.000862,0.020791,0.10241447516788339,0.6349121923420585,-0.7561857040709049,0.6693375838951768,0.018540521155912735,-0.31796440330182857,0.006811824013839927,0.07861149674716363,177,True,12,51,177,470704,1687.11,1695.52,0.004984855759257112,False,2013-09-27 16:16:19.012
2013-09-30,1681.6528,0.000862,0.020922,0.07887545509805483,0.9551769220904762,-0.6450471031673006,1.1598023750939905,0.024915833024445316,-1.1944615204155704,0.016197091217792975,0.32380939512215384,184,True,12,62,184,476643,1674.99,1687.07,0.007211983355124518,False,2013-09-30 16:18:40.742
2013-10-01,1691.6528,0.0013189999999999999,0.020759,0.05147000853489311,2.394678770725182,-0.7389287738236088,0.9343213026529824,0.020565778313562957,-0.626448023056061,0.003918095533003806,0.04740530466912786,177,True,12,52,177,585088,1682.07,1696.55,0.00860844079021672,False,2013-10-01 16:17:24.469
2013-10-02,1687.2582,0.0013189999999999999,0.020759,0.06956566243132088,1.2355281088881709,-0.7371957443072739,0.8269653968851863,0.022354936924875553,-0.5119711049508282,0.0049034752653694955,0.06173644500635704,180,True,12,61,180,580403,1680.34,1693.87,0.008051941868907564,False,2013-10-02 16:18:51.795
2013-10-03,1678.6027,0.0013189999999999999,0.020759,0.059423290750652794,2.001938663126178,-0.7620015738189981,0.9628926398195259,0.02567052908958533,-0.6892386693307752,0.007197869649243813,0.08071858868518729,184,True,12,55,184,646233,1670.36,1691.81,0.01284154314040098,False,2013-10-03 16:18:24.706
2013-10-04,1686.2252,0.0012690000000000002,0.020856,0.056751827848999375,2.2084628923205623,-0.767644783845792,0.9916803436197318,0.025632093820819716,-0.7327612921699898,0.004001365890479129,0.04329180148708865,182,True,12,54,182,406221,1677.34,1691.92,0.00869233429119931,False,2013-10-04 16:16:36.265
2013-10-07,1680.5963,0.001167,0.021037,0.05710371793530109,2.05893458321736,-0.7414506364392672,1.007326326871791,0.031311865067564094,-0.7795606894344524,0.004876460535231218,0.057947864366682644,182,True,12,51,182,403738,1674.7,1685.66,0.006544455723413112,False,2013-10-07 16:24:05.586
2013-10-08,1664.482,0.001167,0.021037,0.057822827666949975,2.2447135235754603,-0.7727599479506848,1.0103121311105174,0.037453271871051706,-0.7611392357983237,0.0068629696734841435,0.05372427105240708,183,True,12,55,183,785084,1655.09,1676.79,0.013111069488668248,False,2013-10-08 16:37:09.024
2013-10-09,1655.6185,0.001116,0.021330000000000002,0.06314447286789222,2.089484572937128,-0.779871515877719,1.073533725603361,0.04057087796755971,-0.8885958561604167,0.007182441125332665,0.05926586556460427,183,True,12,53,183,815610,1646.47,1662.44,0.009699539013768854,False,2013-10-09 16:23:43.182
2013-10-10,1683.2291,0.001268,0.020882,0.05916485976660161,2.0325870946442883,-0.7893594387539322,0.927609030380826,0.026052105252002973,-0.6199430524079891,0.005407235011073388,0.05755253840040137,167,True,11,54,167,828621,1660.88,1692.56,0.019074225711670723,False,2013-10-10 16:23:25.164
2013-10-11,1698.2242,0.001268,0.020882,0.05730160677920969,2.4604920328023683,-0.7270505636886159,1.2404501945675206,0.023489023821728863,-1.2567363913085605,0.005062445129021261,0.08069817156304393,181,True,12,52,181,670355,1688.52,1703.44,0.008836140525430691,False,2013-10-11 16:32:40.783
2013-10-14,1702.7697,0.001268,0.020669,0.061294114677286446,2.020690821409175,-0.7379788159279814,1.2339964107973331,0.028053861608829993,-1.2750342319911123,0.0061587431499741324,0.08248197230752405,174,True,12,52,174,474779,1692.13,1711.03,0.011169354600414794,False,2013-10-14 16:20:32.084
2013-10-15,1704.8635,0.001472,0.020815999999999998,0.14979258883778201,0.33848459373637374,-0.763061322991195,0.6493451057366578,0.024297965636411227,-0.3202440991891987,0.008272443550201633,0.07903561865182746,166,True,12,55,166,458821,1696.1,1711.39,0.009014798655739842,False,2013-10-15 16:27:43.727
2013-10-16,1715.3571,0.0012180000000000001,0.020539,0.05528957632827854,2.1278498798984256,-0.7207796896161377,1.1036228322742403,0.022775406942498477,-0.9826875192174912,0.008680492984267422,0.09086023518768649,183,True,12,53,183,859904,1700.49,1721.76,0.012508159412875086,False,2013-10-16 16:20:52.351
2013-10-17,1725.1932,0.0012180000000000001,0.020413999999999998,0.04534019662367361,2.1810427580222327,-0.8019122530942138,0.665020219472629,0.01291492308750014,-0.24447407732068885,0.003890914181896629,0.05338865742385388,184,True,12,60,184,1072182,1714.12,1733.45,0.011276923435932229,False,2013-10-17 16:19:00.777
2013-10-18,1740.6592,0.001116,0.020272000000000002,0.05780386620791216,1.0248705672901048,-0.7805268288951785,0.45742420132386563,0.01156036456173255,-0.09075393765264785,0.00443373310824871,0.06359596468817427,187,True,12,59,187,989483,1735.74,1745.31,0.005513498565453245,False,2013-10-18 16:24:42.074
2013-10-21,1743.7857,0.001065,0.020272000000000002,0.08343505891794128,0.6944143687835919,-0.7427885434073387,0.5270466660340187,0.01198400634824074,-0.1619011806317265,0.0045680210731723556,0.060704950165163085,165,True,11,55,165,507719,1740.69,1747.79,0.0040788422981690164,False,2013-10-21 16:18:44.757
2013-10-22,1754.1127,0.000964,0.020156,0.041439505669663375,2.279371890040875,-0.6459122240436467,0.7264542365543799,0.01231695311123869,-0.3388236690865666,0.006063363410546952,0.07995163519874103,177,True,12,46,177,695038,1746.48,1759.33,0.007357656543447444,False,2013-10-22 16:22:00.753
2013-10-23,1745.2258,0.000964,0.020253,0.048253913842494674,2.4213005104533027,-0.666986627505183,0.9327921628166589,0.013581226921071603,-0.6364267665757762,0.004491849977078725,0.06434548321288915,184,True,12,54,184,489684,1740.5,1751.88,0.0065383510485492735,False,2013-10-23 16:20:37.742
2013-10-24,1750.0565,0.001015,0.020186000000000003,0.08022519298241855,1.0095978817511047,-0.7039376357582828,0.798903518037482,0.012442729282021574,-0.47625646133641875,0.0098297412529301,0.11615108558951302,175,True,12,55,175,434608,1745.5,1753.94,0.004835290747636778,False,2013-10-24 16:14:41.115
2013-10-25,1755.6035,0.000964,0.020097999999999998,0.061597902757612,1.0871977324490802,-0.7126371246630067,0.6012645731291486,0.012176247936499959,-0.2275808864967879,0.004527537653940614,0.07136007197692448,180,True,12,57,180,330554,1752.49,1759.82,0.004182620157604289,False,2013-10-25 16:16:56.376
2013-10-28,1761.7215,0.000964,0.020072999999999997,0.15721738035811827,0.37592861098025054,-0.7508021854900355,0.6285348984081299,0.013248615297960075,-0.2768510956769559,0.007745236005169596,0.09188143145003655,175,True,12,56,175,707278,1757.67,1764.99,0.004164604277253403,False,2013-10-28 16:17:17.553
2013-10-29,1768.6824,0.000964,0.019969,0.07101689707501406,0.9599259101468025,-0.7179197456816228,0.6329826943324227,0.012699815419351225,-0.2643251722032639,0.007953751958200164,0.09245758227949798,179,True,12,56,179,434504,1764.44,1772.04,0.004307315635555753,False,2013-10-29 16:17:36.889
2013-10-30,1768.5217,0.0009130000000000001,0.02009,0.05167294788778142,1.382790942542668,-0.7477945847577457,0.5272429463367567,0.01368099154994365,-0.13507935583445724,0.003666759976958558,0.04361639965075221,185,True,12,49,185,800898,1757.24,1775.22,0.010231954656165332,False,2013-10-30 16:21:12.269
2013-10-31,1762.2707,0.0009130000000000001,0.020175000000000002,0.06344438049319459,1.4340580430638918,-0.7546331123630249,0.7517695120252704,0.012612816078988443,-0.38319155094377,0.005077858735483622,0.07406715518901297,185,True,12,48,185,510819,1755.82,1768.53,0.007238783018760575,False,2013-10-31 16:18:23.156
2013-11-01,1758.0352,0.0013189999999999999,0.020117,0.049198784144287924,2.0034526255423466,-0.6844269417179805,0.763694883957489,0.012549059069073247,-0.3860950092481129,0.004237447455129354,0.07526450390023548,186,True,12,57,186,384451,1752.7,1765.58,0.007348662064243561,False,2013-11-01 16:26:43.199
2013-11-04,1765.1286,0.0012180000000000001,0.020049,0.04253377687762888,2.4063651365767167,-0.7805440066144295,0.5838806982694804,0.010418051736870632,-0.13621307420113798,0.004317331574850527,0.06402033133481898,174,True,12,55,174,377451,1761.56,1768.78,0.00409863984195824,False,2013-11-04 16:33:07.691
2013-11-05,1762.437,0.0012180000000000001,0.020049,0.05698143795878696,1.5407549812313255,-0.7260611632747948,0.6961019400654413,0.012405219038151463,-0.30896904221742183,0.004431493857535511,0.06733702766547416,191,True,12,60,191,425151,1755.78,1767.03,0.006407408673068327,False,2013-11-05 16:16:36.694
2013-11-06,1769.2542,0.0012180000000000001,0.020066999999999998,0.04256267695569058,2.1363219818939503,-0.7112262901516256,0.5635074713277182,0.010477450829926432,-0.13568550546477334,0.0041318466936591785,0.06375973356615063,173,True,11,50,173,448629,1764.4,1773.74,0.005293584221264913,False,2013-11-06 16:18:35.488
2013-11-07,1757.2981,0.001065,0.020358,0.03744982063438299,3.1456515291647653,-0.6199769896577184,0.743565737335755,0.012154876167253914,-0.317281834648679,0.007465138285322559,0.0928671202924962,188,True,12,51,188,551823,1746.2,1774.54,0.0162295269728554,False,2013-11-07 16:20:29.076
2013-11-08,1761.0534,0.001065,0.020358,0.03888181954455401,3.1981775075741727,-0.6404540351407553,0.7859269595360759,0.011768904382271007,-0.3689792642837197,0.00375611712428877,0.05080264442007867,182,True,12,43,182,613446,1747.63,1770.78,0.013246510989168181,False,2013-11-08 16:18:21.765
2013-11-11,1771.2237,0.001015,0.020075,0.059527158672382806,1.3005770940252674,-0.742371176190538,0.5438138077251803,0.011817795844444598,-0.1408941393891421,0.0033230436655773323,0.04873797616520706,173,True,12,46,173,261811,1767.92,1773.44,0.0031223132268427545,False,2013-11-11 16:20:36.206
2013-11-12,1767.1426,0.0013189999999999999,0.020139,0.05075837815496061,2.001346677833164,-0.6761593331835928,0.7754888302831487,0.012616177749138768,-0.39821270290866656,0.003022695944944603,0.04240309685663272,182,True,12,47,182,529151,1762.29,1771.75,0.0053680154798585455,False,2013-11-12 16:21:07.365
2013-11-13,1772.6196,0.000964,0.019965999999999998,0.04582971010272943,3.608046489462445,-0.62752745212031,1.3115621932708645,0.013166111396313991,-1.3894839375190116,0.004436692913297653,0.05546251889040817,192,True,12,44,192,491092,1760.64,1782.0,0.0121319520174481,False,2013-11-13 16:21:32.954
2013-11-14,1787.5257,0.0012180000000000001,0.019859,0.03752243533808087,4.012585600950117,-0.6488904381834995,1.0016927368204713,0.010475317730609992,-0.7022643714985557,0.0042084706801921185,0.057734570658427777,190,True,12,45,190,853426,1780.22,1791.53,0.006353147363808986,False,2013-11-14 16:16:30.713
2013-11-15,1793.9869,0.0012180000000000001,0.0197,0.04181634735922087,3.0873857724941147,-0.7157439681856282,0.7559250226837585,0.008350895175778661,-0.31321624813038,0.003846466719662354,0.06033815092162456,178,True,12,54,178,524721,1790.95,1798.22,0.004059298137859768,False,2013-11-15 16:24:01.431
2013-11-18,1797.2692,0.0012690000000000002,0.019796,0.04910588866815993,3.858152040567929,-0.6056025824232,1.6244084542075476,0.0115332029293374,-2.259786856963029,0.0056513427265911026,0.08330782586786026,185,True,12,53,185,590132,1788.0,1802.33,0.00801454138702451,False,2013-11-18 16:24:53.230
2013-11-20,1788.1416,0.001116,0.019902,0.04287275953851893,2.8204870888208315,-0.6809805370414068,0.7214552637586304,0.010180491024155202,-0.2786535681240095,0.004105747739878013,0.056916758835156366,180,True,12,50,180,710269,1777.23,1795.72,0.010403830680328463,False,2013-11-20 16:19:54.410
2013-11-21,1793.133,0.001116,0.019753,0.04914599818889129,1.9325071268434335,-0.6992500022448899,0.585764613861586,0.008715604979793597,-0.15317019934067913,0.005152763481657673,0.08221149615657446,183,True,12,57,183,402769,1783.52,1797.16,0.0076477976137077075,False,2013-11-21 16:27:17.221
2013-11-22,1801.0023,0.001167,0.019669000000000002,0.05357607464620075,1.4463044099442033,-0.6941838600229701,0.5856299722297412,0.009634440626347713,-0.18798783831720753,0.004835681257132992,0.07478288148717137,186,True,12,60,186,446108,1794.7,1804.84,0.005649969354209583,False,2013-11-22 16:19:00.462
2013-11-25,1805.1352,0.001167,0.019697,0.04523775982608126,2.1366671495290546,-0.6734439716538206,0.671648638887039,0.00960690587981045,-0.257795823441466,0.004084012045651781,0.052541866362643394,184,True,12,48,184,431025,1800.58,1808.1,0.004176432038565325,False,2013-11-25 16:22:54.170
2013-11-26,1805.0952,0.001167,0.019705999999999998,0.06342312348161777,1.2182128578924827,-0.7221761983764635,0.5908420588704394,0.009829873618547053,-0.19456860950424096,0.005928087850647824,0.08317833149005392,177,True,12,57,177,402877,1800.77,1808.42,0.004248182721835692,False,2013-11-26 16:24:28.147
2013-11-27,1806.5974,0.001116,0.019684999999999998,0.047815078080634225,2.5227566969771913,-0.665218106569104,0.9900691960772814,0.010566424523703455,-0.7389853961322996,0.005266136681823184,0.08089813820630969,181,True,12,54,181,403909,1802.77,1808.27,0.003050860620045892,False,2013-11-27 16:16:11.565
2013-11-29,1811.3405,0.001167,0.019704,0.043118513322364244,3.088159341089915,-0.6546661354294832,1.0391085808974008,0.011501834252039794,-0.813432963513872,0.0047482405827408165,0.07804492936136985,175,True,12,60,175,334332,1803.98,1813.55,0.005304936861827647,False,2013-11-29 13:22:30.942
2013-12-02,1805.433,0.001421,0.019761,0.050729265944676305,1.9844478694824903,-0.6874718240362233,0.7914885030087178,0.01331488285198397,-0.4251148829463339,0.003239258719606503,0.04258315459695112,185,True,12,57,185,296307,1798.6,1810.01,0.0063438229734238405,False,2013-12-02 16:18:53.521
2013-12-03,1794.279,0.001472,0.019843,0.05843643511720899,1.6492756756560951,-0.716995438165018,0.7881906170420043,0.015132528110777817,-0.4284888667713187,0.003654028816806269,0.04463066582125041,188,True,12,59,188,385451,1787.85,1799.69,0.006622479514500679,False,2013-12-03 16:24:26.107
2013-12-04,1791.0971,0.001167,0.019874,0.04610862474637043,3.7065265849597795,-0.629794003318821,1.3283810572840686,0.016724106382348364,-1.4227905465144273,0.005126930498838391,0.06656816984168165,186,True,12,53,186,533428,1779.09,1799.8,0.01164078264730839,False,2013-12-04 16:16:10.810
2013-12-05,1787.025,0.001167,0.019874,0.04147972620643565,3.2667909334110723,-0.6941313304139922,0.9800790007088263,0.0174367803985316,-0.6895436606472962,0.0039339339984870055,0.04728541142374902,185,True,12,53,185,550548,1783.39,1792.3,0.004996102927570467,False,2013-12-05 16:27:40.921
2013-12-06,1802.3349,0.0012180000000000001,0.019507,0.04631784127029261,1.8396622780479541,-0.7873170547381141,0.5214138011719911,0.01160448195843468,-0.10145398128148456,0.005708443154741869,0.06758360488248347,168,True,11,48,168,476831,1790.89,1806.04,0.008459481040153038,False,2013-12-06 16:16:48.448
2013-12-09,1808.9902,0.001015,0.019478,0.05351932663130115,1.7191381983835707,-0.7274683430903568,0.7670718274030836,0.013581484790070408,-0.4043849508682321,0.004841251367743853,0.07986737515761624,173,True,12,52,173,442778,1806.71,1811.52,0.00266229776776572,False,2013-12-09 16:21:32.371
2013-12-10,1804.5777,0.001015,0.019478,0.049491354116405456,1.812007216592707,-0.7192829791352381,0.7300870902340975,0.013677084224832279,-0.3536697776907474,0.004321926980625601,0.06631959881433633,174,True,12,49,174,438151,1801.75,1808.52,0.003757458026918181,False,2013-12-10 16:18:43.220
2013-12-11,1789.2549,0.001065,0.019740999999999998,0.04462331118810968,2.6565963071013594,-0.721401153453712,0.9205139212840807,0.01744491583724326,-0.6102536318518608,0.005388503403767138,0.06580059559294874,183,True,12,55,183,575527,1780.09,1802.97,0.012853282699189394,False,2013-12-11 16:21:01.283
2013-12-12,1778.4615,0.0013189999999999999,0.019826,0.054082446722418354,1.9591297500943876,-0.651899830837187,1.013353346256576,0.021081954351409537,-0.814975943705831,0.005882671364938112,0.06477279959266402,186,True,12,49,186,545008,1772.28,1782.95,0.006020493375764602,False,2013-12-12 16:17:20.438
2013-12-13,1776.3408,0.0013189999999999999,0.019785999999999998,0.06935739522790654,1.0725633778875077,-0.7545720329303892,0.7151366009281535,0.019570018022009344,-0.3626399537728283,0.007584571995436683,0.06796534299909608,181,True,12,54,181,661887,1772.45,1780.92,0.0047786961550395635,False,2013-12-13 16:20:59.213
2013-12-16,1787.9428,0.0013189999999999999,0.019618,0.09859943777643054,0.5962478784294925,-0.7353096556291246,0.647053560384756,0.019485796851970386,-0.3010988988295142,0.004791770231504356,0.056359284708602624,175,True,12,54,175,293055,1778.03,1792.22,0.007980742732125012,False,2013-12-16 16:17:09.724
2013-12-17,1781.5503,0.0012690000000000002,0.019681,0.08690971875931616,0.8725335695511799,-0.7408989433464529,0.7930465055030712,0.021697048454842535,-0.4772594656151222,0.004782975652263207,0.05474066443677344,176,True,12,51,176,332927,1777.09,1786.57,0.005334563809373805,False,2013-12-17 16:20:47.078
2013-12-18,1788.7809,0.0012690000000000002,0.019336,0.07012608834422644,0.8638492444653615,-0.790888216135598,0.4890915289342284,0.0152386050724827,-0.11805378680827879,0.009866903450762276,0.10943174666206998,173,True,12,44,173,779848,1767.99,1811.08,0.02437230979813232,False,2013-12-18 16:40:28.589
2013-12-19,1807.0606,0.0012690000000000002,0.01936,0.061840706587703895,1.0842169956578072,-0.8012978647223215,0.47593146360095173,0.010697822265782631,-0.09241326783359147,0.004003344589081605,0.059682872860667126,182,True,12,51,182,781448,1801.35,1810.88,0.0052904765870043224,False,2013-12-19 16:30:57.349
2013-12-20,1820.3798,0.0012690000000000002,0.019267,0.05510823256055874,1.426594526539089,-0.7667965992132274,0.5482281032804215,0.00982020469016111,-0.14331984735017592,0.003359573757899064,0.050208205711700336,180,True,12,49,180,923495,1810.35,1823.75,0.007401883613666005,False,2013-12-20 16:20:05.186
2013-12-23,1827.5018,0.0012180000000000001,0.019045,0.05366742233577297,1.8729704160796126,-0.606422238120773,1.0066719675076998,0.010975856900364706,-0.8123534614815174,0.0056613268617270555,0.09200843931080498,181,True,12,48,181,405904,1823.96,1829.75,0.003174411719555126,False,2013-12-23 16:21:58.127
2013-12-24,1831.745,0.0012180000000000001,0.019041,0.05121303269757715,2.003848815262783,-0.7040876034822517,0.8964154201735787,0.010340606173898596,-0.5983142557308653,0.004898550046998438,0.08654641322575181,167,True,12,55,167,219569,1828.06,1833.32,0.002877367263656616,False,2013-12-24 13:14:41.405
2013-12-26,1839.9529,0.001167,0.018951,0.06344899305596949,1.1478661987827892,-0.7320473545558992,0.6248391338506789,0.00915975035226147,-0.24476203423976403,0.005836162934577182,0.10578712069469942,176,True,12,50,176,348440,1835.18,1842.84,0.0041739774844973265,False,2013-12-26 16:18:07.466
2013-12-27,1841.8614,0.001116,0.018994,0.05279515024594197,1.7841971858349728,-0.6725521196347067,0.9124371201628317,0.01102716948349636,-0.6441475812619534,0.004195398653297635,0.06793966108565508,181,True,12,52,181,266755,1839.82,1844.86,0.0027393984194106213,False,2013-12-27 16:16:59.471
2013-12-30,1840.0747,0.001116,0.019006000000000002,0.06777372742723038,0.9980007155070478,-0.7259862668465447,0.6593233264337722,0.01218047244425593,-0.2994307918497835,0.004717059465249644,0.07446296776147143,167,True,12,54,167,383677,1838.77,1842.46,0.002006776268918875,False,2013-12-30 16:20:28.159
2013-12-31,1845.9983,0.001116,0.018934,0.05492009994830826,1.2443876976655304,-0.7409489227299071,0.5400863810798726,0.012698748123493314,-0.15500950556748114,0.0032856383745456376,0.044784801939440545,161,True,11,46,161,447761,1842.41,1849.44,0.0038156544960132877,False,2013-12-31 16:17:24.978
2014-01-02,1834.5362,0.001116,0.018934,0.04105492533491305,2.6405912809715546,-0.7042033212877523,0.8417117402705216,0.015345855584052218,-0.491660097948611,0.004056744808405133,0.05396595493988536,186,True,12,53,186,819759,1827.74,1845.43,0.009678619497302643,False,2014-01-02 16:18:46.567
2014-01-03,1833.5707,0.001116,0.018934,0.05626717765797217,1.4958122196751529,-0.6796648438788492,0.7608663244319865,0.01431687312720841,-0.4105872998397859,0.003642123004413513,0.052678152717355695,175,True,12,51,175,532412,1829.14,1838.24,0.004975015581092812,False,2014-01-03 16:19:39.811
2014-01-06,1828.6378,0.001116,0.018934,0.0546803895288147,1.7338044227189282,-0.7342465927617673,0.8238207205014768,0.013663287602655214,-0.4890703771254669,0.004409084302197891,0.06740400896219648,181,True,12,60,181,411846,1823.73,1837.15,0.007358545398715943,False,2014-01-06 16:15:49.437
2014-01-07,1837.6188,0.001015,0.019105,0.058547731354173564,1.169467965530941,-0.7482405788964344,0.5864208932689214,0.011800118636502722,-0.20695007151588485,0.004805368197332488,0.07730438257766854,180,True,12,49,180,457723,1829.82,1840.1,0.005618038932791114,False,2014-01-07 16:14:41.417
2014-01-08,1836.7977,0.001015,0.019122,0.07168399327423798,0.8064108314059268,-0.7293554074855559,0.5343893926153646,0.011643268366676054,-0.16995852571026804,0.004370445249804139,0.07146074248556408,178,True,12,57,178,549711,1831.4,1840.0,0.0046958610898766295,False,2014-01-08 16:21:20.209
2014-01-09,1836.0843,0.0008119999999999999,0.019115,0.05129820294514005,1.2758084221891526,-0.7659235822563403,0.48101856750807925,0.010929811686531508,-0.10048550356636848,0.0033767199613492864,0.04915775240695706,168,True,11,48,168,591441,1830.43,1843.21,0.00698196598613432,False,2014-01-09 16:22:20.934
2014-01-10,1837.2791,0.000862,0.019071,0.049427005738285575,1.424303952872268,-0.6666209956583741,0.6030387077010042,0.009856571558425628,-0.22285752368233633,0.005286106329858701,0.10108465747252879,170,True,11,46,170,640767,1832.43,1843.15,0.005850155258318113,False,2014-01-10 16:19:22.227
2014-01-13,1830.7493,0.001065,0.019326,0.049786164640495574,1.935205051925672,-0.7512578217208904,0.7427788581289286,0.012090134321164438,-0.35902755742673453,0.005098493659849507,0.07173852561253835,173,True,12,46,173,449347,1815.52,1843.39,0.015350973825680958,False,2014-01-13 16:15:20.622
2014-01-14,1832.658,0.001065,0.019119999999999998,0.04305477688068174,2.58565770007658,-0.7510192405514449,0.7962402322543678,0.011311560773453468,-0.41134867672726183,0.0036083162108872663,0.058897397263314485,186,True,12,51,186,416534,1821.58,1839.26,0.009705859748130763,False,2014-01-14 16:16:19.021
2014-01-15,1847.7859,0.001015,0.019024,0.04280339382518337,2.537830834236011,-0.7348196540892857,0.7943881115092716,0.01034553858517226,-0.4137969263882716,0.0036999202308706674,0.07245551218842446,182,True,12,50,182,541195,1841.0,1850.82,0.0053340575774034615,False,2014-01-15 16:29:14.942
2014-01-16,1844.1425,0.001015,0.019053,0.04102816875328691,3.1485235602460535,-0.7312590164734479,0.9127818097533001,0.01095299640524993,-0.5748143203095601,0.004057077887016129,0.07474135274473609,181,True,12,45,181,510065,1840.31,1847.39,0.0038471779211111112,False,2014-01-16 16:30:37.175
2014-01-17,1842.2206,0.001015,0.01913,0.044060692605941795,2.344422542650432,-0.7607438549561389,0.7281766616350045,0.010097494183119924,-0.3236474885695775,0.0036399575353285225,0.050625962487605744,179,True,12,53,179,523750,1835.23,1846.02,0.005879372067806088,False,2014-01-17 16:19:24.563
2014-01-21,1840.5915,0.001015,0.019081,0.040585074693779075,3.3697635718074173,-0.7381319422911732,1.0273910873146956,0.012586141278953114,-0.782008233769313,0.004114707240421762,0.05898948635850207,186,True,12,51,186,371958,1832.41,1849.3,0.009217369475172044,False,2014-01-21 16:23:05.851
2014-01-22,1844.7581,0.001015,0.019077999999999998,0.048014276060469735,2.0044081759508354,-0.7451853727551283,0.8074020009355621,0.011963398993894503,-0.4594175761188174,0.0032967014345311046,0.05672372529309523,175,True,12,57,175,607554,1840.88,1846.82,0.0032267176567728484,False,2014-01-22 16:18:31.919
2014-01-23,1826.7627,0.000964,0.019249000000000002,0.04589626984834054,2.7601173702757005,-0.7323458923035518,1.1042019910607193,0.01692068640953313,-0.9659038537839255,0.0037573022041041846,0.0462577063606389,183,True,12,48,183,701431,1820.06,1842.01,0.012060041976638125,False,2014-01-23 16:20:59.683
2014-01-24,1802.9042,0.001015,0.019669000000000002,0.0437436030167522,2.7626574677721814,-0.7939681805335986,0.8744925989147511,0.02088064793011749,-0.5230401224736912,0.0060768752344079234,0.06673071499627935,189,True,12,50,189,708598,1790.29,1825.39,0.019605762194951692,False,2014-01-24 16:26:43.326
2014-01-27,1784.6824,0.001015,0.019811000000000002,0.04009757091453872,5.524848822493955,-0.7601523173998277,1.4823304813753029,0.030516732943549278,-1.754237621110223,0.00542597977261791,0.05102844605794144,187,True,12,47,187,1071387,1772.95,1795.98,0.012989650018331078,False,2014-01-27 16:25:45.281
2014-01-28,1790.2193,0.000964,0.019692,0.047746427815866424,2.361360176459704,-0.7717452232040135,0.8935338108254494,0.02303891400925716,-0.5729096446630602,0.0039808076675479365,0.040308946384383024,185,True,12,58,185,442076,1779.49,1793.87,0.00808096701864014,False,2014-01-28 16:17:02.578
2014-01-29,1779.7282,0.0009130000000000001,0.019915000000000002,0.041386017970303265,4.873804861116802,-0.6861147018560333,1.5785709448783194,0.033198033619875285,-2.0884714768821673,0.00428608681937123,0.038416486504230775,185,True,12,48,185,627289,1770.45,1787.29,0.009511706063430214,False,2014-01-29 16:17:08.523
2014-01-30,1791.6475,0.0008119999999999999,0.019701,0.05292461681325475,2.053246739008466,-0.7495616782930904,0.9193407054568564,0.02275429919700284,-0.6278527389397346,0.005143086660834956,0.04912981725416631,185,True,12,46,185,573173,1780.41,1798.76,0.010306614768508249,False,2014-01-30 16:19:37.231
2014-01-31,1782.2089,0.0008119999999999999,0.019829,0.04306483011133599,3.694747688473047,-0.7755068527474818,1.0818921555339986,0.028791315830459553,-0.8522632731893156,0.0066043693979779584,0.060628352245070655,181,True,12,47,181,507964,1772.28,1793.88,0.01218769043266299,False,2014-01-31 16:20:40.774
2014-02-03,1754.4008,0.0008119999999999999,0.019829,0.04617891816183292,4.110086596562205,-0.7018140452187279,1.3817970777562532,0.04062089644323774,-1.5297644589343358,0.007891098298947779,0.05969199086470664,186,True,12,39,186,1184547,1739.66,1784.83,0.025964843705091667,False,2014-02-03 16:17:59.438
2014-02-04,1753.0536,0.001167,0.020125,0.046865586925087535,2.9557915470192255,-0.7917038748789476,0.8889177466175663,0.03093220649246343,-0.5131249488931149,0.005018774416778919,0.04284181764579931,184,True,12,46,184,795138,1744.72,1758.73,0.00802994176716032,False,2014-02-04 16:25:32.104
2014-02-05,1748.4606,0.000964,0.020183,0.04782654769137947,3.7621453282511657,-0.7781274807483789,1.19419356945054,0.037057628840980225,-1.066237435390012,0.005997080953791727,0.05182630943074333,184,True,12,58,184,570380,1737.92,1755.76,0.010265144540600124,False,2014-02-05 16:15:59.071
2014-02-06,1769.1558,0.000964,0.020007999999999998,0.04154184210191427,6.472784991159912,-0.7055252975963745,1.7170992351915257,0.033409491409036006,-2.4106469593705118,0.005439581146661684,0.04766236266267655,186,True,12,46,186,674794,1753.19,1774.06,0.011904014967002885,False,2014-02-06 16:19:06.790
2014-02-07,1788.1605,0.001015,0.019746,0.037900124866620574,3.6577962678857823,-0.8294927867011991,0.7103190546739524,0.01682306404464942,-0.22729128885383765,0.004169893592179105,0.045607725727886475,187,True,12,49,187,638403,1777.3,1798.03,0.011663759635402116,False,2014-02-07 16:17:58.615
2014-02-10,1796.2864,0.0009130000000000001,0.019715,0.060204755493495674,1.667139156205203,-0.8026253543354636,0.9451675044430481,0.01983413604060922,-0.6926022009091655,0.009714800515482763,0.08887417177048938,185,True,12,57,185,405310,1791.83,1799.93,0.004520518129510043,False,2014-02-10 16:24:57.719
2014-02-11,1814.7193,0.0009130000000000001,0.019715,0.02896885060269822,9.754382806199821,-0.7320011128364783,1.5734718777674388,0.016699692894231833,-1.9106672336563282,0.005997607374516891,0.06247294689802144,170,True,11,45,170,1130213,1800.41,1823.54,0.01284707372209648,False,2014-02-11 16:22:12.067
2014-02-12,1820.3733,0.001167,0.019559,0.04171279494802264,2.322216845425945,-0.823003611651393,0.5762178080209189,0.013275659683469013,-0.13829465208423977,0.0033964733940952674,0.047348545104336996,181,True,12,51,181,478139,1815.97,1826.55,0.005826087435365057,False,2014-02-12 16:17:35.164
2014-02-13,1824.5775,0.001065,0.019457,0.037419993136940104,2.8975151192231534,-0.8480333400779761,0.5423319388009512,0.012108957868182784,-0.07727394009257751,0.004986570953674611,0.06259665657884507,179,True,12,46,179,594885,1809.22,1830.25,0.011623793679043981,False,2014-02-13 16:14:51.461
2014-02-18,1840.5923,0.000964,0.019379,0.03586283553288952,3.1205517295714467,-0.7413981063679834,0.7318373142494703,0.014078243663753737,-0.3117621876288885,0.004216807455214632,0.06416398745649707,184,True,12,51,184,402113,1835.1,1842.87,0.00423410168383187,False,2014-02-18 16:22:42.341
2014-02-19,1839.1958,0.001015,0.019539,0.04796194177223298,1.5560657890417666,-0.9232399325269957,0.4697136757390184,0.013643180851024063,-0.07136706364068976,0.004245930026502639,0.05095335177943631,184,True,12,43,184,997711,1826.99,1847.5,0.011226115085468447,False,2014-02-19 16:19:58.116
2014-02-20,1836.2212,0.001065,0.019450000000000002,0.02897817694043807,7.156823620245386,-0.7063681494073843,1.136160806890082,0.015194201422332661,-0.8760779767151674,0.005303024191980452,0.06756168164349544,182,True,12,47,182,550067,1824.66,1842.79,0.009936097683951983,False,2014-02-20 16:21:40.481
2014-02-21,1842.0415,0.001015,0.019502,0.04028911190226761,2.7354722854226363,-0.7404943962441748,0.8308198009891401,0.013852898189781287,-0.4698420436897457,0.003486944465556983,0.056618798487132575,182,True,12,47,182,554912,1835.6,1846.13,0.005736543909348635,False,2014-02-21 16:14:48.559
2014-02-25,1846.6065,0.000964,0.019496,0.06131972398164755,1.1489077276363633,-0.8078052582864219,0.6008948191081427,0.013983229314780857,-0.22017317415292015,0.004302502067625224,0.05902356723941487,174,True,12,52,174,397672,1840.2,1852.88,0.006890555374415852,False,2014-02-25 16:18:27.353
2014-02-26,1847.7228,0.000964,0.01952,0.03667134785358152,2.622030855756451,-0.7672300891330496,0.6478901400038436,0.013905123193872135,-0.22745482232566236,0.0046257070246038525,0.0625866925003823,186,True,12,53,186,401429,1840.66,1852.65,0.0065139678158920855,False,2014-02-26 16:22:38.964
2014-02-27,1849.549,0.000964,0.01944,0.04298023466075296,1.80724251724521,-0.8664858640057893,0.4825772509623403,0.012812265405692302,-0.07752938818619154,0.0038105192784701767,0.04973417995305081,175,True,12,41,175,524721,1841.13,1854.53,0.0072781389690026455,False,2014-02-27 16:15:03.644
2014-02-28,1863.2052,0.001015,0.019387,0.035720755727083095,3.130613368643759,-0.7588281212780342,0.7084832133031937,0.012680970706489308,-0.2782927126978898,0.004226546385480935,0.05054086222914159,186,True,12,40,186,727866,1847.67,1867.92,0.010959749305882616,False,2014-02-28 16:16:46.223
2014-03-03,1843.8457,0.001015,0.019545999999999997,0.04323727782992529,2.5944974177072697,-0.7997946787930577,0.8141076387046766,0.020129371415039208,-0.43841323604043836,0.004436279739641351,0.04696145480453364,184,True,12,41,184,514806,1834.44,1854.11,0.010722618346743262,False,2014-03-03 16:18:26.386
2014-03-04,1870.8677,0.001065,0.019254,0.04039200001980942,2.6635071992465242,-0.7109491239475585,0.8223563367926742,0.01465282735023532,-0.4611011789736098,0.00397959084350638,0.05203747992213443,182,True,12,46,182,574162,1851.88,1876.23,0.013148800138237826,False,2014-03-04 16:17:12.642
2014-03-05,1874.0551,0.001065,0.019254,0.04767339153618471,1.9239716517619867,-0.7615746203751608,0.7500549524306839,0.014878141974937956,-0.37913792394785706,0.0032456729002193845,0.046239270739037656,179,True,12,50,179,393779,1871.11,1876.52,0.002891331883213777,False,2014-03-05 16:15:59.272
2014-03-06,1879.5805,0.000964,0.019252000000000002,0.04471719362377196,1.786201018596659,-0.8338337124273066,0.532022022828964,0.013172630883325558,-0.12329963917589176,0.003989685670648662,0.055999220293351616,185,True,12,50,185,554069,1874.98,1881.93,0.003706706204866128,False,2014-03-06 16:32:55.101
2014-03-07,1876.8148,0.000964,0.019264,0.06416830793395173,0.9992611351889581,-0.858817200460257,0.504588884540529,0.013577941374262553,-0.1263681499433848,0.004386873954474972,0.05783560291616741,177,True,12,47,177,486225,1870.56,1883.53,0.006933752459156617,False,2014-03-07 16:19:38.009
2014-03-10,1873.2269,0.0009130000000000001,0.019286,0.05476479340530135,1.5724108016269118,-0.8098005223634216,0.6759457460625073,0.015434662394495239,-0.28467714622127543,0.004239831144988931,0.053468392026262926,185,True,12,55,185,420041,1867.04,1877.87,0.005800625589167829,False,2014-03-10 16:17:29.177
2014-03-11,1872.9463,0.0009130000000000001,0.019384,0.04189492370132626,2.6602536694339984,-0.7074432001192166,0.8172524229324873,0.014655552570772584,-0.4449992737748,0.0048883934446995935,0.05998787205253217,180,True,12,45,180,531622,1863.88,1882.35,0.009909436229800006,False,2014-03-11 16:18:57.185
2014-03-12,1863.4198,0.001167,0.01941,0.03226978425359602,7.873914158025792,-0.7406754674755156,1.4520276159961873,0.018745960365320835,-1.6002051753939166,0.004832313741461194,0.06191520588257933,170,True,11,41,170,498321,1854.38,1868.38,0.007549693158899418,False,2014-03-12 16:25:15.993
2014-03-13,1855.5493,0.001167,0.019649,0.0359644132177312,3.913854971448782,-0.7707308184003958,0.805559351203042,0.017502232482707655,-0.3674068733757549,0.008731373137199603,0.09489051709486764,183,True,12,49,183,694402,1841.86,1874.4,0.01766692365326361,False,2014-03-13 16:27:10.537
2014-03-14,1845.4734,0.001167,0.019728000000000002,0.04653842960290122,3.738331952702367,-0.7909491344899348,1.3105698088205762,0.028347338390140326,-1.3696410269657708,0.006454722391713801,0.06312627591468577,176,True,12,47,176,803591,1839.57,1852.44,0.0069962001989596345,False,2014-03-14 16:52:14.836
2014-03-17,1857.9724,0.001167,0.019541,0.048838300692394615,2.6166637360499934,-0.7870042623973896,1.014807577131196,0.021491306417138603,-0.7742475978986998,0.0035984814953553147,0.040001618709898615,170,True,11,53,170,333585,1845.81,1862.27,0.008917494216631239,False,2014-03-17 16:16:27.501
2014-03-18,1868.024,0.001167,0.019411,0.0440412124636869,2.4303770836808676,-0.8804809938804082,0.6744536975708783,0.014837985148514874,-0.2408142831485,0.00411931178936515,0.05394428221922841,182,True,12,54,182,538066,1860.0,1873.73,0.00738172043010743,False,2014-03-18 16:18:33.725
2014-03-19,1868.9346,0.0013189999999999999,0.019531,0.04385670700704989,2.554450062759337,-0.7447849710781184,0.8717491448903418,0.016555033319759844,-0.5358870356838893,0.005419222489741156,0.07176721625384128,152,True,10,41,152,488458,1850.35,1874.14,0.012857027048936764,False,2014-03-19 16:26:03.752
2014-03-20,1868.2871,0.0012690000000000002,0.019417,0.04319872408503382,2.9464924155092307,-0.7925733940604617,0.9117586526444816,0.016046289822261528,-0.5767344149196243,0.004268894045748614,0.059184416290543086,186,True,12,52,186,570921,1854.63,1873.49,0.010169144249796425,False,2014-03-20 16:18:34.145
2014-03-21,1874.7652,0.0012180000000000001,0.019474,0.06600740183752313,1.3444673451396427,-0.8472984363931746,0.7071376209132003,0.012891969790738027,-0.32255402229466035,0.007090669556598877,0.09923764021769724,178,True,12,51,178,556814,1863.48,1883.97,0.010995556700367004,False,2014-03-21 16:20:22.713
2014-03-24,1856.2748,0.0012180000000000001,0.019545,0.05046866350588518,1.9119375965194443,-0.7874561042148729,0.8302399838689684,0.019423227775472812,-0.4963125604087635,0.004513709246993011,0.05361493969803792,176,True,12,69,176,422893,1849.69,1873.28,0.01275348842238433,False,2014-03-24 16:18:31.209
2014-03-25,1864.8625,0.001167,0.019469,0.06284000914719458,1.4548910979446525,-0.7806927926295666,0.9193684401638131,0.017476446468336147,-0.662387588963215,0.004962372133532362,0.07760467384690646,185,True,12,67,185,345653,1855.96,1871.87,0.008572383025496233,False,2014-03-25 16:16:14.950
2014-03-26,1865.0024,0.001116,0.019613000000000002,0.06475489845627196,1.1942885972233748,-0.7475710602882752,0.8261200162989274,0.01716074164086043,-0.5278022076483738,0.005809159388459369,0.08414911130861778,177,True,12,53,177,542481,1852.56,1875.92,0.01260957809733565,False,2014-03-26 16:28:19.097
2014-03-27,1849.032,0.001116,0.019665,0.048928136337307276,2.419547254589953,-0.7696425915973903,0.9836852027191336,0.0202261898746918,-0.7308687021543137,0.004323315332551414,0.045922759121984576,157,True,11,44,157,473340,1842.11,1855.55,0.007295981238905513,False,2014-03-27 16:20:28.672
2014-03-28,1861.4384,0.001116,0.019588,0.04047654391320115,2.6689682528329,-0.7871743007864656,0.7842916621198084,0.016413251198734987,-0.3990521898931904,0.0032646981534176734,0.040187142759677615,167,True,11,56,167,490277,1851.68,1866.63,0.008073749243929784,False,2014-03-28 16:19:09.721
2014-03-31,1871.9144,0.001116,0.019442,0.041496700205502716,2.783642730798541,-0.8129527049179289,0.8116145297377769,0.014703675519498765,-0.4276941691231248,0.002862649319937519,0.03422211160546659,162,True,11,52,162,370543,1862.73,1875.18,0.0066837383839848385,False,2014-03-31 16:17:52.244
2014-04-01,1881.2143,0.001116,0.019442,0.05128700550914464,1.7271110646148018,-0.762730204883439,0.7932591923096898,0.013639091119540715,-0.45210343681221343,0.0037233364207353795,0.057015909695815825,173,True,12,64,173,559746,1875.15,1885.71,0.0056315494760419416,False,2014-04-01 16:21:29.227
2014-04-02,1888.7211,0.001015,0.019287000000000002,0.043100782873731584,1.8841282471948335,-0.8312054310500328,0.5835339749211096,0.01196876368922717,-0.17809709491001216,0.0036806987403654994,0.055943788627155884,185,True,12,47,185,520010,1883.8,1893.17,0.004973988746151514,False,2014-04-02 16:21:14.641
2014-04-03,1888.6445,0.001065,0.01931,0.053695867016444,1.2265979949422858,-0.7942409412434719,0.5315946465954097,0.01268615105540186,-0.15086638265078287,0.003945626314107037,0.05894192369753486,175,True,12,52,175,435576,1882.67,1893.8,0.005911816728369823,False,2014-04-03 16:18:16.535
2014-04-04,1878.7841,0.001015,0.019584,0.03789305849693602,2.5535310245507326,-0.7307562998944339,0.6697383899478226,0.013697955715636327,-0.255027309995818,0.005067949076038162,0.06546864460790591,185,True,12,48,185,668916,1863.26,1897.28,0.01825832143662187,False,2014-04-04 16:19:58.094
2014-04-07,1851.6601,0.000964,0.019802,0.05462378429809651,1.6001104638421855,-0.7757750706357865,0.772922525705112,0.01977394993879843,-0.42260105308228413,0.005060854853354463,0.05300955428759026,178,True,12,56,178,626944,1841.48,1864.0,0.01222929382887683,False,2014-04-07 16:19:37.407
2014-04-08,1848.5823,0.000964,0.019745,0.045602596767422,2.1894041108514286,-0.7710819215033644,0.8001902819696953,0.019603851724649346,-0.44061946170255284,0.004649623975679756,0.05424260444610082,165,True,11,52,165,416863,1837.49,1854.91,0.009480323702441895,False,2014-04-08 16:14:45.825
2014-04-09,1862.7972,0.000862,0.01954,0.03714004418972759,4.426341944689882,-0.7629364512349137,1.1142974005506847,0.016110249209026824,-0.9128696260247591,0.004997360307482239,0.06883882523556178,184,True,12,55,184,437648,1852.38,1872.43,0.010823913020006737,False,2014-04-09 16:16:45.710
2014-04-10,1848.9304,0.000862,0.01954,0.04735739724270508,2.262760821960462,-0.7833652306625662,0.8421499148752066,0.01866970203931529,-0.49489955290269483,0.007217837465623959,0.09010714931425681,163,True,11,42,163,689721,1830.87,1872.52,0.022748747863037933,False,2014-04-10 16:30:31.144
2014-04-11,1824.1408,0.0009130000000000001,0.02016,0.04002153270876026,3.7660365334720747,-0.7795573924229687,1.107343964055581,0.028096042513103187,-0.9247655461168507,0.005589960453072711,0.05492127636260282,186,True,12,31,186,1008538,1814.36,1835.07,0.011414493264842784,False,2014-04-11 16:21:06.450
2014-04-14,1827.7695,0.0009130000000000001,0.019996,0.06969195488315746,1.0587552768421173,-0.810360512014276,0.7694081166470531,0.02494566809550049,-0.44441539999039387,0.0049280348970194504,0.055480244405726624,180,True,12,55,180,417789,1815.8,1834.19,0.010127767375261554,False,2014-04-14 16:16:13.228
2014-04-15,1831.4666,0.000862,0.019864,0.03976766022429031,3.413232259040214,-0.8270424040890776,0.8762840098249797,0.023599480411880855,-0.4964011443867489,0.006606541275067695,0.059779719271308054,152,True,10,46,152,516229,1816.29,1844.02,0.015267385714836212,False,2014-04-15 16:16:55.915
2014-04-16,1853.5438,0.000862,0.019660999999999998,0.037987801851272075,3.116336527182032,-0.8182559304672828,0.7541263010124294,0.017393844528904343,-0.33194092888574445,0.005839419533207586,0.07354250745849249,183,True,12,62,183,620701,1847.67,1862.31,0.007923492831511947,False,2014-04-16 16:51:32.161
2014-04-17,1864.0822,0.0009130000000000001,0.01964,0.03890978678646807,3.6411436845809493,-0.8304374954942609,0.8176785099799745,0.012155144171455945,-0.3852458968311922,0.006256460311773109,0.09533421176798082,170,True,11,53,170,706499,1856.72,1869.63,0.00695312163384898,False,2014-04-17 16:16:41.132
2014-04-21,1869.0132,0.0009130000000000001,0.019568000000000002,0.045795913162776286,2.1889422362671116,-0.786034714880555,0.7885358325218692,0.015248730221782183,-0.4212995420301134,0.0026056563674114975,0.04143889536127084,174,True,12,58,174,382176,1863.18,1871.89,0.004674803293294172,False,2014-04-21 16:25:26.431
2014-04-22,1881.2706,0.0009130000000000001,0.019488000000000002,0.04565592499823541,2.018647651939162,-0.7429388787097806,0.7516339890622207,0.013729454675251333,-0.3806272019239897,0.0028343214477373683,0.03684795311413861,176,True,12,50,176,700304,1872.78,1884.88,0.006460983137368093,False,2014-04-22 16:17:27.778
2014-04-23,1876.5225,0.0009130000000000001,0.019541,0.03962986110698164,2.3837652265198956,-0.7798680023382746,0.6860202722917342,0.014229791080083059,-0.281687244317953,0.0032098333269781863,0.04276885053288714,165,True,11,55,165,336936,1873.91,1879.75,0.003116478379431298,False,2014-04-23 16:32:02.583
2014-04-24,1878.1699,0.0009130000000000001,0.019513,0.052507932124941196,1.4127266678308488,-0.8029602112929617,0.6273438167621288,0.015054543110576227,-0.24520155245856234,0.004202527151371945,0.054379592030396794,177,True,12,56,177,440295,1870.24,1884.06,0.007389425956026985,False,2014-04-24 16:18:31.035
2014-04-25,1866.0256,0.000862,0.019673,0.06430582859479782,1.081467864063876,-0.7653884189104195,0.7322903551953032,0.017507745722659156,-0.39715979011751584,0.005225891335721044,0.07934495240416742,160,True,11,57,160,384103,1859.7,1874.44,0.007926009571436188,False,2014-04-25 16:23:03.917
2014-04-28,1865.0589,0.000862,0.01962,0.03716850362460264,3.1560998696939886,-0.7994869928457493,0.7811879669993702,0.01668548788437971,-0.37563962089195124,0.00482986396654067,0.05383887205454179,170,True,11,50,170,304712,1850.61,1877.01,0.014265566488887549,False,2014-04-28 16:16:14.138
2014-04-29,1877.5732,0.000862,0.019530000000000002,0.04446626266261306,2.0414934713018984,-0.7672280115803473,0.7373502914790588,0.015119402388934897,-0.36213028250641316,0.0030308217781051146,0.04119390353413311,163,True,11,49,163,319142,1871.38,1880.6,0.004926845429575888,False,2014-04-29 16:24:22.446
2014-04-30,1879.6562,0.001015,0.01948,0.05343922737277947,1.6278302363812303,-0.7201425037528623,0.8275351448086025,0.01412251368677756,-0.5108344356408708,0.00466729534807418,0.07009516298707329,166,True,11,44,166,269238,1872.69,1885.2,0.006680230043413449,False,2014-04-30 16:19:56.722
2014-05-01,1883.5527,0.001015,0.01948,0.034589610746832915,4.267484675001239,-0.7581386066873392,1.0624435749693595,0.01383694446532463,-0.8335650824409377,0.004654121106303688,0.05990635535481872,168,True,11,56,168,596663,1878.04,1888.59,0.005617558731443317,False,2014-05-01 16:19:26.491
2014-05-02,1885.0215,0.001167,0.019508,0.0436810865209122,2.555275845441399,-0.7877924541227264,0.8436505047097062,0.012588895889591145,-0.4885117235178963,0.003909353648684333,0.05341951927450933,163,True,11,57,163,410896,1878.5,1891.33,0.006829917487356951,False,2014-05-02 16:14:49.478
2014-05-05,1879.5608,0.000964,0.019467,0.03902013327158764,3.037371265083791,-0.8052795000371278,0.7834210703697209,0.012751722147708049,-0.3767113103815186,0.0047624998462005175,0.06376197816531466,169,True,11,52,169,394162,1866.77,1885.51,0.010038729998875118,False,2014-05-05 16:15:32.939
2014-05-06,1874.5336,0.0009130000000000001,0.019646999999999998,0.03789555915938059,2.948163808675128,-0.8071447932679826,0.6726369271440183,0.012606634969816457,-0.22899580371136125,0.002855778414406143,0.03633348330014267,171,True,11,46,171,437345,1867.72,1882.14,0.007720643351251777,False,2014-05-06 16:30:58.372
2014-05-07,1871.8518,0.0009130000000000001,0.019646999999999998,0.03982158973247771,2.569945439138739,-0.798861086519742,0.6868018431976491,0.014151863825238477,-0.267018145995218,0.003738637471097238,0.04647532530978193,185,True,12,50,185,351541,1859.79,1878.83,0.010237715010834592,False,2014-05-07 16:23:58.722
2014-05-08,1882.2085,0.001015,0.019641,0.02895021608552217,4.91337581894878,-0.7895565496321054,0.7952960104500251,0.012689239539670074,-0.3480091609018331,0.00433052032773585,0.0550794962387616,186,True,12,52,186,506140,1870.05,1889.07,0.010170851046763518,False,2014-05-08 16:44:10.213
2014-05-09,1873.3217,0.000862,0.019625999999999998,0.046920668832317984,2.175074810607827,-0.7454647412843084,0.825828993970901,0.012712904801344077,-0.47788159753489723,0.006563179073815564,0.1011377286773885,165,True,11,46,165,527050,1867.02,1878.57,0.006186329016293346,False,2014-05-09 16:16:57.529
2014-05-12,1893.7949,0.0013700000000000001,0.019443,0.03488990842369601,2.788594125639368,-0.8051422967597921,0.6493625719812018,0.010549615875813939,-0.2270841625412131,0.004744885000472056,0.062032265417414495,181,True,12,56,181,445115,1883.05,1897.13,0.007477231087862801,False,2014-05-12 16:19:11.437
2014-05-13,1898.9105,0.000862,0.019472,0.035431679273181804,2.7141395638223216,-0.7808344163882077,0.5976460990121159,0.009870387680971197,-0.16484781460838765,0.004160882165007808,0.06633189440356778,178,True,12,46,178,468608,1896.08,1902.17,0.003211889793679701,False,2014-05-13 16:17:33.405
2014-05-14,1892.2422,0.0008119999999999999,0.01958,0.027146429947060995,4.7819864934500895,-0.7423836194888008,0.6631003159500042,0.009682517575076703,-0.18007430630852594,0.004362121892866917,0.07122624771885457,189,True,12,39,189,535084,1885.77,1896.53,0.005705892022887182,False,2014-05-14 16:23:33.162
2014-05-15,1869.0828,0.000761,0.019784,0.03352866709072373,5.51568284657734,-0.6734302532509913,1.2010078216558415,0.014714436978090925,-1.0725527997966955,0.004096728188283178,0.05312077982763771,181,True,12,35,181,796890,1862.36,1887.22,0.01334865439549815,False,2014-05-15 16:18:13.768
2014-05-19,1882.6486,0.000761,0.019646,0.06533971871121497,1.2118275868197896,-0.8238764939316061,0.6534952368691542,0.01124953608810497,-0.268695077312081,0.006123102998157163,0.08835507358556514,182,True,12,48,182,372954,1872.42,1886.0,0.007252646307986499,False,2014-05-19 16:18:59.699
2014-05-20,1875.4827,0.000761,0.019777,0.05592760465363493,1.6171242430137094,-0.7804258342159923,0.7613499472984925,0.011914140175187498,-0.39876997157325855,0.005899660855247833,0.07950227016603237,177,True,12,46,177,464344,1868.17,1884.12,0.008537766905581279,False,2014-05-20 16:24:12.034
2014-05-21,1881.8274,0.000761,0.019634,0.02706903744283438,5.1974597367034345,-0.7796479919178257,0.7614833622724685,0.00965288184354849,-0.2984764465768847,0.00442721963156256,0.05880819016005801,181,True,12,39,181,800806,1875.29,1888.8,0.0072042190807821704,False,2014-05-21 16:16:26.484
2014-05-22,1893.41,0.000761,0.0196,0.029100304143811723,5.5511826182171635,-0.7194521698119988,1.0533813742804412,0.008973385885643656,-0.7865301145850299,0.0054492335258146595,0.11255432245462392,182,True,12,53,182,465669,1885.39,1896.33,0.005802513007918675,False,2014-05-22 16:17:10.284
2014-05-23,1898.6415,0.000761,0.019518,0.057655069734725686,1.1625316448627923,-0.8200499162423931,0.5397361736788745,0.009620198743728239,-0.1572634510707329,0.005274891015927447,0.06821744744918018,174,True,12,51,174,431495,1893.58,1901.26,0.004055809630435503,False,2014-05-23 16:24:56.314
2014-05-27,1910.2111,0.000761,0.019402,0.042623470113433655,1.863831189222276,-0.7634168501088889,0.6369032590697589,0.009810966597431792,-0.246759855433078,0.00390073191353849,0.08407967112240007,172,True,12,46,172,540570,1904.5,1912.28,0.004085061695983105,False,2014-05-27 16:25:52.287
2014-05-28,1911.3874,0.0007099999999999999,0.019443,0.039917825446860525,1.995608774753281,-0.8013481650941282,0.5647713811639001,0.009309455044504516,-0.15964598752013004,0.004049632772064689,0.06281028606530183,166,True,11,48,166,456198,1907.3,1914.46,0.003753997797934394,False,2014-05-28 16:27:40.655
2014-05-29,1916.3761,0.0009130000000000001,0.019354,0.030353094521111235,4.1304833191365065,-0.6357998408465515,0.8470324399168634,0.008800024254859675,-0.4667180530642675,0.0037210140071922927,0.049892340763151265,186,True,12,42,186,679587,1909.82,1920.03,0.005346053554785346,False,2014-05-29 16:22:48.825
2014-05-30,1920.4089,0.0009130000000000001,0.019319,0.039061628187423876,2.6790083215089027,-0.7181855265918671,0.7572651797718575,0.008437591509893082,-0.36415769856331304,0.004832415481849777,0.07066589862939461,174,True,12,50,174,415705,1916.64,1924.03,0.0038557058185155757,False,2014-05-30 16:15:54.127
2014-06-02,1922.1378,0.001167,0.019320999999999998,0.035067530473063685,4.502805783409941,-0.673742645184313,1.1953072422106166,0.009947411648030619,-1.1129548452331188,0.00449253007652839,0.06543831695252639,185,True,12,57,185,532005,1915.98,1925.86,0.005156630027453257,False,2014-06-02 16:29:37.768
2014-06-03,1922.7033,0.0012180000000000001,0.019341999999999998,0.03858274088503264,2.1412325186404715,-0.7951350463128357,0.5111021312595817,0.009301612501862665,-0.09599614969546441,0.0036229985660432796,0.053104837236579584,190,True,12,49,190,465319,1918.79,1925.06,0.003267684321890396,False,2014-06-03 16:23:29.866
2014-06-04,1925.8523,0.0012180000000000001,0.019341999999999998,0.04095932973604917,1.9905295027562637,-0.764813469646257,0.587354911007606,0.010575533895539757,-0.18192428297929714,0.0030511453749641607,0.04429727669908255,184,True,12,50,184,549472,1918.6,1928.63,0.005227770249140118,False,2014-06-04 16:17:33.564
2014-06-05,1935.8679,0.000964,0.019214,0.03729634859175457,2.845511335868062,-0.5792830801885325,0.8611980374259177,0.009396120342129088,-0.5294076942576035,0.0033990502622116337,0.050318489736865146,180,True,12,31,180,968099,1922.93,1941.74,0.009781947340776753,False,2014-06-05 16:16:30.407
2014-06-06,1947.5729,0.000862,0.019167,0.041014554758844364,1.538305792352721,-0.7946506513603837,0.4551671005503614,0.008269988574767625,-0.08099123511082651,0.004421197710449234,0.06507741262519195,183,True,12,54,183,683303,1943.28,1949.44,0.0031698983162489203,False,2014-06-06 16:15:09.377
2014-06-09,1951.8903,0.000862,0.019167,0.0376222692490425,1.8616827504829385,-0.7956803133671003,0.46072376372864193,0.007855319232305315,-0.07218492707435123,0.00463760212294341,0.06793247594784067,177,True,12,50,177,604625,1947.16,1955.55,0.0043088395406643,False,2014-06-09 16:24:19.286
2014-06-10,1948.3607,0.000862,0.01916,0.037750226592924825,1.7886245922439838,-0.9019795758846799,0.35222029142561384,0.007094261131404011,0.010982833601831984,0.004420290830412988,0.07486963785566003,181,True,12,42,181,557725,1944.64,1950.86,0.003198535461576224,False,2014-06-10 16:19:54.193
2014-06-11,1944.0616,0.000964,0.019248,0.047065884712005415,1.704174939250886,-0.7492784732805411,0.6298066586596722,0.008296623591052323,-0.23623942485231883,0.0036698746251150756,0.06668633078337423,183,True,12,51,183,457865,1940.09,1947.46,0.00379879283950757,False,2014-06-11 16:21:35.503
2014-06-12,1934.5194,0.000964,0.019248,0.041629805240677865,1.8773499490248402,-0.8237273015690249,0.5372149241756872,0.009448267782915952,-0.1322924492640881,0.003741322542822488,0.06243036794556596,176,True,12,46,176,564905,1925.78,1942.61,0.008739316017405852,False,2014-06-12 16:21:53.041
2014-06-13,1934.2264,0.000964,0.019299,0.046560513870519155,2.0619357621098664,-0.775907856422649,0.771198262798296,0.010262420688509187,-0.40273718323943775,0.004437239163104403,0.07307792833561888,165,True,11,43,165,552069,1927.69,1937.3,0.004985241402922558,False,2014-06-13 16:16:55.505
2014-06-16,1937.2231,0.000964,0.019282999999999998,0.06253839712558418,1.2336012884196703,-0.7346599518933175,0.7650842564680113,0.011334927605569317,-0.43105902495556636,0.0045932193578710045,0.07224015565383786,185,True,12,53,185,317222,1931.01,1941.15,0.005251138005499811,False,2014-06-16 16:16:25.117
2014-06-17,1940.1796,0.0009130000000000001,0.019244,0.06375954081186727,1.130846766093206,-0.820456266343484,0.6756684512720196,0.011037971897878484,-0.3123233149749537,0.004379211528049628,0.06769866547338198,171,True,12,52,171,413191,1933.55,1943.66,0.00522872436709676,False,2014-06-17 16:43:19.282
2014-06-18,1945.0176,0.0008119999999999999,0.019103000000000002,0.03924534430543778,2.8206100424342053,-0.725781541912491,0.946670407890141,0.009114491715873547,-0.6747932366414742,0.00503420554475287,0.08831843175482133,180,True,12,51,180,845640,1939.29,1957.74,0.009513791129743376,False,2014-06-18 16:20:00.044
2014-06-19,1956.7083,0.0008119999999999999,0.019098999999999998,0.05130800110975316,1.275953474251888,-0.7820864421719335,0.5813463139630869,0.007147852172183179,-0.20703029221264949,0.004878582916169756,0.08455588093995169,178,True,12,50,178,796611,1952.26,1959.87,0.003898046366774821,False,2014-06-19 16:35:21.173
2014-06-20,1962.2225,0.000761,0.019066,0.037903349969468196,2.8144155861579,-0.7104264930649455,0.9676221909494632,0.006466943416531671,-0.7229411465745018,0.003370447990580057,0.07135413388844135,178,True,12,44,178,668822,1959.17,1963.9,0.002414287683049521,False,2014-06-20 16:22:19.243
2014-06-23,1961.1931,0.000761,0.019057,0.046188690712692895,1.6517470505323781,-0.7930686239017748,0.5831878131708399,0.007143077319827339,-0.18752395812570097,0.0031269479877223064,0.0634201074061874,156,True,11,44,156,312318,1958.97,1963.74,0.0024349530620684234,False,2014-06-23 16:19:57.430
2014-06-24,1960.6102,0.000761,0.019189,0.03533792423730484,3.4222418288728953,-0.700880138540108,1.0170515052252125,0.007836801027161614,-0.7925239193399787,0.004678200344243855,0.06908949372868832,182,True,12,51,182,506914,1948.34,1968.15,0.010167629879795248,False,2014-06-24 16:16:50.584
2014-06-25,1955.4908,0.001015,0.019101,0.04431962978070846,2.2525748893376667,-0.7236968480881177,0.9332028444636862,0.009221242573387212,-0.6712009786175834,0.003487324693851628,0.0844821511293122,174,True,12,50,174,334209,1947.49,1960.82,0.006844707803377537,False,2014-06-25 16:20:46.378
2014-06-26,1952.3393,0.000964,0.019138,0.06881876915745845,1.1220065970348994,-0.7859510635395097,0.8626467667320612,0.010691179723884642,-0.5897292181642987,0.007305373414087057,0.10980557729001032,177,True,12,62,177,331764,1944.69,1959.39,0.0075590454005523,False,2014-06-26 16:17:51.097
2014-06-27,1956.5223,0.000964,0.019107,0.03489506312069411,3.396375068228343,-0.7570033005976253,0.8899678466358041,0.007669535570940003,-0.5550093232708104,0.002849700491362379,0.0466476945333159,148,True,10,44,148,348409,1952.18,1961.47,0.004758782489319602,False,2014-06-27 16:19:08.786
2014-06-30,1961.5904,0.000964,0.019121,0.05217705604669755,1.5370526546212422,-0.7670906218099854,0.721585015901241,0.0076568250760181405,-0.36028717015939865,0.003065340779804292,0.07740198468384196,150,True,10,44,150,435340,1958.22,1964.24,0.0030742204655247463,False,2014-06-30 16:22:04.757
2014-07-01,1973.7816,0.001015,0.018999,0.036233951042454506,2.8068381546434176,-0.7402877379841956,0.8047649512046154,0.0066522539107462175,-0.4442409541284812,0.002809335966707314,0.05059867833125742,182,True,12,46,182,841659,1963.06,1978.58,0.00790602426823428,False,2014-07-01 16:42:02.316
2014-07-02,1974.2807,0.001116,0.018991,0.050581303377608,1.4602705700887397,-0.7639722833458069,0.6591197406510424,0.0066981457363488,-0.2867140550777951,0.004955069347640225,0.08809430704937184,175,True,12,49,175,588767,1972.59,1976.65,0.002058207737036133,False,2014-07-02 16:17:58.796
2014-07-03,1982.5557,0.0012180000000000001,0.018889,0.029803856025238527,3.864341144362501,-0.691705837317137,0.9073916596282112,0.004998959727999975,-0.5930150897648686,0.0038886694190390972,0.07976106412896773,178,True,12,44,178,595779,1977.01,1985.59,0.004339887001077347,False,2014-07-03 13:18:05.258
2014-07-07,1977.9503,0.000964,0.018968,0.04017954974942117,2.064333441294194,-0.7378213537360261,0.6682712860739537,0.007134834164329331,-0.2806985353831883,0.0032514907175241053,0.05194806202582118,169,True,11,50,169,446406,1974.88,1983.44,0.004334440573604548,False,2014-07-07 16:15:30.465
2014-07-08,1964.2648,0.000862,0.019112,0.0416246935464563,2.131575338559483,-0.7915140067711706,0.6872609348293072,0.009599336258812634,-0.2948752520650086,0.0028703656217935456,0.04253423507593364,183,True,12,53,183,593045,1959.46,1975.68,0.008277790819919861,False,2014-07-08 16:16:04.220
2014-07-09,1969.6914,0.000862,0.019112,0.039049703296310884,2.3453837973195077,-0.791577012246708,0.7127124315090876,0.00846820397821955,-0.32478592722499244,0.002585009621696129,0.04345754291936658,177,True,12,52,177,402620,1965.18,1974.13,0.004554290192247068,False,2014-07-09 16:15:25.424
2014-07-10,1961.8785,0.000862,0.019108,0.040495714306377696,2.630730107459462,-0.7944407926950217,0.8775143621988188,0.011164148943900361,-0.5569648661674704,0.0041781970070493895,0.0667239098405718,180,True,12,49,180,560209,1952.86,1972.83,0.010226027467406862,False,2014-07-10 16:17:45.077
2014-07-11,1964.7179,0.000964,0.019092,0.0335725139382438,4.032997669174862,-0.8127708378966676,0.9369448451416987,0.009797386619845186,-0.6070699019150462,0.003475310435523809,0.06746387670709515,178,True,12,57,178,809713,1959.63,1968.67,0.004613115741236795,False,2014-07-11 16:17:37.101
2014-07-14,1977.7525,0.000862,0.019,0.05751097701466559,1.314840240095102,-0.7907121142627302,0.7012293383660434,0.008400547265135496,-0.34048709133314536,0.002731260507463282,0.05082760599008208,175,True,12,46,175,348528,1972.8,1979.85,0.003573600973235891,False,2014-07-14 16:16:19.346
2014-07-15,1973.6691,0.0009130000000000001,0.019038,0.041594638670863285,2.7355788257593123,-0.7496527432380768,0.914183533094761,0.008102930128167866,-0.6081607065553738,0.004378262743768182,0.07540103661826737,181,True,12,48,181,415890,1965.35,1982.52,0.00873635739181311,False,2014-07-15 16:26:20.733
2014-07-16,1979.7256,0.000862,0.018966,0.034213242618327935,2.8785863113606864,-0.809030057771151,0.7065146016497582,0.007778993510432282,-0.30219133860755487,0.0024544499109684296,0.04093936640416175,178,True,12,44,178,745901,1975.67,1983.91,0.004170737015797288,False,2014-07-16 16:25:33.474
2014-07-17,1970.1126,0.000761,0.019204000000000002,0.03858816426479012,2.9308731098234,-0.8235787511468972,0.8685551994373211,0.010789066983037165,-0.5281941084673614,0.009175592019296422,0.12351591832300436,185,True,12,42,185,696441,1955.59,1981.77,0.013387264201596416,False,2014-07-17 16:21:40.246
2014-07-18,1971.2969,0.0008119999999999999,0.01901,0.05628561726743773,1.735775077571964,-0.7831095672140435,1.0034421705109309,0.011572240499462363,-0.811497846202543,0.0041589333024791685,0.06295586441714236,178,True,12,58,178,657210,1960.82,1979.91,0.009735722809844916,False,2014-07-18 16:20:16.116
2014-07-21,1971.2186,0.0008119999999999999,0.01906,0.04201992893109746,2.468736707623108,-0.8395688890676754,0.8239448336702341,0.011414070400200212,-0.47141280692404064,0.003674144782427646,0.05218530051614659,182,True,12,54,182,378265,1965.77,1975.81,0.005107413379998649,False,2014-07-21 16:21:23.302
2014-07-22,1983.9943,0.0008119999999999999,0.018964,0.03416051188663528,3.360751096345311,-0.8061366693385666,0.8789100622277887,0.009323802817400766,-0.5428729419358023,0.002140815811395533,0.03568056306959293,179,True,12,43,179,399854,1977.23,1986.24,0.004556880079707559,False,2014-07-22 16:23:08.803
2014-07-23,1987.2155,0.001015,0.018932,0.03743110627502209,2.9568227639433724,-0.7870745029567684,0.8504146410810424,0.009064578090769531,-0.5018507675378603,0.002189842505474347,0.036748912779863016,183,True,12,44,183,492921,1982.44,1989.23,0.0034250721333306533,False,2014-07-23 16:31:01.523
2014-07-24,1988.5508,0.001015,0.018923000000000002,0.03391939325733491,4.20547531760598,-0.7569503719507434,1.0205563434215121,0.008718822756947209,-0.7562409078341021,0.002456019969645114,0.039565097652447076,184,True,12,51,184,696585,1985.79,1991.39,0.0028200363583259502,False,2014-07-24 16:22:44.893
2014-07-25,1978.8417,0.001015,0.019018999999999998,0.036047958664856335,4.18341263024288,-0.7919831775659324,1.0521633717169203,0.009876060489857584,-0.8054407896366518,0.0026594862822929993,0.042727360428157043,183,True,12,58,183,515431,1974.42,1983.4,0.0045481711084773835,False,2014-07-25 16:19:39.199
2014-07-28,1974.3436,0.001015,0.019014,0.04383791142684252,2.5691276137470744,-0.8104217404399091,0.8341326303841298,0.011425656375893808,-0.47052686752014816,0.004371552799432422,0.0598921953281672,169,True,11,47,169,340989,1967.31,1981.52,0.007223060930915848,False,2014-07-28 16:17:35.421
2014-07-29,1978.6504,0.001015,0.019106,0.035541902442367226,4.127642416468945,-0.7951178089117641,1.00025883468947,0.010253313483760176,-0.7071092082081043,0.003843466614745544,0.05858925822762894,187,True,12,52,187,355024,1969.95,1984.85,0.007563643747303228,False,2014-07-29 16:23:24.228
2014-07-30,1968.8817,0.001065,0.019119999999999998,0.06636963247367501,1.0379413433797153,-0.8162638406029008,0.5880732780838371,0.011971125804044113,-0.2080546094175816,0.004790641095291318,0.06299358150620726,184,True,12,51,184,502442,1962.42,1978.9,0.008397794559778182,False,2014-07-30 16:17:25.722
2014-07-31,1941.4056,0.001116,0.019521,0.04941375075447711,2.6776772537836946,-0.7834391174241034,1.146500347981111,0.02236293173120916,-1.0498348950820078,0.007404031146816316,0.07770476753371296,183,True,12,46,183,1055926,1930.67,1963.08,0.016786918530872663,False,2014-07-31 16:39:30.385
2014-08-01,1926.5353,0.0012180000000000001,0.019573,0.038068530327223044,5.512869574454166,-0.8242519102548016,1.267029788890487,0.025124158178433453,-1.1856308007656045,0.004710199755607633,0.04704897523408602,188,True,12,49,188,985498,1916.37,1937.35,0.010947781482699037,False,2014-08-01 16:23:28.455
2014-08-04,1929.5384,0.000964,0.019438999999999998,0.029949011447348205,9.928406316315682,-0.963949314571554,1.1450662592139436,0.020103522765122166,-0.716484829147689,0.005638390296090893,0.06151120770633677,183,True,12,45,183,705407,1921.21,1942.92,0.011300170205235327,False,2014-08-04 16:21:43.218
2014-08-05,1924.6038,0.000862,0.019628,0.0505546197687732,3.8196615697623377,-0.8141588779424166,1.4504667589468445,0.025276025988415045,-1.717650742200303,0.00631141160033385,0.06752449539028936,178,True,12,54,178,636064,1913.77,1936.34,0.011793475705021983,False,2014-08-05 16:43:32.157
2014-08-06,1921.5498,0.000862,0.019628,0.04334566571348592,4.117100473253249,-0.7921298312011359,1.1828304395904388,0.02391425957163791,-1.0421709271767707,0.0042464631014359246,0.040003378911956725,186,True,12,54,186,546805,1911.45,1927.91,0.008611263700332161,False,2014-08-06 16:20:14.726
2014-08-07,1915.5639,0.000862,0.019796,0.045403547007386934,3.878849008237569,-0.8288409964560168,1.094286089222844,0.023785212603847257,-0.8452350385064848,0.005272386635945591,0.04937362568336873,186,True,12,45,186,829365,1904.78,1928.86,0.012641879902140829,False,2014-08-07 16:17:30.204
2014-08-08,1920.4516,0.000862,0.019575,0.04228506821778231,4.306407088389504,-0.9255168802644563,0.8855533620613151,0.02033782473057572,-0.4200113220459156,0.005242382071732855,0.05628080805031785,183,True,12,43,183,828830,1909.01,1932.38,0.012241947396818276,False,2014-08-08 16:18:58.224
2014-08-11,1940.4827,0.000862,0.019575,0.07858168522446239,1.0646332368739413,-0.8007982048252742,0.7523717976840578,0.016954058192036915,-0.39874197415128365,0.004351769965203448,0.05883080288483711,181,True,12,53,181,417745,1934.77,1944.9,0.005235764457790948,False,2014-08-11 16:16:29.084
2014-08-12,1933.5187,0.001421,0.019579,0.044444775008869425,3.1385200003332,-0.805672921448802,0.9652728182712921,0.018090693904461625,-0.6527699831421112,0.0030248037456691314,0.035769486183036436,183,True,12,47,183,578552,1928.29,1939.65,0.0058912300535709505,False,2014-08-12 16:17:04.658
2014-08-13,1945.0147,0.000761,0.019469,0.05046007069922815,2.0982063201380585,-0.825343649815272,0.7354888034398931,0.013407941667054018,-0.3291925014739782,0.0031493225755845657,0.037866525895582245,185,True,12,48,185,462830,1937.47,1948.41,0.005646539043185239,False,2014-08-13 16:17:13.404
2014-08-14,1952.4469,0.000761,0.019392,0.059602556815928055,1.498781640321445,-0.8180209529868075,0.7112551203394661,0.011288400012210976,-0.3272214104652509,0.003100903629298608,0.042400645962535635,173,True,12,52,173,590045,1947.41,1955.23,0.004015589937403918,False,2014-08-14 16:42:09.491
2014-08-15,1952.9462,0.000761,0.019400999999999998,0.051721490286727845,2.137212746271479,-0.7989073021468813,0.9100975361838304,0.012357405966895642,-0.607197868773976,0.006861303250563528,0.09945813325486227,181,True,12,43,181,757749,1941.5,1964.04,0.011609580221478177,False,2014-08-15 16:29:01.896
2014-08-18,1969.8161,0.0008119999999999999,0.019244,0.047635757901328186,2.476935292863824,-0.7869764277961397,0.9989616913395751,0.010663216079768568,-0.7619430808677914,0.002732992987750157,0.05009750246709281,181,True,12,42,181,560290,1960.27,1971.98,0.005973666892826079,False,2014-08-18 16:18:29.384
2014-08-19,1979.5623,0.000761,0.019171,0.04415627919119092,2.31473891650701,-0.7941518464479232,0.8155462215549693,0.008669819534031446,-0.46069512378859045,0.0023762067146627474,0.0427864018511141,181,True,12,47,181,619009,1973.3,1982.57,0.004697714488420379,False,2014-08-19 16:15:11.654
2014-08-20,1983.3769,0.001116,0.019137,0.03413697507276007,4.068258338328333,-0.7380651125970504,1.0902005935492223,0.009033744713877504,-0.9107812672049513,0.0033614493034222776,0.06143481332463516,175,True,12,39,175,690773,1977.68,1988.57,0.005506452004368612,False,2014-08-20 16:17:09.318
2014-08-21,1991.7457,0.001015,0.019087,0.05165411045287564,1.6149479924065302,-0.781738332728399,0.7028795624668293,0.008766896797805311,-0.32720227538272795,0.0031321705975190235,0.0539768317471309,180,True,12,56,180,618732,1986.98,1994.76,0.003915489838850927,False,2014-08-21 16:18:39.825
2014-08-22,1989.8584,0.000964,0.019137,0.03951821651630306,3.154377723196963,-0.769089249680574,0.9298151065076677,0.008595861806160699,-0.6152453686108642,0.0028108610337446564,0.04479135726261208,179,True,12,45,179,457027,1984.79,1993.54,0.004408526846668925,False,2014-08-22 16:16:36.661
2014-08-25,1998.8888,0.000964,0.019046,0.029854139017485903,4.64714331147797,-0.7100408338587525,0.988565702367096,0.007561911079305975,-0.6997892229864635,0.0028834289199568463,0.048024131301153614,184,True,12,45,184,412731,1993.45,2001.95,0.004263964483684157,False,2014-08-25 16:18:30.515
2014-08-26,2002.0033,0.000964,0.019028,0.046699936671292554,1.7578176666458718,-0.7890302463543701,0.5846679418147911,0.007656292546416796,-0.177656654761861,0.0033878156837294808,0.06125848961960517,183,True,12,54,183,446411,1998.79,2005.04,0.0031268917695206344,False,2014-08-26 16:36:16.276
2014-08-27,1999.4919,0.0009130000000000001,0.019051,0.04983011604951318,1.7985043996304455,-0.7791779972849391,0.6530649109094278,0.00771501107008421,-0.24725441196284853,0.004392962029709104,0.07372943747221512,173,True,12,49,173,384846,1996.2,2002.14,0.0029756537421099516,False,2014-08-27 16:15:22.903
2014-08-28,1995.9108,0.0009130000000000001,0.019097,0.0535162971316876,1.9028437022605065,-0.7963115572295797,0.7705959152485341,0.00869682432727584,-0.3901517666670584,0.004789371214232325,0.09038225097335516,178,True,12,54,178,511628,1990.52,1998.55,0.004034121737033436,False,2014-08-28 16:20:14.236
2014-08-29,1999.7964,0.0008119999999999999,0.01905,0.05679552932112967,2.584316345865615,-0.7795544421760504,1.2768162280135569,0.01041583176805637,-1.3367044505253967,0.006076646301269096,0.10118028631048032,183,True,12,56,183,373485,1994.65,2003.38,0.004376707693078963,False,2014-08-29 16:14:59.373
2014-09-02,1999.8847,0.0008119999999999999,0.01905,0.03684615832569616,3.8656765078609805,-0.7480387695451857,0.9722170977973771,0.009208890327030778,-0.6603354279604148,0.0039453466231524756,0.06318988228869316,175,True,12,53,175,371805,1994.85,2006.12,0.005649547585031556,False,2014-09-02 16:16:30.399
2014-09-03,2002.8458,0.0008119999999999999,0.01905,0.033909592491160476,4.102904585993345,-0.748374740840545,0.8881649797744448,0.008226114892830637,-0.5105813862154442,0.0035829192696043483,0.053793109273407684,168,True,11,46,168,477399,1998.16,2009.28,0.005565119910317495,False,2014-09-03 16:24:19.726
2014-09-04,2004.8032,0.0009130000000000001,0.019160999999999997,0.034433807589831805,4.2346057893531945,-0.7409968719410287,1.0132667093206742,0.008912546548965665,-0.7350822222787962,0.004717210049156907,0.0677740482242091,179,True,12,47,179,686411,1992.54,2011.14,0.009334818874401574,False,2014-09-04 16:24:17.451
2014-09-05,1998.9556,0.0009130000000000001,0.019067,0.04229827324715722,3.350385084999279,-0.7626175910076736,1.1169637422089735,0.009735627925491574,-0.9641769937924752,0.004427455218695652,0.07671972170761328,165,True,11,41,165,425092,1990.1,2007.71,0.008848801567760578,False,2014-09-05 16:19:46.771
2014-09-08,2001.7751,0.0009130000000000001,0.019067,0.04402505883724188,2.8447517536847906,-0.7678168521062303,0.9925754656765398,0.010007260650785183,-0.73472532839636,0.0035723890599925895,0.05850553078460574,179,True,12,54,179,412469,1995.6,2006.29,0.005356784926838998,False,2014-09-08 16:18:32.296
2014-09-09,1993.0191,0.0009130000000000001,0.019282999999999998,0.039089859196303825,4.111976640137786,-0.7735886234233713,1.2451569784375867,0.012349282849216194,-1.2289427251888676,0.0035542754329946726,0.05799135764434855,186,True,12,43,186,441737,1984.61,2001.01,0.00826358831206142,False,2014-09-09 16:23:48.361
2014-09-10,1990.2201,0.0008119999999999999,0.01924,0.06068243313380433,1.8920130291931143,-0.7983907755742085,0.9989296695168669,0.012655481718348731,-0.7682365763764815,0.004854080584833774,0.09442064864852805,181,True,12,61,181,490875,1982.99,1996.66,0.00689363032592194,False,2014-09-10 16:18:20.467
2014-09-11,1993.0289,0.0008119999999999999,0.01924,0.04246365941473174,4.067228735715367,-0.7888199826053653,1.358177745047914,0.01276128559893484,-1.4992279555529817,0.00355227017860294,0.06630911993828514,167,True,11,44,167,562574,1985.93,1997.57,0.005861233779639763,False,2014-09-11 16:22:38.277
2014-09-12,1987.0848,0.001573,0.019364,0.04671922422480292,3.3547873201932332,-0.7515256854683012,1.414607348306787,0.015516646863351607,-1.6876478278062923,0.004464464462670331,0.07267454269816814,185,True,12,50,185,822971,1980.26,1995.51,0.00770100895841952,False,2014-09-12 16:22:03.853
2014-09-15,1982.9486,0.000862,0.019379,0.05904721479584896,1.8628588294001485,-0.8077673335616461,0.9226938167943335,0.015002939145477243,-0.6313706286826264,0.0034991303060964603,0.045030919670371795,186,True,12,58,186,425660,1978.63,1987.18,0.004321171719826378,False,2014-09-15 16:33:07.604
2014-09-16,1994.325,0.0009130000000000001,0.019236,0.04193950118462188,4.11771864984614,-0.805573127782869,1.3075048998064156,0.015280314427489606,-1.3641789306314613,0.005190896382463254,0.06655996109932133,183,True,12,44,183,459310,1979.06,2002.28,0.01173284286479448,False,2014-09-16 16:32:51.615
2014-09-17,2002.2757,0.0012180000000000001,0.019221,0.040296795464015586,2.9950239606607423,-0.7872360998840798,0.9698666884265129,0.010828736028948592,-0.699261657414267,0.005170235549234921,0.08052728140065486,184,True,12,44,184,549859,1993.29,2010.74,0.008754370914417997,False,2014-09-17 16:24:40.632
2014-09-18,2009.6766,0.001167,0.019147,0.03572002120035805,4.106980719910763,-0.7380157620863039,1.11575519588365,0.009101504540148424,-0.9515067803720139,0.003256723946702765,0.05131336465267132,179,True,12,39,179,527353,2004.91,2012.34,0.0037059020105640883,False,2014-09-18 16:56:47.089
2014-09-19,2013.3229,0.001065,0.019159,0.03219407153022021,4.287859558938902,-0.7609125822199589,0.9203347063576675,0.007098427180817101,-0.5709286570224189,0.003286533459000447,0.0547006891941169,184,True,12,34,184,716202,2006.59,2019.19,0.006279309674622091,False,2014-09-19 16:41:17.754
2014-09-22,1996.6708,0.000964,0.01929,0.036691055344454014,3.812344024810991,-0.8049765145016275,0.9283256512350333,0.011359493811856159,-0.5820306635280714,0.003796015706528393,0.05479064376556897,185,True,12,44,185,575812,1991.01,2007.79,0.008427883335593522,False,2014-09-22 16:15:44.972
2014-09-23,1988.5097,0.0009130000000000001,0.01941,0.05000852688448227,2.595810696588425,-0.8080764278955442,1.0656134461853122,0.015754991428419685,-0.8759066786761995,0.00265322132220448,0.03525005875685152,181,True,12,46,181,418410,1982.77,1995.41,0.006374919935242085,False,2014-09-23 16:21:06.125
2014-09-24,1990.7874,0.0009130000000000001,0.019263,0.0485762957967116,2.805834575653764,-0.8271983504046451,1.047752750209441,0.014337965863580113,-0.8251917249642514,0.004914743962135918,0.06542052150765372,164,True,11,43,164,525037,1978.63,1999.79,0.010694268256318695,False,2014-09-24 16:48:44.764
2014-09-26,1976.0509,0.0009130000000000001,0.019468,0.05169904149155432,2.5507001570999472,-0.8268588555845526,1.0103998049759486,0.016962790703100476,-0.7571702593865866,0.005435341707944377,0.0821249796522837,165,True,11,58,165,423768,1967.52,1986.37,0.009580588761486597,False,2014-09-26 16:24:45.407
2014-09-29,1973.8818,0.000964,0.019527000000000003,0.043684137491326394,3.9896391963130577,-0.8183431224371732,1.246388186133207,0.022879168010299468,-1.2049156161473764,0.00457110775358242,0.04442334824348283,166,True,11,48,166,369655,1964.04,1981.28,0.00877782529887372,False,2014-09-29 16:19:20.958
2014-09-30,1976.5014,0.000964,0.019588,0.048683733368758614,2.9700346620683526,-0.8320566346491988,1.063544750963867,0.02136073824005686,-0.8419426861345802,0.003864461749686587,0.0463375561176119,184,True,12,58,184,433881,1968.99,1985.17,0.008217410956886662,False,2014-09-30 16:17:16.817
2014-10-01,1954.592,0.001116,0.019865,0.05123835639853561,3.029292622337298,-0.8550645951065259,1.0553101167646346,0.025557447718816264,-0.8032474925082407,0.005356459001239322,0.04874648917953998,184,True,12,44,184,940302,1941.72,1971.44,0.015306017345446232,False,2014-10-01 16:20:55.484
2014-10-02,1940.391,0.001116,0.019869,0.0520326337511817,3.228967244159456,-0.8334444548214622,1.1532068968395928,0.026503994353266527,-0.9938628068985802,0.0058047844212364445,0.05659233186786617,185,True,12,56,185,847271,1926.03,1952.32,0.013649839306760558,False,2014-10-02 16:24:57.608
2014-10-03,1965.5694,0.0012180000000000001,0.019651000000000002,0.052467148312074836,2.127985146073179,-0.8534143936419561,0.739223529772064,0.016340483306548366,-0.3231528024388421,0.0039430735257408485,0.03886945539014637,175,True,12,47,175,508623,1950.86,1971.16,0.010405667244189898,False,2014-10-03 16:18:09.683
2014-10-06,1968.4932,0.000964,0.019681999999999998,0.05766234020552356,1.7780966919605186,-0.8416126354136458,0.7846586626038387,0.018230619709282993,-0.4106307840589578,0.004706725543119384,0.05192111688825885,173,True,12,66,173,409710,1958.48,1977.84,0.009885217107144184,False,2014-10-06 16:30:07.572
2014-10-07,1948.6744,0.000862,0.019986999999999998,0.052330028515782626,2.497689755509566,-0.8502813098376872,0.8871086435927225,0.02315291003031161,-0.5255533932781324,0.004649029525918845,0.04645590068357742,181,True,12,66,181,612032,1934.87,1960.73,0.01336523900830544,False,2014-10-07 16:21:59.993
2014-10-08,1942.2514,0.000862,0.019986999999999998,0.04577539322928342,5.014509385650596,-0.8274599478842289,1.4852628200381452,0.0268113472629464,-1.7469233666274868,0.008855195190861807,0.08657737579083671,188,True,12,53,188,880812,1925.25,1970.36,0.02343072328269047,False,2014-10-08 16:51:24.848
2014-10-09,1942.6844,0.0009130000000000001,0.020076999999999998,0.0400774430775883,5.078191454336905,-0.8529436367413905,1.1034238888604864,0.02687359146748369,-0.8105024206114337,0.010991380866624647,0.1027032894988398,187,True,12,41,187,810177,1927.56,1966.99,0.02045591317520601,False,2014-10-09 16:21:01.309
2014-10-10,1921.7318,0.000761,0.020321,0.048345803699324,4.454116692243236,-0.8368648933955649,1.401753622212956,0.04031268506139812,-1.5342375148729952,0.007589963349601063,0.05421640642812184,186,True,12,45,186,1175907,1906.05,1936.98,0.01622727630439913,False,2014-10-10 16:49:51.081
2014-10-13,1898.5438,0.000761,0.020662,0.045979733490379864,5.800787352589163,-0.7987367295707094,1.4649153224105498,0.05000251401068194,-1.6125395888203733,0.008467206131383801,0.06456946052057805,185,True,12,39,185,1047783,1874.14,1912.09,0.02024928767327938,False,2014-10-13 16:25:36.893
2014-10-14,1885.7869,0.000659,0.020630000000000003,0.058056653313534795,3.8497943871257454,-0.8171326713701899,1.5176211189321933,0.05414493628340727,-1.8561615045054993,0.0074963306867647465,0.047239470382543496,184,True,12,35,184,1033919,1871.79,1898.67,0.014360585322071406,False,2014-10-14 16:32:52.721
2014-10-20,1894.8244,0.0009130000000000001,0.02035,0.04635998237093337,9.324971286140961,-0.8387151409610978,1.9680674693552678,0.045891580873377025,-3.008678555064538,0.006931782128257496,0.05353501493004384,180,True,12,45,180,639414,1882.3,1905.03,0.012075652127716108,False,2014-10-20 16:21:04.907
2014-10-21,1931.6607,0.000964,0.019962999999999998,0.044323364770948434,5.282720256084905,-0.8924176678143634,1.1133333350392132,0.02432948722674575,-0.7712152411228781,0.004356331230154357,0.036207604829383,184,True,12,40,184,1172841,1909.38,1942.45,0.01731975824613219,False,2014-10-21 16:35:54.995
2014-10-22,1940.8339,0.0009130000000000001,0.020118,0.04832001406178061,4.885201959804067,-0.802919786964023,1.4151571024922982,0.02670827955350043,-1.5305635699496558,0.006710726967776128,0.05663574367350416,186,True,12,45,186,896653,1926.85,1949.31,0.011656330279990579,False,2014-10-22 16:16:38.125
2014-10-23,1953.3259,0.000964,0.019873000000000002,0.05579647829456784,2.9668147967917795,-0.8453389454081478,1.0331788464122182,0.02209854993893299,-0.7363828938472915,0.0050141760849117005,0.061583447535113266,181,True,12,61,181,764813,1931.02,1961.95,0.016017441559383228,False,2014-10-23 16:23:29.518
2014-10-24,1958.0268,0.0009130000000000001,0.019735,0.051562890173036356,3.1499292648301953,-0.804502205225243,1.140291887514858,0.025964168283526264,-0.9754266752616527,0.006470100741855182,0.06666534528048189,188,True,12,56,188,402301,1946.27,1965.24,0.009746849101101018,False,2014-10-24 16:18:52.038
2014-10-27,1958.6618,0.000964,0.019766,0.054060667132048164,2.6563704523176335,-0.8261405246023596,0.8846449824619588,0.02464799928817508,-0.49538642739081573,0.004529868280299739,0.04323106790245069,185,True,12,54,185,518184,1951.37,1964.64,0.006800350522966125,False,2014-10-27 16:19:18.547
2014-10-28,1976.0374,0.000964,0.019533000000000002,0.048443667285496254,2.719286955278234,-0.8156209323245732,0.8614587345922528,0.018932046988457334,-0.4786466863747076,0.0054221635478262,0.06975993815167277,186,True,12,47,186,808375,1964.14,1985.05,0.010645880639872818,False,2014-10-28 16:23:26.905
2014-10-29,1982.8214,0.001015,0.019576,0.052164886426622335,3.149609583008509,-0.7549646463912704,1.231205198088317,0.021152359474535018,-1.1872681874280113,0.004868763972963855,0.05425139698879602,170,True,11,43,170,882632,1969.04,1991.4,0.011355787591923017,False,2014-10-29 16:24:06.787
2014-10-30,1987.689,0.001015,0.019464,0.037855576445048236,6.698084191259695,-0.7273332173302527,1.3837574354849302,0.018096972591419156,-1.40766496398463,0.004331310345551045,0.04558569873153621,189,True,12,45,189,596712,1974.75,1999.4,0.01248259273325747,False,2014-10-30 16:38:38.068
2014-11-03,2019.4262,0.0012180000000000001,0.01925,0.05017232424167478,2.0954279832467764,-0.7764280153388432,0.7354440221193369,0.016877329001923656,-0.33061292526999586,0.0038415051170239125,0.043886398239279076,185,True,12,45,185,579512,2013.68,2024.46,0.005353382861229106,False,2014-11-03 16:22:47.948
2014-11-04,2009.1445,0.0009130000000000001,0.019309,0.04555949370919981,3.077384087540863,-0.755058623077956,0.9385955448488359,0.019692961056605948,-0.6005534748558641,0.00396751603632443,0.04230170259159311,184,True,12,56,184,438888,2001.01,2015.98,0.007481221982898578,False,2014-11-04 16:16:35.796
2014-11-05,2019.645,0.0009130000000000001,0.019309,0.052309485130479116,2.0104524751512947,-0.7960615091335548,0.6939212017477979,0.015297332142714568,-0.2711951665261849,0.004915912206606087,0.0558677647092072,180,True,12,48,180,583007,2014.42,2023.77,0.004641534535995362,False,2014-11-05 16:20:55.650
2014-11-06,2025.5519,0.0009130000000000001,0.01915,0.043910463120858514,2.902040994166472,-0.7908648051668634,0.7482006781790396,0.014112949315880207,-0.30494432672844185,0.0047090957863952405,0.05755784645969281,177,True,12,38,177,690671,2015.86,2031.61,0.007813042572400786,False,2014-11-06 16:29:52.557
2014-11-07,2030.4323,0.000862,0.019166000000000002,0.0395380290393802,4.035778295956259,-0.8642301550402172,0.7716048625973713,0.0106815870362286,-0.2762406250598704,0.004585131555395649,0.06081456828044848,167,True,11,47,167,516486,2025.18,2034.18,0.004444049417829499,False,2014-11-07 16:21:48.800
2014-11-10,2035.6958,0.000862,0.019166000000000002,0.0555780418049223,2.1095809191682524,-0.7951177632783815,0.7964239126483494,0.009888197047656106,-0.39979829560530666,0.005129645963269616,0.0716879955943332,186,True,12,50,186,559767,2030.19,2038.69,0.0041868002502227775,False,2014-11-10 16:23:42.414
2014-11-11,2037.9558,0.000964,0.019101999999999997,0.03871661625436698,4.245727460668588,-0.7185336256822856,1.0511443488749064,0.009980918220533338,-0.7761440405409835,0.006000815986795262,0.07464926597581699,180,True,12,45,180,519818,2035.28,2041.28,0.002947997327149121,False,2014-11-11 16:35:46.907
2014-11-12,2037.134,0.002031,0.019138,0.033856721395813257,8.163280526336834,-0.6848773907020752,1.7512646055963026,0.01146597329197893,-2.514163889902265,0.004525361378009007,0.06458382865816316,187,True,12,60,187,587656,2031.95,2040.33,0.004124117227293889,False,2014-11-12 16:22:39.723
2014-11-13,2039.4663,0.001421,0.019137,0.034508529468991876,7.53896742224452,-0.6976041981406593,1.6022029752859526,0.011308722439125691,-2.0467370151025692,0.004706121405763662,0.060978389560999505,186,True,12,46,186,822661,2030.44,2046.14,0.007732314178207744,False,2014-11-13 16:17:21.594
2014-11-14,2039.0297,0.001421,0.01914,0.03597831716689764,7.367630052312715,-0.7086250638163742,1.6545370328009186,0.010863373404345752,-2.2073429313287205,0.0057110729344776595,0.0831671569880013,182,True,12,57,182,713067,2035.2,2042.22,0.0034492924528302105,False,2014-11-14 16:20:37.278
2014-11-17,2039.4369,0.0013700000000000001,0.019132,0.03840896789078429,7.292447538438071,-0.7349460527137844,1.8109592311190492,0.012376964163479652,-2.719382570077104,0.00558560654947354,0.07936792076847216,177,True,12,56,177,449449,2034.48,2043.07,0.004222209114859821,False,2014-11-17 16:17:30.084
2014-11-18,2051.2248,0.0012690000000000002,0.019042,0.038271146583431094,3.851845601927209,-0.7409346450045401,0.7966048407403067,0.008208295724844916,-0.33975017699468824,0.005528144808987491,0.08113040304314095,162,True,11,46,162,615948,2041.48,2056.08,0.007151674275525544,False,2014-11-18 16:47:42.275
2014-11-19,2046.6386,0.0012690000000000002,0.01908,0.050389857811554986,2.528698606358952,-0.7791077221382429,0.7949185603352249,0.010764551686601837,-0.3770539911200169,0.005815744950787897,0.09400036508642873,179,True,12,45,179,618557,2040.37,2052.14,0.005768561584418519,False,2014-11-19 16:19:33.030
2014-11-21,2064.1187,0.0012180000000000001,0.018956999999999998,0.05056092204809195,4.389622740714727,-0.6669590289720753,1.8847921966231544,0.0109712321604343,-3.108554878023918,0.0037323780289729245,0.049896621694120805,184,True,12,45,184,790953,2056.76,2071.46,0.007147163499873432,False,2014-11-21 16:20:34.785
2014-11-24,2067.8851,0.001167,0.018904,0.04715302720218372,3.5983847617117157,-0.7251347997885608,1.3280541460996238,0.009919291716783702,-1.424378345866569,0.003978747485710204,0.06325061303545713,186,True,12,49,186,435818,2065.07,2070.17,0.0024696499392271587,False,2014-11-24 16:21:09.055
2014-11-25,2069.1924,0.0012180000000000001,0.018941,0.04835500591332773,3.319037298929478,-0.7187342431362006,1.316724258126467,0.010817847171216793,-1.4127786355061147,0.005979770171757586,0.08634010784119425,178,True,12,57,178,468361,2064.75,2074.21,0.004581668482867229,False,2014-11-25 16:17:00.069
2014-11-26,2069.4978,0.0012180000000000001,0.019062,0.04794753559813151,3.702813154753143,-0.701663831620613,1.3980371590665666,0.009031907608793556,-1.5994263670294044,0.004030247094705976,0.07422743043192966,161,True,11,47,161,489606,2066.68,2073.29,0.0031983664621519914,False,2014-11-26 16:18:43.229
2014-11-28,2070.5372,0.001167,0.01917,0.04850189403864775,3.065264142295318,-0.7126107668283078,1.033062847428067,0.01051247686203194,-0.7698766134760376,0.0039399448487017165,0.055865324770571434,171,True,11,51,171,305087,2065.06,2075.76,0.005181447512421,False,2014-11-28 13:15:38.847
2014-12-01,2054.5162,0.001167,0.01917,0.05416968477477082,2.4845029624455477,-0.7355180982756642,1.024552615491141,0.016314297956218846,-0.7805385773144187,0.004979926667906619,0.0552547654701334,178,True,12,48,178,503034,2049.57,2065.78,0.00790897602911822,False,2014-12-01 16:36:37.748
2014-12-02,2063.0485,0.001116,0.019196,0.04672322953073322,3.417960656374213,-0.6860073577244938,1.180844511899323,0.013671382083632678,-1.0749974407331744,0.0037713420599566417,0.04827499475235014,181,True,12,39,181,425455,2053.77,2068.77,0.007303641595699517,False,2014-12-02 16:16:06.609
2014-12-03,2071.8452,0.001167,0.019172,0.044749109085317415,3.1386905751833103,-0.7061737492155832,1.0318461433960322,0.011758203596505874,-0.7837992497733939,0.003686959344485813,0.04773692601559662,185,True,12,47,185,487455,2066.65,2076.28,0.0046597149977016805,False,2014-12-03 16:16:43.312
2014-12-04,2068.5485,0.001167,0.019172,0.05558935947334785,2.696439661093798,-0.6791577584310962,1.2670501792649604,0.012447242335924385,-1.3056294495378977,0.0052917796089041865,0.06950471646723418,186,True,12,46,186,528719,2062.34,2077.34,0.0072732915038258295,False,2014-12-04 16:21:48.591
2014-12-05,2076.2471,0.0009130000000000001,0.019166000000000002,0.0397518016458584,5.418828090089021,-0.7055346356095541,1.5457973681087334,0.009331887947477774,-1.958673144471438,0.0040462146911075915,0.05869082065259472,177,True,12,49,177,626580,2070.81,2079.47,0.004181938468521995,False,2014-12-05 16:17:09.285
2014-12-08,2066.636,0.0009130000000000001,0.019341,0.05662453262688831,2.6923986578237873,-0.809567202797977,1.1401710395901563,0.013102248463970104,-0.9950783682310311,0.006116348664270158,0.07186784621250758,176,True,12,51,176,608103,2054.27,2075.71,0.010436797499841832,False,2014-12-08 16:24:42.908
2014-12-09,2047.3383,0.0008119999999999999,0.019347,0.05604411083909457,3.5132518352126016,-0.7804370915672579,1.5629261281344025,0.023437153390620333,-2.0489439314885796,0.007555535367144977,0.07146591114929242,182,True,12,54,182,538180,2034.17,2060.6,0.01299301434983291,False,2014-12-09 16:47:33.548
2014-12-18,2044.2961,0.002387,0.019418,0.051538078374750905,2.59624344012639,-0.8488571361682732,0.7075765233928341,0.018422329803784637,-0.2330537406623563,0.00806918484875944,0.07461879739872282,186,True,12,45,186,868647,2018.98,2061.23,0.020926408384431827,False,2014-12-18 16:43:44.815
2014-12-19,2068.1827,0.002438,0.019331,0.04341635785742161,5.687202482748311,-0.7688821939232336,1.412453639621586,0.0188502157814255,-1.5011900476830307,0.006790383153119647,0.08597339843276229,182,True,12,49,182,1041853,2061.03,2077.85,0.008160968059659268,False,2014-12-19 16:46:49.469
2014-12-22,2073.3874,0.002489,0.019267,0.051229650042519496,2.6091118606270025,-0.8102621782742038,0.7706649301977051,0.01502074769876431,-0.3265966595532172,0.0074646454366207125,0.09085067576655603,186,True,12,51,186,576292,2069.28,2078.76,0.004581303641846501,False,2014-12-22 16:20:26.269
2014-12-26,2090.9807,0.002285,0.019164,0.054210851914068395,3.4776444488054654,-0.8158173608742484,1.3211358352349636,0.015450820787904083,-1.3683477586940347,0.006487456738679729,0.08846026657392815,171,True,12,58,171,265604,2084.3,2092.69,0.004025332245837898,False,2014-12-26 16:15:34.625
2014-12-29,2091.9141,0.002132,0.019199,0.055266302058122996,3.117980603506503,-0.8060233013039291,1.1997742833751819,0.016474929533351744,-1.094819815358913,0.004861935660967038,0.06344802604069212,165,True,11,48,165,340851,2085.75,2093.53,0.003730073115186583,False,2014-12-29 16:19:18.063
2014-12-30,2083.2501,0.001929,0.019303,0.05768022484761707,3.8148077663346935,-0.7620667527201025,1.7257233429624892,0.018585497264653552,-2.538043117020387,0.006121660320640392,0.0862371967021898,173,True,12,54,173,588676,2079.53,2088.49,0.004308665900467634,False,2014-12-30 16:18:00.364
2014-12-31,2077.439,0.002132,0.019504999999999998,0.05010660842828651,5.284599928457852,-0.7860356969186122,1.5067020061876988,0.019230693244880987,-1.7405641768192592,0.010094249645058527,0.11807898165313876,180,True,12,57,180,633623,2057.94,2085.58,0.013430906634789963,False,2014-12-31 16:18:00.961
2015-01-02,2056.5034,0.002132,0.019504999999999998,0.06414815632399769,2.665062737915449,-0.8302295846021682,1.232993782878791,0.02820741276129248,-1.1783559463676279,0.007105552198424982,0.07088004693608842,180,True,12,58,180,527501,2046.04,2072.32,0.012844323669136681,False,2015-01-02 16:19:19.101
2015-01-05,2026.1096,0.002291,0.019889,0.05944136063466267,3.1359048730142245,-0.8365515641679933,1.2446131260951732,0.036249120036775904,-1.1762569287027302,0.004870633532578178,0.03916315128278723,180,True,12,52,180,856344,2017.35,2053.68,0.018008773886534213,False,2015-01-05 16:26:31.198
2015-01-06,2009.8048,0.002444,0.020068000000000003,0.06289297190847212,3.330544563897364,-0.8197191981247304,1.2738349806940144,0.0373877896353922,-1.2037198666454971,0.008322246500697971,0.06191622015258367,183,True,12,43,183,831113,1992.44,2030.24,0.018971713075425,False,2015-01-06 16:19:44.265
2015-01-07,2021.813,0.0026989999999999996,0.019852,0.06234438182841917,2.2511949392369783,-0.8335160891095288,0.9286428648392018,0.02959625557389862,-0.5816788566927699,0.005076152808314935,0.04873240404092406,185,True,12,55,185,707241,2007.48,2029.6,0.011018789726423117,False,2015-01-07 16:21:36.609
2015-01-08,2057.8629,0.0026989999999999996,0.019852,0.05018951864624094,4.297979340867199,-0.7903730113157847,1.338272001144028,0.023855348036448017,-1.3595449205068157,0.005820085701620367,0.060769010069558,189,True,12,50,189,784743,2025.9,2064.07,0.01884100893430074,False,2015-01-08 16:49:17.477
2015-01-09,2047.6909,0.003619,0.019671,0.07574563841364121,1.5292729961687364,-0.9326764210116901,0.7940362768021881,0.02144875141285229,-0.39882209007079544,0.006889494784499516,0.07079676177519496,189,True,12,57,189,788527,2038.33,2064.37,0.012775163982279514,False,2015-01-09 16:18:13.926
2015-01-12,2030.1456,0.004743,0.019831,0.07141616279871801,1.6024183438551454,-0.8383861671435782,0.8952903096330539,0.03126108418202636,-0.5726675998900271,0.00451745369665389,0.04088032206145746,184,True,12,65,184,360837,2022.58,2049.3,0.013210849509043054,False,2015-01-12 16:22:03.474
2015-01-13,2036.9669,0.001827,0.019894000000000002,0.06705925885976151,2.9947482559820355,-0.8173504116154312,1.46420871647882,0.03437117229944523,-1.7422559683771162,0.011697504984371445,0.10266673837233282,181,True,12,53,181,552998,2008.25,2056.89,0.024220092120004866,False,2015-01-13 16:19:57.423
2015-01-14,2003.6573,0.0016239999999999998,0.020015,0.0660782488282044,2.8588197143201177,-0.8432045565222709,1.3780215572149808,0.049419125234926614,-1.5211318112735586,0.006213135458067636,0.051939956821650396,184,True,12,59,184,657570,1988.44,2016.88,0.014302669429301362,False,2015-01-14 16:15:58.881
2015-01-15,2001.2728,0.001472,0.020206,0.059424700517081215,3.3140774626377407,-0.8429507745632072,1.4408199461720916,0.052505175688216964,-1.6820859958720369,0.006849483077222322,0.04802779366023905,174,True,12,56,174,637919,1991.62,2021.35,0.014927546419497784,False,2015-01-15 16:20:28.255
2015-01-16,2004.8801,0.001573,0.019942,0.06256066887325994,3.110285497161869,-0.8308219952079693,1.434387387864162,0.05043907515783196,-1.668304096285281,0.007411239105156753,0.05547905661662083,179,True,12,54,179,721560,1988.12,2020.46,0.016266623745045727,False,2015-01-16 16:23:44.591
2015-01-20,2016.1561,0.001573,0.01991,0.06661563677222641,3.5023404509566745,-0.8514622902080847,1.8002914889344934,0.05214779461069617,-2.7744281664627644,0.006555298357294779,0.05107826075931693,182,True,12,61,182,400652,2004.49,2028.94,0.012197616351291352,False,2015-01-20 16:40:15.517
2015-01-21,2028.8643,0.001573,0.019823999999999998,0.048729798601768876,5.312914670282226,-0.8324085327278257,1.665434517542334,0.045978680292649995,-2.255877608478994,0.006991755547526715,0.05382812238893012,183,True,12,48,183,607595,2012.06,2038.28,0.013031420534178828,False,2015-01-21 16:38:51.037
2015-01-22,2048.2345,0.001573,0.019527000000000003,0.06787694099515143,1.845959150273444,-0.8314219734171686,1.02623880456831,0.025533040088992116,-0.802569963356653,0.008599126245504352,0.075604535964573,186,True,12,50,186,667245,2026.38,2064.62,0.018871090318696382,False,2015-01-22 16:18:51.935
2015-01-23,2057.8731,0.001472,0.019634,0.07327527579352752,1.6142053464594757,-0.8324923477929397,1.0339660655834362,0.022972253601926562,-0.8325231408796812,0.004826060450433165,0.0669886823477864,184,True,12,55,184,649213,2050.54,2062.93,0.006042310805933981,False,2015-01-23 16:20:40.319
2015-01-26,2051.3118,0.001522,0.019584,0.044573932695856334,4.216913905588913,-0.8047252456874032,1.308863439044314,0.02616365296426662,-1.3371946288430268,0.006765970386440041,0.08499933899126516,183,True,12,70,183,447109,2041.01,2057.58,0.008118529551545572,False,2015-01-26 16:23:21.041
2015-01-27,2030.9859,0.001472,0.019792,0.047283615213127336,5.413735352374983,-0.8219961395798082,1.6010821924036565,0.030821068941038025,-2.0515022282972932,0.006616729293459725,0.08955943351013203,179,True,12,60,179,477774,2019.92,2046.58,0.013198542516535294,False,2015-01-27 16:20:26.895
2015-01-28,2023.3067,0.001472,0.020079,0.07224120466505986,1.641066578243843,-0.8383105990701208,1.0270624585393764,0.03041462936361074,-0.8177520406451423,0.009071321992449918,0.08915779872217466,183,True,12,61,183,538297,2001.57,2042.49,0.020443951498074098,False,2015-01-28 16:41:33.413
2015-01-29,2006.3977,0.001472,0.019895,0.0708209276991334,1.461880621509389,-0.8437772322692438,0.8347755391809287,0.03458597356425883,-0.489786717213449,0.008930491069244017,0.0674706045526808,184,True,12,46,184,820290,1989.18,2024.63,0.017821413848922774,False,2015-01-29 16:20:22.030
2015-01-30,2009.9633,0.0013700000000000001,0.020158999999999996,0.06872857732823133,1.552798670260709,-0.8516682134099812,0.8287288643639371,0.034477539411325114,-0.473348243661565,0.00744492953035871,0.05879171502314877,187,True,12,59,187,610823,1993.43,2023.3,0.014984223173123645,False,2015-01-30 16:20:19.336
2015-02-02,1998.0595,0.001421,0.019906,0.05737714569717084,3.2111506311445077,-0.9025219609048065,1.0742301698310974,0.03765102305780219,-0.7854771425378675,0.008131485141533435,0.06329259249077568,186,True,12,52,186,588326,1980.9,2021.66,0.02057650562875457,False,2015-02-02 16:18:32.368
2015-02-03,2037.8837,0.001929,0.019625999999999998,0.056275232776617376,4.299209349915213,-0.7651206244914412,1.787150291937603,0.03270018792730777,-2.7100281521288827,0.006660073703727941,0.06353106422210102,183,True,12,51,183,675273,2023.95,2050.3,0.013019096321549517,False,2015-02-03 16:20:08.165
2015-02-04,2045.4961,0.002342,0.019729,0.0638737734233963,3.0718632007028557,-0.8064461926923008,1.4672256553570688,0.027918680328956294,-1.760328135599254,0.006315751067104119,0.07145005487309512,175,True,12,57,175,436544,2036.81,2054.69,0.008778432941707992,False,2015-02-04 16:15:41.448
2015-02-05,2057.9656,0.002342,0.019729,0.05677063250069942,2.5552446049099298,-0.9380193879236909,0.7703670153727836,0.02075279686937034,-0.3033396335448976,0.004304196995926825,0.04899009503758151,189,True,12,53,189,579142,2044.64,2063.54,0.00924368103920492,False,2015-02-05 16:40:54.980
2015-02-09,2049.9473,0.003414,0.019853,0.05354098440959038,3.0344303347123254,-0.8644360448981139,0.886918968061414,0.026123776033114325,-0.46169248142148206,0.005366109816433799,0.05499771523476601,173,True,12,50,173,553228,2041.89,2056.14,0.006978828438358509,False,2015-02-09 16:22:01.195
2015-02-11,2066.221,0.003414,0.019684999999999998,0.05476157646269718,2.690950808919816,-0.8315021351439008,0.9622620776422564,0.022446819289948808,-0.6312268891083532,0.007170186052822863,0.07783298744710206,185,True,12,49,185,502021,2057.99,2073.47,0.0075219024387873645,False,2015-02-11 16:22:06.362
2015-02-17,2096.4325,0.002183,0.019428,0.038310263390740666,7.579151499953452,-0.8150821477294753,1.3231232050719213,0.016198313584012726,-1.1699364353167054,0.005430223273546855,0.05593604628295041,184,True,12,49,184,467019,2089.83,2101.29,0.005483699631070538,False,2015-02-17 16:18:11.230
2015-02-18,2096.59,0.00198,0.019467,0.05370306634801504,4.4944355459484,-0.7745447941431274,1.513740449044312,0.017347765354523252,-1.8086802064309873,0.008137800875741058,0.09287927034108205,181,True,12,56,181,826097,2092.16,2100.22,0.003852477821963962,False,2015-02-18 16:24:20.790
2015-02-23,2106.3309,0.002031,0.019376,0.04107529527878592,3.941618451100784,-0.9839640393575051,0.6707621079422457,0.011865414171739906,-0.1261155219405738,0.005553831244954916,0.07495302495678116,179,True,12,54,179,426562,2103.0,2109.85,0.0032572515454112327,False,2015-02-23 16:18:42.726
2015-02-24,2113.6706,0.001827,0.019326,0.0398559990094438,3.9711405663617465,-0.7749577828132278,1.019320939967564,0.01202018003998346,-0.7224676296978064,0.007402536130517956,0.1024473168468999,186,True,12,54,186,703147,2105.87,2117.92,0.005722100604500735,False,2015-02-24 16:19:11.409
2015-02-25,2114.6677,0.001827,0.019363,0.02953600332216324,10.942384059712762,-0.734410383462739,1.8452251089408036,0.010962068519207823,-2.758467118785476,0.006240018874414603,0.09019172790962258,187,True,12,49,187,694357,2109.89,2119.57,0.004587916905620881,False,2015-02-25 16:19:53.022
2015-02-27,2108.9718,0.001878,0.019465,0.03226312919104106,7.939420412329141,-0.7670840766393098,1.463754638446828,0.01286337633896807,-1.630276548644677,0.006182778523117581,0.07588850080142875,182,True,12,57,182,490016,2103.77,2112.74,0.00426377408176748,False,2015-02-27 16:20:57.678
2015-03-02,2112.6534,0.001675,0.019354,0.03673836564535143,6.839307378292384,-0.8064539519751868,1.654998444767447,0.013866326302218995,-2.236489901733358,0.006092222046917785,0.08861118220946969,179,True,12,56,179,453346,2104.52,2117.5,0.006167677190048071,False,2015-03-02 16:18:39.805
2015-03-03,2105.5259,0.002132,0.019444,0.04789488433612808,2.986707521999871,-0.833759255597777,0.9799676533770106,0.01417842736938705,-0.6742405790411898,0.005936243099484081,0.10240677347467615,183,True,12,54,183,441452,2098.28,2114.34,0.007653887946317939,False,2015-03-03 16:20:11.339
2015-03-04,2095.299,0.0019850000000000002,0.01957,0.04536733736337746,4.723729083662592,-0.8259304737186177,1.4228893837855365,0.017889722622123468,-1.5960081765861467,0.005919836754164313,0.08170770888155415,179,True,12,48,179,502676,2087.62,2106.29,0.008943198474818281,False,2015-03-04 16:20:47.171
2015-03-05,2101.0453,0.0019850000000000002,0.01957,0.04608762512450614,2.844660352220824,-0.8640594502556441,0.868218821207297,0.013997064932527547,-0.4915966416591905,0.004159205095914391,0.06633170212195628,176,True,12,46,176,346469,2095.34,2104.21,0.004233203203298785,False,2015-03-05 16:17:51.137
2015-03-06,2080.4475,0.002495,0.019834,0.047538993398472035,2.7269202593521564,-0.8304746801984461,0.9005888031124645,0.01837907904873265,-0.5517901038765376,0.005439768075433084,0.06153960033969026,187,True,12,52,187,729762,2067.27,2099.28,0.015484189293125894,False,2015-03-06 16:16:02.088
2015-03-10,2053.1147,0.0033629999999999997,0.019761,0.04439091850523265,4.03297876840831,-0.8389999400719892,1.047356525793813,0.024495323079648825,-0.7389004284393925,0.003604809367592348,0.03890223149252665,181,True,12,45,181,817996,2044.16,2072.7,0.01396172510958027,False,2015-03-10 16:16:43.860
2015-03-11,2044.9036,0.003516,0.020171,0.07271172190986433,1.3654375232141325,-0.8176016760383206,0.9157633658935701,0.025954797124136206,-0.6400559153662408,0.004535326280302349,0.0470337709792587,185,True,12,58,185,573854,2039.69,2050.08,0.005093911329662859,False,2015-03-11 16:17:16.421
2015-03-12,2059.4087,0.005409000000000001,0.019926,0.12629880385795916,0.5052880822130013,-0.8597693432136865,0.659270081307383,0.02155595613717414,-0.307002479332675,0.004749719001765809,0.07143133810089546,178,True,12,53,178,532729,2041.61,2066.41,0.01214727592439302,False,2015-03-12 16:19:23.441
2015-03-13,2048.8944,0.002342,0.020051,0.06956962619352663,1.2511207230352226,-0.8281874890747593,0.8237100239762926,0.025128759254820315,-0.5044182015499541,0.0061507671015447645,0.07243540994105102,179,True,12,63,179,408660,2041.23,2064.08,0.011194230929390647,False,2015-03-13 16:15:24.834
2015-03-16,2074.6068,0.002393,0.019784,0.053408686243619476,1.8900880230066082,-0.8356140549281286,0.7564065437002783,0.021780709299827776,-0.3702566229654351,0.0029140249202563866,0.02643865138871622,185,True,12,47,185,389803,2057.66,2081.37,0.011522797741123414,False,2015-03-16 16:25:12.630
2015-03-17,2072.4873,0.002546,0.01985,0.07743279581186742,0.9933612451986656,-0.8168992007178938,0.8219517146321248,0.024524466795436413,-0.5217671442529087,0.005509736219142426,0.0793477479964224,192,True,12,55,192,312420,2065.09,2078.71,0.006595354197637793,False,2015-03-17 16:22:25.861
2015-03-18,2080.0404,0.001934,0.019622,0.05883884872574728,2.0775953187841276,-0.8773935579291193,0.8913609140400218,0.01897380485801874,-0.5500376457277432,0.011377329965350456,0.11612400464684702,179,True,12,48,179,792861,2061.26,2106.83,0.022107836954095905,False,2015-03-18 16:17:18.660
2015-03-19,2090.8732,0.002393,0.019719,0.116717863478693,0.9756722381096617,-0.852803157700003,0.8261101351727747,0.015580716602494066,-0.4547011972599112,0.0034979406545962437,0.04802527719371864,182,True,12,53,182,764340,2085.56,2098.18,0.006051132549530935,False,2015-03-19 16:21:18.191
2015-03-20,2108.8876,0.0021379999999999997,0.019552,0.03266131458877414,8.633499690913684,-0.8078352083097396,1.5434424385063021,0.011282058368730885,-1.8182516621682483,0.005166133781298003,0.06389991754944546,186,True,12,50,186,671271,2094.13,2113.92,0.009450225153166292,False,2015-03-20 16:16:51.926
2015-03-23,2111.4052,0.0021379999999999997,0.019584,0.042498256296636505,3.692194984096716,-0.832200880671584,0.9661706843266862,0.011907505971090547,-0.619662093789701,0.005625630036095734,0.07402068755155665,180,True,12,55,180,488318,2104.42,2114.82,0.004941979262694796,False,2015-03-23 16:19:11.991
2015-03-24,2101.0147,0.0021379999999999997,0.019710000000000002,0.06480338250144449,1.6113093678926633,-0.8511055331344686,0.8769134438247995,0.013846404070037307,-0.5601405933692518,0.00716055861706165,0.10835816814304845,176,True,12,65,176,510673,2091.5,2107.62,0.007707387042792169,False,2015-03-24 16:15:04.905
2015-03-25,2076.9333,0.002342,0.020004,0.04559052917026655,3.1201396507351675,-0.9610606005928548,0.7386941682857201,0.015723807170675584,-0.2611714387350379,0.008750221515670694,0.11460646209218281,183,True,12,55,183,495375,2061.05,2097.41,0.017641493413551146,False,2015-03-25 16:24:22.219
2015-03-26,2055.8128,0.002546,0.020054,0.0862104016058627,1.3152037877122584,-0.8592009719653452,1.011694897758504,0.025451291834066487,-0.796758072686139,0.007477274197459378,0.08208019357160411,183,True,12,57,183,624298,2045.5,2067.14,0.010579320459545238,False,2015-03-26 16:42:00.891
2015-03-27,2058.7991,0.002393,0.020023,0.07066667376125142,1.2233644145829075,-0.8868070237302079,0.6630475537217914,0.020492469214603563,-0.26672987054354247,0.004128901667310983,0.0515359781965038,189,True,12,61,189,395261,2052.98,2062.83,0.00479790353534848,False,2015-03-27 16:19:42.693
2015-03-30,2084.0275,0.002444,0.019790000000000002,0.06405661455816596,1.6479124599729842,-0.8680111683229836,0.8044384588482034,0.017499132734668816,-0.43600184752589555,0.004361053693160934,0.05290803024348594,184,True,12,53,184,460680,2067.18,2088.97,0.010540930156057948,False,2015-03-30 16:16:05.349
2015-03-31,2077.1254,0.002291,0.019977,0.04846602063191009,3.2595489694693813,-0.9115452343518274,0.8876781156806195,0.01902400141601783,-0.4720177018482467,0.004277820481151801,0.04579851949345077,187,True,12,52,187,400600,2067.06,2083.73,0.008064594157886074,False,2015-03-31 16:21:23.283
2015-04-01,2056.9925,0.002291,0.019977,0.06284659791283428,1.6546247105891894,-0.9230137832921844,0.693832788588099,0.021053409109056356,-0.2734288707538606,0.005770792290706996,0.05379535725833684,181,True,12,61,181,645372,2048.38,2066.92,0.009051054980032891,False,2015-04-01 16:20:45.644
2015-04-02,2066.7636,0.001929,0.019994,0.057121515569299564,2.212675148830096,-0.890689299181346,0.7889511525127497,0.017404956488120082,-0.3696612051237949,0.004292280918194473,0.05829206578951785,181,True,12,56,181,547186,2057.37,2072.17,0.007193650145574271,False,2015-04-02 16:34:35.619
2015-04-06,2079.2839,0.002495,0.019867,0.07482583160065362,1.5488931891115563,-0.8869567956480882,0.806567382180811,0.01780112973240706,-0.4187565001262852,0.004283483914562547,0.047242364312391295,180,True,12,50,180,392440,2056.59,2086.93,0.014752575865874862,False,2015-04-06 16:17:32.299
2015-04-07,2085.963,0.002495,0.019867,0.06080268097790759,1.896425395573393,-0.8819167943577988,0.7493635031388673,0.016574782700326546,-0.3309301631856528,0.003939973866483702,0.04634099587719671,177,True,12,49,177,523946,2076.11,2089.8,0.006594062935008305,False,2015-04-07 16:18:49.336
2015-04-08,2081.3795,0.0035670000000000003,0.019894000000000002,0.04950906728400427,2.4002981861950627,-0.8845968864328816,0.761695324516397,0.016138404480581108,-0.3425067185861298,0.004779221377336492,0.060335457145273774,169,True,11,51,169,401494,2073.31,2086.68,0.0064486256276194975,False,2015-04-08 16:15:45.339
2015-04-09,2083.3391,0.0034649999999999998,0.019806,0.03494063238698892,6.484557928505045,-0.8550024183580571,1.1386861885613697,0.014498766038535893,-0.8434571264763608,0.005188351705033127,0.07058503507972404,185,True,12,44,185,549586,2074.29,2093.3,0.009164581615878298,False,2015-04-09 16:24:46.159
2015-04-10,2099.1131,0.0034649999999999998,0.019806,0.041992169232572873,3.511073074787913,-0.8853938594339833,0.8774356126140326,0.010817410419042316,-0.47501810479451456,0.005140112010335705,0.07942857890212313,183,True,12,57,183,532014,2091.96,2102.61,0.0050909195204498214,False,2015-04-10 16:16:51.799
2015-04-13,2101.3972,0.0021379999999999997,0.019790000000000002,0.03803419258898832,3.585279447891915,-0.8966095672026168,0.6999336325315842,0.011788897505175994,-0.2171806719359332,0.0058010277161905256,0.08040785079486328,185,True,12,46,185,449119,2092.34,2107.65,0.0073171664261066915,False,2015-04-13 16:33:23.866
2015-04-14,2092.7685,0.002087,0.01976,0.056736326657446164,1.9184426827385666,-0.8655805757813932,0.7904017941460149,0.015064452422750372,-0.4070442147463539,0.005837284944099771,0.09332700555237833,191,True,12,66,191,410986,2083.25,2098.62,0.007377895115804556,False,2015-04-14 16:17:22.287
2015-04-15,2105.7829,0.001934,0.019658,0.041404929145925654,2.8902919736858954,-0.8623433037314263,0.7249281675031248,0.011184275524573874,-0.28617617927643446,0.006333582486765479,0.09166644087817866,186,True,12,57,186,689778,2099.37,2111.91,0.005973220537589752,False,2015-04-15 16:19:59.674
2015-04-16,2105.2435,0.0019850000000000002,0.019677,0.036774999975646455,3.9165800624529643,-0.8165145652825073,0.8432415482891118,0.011109897118703095,-0.42299184535836815,0.006070128821087563,0.10705674235908222,186,True,12,57,186,437340,2100.03,2111.3,0.005366590001095295,False,2015-04-16 16:16:12.798
2015-04-17,2081.9655,0.002036,0.019902,0.05353554991498821,2.5059328354622004,-0.8318581705488935,0.9671519794671801,0.017129572593710778,-0.6670699665942956,0.004459601896210004,0.058710001309372095,182,True,12,56,182,758422,2072.37,2099.36,0.01302373610889962,False,2015-04-17 16:27:23.033
2015-04-20,2100.3907,0.002087,0.019723,0.5373735572522146,0.12576423075685492,-0.7995789265558845,0.7935351349717792,0.01389604984887015,-0.4945332663208808,0.00665748351751979,0.10908264738396783,179,True,12,45,179,358118,2087.0,2103.94,0.00811691423095362,False,2015-04-20 16:23:43.688
2015-04-21,2099.9289,0.002036,0.019753,0.05472675240555001,2.2553307207080926,-0.8294172984104307,0.9394870509384072,0.014183723588249944,-0.6357820669913006,0.005098974875282909,0.09226413275618331,180,True,12,51,180,447387,2094.38,2109.61,0.007271841786113287,False,2015-04-21 16:15:42.907
2015-04-22,2104.5314,0.0021379999999999997,0.019659,0.047418358690922875,2.6580942898919653,-0.8594494827503462,0.8097061420755315,0.01184561071161852,-0.4035390995700585,0.003913654264826557,0.055359029658923004,185,True,12,40,185,470640,2091.1,2109.95,0.009014394337908183,False,2015-04-22 16:41:01.071
2015-04-23,2112.3387,0.002087,0.019616,0.05105470165574674,2.4373016139477266,-0.8286917963540908,0.9096648817524504,0.012071544551496602,-0.5786187836033572,0.0030568106666759715,0.04739918243075449,183,True,12,51,183,573860,2103.25,2120.46,0.008182574586948821,False,2015-04-23 16:38:00.455
2015-04-24,2117.8051,0.002087,0.019572,0.04684171493746962,2.675710221374663,-0.8167603177619978,0.8854905223679691,0.011427472348023859,-0.5334237543136873,0.0028803797397609857,0.041267371729793674,189,True,12,57,189,575754,2113.03,2120.92,0.0037339744348163784,False,2015-04-24 16:14:34.290
2015-04-27,2118.5428,0.0021379999999999997,0.019654,0.04493914537384143,3.5642017416444425,-0.8183142047019607,1.125440313644808,0.013959886533927542,-0.9462715391580068,0.00487248947662598,0.06783291467449051,184,True,12,57,184,522455,2107.05,2125.88,0.008936665005576439,False,2015-04-27 16:27:45.277
2015-04-28,2108.1064,0.0021379999999999997,0.019612,0.0460360840492861,2.6760558173063025,-0.8298083950162144,0.8363187952428367,0.01415884810349072,-0.45303886622424194,0.005200341729113346,0.06591065651423747,188,True,12,59,188,345688,2094.93,2116.04,0.010076709006983542,False,2015-04-28 16:19:12.463
2015-04-29,2106.3951,0.0022400000000000002,0.019695,0.05389492486067803,2.0380070415085405,-0.8389716842127659,0.8247922748919329,0.014859426265166729,-0.4606058239861387,0.005299553859680087,0.06939743679201685,182,True,12,56,182,442532,2097.43,2113.65,0.00773327357766429,False,2015-04-29 16:17:12.220
2015-04-30,2091.2659,0.0022400000000000002,0.019903999999999998,0.059305966142017635,2.032271313000183,-0.8500077682142543,0.8941764097835508,0.01845717584651243,-0.5584998244530355,0.004882158823599748,0.05820013524227621,185,True,12,46,185,667498,2077.59,2104.94,0.01316429131830632,False,2015-04-30 16:30:31.271
2015-05-01,2099.5826,0.002132,0.019689,0.044812516637914475,3.0080971748146452,-0.8278431515758355,0.9253313323135037,0.014745748760269727,-0.5866372651713943,0.004109855928804057,0.0533876267760627,186,True,12,58,186,605715,2089.4,2108.32,0.009055231166842148,False,2015-05-01 16:21:26.962
2015-05-04,2117.1128,0.002132,0.019689,0.06649531317020504,1.395072786342238,-0.8556074747334234,0.7051830996088363,0.012585100345789708,-0.3117516003278106,0.003401343754955096,0.046480047932692774,183,True,12,50,183,387052,2111.38,2120.93,0.004523108109387941,False,2015-05-04 16:28:36.397
2015-05-05,2098.775,0.002291,0.019874,0.0823144619475789,0.8902800542438729,-0.8886992043557551,0.5243527869404035,0.014039673477099434,-0.12837999787667675,0.0062817227083954265,0.08150791020126573,182,True,12,46,182,408026,2088.48,2115.24,0.012813146403125586,False,2015-05-05 16:18:44.104
2015-05-06,2080.3262,0.002597,0.02,0.08244210010011381,0.9656664571490017,-0.8818252961188638,0.6379168820272524,0.01979046906039529,-0.24771480692817094,0.005914214420602801,0.0650145102894355,181,True,12,48,181,671407,2067.96,2098.38,0.014710149132478367,False,2015-05-06 16:26:29.652
2015-05-07,2084.89,0.002597,0.02,0.0420046197421483,4.139259409093819,-0.8520219181728523,1.084687495662356,0.022801560216197843,-0.8288109282600828,0.004141540274312659,0.04801337630488897,186,True,12,58,186,664225,2074.99,2092.9,0.008631366898153914,False,2015-05-07 16:20:52.574
2015-05-08,2114.0581,0.003619,0.019684999999999998,0.047056326678149574,2.6618586140516434,-0.953664948394179,0.7035279396539525,0.011750207783452739,-0.24443698484601434,0.004010582101360408,0.04880823701600221,182,True,12,50,182,442970,2098.43,2117.65,0.009159228566118616,False,2015-05-08 16:16:18.417
2015-05-11,2111.6388,0.0038740000000000003,0.019799999999999998,0.0447720728942403,3.125128027986959,-0.8996779593892396,0.7856060688913239,0.012310354091904537,-0.3373399757331484,0.003870610517438634,0.04925766118849254,182,True,12,49,182,392189,2104.58,2117.68,0.006224519856693478,False,2015-05-11 16:16:35.500
2015-05-12,2097.6028,0.0038740000000000003,0.019799999999999998,0.04623152104865885,3.541794922618232,-0.8425070666014426,1.0036244479066163,0.016501112667020933,-0.6797768994057447,0.006283528295755344,0.07982715301821741,185,True,12,55,185,545280,2085.6,2105.05,0.009325853471423118,False,2015-05-12 16:32:50.656
2015-05-13,2101.6248,0.0021379999999999997,0.01989,0.043141789270283774,3.4059165767637243,-0.876100228638186,0.85408948848028,0.014419725027163047,-0.43559418387869253,0.0036681765875636457,0.0473553227921122,183,True,12,45,183,333821,2096.04,2110.17,0.006741283563290734,False,2015-05-13 16:57:38.478
2015-05-14,2116.5938,0.0019850000000000002,0.019686,0.037601856173356506,4.531287789247477,-0.8706431944236859,0.9473056742089747,0.011920983970464464,-0.5566183769257798,0.0037450906189067444,0.05042219836223436,185,True,12,46,185,644772,2105.82,2121.44,0.007417538061182727,False,2015-05-14 16:17:56.685
2015-05-15,2119.9645,0.001934,0.019671,0.066490845302475,1.6956244017086999,-0.8829461687281666,0.7749603418320448,0.010659990569742348,-0.3750765318422099,0.004425010882695318,0.057426752748273836,167,True,11,48,167,508668,2116.81,2123.82,0.0033115867744391014,False,2015-05-15 16:17:17.674
2015-05-18,2126.6929,0.0019850000000000002,0.019618,0.03906904405010883,5.129336971414003,-0.8237094425760719,1.2393702341337278,0.010840774221176736,-1.1352419930886404,0.004498713579687659,0.05948643091980676,180,True,12,56,180,590731,2120.01,2131.78,0.005551860604431136,False,2015-05-18 16:25:52.875
2015-05-19,2128.7516,0.002036,0.019651000000000002,0.041470704999713344,3.3499255342318337,-0.8300251566704825,0.8888713479331306,0.01035240687788266,-0.5122447259741896,0.0040861186833260395,0.06409723071935111,183,True,12,47,183,407096,2124.5,2133.01,0.004005648387856109,False,2015-05-19 16:28:28.158
2015-05-20,2127.4524,0.001934,0.019679,0.0665839206341708,1.453075766643891,-0.9045068521015324,0.6666584854420465,0.010226383761946184,-0.2509305731685759,0.004838586379875762,0.07613997549970267,183,True,12,50,183,533186,2122.65,2134.67,0.005662732904623935,False,2015-05-20 16:18:20.704
2015-05-21,2130.3979,0.001883,0.019643,0.027540417044109294,7.978153834110685,-0.8305336468216055,1.0859880785020364,0.00855254551488001,-0.7399267389816095,0.005635764181541944,0.09132945831069608,185,True,12,47,185,521563,2122.97,2134.27,0.005322731833233618,False,2015-05-21 16:15:44.530
2015-05-22,2129.1267,0.002036,0.019693000000000002,0.03196297918544274,8.07569512568545,-0.8064180201295706,1.5923329365256795,0.010061945969611253,-2.019277630323963,0.0037981251335979876,0.07234127468321999,172,True,12,48,172,374273,2126.06,2132.09,0.002836232279427753,False,2015-05-22 16:18:58.720
2015-05-26,2106.7498,0.002189,0.019899,0.03267546527806527,5.921148461334043,-0.8486882964089997,1.0113941864756528,0.01510984523209578,-0.6359656385275674,0.004375293972076654,0.053077184839498984,185,True,12,36,185,544902,2099.18,2123.29,0.011485437170704715,False,2015-05-26 16:35:10.898
2015-05-27,2118.9883,0.0022400000000000002,0.019725,0.033428093095694014,5.452588054813493,-0.8715555397978741,1.0044629734575912,0.012452180026085887,-0.6444066228297165,0.003949001872588761,0.05317279662974731,185,True,12,44,185,572549,2105.89,2126.22,0.00965387555855246,False,2015-05-27 16:14:45.562
2015-05-28,2117.5261,0.002495,0.019767999999999997,0.04227639441348058,3.224350281492967,-0.8553438645957471,0.9254433812987645,0.014213191535114305,-0.5838176435344627,0.003869164522515434,0.05699408923890117,189,True,12,50,189,456865,2112.87,2122.13,0.004382664338080433,False,2015-05-28 16:15:38.573
2015-05-29,2111.5457,0.002444,0.019897,0.037201125699852684,3.61364716559604,-0.8937079238374803,0.7859436465236548,0.014323452812838212,-0.3488439306263903,0.0034376284987349907,0.040815069598600415,187,True,12,46,187,414381,2104.89,2120.27,0.007306795129436772,False,2015-05-29 16:28:40.209
2015-06-01,2111.5995,0.002031,0.019871,0.041126689410123554,3.435742164773215,-0.8375897448989187,0.9828464090138642,0.016258039564620463,-0.6833856619036609,0.003644373639118823,0.04800403814494422,188,True,12,55,188,485394,2102.55,2119.15,0.007895174906660918,False,2015-06-01 16:18:06.493
2015-06-02,2109.8064,0.002438,0.019902,0.044939074643599,2.9077574063164455,-0.8609028519304897,0.9082925226536454,0.01672817712404392,-0.5636514524526577,0.004215293205336629,0.05117478622278101,183,True,12,48,183,487710,2099.14,2117.59,0.008789313718951641,False,2015-06-02 16:18:03.337
2015-06-03,2116.337,0.002597,0.019896,0.05147015308052957,2.3553688508681287,-0.8774830673983003,0.8697863647327145,0.01477804017363672,-0.5140659296443636,0.003410369654359306,0.04534034609060715,168,True,11,44,168,391505,2109.67,2121.92,0.0058065953442956175,False,2015-06-03 16:20:53.399
2015-06-04,2102.5548,0.0019850000000000002,0.020057000000000002,0.042334137455670086,3.4773464225317787,-0.8435114209800463,0.9852153690806955,0.019412526760001814,-0.6762284006079251,0.00442524930349393,0.051238737880981766,188,True,12,42,188,921295,2093.24,2112.89,0.009387361219927115,False,2015-06-04 16:18:21.752
2015-06-05,2094.2265,0.002393,0.02009,0.09373734348643298,0.7250803132006668,-0.8449913933405475,0.6291132509441604,0.017532812164557078,-0.2598492777660475,0.003998333437601945,0.04620557537026189,179,True,12,42,179,458545,2085.67,2100.98,0.007340566820254413,False,2015-06-05 16:17:46.657
2015-06-08,2085.7233,0.0033629999999999997,0.020236,0.05176741425518606,2.2124696377157327,-0.8524392704782457,0.8415425033008065,0.021162163672147738,-0.4791261203364844,0.0030485609255715366,0.032153569690783895,182,True,12,40,182,537744,2079.11,2093.01,0.00668555295294615,False,2015-06-08 16:17:25.049
2015-06-09,2079.9492,0.0033629999999999997,0.020236,0.06310973632044015,1.5046998373039446,-0.8717501533732256,0.703443782143144,0.019512107686276762,-0.3049107346885287,0.004530498425920046,0.04748953114976952,187,True,12,48,187,601414,2072.14,2085.6,0.006495700097483681,False,2015-06-09 16:18:52.569
2015-06-10,2102.3401,0.002291,0.02,0.05221524706150141,2.074331360560395,-0.8720493807134695,0.7397995493454919,0.014624094374887828,-0.33067992425363,0.004246731046753626,0.04948863083593543,189,True,12,45,189,613916,2084.71,2108.49,0.011406862345362034,False,2015-06-10 16:17:39.754
2015-06-11,2110.5485,0.004334,0.01999,0.04941508562630824,2.1955940036653048,-0.8265415288962605,0.8083711530206111,0.013160864175178123,-0.4364729896524123,0.00537641227808755,0.08535963196836646,183,True,12,51,183,559329,2106.79,2115.02,0.00390641687116422,False,2015-06-11 16:28:59.420
2015-06-12,2095.6497,0.004334,0.01999,0.06332872867049555,1.4457332965320902,-0.8652840168111503,0.7056850289227027,0.015600073949960967,-0.3148784567136721,0.0028252653449176825,0.038847797716891945,182,True,12,48,182,430215,2091.33,2103.64,0.005886206385410153,False,2015-06-12 16:18:25.121
2015-06-15,2081.9048,0.002495,0.02024,0.14930750989327085,0.4374036293404222,-0.8460778167975975,0.7824270729195051,0.022505601794124922,-0.4815768310071893,0.004562265309637061,0.06945872156144763,186,True,12,43,186,477497,2072.49,2087.98,0.007474101201935923,False,2015-06-15 16:18:32.450
2015-06-16,2091.5775,0.002495,0.020127000000000003,0.06358030171504656,1.7415569440859633,-0.8489597011470539,0.9440568851400917,0.02241841550129932,-0.6697859704625722,0.003989548520767216,0.041834192577732104,188,True,12,54,188,416627,2082.1,2097.37,0.00733394169348256,False,2015-06-16 16:18:18.838
2015-06-17,2099.3189,0.002342,0.020097,0.04756828329760645,2.576968280484034,-0.8152174391173431,0.9912639722238278,0.02142449449588172,-0.737440348198941,0.005166685038349506,0.05240890983325279,184,True,12,49,184,546785,2088.86,2106.79,0.008583629348065447,False,2015-06-17 16:14:52.033
2015-06-18,2119.2123,0.002189,0.019906,0.05037954801704574,2.19122807538639,-0.857082580435308,0.805134805755951,0.014365125196912016,-0.42745589535921824,0.0033050698991520114,0.039345730750527844,184,True,12,45,184,894729,2104.17,2126.64,0.010678794964285032,False,2015-06-18 16:27:40.518
2015-06-19,2115.0743,0.002189,0.020012,0.04387993137029232,3.0991602958677165,-0.8760495840111846,0.8632100070755389,0.014237818786450711,-0.4731496341389313,0.003944848744902963,0.05339582726737837,185,True,12,40,185,511711,2109.46,2121.56,0.0057360651541151775,False,2015-06-19 16:17:17.682
2015-06-22,2124.9713,0.002291,0.019886,0.048250747048218925,2.520461655296359,-0.8694758578259256,0.8444231424434947,0.012683077853336996,-0.469822127945267,0.003349817132440641,0.04510185961068508,184,True,12,45,184,510424,2116.42,2129.86,0.006350346339573543,False,2015-06-22 16:16:40.488
2015-06-23,2123.6151,0.002495,0.019878,0.05738137316990599,1.7937435386518685,-0.8273804146820551,0.8185764259404775,0.011798473258211255,-0.4642124303805049,0.002703487296537974,0.0393336859359534,173,True,12,53,173,363318,2119.89,2128.02,0.0038351046516564846,False,2015-06-23 16:18:19.048
2015-06-24,2116.5363,0.002853,0.020028999999999998,0.04797696133111535,2.4881785728564054,-0.835284469285827,0.9545146609520174,0.014214062818044243,-0.6723477436226617,0.0044623775463040315,0.06667963625520541,183,True,12,64,183,498161,2108.58,2125.1,0.007834656498686421,False,2015-06-24 16:26:45.755
2015-06-25,2108.3821,0.0028020000000000002,0.020095000000000002,0.05205843677057388,1.8843931987400162,-0.8471393701794175,0.7617573527180089,0.01474903634974409,-0.38407713604493593,0.0025858921330042905,0.036462478895733376,187,True,12,62,187,382303,2101.78,2115.81,0.006675294274376853,False,2015-06-25 16:25:40.981
2015-06-26,2102.7095,0.0028020000000000002,0.020116000000000002,0.046699455584338995,2.4208861428049078,-0.8397124171909973,0.8621577577964875,0.017358306782451656,-0.5172078695273478,0.0030638994243712093,0.036509987882306735,186,True,12,59,186,382002,2095.39,2108.92,0.006457031865189977,False,2015-06-26 16:44:22.196
2015-06-29,2074.3021,0.002597,0.020553,0.03462209471247354,7.509372067098042,-0.8953001141781558,1.4751604554212003,0.036870119918941985,-1.6561179873619398,0.00868187593291403,0.07049599396711025,183,True,12,33,183,988443,2056.64,2091.13,0.016770071573051215,False,2015-06-29 16:37:33.210
2015-06-30,2065.2173,0.0026479999999999997,0.020501000000000002,0.04269279797817852,6.314517363862574,-0.8419400632560261,1.828389466239487,0.04436810026403461,-2.8038392119653457,0.0055968344633673716,0.04860016783012963,184,True,12,56,184,739444,2056.49,2074.26,0.008640936741729943,False,2015-06-30 16:20:14.013
2015-07-01,2075.5909,0.002438,0.020390000000000002,0.04015537924883959,5.945682475589129,-0.8575520202183885,1.5705420577388234,0.03329400597611903,-1.9891000857255756,0.005268204596142242,0.048130183117908884,185,True,12,48,185,722039,2068.57,2082.78,0.006869479882237517,False,2015-07-01 16:25:59.817
2015-07-02,2076.8825,0.002438,0.020390000000000002,0.04134199576884252,5.199388944739712,-0.8550336745102715,1.414934371594031,0.031193725929766422,-1.572133044410204,0.005765761644108242,0.05224409020248679,182,True,12,49,182,767932,2071.06,2085.06,0.0067598234720385175,False,2015-07-02 16:19:13.392
2015-07-06,2068.2781,0.002438,0.020390000000000002,0.04765884234347784,3.0804135066503977,-0.8706944434611285,1.0187831561248062,0.030082418601393355,-0.7443012358712792,0.005427629453808003,0.05152846851134806,182,True,12,53,182,558930,2058.4,2078.61,0.009818305479984524,False,2015-07-06 16:17:12.611
2015-07-07,2062.0849,0.002291,0.020282,0.050272748660884804,2.828830845288197,-0.887156788778473,0.956379458163357,0.028193392906135168,-0.6302354638181726,0.009071584805181996,0.08739001000807124,187,True,12,45,187,805146,2044.02,2083.74,0.019432295183021697,False,2015-07-07 16:31:32.017
2015-07-08,2056.3244,0.0035670000000000003,0.020637,0.061464277774129536,1.8590300050947388,-0.8666408949595812,0.9751381215142917,0.0333968212434944,-0.7223664827832526,0.006842145721023262,0.052509764663264236,180,True,12,46,180,623605,2044.66,2073.38,0.014046345113613024,False,2015-07-08 16:17:35.666
2015-07-09,2061.8127,0.0034649999999999998,0.020582,0.049804516833758,2.9922436915287425,-0.8715611760416565,1.0999961544132308,0.03503468000970759,-0.9119370371129973,0.007037635962772709,0.06196965922860898,185,True,12,52,185,787580,2050.82,2074.22,0.01141007011829398,False,2015-07-09 16:29:30.253
2015-07-10,2075.1329,0.002393,0.020332,0.06240809256831445,1.5027119743923232,-0.864852083381552,0.7837791442458546,0.02554603506491203,-0.4267469709519828,0.005063578491633927,0.046717887108058596,181,True,12,56,181,439594,2062.37,2081.31,0.009183609148697869,False,2015-07-10 16:19:48.489
2015-07-13,2095.7323,0.002495,0.020112,0.044969910055731636,2.9282299558857483,-0.8952605837231312,0.8459292986619918,0.016825456074736764,-0.45223190285740716,0.0041048791787765375,0.045776062434289194,183,True,12,45,183,681146,2085.65,2100.67,0.007201591829885112,False,2015-07-13 16:18:36.911
2015-07-14,2106.9862,0.002444,0.020023,0.042120147871169335,3.0548981799210977,-0.8603296346644304,0.8621420364166426,0.012898578239719133,-0.48594336481735,0.0037678063757649594,0.05389269835401784,181,True,12,42,181,484375,2098.24,2111.98,0.006548345279853596,False,2015-07-14 16:14:59.091
2015-07-15,2109.717,0.002393,0.02004,0.04677863314046992,3.2811499245477616,-0.8289291070635711,1.0667865739372664,0.01312259059051843,-0.8310581771342103,0.0046053118848455735,0.07204825186458721,181,True,12,49,181,571228,2102.49,2114.14,0.005541048946725136,False,2015-07-15 16:18:05.761
2015-07-16,2120.9737,0.002495,0.019884,0.038713534801091506,3.617709170017709,-0.8544117447784385,0.8810686900452133,0.009155516437751036,-0.4961734168705712,0.0038755693259094805,0.08040947313071478,183,True,12,49,183,953179,2115.72,2124.35,0.004078989658366838,False,2015-07-16 16:21:21.346
2015-07-17,2123.102,0.002546,0.019862,0.0462413426642346,2.5071732503670385,-0.8686722849542424,0.788941613993308,0.008839472295165036,-0.39055875551271557,0.003261031472402356,0.05846447951304368,187,True,12,58,187,611902,2119.88,2128.91,0.0042596750759476,False,2015-07-17 16:25:14.301
2015-07-20,2128.2014,0.002801,0.019833,0.042042835016129876,2.2744002092182325,-0.8925263164243127,0.5968272173667516,0.008526744255500235,-0.1649582618761129,0.0034953226401896937,0.04967452143581745,185,True,12,49,185,591186,2123.65,2132.82,0.004318037341369818,False,2015-07-20 16:17:45.522
2015-07-21,2120.1412,0.002852,0.019921,0.05259259144748182,1.7827228481935222,-0.8501083816265924,0.6665972345737938,0.010396572947800806,-0.2568358443031633,0.0031909163152417054,0.047643323194234755,185,True,12,44,185,525017,2115.4,2128.49,0.006187954996690781,False,2015-07-21 16:17:33.225
2015-07-22,2113.5067,0.003312,0.019972,0.03927365667059523,5.486084621551138,-0.8169703185864073,1.6430717834526871,0.013683805454953032,-2.2687676777931305,0.005264495446874086,0.08285989178719187,169,True,12,48,169,658748,2110.0,2118.47,0.004014218009478654,False,2015-07-22 16:16:51.409
2015-07-23,2107.4949,0.00321,0.020104,0.039419345898690436,3.7230803834341994,-0.8198486667461029,1.0328750734334708,0.01196799409514361,-0.7733081304337543,0.004969208729326299,0.07807962340073925,190,True,12,57,190,637517,2098.63,2116.83,0.008672324325869729,False,2015-07-23 16:19:37.957
2015-07-27,2069.2889,0.0030570000000000003,0.02044,0.055804409433127346,1.700755634388576,-0.8656946467676574,0.7218659205351254,0.02113880386407963,-0.3312710796957874,0.004015914461243831,0.0388932626663335,175,True,12,41,175,714989,2063.54,2076.11,0.006091473874991538,False,2015-07-27 16:35:46.205
2015-07-28,2085.8804,0.0031590000000000003,0.02019,0.03470230224886185,5.92184805522601,-0.8378112425796762,1.1947447681888212,0.0170589861428397,-1.0164115389459847,0.0066378732689406075,0.0692330735107048,188,True,12,46,188,616008,2069.1,2095.58,0.012797834807404262,False,2015-07-28 16:19:50.411
2015-07-29,2103.6643,0.0031590000000000003,0.020166,0.04587729361407421,2.52219807955682,-0.8664247785449147,0.7913213242055628,0.012007573594857917,-0.39476619444508076,0.0044275655362119295,0.06270786726112827,182,True,12,39,182,464900,2094.18,2110.6,0.007840777774594354,False,2015-07-29 16:19:57.091
2015-07-30,2104.8824,0.003414,0.020177999999999998,0.03952487943485146,3.8530198976995202,-0.8537348107404599,0.9756819172531652,0.011350677289185237,-0.6473749098214978,0.004301177010764289,0.06360841561838287,182,True,12,45,182,534432,2094.97,2110.44,0.00738435395256265,False,2015-07-30 16:16:39.492
2015-07-31,2109.2468,0.003108,0.020228000000000003,0.035959865825819975,3.9731304677614263,-0.9068048333178615,0.7373824581103338,0.008594649177374429,-0.25798641247048165,0.0035698336864502566,0.0532320123950844,186,True,12,45,186,467437,2102.07,2114.24,0.005789531271555903,False,2015-07-31 16:23:17.451
2015-08-03,2096.6249,0.003108,0.020228000000000003,0.03954222736527396,4.043895211590327,-0.8055749368088245,0.9883174182223752,0.012036232570727027,-0.6569620713656465,0.003963195232349678,0.05386457671908887,185,True,12,45,185,592504,2087.32,2105.7,0.00880554970009384,False,2015-08-03 16:19:05.214
2015-08-04,2096.3371,0.0021379999999999997,0.020335000000000002,0.045195688159746325,2.635558492797588,-0.923624354303754,0.6987490289383886,0.010932630148974639,-0.25001844590783945,0.0035354326467662953,0.04881065919167424,184,True,12,50,184,388742,2088.62,2102.51,0.00665032413746891,False,2015-08-04 16:16:48.458
2015-08-05,2105.9444,0.002189,0.0203,0.043102905773198315,2.725047449896825,-0.8920606660130307,0.7096304101941985,0.009254656623288122,-0.268660392151592,0.005317590005917261,0.07996148255142677,180,True,12,45,180,470274,2097.29,2112.66,0.007328504880107056,False,2015-08-05 16:18:18.788
2015-08-06,2083.8859,0.002495,0.020489,0.03402503025337462,6.629940113678349,-0.8465545448747869,1.1488154387659575,0.014936915849557355,-0.8686090864550837,0.004676160304861879,0.05491410913373005,182,True,12,28,182,789010,2075.53,2103.31,0.01338453310720622,False,2015-08-06 16:16:28.436
2015-08-07,2074.2165,0.002189,0.020548999999999998,0.04590980245940394,2.616099871151923,-0.8876741896202589,0.7590184598981995,0.015909663438930067,-0.33589976586892084,0.004875817858700626,0.059989671038763404,184,True,12,56,184,546235,2067.91,2081.91,0.006770120556503834,False,2015-08-07 16:29:35.187
2015-08-10,2100.5857,0.002342,0.020301,0.031989821783106095,7.63498988199993,-0.8231819844775884,1.2339995470901584,0.01049869391495233,-1.034270950936724,0.004380600061070641,0.06248200072132536,182,True,12,35,182,497871,2085.77,2105.32,0.009373037295579145,False,2015-08-10 16:17:02.764
2015-08-11,2085.4515,0.002342,0.020301,0.037621459479646985,4.961548612987701,-0.8322561030052793,1.0830751605859645,0.015468438240305572,-0.7997304032786818,0.006221286103750462,0.07934849718014132,181,True,12,49,181,719063,2076.54,2097.35,0.01002147803557829,False,2015-08-11 16:18:01.398
2015-08-12,2066.1958,0.006844,0.020492,0.041400454460406445,6.21206626375361,-0.8161789086519904,1.4406265794709454,0.021941628233703218,-1.561040208563039,0.008848241974611615,0.08962253516845721,184,True,12,31,184,900339,2052.09,2089.06,0.018015779035032375,False,2015-08-12 16:16:13.299
2015-08-13,2086.3544,0.003721,0.020537,0.037763130759374514,4.1255934434804775,-0.932885764403588,0.876274873828736,0.015478781806560546,-0.45626700517122437,0.006398761719052554,0.07945433738514,185,True,12,47,185,600444,2078.33,2092.93,0.007024870930025573,False,2015-08-13 16:17:24.790
2015-08-14,2086.9225,0.0037719999999999997,0.020457999999999997,0.03746150522978835,4.8750420422833844,-0.9117772489663287,1.0429879892796339,0.014534658428996358,-0.7225711198566995,0.006006407553683454,0.08317073198647675,184,True,12,53,184,386732,2080.61,2092.44,0.00568583252027044,False,2015-08-14 16:15:48.530
2015-08-17,2093.4001,0.0037199999999999998,0.020358,0.031218515507676174,8.794959858601356,-0.9258383397976002,1.2275347153159086,0.012311185154302504,-0.9577102958354371,0.00660636786583231,0.10071803274929075,179,True,12,34,179,467648,2079.3,2102.87,0.011335545616313114,False,2015-08-17 16:44:05.821
2015-08-21,2000.2961,0.003517,0.021751999999999997,0.04705188939173013,5.360358405228144,-0.8716190371746215,1.4839294069706965,0.059573554321378355,-1.6976165033067523,0.01266088813148229,0.07760658777939632,182,True,12,25,182,1900369,1970.89,2025.08,0.02749519252723376,False,2015-08-21 16:46:31.748
2015-08-25,1924.6742,0.003261,0.022963,0.04706997559273509,7.558514671287238,-0.8584507987645906,1.9439241031778987,0.1191715037474647,-3.067282716726357,0.019261937002023954,0.08792213193449405,184,True,12,41,184,1268760,1867.08,1948.02,0.04335111511022571,True,2015-08-25 16:34:29.255
2015-08-27,1973.9188,0.0034649999999999998,0.021596,0.06784933568214327,3.15668102858814,-0.7824690283998168,1.864724177928855,0.07737460364614487,-3.048838838252184,0.008859399784908479,0.04786546435905391,183,True,12,38,183,1200208,1948.35,1989.59,0.021166628172556212,False,2015-08-27 16:17:39.237
2015-08-28,1983.8628,0.00367,0.021593,0.07833404409366898,1.7391689033192823,-0.8404717274635272,1.152785772733854,0.063171595996233,-1.0564427706996877,0.006174825047230055,0.03734049765018424,185,True,12,52,185,641756,1975.23,1993.43,0.009214116837026554,False,2015-08-28 16:18:10.798
2015-08-31,1975.8029,0.0037719999999999997,0.021789999999999997,0.09756600837114011,1.3024929758095598,-0.8189864686445728,1.1786772923276267,0.0644958914753534,-1.1351220782864122,0.007469644579467392,0.03989426780819076,171,True,11,53,171,632312,1965.98,1986.25,0.010310379556251803,False,2015-08-31 16:42:52.593
2015-09-03,1961.4022,0.002393,0.022014,0.10777616821547811,1.0157477457947046,-0.8746575296141276,0.8156394764809861,0.04884927450002961,-0.4463209557636515,0.008354985497446725,0.050967733087228975,185,True,12,40,185,716045,1944.73,1975.01,0.015570284821029068,False,2015-09-03 16:17:28.608
2015-09-04,1921.8813,0.002189,0.022365,0.11809759534163991,0.8226384438320643,-0.8948274651797293,0.8486445213787606,0.0641274793628313,-0.5258942795618746,0.007061034305802715,0.03740375550299849,188,True,12,42,188,631399,1911.24,1937.42,0.013697913396538475,False,2015-09-04 16:34:55.379
2015-09-10,1949.0504,0.002444,0.022046999999999997,0.09877411483245692,2.3397638477910983,-0.8765613497708672,1.4888824172839494,0.0648144677786904,-1.7545546465321982,0.009107640572067529,0.052380112652772516,183,True,12,45,183,757682,1937.47,1965.0,0.014209252272293194,False,2015-09-10 16:19:30.178
2015-09-11,1948.5969,0.004334,0.021969,0.08640486589920346,2.4442657146116216,-0.8586886724970327,1.2963733878222568,0.05635097670063344,-1.2581910580676796,0.006512055700040212,0.04271345136663538,184,True,12,52,184,522431,1939.19,1961.05,0.011272747899896407,False,2015-09-11 16:19:07.693
2015-09-14,1952.8016,0.0037199999999999998,0.022106,0.07910928593839922,3.0425990957999773,-0.8464018599898478,1.416744052168124,0.059913509275638946,-1.5257680256226454,0.004987165313934751,0.030219246572422132,188,True,12,50,188,392482,1948.27,1962.82,0.007468164063502369,False,2015-09-14 16:24:23.023
2015-09-15,1972.1872,0.004487,0.021827,0.06134568828945178,3.8192243206634204,-0.8740783750117092,1.236382626237817,0.04993005769578229,-1.0600561090968987,0.006647576149687621,0.045371051591621664,189,True,12,46,189,671209,1954.33,1983.19,0.01476720922259811,False,2015-09-15 16:21:45.681
2015-09-16,1985.8962,0.004642,0.021650999999999997,0.05564940657750708,5.394818369067728,-0.8463218729241325,1.6683650574850233,0.0531936849113226,-2.183005083372898,0.005113853971011586,0.035834769136515884,185,True,12,48,185,943648,1977.97,1997.26,0.009752422938669403,False,2015-09-16 16:33:43.274
2015-09-17,1997.9396,0.003517,0.021714999999999998,0.05113562339008107,7.254802704257806,-0.8526664584609921,1.8875395567632711,0.046590062450221674,-2.8208478606375484,0.011932374353868498,0.09391736912968057,185,True,12,40,185,765363,1986.73,2020.85,0.01717394915262771,False,2015-09-17 16:28:25.890
2015-09-18,1967.4169,0.003414,0.022073,0.07542889128485293,2.2016016295667105,-0.9069509795429388,0.968446690929772,0.03998037710605901,-0.6057602532345403,0.007287828251106115,0.058554849955208606,190,True,12,49,190,838215,1953.45,1981.3,0.014256827663876592,False,2015-09-18 16:20:03.871
2015-09-22,1937.6993,0.0033629999999999997,0.022212999999999997,0.0627044267137048,4.097534092500911,-0.8530759214496144,1.2829475590361579,0.0519810458959807,-1.132087386816575,0.0062963380344970895,0.04150069443099467,190,True,12,43,190,745600,1929.22,1953.41,0.01253874622904605,False,2015-09-22 16:32:42.340
2015-09-23,1940.2917,0.003261,0.022267000000000002,0.07331009894862446,1.696768004641292,-0.8667950456596301,0.8419325663051753,0.041772668983720875,-0.46006998557899204,0.005865456234926656,0.04380791500009753,184,True,12,55,184,655254,1932.61,1949.52,0.008749825365697239,False,2015-09-23 16:16:18.259
2015-09-24,1920.5921,0.0031590000000000003,0.022342,0.06244798093554052,3.4454028123002165,-0.8795067343822858,1.15380465573596,0.055361287822739115,-0.900948285322414,0.007354286808734261,0.04583081491685747,185,True,12,46,185,685044,1908.94,1937.17,0.014788311837983459,False,2015-09-24 16:15:26.643
2015-09-28,1892.2073,0.0031590000000000003,0.022948,0.06077745590128464,4.4832103614134855,-0.8787652542518659,1.1900555258042294,0.06919765130358146,-0.8712759144231998,0.008023590484908033,0.0675657186634387,186,True,12,57,186,847533,1879.21,1924.84,0.024281479983609966,False,2015-09-28 16:23:45.136
2015-09-29,1885.9707,0.00321,0.022921999999999998,0.07731303849883578,2.9410160409353736,-0.7783029180993916,1.5346701293524054,0.07558965374244594,-1.9004546331294685,0.006392215410596089,0.03458603486900178,184,True,12,49,184,676685,1871.93,1899.46,0.014706746512957114,False,2015-09-29 16:16:47.563
2015-09-30,1911.411,0.003108,0.022497,0.0627315222480026,4.683773875252013,-0.9193238756201674,1.3258962404877737,0.062174703480425725,-1.170360310419642,0.005835696567781236,0.03449689543604425,185,True,12,52,185,580205,1895.81,1920.5,0.01302345699199825,False,2015-09-30 16:43:32.917
2015-10-02,1923.7327,0.002285,0.022151999999999998,0.10216692665397682,0.8211261555849811,-0.9001231149020601,0.6204095340835512,0.04117203630561155,-0.21712411855914354,0.008969913562378562,0.05946891469063195,185,True,12,58,185,659617,1893.79,1951.36,0.030399357901351287,True,2015-10-02 16:41:31.074
2015-10-12,2014.8933,0.006898,0.021511,0.052515764039195285,3.3070550313905893,-0.8375028371007851,0.9291230199390988,0.021057735200567557,-0.5159245427944676,0.005042415469534316,0.057523309521955356,185,True,12,53,185,376408,2010.6,2018.66,0.004008753605888815,False,2015-10-12 16:20:37.256
2015-10-13,2013.5725,0.002291,0.021654,0.05517063831641508,3.3239659006374644,-0.9260446480445143,0.8372424709328965,0.019624707667484354,-0.3342043141734891,0.004094068077063686,0.04276986015746369,188,True,12,48,188,493497,2001.81,2022.33,0.01025072309559838,False,2015-10-13 16:21:50.856
2015-10-14,1997.2808,0.002087,0.021761,0.068823474350214,2.048315003983601,-0.9637311934724545,0.6813595536962809,0.023323960850125156,-0.1823065311375473,0.004269363333866311,0.03801194063701413,186,True,12,50,186,657511,1990.8,2009.54,0.009413301185453138,False,2015-10-14 16:16:39.655
2015-10-19,2029.7243,0.0021379999999999997,0.021344,0.05556542664624881,2.818006974733615,-0.8798415335931657,0.8594088941882128,0.016530318738731613,-0.4254161277234502,0.003808793665137801,0.04340880720934687,185,True,12,49,185,545271,2022.33,2034.44,0.00598814239021328,False,2015-10-19 16:16:33.198
2015-10-20,2031.9317,0.002189,0.021379000000000002,0.06199993645820807,2.5783536799279974,-0.8621520923770226,0.9455409721719749,0.017566352654147188,-0.5743322014112777,0.0038205962427916317,0.046249754602073215,180,True,12,54,180,510414,2026.61,2039.1,0.0061630012681275215,False,2015-10-20 16:18:15.741
2015-10-21,2029.9711,0.002189,0.021509,0.05472115880949505,2.799709217984662,-0.8857487562994918,0.8542817902390019,0.018463245918607138,-0.4233907116584622,0.005549250201772165,0.058048813748267605,184,True,12,49,184,687131,2017.22,2037.9,0.010251732582464923,False,2015-10-21 16:30:56.615
2015-10-22,2047.0984,0.0021379999999999997,0.021158999999999997,0.06074516492356044,2.4858980007722513,-0.8371803591355405,0.970364091666386,0.018364393297302137,-0.6395939023154114,0.00354638380998835,0.040273376128181146,187,True,12,42,187,829780,2025.75,2055.19,0.014532889053437081,False,2015-10-22 16:17:31.291
2015-10-23,2072.558,0.002342,0.020901999999999997,0.05583090453148602,2.323084943159618,-0.8150409092075177,0.8062544846627416,0.01418440046894479,-0.3906464266786286,0.004046007299577842,0.04525014385366704,192,True,12,38,192,860225,2063.96,2079.71,0.00763096184034584,False,2015-10-23 16:19:16.130
2015-10-26,2070.5562,0.002444,0.020942,0.07419730904364014,1.5991329923139095,-0.8539639974409975,0.850354945022056,0.018188304286597835,-0.48580080285827165,0.0033999641044998434,0.035349537242753595,184,True,12,52,184,361215,2066.6,2074.44,0.003793670763573065,False,2015-10-26 16:17:52.206
2015-10-27,2063.5082,0.0027500000000000003,0.020996,0.08876088603437482,1.3212908086118367,-0.8310584640642883,0.9316831096690062,0.0211467939609252,-0.6334755310795852,0.004386316748288759,0.04970974387457084,186,True,12,48,186,442283,2058.94,2070.35,0.005541686498877985,False,2015-10-27 16:15:42.150
2015-10-28,2078.5502,0.003108,0.020762999999999997,0.05426437002452501,2.9010514783382493,-0.775696485248988,1.1527533132096468,0.01971886531660335,-1.0139927393543338,0.005751547661839396,0.06013702214456806,186,True,12,37,186,627002,2063.12,2090.35,0.013198456706347672,False,2015-10-28 16:36:41.920
2015-10-29,2087.4853,0.0030570000000000003,0.020791,0.08736883671751626,1.0715244258681362,-0.8588545861474812,0.7501743825657178,0.018192618005623495,-0.3755259190528488,0.005197920399514841,0.05660469248775708,192,True,12,48,192,917633,2082.65,2092.51,0.004734352867740599,False,2015-10-29 16:34:36.196
2015-10-30,2087.2425,0.00321,0.020892,0.06633657368831644,1.7888997346474869,-0.8837669839358044,0.8038839513490659,0.01634031085164957,-0.4088904490996818,0.004559632298555641,0.05297508256107022,182,True,12,45,182,522489,2079.34,2094.32,0.007204209027864561,False,2015-10-30 16:26:00.887
2015-11-02,2097.5411,0.002285,0.020651000000000003,0.1633806035386705,0.5634041321107043,-0.8721072289714882,0.7575196174092266,0.014491341172812176,-0.3897373564789655,0.005570891289291063,0.06727399239436488,189,True,12,45,189,537343,2080.91,2106.2,0.012153336761320688,False,2015-11-02 16:37:34.661
2015-11-03,2108.5271,0.002342,0.020599,0.06235918179418034,1.7593153194812285,-0.852336237914863,0.7364101687853849,0.013436796019890193,-0.32288100900888633,0.004256271717957813,0.05208072746725255,186,True,12,36,186,706555,2097.52,2116.46,0.009029711278080832,False,2015-11-03 16:17:42.598
2015-11-04,2104.0725,0.002342,0.020599,0.060881880636653445,1.6653761563063072,-0.9286039441890577,0.6805553254214395,0.015877310112782383,-0.2603730862327428,0.005822816710733521,0.06608225716009963,183,True,12,47,183,490019,2096.99,2114.57,0.008383444842369414,False,2015-11-04 16:33:03.075
2015-11-05,2099.0204,0.002291,0.020745,0.10351718327543744,0.9743705129673564,-0.9274617898197522,0.7379749328155389,0.017536964138796084,-0.3428788195260516,0.005478009079521798,0.06376014180758813,185,True,12,54,185,493493,2090.47,2108.73,0.008734877802599517,False,2015-11-05 16:17:03.351
2015-11-06,2092.8503,0.002546,0.020762999999999997,0.04601952905453624,4.258833409743762,-0.8740510325406164,0.9413018764291641,0.014395870030398519,-0.4940702068927999,0.005113930709931327,0.06256592407602343,188,True,12,47,188,580939,2083.79,2101.91,0.00869569390389624,False,2015-11-06 16:16:30.239
2015-11-11,2079.9563,0.004943,0.021051,0.05771428239697605,2.46426917783892,-0.9566536180385561,0.7011084113671883,0.015389981808428472,-0.20710595002590365,0.005585893319904567,0.07851082495013977,185,True,12,58,185,329444,2074.85,2086.93,0.005822107622237782,False,2015-11-11 16:14:58.696
2015-11-12,2057.5747,0.006538,0.021374,0.051423144709014046,3.4496278581179296,-0.9851471482108192,0.8093410344726003,0.020771821571926866,-0.3002514850006899,0.006504200351461746,0.06339868729354506,189,True,12,41,189,668596,2045.66,2068.93,0.01137530185856872,False,2015-11-12 16:36:28.257
2015-11-23,2089.9194,0.004744,0.020975999999999998,0.07678050965705879,1.7904336931386626,-0.9807973750590875,0.813211161306853,0.016830765270992348,-0.3863715699413275,0.005824341131581108,0.060409941361423726,160,True,11,46,160,425880,2081.39,2095.58,0.006817559419426411,False,2015-11-23 16:16:50.847
2015-11-25,2090.8922,0.004795,0.020966,0.05539512949423171,3.395629951960018,-0.8572645883244415,1.0883904078237068,0.01718488604389991,-0.8083909580360209,0.003797424141242032,0.05238183676790426,168,True,11,54,168,384237,2086.31,2092.98,0.0031970320805634334,False,2015-11-25 16:15:29.760
2015-11-27,2089.6613,0.004743,0.020831,0.058033927642089124,3.178276059967679,-0.8551194832650076,1.0910472815525427,0.01860785070961928,-0.8214884848016967,0.004043079473479117,0.05432170539225577,180,True,12,68,180,196220,2084.13,2093.29,0.004395119306377149,False,2015-11-27 13:15:55.908
2015-11-30,2085.7839,0.004795,0.021017,0.06472178001100469,2.5128724098319934,-0.8220225760149584,1.1496137929982095,0.02329567706155494,-0.9963367224419911,0.0037539432396594143,0.06638034567901227,186,True,12,58,186,463134,2080.41,2093.81,0.00644103806461227,False,2015-11-30 16:30:01.464
2015-12-01,2095.1212,0.001827,0.020727000000000002,0.07553759679565293,1.6995501970990643,-0.8991029274322583,0.9312110088226019,0.019318453247944213,-0.6103940679075247,0.005535320823694482,0.06058008594499836,177,True,12,60,177,458230,2085.71,2103.37,0.008467140685905372,False,2015-12-01 16:18:46.290
2015-12-02,2092.3802,0.002234,0.020963,0.058049156975083074,2.062934033791572,-0.9630428588310164,0.6971518720384047,0.018288453011518283,-0.2465175695730356,0.006191295402151734,0.06311558304298673,190,True,12,48,190,566932,2077.11,2104.21,0.013046973920495253,False,2015-12-02 16:18:16.381
2015-12-03,2061.3101,0.002342,0.021273,0.05690784304876876,3.3038129126323206,-0.9532660216389149,1.0630644825058158,0.028068605253138576,-0.7540803605762064,0.007848334713817979,0.06290184107071163,183,True,12,48,183,701041,2042.37,2085.0,0.02087280953010473,False,2015-12-03 16:21:31.787
2015-12-04,2079.3325,0.002342,0.021273,0.06385265012242344,1.7946243237329125,-0.9229922295902169,0.7058729273253209,0.019602237541187256,-0.2690735514418009,0.007100320858509819,0.07067145932134063,181,True,12,51,181,521643,2053.4,2093.83,0.019689295802084228,False,2015-12-04 16:29:03.048
2015-12-07,2074.8345,0.002342,0.021273,0.062137734759416106,2.610941158011726,-0.865596385673818,1.0973628677583487,0.025144784717916355,-0.8797293252368763,0.005304407728214804,0.06551587980060433,184,True,12,59,184,417015,2066.78,2089.11,0.010804246218755642,False,2015-12-07 16:16:14.924
2015-12-08,2063.905,0.003516,0.021141,0.07121032498298094,1.777809269563076,-0.8509631942235558,1.0281690444266967,0.029342673086331806,-0.8039348322306213,0.006305510892394706,0.06089844532881567,181,True,12,62,181,432761,2052.34,2073.85,0.010480719568882302,False,2015-12-08 16:15:46.286
2015-12-09,2054.7792,0.003516,0.021141,0.052627359570274,4.4480217096560795,-0.8153150765484892,1.4761563472793964,0.03559209144654025,-1.710862285832339,0.01139282950200395,0.09266486435662911,183,True,12,41,183,616276,2036.53,2080.28,0.02148261994667422,False,2015-12-09 16:16:22.199
2015-12-14,2009.5501,0.006692,0.021625000000000002,0.1521590957380329,0.8603088528154957,-0.8174795342899837,1.6123878448382831,0.06321935482625662,-2.337986927982583,0.0111505098908827,0.08293886382014247,184,True,12,51,184,657965,1993.3,2022.92,0.014859780263884126,False,2015-12-14 16:19:46.543
2015-12-15,2046.6755,0.006743,0.021398999999999998,0.04617880403811253,6.31770459497662,-0.8507895556409204,1.4583005472236024,0.04603715691967067,-1.5431524011084412,0.005427252500753073,0.03983667554454036,183,True,12,53,183,527725,2030.14,2053.87,0.011688849044893423,False,2015-12-15 16:29:48.703
2015-12-16,2058.0905,0.006846,0.021128,0.05362408027723238,3.9527863005478725,-0.8568472192120141,1.3875975442381028,0.036530416365132594,-1.5014978849769665,0.011208312163033834,0.09415839022345215,169,True,11,40,169,699318,2042.68,2076.72,0.01666438208627863,False,2015-12-16 16:32:21.760
2015-12-17,2055.9116,0.006692,0.021442000000000003,0.07533479781721679,1.5764039693373075,-0.8518160413866,0.8891063778307025,0.028037808583621874,-0.5529940024826636,0.006625215953207067,0.05938216373126338,182,True,12,46,182,602856,2041.68,2076.37,0.016990909447121894,False,2015-12-17 16:23:00.168
2015-12-21,2015.7237,0.006332,0.02169,0.06865915433357135,1.6688428268626536,-0.8872346218959716,0.6784625670818477,0.030614741892530665,-0.23114878051521787,0.004424922398929329,0.03471777061241311,169,True,11,49,169,503303,2005.93,2022.9,0.008459916348028118,False,2015-12-21 16:17:09.153
2015-12-24,2062.5442,0.006178,0.021301999999999998,0.06319243271919557,2.9389426415937416,-0.8364711478568012,1.1280099918552375,0.021140610001221773,-0.9009686714362781,0.004952109627791157,0.06593831579889135,187,True,12,69,187,174402,2058.73,2067.36,0.004191904717957273,False,2015-12-24 13:14:18.248
2015-12-28,2050.8952,0.00628,0.021349,0.07545801399240443,1.7019669885163646,-0.8632953111230828,0.9245589908604602,0.025822797859313875,-0.597955229912756,0.005976691487614577,0.06991387920575254,174,True,12,60,174,285568,2044.2,2056.71,0.006119753448782017,False,2015-12-28 16:20:01.786
2015-12-29,2075.5564,0.006383,0.021099,0.06392305694434719,1.752479846216622,-0.8656727964571127,0.8685682063200832,0.020284291532059427,-0.5303629910230347,0.007260510054065911,0.08333660173403246,184,True,12,55,184,435442,2062.88,2081.55,0.009050453734584796,False,2015-12-29 16:21:20.029
2015-12-30,2070.7587,0.005973000000000001,0.021258,0.062467767654312854,2.554078131259538,-0.8415690390246635,1.1151875003101617,0.022725974343024317,-0.924548042299062,0.0061231964701693245,0.06905964635281074,185,True,12,61,185,409534,2062.0,2076.64,0.007099903006789532,False,2015-12-30 16:27:41.548
2015-12-31,2051.8181,0.005972,0.021461,0.06011212405768145,3.100784251470721,-0.8711364732450212,1.0150170824944353,0.025071361506700883,-0.6574702225544895,0.004127429904860842,0.038256216467455965,187,True,12,46,187,651629,2043.65,2062.5,0.00922369290240499,False,2015-12-31 16:18:17.018
2016-01-04,2001.4814,0.0059570000000000005,0.021815,0.06781610234116134,2.295825145949221,-0.8789776296824737,1.0509999470747478,0.04319474918861655,-0.7932130626409144,0.008108500106986041,0.0671534003757722,185,True,12,40,185,790309,1989.68,2029.52,0.02002332033291787,False,2016-01-04 16:26:33.246
2016-01-05,2013.559,0.0059570000000000005,0.021815,0.07533143471065971,1.474480658487497,-0.8763234092437703,0.8158057068474033,0.034726571094017805,-0.4433894644108285,0.006158110257645801,0.04845542876294356,185,True,12,55,185,624176,2004.18,2021.86,0.008821562933468918,False,2016-01-05 16:18:28.695
2016-01-06,1992.4836,0.006725,0.022079,0.05546211049980253,3.792966259628852,-0.8507269166355471,1.1091120581196614,0.04090441958823535,-0.8093977298393151,0.008722898293790205,0.06167042027566752,192,True,12,44,192,737279,1979.05,2003.73,0.012470629847654235,False,2016-01-06 16:51:03.719
2016-01-07,1955.7581,0.004425,0.022616,0.08076658965769871,1.9827397407428373,-0.8304059197544493,1.1847826606004999,0.054669827327049725,-1.083431698782422,0.009701708819430319,0.06359437231349846,183,True,12,47,183,1007580,1938.83,1977.58,0.01998628038559347,False,2016-01-07 16:29:32.560
2016-01-08,1939.9206,0.004884,0.022864,0.11246905196571433,0.6937354077007496,-0.8454691198697497,0.7644864351527885,0.049533093489870665,-0.4283919822943154,0.007684293885344052,0.04648111870946868,184,True,12,41,184,657139,1918.59,1960.22,0.021698226301607004,False,2016-01-08 16:49:15.773
2016-01-11,1919.6924,0.006364999999999999,0.022845,0.09211785264883135,1.1595099355806104,-0.9052732514449651,0.8526454123139926,0.054321224544947304,-0.5133810683587572,0.007069339946165207,0.04348824807629399,184,True,12,42,184,914273,1901.1,1935.65,0.01817368891694282,False,2016-01-11 16:15:52.321
2016-01-12,1931.49,0.007799,0.022668,0.07873527764274357,1.3620071456171847,-0.9030674337827377,0.7572314522145748,0.042410137025271605,-0.3589234506998544,0.00686665193163818,0.04242434053281049,186,True,12,40,186,606632,1914.35,1947.35,0.017238227074463985,False,2016-01-12 16:41:18.759
2016-01-13,1916.9287,0.005921999999999999,0.023260999999999997,0.054478393041051315,4.641235592970814,-0.8977379985240983,1.017872873668629,0.05046196344530856,-0.5303710732904712,0.011210571094266366,0.06779404883006286,185,True,12,33,185,727094,1886.41,1950.3,0.03386856515815739,True,2016-01-13 16:41:01.698
2016-01-14,1913.6234,0.005306999999999999,0.022879999999999998,0.07071115924086381,2.6915100622622217,-0.8217923531684207,1.1982450820096655,0.056310932106017696,-1.0551516833383277,0.0071525077758019156,0.04285441150737486,184,True,12,44,184,919614,1878.95,1934.47,0.029548417999414545,False,2016-01-14 16:21:05.557
2016-01-15,1875.2467,0.004641,0.023393999999999998,0.05233891625610328,11.078534020612036,-0.9333895365756932,1.6681101849442128,0.09392843226559681,-1.6229146604242068,0.008946783483008982,0.0476030015116395,185,True,12,32,185,955931,1857.84,1909.53,0.0278226327347888,False,2016-01-15 16:19:11.146
2016-01-22,1901.8843,0.00459,0.023077999999999998,0.07488040354344772,2.656429845409733,-0.7853828696483667,1.1925804027270468,0.0510069092645876,-1.0244189393503267,0.005715986139149273,0.03669859733993442,184,True,12,42,184,571390,1884.3,1908.85,0.013028710927134757,False,2016-01-22 16:15:31.984
2016-01-25,1892.6385,0.004385,0.023458999999999997,0.08937713532232315,1.4945221265391644,-0.8427649930588411,0.9429091883336488,0.04937125626792749,-0.6219255247522262,0.0069176149368236255,0.041971159626845334,190,True,12,46,190,420110,1876.08,1904.72,0.01526587352351716,False,2016-01-25 16:19:14.855
2016-01-26,1898.8217,0.0045390000000000005,0.023132,0.09019619450778997,1.1479601929088972,-0.902498164573666,0.7568573534565933,0.04657037068223228,-0.36574977178769663,0.007545116063570529,0.046861804591584656,184,True,12,54,184,557891,1881.09,1906.73,0.013630395143241492,False,2016-01-26 16:18:59.204
2016-01-27,1897.8238,0.004436,0.023452,0.07111484956336106,2.204309196962329,-0.8568102546762488,1.011928284390201,0.051353700688533746,-0.7104806188826771,0.008099212842064961,0.050304804916364715,186,True,12,46,186,510839,1872.71,1916.96,0.023628858712774425,False,2016-01-27 16:20:41.728
2016-01-28,1891.6956,0.004487,0.023299,0.1212138461658839,0.6367460024989472,-0.8206448043558796,0.700682264819634,0.04545846623912738,-0.33659077224547396,0.00788231395242185,0.04952916262804977,187,True,12,53,187,483352,1873.65,1902.94,0.015632588797267255,False,2016-01-28 16:30:05.253
2016-02-02,1908.8785,0.0045379999999999995,0.023243999999999997,0.07150963046368626,1.4446563090488358,-0.9312896268077007,0.5762745294671682,0.03940635655967251,-0.1254786556983757,0.006101796778188803,0.040752139324818935,185,True,12,37,185,525106,1897.29,1931.31,0.01793083819553143,False,2016-02-02 16:15:42.352
2016-02-04,1913.2986,0.006521,0.023151,0.09374783544092152,1.219948927297573,-0.9034580921550496,0.7727167459099412,0.043405257762913235,-0.3683560268444055,0.007305943739644655,0.04642439417027893,186,True,12,58,186,498726,1900.59,1927.35,0.014079838365981034,False,2016-02-04 16:32:15.438
2016-02-08,1841.8369,0.004884,0.023794,0.0912941337251495,1.3971202584239057,-0.8823541511298161,0.8229897255001212,0.06432039524893858,-0.4222143208734298,0.006679131450488168,0.03382036846015304,187,True,12,29,187,804274,1828.46,1866.67,0.02089736718331281,False,2016-02-08 16:24:26.621
2016-02-09,1849.4245,0.005803,0.023822999999999997,0.15697720354331818,0.5996678233192836,-0.8252177003770335,0.88315366222141,0.0663501707790678,-0.5916920351759489,0.009664076605845525,0.04305982265364742,184,True,12,34,184,602791,1834.96,1868.25,0.01814208484108648,False,2016-02-09 16:17:21.125
2016-02-10,1865.7987,0.005803,0.023822999999999997,0.17590891692817898,0.4112763251249588,-0.8525466507205011,0.6968564087354239,0.05657703073412028,-0.34091450857376593,0.005391015332167951,0.029649090255246105,181,True,12,49,181,559132,1850.32,1881.6,0.016905183968178417,False,2016-02-10 16:16:56.962
2016-02-12,1854.8006,0.007696,0.023672,0.16130600337946013,0.45868263094684786,-0.9165110592296857,0.6118787646790922,0.05552506251580991,-0.22641909862998805,0.008571389712477413,0.04916227550230413,183,True,12,53,183,552581,1837.89,1864.78,0.014630908269809284,False,2016-02-12 16:38:08.625
2016-02-23,1927.6907,0.005254999999999999,0.022999000000000002,0.08631613911575393,1.0529462272076346,-0.943641648353361,0.5241288354720526,0.032830371190425936,-0.09293853011516506,0.0062051342503283745,0.05157552442572063,190,True,12,45,190,519529,1919.45,1940.79,0.011117768110656678,False,2016-02-23 16:20:23.130
2016-02-24,1908.7889,0.005358000000000001,0.022902999999999996,0.15295526803682025,0.5656499689451131,-0.9294417392299458,0.7272742236945111,0.04100635386466124,-0.3558895112204161,0.007838109404241159,0.05363250286181314,181,True,12,40,181,500181,1891.0,1932.03,0.021697514542569962,False,2016-02-24 16:22:19.120
2016-02-25,1938.5223,0.005306,0.022656,0.06922624522858535,2.500914740338382,-0.864499493959152,0.902501048569948,0.0354969739626169,-0.4682502684489581,0.008323464153805492,0.060143308233167686,181,True,12,35,181,413346,1925.46,1951.83,0.013695428624848072,False,2016-02-25 16:36:31.963
2016-02-26,1954.9212,0.005665,0.022706,0.0746763817513953,1.9420675577353834,-0.8721626000507057,0.8054055692558049,0.03138676369084821,-0.35862497433137225,0.0052888772261075355,0.04275419854046551,183,True,12,42,183,530216,1945.84,1962.96,0.008798256793981052,False,2016-02-26 16:24:13.252
2016-03-03,1985.9749,0.006469,0.022365,0.04589429713619687,4.592415569651754,-0.9187103106104526,0.7709114266116578,0.022362421374934507,-0.17277305822743266,0.0046448084952219896,0.04190056992122179,183,True,12,36,183,770613,1977.37,1993.66,0.00823821540733416,False,2016-03-03 16:17:52.033
2016-03-08,1985.7319,0.004986,0.022719,0.055365614607578974,4.125870629193736,-0.7976808625858899,1.161702542387725,0.03167565021068397,-0.8926900706367644,0.004526704500031837,0.036615110952255656,184,True,12,33,184,472602,1977.43,1994.78,0.008774014756527393,False,2016-03-08 16:15:23.707
2016-03-09,1987.1649,0.004986,0.022719,0.10664785490462604,0.9219856593786744,-0.9345854766221224,0.7073539838239118,0.029893981628075845,-0.3036940727804332,0.005655541950912849,0.045264626993028176,185,True,12,46,185,545090,1979.86,1992.68,0.006475205317547861,False,2016-03-09 16:30:19.262
2016-03-15,2010.7249,0.006928999999999999,0.022404999999999998,0.052792673227631086,2.9484822878516956,-0.9356204223090315,0.7732964245458674,0.022340107697874548,-0.2866708363353971,0.00514273897155425,0.05254112767726112,185,True,12,48,185,445847,2005.23,2015.94,0.005341033198186684,False,2016-03-15 16:20:05.513
2016-03-24,2028.3401,0.006058,0.022206,0.04009906989823497,5.073475205926926,-0.9524929811207199,0.7279577038150558,0.016181288421767626,-0.12303914472483679,0.006171308699109457,0.0668678471141508,185,True,12,44,185,634331,2022.49,2036.04,0.006699662297464881,False,2016-03-24 16:34:45.924
2016-03-31,2063.5134,0.005804,0.021927,0.043653307029844476,3.2807596114396365,-0.9041168833862939,0.7217949427189598,0.012304041292597866,-0.23455592611609105,0.004499056243779973,0.05846868810187118,187,True,12,54,187,596445,2057.46,2067.8,0.005025614106714205,False,2016-03-31 16:21:36.942
2016-04-04,2068.2295,0.005804,0.02189,0.045396390421948395,2.8092083116407314,-0.9942297676562115,0.5388369743297411,0.011659003814855025,-0.03528945032117986,0.0038688582332523118,0.04924695323396721,186,True,12,38,186,466427,2062.57,2074.02,0.005551326742849749,False,2016-04-04 16:42:48.419
2016-04-05,2049.1821,0.005037000000000001,0.022115,0.04702801003058746,3.9373902254687727,-0.8556290775848984,0.9120042677501302,0.016957289301742434,-0.46141653035908625,0.004698182323682156,0.057876017875300466,186,True,12,40,186,405281,2042.58,2058.32,0.007705940526197441,False,2016-04-05 16:40:13.215
2016-04-13,2077.3796,0.005241,0.021724999999999998,0.05161822186122309,2.723749122962102,-0.9204334068939559,0.7287497900872085,0.013157330708019907,-0.2498860835054113,0.004304856263503184,0.04564919268056551,185,True,12,40,185,608130,2068.87,2083.18,0.00691681932649213,False,2016-04-13 16:18:39.662
2016-04-15,2080.0248,0.0050880000000000005,0.021744,0.0786009037967399,1.2366046670725857,-0.8951245984600763,0.672767955188693,0.013840233367086405,-0.25822023258643156,0.004004078374512046,0.04860807756476469,178,True,12,47,178,514705,2076.31,2083.11,0.0032750408176043244,False,2016-04-15 16:17:50.007
2016-04-18,2088.6876,0.005037000000000001,0.021591,0.053948505091724545,2.8879596682465865,-0.6745518469274644,1.2073298844655969,0.014973506965205309,-1.1460432361895192,0.004379473947708316,0.04918503664577651,186,True,12,36,186,456699,2073.67,2094.66,0.010122150583265377,False,2016-04-18 16:15:06.020
2016-04-19,2098.967,0.005037000000000001,0.021525,0.10141232503872133,0.7009596232905061,-0.9035165378831516,0.5415205693788732,0.012991896819620983,-0.15107263674810606,0.003840060498476754,0.049187590876819676,183,True,12,40,183,690108,2091.71,2104.05,0.005899479373335792,False,2016-04-19 16:35:39.601
2016-04-20,2103.9723,0.004986,0.021513,0.05959495520577579,1.806258498152506,-0.7800090507733158,0.888414241695901,0.013374920148641858,-0.5739920762732018,0.005175675191596782,0.06344786801890369,182,True,12,52,182,967644,2096.34,2111.04,0.007012221299979915,False,2016-04-20 16:34:43.336
2016-04-21,2096.1455,0.005241,0.021627999999999998,0.05483911914228049,2.007805210033326,-0.8161556066938127,0.7375005848124904,0.014258536563742897,-0.32369457434374715,0.004421421776601573,0.04704440603586479,185,True,12,42,185,625717,2088.56,2103.73,0.007263377638181412,False,2016-04-21 16:19:10.795
2016-04-22,2087.5455,0.005292,0.021627,0.05483643225527337,2.0630505569663615,-0.8930606323608473,0.6256103493372129,0.012634610948573873,-0.16512764498524987,0.004727538557683044,0.05643250617787337,192,True,12,47,192,479095,2081.22,2094.32,0.0062943850241687915,False,2016-04-22 16:18:45.990
2016-04-25,2082.2181,0.005343,0.021648999999999998,0.08360640524737427,0.948944182822359,-0.8101641307753341,0.7264514727679864,0.016981428977322164,-0.36905611847440734,0.006147094610098793,0.07401803031901492,187,True,12,46,187,381918,2077.53,2087.92,0.005001131150933924,False,2016-04-25 16:16:41.350
2016-04-26,2090.7659,0.005445,0.021609,0.09735042609600661,1.1238801890463825,-0.7108746545130423,0.9855267885091067,0.015824518433610935,-0.7524426203000218,0.004779691666702114,0.057600925479800176,185,True,12,47,185,356075,2085.8,2096.86,0.005302521814172012,False,2016-04-26 16:15:34.361
2016-04-27,2090.183,0.0057020000000000005,0.021575999999999998,0.05289358251086104,1.9391087818354538,-0.91387128940779,0.6271511572389885,0.01499995212016797,-0.18818575332710488,0.005922412622999587,0.07114055896434167,182,True,12,51,182,378566,2082.34,2099.89,0.008428018479210708,False,2016-04-27 16:15:30.538
2016-04-28,2088.8756,0.005548999999999999,0.021743000000000002,0.06942859796321865,1.3002544350422602,-0.8881225902023836,0.5878349588214028,0.01402780803002254,-0.1650002539716781,0.007093929256973578,0.07908664949610227,183,True,12,36,183,558683,2071.63,2099.3,0.013356632217143005,False,2016-04-28 16:32:23.485
2016-05-02,2075.114,0.005306999999999999,0.021682999999999997,0.06002829701331105,2.0341951176221658,-0.927604921938118,0.7060667873537951,0.016501421300579633,-0.2543117707968082,0.004482641006603819,0.04718054739373021,184,True,12,39,184,330218,2066.13,2083.4,0.008358622158334716,False,2016-05-02 16:17:26.111
2016-05-03,2060.9821,0.005306999999999999,0.021682999999999997,0.04984371871388141,3.267322370618364,-0.893591471547546,0.8872765309555635,0.01955695961461582,-0.4615486480071911,0.004696501917697727,0.0489676372634297,183,True,12,38,183,491372,2054.92,2074.78,0.00966460981449413,False,2016-05-03 16:16:06.554
2016-05-04,2050.7202,0.005496999999999999,0.022011,0.06253452506173857,2.2426957101674883,-0.8425425370817973,0.8523747578752611,0.021721637827852074,-0.4460509056762652,0.004350638250689398,0.04240803588775361,181,True,12,35,181,663474,2045.56,2059.08,0.006609437024580167,False,2016-05-04 16:19:17.661
2016-05-05,2053.2017,0.005037000000000001,0.022033999999999998,0.06522613417351131,1.7609604840528994,-0.9219803306877998,0.6598317438957036,0.01979154523035702,-0.20565664063827374,0.004239952849510815,0.04330329324091178,183,True,12,42,183,493253,2045.78,2060.23,0.007063320591657041,False,2016-05-05 16:19:13.726
2016-05-09,2059.3809,0.005803,0.021960999999999998,0.05710035473113393,2.432615959198596,-0.8937960486387095,0.7634472402937386,0.017119048989751775,-0.30504522032241044,0.004698809547024776,0.057598837302880734,181,True,12,47,181,376799,2054.31,2064.15,0.004789929465367937,False,2016-05-09 16:16:04.703
2016-05-12,2062.3791,0.007901,0.021936,0.04999075591301351,2.8705339633471008,-0.9233782987744499,0.7086600192818595,0.015491589739196544,-0.21519869752516507,0.0065247791408718355,0.07291482654017165,189,True,12,39,189,482213,2053.13,2073.99,0.010160097022594572,False,2016-05-12 16:30:33.934
2016-05-16,2062.0919,0.005343,0.021932999999999998,0.036005360423387124,8.726964985255403,-0.8559465302129514,1.0736454287673236,0.014349171415883247,-0.5242794673201698,0.0066223957799433015,0.06795049905391805,185,True,12,29,185,453297,2047.34,2071.88,0.011986284642511835,False,2016-05-16 16:15:05.947
2016-05-24,2072.4792,0.006364999999999999,0.021884999999999998,0.03348971218200366,9.94438545817945,-0.719190368768763,1.2929812494266146,0.011412875763968938,-1.0057312977261446,0.005117108353392252,0.05384299585723733,192,True,12,26,192,741765,2055.1,2079.67,0.011955622597440652,False,2016-05-24 16:16:53.205
2016-05-27,2095.4502,0.006827,0.021671,0.042266056000107514,3.695179774245858,-0.8856225637612476,0.6925152714670391,0.008008384017102665,-0.16721605067758666,0.005012390468322519,0.07328455928301278,187,True,12,42,187,530766,2090.96,2099.06,0.0038738187244136135,False,2016-05-27 16:24:26.657
2016-06-01,2093.8079,0.00659,0.021674000000000002,0.062439416806599174,1.8764933296140445,-0.8477240176822193,0.6975435831991607,0.012854074997081556,-0.25223275217717556,0.005395640030037913,0.0676892492519606,183,True,12,37,183,632267,2085.1,2100.97,0.007611145748405379,False,2016-06-01 16:15:14.462
2016-06-14,2071.2608,0.005343,0.021978,0.17008629367521635,0.6647174398012536,-0.8978689911739751,0.9595095417784058,0.033756390316105445,-0.6945399094096583,0.011729122505308656,0.0877258696733499,182,True,12,38,182,779991,2064.16,2081.3,0.008303619874428403,False,2016-06-14 16:20:38.417
2016-06-15,2080.1918,0.004986,0.022032,0.07241406339496566,2.6853698656842773,-0.850889027431988,1.5439247392468,0.039673008210748754,-1.9947865130731164,0.005484192152442106,0.04247760615732886,183,True,12,35,183,770007,2069.8,2085.58,0.007623925016909672,False,2016-06-15 16:16:57.686
2016-06-17,2070.3403,0.004934,0.022038000000000002,0.07532342552466562,2.9011119315399045,-0.8393124089070461,1.8622355982660366,0.04479013397284445,-3.0308780464211336,0.005242138109772971,0.04013124963440073,180,True,12,41,180,666543,2062.85,2076.49,0.006612211261119327,False,2016-06-17 16:38:39.775
2016-06-27,2001.467,0.004425,0.022829000000000002,0.07742676362702233,2.619221227569785,-0.8858009705114765,1.4326723662324667,0.05804054915485903,-1.6469544632182853,0.011994227783539922,0.06409490303104554,184,True,12,38,184,1199252,1991.68,2024.99,0.01672457422879181,False,2016-06-27 16:34:16.601
2016-06-28,2023.7918,0.004374,0.022441,0.09066932093383581,1.1548117585558668,-0.9143583197372126,0.7273861256124406,0.02948722278618704,-0.3196785798241389,0.006612276460889204,0.05566756922753982,184,True,12,41,184,914692,2013.69,2036.09,0.011123857197483211,False,2016-06-28 16:16:24.110
2016-06-29,2063.3125,0.004527,0.02207,0.05982893626725918,2.307136881118694,-0.8960621729192043,0.7914241439019606,0.020877038174295537,-0.35028508471036435,0.0036550696615526602,0.03524475883343564,182,True,12,26,182,1017292,2050.44,2073.11,0.011056163555139387,False,2016-06-29 16:28:32.857
2016-07-05,2086.6708,0.006384,0.021730999999999997,0.048788311679792085,3.5812923957979192,-0.9449473590553936,0.8479935208096143,0.01782661030698702,-0.36964259208976935,0.002934239364403187,0.035440203217082696,187,True,12,39,187,727004,2080.87,2093.14,0.0058965721068591215,False,2016-07-05 16:18:52.771
2016-07-06,2088.9281,0.005752,0.021793,0.053829953549329686,3.0487889174717213,-0.9315980687862132,0.8389508783224972,0.017046390093007176,-0.37560624461966163,0.005137023269825244,0.05388237433705269,183,True,12,33,183,699587,2074.02,2100.72,0.012873549917551408,False,2016-07-06 16:54:24.994
2016-07-11,2138.9291,0.006109,0.021419,0.08823085597326283,0.9767200923409588,-0.765031482897847,0.6635394413256696,0.010990477435616285,-0.26793089060772746,0.0032858715161429206,0.04484580176594544,183,True,12,29,183,898490,2132.61,2143.16,0.0049469898387419775,False,2016-07-11 16:18:24.971
2016-07-12,2151.4145,0.008315,0.021269999999999997,0.06485624872554235,1.0927081495015705,-0.9583770423050687,0.4832936222174661,0.01135284546786774,-0.09183482221907688,0.0028493427401859246,0.035376409721701675,184,True,12,36,184,984963,2145.46,2155.4,0.004633039068544731,False,2016-07-12 16:18:52.996
2016-07-13,2151.2107,0.004934,0.021268,0.13580677177218703,0.46462048243499654,-0.8832648511268246,0.5269970457034762,0.011394229650569966,-0.1515286705427257,0.0037964748174630063,0.04973870280327937,183,True,12,49,183,572254,2146.22,2156.39,0.004738563614168134,False,2016-07-13 16:15:12.978
2016-07-15,2161.7735,0.004883,0.021178,0.04048343762375692,2.991311962939309,-0.8482380646164283,0.6777343192476665,0.008805629926877265,-0.21712662495639518,0.00394674701733234,0.05285701843873236,186,True,12,42,186,751155,2155.81,2169.05,0.006141543085893542,False,2016-07-15 16:19:26.310
2016-07-18,2165.7722,0.0050360000000000005,0.021131,0.07305753821128412,0.942585769197614,-0.9771746884775655,0.4132764999157394,0.00902684319075162,-0.03307147368146951,0.0030390616245876928,0.04192225620185215,184,True,12,41,184,627970,2159.63,2168.34,0.004033098262202328,False,2016-07-18 16:19:45.844
2016-07-19,2163.7422,0.004985,0.021166,0.11178446716982152,0.6614974017557504,-0.7706943852706765,0.7381357517807652,0.010450544721950271,-0.3969541188779795,0.00956358326211636,0.1435042590634833,186,True,12,47,186,468816,2159.06,2186.449,0.012685613183515132,False,2016-07-19 16:30:21.569
2016-07-21,2168.2099,0.005242,0.021122000000000002,0.08566257877422787,0.8045422222788486,-0.854576470230022,0.4967291628210402,0.009671529924761113,-0.10890153821058302,0.005118314854612903,0.07164853970951704,185,True,12,42,185,562735,2159.75,2174.54,0.006848014816529746,False,2016-07-21 16:15:36.117
2016-07-22,2169.9603,0.005293,0.021026,0.05019143746745151,2.5684756813304266,-0.8185648227731515,0.9185695967375693,0.009658112585970333,-0.5859391309582886,0.00429298216217644,0.0571604534456543,185,True,12,50,185,499923,2163.25,2175.09,0.005473246272968968,False,2016-07-22 16:16:54.564
2016-07-26,2167.5813,0.0054459999999999995,0.021082999999999998,0.05574168600173775,1.9746705407713747,-0.7886751150845753,0.776039213304923,0.011046060373459055,-0.3820939301058044,0.004841339032642453,0.06721568106403523,190,True,12,39,190,351394,2160.18,2173.53,0.006180040552176358,False,2016-07-26 16:16:30.220
2016-07-28,2165.5653,0.0050880000000000005,0.021064,0.05698802259773095,1.961426870300507,-0.7643566595974769,0.8271241572644766,0.011246380793858219,-0.4605786939135067,0.004270096248976665,0.05245912226830684,187,True,12,41,187,593029,2159.74,2172.84,0.006065544926704414,False,2016-07-28 16:26:59.432
2016-07-29,2172.4502,0.004884,0.021031,0.0552726259268934,1.8572707792937388,-0.8341001875430618,0.6463488264370846,0.0081519102419723,-0.21245433937889124,0.0039696009021415925,0.052590054034162274,188,True,12,37,188,661199,2163.49,2177.09,0.006286139524564582,False,2016-07-29 16:25:39.611
2016-08-02,2155.7562,0.005051,0.021197,0.131802740718438,0.6928163792303668,-0.8034325657021085,0.6919297274741025,0.011735137197933175,-0.29613655256801175,0.004559404348081951,0.057542673018226784,181,True,12,31,181,559554,2147.58,2170.2,0.010532785740228423,False,2016-08-02 16:16:17.262
2016-08-03,2159.4796,0.006520000000000001,0.021145999999999998,0.07133047353577514,1.4861215561642533,-0.8201976138442499,0.7819975510862491,0.011091167284951837,-0.39950866123905227,0.004295198032091405,0.062310952232348955,184,True,12,43,184,409246,2152.64,2163.79,0.005179686338635303,False,2016-08-03 16:50:11.715
2016-08-04,2163.9694,0.005139,0.021158,0.04947159399545654,2.3082390262372052,-0.7849154460824679,0.7936589786022508,0.009480704652574551,-0.40151004641501803,0.005534489594204857,0.07364694452070822,185,True,12,46,185,424096,2159.07,2168.19,0.004224040906501303,False,2016-08-04 16:16:49.176
2016-08-05,2180.0059,0.005139,0.021158,0.04644211962331958,2.144443741959129,-0.8238950620598569,0.609541259796303,0.006503831278231149,-0.1723555218149743,0.00439637843933314,0.06072731686382752,184,True,12,36,184,799649,2169.24,2182.87,0.006283306595858518,False,2016-08-05 16:32:38.914
2016-08-08,2181.1129,0.005496,0.021004000000000002,0.06793287852512435,1.3118804512304094,-0.7726451393876004,0.631537389811087,0.0069850949422494,-0.2205998440635594,0.0034927441053678038,0.062426184198373674,182,True,12,30,182,586714,2177.86,2185.43,0.00347588917561259,False,2016-08-08 16:28:39.732
2016-08-09,2184.0326,0.0056489999999999995,0.021002999999999997,0.07463712746508229,1.367855850169617,-0.6616975154038505,0.8734920580880641,0.006828675584358058,-0.5588027126569854,0.004022525173630512,0.06863571589485422,184,True,12,28,184,504361,2178.63,2187.66,0.004144806598642248,False,2016-08-09 16:19:23.892
2016-08-10,2177.3644,0.0056489999999999995,0.021002999999999997,0.0731613666198083,1.7175621002678796,-0.702788201626734,1.093528656076334,0.0085821614673037,-0.9444865406401406,0.00412972641373439,0.06014835261449328,189,True,12,30,189,549845,2172.39,2183.41,0.005072753971432364,False,2016-08-10 16:16:53.228
2016-08-11,2185.0863,0.006416,0.020997,0.040220724121765514,4.184391159002043,-0.7339416906914856,1.2383946548541067,0.007131924898885,-1.1970228363236706,0.0039052418719894354,0.06303838729056292,184,True,12,38,184,486801,2178.75,2188.45,0.004452094090648284,False,2016-08-11 16:42:37.168
2016-08-12,2183.1364,0.008366,0.021017,0.03340884920879052,6.631618069819779,-0.7814276216778048,1.332562645544007,0.005384322666479679,-1.3326137480894438,0.0036994890056366967,0.06378785571039992,185,True,12,39,185,408948,2179.42,2186.26,0.0031384496792725702,False,2016-08-12 16:15:59.554
2016-08-15,2191.7457,0.0053939999999999995,0.020964999999999998,0.041362771644949864,5.341151545526579,-0.7676679709169918,1.560606383197334,0.006364611941740148,-1.9936426198788904,0.002940254930920891,0.05124302817361327,184,True,12,40,184,579169,2186.43,2193.81,0.003375365321551582,False,2016-08-15 16:15:04.693
2016-08-16,2181.9928,0.0053939999999999995,0.021105,0.03134409775722094,8.376697404613731,-0.7365746708556044,1.5141392822097641,0.007209525693866711,-1.7674977212649563,0.00400117854252,0.06330786856855257,185,True,12,35,185,569931,2178.14,2185.78,0.003507579861717014,False,2016-08-16 16:17:13.082
2016-08-17,2174.0859,0.005753,0.021077,0.04158660721252952,4.517277744221013,-0.8437586151745942,1.118249836018437,0.00984292353286613,-0.87476618531762,0.004999145088698383,0.07688510067316666,183,True,12,41,183,632272,2168.5,2208.52,0.01845515333179626,False,2016-08-17 16:21:00.093
2016-08-18,2183.9618,0.005651000000000001,0.021029,0.05964500991632448,2.6718810231041594,-0.7952856787472529,1.2627591792994652,0.007874754718468852,-1.2758320046684855,0.004338482084563528,0.08222053538384906,181,True,12,45,181,455811,2180.47,2187.02,0.003003939517627119,False,2016-08-18 16:16:08.157
2016-08-19,2180.5814,0.005804,0.021071,0.03156274946662947,8.725161616769176,-0.7605606759818171,1.5947190302488434,0.004588113391791701,-1.9923486051059371,0.00419611450944392,0.07805771152762282,182,True,12,28,182,617953,2175.13,2185.0,0.004537659818033779,False,2016-08-19 16:16:45.010
2016-08-22,2180.8884,0.005804,0.021084000000000002,0.0493916306687093,3.552936227737413,-0.8103753415664747,1.301034590963219,0.009060251598068577,-1.3417203789830636,0.0045388583659661174,0.07748417682200831,183,True,12,42,183,484428,2175.97,2185.15,0.0042188081637155594,False,2016-08-22 16:17:22.773
2016-08-23,2190.3153,0.005804,0.021044,0.04176512762747983,4.097399012369113,-0.7913440317053629,1.2262842362686739,0.007744608383957907,-1.1615162427364332,0.0038277200830773577,0.065817247806133,185,True,12,40,185,567829,2186.81,2193.42,0.003022667721475525,False,2016-08-23 16:18:14.733
2016-08-25,2173.8505,0.005753,0.021191,0.051171640783479126,3.5508511596885257,-0.8116834603833665,1.4134178255223544,0.013555257718284034,-1.6343441894659776,0.004514558795485993,0.07265823737368056,180,True,12,45,180,460870,2169.74,2178.99,0.004263183607252419,False,2016-08-25 16:16:49.302
2016-08-26,2173.6163,0.006008,0.021227,0.0408668598221886,3.2325531511896215,-0.9509026097567107,0.7074937619872271,0.010072072089656131,-0.23633883025595864,0.006757206907749602,0.08287738122621942,176,True,12,29,176,572879,2160.4,2187.94,0.012747639326050608,False,2016-08-26 16:19:15.967
2016-08-29,2180.0409,0.0059570000000000005,0.021126999999999996,0.039691729221799706,4.313610354046689,-0.8518858997470151,1.0091568428920263,0.009290893063220522,-0.6759682252734565,0.0049483829126901165,0.07515926503553734,180,True,12,40,180,479871,2171.4,2183.48,0.005563231095145893,False,2016-08-29 16:39:49.347
2016-08-30,2175.5942,0.005906,0.021181000000000002,0.052277202844893955,2.843306857989602,-0.8325980765281228,1.0385732671786452,0.010541952188265705,-0.7813541725673245,0.0035585607131040286,0.049982986730777196,183,True,12,39,183,621328,2170.43,2182.27,0.00545514022566973,False,2016-08-30 16:15:30.108
2016-08-31,2168.1988,0.005906,0.021254,0.050585756983218134,3.0431479411624527,-0.8373788433683523,1.0457704236986873,0.01250572753185285,-0.7857558946516832,0.005032981841126656,0.07428728121894347,185,True,12,49,185,565560,2161.35,2173.71,0.005718648067180254,False,2016-08-31 16:17:35.678
2016-09-02,2179.7298,0.005051,0.021165,0.03602092811271747,5.217804742393491,-0.891095701008446,0.9534322518130407,0.0065981231392666095,-0.533132719733381,0.004890152398127356,0.07155961505947012,179,True,12,40,179,523781,2173.59,2184.86,0.00518497048661426,False,2016-09-02 16:14:56.553
2016-09-06,2182.0601,0.00565,0.02108,0.04789306724521996,3.278357167476742,-0.8246687554618842,0.9690291349929689,0.008013129809739127,-0.6249963039135967,0.0042969514727842035,0.07317090961064399,186,True,12,27,186,647433,2175.11,2186.57,0.005268699054300718,False,2016-09-06 16:18:20.491
2016-09-07,2183.8063,0.00565,0.02108,0.062445868118076314,1.7305858020151286,-0.8358244556601693,0.7621932070909242,0.008368935344455342,-0.36480261941624437,0.0037652741236696868,0.06589164279927955,179,True,12,31,179,674234,2179.1,2187.87,0.004024597310816391,False,2016-09-07 16:35:05.489
2016-09-08,2181.1237,0.0053939999999999995,0.021088,0.04669552857946978,3.614088702978129,-0.8256923191598343,1.1337333298396244,0.008745068953465794,-0.9478276985519344,0.004785511803162845,0.08883169002183455,180,True,12,36,180,594908,2177.49,2184.94,0.0034213704770171827,False,2016-09-08 16:18:24.054
2016-09-12,2140.3052,0.008468,0.0213,0.06883331784168807,2.3015718118259336,-0.8535492848034708,1.3444604373171956,0.02635946445033576,-1.490724219393376,0.010890989690857254,0.09060005382991998,182,True,12,30,182,911501,2119.12,2163.29,0.02084355770319757,False,2016-09-12 16:24:04.452
2016-09-13,2129.8645,0.005699999999999999,0.021633,0.1359227842654492,0.8892193211100685,-0.8445350039789552,1.2574089259793755,0.03172576173968727,-1.3393468752367803,0.008332502138582012,0.07520543735573115,182,True,12,26,182,616854,2120.28,2148.08,0.013111475842813025,False,2016-09-13 16:17:31.103
2016-09-14,2130.3981,0.006111,0.021644,0.050383442980249056,3.9367286469425395,-0.8667530597973822,1.3457379769274498,0.032204541350026566,-1.4143188159209006,0.0049504236105180925,0.04324245798984075,184,True,12,43,184,644743,2119.91,2141.3,0.010090050992731081,False,2016-09-14 16:34:43.828
2016-09-15,2141.0292,0.005958,0.021431,0.07768523031590327,1.755300575676625,-0.8733831037863214,1.1563850110455536,0.026952318444115792,-1.0645044347806727,0.006768915707429083,0.066014387343537,181,True,12,46,181,650195,2122.36,2151.31,0.013640475696865773,False,2016-09-15 16:33:56.233
2016-09-16,2136.2813,0.006009,0.021513,0.05812341905733034,2.7793672568782637,-0.8698412719018013,1.0856688080651082,0.022700925745320268,-0.8555841052339969,0.005589941842888412,0.06082966566748166,185,True,12,48,185,747068,2131.2,2145.28,0.006606606606606835,False,2016-09-16 16:26:19.153
2016-09-19,2146.9411,0.006059999999999999,0.021496,0.06188875408419635,2.1071398883775077,-0.8726102824623482,0.9881420802688586,0.021544227397437908,-0.7156082460524744,0.005195445991482069,0.05618446074131261,185,True,12,43,185,438121,2135.98,2153.61,0.008253822601335337,False,2016-09-19 16:15:54.416
2016-09-20,2144.5642,0.006059999999999999,0.02149,0.05582796846649551,2.6155705554888358,-0.8700842437211058,1.1035250388158464,0.024791117951314192,-0.9257235303060656,0.005075156320623711,0.05144447197842331,185,True,12,41,185,459798,2139.17,2150.78,0.005427338640687784,False,2016-09-20 16:23:24.457
2016-09-21,2150.306,0.006008,0.021256,0.038229173730426114,6.859346297533902,-0.9000281282013302,1.4018373079978546,0.019905831709530603,-1.4406935555235143,0.009287455090674041,0.10311966515085878,180,True,12,31,180,814109,2139.58,2165.11,0.01193224838519713,False,2016-09-21 16:20:29.468
2016-09-22,2176.7905,0.005804,0.021174,0.0573929679138739,2.032611969695147,-0.8815634316749751,0.7420568363825575,0.009950111178273666,-0.31733308130595045,0.0043316309241147755,0.060804936084232646,185,True,12,28,185,1008228,2171.54,2179.99,0.00389124768597382,False,2016-09-22 16:16:23.964
2016-09-23,2169.6315,0.005752,0.021288,0.047296772331493396,3.4758144701647025,-0.8764583842211393,0.9281450545572297,0.009273416649710728,-0.5326636309752624,0.0039015268331874173,0.05491413768284453,184,True,12,36,184,590534,2163.97,2173.2,0.00426530866878938,False,2016-09-23 16:20:47.973
2016-09-26,2150.0952,0.005701,0.021472,0.05303212624870846,2.418230600040871,-0.889394843927724,0.8460980689592285,0.01701254656285282,-0.45939412133682034,0.00575679152190512,0.06339799518034567,181,True,12,36,181,503583,2145.08,2157.32,0.005706080892088128,False,2016-09-26 16:24:06.967
2016-09-27,2154.8361,0.005701,0.021339999999999998,0.04961698742019589,2.906623929340874,-0.902066487804087,0.8951111189187754,0.014848861233004395,-0.512788069337329,0.006924317932043356,0.07355165922209296,181,True,12,35,181,518844,2141.55,2161.13,0.009142910508743718,False,2016-09-27 16:17:30.131
2016-09-28,2161.5297,0.005803,0.021241,0.050114062455586236,2.4198925446168738,-0.9974596059973256,0.6869630834793368,0.011534077972950014,-0.2293769858299632,0.005465055106674426,0.0663555196190231,184,True,12,40,184,506128,2151.83,2172.4,0.00955930533545879,False,2016-09-28 16:17:04.805
2016-09-29,2161.6066,0.005701,0.021443,0.05335434772694391,2.9060544620433277,-0.9526486511861652,0.8656417191994736,0.012772611933715693,-0.4392343054560271,0.011113259198960427,0.12600041310532278,182,True,12,25,182,739529,2145.2,2172.67,0.012805332836099304,False,2016-09-29 16:26:30.198
2016-09-30,2168.7284,0.005854000000000001,0.021274,0.045225266562477905,3.242797320912138,-0.9482933727501972,0.8470344170523815,0.012287002236061422,-0.42415455717858636,0.005722450730306524,0.06951142897282395,183,True,12,41,183,560340,2158.02,2175.3,0.008007340061723323,False,2016-09-30 16:17:34.845
2016-10-03,2159.3329,0.006622,0.021362000000000003,0.04762345506913777,3.2700627535349596,-0.862223605356667,0.9769703408943315,0.015062674307390864,-0.6430076737547203,0.004816455605424325,0.05554927099278259,183,True,12,27,183,418501,2154.8,2164.37,0.004441247447558805,False,2016-10-03 16:18:55.477
2016-10-04,2156.343,0.006622,0.021362000000000003,0.08407541610305305,1.2796313835514415,-0.9274927142666326,0.7884425112919884,0.015278181691883887,-0.4064705115511914,0.006371127164839722,0.07811909529935268,182,True,12,25,182,538707,2144.01,2165.44,0.009995289201076396,False,2016-10-04 16:23:41.492
2016-10-05,2160.439,0.004986,0.021402,0.059643868877355594,2.1213661494185394,-0.9043840367171857,0.8147403979990181,0.012498124045514267,-0.41074894721803823,0.004101199276187493,0.05468070836708989,167,True,11,33,167,412988,2155.97,2163.94,0.0036967119208524135,False,2016-10-05 16:19:40.113
2016-10-06,2158.0828,0.0053939999999999995,0.021349,0.051502650670130636,2.5434729591086396,-0.9088765010783756,0.80854021829454,0.012259798708347038,-0.391746085995991,0.005742192124690738,0.07507749303362744,186,True,12,38,186,458545,2150.34,2162.93,0.00585488806421286,False,2016-10-06 16:16:37.961
2016-10-10,2166.4334,0.006313999999999999,0.021291,0.03667504076738403,7.231463908743786,-0.796805243263521,1.3982235389909872,0.00918244939908196,-1.4246005976663914,0.005713087427905005,0.07691809773979236,184,True,12,24,184,521958,2161.03,2169.6,0.0039657015404690465,False,2016-10-10 16:15:36.530
2016-10-11,2140.3512,0.0071860000000000005,0.021559,0.037536920140649896,8.5663800782355,-0.7514417618407139,1.6413036028321972,0.01696360626159442,-2.0507664668875907,0.007722807446343286,0.08482926261184658,181,True,12,20,181,889041,2128.85,2161.56,0.015365103224745713,False,2016-10-11 16:29:47.307
2016-10-24,2151.2061,0.006468000000000001,0.021469000000000002,0.048602543587739855,2.434295165775303,-0.9550109257997671,0.6958470325642003,0.011879087038413194,-0.24757721892836612,0.004678692079182078,0.06698929992818067,183,True,12,40,183,429485,2146.92,2154.79,0.0036657164682427634,False,2016-10-24 16:16:44.653
2016-10-25,2145.5041,0.0065190000000000005,0.021551,0.04462384821815841,2.880932010416146,-0.9784189288013251,0.6620945907957677,0.012199439851958788,-0.18125270164172697,0.006603044987604825,0.0868568651574093,184,True,12,40,184,451077,2141.93,2151.44,0.004439921005821912,False,2016-10-25 16:17:46.680
2016-11-11,2160.1376,0.0071860000000000005,0.02139,0.03891080571719021,4.2753425812148,-0.9392539210912847,0.794239061851337,0.014769140629829173,-0.2981016382663327,0.005142138389366382,0.05857777799236535,184,True,12,43,184,646298,2152.49,2165.92,0.006239285664509708,False,2016-11-11 16:38:10.958
2016-11-21,2194.6567,0.007594999999999999,0.021129,0.032101579734168176,10.007069997033359,-0.562841778054668,1.8631965031378623,0.006340061031840595,-2.829015698474821,0.006534802141511368,0.07742530072600443,183,True,12,35,183,842855,2187.04,2198.69,0.0053268344429000525,False,2016-11-21 16:50:07.503
2016-11-25,2210.1275,0.007799,0.020994000000000002,0.18335108703886607,0.40114268199110215,-0.8533804779711798,0.44568690926334453,0.008031807760960756,-0.051536927487203205,0.003401763083392744,0.0515689161897823,166,True,11,28,166,419316,2207.1,2213.35,0.0028317701961850794,False,2016-11-25 13:14:59.683
2016-11-28,2206.236,0.007697000000000001,0.021116000000000003,0.08774202310696098,0.8592115097044647,-0.8510972830400423,0.5559001724613841,0.010903750780422123,-0.15824708946608468,0.0034367652649892207,0.044820929244550674,181,True,12,43,181,518080,2200.37,2211.13,0.004890086667242333,False,2016-11-28 16:22:14.362
2016-11-29,2205.5428,0.007645,0.021106,0.07677590536580951,1.1815788462582975,-0.8000874184376571,0.7786707367579613,0.01258446779379924,-0.4248945449180474,0.003727452314478473,0.04320871686929787,182,True,12,46,182,522248,2198.15,2210.46,0.005600163774082789,False,2016-11-29 16:15:10.999
2016-11-30,2206.7041,0.0077480000000000005,0.021182,0.18071311458094916,0.43347874939257114,-0.7872278676809772,0.7447037687862557,0.012123399803291043,-0.39791311342968044,0.004782756846609173,0.0575792738503723,179,True,12,39,179,791399,2198.81,2214.09,0.0069492134381781145,False,2016-11-30 16:16:09.809
2016-12-01,2194.4211,0.0061270000000000005,0.021257,0.065295108603094,1.526752790534694,-0.7874946152091862,0.8440938187971827,0.016076345267670385,-0.5131153963955318,0.005215103455490376,0.0639432062086703,176,True,12,37,176,577068,2187.44,2202.6,0.0069304758073363,False,2016-12-01 16:37:31.075
2016-12-05,2205.2571,0.00519,0.021131,0.04950683273293063,1.9640884418089735,-0.8183325441462728,0.6054899012745146,0.009766592033932125,-0.17214642462278304,0.0051648423524059996,0.0672040403027355,183,True,12,46,183,633176,2199.97,2209.42,0.004295513120633698,False,2016-12-05 16:14:57.496
2016-12-07,2227.0935,0.004935,0.020781,0.0525111318901989,2.3287106222492095,-0.5491137813981504,0.9657650670240301,0.008163557433091885,-0.6881357034458585,0.0035953155018994144,0.05751765651577122,182,True,12,20,182,1130188,2208.93,2241.63,0.01480354741888612,False,2016-12-07 16:23:19.259
2016-12-08,2244.0599,0.005343,0.020749,0.058938803937188464,2.9847399367036114,-0.4506050458660077,1.6964150213675266,0.012142575346925944,-2.525989920855645,0.0048223493325260745,0.06426786504346038,181,True,12,29,181,1319171,2237.58,2251.66,0.0062925124464823234,False,2016-12-08 16:18:47.887
2016-12-09,2254.0166,0.005547,0.020627,0.04300226950595631,2.1368354992827747,-0.6087138148369164,0.570793826658556,0.008701267186271964,-0.14202804049141257,0.004316973357592107,0.05125574034142741,183,True,12,31,183,848506,2249.23,2259.8,0.004699386012102069,False,2016-12-09 16:27:03.390
2016-12-12,2256.3423,0.008468,0.020652,0.05592415201155447,1.1924530359561227,-0.9656360333866104,0.3708779759868781,0.00990220894277726,-0.004176623373223665,0.003806068736397724,0.04375694949182795,184,True,12,47,184,701110,2252.38,2263.97,0.005145668137703119,False,2016-12-12 16:19:55.541
2016-12-23,2261.0817,0.008517,0.020633,0.030973091952345388,3.889231623849082,-0.8091644284567219,0.4246839680244369,0.004797640753051345,0.0605665847219134,0.00925089697372935,0.1272766229990651,186,True,12,42,186,235092,2258.97,2263.79,0.002133715808532388,False,2016-12-23 16:14:04.835
2016-12-27,2270.8603,0.008568,0.020587,0.060113836282065285,1.4671740060361074,-0.7569754680208923,0.664171888384118,0.008655800292655764,-0.2647293813274124,0.0076705667002188475,0.13856372753345111,182,True,12,57,182,254072,2266.15,2273.82,0.0033845950179820505,False,2016-12-27 16:14:44.421
2016-12-30,2241.7764,0.008106,0.020872,0.05702562750753002,1.7294891510351647,-0.8155963453379927,0.6439825062992246,0.013021336173207502,-0.2174630602089396,0.003463108670310902,0.039108606586748765,183,True,12,40,183,557670,2233.63,2253.55,0.008918218326222416,False,2016-12-30 16:34:50.933
2017-01-03,2250.9259,0.009136,0.020697,0.06002667726538084,1.474576434877078,-0.9166575898598791,0.5493805797512651,0.011275182805210192,-0.12479117388883165,0.0033711015413041647,0.043035120579917874,182,True,12,30,182,870626,2245.15,2263.88,0.008342427009331299,False,2017-01-03 16:16:07.274
2017-01-04,2268.3199,0.009136,0.020697,0.053626998692368706,1.4641688084224675,-0.7957007969530823,0.5376338226008494,0.008707873790913787,-0.13201216965504411,0.0044456084936257394,0.06195841973067807,185,True,12,43,185,682142,2261.66,2272.78,0.00491674256961705,False,2017-01-04 16:19:16.030
2017-01-05,2267.0926,0.01073,0.020621,0.042076620264657284,2.156257093832236,-0.7799329345880645,0.5762132098669783,0.0077590384007488345,-0.15056564136490147,0.004259288158917564,0.06289097877248497,185,True,12,43,185,618937,2260.45,2271.45,0.004866287686080106,False,2017-01-05 16:22:45.328
2017-01-12,2263.2286,0.016071,0.020630000000000003,0.029320634425297414,8.074003178426828,-0.5597164877394551,1.4995836455276015,0.006759543311169389,-1.7752813188471666,0.005921920664166363,0.10245298446875002,181,True,12,26,181,736818,2254.25,2271.77,0.007771986248197749,False,2017-01-12 16:14:57.819
2017-01-17,2268.5981,0.0078000000000000005,0.020653,0.03327898885008592,5.606582175427816,-0.6922448273556011,1.2712629263644466,0.00787264402447107,-1.2429466565423908,0.005855339634163114,0.07801256907580313,183,True,12,41,183,697841,2262.81,2272.07,0.004092256972525465,False,2017-01-17 16:24:29.209
2017-01-18,2268.6259,0.008056,0.02062,0.035961151293797324,5.609366145295211,-0.6753431658821603,1.5755375332942376,0.008539588767417242,-2.0788799895923593,0.004015922813534082,0.05682486175934399,180,True,12,38,180,861760,2263.35,2272.01,0.0038261868469304794,False,2017-01-18 16:22:02.329
2017-01-19,2266.2256,0.008005,0.020695,0.049740308963961546,2.4695576978230043,-0.7384092357448325,1.0794011301658368,0.009176126606064754,-0.9194336740151942,0.004595306718522618,0.07455263006702711,184,True,12,42,184,542435,2258.43,2274.32,0.007035861195609394,False,2017-01-19 16:16:18.448
2017-01-23,2262.4394,0.007645,0.02069,0.04344025827150809,2.737242388354592,-0.7342838914483177,0.8918118033389073,0.008194741425768388,-0.5575152599709077,0.004164272606657552,0.06754648068695789,186,True,12,30,186,700665,2257.03,2271.76,0.006526275680872606,False,2017-01-23 16:15:32.958
2017-01-24,2275.2781,0.007799,0.020555,0.03668873869478561,2.890244020456274,-0.6537805136472137,0.8650883247972493,0.0074760097600319085,-0.5362989944391374,0.0033271086472207866,0.04450509039474965,182,True,12,29,182,536804,2266.7,2284.53,0.007866060793223717,False,2017-01-24 16:36:47.494
2017-01-25,2295.0353,0.007850000000000001,0.020391,0.04186720752907751,2.2839967311878797,-0.4285135393639681,0.9962272421064646,0.0072466143938120205,-0.8012195876342973,0.00343063772236112,0.05445493861122991,181,True,12,24,181,1068095,2288.98,2299.55,0.004617777350610419,False,2017-01-25 16:16:34.657
2017-01-26,2297.6843,0.007850000000000001,0.020406,0.07912992036991152,0.6168394581487027,-0.7689960324480731,0.38104218557948094,0.006997556987342652,-0.047572232782535154,0.00538611347467492,0.09172733168090523,189,True,12,42,189,495650,2294.11,2300.97,0.0029902663778109684,False,2017-01-26 16:17:41.877
2017-01-27,2293.8007,0.007850000000000001,0.020385,0.04345263637596236,2.0217950195092946,-0.7291129669712048,0.674683347822978,0.006222805718712776,-0.2794929722106833,0.004359821316124986,0.06927130273955892,187,True,12,43,187,751732,2291.62,2298.98,0.0032117017655632907,False,2017-01-27 16:16:06.948
2017-01-30,2274.6921,0.007747,0.02051,0.07508684702830182,1.0651363683058692,-0.7033607126031778,0.7069248657231444,0.009101576563377517,-0.3397873026751582,0.004319731435427545,0.06598517395660508,181,True,12,33,181,680385,2268.06,2285.31,0.007605618898970823,False,2017-01-30 16:19:48.679
2017-01-31,2272.4156,0.007593,0.02053,0.03244121917462009,3.929590696667569,-0.7162206353257126,0.9561195788995709,0.010265515797275375,-0.6592032230408115,0.004284826138922202,0.05816936487532025,186,True,12,30,186,594286,2267.21,2278.99,0.005195813356504209,False,2017-01-31 16:20:05.540
2017-02-01,2279.3385,0.008106,0.020527000000000004,0.04224337854595352,3.8500688011812203,-0.6397186062674356,1.5952043360707724,0.010066053384583908,-2.219397046226466,0.0038742753290961175,0.0558042125572977,181,True,12,36,181,538218,2272.44,2289.14,0.007348928904613361,False,2017-02-01 16:22:31.396
2017-02-02,2278.4458,0.008109,0.020541,0.04232060453532512,2.448967141746651,-0.7375375047320228,0.8525125879544633,0.008544308331964156,-0.5194941727690854,0.004161959927834022,0.06372772031004025,184,True,12,42,184,549420,2271.88,2283.78,0.005237952708769811,False,2017-02-02 16:16:03.127
2017-02-03,2295.0884,0.009599,0.020398999999999997,0.026455878107227618,6.5530597393864225,-0.5395288693057401,1.169957246886162,0.004417181864443058,-1.022066060152272,0.003696742329387023,0.06361960042889826,181,True,12,25,181,665514,2287.9,2298.31,0.004550024039512213,False,2017-02-03 16:15:49.554
2017-02-06,2292.5056,0.011501999999999998,0.020442000000000002,0.02529421946406069,8.878053916162251,-0.5693971877463814,1.695712602968115,0.0058014819806759535,-2.4263143435265575,0.004112230280168271,0.07127717609013844,192,True,12,30,192,817800,2288.62,2296.18,0.0033033006790117447,False,2017-02-06 16:36:55.520
2017-02-07,2295.0365,0.011501999999999998,0.020442000000000002,0.029554568151172585,5.522572792287276,-0.5162526615809361,1.3241532581214097,0.005731393809118895,-1.426947343074613,0.005401038233629923,0.08275765313808012,183,True,12,37,183,511499,2290.17,2299.36,0.004012802543042593,False,2017-02-07 16:17:28.091
2017-02-08,2292.0706,0.012119,0.020455,0.03197774830134021,3.796454960520655,-0.7309919086848264,0.743130183794591,0.00534495701268207,-0.3094383077367746,0.004762384902398437,0.07709075633304067,185,True,12,36,185,654132,2285.44,2295.87,0.004563672640716776,False,2017-02-08 16:17:11.272
2017-02-09,2306.9074,0.012119,0.020455,0.026348850984634752,7.214837302645861,-0.48891587215085885,1.4393576654588993,0.0044184338426232865,-1.691545143183693,0.006246265785255197,0.09596668792608862,186,True,12,37,186,809814,2296.92,2311.06,0.006156069867474745,False,2017-02-09 16:20:04.069
2017-02-13,2327.263,0.008005,0.020188,0.02381519037128796,7.476879295177125,-0.3427607872935885,1.2557133702958658,0.004910790691287378,-1.2206894607442331,0.005748969695862696,0.07406105424446001,182,True,12,31,182,1009839,2321.43,2331.58,0.004372305001658416,False,2017-02-13 16:19:03.906
2017-02-14,2330.8715,0.00821,0.020122,0.024254825566473123,6.14813430309688,-0.3362840346031203,1.1486607581436317,0.004952824649233607,-1.0211776871373734,0.0050580327532777775,0.06921354725077082,180,True,12,28,180,862679,2322.17,2337.58,0.006636034398859625,False,2017-02-14 16:20:27.073
2017-02-15,2341.6389,0.008261,0.020028,0.030475216859733065,2.538219917601046,-0.3804274797196667,0.618447962422635,0.0063070605898582115,-0.22777227737153763,0.004722035525978722,0.06952441765765333,182,True,12,29,182,1218104,2334.81,2351.3,0.007062673193964475,False,2017-02-15 16:33:57.805
2017-02-16,2344.6187,0.007954,0.020051,0.06293961637027866,0.6265483002688581,-0.8077079564308993,0.2995383081300796,0.00801738753706999,-0.010853778724686333,0.00429735731009504,0.06588070245352468,181,True,12,29,181,814367,2338.88,2351.31,0.005314509508824727,False,2017-02-16 16:22:41.677
2017-02-21,2362.5096,0.007953,0.019874,0.03614976162494041,2.6831183814302895,-0.5493545529262518,0.9230984487491937,0.008798320030584908,-0.6581225662827659,0.0034386127463159567,0.044988713153425015,192,True,12,31,192,1020404,2355.75,2366.7,0.004648201209805691,False,2017-02-21 16:18:58.538
2017-02-22,2362.0519,0.007953,0.019908,0.04704097943130263,1.1396154171851802,-0.959047949237719,0.2977014062955186,0.007461638294632744,0.018591123488477412,0.004186534430327727,0.057889692847828474,183,True,12,36,183,781585,2358.34,2365.13,0.0028791438045405737,False,2017-02-22 16:16:35.388
2017-02-23,2362.4613,0.007799,0.019905,0.03145538214157453,4.278307333789888,-0.5448112854803602,1.0976738525934109,0.008354532264785663,-0.9357363024603377,0.005042951964348861,0.06817164018110734,188,True,12,34,188,691410,2355.14,2368.26,0.005570794092920384,False,2017-02-23 16:18:50.038
2017-02-24,2359.0244,0.007747,0.019903999999999998,0.030219509248138213,5.7583453641396725,-0.7332645372364412,1.0902361723066367,0.007270011848773274,-0.8405861694346412,0.0055031570176103045,0.07555591570923728,182,True,12,42,182,649122,2352.9,2367.34,0.006137107399379449,False,2017-02-24 16:17:14.342
2017-02-27,2368.1296,0.007747,0.019894000000000002,0.046567686855610295,1.848225181854691,-0.7904764956677535,0.6327600016128704,0.008313425579135008,-0.22825007662659444,0.0056652559289521115,0.07629701534304416,183,True,12,46,183,664223,2361.87,2371.52,0.004085745616820624,False,2017-02-27 16:14:58.159
2017-02-28,2364.5979,0.008208,0.019894000000000002,0.03401904945327426,2.7359203481381957,-0.8181700768829027,0.5287584995380862,0.009361092453254907,-0.09343873158670307,0.00572228114408658,0.07494292628226522,185,True,12,42,185,674686,2358.96,2367.79,0.003743174958456219,False,2017-02-28 16:44:02.823
2017-03-01,2393.446,0.00826,0.019497,0.047046124479622364,1.3859679705242476,-0.46349676038868826,0.5838145714828139,0.009775330719093665,-0.21043061054355494,0.005012763820234673,0.06391192217587176,183,True,12,22,183,1359757,2381.69,2400.98,0.008099290839697737,False,2017-03-01 16:16:43.594
2017-03-02,2387.635,0.008006,0.019625999999999998,0.02738547266658698,5.34981720704173,-0.49807297868242,0.754821248245058,0.005977290233016663,-0.27674057101287153,0.00540337156253644,0.09123847374255767,189,True,12,31,189,857881,2380.21,2393.47,0.0055709370181622475,False,2017-03-02 16:17:26.544
2017-03-07,2370.3323,0.012428999999999999,0.019636,0.0347333113826998,2.2876566383618657,-0.7858625528690344,0.4377648893624516,0.006827689819069244,-0.03272231764467359,0.005071934983834115,0.07414069231998098,181,True,12,38,181,510431,2365.51,2375.07,0.0040414117885783085,False,2017-03-07 16:16:23.506
2017-03-08,2367.529,0.012105999999999999,0.019687,0.03562092746853857,3.5976313037053567,-0.529505238012048,1.0896184920430407,0.007682517657738655,-0.9309665307464852,0.004295901180491645,0.061696387868539676,190,True,12,36,190,714924,2361.06,2373.07,0.005086698347352536,False,2017-03-08 16:21:19.017
2017-03-09,2364.0632,0.012105999999999999,0.019687,0.0374681670228802,2.229028156499084,-0.7541994213891805,0.5371307370211217,0.008120229686188194,-0.12147423012003256,0.0050663893592487125,0.07258220539761354,181,True,12,44,181,564490,2354.56,2369.08,0.00616675727099758,False,2017-03-09 16:22:32.224
2017-03-10,2370.7019,0.012865999999999999,0.019610000000000002,0.03724736659180358,2.1878240505544286,-0.8566881514148802,0.48788955346457874,0.0070997862895179255,-0.07505484748113522,0.003995028173991733,0.05794859140527319,182,True,12,35,182,418192,2363.05,2376.81,0.005822983009246441,False,2017-03-10 16:30:04.928
2017-03-13,2371.4501,0.010471,0.019609,0.04180971931180376,2.2933144314121474,-0.7923708724509586,0.6573044941781359,0.007545101510762893,-0.24028353272467362,0.0036238829524268745,0.055443449588109976,182,True,12,34,182,657255,2368.52,2374.42,0.002491007042372484,False,2017-03-13 16:15:50.572
2017-03-14,2363.2901,0.010367999999999999,0.019683,0.03753078473447762,2.4588502446428473,-0.7705089513536926,0.6514831914949871,0.009397975749393299,-0.2398651903484774,0.004579611049959312,0.06325064024772852,183,True,12,36,183,468150,2358.18,2368.23,0.004261761188713464,False,2017-03-14 16:15:39.260
2017-03-15,2378.6792,0.010008,0.019509000000000002,0.03774549874013156,1.9793082692761195,-0.8014647516218039,0.5018073445783121,0.0073238658539125515,-0.10239065550414939,0.004765773674249244,0.07541589960607378,181,True,12,27,181,659426,2369.03,2390.01,0.008855945260296316,False,2017-03-15 16:43:52.692
2017-03-17,2381.4833,0.009800999999999999,0.019572,0.022042096910528452,9.218854486944576,-0.678776693598135,1.241169285438945,0.0038896787839407415,-1.1340954271064363,0.004730327484908996,0.08297701718501095,181,True,12,35,181,757127,2377.64,2385.7,0.0033899160512105286,False,2017-03-17 16:32:42.674
2017-03-20,2375.5498,0.009800999999999999,0.019577999999999998,0.030086804683829512,4.133023983285774,-0.682201780882547,0.9479542488401405,0.006330395009136465,-0.6499182872166707,0.004302723820817183,0.06601761759456039,182,True,12,38,182,606507,2369.66,2379.51,0.004156714465366473,False,2017-03-20 16:19:31.310
2017-03-22,2345.1629,0.009647,0.019792,0.04839987047210618,3.0890827607450433,-0.6429582866254321,1.7405967317084698,0.01648668607301616,-2.730654571438855,0.004358381008009201,0.05442030395405452,182,True,12,37,182,1007327,2336.46,2351.81,0.006569767939532456,False,2017-03-22 16:25:12.111
2017-03-23,2351.3488,0.009595,0.019814000000000002,0.05816302827843075,1.4338582687594712,-0.7248782041189843,0.9795080278871466,0.01488762340135778,-0.7926408986291296,0.004731145376649829,0.059491809753086745,181,True,12,42,181,619939,2342.13,2358.9,0.00716014909505458,False,2017-03-23 16:28:00.669
2017-03-24,2349.4473,0.009646,0.01983,0.07210849211383254,0.8885801220025612,-0.7973381016809516,0.6909608665721315,0.013113454259279669,-0.34927857369425086,0.00554167175654647,0.07135396079668388,182,True,12,30,182,486173,2335.81,2356.22,0.008737868234145685,False,2017-03-24 16:17:30.836
2017-03-27,2335.6475,0.009748,0.01985,0.03441260445598831,3.7463857421162414,-0.7617976338075386,1.034969061982314,0.01441825675007575,-0.81331517789455,0.006353758626447634,0.07694797243647446,182,True,12,33,182,741684,2322.51,2344.88,0.009631820745658715,False,2017-03-27 16:39:40.017
2017-03-28,2350.9933,0.010107999999999999,0.019709,0.0401306887950323,1.6512180010609048,-0.8244846293339334,0.486218385778511,0.008430931419131912,-0.10387928720239997,0.0034154896042966347,0.04843358572182187,183,True,12,41,183,729899,2337.63,2363.78,0.011186543636075852,False,2017-03-28 16:19:17.481
2017-03-29,2359.8072,0.010319,0.019698,0.03427904132493381,2.029349028325227,-0.7908417505237333,0.4781311305337309,0.007113191927312785,-0.08948109957611416,0.0038915666182207003,0.06591841551944573,183,True,12,40,183,530479,2352.97,2363.35,0.0044114459597870415,False,2017-03-29 16:18:48.843
2017-03-31,2367.1492,0.010164,0.019688,0.02273735671688136,6.388274568698266,-0.712308613351782,0.7313754510252356,0.005094647084938481,-0.24440509501461904,0.004807271484480033,0.0730495984916559,183,True,12,39,183,720976,2362.62,2370.34,0.00326755889647945,False,2017-03-31 16:16:25.995
2017-04-04,2356.8829,0.010215,0.019728000000000002,0.025991391048316388,3.6983974118023295,-0.7813843531510586,0.5922010826515517,0.007408397250138443,-0.15844913552919884,0.005632995265012351,0.09021811819182851,182,True,12,39,182,421453,2350.72,2360.39,0.004113633269806627,False,2017-04-04 16:40:28.074
2017-04-05,2370.2474,0.010934999999999999,0.019785,0.027392074974738494,3.9228385302475544,-0.7064780560173102,0.8411768425965122,0.0075994592717906415,-0.49266910625196947,0.004796193025066483,0.07723377095797529,184,True,12,41,184,749093,2350.64,2378.36,0.011792533097369384,False,2017-04-05 16:19:21.923
2017-04-06,2357.4098,0.010934999999999999,0.019785,0.02217172337064579,5.793094083201808,-0.8349394437419329,0.6633930965742085,0.00803144036506338,-0.18320464163656647,0.005049269944900184,0.08074933171990645,188,True,12,37,188,397846,2348.9,2364.01,0.00643279833113386,False,2017-04-06 16:36:12.895
2017-04-17,2340.2771,0.010161,0.019851,0.03152310233267496,4.8164428302682625,-0.8607314753266472,1.1604582821463023,0.01886657555742116,-1.0430049841658968,0.006083176720786519,0.07198602327841629,184,True,12,29,184,627284,2332.51,2349.14,0.007129658608108658,False,2017-04-17 16:17:10.604
2017-04-18,2341.9023,0.010006999999999999,0.019909,0.03089513273217471,6.2928833532351645,-0.7985656061885585,1.684453080348938,0.022846982386263186,-2.4485432469644395,0.00555820147275413,0.06631056041795669,183,True,12,35,183,514265,2334.54,2348.26,0.005876960771715289,False,2017-04-18 16:21:05.927
2017-04-19,2345.9823,0.010006,0.019948999999999998,0.029153594714809866,5.701541243598192,-0.7831101202621293,1.4006319251783903,0.01851737706375698,-1.6293289444976544,0.0061997810318606406,0.0698071261322111,182,True,12,39,182,792777,2335.05,2352.57,0.007503051326523957,False,2017-04-19 16:19:44.387
2017-04-21,2351.1669,0.009749,0.01986,0.03253314812940527,5.170171131600019,-0.7891659116763544,1.721866437567861,0.0229097939227681,-2.6284201422652,0.005253207173310601,0.05990148124150214,182,True,12,36,182,564770,2344.52,2356.18,0.00497329943869107,False,2017-04-21 16:32:13.583
2017-04-24,2373.0086,0.010057,0.019652,0.05032254285803804,1.0049131253116501,-0.7796607277558164,0.4806111272206784,0.007193758149616732,-0.12984748797413018,0.003899608694218308,0.06605384180366805,181,True,12,38,181,975267,2369.19,2376.98,0.0032880435929578677,False,2017-04-24 16:17:42.884
2017-04-26,2392.5369,0.010628,0.019542,0.24993179505822044,0.11170212232582678,-0.8726643478906164,0.26476092153452935,0.006698468094219583,-0.014262521682399582,0.0037270236379048235,0.06573115478628676,190,True,12,38,190,615814,2386.76,2398.16,0.0047763495282306945,False,2017-04-26 16:18:55.085
2017-04-27,2387.8665,0.010525,0.019557,0.0454251625432876,1.0984265013706414,-0.8438236130381839,0.39575872714733207,0.00632469098416731,-0.056832565380044234,0.00409176394620346,0.07521471779533564,183,True,12,48,183,567243,2382.69,2392.1,0.003949317787878437,False,2017-04-27 16:15:17.664
2017-04-28,2385.2188,0.010576,0.019595,0.04049991836392912,1.9432360342152133,-0.7262515510370207,0.853540547961362,0.0073239666058570125,-0.5711296655190591,0.003536846235600212,0.07090421633503029,186,True,12,44,186,638742,2382.36,2392.56,0.004281468795647836,False,2017-04-28 16:28:03.100
2017-05-01,2390.3828,0.008212,0.019562,0.029714244424378953,2.817567812260738,-0.710241692413671,0.7862390066113862,0.006787768282752459,-0.450727978205703,0.0034242902079680646,0.06055532356129933,184,True,12,34,184,612313,2384.83,2394.49,0.004050603187648605,False,2017-05-01 16:15:16.396
2017-05-02,2388.4688,0.008212,0.019562,0.04990079384963577,1.178971977703588,-0.7121390605740814,0.6399428571240395,0.006928609406028887,-0.2918635851563106,0.0036433849443088667,0.06807112808111382,183,True,12,38,183,648247,2385.85,2392.93,0.002967495861013969,False,2017-05-02 16:36:17.193
2017-05-03,2384.1671,0.008212,0.019562,0.03662724375686922,2.1552717374985413,-0.7263900920386622,0.7564243558518654,0.007517944218482905,-0.4142944795426093,0.003588596637351891,0.06723554807189268,184,True,12,34,184,712093,2379.75,2389.81,0.0042273348040759995,False,2017-05-03 16:18:58.899
2017-05-04,2387.6821,0.010163,0.019561,0.03994395740960743,1.7409274735005362,-0.741330110271759,0.6792208099538337,0.007289489977874097,-0.3222618429649001,0.0037618889748934144,0.07587239121212826,187,True,12,43,187,380204,2380.38,2391.36,0.004612708895218365,False,2017-05-04 16:16:21.326
2017-05-05,2393.3023,0.010934999999999999,0.019481,0.03316709279597475,3.112849149811495,-0.6516416428507837,1.0621909284645126,0.00628586515785927,-0.9217612552889654,0.003363768948015395,0.06535901305448293,184,True,12,32,184,535545,2389.38,2399.29,0.004147519440189429,False,2017-05-05 16:29:06.024
2017-05-08,2396.8365,0.010934999999999999,0.019481,0.040048277623926896,1.3999795598699492,-0.7257964342305232,0.46585373744905556,0.00505633509770284,-0.10488616453226417,0.004371206743596009,0.08179546406727725,183,True,12,38,183,684588,2393.94,2401.34,0.003091138457939735,False,2017-05-08 16:19:59.367
2017-05-09,2399.5441,0.012092,0.019666,0.04685162920562641,1.757223677314461,-0.5284350878983828,1.0507660797913676,0.005556005804803776,-0.9394517701183499,0.0043427966595437585,0.08149171225067732,181,True,12,32,181,736269,2392.46,2403.79,0.004735711359855621,False,2017-05-09 16:16:41.584
2017-05-10,2397.2016,0.01333,0.019667,0.03690526083926788,2.3241998751564563,-0.6521869572125877,0.8726093234600153,0.005514509037794589,-0.5898966261188598,0.003730375453097975,0.07478792619189566,188,True,12,38,188,544508,2392.79,2399.74,0.0029045591130019144,False,2017-05-10 16:20:16.374
2017-05-11,2389.8884,0.01333,0.019667,0.029340380864483373,4.3494341844623134,-0.7186216993186657,1.1195148264954227,0.006719558151059049,-0.9980853357088204,0.004097306767737847,0.08302567621393951,182,True,12,37,182,705562,2381.74,2395.72,0.005869658317028792,False,2017-05-11 16:22:09.471
2017-05-12,2389.7312,0.016563,0.019761,0.029571239447052,4.092119303044102,-0.7198444958863452,1.0160256191599157,0.005219541112395091,-0.7902899792768487,0.0033808996106976367,0.06391922366804513,183,True,12,37,183,459320,2387.22,2392.31,0.0021321872303350364,False,2017-05-12 16:15:02.157
2017-05-15,2401.4728,0.011035999999999999,0.01968,0.024032305733646946,6.242319184743242,-0.6720545883266407,1.219843045203117,0.004556645272684872,-1.1879824086608952,0.0038669544759879896,0.07705536128774733,181,True,12,34,181,613878,2394.44,2404.01,0.0039967591587177775,False,2017-05-15 16:16:17.830
2017-05-16,2400.0585,0.010984,0.019719,0.029154861129200887,4.792828799390836,-0.6699847511605354,1.2401954947908123,0.004274581497634623,-1.2586163491748787,0.003159538912900201,0.07088361288039455,181,True,12,31,181,625938,2396.05,2405.77,0.004056676613593213,False,2017-05-16 16:19:28.743
2017-05-17,2370.8278,0.010726,0.020099,0.041565625680323466,3.43817126791525,-0.7736546067300316,1.3517973156385117,0.012413633410059084,-1.5415365026734693,0.009121540706549015,0.1159166819054834,184,True,12,27,184,1071681,2356.21,2384.87,0.012163601716315586,False,2017-05-17 16:23:07.622
2017-05-19,2382.6776,0.01088,0.019898,0.02191918378465968,13.148095570113625,-0.7878481922576933,1.6860278311358619,0.005682197031964307,-2.266298800925518,0.004243752868804053,0.06944283907056556,187,True,12,33,187,630185,2371.04,2389.06,0.007600040488561888,False,2017-05-19 16:45:24.102
2017-05-22,2391.7152,0.010983,0.019798,0.024240597410069904,7.515677460394855,-0.7325554813024073,1.2323477446416429,0.004885089475050718,-1.1543119405606073,0.003788831070557098,0.0698679171044661,186,True,12,33,186,517892,2386.92,2395.46,0.003577832520570423,False,2017-05-22 16:16:46.130
2017-05-23,2397.4856,0.011240000000000002,0.019763,0.026110123772695983,5.548344247508764,-0.6889246566673043,1.216356897051044,0.0054056638949507635,-1.1897881909316852,0.003908483321351506,0.07856537369718812,191,True,12,39,191,642136,2393.91,2400.84,0.002894845670889934,False,2017-05-23 16:17:10.186
2017-05-24,2401.0217,0.011504,0.019718,0.02880895613808159,3.7088996717733544,-0.696111855938702,0.9396401418792771,0.005400231578529174,-0.6692245403015805,0.0035684782749910676,0.06972772386727824,181,True,12,33,181,588745,2397.99,2405.57,0.003160980654631773,False,2017-05-24 16:15:39.435
2017-05-25,2414.8849,0.011504,0.019639,0.0268705336706435,4.367193944294317,-0.5906974996372413,1.1380423812959213,0.004967679979448449,-1.0604427977729096,0.003877739506244732,0.08485545290267288,184,True,12,29,184,902979,2408.01,2418.71,0.004443503141598137,False,2017-05-25 16:33:45.314
2017-05-26,2414.8751,0.011452,0.019643,0.020110601337064837,7.073465262846087,-0.7097165006346419,1.0449964116261592,0.0033318818313517085,-0.8075142203662007,0.004639826447213069,0.08847121338211299,183,True,12,36,183,468124,2412.23,2416.68,0.0018447660463554172,False,2017-05-26 16:16:26.923
2017-05-30,2413.2815,0.011451,0.019683,0.02170846501536169,6.055609422544923,-0.6914673651392672,1.0696019162086412,0.005402200232257802,-0.8811322885651751,0.005282310984328387,0.09788824451195302,184,True,12,36,184,554172,2409.45,2415.26,0.0024113386872524067,False,2017-05-30 16:20:35.114
2017-05-31,2408.5726,0.011503000000000001,0.019712,0.049738982670686924,1.4373241060504993,-0.7591547853813101,0.6991758249133979,0.006496144912973509,-0.34586475653731774,0.003243312443161019,0.07190494776818124,178,True,12,38,178,666115,2403.59,2415.99,0.005158949737683827,False,2017-05-31 16:22:25.506
2017-06-01,2421.0713,0.008314,0.019572,0.042600372283952095,1.9996711065492994,-0.7062408371799023,0.8190817665622923,0.005136443955571109,-0.5005214731458802,0.004037172690444194,0.10193154451046632,182,True,12,26,182,909549,2413.55,2430.06,0.006840546083569654,False,2017-06-01 16:17:00.308
2017-06-02,2435.8269,0.007801,0.019488000000000002,0.03294854794326896,3.7228819615716615,-0.5638784739107028,1.3384311915168483,0.00492805593430147,-1.54607094482926,0.004779024517165224,0.1119761355667441,182,True,12,24,182,1043889,2427.72,2440.23,0.0051529830458207915,False,2017-06-02 16:23:51.150
2017-06-05,2437.5723,0.007801,0.019488000000000002,0.03468973700942371,2.2159958733892404,-0.6402246351684364,0.9857306049625039,0.006866461161881701,-0.8179201974360619,0.005318243469689226,0.10045341692040831,191,True,12,32,191,610408,2434.32,2439.5,0.002127904301817196,False,2017-06-05 16:22:02.825
2017-06-06,2432.3002,0.011449,0.01957,0.04610043703092954,2.0235087246725456,-0.614214070263715,1.2634554522724712,0.008809431747161782,-1.4097504067904285,0.0044385249439863935,0.0732246824787235,190,True,12,35,190,483795,2428.12,2436.18,0.0033194405548324646,False,2017-06-06 16:35:19.701
2017-06-07,2431.2597,0.012171000000000001,0.019534,0.40542585470392545,0.12112581612629955,-0.7554947760175962,0.6049496483674875,0.0072378940495065255,-0.26774900200051577,0.0038330132954000795,0.07636080286736159,183,True,12,44,183,583001,2424.75,2435.22,0.004317970924837544,False,2017-06-07 16:19:37.054
2017-06-09,2438.8209,0.012272,0.019552,0.0689549971983532,1.4030770027860808,-0.5688624727234124,1.2836004947495383,0.005941869874443891,-1.4541318885288834,0.005337353754961148,0.09702297081004219,182,True,12,20,182,676205,2415.7,2446.19,0.012621600364283836,False,2017-06-09 16:21:48.053
2017-06-12,2424.6743,0.01663,0.019575,0.1416789063079545,0.6508934989049837,-0.7474020999438429,1.3548230060086646,0.010734228729392765,-1.6511096195147221,0.0034003387978059725,0.057618777743456265,180,True,12,28,180,395187,2419.97,2430.37,0.004297573936866916,False,2017-06-12 16:20:11.837
2017-06-13,2437.0483,0.012015,0.019498,0.05954194598465121,1.12126718172844,-0.7675208343261152,0.7560211303994154,0.006278277704057464,-0.4380430896727362,0.003286773574285555,0.06720932118258953,183,True,12,38,183,729700,2431.35,2441.48,0.004166409607831101,False,2017-06-13 16:34:15.410
2017-06-14,2437.5156,0.011859999999999999,0.019523,0.055706710258802625,1.756438262178588,-0.7013230402076467,1.2073735179012017,0.006793272850111248,-1.2620600170118088,0.0031606794277270617,0.075038892186465,191,True,12,38,191,702493,2428.34,2443.5,0.006242947857383996,False,2017-06-14 16:23:40.990
2017-06-15,2426.7393,0.011961999999999999,0.019591,0.0698056162815963,1.2693998886763926,-0.7816924445846215,1.051061883549676,0.008329586807365744,-0.9275085999773018,0.0037170047527563476,0.07161037065794565,185,True,12,41,185,733127,2418.58,2433.94,0.006350833960423019,False,2017-06-15 16:20:43.555
2017-06-16,2428.8716,0.011859,0.019586,0.03748656656033593,2.8132934062833406,-0.7737862437951681,0.95989318920654,0.005344387877412032,-0.7104735136283131,0.003610499094512999,0.06939413880587188,181,True,12,43,181,560164,2422.88,2433.15,0.004238757181536101,False,2017-06-16 16:22:19.389
2017-06-19,2449.5126,0.012013000000000001,0.019448,0.031726195595789,2.89541641959236,-0.7338808978528161,0.8914908840840303,0.004823683861260934,-0.6110349010864334,0.002746503680608355,0.06009674555516066,181,True,12,37,181,627116,2441.8,2453.8,0.004914407404373877,False,2017-06-19 16:20:53.427
2017-06-20,2444.4324,0.012063999999999998,0.01958,0.03930344162813953,2.250794540202496,-0.6356756379071441,0.9513787948472536,0.0057473408495947375,-0.7281936676294447,0.002969353505097127,0.05485431033499745,182,True,12,27,182,682762,2436.6,2449.1,0.0051300993187228805,False,2017-06-20 16:17:34.821
2017-06-21,2437.1921,0.012124,0.019594,0.045424859246632344,1.666863228278742,-0.772418849360899,0.7671445553869197,0.006377926118311844,-0.43707671380389657,0.0029064786171553347,0.06106040851129497,186,True,12,27,186,649379,2430.74,2442.23,0.0047269555773139516,False,2017-06-21 16:20:48.080
2017-06-22,2436.7208,0.012072000000000001,0.019603,0.031168077003615964,3.3007678335963937,-0.752509229519609,0.9952734802857793,0.00595809693182216,-0.7848121285429854,0.003524913225316993,0.07277664544372901,185,True,12,39,185,566890,2433.27,2441.62,0.003431596164831685,False,2017-06-22 16:38:19.083
2017-06-23,2437.6445,0.012019,0.019572,0.030425024210138783,3.4609435517707103,-0.7519690856470468,0.9636512992608586,0.004482369752493685,-0.7180252438620457,0.0036252727068172294,0.09801421258569766,171,True,11,39,171,433872,2431.11,2441.4,0.004232634475609842,False,2017-06-23 16:16:05.100
2017-06-26,2442.6199,0.011967,0.019568000000000002,0.03373589471764872,3.510865992902409,-0.7290419488667464,1.1539739859415663,0.004403150733614755,-1.0947715492212085,0.0033251932891893393,0.07172709128171127,184,True,12,40,184,555389,2437.05,2450.41,0.005482037709525711,False,2017-06-26 16:25:26.829
2017-06-27,2432.3658,0.01207,0.019726999999999998,0.07494349954183861,0.9301648045531193,-0.7595746117502902,0.7786637048828162,0.006146118575095672,-0.4668975540941114,0.005152442753297013,0.0988900748136308,187,True,12,28,187,680318,2419.38,2440.09,0.008560044308872472,False,2017-06-27 16:30:51.688
2017-06-28,2437.6081,0.012018,0.019566,0.03280817793626566,3.3252244758625586,-0.7324274722828317,1.0831057275016325,0.005535671429945244,-0.9549289043825914,0.00363543462111388,0.0799342236737876,186,True,12,27,186,482676,2428.09,2442.96,0.006124155200177839,False,2017-06-28 16:14:56.217
2017-06-29,2421.9316,0.012173,0.019738,0.04548763409660207,1.8483532146875148,-0.8117531064500902,0.8183166351047998,0.008278519010150443,-0.5014876858672743,0.008234146871459257,0.1354190696535599,179,True,12,32,179,716744,2405.7,2442.57,0.015326100511285912,False,2017-06-29 16:26:44.294
2017-06-30,2426.5617,0.012275000000000001,0.019714,0.029886047479557868,3.5693932760367266,-0.790062085275024,0.8910107846607411,0.006635087036499004,-0.5805501045400532,0.003610022108425137,0.06703542322007067,181,True,12,30,181,510132,2421.75,2432.71,0.00452565293692575,False,2017-06-30 16:25:02.823
2017-07-05,2430.3006,0.009958,0.019684,0.09609166798208978,0.7109923622208623,-0.8143340286012627,0.7221266380877686,0.007656096978839979,-0.38482599741928547,0.0036997934043574428,0.07163821287112263,184,True,12,37,184,504796,2422.05,2434.84,0.005280650688466393,False,2017-07-05 16:18:59.878
2017-07-06,2416.6326,0.011655,0.020236999999999998,0.0833913781153133,1.0346110514212385,-0.7972002740205956,1.0179819750720718,0.011089235368168067,-0.8637320187889354,0.0033517468914831096,0.05186722399770229,183,True,12,28,183,722352,2407.7,2424.28,0.006886239980064213,False,2017-07-06 16:23:11.138
2017-07-07,2421.5412,0.012067000000000001,0.020109,0.029587127096431416,3.468385510320405,-0.8566557045455137,0.707924320226761,0.00674388977463491,-0.2959177173419797,0.004608427171176963,0.08221872888239289,183,True,12,29,183,696399,2414.38,2426.85,0.005164887051748224,False,2017-07-07 16:27:47.498
2017-07-11,2424.1928,0.014879,0.020111,0.09456746211346448,0.6501172498460127,-0.7700180404109196,0.7618623020060682,0.008020198111406538,-0.4574742904297404,0.004371247167636379,0.07588311512117758,182,True,12,39,182,478560,2412.79,2429.3,0.006842700773793009,False,2017-07-11 16:24:35.984
2017-07-13,2447.0825,0.012014,0.019937,0.049378887890074,1.066351586817142,-0.7884966424863574,0.5230878483512164,0.005040504253060046,-0.16831038617901278,0.004395399789510607,0.08617126343111202,190,True,12,52,190,531319,2441.69,2449.32,0.003124884813387574,False,2017-07-13 16:15:21.517
2017-07-14,2455.8228,0.011961999999999999,0.019844,0.0885254506104083,0.6687383609756423,-0.6476001855420797,0.6862698639118712,0.0042030398108422445,-0.3525655966219489,0.002718656291491002,0.0573377660650875,183,True,12,23,183,751110,2446.69,2463.54,0.0068868553024699075,False,2017-07-14 16:35:13.412
2017-07-17,2460.1556,0.011961,0.019851,0.04956291301447519,1.0437593983655065,-0.7056842362371777,0.6051480388794783,0.004996669954925307,-0.2627406364212175,0.003665083570262846,0.06933221232329563,182,True,12,34,182,636713,2457.16,2462.81,0.002299402562307762,False,2017-07-17 16:56:29.639
2017-07-18,2456.2673,0.01191,0.01984,0.37751637803043236,0.1625857136370031,-0.659606271431046,0.8508076542694137,0.005510287992133439,-0.6011161250999533,0.002915733974976315,0.05671559965835775,182,True,12,27,182,622969,2450.4,2460.92,0.004293176624224682,False,2017-07-18 16:22:10.208
2017-07-19,2469.3192,0.012175,0.019739,0.052708088006999235,1.5468768984987529,-0.625569868701482,1.0938745484081054,0.0047529156633784935,-1.0334956802509039,0.0027437268449139094,0.07087728650599762,176,True,12,39,176,875533,2464.45,2473.83,0.003806123070056344,False,2017-07-19 16:25:36.750
2017-07-20,2474.0305,0.012072000000000001,0.019747,0.051266944251169726,1.3972860487277259,-0.6128735529448969,0.9112182713839977,0.004751897030670116,-0.6870495661779178,0.0029993174697249244,0.06641753318671152,176,True,12,33,176,803118,2468.43,2477.56,0.003698707275474833,False,2017-07-20 16:30:05.632
2017-07-21,2468.6113,0.012071,0.019754,0.02264860269833055,4.650087216742649,-0.6596959859196416,0.9256766654386008,0.0031907895554120474,-0.6462413331683474,0.0029643930090347517,0.07998020055891311,184,True,12,28,184,686191,2465.06,2472.54,0.0030344088987692697,False,2017-07-21 16:37:10.483
2017-07-24,2469.4375,0.012174,0.019781,0.021346707782514757,4.250792362320847,-0.6772750204968279,0.9042801137727038,0.004414744713745552,-0.6362416793595567,0.004485285920526631,0.09322790597947767,183,True,12,40,183,412658,2466.32,2473.1,0.0027490349995134,False,2017-07-24 16:14:59.392
2017-07-25,2478.8098,0.012277,0.019723,0.01756121545668319,4.931855879582582,-0.6068259102015368,0.8894716954001441,0.004034028212806076,-0.6179411295126878,0.004627596673066204,0.08501135509782139,182,True,12,34,182,656526,2474.93,2481.24,0.002549567058462321,False,2017-07-25 16:15:21.921
2017-07-26,2479.1503,0.012173,0.019686,0.04052139776293039,1.198921313032502,-0.728405085998394,0.5593881169312159,0.004486661755073619,-0.21575113054016212,0.004143882145339926,0.08280374669974513,184,True,12,38,184,805858,2474.94,2481.2,0.002529354246971538,False,2017-07-26 16:42:35.417
2017-07-27,2474.4155,0.012173,0.019715,0.023750733032351423,3.4659586845862385,-0.613401846038461,0.8979946357081463,0.00433767176328005,-0.6417562469230711,0.006144497462700884,0.13369479414719923,181,True,12,21,181,592183,2459.93,2484.04,0.009801091900989212,False,2017-07-27 16:23:03.567
2017-07-28,2469.3584,0.012069000000000002,0.019745,0.029539216561850448,4.218154532097089,-0.7589566788537843,1.2814042662037897,0.00538110083422294,-1.3927949330153389,0.002784590785521738,0.06310834599206662,178,True,12,33,178,477514,2464.66,2473.53,0.003598873678316794,False,2017-07-28 16:16:49.604
2017-07-31,2472.341,0.012119999999999999,0.019761,0.02185294549163411,5.629965434739677,-0.7331708744597216,1.1905178288123226,0.00530695542350386,-1.1712700451897062,0.0033937601880064446,0.06151057082312628,186,True,12,36,186,562088,2468.54,2477.96,0.0038160208058204415,False,2017-07-31 16:19:03.810
2017-08-01,2474.7065,0.012119999999999999,0.019761,0.02474501028285664,6.086592297600259,-0.723590219991558,1.7015871658252695,0.005844897619574214,-2.5941733049179243,0.004280673386489864,0.08285527284049826,177,True,12,39,177,637773,2471.14,2478.47,0.002966242301124078,False,2017-08-01 16:15:52.228
2017-08-03,2472.7261,0.010163,0.01978,0.03225911830717393,3.9905733842886173,-0.7610208969050425,1.4522967396297075,0.0055374375171942216,-1.8517010621046266,0.003608344807754921,0.08739340628202888,187,True,12,42,187,464644,2468.85,2475.33,0.0026247038094660002,False,2017-08-03 16:28:03.086
2017-08-04,2475.9065,0.010163,0.01978,0.02344432176680461,6.155956854676051,-0.7577047372639352,1.2617164671860894,0.0031791145313341002,-1.303283977001363,0.0027214626053681315,0.06740613846857313,181,True,12,32,181,724154,2472.1,2480.0,0.0031956636058412258,False,2017-08-04 16:16:12.407
2017-08-07,2478.8777,0.010163,0.01978,0.025331105798375927,5.523281764399003,-0.7667427391936881,1.367541311419032,0.0044441939777908265,-1.5903475689812225,0.00283219108804567,0.06315537821650372,181,True,12,29,181,475840,2475.88,2480.95,0.0020477567571932642,False,2017-08-07 16:15:26.715
2017-08-08,2481.5749,0.012221,0.019777,0.04342859018388278,2.506894928639582,-0.7496236852313567,1.1672758680900812,0.004500514074821243,-1.1447911272455678,0.004838549738539828,0.10098410547145405,182,True,12,22,182,663571,2470.32,2490.83,0.008302568088344842,False,2017-08-08 16:19:09.270
2017-08-09,2468.7998,0.011975,0.019796,0.042423280510317025,4.244700842573023,-0.8260600796449381,1.8264243760542858,0.009859153409083377,-2.975677732391578,0.0037030347155980903,0.07125526711380378,182,True,12,27,182,757150,2462.08,2474.41,0.005007960748635298,False,2017-08-09 16:16:01.696
2017-08-11,2443.3453,0.015202,0.020087,0.02995835474237897,10.29564852924362,-0.8705492845278773,1.9861037941526558,0.018311111077607915,-3.32772689926371,0.004638757279531399,0.05842774865813458,182,True,12,29,182,622128,2437.85,2448.09,0.0042004225034355525,False,2017-08-11 16:22:39.135
2017-08-14,2464.9392,0.012052,0.01989,0.05397042023997604,2.825138476226969,-0.8380054376711772,1.4839881590941946,0.009488915053705292,-1.8972730347355866,0.002505967737274408,0.045202620518160444,183,True,12,26,183,589796,2455.83,2468.18,0.005028849716796291,False,2017-08-14 16:18:10.849
2017-08-15,2465.4042,0.012270000000000001,0.019919,0.04965878755838624,1.9976412198628222,-0.8535304377137554,0.9824349274724797,0.007877092407393574,-0.7667775048077696,0.0026046650429568537,0.05652270399999279,184,True,12,37,184,719743,2461.61,2468.88,0.0029533516682171967,False,2017-08-15 16:18:47.816
2017-08-16,2469.8412,0.012381999999999999,0.019915000000000002,0.04111629466391934,2.9560345297495907,-0.8115357528879926,1.2083695500547527,0.00695193534296176,-1.2170745959757165,0.002977494979352328,0.05902674555965957,182,True,12,32,182,1250686,2463.86,2474.93,0.004492950086449676,False,2017-08-16 16:16:50.566
2017-08-17,2446.0566,0.012226999999999998,0.020229,0.035559093998280465,6.2754693482381665,-0.8594157783669439,1.9324570578918405,0.015150571580880972,-3.2880902717213303,0.008495585849434736,0.12093302179352167,184,True,12,23,184,792376,2430.01,2465.02,0.01440734811790878,False,2017-08-17 16:45:27.436
2017-08-21,2425.609,0.012148,0.020249000000000003,0.03419224821059959,3.4928896009176773,-0.8827914991131539,0.8947530795774516,0.013445380785806246,-0.5617235769997349,0.004598524883550325,0.06261321638100752,181,True,12,37,181,568885,2417.35,2430.58,0.005472935239001497,False,2017-08-21 16:17:34.963
2017-08-22,2447.2961,0.012277,0.020054,0.03200222066883701,3.6879948009857464,-0.7465624172192484,0.8961815562044189,0.007734526174678791,-0.5670933347876349,0.004558756095137892,0.07391112131798838,190,True,12,23,190,1065145,2434.53,2454.76,0.00830961212225767,False,2017-08-22 16:19:12.168
2017-08-23,2445.6871,0.012173,0.020131,0.035151371741631944,2.473032431819827,-0.8910659945364187,0.6536567784246834,0.00828795322588806,-0.2534062193005141,0.0034947345238143814,0.060641480427869536,183,True,12,33,183,677386,2441.42,2448.91,0.0030678867216618055,False,2017-08-23 16:29:39.571
2017-08-24,2442.5506,0.012289000000000001,0.020173999999999997,0.04463872626126317,1.9049921427640015,-0.9176958011539714,0.651572986435443,0.00894922350822747,-0.25447451107100316,0.0033411027412802215,0.05702988169264352,186,True,12,33,186,474506,2436.22,2450.39,0.0058163876825574334,False,2017-08-24 16:14:48.783
2017-08-25,2447.7675,0.012249000000000001,0.020146,0.024264154824865342,7.839553715307242,-0.7816172599497504,1.216071829940702,0.00590221806272186,-1.0983904053632014,0.004842280044286104,0.0863752428844733,188,True,12,35,188,504714,2442.24,2453.96,0.004798873165618556,False,2017-08-25 16:14:55.180
2017-08-28,2444.0071,0.012287999999999999,0.020139,0.03268726403654389,4.365762373823427,-0.8024398818524776,1.0661360902970165,0.006989897145440704,-0.8512365081658582,0.004885048801005566,0.08438546429399182,176,True,12,47,176,648515,2439.03,2449.12,0.004136890485151756,False,2017-08-28 16:16:56.666
2017-08-29,2441.928,0.012158,0.020137000000000002,0.03961118805770954,2.9225222572105567,-0.9520533055457406,0.8047773493332856,0.008494162388409427,-0.416137424533491,0.005505054295807878,0.07957777693984862,185,True,12,34,185,609777,2428.2,2449.16,0.008631908409521438,False,2017-08-29 16:16:09.629
2017-08-30,2454.6427,0.012183999999999999,0.020081,0.0316109495757156,4.6395248635359305,-0.8256564558214131,1.1564403393547742,0.00724408292842721,-1.044034685453959,0.004375290879605269,0.07059551527597355,183,True,12,41,183,630403,2443.77,2460.31,0.006768231052840523,False,2017-08-30 16:23:36.513
2017-08-31,2469.3508,0.012171000000000001,0.020022,0.03575941692334818,4.941788099119184,-0.6547601753206217,1.6429448729736327,0.005295552598220724,-2.34583693366386,0.003641098177709937,0.0658630690139116,183,True,12,28,183,910745,2462.94,2475.01,0.004900647194004071,False,2017-08-31 16:37:27.080
2017-09-01,2477.4095,0.008057,0.020001,0.02854339701636723,3.2796178178329902,-0.7491406877375809,0.6231693550790768,0.0037250655751631242,-0.20111717823695452,0.005507604682498054,0.09620078525704356,180,True,12,37,180,574313,2473.85,2480.38,0.0026396103239889612,False,2017-09-01 16:15:29.189
2017-09-05,2461.8307,0.011192,0.020154000000000002,0.031105880254995874,4.960404380671967,-0.7638368275269133,1.1783471274917425,0.009578322775695489,-1.0799064635049627,0.0070951866313092625,0.1005257220709302,182,True,12,23,182,916553,2446.55,2471.97,0.010390141219267734,False,2017-09-05 16:17:27.531
2017-09-06,2465.1974,0.011859999999999999,0.020096,0.03250921131453239,6.463661773801545,-0.7783250584663509,1.7383345086519162,0.007784264919181819,-2.6015497710297395,0.003930311877716279,0.07168444336074763,182,True,12,31,182,689953,2459.28,2469.63,0.0042085488435639196,False,2017-09-06 16:17:57.667
2017-09-07,2464.167,0.011859999999999999,0.020096,0.045439026178546414,2.5808365381474108,-0.8537415618711952,1.004779800295547,0.007329204663010638,-0.7750410490431008,0.004144707041621451,0.07948496708009356,185,True,12,40,185,547616,2460.29,2468.61,0.0033817151636597043,False,2017-09-07 16:27:36.280
2017-09-08,2463.3569,0.012027000000000001,0.020154000000000002,0.04324346993460525,3.6036571071490777,-0.837907504735794,1.349532927182061,0.008869556157856645,-1.5095698460133269,0.003989486137381573,0.07257134789754682,184,True,12,41,184,470105,2459.42,2467.11,0.003126753462198373,False,2017-09-08 16:20:49.036
2017-09-11,2485.3707,0.015149999999999999,0.019939,0.05491056324206613,2.491589130820625,-0.6952853666863996,1.5723567145186532,0.006199740417778167,-2.1986765126095524,0.0036588455662814314,0.06760313097182125,181,True,12,23,181,955085,2475.86,2488.95,0.005287051771909468,False,2017-09-11 16:36:44.019
2017-09-13,2495.9529,0.01264,0.019864,0.03905749518280745,2.283202478626702,-0.7583038499222101,0.92010569120701,0.005306084313300649,-0.6682421433708569,0.00612944488630028,0.11149008377027314,186,True,12,42,186,567491,2492.19,2498.37,0.0024797467287807073,False,2017-09-13 16:17:43.749
2017-09-14,2495.6932,0.012768999999999999,0.019905,0.026917780172947235,5.394925137204785,-0.7046806651770056,1.5673312868078972,0.005555518324287873,-2.166088544821328,0.005373448179378506,0.09077890915678329,183,True,12,33,183,897229,2491.35,2498.43,0.002841832741284911,False,2017-09-14 16:24:00.789
2017-09-15,2497.3389,0.012897,0.019875,0.04434164483529278,2.3033492647017813,-0.6953104228445751,1.1259240744420258,0.004092384264720155,-1.063436431354054,0.003907782371420341,0.08191995419164864,182,True,12,34,182,843208,2493.16,2500.23,0.002835758635627128,False,2017-09-15 16:23:06.011
2017-09-18,2505.5717,0.012948,0.019828,0.11597221949075336,0.44192249922081456,-0.7839070131767637,0.594384300629626,0.004859351309784012,-0.25079123067989245,0.004683352415191681,0.0902211215195281,182,True,12,37,182,880321,2499.92,2508.22,0.003320106243399623,False,2017-09-18 16:15:42.958
2017-09-20,2505.9282,0.012948,0.019794,0.04165395154051855,2.342562050081588,-0.7061761045435774,1.2641326546182698,0.006688009768008549,-1.4028774362427212,0.005347141891940284,0.09525791114127967,181,True,12,38,181,910522,2496.67,2508.85,0.004878498159548439,False,2017-09-20 16:19:29.068
2017-09-22,2499.8274,0.012946,0.019793,0.06357910116595257,0.9606621025815957,-0.7643662516485616,0.6442384050723307,0.00426279008918155,-0.2928870565574765,0.004123615313035468,0.08707220199738647,163,True,11,29,163,458605,2496.94,2503.46,0.002611196104031377,False,2017-09-22 16:23:43.666
2017-09-26,2499.4014,0.012920000000000001,0.019838,0.04484567116750811,1.9128221227438824,-0.7333129795089662,0.942233086558535,0.005503886217799845,-0.7162396055686098,0.0038529685115072754,0.07569268015376067,181,True,12,37,181,514614,2495.14,2503.51,0.0033545211891918836,False,2017-09-26 16:16:49.461
2017-09-27,2502.78,0.013023,0.019757,0.07187035999051714,1.2946145756328091,-0.7060428072427151,1.2033823172728986,0.005981162903277163,-1.26204017032569,0.003046217442362949,0.0695175637586499,182,True,12,30,182,894532,2495.91,2511.75,0.006346382682067997,False,2017-09-27 16:26:32.516
2017-09-28,2508.0563,0.012868,0.01975,0.04470860400393364,2.1023655715750493,-0.7102709892579295,1.1234578818867453,0.005327970865605474,-1.074169952751347,0.003855099006590401,0.08555641179153624,184,True,12,39,184,652284,2502.93,2510.8,0.003144314862980835,False,2017-09-28 16:20:48.995
2017-09-29,2515.5832,0.012891999999999999,0.019679,0.035083850472418736,3.9703969752691615,-0.6649067685008574,1.7080493866480233,0.004652805908774413,-2.638839079635715,0.004240509122972662,0.08079660152405525,182,True,12,36,182,754263,2507.99,2519.44,0.004565408952986294,False,2017-09-29 16:34:04.404
2017-10-02,2525.2298,0.007903,0.019604,0.0675169368480049,1.2642782763801679,-0.5832592624329886,1.1126968215236703,0.004275795342810515,-1.06737382353955,0.003001701102643367,0.06513780620234079,180,True,12,24,180,1099539,2518.058,2529.23,0.004436752449705317,False,2017-10-02 16:15:48.950
2017-10-03,2531.9022,0.010265999999999999,0.019566,0.028308803354256604,3.2331167236550264,-0.5503337403028703,1.0348062810817047,0.00375644127752927,-0.887772708263531,0.0032846128401592656,0.06921606186207402,182,True,12,26,182,785968,2528.85,2535.12,0.0024793878640487765,False,2017-10-03 16:16:10.310
2017-10-04,2536.163,0.010523,0.019549,0.03290409539223408,3.3087297318886133,-0.6186900737886736,1.3571837345162565,0.004708803233555786,-1.6242061717851246,0.0029751321634444625,0.06321486822691949,181,True,12,25,181,1144294,2531.84,2540.53,0.003432286400404383,False,2017-10-04 16:27:10.852
2017-10-05,2548.3676,0.011192,0.019457,0.09037814787398031,0.8764429037224897,-0.5719821826032314,1.130284029693737,0.0038805895079212435,-1.1191194150692492,0.0028861726094117886,0.07449357574399035,181,True,12,22,181,1163637,2540.02,2552.5,0.004913347138998825,False,2017-10-05 16:16:05.484
2017-10-06,2546.6433,0.011192,0.019457,0.02707982376142329,3.464483842151223,-0.63192519203002,0.9852487227105193,0.003734760166596053,-0.7830798218632024,0.003955628182622787,0.08011668053696,182,True,12,34,182,763336,2543.82,2549.41,0.0021974825262791597,False,2017-10-06 16:18:27.557
2017-10-09,2546.858,0.011192,0.019457,0.024086193349777754,4.6701788438003735,-0.6264813509280339,1.2648069435479157,0.005099380882972277,-1.3747629432273856,0.004179501051076069,0.07670230037725886,186,True,12,32,186,531661,2541.62,2551.82,0.004013188438869886,False,2017-10-09 16:15:45.165
2017-10-10,2549.0111,0.013586,0.019482,0.040733142875476476,2.3342908934000537,-0.5985403540059623,1.2739669512240905,0.00534862411591887,-1.4328257838636282,0.0027385156278393235,0.05530002299894824,180,True,12,27,180,651664,2544.86,2555.23,0.004074880347052501,False,2017-10-10 16:28:23.953
2017-10-11,2551.7778,0.015278,0.019451,0.021753133692933115,6.418591873971426,-0.6636608124940934,1.609486300267871,0.005083653754116775,-2.31119717644021,0.005393298323513411,0.08265497238996697,181,True,12,42,181,525356,2547.95,2555.24,0.0028611236484232805,False,2017-10-11 16:59:41.000
2017-10-12,2552.8689,0.015278,0.019451,0.03474391417123125,3.13909904644095,-0.6523637990075591,1.4063747089898513,0.004782875126030693,-1.7597606463972124,0.003352899560542297,0.0683788506788159,183,True,12,37,183,816056,2548.31,2555.32,0.0027508427153684067,False,2017-10-12 16:32:41.363
2017-10-13,2555.6296,0.013878999999999999,0.019515,0.0274164834619676,3.2626044861730734,-0.6680338791412177,1.0475077628508909,0.003723021501167406,-0.9183742293566675,0.003362151620261252,0.07392175881063129,184,True,12,35,184,479416,2552.09,2557.65,0.0021786065538440536,False,2017-10-13 16:40:20.957
2017-10-16,2555.5508,0.014034,0.019485,0.028722422897130635,3.388171924011863,-0.6851232513092622,1.229138161292503,0.0045421910427019836,-1.3161476058462083,0.0027369536041752973,0.05217796874905741,183,True,12,32,183,769931,2552.65,2559.47,0.0026717332967698404,False,2017-10-16 16:39:33.472
2017-10-17,2557.0661,0.013982000000000001,0.019471000000000002,0.03571235263899102,2.2249805812747017,-0.7260436159404493,1.0117174501775035,0.004574553080243555,-0.8646536167268906,0.0026565253013218822,0.05644377715451021,187,True,12,39,187,647728,2554.7,2559.66,0.0019415195521979012,False,2017-10-17 16:34:20.902
2017-10-18,2562.1737,0.014058999999999999,0.019459999999999998,0.03154499108438161,2.5781126846952818,-0.6937030797406336,1.0083220600552767,0.004345297633893513,-0.8540602934876294,0.0029103579728614,0.06624019804292196,189,True,12,32,189,815773,2559.67,2564.11,0.0017345986006009895,False,2017-10-18 16:16:45.041
2017-10-19,2555.6843,0.013955,0.019456,0.4453796430316975,0.14632046611212488,-0.7285195524836642,0.9397708504223229,0.005200911113409575,-0.7528329373729965,0.0038041840255417896,0.09276707097705897,180,True,12,21,180,617375,2547.93,2562.36,0.005663420894608695,False,2017-10-19 16:16:42.773
2017-10-20,2571.8921,0.014135,0.019306,0.03805773828881984,2.190643778855538,-0.6320070515257347,1.1326629998347357,0.003981714200230107,-1.1161835759551917,0.0031061891483622523,0.0571244288523946,182,True,12,38,182,1089937,2568.47,2575.44,0.0027136777926159983,False,2017-10-20 16:26:09.958
2017-10-23,2572.4897,0.014031,0.019386,0.1367427097367462,0.4034946020072486,-0.6643365873325868,0.8343220752904829,0.005362977316079873,-0.5857434348317759,0.003394813386928204,0.07377288202867384,191,True,12,27,191,893262,2564.33,2577.88,0.005284031306423298,False,2017-10-23 16:25:00.329
2017-10-24,2569.0986,0.014135,0.019358,0.04900784234606268,1.5932905136055864,-0.7178996326270733,1.0953883882395932,0.007050401492883428,-1.043708260485614,0.001993955652351842,0.042646795533693944,183,True,12,31,183,546528,2565.61,2572.18,0.0025607945089081152,False,2017-10-24 16:18:41.997
2017-10-25,2555.0742,0.014134,0.019448,0.033683107320963954,3.7116638362659327,-0.7330578316126756,1.5351857714880772,0.01108195104278555,-2.1067546103068704,0.0057480240322118235,0.09048374201287995,180,True,12,16,180,927883,2544.0,2567.39,0.009194182389937078,False,2017-10-25 16:28:02.364
2017-10-26,2563.1824,0.014185000000000001,0.019418,0.052982245128991835,1.3912212523613525,-0.8075259219903844,0.9480348168793272,0.00812405376361319,-0.7513499631728751,0.0026203465119102203,0.049446267398999745,186,True,12,49,186,500359,2559.8,2567.02,0.0028205328541290875,False,2017-10-26 16:30:11.034
2017-10-27,2578.0105,0.014055,0.019263,0.031110039632458238,2.8819788721347157,-0.6806387738851339,1.0123194193318616,0.005004289532406047,-0.8454736528923609,0.003310018671521579,0.07062769232492623,182,True,12,23,182,715536,2565.96,2582.96,0.00662520070460948,False,2017-10-27 16:46:52.358
2017-10-30,2574.5474,0.014079999999999999,0.019335,0.038378145737741995,1.7411002984580495,-0.7775627678467562,0.8098097334858371,0.006370498508877842,-0.5221514024519043,0.003074164387305164,0.06194441920507581,182,True,12,35,182,737931,2568.28,2580.02,0.004571152678056745,False,2017-10-30 16:20:50.726
2017-10-31,2575.8965,0.014209000000000001,0.019320999999999998,0.037337191381975915,1.8874562926221852,-0.7524561637551457,0.8615679050133662,0.0060762279792396755,-0.6013546213036223,0.003373381491781297,0.05951372146106772,181,True,12,41,181,517740,2572.15,2578.29,0.002387108061349341,False,2017-10-31 16:23:05.373
2017-11-01,2581.6492,0.008057,0.01929,0.05398762499776595,0.8658606421790019,-0.7456400945364012,0.5402846711699572,0.0053924074780200785,-0.19841600660065917,0.0037797917155174337,0.07482417915462324,182,True,12,32,182,777322,2574.93,2588.39,0.005227326568100876,False,2017-11-01 16:47:24.263
2017-11-02,2575.4576,0.008057,0.01929,0.040062577699089656,2.0725119919827018,-0.6866762872550827,0.9946694210009557,0.006585813329743537,-0.8233069116521723,0.004174514663196125,0.080903470429112,181,True,12,34,181,561045,2566.17,2581.04,0.005794627791611662,False,2017-11-02 16:17:15.133
2017-11-03,2584.008,0.008057,0.01929,0.02325822443132995,4.144995879102207,-0.6127304295235205,0.8882504474118396,0.003519610362605549,-0.5961783684811394,0.0037051791478047934,0.08185564556871908,182,True,12,24,182,835437,2576.79,2588.39,0.004501725014455893,False,2017-11-03 16:18:32.889
2017-11-06,2590.4266,0.008057,0.01929,0.026903791436442986,3.9670662778188435,-0.6419370373158003,1.12545191307265,0.004264841066696007,-1.0531837611329187,0.003942507041055616,0.08214587081457475,182,True,12,32,182,806369,2585.71,2593.37,0.002962435849341194,False,2017-11-06 16:23:31.631
2017-11-07,2589.4697,0.011963,0.019236,0.02600700198428023,5.528501846160945,-0.6412769053897092,1.5372334858522254,0.0048831970476835304,-2.075527273058975,0.004657675424985581,0.08927972590370038,182,True,12,32,182,963230,2584.35,2596.95,0.004875500609437644,False,2017-11-07 16:25:57.501
2017-11-08,2590.8114,0.011949000000000001,0.01921,0.03311160530330231,3.6712763131006363,-0.6732060115997955,1.2828201527705296,0.00440229625298559,-1.4025038398767027,0.004112883865315941,0.07232134251675928,184,True,12,42,184,576975,2585.04,2595.47,0.004034753814254222,False,2017-11-08 16:29:16.616
2017-11-09,2579.5023,0.012244999999999999,0.019306,0.06256128118815006,1.7747529231448378,-0.7560043702096778,1.189809141819037,0.006871812426651193,-1.1935841606274427,0.0053249147531929195,0.09955849130788903,181,True,12,26,181,1150771,2566.33,2586.49,0.007855575861249298,False,2017-11-09 16:24:36.194
2017-11-10,2580.2637,0.013985000000000001,0.019344,0.030960688598266773,4.597994844386666,-0.8174350010129761,1.1905240478383887,0.006310316441519587,-1.1326333353745188,0.0031466652201828722,0.05355585089404046,183,True,12,39,183,735310,2575.57,2583.79,0.0031915265358735123,False,2017-11-10 16:21:18.956
2017-11-13,2583.7148,0.015381,0.019323,0.029609037864102624,6.516452530748531,-0.7913330191009788,1.594687132067226,0.006354241415377485,-2.157135269735673,0.0036631556846043484,0.05795040621454952,183,True,12,43,183,602652,2574.49,2587.66,0.00511557628889614,False,2017-11-13 16:36:42.644
2017-11-14,2576.1443,0.015458000000000001,0.019361,0.034318134671618476,5.079125865655252,-0.7752027541206123,1.5414525713724887,0.008398772705991295,-2.027463778847542,0.003337767553135259,0.060805606476598016,183,True,12,40,183,764951,2566.56,2579.66,0.00510410822267926,False,2017-11-14 16:23:37.005
2017-11-20,2582.0177,0.015922000000000002,0.019397,0.025890264838360478,5.834602984473634,-0.7375793559030027,1.3333664308339757,0.004702448816729678,-1.4757472058855137,0.004999660318508194,0.08251615796534509,185,True,12,35,185,869803,2578.26,2584.64,0.0024745370909060593,False,2017-11-20 16:37:37.581
2017-11-21,2598.7005,0.016025,0.019273,0.0440813696912151,2.4782110345666055,-0.5525767290008513,1.244867589540766,0.0037666811172820712,-1.3312094419138787,0.0029560636195032097,0.05851550454282887,181,True,12,24,181,1309911,2590.38,2601.19,0.004173132899420118,False,2017-11-21 16:18:36.668
2017-11-22,2598.1125,0.015843,0.019295,0.02436433966120764,5.860823588989235,-0.6633210372822569,1.512950197108933,0.00427509320214489,-2.003428105698856,0.00790460711368807,0.11764297711187872,189,True,12,45,189,855214,2595.24,2600.94,0.0021963286632451506,False,2017-11-22 16:14:52.639
2017-11-24,2602.7357,0.015893,0.019257,0.016211435498659027,10.327509135252608,-0.5645345061860463,1.5317059193671598,0.00364845716987535,-2.0112755270084772,0.004387716989162598,0.08301296130099511,192,True,12,33,192,382509,2600.83,2604.18,0.001288050353156489,False,2017-11-24 13:14:56.989
2017-11-27,2602.3835,0.015945,0.01927,0.8060470575800478,0.0668301247631153,-0.6078515474112731,0.6486906735096148,0.005002478272609618,-0.31306313905232463,0.002586691047275152,0.050455856875289515,187,True,12,27,187,886290,2598.87,2606.41,0.002901260932635985,False,2017-11-27 16:14:48.896
2017-11-28,2616.3921,0.015918,0.019085,0.15423236260922063,0.37204304912317854,-0.5188183822830275,0.8017818752985949,0.005919071061615384,-0.5280920186401192,0.0030148274316751794,0.05445008256198961,182,True,12,29,182,1108367,2605.49,2627.69,0.00852047023784408,False,2017-11-28 16:28:31.250
2017-11-29,2627.0415,0.015969999999999998,0.019113,0.08775993272179625,0.4659604720787717,-0.6048858448446873,0.5428298393821567,0.007114730818790647,-0.21287891516235918,0.003737361031014181,0.05255548906001063,182,True,12,34,182,950572,2620.32,2634.88,0.00555657324296277,False,2017-11-29 16:54:00.877
2017-11-30,2644.943,0.016073,0.01902,0.30507350781768866,0.1508785498155993,-0.5084036359234151,0.8416276939904539,0.009790303402085974,-0.6162790783983076,0.00493753327536272,0.06843259202866107,182,True,12,28,182,1427795,2634.4,2657.74,0.008859702399028224,False,2017-11-30 16:49:51.215
2017-12-04,2653.8171,0.010162,0.019083000000000003,0.08154856569000273,0.69993447987591,-0.54847266094973,0.96792004270671,0.009812534466774336,-0.8227119032516421,0.004453542143772408,0.0678341261687454,183,True,12,29,183,869724,2639.03,2665.19,0.00991273308753593,False,2017-12-04 16:19:32.469
2017-12-06,2629.8176,0.011963,0.019163,0.05084950759445049,0.9489966613701009,-0.8432579445051831,0.5004508706206771,0.00779375602519713,-0.15393904802609945,0.004248951025479845,0.06249102742149629,180,True,12,41,180,739099,2624.75,2634.41,0.003680350509572383,False,2017-12-06 16:22:13.143
2017-12-07,2635.8689,0.011911,0.019119,0.11389828802080909,0.29600637935529756,-0.8320912006868575,0.35150897630900757,0.006326810122018487,-0.05612932072219333,0.005049218059098833,0.08172779434591139,183,True,12,33,183,737586,2626.8,2640.99,0.005402010050251205,False,2017-12-07 16:40:42.577
2017-12-15,2674.2212,0.016831,0.018876,0.12482711979010021,0.30951581808166384,-0.5635072561839454,0.46349922842109237,0.0042305112493417904,-0.13755959854572652,0.0033692309683485237,0.05801387802270559,181,True,12,28,181,965418,2659.8,2679.63,0.007455447778028423,False,2017-12-15 16:34:32.244
2017-12-20,2683.0875,0.017063,0.018878,0.1311828305106916,0.2695160674786059,-0.7283709277641646,0.38901831742699816,0.004761305061030853,-0.08062349009382455,0.004410859872299021,0.07985844065384494,187,True,12,40,187,778362,2676.11,2691.01,0.0055677830881391,False,2017-12-20 16:17:12.549
2017-12-21,2688.0184,0.017063,0.018841,0.03032965085648092,2.905064160676644,-0.5851701543634518,0.9479257150339916,0.004026475662949024,-0.7223439978047074,0.0037081032240268625,0.06836740552952067,185,True,12,34,185,611300,2682.41,2692.64,0.003813734663977497,False,2017-12-21 16:15:07.157
2017-12-22,2681.8269,0.017138,0.018843000000000002,0.026443257572929632,5.538700902269384,-0.7385619161120783,1.324943177553486,0.0032015440041964207,-1.4625518345892738,0.0050477841289522625,0.11055870133090706,182,True,12,43,182,549955,2678.13,2685.35,0.002695910952791536,False,2017-12-22 16:38:29.126
2017-12-26,2680.475,0.017164,0.01877,0.037203104665658744,2.2860890485907777,-0.801866952158748,0.7937569180339907,0.005169489153855271,-0.45995082462734166,0.004097188571787875,0.07701268355491822,185,True,12,46,185,415004,2677.96,2682.72,0.0017774724043673196,False,2017-12-26 16:18:38.780
2017-12-27,2682.0722,0.017137,0.01881,0.04701327587824172,1.9226521202330398,-0.7881492599349341,1.005030722426498,0.005523289806611719,-0.829306403928324,0.0033878892153156198,0.0767510352808773,182,True,12,44,182,543217,2678.91,2685.62,0.0025047500662582767,False,2017-12-27 16:15:52.380
2017-12-28,2684.4354,0.017318,0.018777,0.039076204998007014,2.5839486812026466,-0.7697690703739714,1.0897955368998409,0.004557545032838709,-0.9857124955048034,0.003048718282044416,0.07998663226830992,187,True,12,37,187,590953,2682.7,2687.63,0.0018377008237970838,False,2017-12-28 16:15:09.665
2017-12-29,2683.8343,0.017316,0.018878,0.0296096792492338,3.2283733502676593,-0.775155694152965,0.8430818361561149,0.004061528686031569,-0.5196047836599667,0.0028908497067142744,0.062246906441176725,184,True,12,32,184,748892,2673.61,2692.11,0.00691948339511006,False,2017-12-29 16:22:30.462
2018-01-02,2690.3521,0.018815,0.018728,0.043489756603507984,2.122442001780767,-0.6896163105777706,1.0963448920905083,0.004728736892111186,-1.0173631502879326,0.0034030975682982647,0.08253771582147727,183,True,12,31,183,788097,2682.36,2695.89,0.005044065673511344,False,2018-01-02 16:58:52.235
2018-01-03,2709.0193,0.020328,0.01862,0.040833033283891505,2.034649396145537,-0.5750667294269882,1.0697339809655761,0.004088771688485047,-0.9781689770047386,0.002646696410288503,0.05314847403691159,183,True,12,32,183,1007181,2697.84,2714.35,0.0061197105832813126,False,2018-01-03 16:16:46.525
2018-01-04,2725.5955,0.020328,0.01862,0.03344619964066143,2.486236559069904,-0.4359156308953103,1.096059577559874,0.004754269309152777,-1.0350362689436032,0.004067218849204673,0.07130460270205562,180,True,12,32,180,1078355,2719.07,2729.29,0.003758638063749764,False,2018-01-04 16:27:45.499
2018-01-08,2744.0827,0.024243,0.018407,0.025206553200035235,3.0302423112969827,-0.30135500377616764,0.643688171613424,0.0034223656354855367,-0.26157053421762244,0.0039609515269327135,0.07414194434415766,182,True,12,27,182,880444,2737.6,2748.51,0.003985242548217638,False,2018-01-08 16:17:35.221
2018-01-09,2754.1964,0.024243,0.018407,0.027029322706193935,2.6959334481396895,-0.3636540779690424,0.7646439514081999,0.004690199032968376,-0.43894186209676583,0.0033332420139389634,0.05005781366451714,182,True,12,30,182,900603,2747.86,2759.14,0.004105012628008664,False,2018-01-09 16:21:16.307
2018-01-11,2760.7438,0.026492,0.018297,0.03076381884985366,1.695084464852111,-0.4762985268648456,0.50563580179358,0.0048567079304456875,-0.1513730212316136,0.0026255182802106094,0.04447832392464737,183,True,12,28,183,1150405,2752.82,2767.56,0.00535450919420799,False,2018-01-11 16:21:33.586
2018-01-16,2792.0352,0.017739,0.018242,0.09341466540301002,0.336078207323252,-0.5270264799467863,0.4319903378816357,0.00900690540904398,-0.12382638545039974,0.004267207144407959,0.05967306613385414,183,True,12,25,183,1170178,2768.64,2807.51,0.014039383957466622,False,2018-01-16 16:18:52.842
2018-01-17,2792.4699,0.017739,0.018071999999999998,0.041073799857271935,1.4850028156519233,-0.4717293882991035,0.7723011655165647,0.008834738094953555,-0.47445967338309947,0.003043911210370156,0.0443764738991512,191,True,12,22,191,1430433,2778.38,2807.04,0.010315363629165075,False,2018-01-17 16:52:08.718
2018-01-18,2799.1105,0.017608,0.018097000000000002,0.047899868522955975,1.3940226925129529,-0.43481046276245267,0.9576007273097724,0.010516768464639541,-0.78345214556543,0.002850535749209132,0.037273164437999884,180,True,12,29,180,878595,2792.56,2805.8,0.004741169392958433,False,2018-01-18 16:17:25.965
2018-01-19,2804.3281,0.017736000000000002,0.018018,0.11206529376034322,0.27357571807137926,-0.9158536217614384,0.3153805271307048,0.007518526678468136,-0.03814819047050932,0.0034002652136180386,0.053776460921960395,183,True,12,35,183,601326,2798.08,2810.33,0.004378002058554431,False,2018-01-19 16:28:01.192
2018-01-22,2822.1334,0.01771,0.017876,0.05213784206157623,1.2132512575402805,-0.4833877916461211,0.8860319488018761,0.008998801359942871,-0.6585400094043626,0.0027259760954040702,0.03809046634958319,183,True,12,31,183,910872,2808.12,2833.02,0.008867142429810793,False,2018-01-22 16:36:10.514
2018-01-23,2837.8169,0.017553,0.017841,0.05981282613677816,1.0248218559163909,-0.46395326078106935,0.9211333931679905,0.009776111466421369,-0.7258917450309809,0.0031628824233949937,0.041936327612456706,187,True,12,35,187,1156784,2830.71,2842.24,0.0040731830530149615,False,2018-01-23 16:32:42.393
2018-01-24,2841.575,0.017630999999999997,0.017851,0.03959263056160264,2.0892187336241497,-0.4332403033904257,1.0767163199617962,0.011427335385501522,-0.9938827027065524,0.0032492868123844723,0.039346950692728346,182,True,12,27,182,874348,2824.81,2852.95,0.009961731939493124,False,2018-01-24 16:16:08.677
2018-01-25,2840.7243,0.017682,0.01784,0.0683338774612978,0.8728500604592563,-0.46331279243480594,0.9327886937313848,0.012065545368225988,-0.7508042890060849,0.0033744514900449596,0.04154506434252781,184,True,12,38,184,671755,2830.94,2848.56,0.006224081047284669,False,2018-01-25 16:20:23.669
2018-01-26,2858.7382,0.017758,0.017633,0.03467688490501532,1.6719444934972918,-0.5561988862454118,0.4927255393364893,0.008169938047764374,-0.12682280357727488,0.00393457179930762,0.06438771611026095,184,True,12,28,184,947497,2846.18,2872.87,0.009377481396116938,False,2018-01-26 16:39:57.138
2018-01-29,2861.923,0.017731,0.017776,0.047298087129573584,1.3026669548868115,-0.5089253830315542,0.7769759245833162,0.013140438394995228,-0.4804642771159936,0.0043071183308604835,0.048959879561913076,185,True,12,28,185,887475,2851.49,2870.54,0.006680717800167768,False,2018-01-29 16:39:05.819
2018-01-30,2826.5821,0.017757000000000002,0.017982,0.04924414297824704,2.183287750721792,-0.5472521957316934,1.4871172021321208,0.02213231118512598,-1.9964893045588685,0.004050095290305024,0.03882305090784182,184,True,12,30,184,919235,2818.27,2837.75,0.006912041784499001,False,2018-01-30 16:50:31.996
2018-01-31,2827.1549,0.018816,0.017977,0.05590163011898702,1.2209189577359123,-0.5826207842616998,0.9168013924216492,0.016612304785804603,-0.7040220731850505,0.003249174703629007,0.033464062881668734,186,True,12,29,186,734068,2813.04,2839.22,0.009306657566191756,False,2018-01-31 16:16:13.194
2018-02-01,2824.4886,0.017809,0.018007,0.078629662832718,0.6048836448483849,-0.813935346308141,0.5559567332491125,0.013060385597911615,-0.21396429515011683,0.0047314198424781035,0.055079951773780125,183,True,12,42,183,726320,2812.7,2835.92,0.0082554129484127,False,2018-02-01 16:17:03.373
2018-02-13,2653.8095,0.019301,0.019151,0.05745700168224141,2.7981752670970166,-0.8717020028585719,1.1881284403834842,0.041275114279194745,-1.0900996687904914,0.005742101929988766,0.03694001394130705,183,True,12,39,183,1024269,2637.08,2668.83,0.01203983193532232,False,2018-02-13 16:27:34.547
2018-02-14,2677.7675,0.019613000000000002,0.01892,0.04041432173272165,5.057551661273564,-0.8380051705548852,1.267328782538717,0.030679957683494928,-1.197327203013925,0.005929366422830929,0.0464184499535212,184,True,12,33,184,1127344,2648.87,2702.1,0.020095361418265067,False,2018-02-14 16:44:42.715
2018-02-15,2715.3276,0.019769000000000002,0.018711,0.04250010087547712,3.108388987699819,-0.8950187369307707,0.8670433859884839,0.024894332090212558,-0.48755054211144594,0.005341464504351977,0.03875581393946284,184,True,12,33,184,970077,2689.89,2731.51,0.015472751673860419,False,2018-02-15 16:55:11.621
2018-02-16,2739.5989,0.019714,0.018711,0.03426473295739825,4.7215383271314915,-0.9581161239557013,0.7772820876609717,0.020504123882694163,-0.28060294394403573,0.00549373127240283,0.047118289212535414,183,True,12,30,183,1303637,2725.11,2754.42,0.010755529134603758,False,2018-02-16 16:17:18.584
2018-02-20,2726.0455,0.019869,0.018828,0.04121200457113865,3.541901192001386,-0.8814900277210941,0.9969441714451206,0.027397531251628457,-0.7019599847478329,0.005370884896136543,0.04243653243833948,184,True,12,35,184,605078,2706.76,2737.6,0.011393695783889157,False,2018-02-20 16:16:50.631
2018-02-23,2729.0318,0.01997,0.018589,0.03494036341296253,4.681083723366263,-0.9141471732744385,0.9260347841584537,0.01795037576151237,-0.5304228885495521,0.006199221399297174,0.05709326885849071,183,True,12,37,183,905435,2713.74,2747.76,0.012536204647460858,False,2018-02-23 16:17:00.098
2018-02-27,2768.8394,0.020045999999999998,0.018622,0.03102961129587392,7.354056140857617,-0.5190936028998817,1.8204412233901344,0.02482385481721275,-2.857619240820476,0.00764522837140575,0.06796034583239949,184,True,12,27,184,985356,2744.22,2789.15,0.01637259403400604,False,2018-02-27 16:33:00.464
2018-02-28,2743.0567,0.020564,0.018843000000000002,0.04230122357771196,2.551511117181618,-0.8599954314831842,0.7874088772578162,0.021401494193490557,-0.4041486555265802,0.006054994247697813,0.05249057755516488,185,True,12,32,185,734239,2713.54,2761.52,0.017681699919662064,False,2018-02-28 16:24:45.383
2018-03-05,2708.5266,0.022231,0.018832,0.04279445861621102,3.6349495834901453,-0.9167723284608245,1.0446414274486076,0.02581518913718787,-0.7801643128964993,0.007322884914672498,0.057030590245487095,184,True,12,27,184,879828,2675.94,2728.08,0.019484741810354533,False,2018-03-05 16:34:23.543
2018-03-08,2732.7268,0.024081,0.018733,0.05608327149185582,1.9772778673954392,-0.8212691259154012,0.835183593604586,0.018394983969569473,-0.4757472121223182,0.005471194621897175,0.052064707879035756,187,True,12,36,187,543418,2722.65,2740.45,0.006537748149780365,False,2018-03-08 16:26:26.556
2018-03-09,2771.8835,0.024472999999999998,0.018415,0.04336952900407225,1.6493865389244005,-0.9814606027479863,0.3902777595710737,0.01283351164166836,-0.009250494938200543,0.004866575945982891,0.05305934837589666,182,True,12,27,182,1253192,2751.54,2786.57,0.012731052428821776,False,2018-03-09 16:20:16.400
2018-03-12,2787.4298,0.026986,0.018439,0.05348451681726077,1.2791513664510572,-0.5322261772603749,0.6945482471200498,0.01612365060574671,-0.3455676820359864,0.0045883189254271985,0.04608245878464431,188,True,12,30,188,898116,2779.26,2796.97,0.006372199794189681,False,2018-03-12 16:25:47.641
2018-03-13,2780.3174,0.020266000000000003,0.018564,0.04368854469329096,2.019598812706478,-0.6623055226803696,0.6656804799274745,0.015679857566211954,-0.26666383537358407,0.004687146772919794,0.04551265165366819,182,True,12,28,182,785558,2758.69,2801.9,0.015663231461309657,False,2018-03-13 16:19:14.693
2018-03-16,2754.4707,0.020497,0.018682,0.03456578543009798,4.765971811207714,-0.7279338820090504,0.8029323272173565,0.010346292466774229,-0.3152212041064775,0.004105625809210058,0.04255263785147207,183,True,12,35,183,709049,2749.98,2761.85,0.004316395028327369,False,2018-03-16 16:16:44.512
2018-03-19,2712.7882,0.0206,0.018919,0.050264979933414694,2.1916158509287396,-0.971948342721276,0.7925763067811592,0.021819258199705784,-0.4078541485334888,0.01069015525585525,0.09012896391144133,182,True,12,34,182,997702,2694.61,2740.3,0.016956071565087383,False,2018-03-19 16:28:41.247
2018-03-21,2720.2485,0.020364,0.018942,0.04659591067776545,4.244055680564277,-0.7550685932673441,1.5262071650825952,0.02393069636695524,-1.9337970319433797,0.006005318058348959,0.05744424149466861,185,True,12,42,185,629030,2709.83,2739.14,0.010816176660528587,False,2018-03-21 16:33:50.437
2018-03-26,2627.7732,0.020282,0.019326,0.05524033996133502,3.2625332551510726,-0.7863783094400454,1.3792338536356856,0.04291075652023805,-1.5418391307153314,0.008928789584096418,0.057167412926950587,183,True,12,31,183,921239,2601.81,2661.36,0.022887912645427777,False,2018-03-26 16:25:16.791
2018-03-27,2653.3597,0.020280999999999997,0.019668,0.045667130291512745,3.9852369677949504,-0.8878641966691855,0.9409444706530903,0.03532672084672204,-0.521387825150934,0.009556854981642647,0.06055796076341692,184,True,12,38,184,1007888,2596.45,2674.68,0.030129600030811332,True,2018-03-27 16:56:53.566
2018-03-28,2612.431,0.021061,0.019784,0.05859286649253314,4.319242299866325,-0.6733606476593141,1.979027735264577,0.06070277691318353,-3.4103972020965023,0.00840139627046445,0.04872479508222642,190,True,12,33,190,1156557,2593.14,2632.65,0.015236354381175099,False,2018-03-28 16:25:17.193
2018-03-29,2635.1371,0.020821999999999997,0.019531,0.04704638681377714,4.146049356646551,-0.6273559106892128,1.3267657451206214,0.03944306487677518,-1.3701940588618666,0.006884686373680757,0.046492275203464065,183,True,12,33,183,1287918,2609.72,2659.07,0.018910074644023167,False,2018-03-29 16:24:31.596
2018-04-03,2597.7416,0.020821999999999997,0.019531,0.051822175633838105,3.616560985475095,-0.8526931704583359,1.3089164493248986,0.052163505631982056,-1.3384261541537459,0.008835157580967375,0.050383507013238675,188,True,12,45,188,975093,2575.49,2619.14,0.0169482312103717,False,2018-04-03 16:16:52.161
2018-04-06,2617.4206,0.022803,0.019825,0.046712102983280726,4.6940426542360445,-0.7266416963854407,1.4010380569923433,0.043631216471365926,-1.5243704293957077,0.008861534875303008,0.05638695124383485,189,True,12,34,189,972169,2586.27,2656.86,0.027294134023129857,False,2018-04-06 16:30:09.465
2018-04-09,2634.0973,0.024708,0.019767999999999997,0.07408651201644757,2.0265196603652558,-0.46768936116456256,1.7472579266219446,0.04691809674255424,-2.7526347158047813,0.006358244835403503,0.03875076463147633,182,True,12,26,182,827075,2610.79,2653.52,0.01636669360614995,False,2018-04-09 16:21:15.804
2018-04-10,2653.8551,0.026098,0.019447000000000002,0.07983602994668813,1.3927763744840813,-0.6369680437524302,1.3393388354717144,0.043431767470975984,-1.5714410435180264,0.004492110404318324,0.029059854072427515,182,True,12,40,182,701822,2635.78,2665.28,0.011192132879071837,False,2018-04-10 16:17:23.444
2018-04-11,2648.5062,0.026098,0.019447000000000002,0.06265897379521558,1.5802607864951017,-0.7698743089567851,0.8148542276886843,0.032825112804069224,-0.46595237396091554,0.004161712916811212,0.029297384429002548,182,True,12,44,182,976376,2639.27,2661.33,0.008358371822511534,False,2018-04-11 16:19:20.531
2018-04-12,2666.6036,0.026930999999999997,0.019422,0.04959037477218956,1.99737492383834,-0.9472930634476844,0.6387482243088627,0.026662616994812115,-0.20989815199029144,0.004204523542978935,0.03272032719998135,186,True,12,36,186,958600,2655.83,2674.72,0.007112654047886968,False,2018-04-12 16:16:02.277
2018-04-16,2676.493,0.020992,0.019326,0.03139999319539989,8.83665956495445,-0.7154994007425698,1.2344641034375428,0.02132158890466875,-0.968959522256586,0.004713604462385497,0.042694186894996926,183,True,12,25,183,978633,2665.22,2686.43,0.007958067251483847,False,2018-04-16 16:27:57.452
2018-04-17,2705.0414,0.021278000000000002,0.019122,0.03877596765244542,2.912559268835806,-0.5981230628091256,0.862742882342979,0.016014977858556087,-0.5184506730450569,0.0038930121608520252,0.03879767786951294,183,True,12,29,183,1291413,2692.05,2713.33,0.00790475659813139,False,2018-04-17 16:19:35.514
2018-04-19,2692.3313,0.021772999999999997,0.019221,0.0375078309229296,4.499793422368095,-0.6710841274236271,1.3007837882103088,0.020195712525472472,-1.3544834819221752,0.004055060679135613,0.039696124804960625,186,True,12,35,186,774906,2681.9,2702.75,0.007774339087960103,False,2018-04-19 16:27:37.100
2018-04-23,2671.8721,0.022057000000000004,0.019385,0.03661018698774033,6.745841625228775,-0.6005221375326204,1.927447261068957,0.027932743976350403,-3.221119897623609,0.004197931880959137,0.03758756675874221,183,True,12,26,183,439655,2658.02,2682.86,0.009345302142196088,False,2018-04-23 16:48:16.405
2018-04-24,2642.8542,0.022082,0.019652,0.049124500709236095,3.174157695978197,-0.6610725205742326,1.6039429725663283,0.03300845280254565,-2.2607752352702932,0.00972899453314694,0.08180176494860776,185,True,12,32,185,957785,2617.32,2683.55,0.02530450995674971,False,2018-04-24 16:17:53.073
2018-04-26,2661.9444,0.022291,0.019413,0.040446317644532215,2.963418236353861,-0.7943905030327195,0.9486685778725157,0.02413104894545007,-0.660253360040326,0.005066592915907597,0.04116687465124351,185,True,12,38,185,643568,2647.16,2676.48,0.011076021094304833,False,2018-04-26 16:36:29.990
2018-05-01,2637.7476,0.017927,0.01951,0.04556071847065075,2.171034567600664,-0.9285443998763704,0.6839969242477538,0.020573061073709115,-0.27002400293137785,0.0043752326154895705,0.04081098701893104,187,True,12,37,187,802028,2625.42,2655.27,0.01136960943391907,False,2018-05-01 16:27:15.596
2018-05-02,2648.3038,0.018317,0.019655,0.04221310046281497,2.590293061349831,-0.6754202299852683,0.8736002434013965,0.019528824191198488,-0.5444887828171934,0.004571489593699997,0.04157066155595559,183,True,12,30,183,773728,2631.71,2660.86,0.01107644839287003,False,2018-05-02 16:16:22.307
2018-05-04,2648.6466,0.020662,0.019483,0.0271266936265921,8.015276906108307,-0.8382599542299262,0.8282769576001842,0.015807639248274993,-0.25118679656281917,0.005177739693038834,0.04924771608433675,184,True,12,31,184,760741,2615.34,2670.93,0.02125536259147931,False,2018-05-04 16:18:58.376
2018-05-08,2666.639,0.023088,0.019416,0.033513575247162,4.715704099205252,-0.7939753653932802,0.9035140574174535,0.01714410890673952,-0.5002574436068183,0.0033984408789448184,0.03585954812043321,187,True,12,39,187,602024,2655.23,2676.28,0.007927750138406076,False,2018-05-08 16:26:21.318
2018-05-14,2734.3363,0.022586,0.018946,0.06538906916890032,0.7657981859978863,-0.7034959118631157,0.5064367625728448,0.01043561927323802,-0.15632853337799557,0.0023711038719151914,0.03176522890109284,185,True,12,29,185,874186,2725.51,2742.1,0.006086934188463733,False,2018-05-14 16:15:46.805
2018-05-15,2708.4008,0.022742,0.019081,0.04996560710218656,1.5792020228653116,-0.6959830570653304,0.8185332374651936,0.014040472901145915,-0.5121850852163182,0.003154128827360677,0.036747287851551395,185,True,12,35,185,799768,2701.91,2716.89,0.0055442261215215005,False,2018-05-15 16:43:10.925
2018-05-16,2718.8784,0.022768,0.019030000000000002,0.04124055147706741,1.6883835413168151,-0.8429034800619982,0.5508705002814545,0.010837696623591265,-0.16419857138292096,0.003467556807433572,0.0465672470624988,182,True,12,38,182,619193,2712.68,2727.76,0.005559078107259419,False,2018-05-16 16:17:40.613
2018-05-17,2724.1252,0.022871000000000002,0.019067,0.03850655816229289,1.9246729980699422,-0.7744339436233473,0.5916770050188107,0.009894359277797582,-0.20185661278088005,0.0035297388429697887,0.04557760340175477,185,True,12,34,185,691058,2711.36,2731.94,0.007590286793343504,False,2018-05-17 16:16:15.824
2018-05-24,2723.5077,0.022605,0.019037,0.034711010399366575,2.429576299166473,-0.8313294850361674,0.5681739901158191,0.008699678800754219,-0.15415558667128695,0.004661517207023369,0.06351020906774553,187,True,12,39,187,699008,2707.38,2731.81,0.00902348395866115,False,2018-05-24 16:20:59.080
2018-05-25,2721.1982,0.02247,0.019092,0.040207885545124784,2.086641634266921,-0.7584374339956867,0.7094609583590998,0.009023466181079003,-0.33553595542721937,0.0028613977398214852,0.043565526986178674,183,True,12,39,183,456037,2715.01,2727.36,0.004548786192315912,False,2018-05-25 16:14:49.834
2018-05-29,2691.234,0.021631,0.019318,0.09149480107975923,0.8319476651703557,-0.781199409917551,0.9290912291976379,0.018314410503669044,-0.7109727399049139,0.006884160534324021,0.07001016399699533,183,True,12,29,183,901693,2676.83,2710.67,0.012641818867840104,False,2018-05-29 16:17:41.895
2018-05-30,2717.7412,0.022049,0.019087,0.05441036874720119,1.6379980135527663,-0.7731355011608637,0.8405983803830758,0.013264453582421353,-0.528357485253472,0.004242463103842524,0.04934400462810187,188,True,12,30,188,616277,2702.99,2729.34,0.009748463738304736,False,2018-05-30 16:15:34.289
2018-05-31,2711.0952,0.022231,0.019244,0.04326702945201096,2.435979540844375,-0.7951355995586789,0.8692936597736243,0.01385752821658137,-0.5448762698462022,0.002763625550300386,0.03112673144741424,184,True,12,36,184,790125,2700.68,2722.47,0.008068338344416892,False,2018-05-31 16:38:57.396
2018-06-04,2744.9466,0.020451,0.018965,0.07646460582502371,0.846025882053687,-0.6958766260404969,0.7130464216929825,0.010541895318480305,-0.3790531283111602,0.0032374463100345537,0.04196610010438444,182,True,12,36,182,645872,2740.54,2749.16,0.0031453655119064727,False,2018-06-04 16:14:48.200
2018-06-05,2746.5207,0.020451,0.018965,0.8792050752788416,0.05916853992503045,-0.7448474927822096,0.6396593069777888,0.009967009413786322,-0.305121467805454,0.003581406464738547,0.048791696194665723,183,True,12,38,183,627874,2739.53,2752.61,0.00477454161845281,False,2018-06-05 16:16:25.302
2018-06-06,2760.1377,0.022958,0.018802,0.10006308675199883,0.7279664217674252,-0.5686600470107371,0.9575219061970798,0.009392751187251781,-0.7711630664195772,0.0027814956784977625,0.04354222789396702,182,True,12,23,182,915809,2748.5,2772.39,0.008692013825723155,False,2018-06-06 16:16:17.814
2018-06-07,2769.7211,0.023033,0.018811,0.10890105065756442,1.0789590414245367,-0.49176961933545993,1.871335795216286,0.012489987015520926,-3.266898112002548,0.003364809325010714,0.04721877827998173,181,True,12,25,181,1086409,2760.17,2779.84,0.0071263726509598335,False,2018-06-07 16:24:23.140
2018-06-08,2771.4471,0.024131999999999997,0.018755,0.10300083910627274,0.866640056147437,-0.5605357005126067,1.2606177414784996,0.010444227251988934,-1.4106277841577666,0.0032250325516905046,0.04521294000077682,183,True,12,28,183,443114,2763.64,2779.39,0.005699005659203005,False,2018-06-08 16:15:55.361
2018-06-11,2785.8476,0.026959,0.018736,0.07054022141146685,0.7194268029724241,-0.8076515505205942,0.607177247919758,0.009416229300562426,-0.2671671584493742,0.004084835116458911,0.058733565633643736,182,True,12,38,182,863766,2780.21,2790.21,0.0035968505976167187,False,2018-06-11 16:19:15.612
2018-06-12,2785.2976,0.026944,0.018711,0.3121212760868494,0.2148571505892146,-0.5440458190825546,1.0503044800752368,0.010426612653186963,-0.9690165248295335,0.003006337562977342,0.04425497356593693,183,True,12,31,183,866993,2778.79,2789.8,0.003962156190284283,False,2018-06-12 16:24:34.302
2018-06-13,2786.5308,0.02316,0.018791,0.08059420225447098,0.9292550454711598,-0.5826141729118868,1.0366525119640255,0.010342385522525421,-0.9248632923999434,0.0035667779819307426,0.0459311867266969,184,True,12,37,184,601836,2774.65,2791.44,0.006051213666588673,False,2018-06-13 16:24:10.302
2018-06-14,2782.834,0.023081,0.018768,0.04964127339731465,1.6893251493048775,-0.5582374961460463,0.985022512929616,0.00902103881037961,-0.8025488477909698,0.0032137215466058523,0.04798017702932277,187,True,12,34,187,665750,2776.52,2789.06,0.004516445046316875,False,2018-06-14 16:46:50.051
2018-06-15,2772.1377,0.023025000000000004,0.018753,0.04805790807147025,1.840180986610577,-0.636242541778402,0.8736567896635713,0.008171477445372582,-0.5864056887464606,0.003126574329431221,0.046354757769641784,185,True,12,28,185,785452,2761.73,2782.81,0.007632896771226694,False,2018-06-15 16:28:33.169
2018-06-18,2769.2176,0.023180999999999997,0.018799,0.249126198683914,0.25642730892317556,-0.6624996361098596,0.7838984224402517,0.009807629993168622,-0.4867312152827624,0.003963236517028698,0.05443439394389465,183,True,12,30,183,874678,2757.12,2774.99,0.006481400882079713,False,2018-06-18 16:57:15.290
2018-06-19,2753.9405,0.023102,0.018888000000000002,0.06286108846921228,1.4037139328401553,-0.7672392081422248,0.9705976157753328,0.012887444826050016,-0.7655817603132986,0.004421758315057879,0.058102041472260155,184,True,12,48,184,576700,2743.19,2765.05,0.007968824616596093,False,2018-06-19 16:19:22.722
2018-06-20,2769.8859,0.023445,0.018915,0.17348161866255124,0.37460088892901416,-0.7765488862901592,0.7303623032916989,0.009288793967353992,-0.40345635694188375,0.0027538677034024783,0.04001236568697076,185,True,12,51,185,886134,2763.91,2774.86,0.0039617787844032915,False,2018-06-20 16:16:11.399
2018-06-21,2754.7329,0.023208000000000003,0.019043,0.06230175670764169,1.4685432613830942,-0.8173746619590259,1.0481328481738132,0.014201103271789117,-0.9155968174502775,0.004909008927817648,0.062106116724307055,181,True,12,46,181,721740,2744.39,2767.22,0.00831878851037926,False,2018-06-21 16:16:07.063
2018-06-22,2760.7353,0.023205,0.01901,0.04974290211784846,2.1843313184139044,-0.758179302026755,1.0885774072702599,0.010800863262529145,-0.9676908136896138,0.003050133346594944,0.042023229624420545,181,True,12,50,181,592778,2752.84,2764.17,0.004115749553188719,False,2018-06-22 16:19:26.143
2018-06-25,2716.6731,0.023204,0.019272,0.050622308886392964,2.053849962153112,-0.9008539756939514,0.8587980620742914,0.01968031978749721,-0.5295928570417159,0.008658792250825961,0.08071668631163434,183,True,12,36,183,842280,2698.67,2742.66,0.016300622158322398,False,2018-06-25 16:20:26.453
2018-06-26,2723.7165,0.023203,0.01923,0.044061857364394906,2.110270294488919,-0.923755590274601,0.7190471741992931,0.016143597200288302,-0.3310639812918078,0.003726526053134063,0.037290172529237005,184,True,12,39,184,679573,2715.6,2732.91,0.00637428192664613,False,2018-06-26 16:16:01.871
2018-06-28,2707.4172,0.023069000000000003,0.019289,0.04884496151473368,2.9253077598444803,-0.8367221274341279,1.1674916167206724,0.023153181435510335,-1.0772635852163386,0.007541120660234107,0.06878684616425562,188,True,12,33,188,848891,2691.99,2724.34,0.012017132307326595,False,2018-06-28 16:21:59.242
2018-06-29,2733.7197,0.023119,0.01928,0.041917101632751315,3.0214019572016118,-0.8432138733940856,0.9326488744080875,0.014911888098557749,-0.6165370971078452,0.003633217841569411,0.036298177143258885,186,True,12,40,186,546489,2718.03,2743.26,0.009282458251012704,False,2018-06-29 16:19:40.877
2018-07-02,2708.902,0.018889,0.019212,0.0679608187352047,1.4658320313942383,-0.9203906530846827,0.831468361219,0.018097044407927244,-0.49210134574452813,0.006694257764791162,0.06609372193507551,182,True,12,40,182,556592,2698.99,2727.23,0.010463173261108905,False,2018-07-02 16:14:32.693
2018-07-03,2729.0421,0.020376,0.019308000000000002,0.06784828861284807,1.324388278536898,-0.9075163285993559,0.7053877937570778,0.01397200344621262,-0.31785698326618883,0.004231048874676539,0.04801925494330411,183,True,12,43,183,436391,2711.16,2736.58,0.009376060431697253,False,2018-07-03 13:22:21.415
2018-07-05,2727.8334,0.022332,0.018852999999999998,0.07398886982621186,1.1190614877098117,-0.8807850206009994,0.8114852003467995,0.015579842213865183,-0.4929120408985088,0.003889104132354369,0.04165345377273936,185,True,12,42,185,654022,2716.04,2737.82,0.008019027702095727,False,2018-07-05 16:15:34.616
2018-07-06,2755.8213,0.022879,0.0187,0.14474779911449603,0.4835111459012706,-0.7717597156793661,0.7237222500757651,0.011000077777480253,-0.3837995468216545,0.004026427835556602,0.04880435649450386,183,True,12,27,183,561694,2733.52,2764.41,0.011300447774298394,False,2018-07-06 16:14:51.035
2018-07-09,2778.8661,0.025068999999999998,0.018541000000000002,0.26737814678502814,0.1827118941291907,-0.9555720630174152,0.4216131342799001,0.008190774292333168,-0.08005129970163054,0.0032329468323471374,0.042645917444538994,183,True,12,31,183,1020119,2770.14,2784.65,0.005238002411430465,False,2018-07-09 16:17:46.033
2018-07-10,2791.4819,0.025068999999999998,0.018541000000000002,0.1871041521208862,0.2747968841893428,-0.9072867204786959,0.4729436155446877,0.007719828204738473,-0.12084438744106471,0.002291778339433915,0.036029931863677624,183,True,12,30,183,934612,2786.24,2795.58,0.0033521878947972983,False,2018-07-10 16:17:10.568
2018-07-11,2778.4203,0.027368,0.018611,0.04925285764041505,2.0793118878486867,-0.6844029321925997,1.0374559872011948,0.01121939090249492,-0.8714908205751375,0.002502565509510475,0.03322375966589638,183,True,12,24,183,489676,2770.78,2785.91,0.005460556233262803,False,2018-07-11 16:16:54.993
2018-07-12,2792.879,0.026755,0.018474,0.034858982546234575,4.345948955098952,-0.5921005186348772,1.5156410254257644,0.010235231418355814,-1.9941770004084212,0.0030644367941852803,0.041462431119459055,185,True,12,37,185,949151,2781.55,2799.22,0.006352573205586687,False,2018-07-12 16:16:41.968
2018-07-13,2801.1168,0.023444,0.018453999999999998,0.03153286441538735,3.3608628055706933,-0.6935086164136864,0.7953438800038573,0.00720245291379413,-0.42061662512603204,0.00312675426980841,0.05202468406935026,183,True,12,30,183,649774,2791.75,2804.52,0.004574191815169604,False,2018-07-13 16:16:13.046
2018-07-19,2807.2745,0.023864,0.018443,0.046548923247892074,1.280577151398086,-0.9175912820126836,0.4819997104083806,0.007643151111398922,-0.11310474576689519,0.003579951152929497,0.049395273742185754,185,True,12,48,185,821196,2799.77,2812.05,0.00438607457041118,False,2018-07-19 16:35:02.711
2018-07-20,2804.9086,0.023887000000000002,0.018456999999999998,0.05563879815330468,1.096245532873309,-0.8726475088172971,0.5297176123271299,0.0074197461077972135,-0.15861318094955557,0.0029949337465951867,0.043807822497383596,182,True,12,34,182,597972,2800.01,2809.66,0.003446416262798957,False,2018-07-20 16:15:31.054
2018-07-23,2803.9775,0.023991,0.018423000000000002,0.0716362613142636,1.131897431445035,-0.6406181902453506,0.9014961195445274,0.008646861904518788,-0.6505254531939602,0.0033150744756662437,0.05252840159855144,182,True,12,28,182,607585,2795.18,2808.61,0.004804699518456967,False,2018-07-23 16:17:25.086
2018-07-24,2822.0911,0.023937,0.018339,0.252769358562041,0.2953253676105483,-0.5532014099521728,1.0053796620309776,0.008526204175673322,-0.8614898573494884,0.0028958830302661144,0.04208482836835054,182,True,12,25,182,774397,2811.13,2829.98,0.006705488540195592,False,2018-07-24 16:35:03.269
2018-07-25,2829.0813,0.023988999999999996,0.018174,0.06077080162681664,2.2142245564860814,-0.5703165578224152,1.8577216797095768,0.009864448265367209,-3.182009436704088,0.003332809883956192,0.05408826410744656,183,True,12,26,183,779563,2817.73,2848.03,0.010753336905949151,False,2018-07-25 16:18:55.857
2018-07-26,2840.4153,0.02404,0.01823,0.07631629680459907,0.8964516992136997,-0.5987408230455873,0.9733468641763018,0.0095431732188382,-0.8105763701054803,0.0030595850370530924,0.03876701340886277,184,True,12,41,184,849784,2835.41,2845.57,0.003583256037045901,False,2018-07-26 16:24:20.508
2018-07-27,2823.7098,0.024036,0.018349999999999998,0.04254988599855837,2.227728040133522,-0.6944343849655708,1.0502067813165294,0.010306138040856928,-0.9133551352362783,0.00407289379905148,0.05529005315094997,184,True,12,41,184,615890,2808.34,2843.17,0.012402344445473057,False,2018-07-27 16:15:17.780
2018-07-30,2807.2509,0.024062,0.018473,0.06088466852118718,1.1794703408928617,-0.8126457281308622,0.8143504580773071,0.011113498772067475,-0.5195433470990529,0.0036142895139612157,0.04758848606941519,182,True,12,42,182,710633,2798.11,2821.74,0.008444986079889416,False,2018-07-30 16:18:36.707
2018-08-03,2833.6481,0.020323,0.018248,0.07398411393701806,0.7717634204213014,-0.814692871136789,0.4836297425557526,0.0057216636021461065,-0.11970126222679885,0.0038064624667807152,0.06492440964426957,184,True,12,37,184,728623,2827.4,2840.38,0.004590790125203359,False,2018-08-03 16:29:39.172
2018-08-06,2846.8342,0.022823000000000003,0.018191,0.07870449331500567,0.8806736957841488,-0.5866679512279428,0.7259830166373413,0.005899134383336574,-0.38842538644076446,0.002535914311502399,0.04043107793799208,183,True,12,25,183,709642,2835.98,2853.29,0.00610371018131306,False,2018-08-06 16:15:37.716
2018-08-08,2858.7318,0.024156,0.018151,0.049421360704622885,1.8570020358521022,-0.4296821798389324,1.0671585680885303,0.005775071059970546,-0.9552762745586307,0.003027237244089129,0.04983281982704135,183,True,12,26,183,861399,2853.09,2862.44,0.003277148635339122,False,2018-08-08 16:15:07.093
2018-08-09,2857.3333,0.024156,0.018151,0.027192116700816726,3.096612406813656,-0.6005060895265159,0.7169568461013925,0.00531224542382464,-0.3456202272851081,0.00457824223142926,0.07550950967741284,189,True,12,45,189,610465,2851.98,2862.45,0.0036711337386656773,False,2018-08-09 16:19:17.998
2018-08-13,2831.8399,0.024045,0.018449,0.0684790726122783,1.2163736945216388,-0.7861763528912092,0.9852330203086994,0.01231116583772225,-0.8040918192049771,0.005204723524059768,0.06428045033313544,184,True,12,31,184,560845,2819.88,2843.4,0.00834078045874298,False,2018-08-13 16:27:30.625
2018-08-14,2838.157,0.024071,0.018337000000000003,0.8739657537171809,0.08496482225861728,-0.7026563292854888,0.9890503220693679,0.010411798623043944,-0.829707849736123,0.002689289277663019,0.0370814667679267,185,True,12,33,185,437350,2826.6,2843.1,0.005837401825514732,False,2018-08-14 16:17:48.717
2018-08-16,2842.5017,0.024390000000000002,0.018368,0.04020786394179205,2.0954511935040556,-0.8256357381205102,0.7406265278452671,0.008809648017168707,-0.3800204207779825,0.003766589999563994,0.055837309682333136,192,True,12,36,192,780137,2834.31,2850.48,0.005705092244673304,False,2018-08-16 16:18:06.447
2018-08-17,2843.0921,0.024281,0.018313,0.07174086808105684,2.0087441111845017,-0.5805194398999908,1.8333934769776765,0.010479279291521058,-3.07311354884612,0.004492047566088171,0.06391369757009834,184,True,12,25,184,813347,2833.74,2855.62,0.007721244715464426,False,2018-08-17 16:15:04.838
2018-08-20,2855.7052,0.024175,0.018276,0.04392723333886273,3.1052213576381935,-0.544483645652015,1.58213684864649,0.009377807881637761,-2.23034944155346,0.0028730604503724912,0.04372316149292403,182,True,12,25,182,723873,2850.62,2859.75,0.0032028120198412946,False,2018-08-20 16:17:49.888
2018-08-21,2867.9232,0.024252,0.018243,0.03234268124664388,4.561896620742069,-0.5219524751520596,1.574130088219042,0.008565514132420977,-2.1827975980668843,0.0027766022192298907,0.038859699924027914,185,True,12,29,185,1026343,2861.32,2873.23,0.00416241454992794,False,2018-08-21 16:19:41.026
2018-08-22,2862.9928,0.024172,0.018259,0.04363710876974158,3.0777426524557465,-0.614815460708918,1.4060796922220797,0.008090984221773631,-1.7084525190983697,0.003124068131070631,0.054066742628048794,187,True,12,30,187,813593,2856.05,2867.54,0.0040230388123456695,False,2018-08-22 16:41:52.862
2018-08-23,2860.1453,0.024224000000000002,0.018297,0.030980416777476216,3.1876756161258553,-0.7614648232785234,0.8007426138860736,0.00746906522839537,-0.443677695415147,0.0037114018724358514,0.05347468779939909,184,True,12,34,184,564637,2854.03,2868.78,0.005168130678374183,False,2018-08-23 16:25:21.865
2018-08-27,2895.0421,0.02435,0.018059000000000002,0.026406171275647206,6.775815093588213,-0.38918453106763756,1.5656227332829658,0.00630725234068221,-2.0933278751856124,0.002527202895196859,0.04130166124763864,181,True,12,19,181,1180032,2886.6,2898.25,0.004035889974364437,False,2018-08-27 16:20:43.269
2018-08-30,2905.2682,0.024425,0.01803,0.03782849441191896,2.1591853766568927,-0.6335002170634432,0.6326234013689859,0.00713473541244801,-0.23685490404934018,0.004417114089736482,0.06495927533315768,184,True,12,34,184,968850,2895.22,2912.44,0.0059477345417620064,False,2018-08-30 16:15:15.575
2018-09-04,2893.1351,0.020554000000000003,0.018076000000000002,0.04330401744237634,3.177563561982348,-0.5756176929754573,1.3289167628374416,0.010515913962583561,-1.490817226725659,0.0043212365488971135,0.059404222811584084,186,True,12,34,186,761073,2885.13,2900.13,0.005199072485468692,False,2018-09-04 16:14:59.235
2018-09-06,2876.1093,0.022461000000000002,0.018082,0.12999497271956725,0.6310962378963884,-0.8063042701527442,0.7624103383286379,0.010797662140667637,-0.41719084753286306,0.004243305680811001,0.05351779267346515,181,True,12,34,181,967545,2867.31,2892.05,0.00862829620794403,False,2018-09-06 16:49:02.150
2018-09-10,2880.3025,0.02617,0.018191,0.04045942801404922,2.4614209253337056,-0.8264601516634433,0.7837239062631405,0.00993079514531875,-0.4150477957667289,0.0037895596032030535,0.048335455406962144,185,True,12,39,185,567512,2875.94,2886.93,0.003821359277314418,False,2018-09-10 16:40:43.775
2018-09-11,2882.7063,0.027254,0.018135,0.06280195606925196,2.103705229192653,-0.6170459271728419,1.2894290986087937,0.00932922573761997,-1.3983937935662611,0.0040938516015492435,0.05879551666535117,187,True,12,25,187,722742,2866.79,2892.52,0.008975195253227541,False,2018-09-11 16:16:38.927
2018-09-14,2904.7816,0.025543,0.018027,0.04254776841461213,2.4246529413031386,-0.6030319408915177,0.9682472480314444,0.006021204977546312,-0.7311755896557172,0.003311177470073577,0.057780207579666336,183,True,12,29,183,692324,2895.77,2908.3,0.004327001108513473,False,2018-09-14 16:17:32.130
2018-09-17,2895.7798,0.025542,0.018121,0.045262307762658015,2.241144351442029,-0.6899651029836334,1.103853450349276,0.009346731118599188,-1.0156137090969783,0.004320121878131987,0.06362373839928738,183,True,12,31,183,707131,2886.16,2904.55,0.006371788119854838,False,2018-09-17 16:17:45.051
2018-09-18,2905.0474,0.025672,0.018036,0.04792357116539978,2.0714432851571547,-0.6637145766751061,1.1979760022382007,0.009817285863411362,-1.2366045825559846,0.002915085310780168,0.037808095650373304,183,True,12,39,183,587680,2891.44,2911.13,0.006809755692665176,False,2018-09-18 16:26:15.064
2018-09-19,2907.6826,0.025618,0.018014,0.04196768789566537,2.656140603698862,-0.7100028176599608,1.3356800622087197,0.009608603279889131,-1.5610970688558132,0.003902124732109225,0.06132454411575097,187,True,12,51,187,733759,2903.84,2912.36,0.002934045952944997,False,2018-09-19 16:15:14.275
2018-09-21,2934.3579,0.025639,0.017884,0.03949243725815549,2.5619962495764854,-0.5741643116257508,1.0871569629011892,0.0068012286053182715,-0.9795513097004798,0.0025693318561796396,0.03982523487586659,184,True,12,31,184,950785,2927.11,2940.91,0.004714547796290436,False,2018-09-21 16:19:52.485
2018-09-24,2918.8159,0.02569,0.017932999999999998,0.05186390539985481,2.285090497685216,-0.6681335152552754,1.5003590301838006,0.011621756083202898,-2.014049784649968,0.0031447879102503543,0.0445559826204982,181,True,12,29,181,792932,2912.66,2923.77,0.003814382729189214,False,2018-09-24 16:15:43.467
2018-09-25,2918.9505,0.025741999999999998,0.017961,0.04691183839255582,2.553479924143556,-0.6321297652802595,1.4600399199051581,0.01082326596895465,-1.8921396926365444,0.002625067871933923,0.03642258478819144,182,True,12,37,182,585859,2913.7,2923.95,0.0035178638844082233,False,2018-09-25 16:16:49.166
2018-09-26,2919.9439,0.025661,0.018021,0.03976752980184508,3.82925562371965,-0.5987595821959821,1.8150741574538327,0.010857583146039691,-2.9899341227864324,0.004158590832245798,0.05825254845375238,182,True,12,40,182,574689,2903.28,2931.11,0.009585709955636457,False,2018-09-26 16:28:49.785
2018-09-27,2919.8096,0.02566,0.017995,0.03479561659980681,4.676380059670078,-0.6434495169606645,1.836311596564539,0.01091722809152009,-3.0466052244148822,0.003312515326973321,0.046646924265853554,184,True,12,40,184,837343,2909.27,2927.16,0.0061493089331687845,False,2018-09-27 16:26:13.875
2018-09-28,2915.1864,0.02563,0.017998,0.03598487820064768,2.4077254312512992,-0.893613691672887,0.6348143849563259,0.0072077488477491555,-0.22970589057911853,0.0035179061267679697,0.05364673076945942,182,True,12,38,182,734482,2907.5,2920.52,0.004478073946689642,False,2018-09-28 16:28:47.903
2018-10-01,2929.6933,0.017665,0.017935,0.048135006378635846,2.5547308161065745,-0.5958374381185358,1.2442456427919864,0.007135438431846913,-1.3022032513488684,0.0024508106174188004,0.03676500285147577,182,True,12,22,182,702612,2917.91,2937.06,0.006562916608120251,False,2018-10-01 16:14:55.646
2018-10-02,2925.2954,0.017665,0.017935,0.03688564477495522,4.478631019905803,-0.5870603932164251,1.554595666720685,0.0075537646557328085,-2.0863733012300494,0.0031866532957892228,0.04983731696129317,180,True,12,21,180,487076,2919.37,2931.4,0.004120752080072121,False,2018-10-02 16:18:35.088
2018-10-03,2932.3207,0.017665,0.017935,0.03752937345191398,3.500048624246099,-0.6120405232434603,1.1103039243364117,0.006802722073870627,-0.9700655405584571,0.0031320815206622482,0.04342914605846208,188,True,12,25,188,689521,2921.37,2939.86,0.00632922224846566,False,2018-10-03 16:36:20.720
2018-10-05,2887.5082,0.022486000000000003,0.018231,0.03322409972031483,5.458417090019854,-0.9408250386085044,1.2018637594839523,0.016794006050410516,-1.081774508933119,0.009384277161497215,0.09980675482594849,192,True,12,34,192,819113,2869.31,2909.64,0.014055644039856263,False,2018-10-05 16:27:05.457
2018-10-08,2876.3271,0.023942,0.018238,0.04145508234987741,3.5905649750682582,-0.8050915231413717,1.2978355759430664,0.021595178723955822,-1.3866828487353906,0.008497922755034953,0.08007870104268308,181,True,12,27,181,899866,2862.08,2889.45,0.00956297517889082,False,2018-10-08 16:18:53.376
2018-10-09,2884.9953,0.025121,0.018272,0.0290834463208042,8.32663841718661,-0.8833433337708027,1.4812011567334842,0.019492598728197908,-1.7096221838306258,0.00552688641470149,0.05627515815522304,184,True,12,36,184,609104,2874.34,2894.67,0.00707292804609061,False,2018-10-09 16:17:56.417
2018-10-17,2803.456,0.026566,0.018767,0.038615660967930864,3.5380755201224043,-0.8832739686124721,1.0050740969464862,0.025690187405373082,-0.7369236908248299,0.005352422547501072,0.04447506594280381,185,True,12,30,185,904939,2781.81,2816.82,0.012585331133327049,False,2018-10-17 16:14:56.203
2018-10-18,2779.0489,0.026511999999999997,0.019044000000000002,0.038596675441483236,6.047109891602059,-0.7696794828654535,1.656246040494248,0.039200113524718506,-2.276354270962579,0.010913372152431933,0.08249817237396659,182,True,12,23,182,778271,2755.19,2805.83,0.018379857650470566,False,2018-10-18 16:24:17.668
2018-10-22,2761.2171,0.026585,0.019135,0.039863855112309686,5.227662847565048,-0.9211461769610871,1.1785498784795938,0.035511831909181266,-0.9721902274015906,0.006392741832996251,0.043658063393594425,183,True,12,33,183,774783,2749.27,2778.94,0.010791955682781351,False,2018-10-22 16:17:13.073
2018-11-02,2726.6992,0.017639000000000002,0.019279,0.03588206434382569,13.766068060405715,-0.9967075724645225,1.2973776803883923,0.04277265121132425,-0.6952789657600422,0.009039184311065372,0.05608900839524085,186,True,12,29,186,646937,2700.53,2756.55,0.020744076162827252,False,2018-11-02 16:17:17.166
2018-11-05,2730.2922,0.022483,0.019315,0.04531023926546901,4.356578006830399,-0.7340364368576473,1.200338185006109,0.04015455625887644,-1.046016574647429,0.006658329460907543,0.04416721824373071,183,True,12,45,183,834060,2717.94,2744.27,0.009687483903250138,False,2018-11-05 16:18:16.683
2018-11-12,2743.553,0.026936,0.019451,0.0389914368654814,3.370129579875149,-0.9462698169662396,0.6591861344458346,0.028814627318056046,-0.17171397036125552,0.008792365126382344,0.06662094168651803,183,True,12,38,183,790311,2722.0,2775.93,0.019812637766348118,False,2018-11-12 16:18:51.819
2018-11-26,2665.4538,0.026681,0.019922,0.03978124287595468,7.271165257585674,-0.6605972287371409,1.2651049357327566,0.039367147144270614,-1.0219785162089439,0.005789102661731728,0.03858092258330071,185,True,12,37,185,1180779,2652.93,2674.35,0.008074091664687755,False,2018-11-26 16:17:47.412
2018-11-27,2674.1734,0.026758,0.019858,0.06959212707216991,1.29416455729058,-0.7436229469217867,0.9190125316991555,0.0358642211807805,-0.6644567047735622,0.0061117194794493715,0.04529118207450206,185,True,12,45,185,935959,2655.89,2682.51,0.010023005470859214,False,2018-11-27 16:18:19.299
2018-12-19,2547.6639,0.026187000000000002,0.021431,0.043206131427912936,19.61057666492011,-0.8340627521543295,1.340053120534622,0.06453189744749056,-0.10114806033117651,0.008915569829376507,0.047778299130217694,188,True,12,32,188,1395793,2488.96,2585.04,0.03860246850089988,True,2018-12-19 16:29:44.313
2018-12-20,2477.9781,0.026291000000000002,0.021775000000000003,0.056000252758970324,3.116329708145919,-0.7802582356026666,0.9681988225709639,0.06873482048603133,-0.5883784573548814,0.013053768251555856,0.05893806823560004,180,True,12,21,180,1605187,2441.18,2509.52,0.02799465832097603,False,2018-12-20 16:43:32.734
2018-12-21,2449.4444,0.026181999999999997,0.022232,0.2344365038147612,0.2355567137008655,-0.4863424273863045,1.0919706142743362,0.06877340024027463,-1.08195363761842,0.011224920634579243,0.0522887074102532,182,True,12,32,182,1492531,2408.55,2504.32,0.0397625127151191,True,2018-12-21 16:48:27.208
2018-12-24,2376.3267,0.025811,0.022894,0.048699072061878484,9.706319479756099,-0.7057417779567251,1.5228353056958455,0.1356925153014747,-1.373649864673245,0.01082441116336324,0.04099243878890909,186,True,12,33,186,1168754,2351.1,2410.27,0.025166943133001496,False,2018-12-24 13:53:51.703
2018-12-26,2399.1801,0.026046,0.021815,0.0454921258709382,8.720793955734706,-0.8235139472684362,1.3587613364821463,0.131012736273871,-1.0527774568611479,0.01654603320103142,0.06358310273925515,181,True,12,24,181,1321279,2346.64,2467.76,0.05161422288889672,True,2018-12-26 16:54:08.975
2018-12-28,2492.998,0.025778,0.021654,0.08832427492312825,0.7272142961287072,-0.5678168143201249,1.2360127627192488,0.08449910868086485,-1.3992661987662676,0.01044932690588043,0.0454974316933426,186,True,12,46,186,840079,2473.17,2520.27,0.019044384332657982,False,2018-12-28 16:20:44.500
2018-12-31,2496.6169,0.02596,0.021484999999999997,0.09440447004864583,0.9012195392924665,-0.5667335002923181,1.2486799000846385,0.06878613728196249,-1.3890431868666027,0.007703447122674584,0.035854681751772324,186,True,12,32,186,976722,2482.85,2509.24,0.01062891435245783,False,2018-12-31 16:16:48.206
2019-01-24,2637.9792,0.025703,0.020485000000000003,0.08363743617563947,0.6879854957756777,-0.694866513469957,0.7248858467289152,0.029450115092682545,-0.4103768048024885,0.008487120655108246,0.07569472350503002,185,True,12,48,185,497232,2627.01,2647.13,0.007658897377627039,False,2019-01-24 16:15:21.403
2019-01-29,2641.7257,0.025828000000000004,0.020486,0.046759641051363626,3.7735651389172626,-0.8383977109339114,1.1198634700992933,0.032898663030598456,-0.9011930889034101,0.004987532474056542,0.03731862755529595,187,True,12,42,187,433718,2631.3,2650.93,0.007460190780222531,False,2019-01-29 16:14:38.644
2019-01-30,2666.2246,0.025706000000000003,0.020191,0.035306236939736266,10.672698024772505,-0.5643339160193487,1.9069141119332693,0.03356756775533927,-2.882695819792503,0.006460998866413699,0.048963889704980126,185,True,12,33,185,645542,2648.41,2690.43,0.01586612344765359,False,2019-01-30 16:25:46.814
2019-01-31,2697.7058,0.025442,0.02004,0.031153981859258766,8.264642289768554,-0.7870042014962019,0.894461770519235,0.021150439245576837,-0.28510882698298,0.004844426184874995,0.04069366951416794,184,True,12,37,184,880307,2678.75,2708.95,0.011273915072328444,False,2019-01-31 16:17:48.416
2019-02-25,2805.1107,0.025383,0.019589000000000002,0.032468310708381444,3.1566719792507607,-0.6806585366765778,0.7284581410618194,0.013379697514962529,-0.3256676500257313,0.0023043362363597717,0.023450470364588465,182,True,12,27,182,709308,2794.99,2813.49,0.0066189861144405615,False,2019-02-25 16:19:04.070
2019-02-26,2795.4388,0.025276999999999997,0.019604999999999997,0.03723566899994814,2.3858992617276065,-0.8406467149776014,0.6166516913126537,0.014345797279363269,-0.20257819804493682,0.002524708717034162,0.025181543404005764,182,True,12,40,182,759218,2789.57,2803.04,0.004828701197675533,False,2019-02-26 16:17:55.011
2019-02-27,2787.5969,0.025338,0.019627,0.041341234952990503,1.845120587330099,-0.9898244901994807,0.534823450241976,0.015115069253431942,-0.13347699549390446,0.0042187613098137325,0.04548301422400584,191,True,12,38,191,472320,2775.13,2795.64,0.00739064476258755,False,2019-02-27 16:15:04.846
2019-03-01,2798.7915,0.024942000000000002,0.019595,0.03112665846063197,4.391821444919285,-0.7897071695432051,0.7980046628478786,0.01083987352871911,-0.3634059896547929,0.003703218497118261,0.04663816257368267,186,True,12,35,186,583958,2787.38,2808.02,0.00740480307672442,False,2019-03-01 16:23:46.358
2019-03-04,2794.5947,0.024054000000000002,0.019676,0.029025692026131734,7.992673294570412,-0.8008377677519064,1.3983983868045666,0.016484098674864448,-1.4915323011902375,0.010742505974159001,0.10741263446737186,183,True,12,35,183,809539,2767.66,2816.87,0.017780363194901172,False,2019-03-04 16:16:09.547
2019-03-07,2751.0685,0.019118,0.020009000000000002,0.04712852491061834,2.322363701571531,-0.811004347445088,0.8902814089299421,0.02247860764293188,-0.5737018359642234,0.004601804497571367,0.040963189643279094,183,True,12,34,183,870251,2739.09,2774.231,0.012829443355274917,False,2019-03-07 16:16:10.517
2019-03-12,2793.4609,0.015465,0.019665,0.04238056973856599,2.5480393371086176,-0.8347285959027135,0.767525447807954,0.013479561323972135,-0.3731205953869178,0.0026325007838933785,0.030586849140242622,185,True,12,43,185,664509,2782.8269,2798.31,0.005563802764735337,False,2019-03-12 16:16:49.674
2019-03-13,2812.2888,0.025162,0.019545,0.04056253314922139,2.493797270208484,-0.6639215723500135,0.9382014232644109,0.013162645618055423,-0.6779124417348275,0.00264386275138614,0.03047092882631537,188,True,12,30,188,1064603,2796.518,2821.24,0.008840279232960269,False,2019-03-13 16:15:56.379
2019-03-14,2808.9342,0.025134,0.01959,0.047671397366544764,1.5565505223835123,-0.8762112017022256,0.6325212690369273,0.012300512092515167,-0.2516772788367905,0.0029018353910953624,0.032137782013195317,168,True,11,50,168,655961,2803.51,2815.431,0.0042521696016777355,False,2019-03-14 16:38:02.710
2019-03-18,2828.7804,0.025077,0.019416,0.03766124957154435,2.4536611263685075,-0.6879500094520562,0.7995855276658146,0.013242124026616507,-0.4545211279642972,0.003552126690264904,0.03971101432834967,183,True,12,29,183,751425,2821.99,2835.3,0.004716529824698279,False,2019-03-18 16:17:02.294
2019-03-19,2840.6777,0.024944,0.019417,0.03859459780329089,2.258980272014561,-0.7046159551631885,0.7241596894027069,0.01297622239137878,-0.35003838566788364,0.0035745155889262354,0.040025359729442746,184,True,12,35,184,1028630,2823.29,2852.42,0.01031774985920686,False,2019-03-19 16:16:35.695
2019-03-20,2825.4199,0.024628,0.019514,0.04529091079863864,1.3348167931524353,-0.9229282446374857,0.4880522673554782,0.01390560516925334,-0.1172848790484395,0.003933163539909597,0.04126149362035394,185,True,12,38,185,712937,2812.43,2843.47,0.011036719136120698,False,2019-03-20 16:14:58.717
2019-03-21,2847.4537,0.024731999999999997,0.019308000000000002,0.03368819849541344,3.821691427334604,-0.5883175307036759,1.0856528321926822,0.0160642740276153,-0.9211502732634559,0.002704659426353486,0.026557808262674225,190,True,12,29,190,612596,2809.675,2860.27,0.018007420787101713,False,2019-03-21 16:31:18.255
2019-03-22,2816.9177,0.024413999999999998,0.019692,0.030064042453697957,5.245444851235817,-0.8023820482091564,0.8239134095469064,0.020266672832520535,-0.3634347530390384,0.007791490176610914,0.06779101215046945,185,True,12,29,185,690732,2800.48,2846.247,0.01634255556190367,False,2019-03-22 16:19:29.129
2019-03-25,2797.1339,0.024098,0.019713,0.03574472628796651,4.529539130793914,-0.7925483043496546,1.1248463444642753,0.028592879625145406,-0.9414650257729189,0.0055265083435323435,0.04365686064387563,184,True,12,36,184,543907,2785.06,2809.78,0.008875930859658432,False,2019-03-25 16:22:24.288
2019-03-26,2818.3581,0.024201999999999998,0.019573,0.03001800887243755,5.039434451360935,-0.8133492998816804,0.8351999490956329,0.01949585590127044,-0.39501137882330767,0.00343468775710175,0.031408528497642085,186,True,12,35,186,582085,2804.0,2829.87,0.009226105563480802,False,2019-03-26 16:32:46.743
2019-03-27,2807.105,0.023878,0.019665,0.027767759356248416,10.95660573217163,-0.6508331540745328,1.5130836318635206,0.024667165017849105,-1.6809412943488344,0.005583651494487957,0.048890081820810345,185,True,12,35,185,600999,2787.72,2825.56,0.013573816595640942,False,2019-03-27 16:17:41.080
2019-04-02,2865.9421,0.025568,0.019222,0.027995745838742737,5.887334904491938,-0.7814209350665522,0.8113456461882818,0.010163198260194791,-0.3286410942812504,0.003330048961230977,0.03839944083904017,184,True,12,34,184,664479,2858.75,2872.9,0.004949715784871023,False,2019-04-02 16:28:00.020
2019-04-22,2905.5864,0.024479,0.01902,0.037326271490148805,2.367950111793727,-0.80426329389689,0.6650969266203179,0.010092779209889347,-0.2655804243039108,0.004035655258519612,0.05336919844974343,183,True,12,40,183,637502,2896.37,2909.51,0.004536713196173325,False,2019-04-22 16:19:47.581
2019-04-23,2928.2741,0.024268,0.018855999999999998,0.048331656950777444,1.7309713511857319,-0.5683356805489016,0.9052220090798992,0.010339866443235236,-0.6521054586483842,0.002474467473025014,0.031496942469365824,185,True,12,25,185,730001,2907.8381,2936.31,0.009791432335933603,False,2019-04-23 16:53:20.819
2019-04-24,2931.8724,0.024142,0.018897999999999998,0.049796304865492066,1.2936191296220543,-0.7551919141676409,0.6346462583847776,0.010456962312910613,-0.2739409681648133,0.003455141810217034,0.042918878429038146,185,True,12,37,185,578572,2926.07,2936.83,0.0036772872829424763,False,2019-04-24 16:20:06.637
2019-04-25,2925.6341,0.024167,0.018905,0.04704405456404441,1.5274668085516157,-0.7999333969624496,0.6909348100146206,0.011729360398153305,-0.333674447917402,0.004866483991637683,0.058034698300157,182,True,12,43,182,529647,2912.84,2933.06,0.00694167891130304,False,2019-04-25 16:20:05.060
2019-04-29,2945.3652,0.02403,0.018807,0.054288608436873415,1.5260304463704322,-0.7248059375020178,0.8668194063564936,0.01132382012643227,-0.5856837445047208,0.0026924280781656386,0.03347956606722722,185,True,12,46,185,652988,2939.41,2949.52,0.0034394657431253695,False,2019-04-29 16:19:31.762
2019-04-30,2938.8435,0.02374,0.018792,0.032740526014138384,4.666417130732013,-0.635623268575758,1.2920657308756696,0.012582068695642386,-1.3638719499801732,0.0031348250886487302,0.038075269321213474,184,True,12,28,184,745884,2924.18,2948.1,0.008180070994261657,False,2019-04-30 16:35:10.762
2019-05-01,2944.1516,0.02374,0.018792,0.03745636071199461,2.811945598482242,-0.7285443845405738,0.8936045904736826,0.011950570766249178,-0.5878786668371251,0.004945056409191318,0.05675995568087927,183,True,12,32,183,722760,2923.36,2956.851,0.011456337912538972,False,2019-05-01 16:17:49.108
2019-05-02,2916.0785,0.025539999999999997,0.018955,0.03237466722360326,5.499323321323866,-0.7152592067725024,1.4010569149761387,0.01782861790672517,-1.6068829540367335,0.0049472739784829425,0.05202044983704965,183,True,12,32,183,826758,2900.5,2931.68,0.010749870711946219,False,2019-05-02 16:15:53.534
2019-05-06,2919.2875,0.020398999999999997,0.018883,0.026655154609867424,8.539919472473407,-0.9725424085794226,1.0245722340947492,0.019306008548288997,-0.5944825150887133,0.005745047383542706,0.0547634952541593,183,True,12,32,183,774840,2897.0396,2937.27,0.013886727678834587,False,2019-05-06 16:20:02.487
2019-05-08,2887.7018,0.017784,0.019234,0.041269125472821584,5.005549791412235,-0.7139602967781687,1.9594527615794444,0.047702833524676,-3.4263058000568156,0.006074279519089092,0.04252066449911203,187,True,12,27,187,752814,2869.4971,2897.96,0.0099191248529229,False,2019-05-08 16:49:57.960
2019-05-13,2816.1906,0.023173,0.019747,0.03234039028716523,10.517886166494774,-0.9202051894892918,1.5481100545680162,0.05520056188794802,-1.7163396538137516,0.005246205907801165,0.03327383120454243,183,True,12,28,183,972727,2801.43,2849.9304,0.017312729570255314,False,2019-05-13 16:16:04.901
2019-05-14,2840.2378,0.023172,0.0196,0.034034714191786865,5.625777735525222,-0.9195022354416731,1.0705331764967452,0.03335391455667853,-0.7630978073099736,0.004100377866201246,0.030966738604683915,183,True,12,28,183,760095,2820.23,2852.53,0.011452966602014891,False,2019-05-14 16:17:24.261
2019-05-16,2881.6374,0.023249,0.019354,0.027684161512518114,10.149587914881804,-0.9870773435233574,1.1284523001568474,0.021112219688022595,-0.7114389314870998,0.003303780394266024,0.029148060265434407,185,True,12,30,185,803955,2856.96,2892.15,0.012317288306451735,False,2019-05-16 16:16:55.291
2019-05-23,2815.9816,0.023114,0.019748,0.035245231239120864,3.9457803543570473,-0.9908734292631575,0.7841910966659276,0.027450675321088237,-0.33681579407392137,0.004570510491854835,0.036109468854164654,183,True,12,29,183,939162,2805.51,2835.118,0.0105535178987064,False,2019-05-23 16:16:44.778
2019-05-29,2779.6865,0.023001999999999998,0.020042,0.035021756866197094,6.976206511263179,-0.898508469549296,1.051834572072085,0.03405249840594927,-0.6177179504343859,0.0042725032522291885,0.03031758177684126,181,True,12,28,181,1192948,2766.06,2792.02,0.009385190487552597,False,2019-05-29 16:19:04.106
2019-06-03,2745.6075,0.025301999999999998,0.02036,0.04759824976100405,1.3047796415212012,-0.8910392616711583,0.5593398940565165,0.03232675693769092,-0.1886506625627562,0.004656936926581956,0.032097955206233784,182,True,12,36,182,800947,2728.81,2763.07,0.012554923208285107,False,2019-06-03 16:18:31.596
2019-06-11,2890.7416,0.015712,0.019414,0.042568079618174985,2.207191506843277,-0.9169041429504663,0.6296673510533918,0.020850345298174967,-0.20856916539086687,0.0036356497192064196,0.03183229246407383,181,True,12,23,181,717303,2878.54,2910.61,0.01114106456745434,False,2019-06-11 16:15:21.087
2019-06-12,2880.0528,0.015449999999999998,0.019445,0.0666873751990396,1.1819442969256855,-0.7590157527281024,0.7065011898582615,0.02127383140652578,-0.3415024056842427,0.0036206200912912057,0.03530050622222139,186,True,12,42,186,615519,2874.68,2888.57,0.004831842152865917,False,2019-06-12 16:15:44.729
2019-06-14,2885.1254,0.020076999999999998,0.019442,0.04530538588737719,1.8056644382695863,-0.7541041625453203,0.6573683892808888,0.02065472138865152,-0.2685205509079146,0.005002786480516237,0.04741809926117947,184,True,12,44,184,397803,2879.68,2894.44,0.005125569507723249,False,2019-06-14 16:22:04.956
2019-06-17,2892.9425,0.020442000000000002,0.019427,0.0425019960424506,1.9708420383343137,-0.9897180658613098,0.5742675573170558,0.01982125078088735,-0.16225378635973742,0.003091049096406824,0.030878267957264442,187,True,12,45,187,494547,2887.42,2897.23,0.0033974967271819256,False,2019-06-17 16:16:07.863
2019-06-19,2921.2134,0.019338,0.019186,0.04538600394758003,1.8157620309640823,-0.8499012728723228,0.7215214384741786,0.020190304542799995,-0.3557728207674443,0.005794702281380003,0.05299419172375344,185,True,12,50,185,848075,2911.43,2931.74,0.006975953397471368,False,2019-06-19 16:18:20.128
2019-06-20,2948.9575,0.019259,0.019006000000000002,0.033439371634956465,3.2992537957715142,-0.7101408992694508,0.7498113795021043,0.01739966183332371,-0.3415671572411598,0.004599278206084425,0.0449276472203265,182,True,12,23,182,1327439,2931.5,2958.927,0.009355961112058608,False,2019-06-20 16:15:39.726
2019-06-21,2953.9715,0.019282999999999998,0.019045,0.03245271083958776,4.893600217867674,-0.5978257825352683,1.2769836410281052,0.021744655590969705,-1.3130660337833902,0.004118899142721866,0.03873757110872878,182,True,12,35,182,815736,2945.898,2964.15,0.006195733864512665,False,2019-06-21 16:17:12.883
2019-06-24,2950.5662,0.019177,0.019077999999999998,0.036151526728363116,3.425834514658928,-0.5602348085912738,1.2055715229282178,0.0239883592926762,-1.20570440084818,0.004660811311963834,0.043373795450843876,184,True,12,42,184,525634,2944.07,2954.92,0.0036853743287352803,False,2019-06-24 16:21:43.187
2019-06-25,2930.1966,0.019307,0.019261,0.029085886451692244,7.728214832838709,-0.713950114496149,1.2898126369835508,0.027002359114321778,-1.214052680318,0.004059956565633323,0.03556953638725659,184,True,12,36,184,829896,2916.05,2947.686,0.010848922343581258,False,2019-06-25 16:44:21.024
2019-06-26,2921.5213,0.01962,0.019285,0.033380963405790116,6.439411662532551,-0.6274335805841087,1.4982553120427236,0.027488942645052635,-1.8148614499406044,0.0032536698139362806,0.028360367749205116,185,True,12,32,185,534225,2913.01,2932.59,0.006721569785204995,False,2019-06-26 16:15:48.840
2019-06-27,2925.3545,0.019384,0.019229,0.03935842424107135,4.0950781307628645,-0.6652657189640785,1.3203179244243335,0.02569767940515417,-1.4208877768143835,0.0033492839509165354,0.03051784990642428,181,True,12,38,181,581018,2915.853,2929.3,0.00461168652877908,False,2019-06-27 16:18:30.582
2019-06-28,2934.792,0.019251,0.019082,0.03901863392523815,2.571939899863245,-0.7670137439929412,0.7774612166131368,0.020926360748153777,-0.4037387804766236,0.003118465812767671,0.027943820045194794,184,True,12,31,184,732823,2929.05,2943.98,0.005097215820829115,False,2019-06-28 16:26:33.799
2019-07-17,2995.4134,0.019312,0.018889,0.028702332186114208,6.623578470136231,-0.822519111551352,1.0506053703833333,0.011087078012944661,-0.7235473452570125,0.005567420625860406,0.06889390660191674,183,True,12,36,183,677701,2984.25,3005.26,0.007040294881461184,False,2019-07-17 16:16:39.503
2019-07-18,2984.8767,0.018788,0.018829,0.03188117522656718,5.226596047461621,-0.9208316390165602,0.8499459074172994,0.012082922593768704,-0.3891479966802016,0.005716951768525452,0.07422779659077744,181,True,12,22,181,730812,2973.12,2998.28,0.008462490582284099,False,2019-07-18 16:16:45.648
2019-07-19,2993.3159,0.019309,0.018951,0.03849784067971845,3.148061132514181,-0.8241466407797956,0.9434719721203173,0.014494660109728483,-0.6477522503175109,0.003979710756560743,0.04207233287073676,183,True,12,36,183,776616,2976.61,3006.02,0.009880367263430445,False,2019-07-19 16:17:39.826
2019-07-22,2983.6823,0.019413,0.018894,0.08900471526624558,1.4564109174434627,-0.6826872057995292,1.600665609567076,0.019403353993571747,-2.302875515615325,0.005111536935910496,0.05537184015524008,182,True,12,38,182,545477,2976.7,2990.71,0.004706554237914551,False,2019-07-22 16:22:01.942
2019-07-23,2997.4319,0.019646999999999998,0.018768,0.12408019196985363,0.7705547773079133,-0.6242401513039444,1.1665379376109288,0.013748807469535154,-1.1695895905022518,0.0038990063640218847,0.04689890998823688,190,True,12,28,190,478101,2988.56,3005.9,0.005802125438338246,False,2019-07-23 16:17:16.500
2019-07-26,3021.7433,0.019852,0.018645000000000002,0.03948961121500197,2.6036490263192387,-0.7380486035704681,0.8236783413706602,0.009887313172109469,-0.47281183446379155,0.0028359854521146093,0.03490025010730428,187,True,12,33,187,518456,3011.536,3027.98,0.005460336519304443,False,2019-07-26 16:15:12.292
2019-07-29,3019.9206,0.019826,0.018674,0.052961271301078056,1.574512425465015,-0.8373462954230827,0.6920579875705395,0.010881094867399793,-0.3121678986962428,0.002979416395123278,0.03580384761162335,185,True,12,43,185,472397,3014.3,3025.891,0.0038453372258899776,False,2019-07-29 16:14:59.239
2019-07-30,3011.0097,0.019772,0.018702,0.07765631535885058,1.1936481184982068,-0.7190481699069915,1.0061522783123378,0.014955235029832889,-0.8269537777179172,0.0028832241757443147,0.0314249697531763,183,True,12,37,183,619586,3001.04,3017.14,0.005364806866952732,False,2019-07-30 16:16:46.688
2019-07-31,3000.5034,0.01985,0.01891,0.04829314102258604,3.8624271815700357,-0.6571287029170246,1.8633418427561848,0.021000934658305694,-3.098985341827952,0.0071887607762880276,0.06912092925161156,177,True,12,32,177,619284,2958.08,3017.696,0.02015361315447861,False,2019-07-31 16:19:36.460
2019-08-05,2857.6085,0.023783,0.019806,0.05851087788326157,1.8154002847411501,-0.6409968141634889,1.368762693624666,0.05544255757741809,-1.6610699827191957,0.009277590392793997,0.05197524359692909,185,True,12,27,185,1418923,2822.13,2895.221,0.025899232140262907,False,2019-08-05 16:42:08.856
2019-08-06,2866.2102,0.023783,0.019806,0.06372248544557556,1.91452605795966,-0.8479683707387854,1.1663081048739998,0.0459566512585126,-1.1162778777677618,0.007610841370405458,0.04843394637990368,182,True,12,40,182,1266281,2847.42,2884.4,0.01298719542603477,False,2019-08-06 16:50:14.939
2019-08-21,2924.2447,0.017714,0.019442,0.03953612368845264,6.594321590451571,-0.8793951706042413,1.251695430772779,0.023938185633782385,-1.0453136233343985,0.004652797936289225,0.0442888931278906,182,True,12,36,182,770548,2916.6812,2928.73,0.004130996558691535,False,2019-08-21 16:14:55.318
2019-08-29,2923.019,0.017526,0.019483,0.04192831683757887,6.534333380791938,-0.9645813682556971,1.042579676551534,0.025379038644424253,-0.5390251813338768,0.005288355390309608,0.04570166569918014,182,True,12,47,182,781428,2905.67,2930.5,0.008545361310816402,False,2019-08-29 16:15:23.467
2019-09-09,2980.1129,0.017598,0.019193,0.03792272134399388,5.832865134155606,-0.9945843864558302,0.8556285564481615,0.013459941535488613,-0.2897039883702036,0.003901239214693101,0.03849389689355951,183,True,12,30,183,722823,2969.39,2991.339,0.007391753861904382,False,2019-09-09 16:20:03.958
2019-09-16,2997.2075,0.018576,0.019077999999999998,0.049256446242119695,3.670878820395409,-0.8504741242536471,1.067913111697441,0.015157251057447745,-0.7788095235790266,0.003580934401995216,0.04180232973607514,188,True,12,43,188,602313,2990.67,3002.15,0.003838604727368855,False,2019-09-16 16:29:18.725
2019-09-17,2998.7859,0.018367,0.019029,0.04626894894264564,4.0703520321016,-0.8927702500311656,0.9879472936212321,0.015157298356297626,-0.5993780342697114,0.0037254885733128654,0.04055604101269241,181,True,12,44,181,643573,2991.572,3006.21,0.004893079625026608,False,2019-09-17 16:15:17.312
2019-09-19,3015.6403,0.018757,0.019026,0.040666425496194654,4.355986025013534,-0.7856663218775174,0.8837861314512592,0.010345334631978804,-0.4267931638482264,0.004262507592560462,0.05242107047939134,185,True,12,39,185,917977,2997.5354,3021.99,0.008158235595816299,False,2019-09-19 16:39:08.528
2019-10-14,2968.3484,0.01636,0.019372,0.06896738442598119,2.0640196194506872,-0.8552855020623437,1.0250910950185985,0.02027932199926867,-0.7661116839715835,0.003955849408168585,0.03690074927205525,185,True,12,41,185,749527,2961.2583,2972.84,0.003911073883693383,False,2019-10-14 16:20:14.385
2019-10-21,3002.0752,0.015758,0.019136,0.0478486735168886,3.1834717302638382,-0.7528641427328415,1.0020824175849292,0.014545248342653909,-0.6995193726895788,0.0029580458363789894,0.03132781976962621,185,True,12,34,185,584320,2995.2188,3007.33,0.004043510944843121,False,2019-10-21 16:19:47.596
2019-10-22,3008.9615,0.015731,0.019207000000000002,0.04238882923755837,3.086624101924551,-0.9956421230859233,0.6461973885654512,0.0114296771831272,-0.1558943010347852,0.003391208042933142,0.036650932874960976,183,True,12,40,183,534729,2995.04,3014.54,0.006510764463913743,False,2019-10-22 16:16:56.192
2019-10-24,3007.0579,0.015808,0.019118,0.03714754634463885,5.4002951441573614,-0.8425498102181971,1.1341397272785232,0.012541461191463595,-0.8850574927067756,0.005664036762314669,0.0646810035145538,185,True,12,55,185,490681,3000.44,3016.07,0.005209235978723248,False,2019-10-24 16:45:13.399
2019-10-29,3040.3208,0.015754,0.018954,0.05187737335941197,2.2983489540256814,-0.780497717100325,0.7848371950378027,0.010861761368101297,-0.37750480911839746,0.0036441117154177014,0.044808638604383874,184,True,12,39,184,630513,3032.866,3047.87,0.004947135811473435,False,2019-10-29 16:17:43.715
2019-10-30,3037.5503,0.015467999999999999,0.018904,0.09640337983121361,1.1771288804631705,-0.7325825615939706,0.8905036099101862,0.011067489904981723,-0.5660382741159085,0.004807209160264675,0.058978552783333825,189,True,12,28,189,627829,3025.96,3050.1,0.007977633544395735,False,2019-10-30 16:27:22.008
2019-10-31,3032.5485,0.014948,0.018967,0.04422465096459925,3.292603429110865,-0.7597210792875344,0.8698949409673435,0.011248617776492616,-0.46548873348603687,0.004065256222829346,0.044097645495083895,189,True,12,42,189,974359,3023.23,3046.34,0.007644142192291037,False,2019-10-31 16:15:34.519
2019-11-13,3091.722,0.015604,0.018691,0.06939661015333429,1.5961482324040508,-0.7435884840945103,0.7416667026568142,0.009854232373484715,-0.32853494456767623,0.0028519462518274193,0.03531510658346226,184,True,12,32,184,632057,3078.8,3098.06,0.0062556840327399055,False,2019-11-13 16:18:24.270
2019-11-14,3092.024,0.015422,0.018688,0.039021092575003136,4.850484745557915,-0.6962890785040743,1.1696069883636764,0.010280904039231825,-0.9894380786490373,0.0035635200508334353,0.03874320598965661,186,True,12,41,186,630967,3083.26,3098.2,0.004845520650220703,False,2019-11-14 16:15:53.511
2019-11-22,3107.8712,0.015572999999999998,0.018685,0.029587597971268854,10.658911066724857,-0.8060125884631902,1.31193295994569,0.00483953456138128,-1.0904249404843323,0.0055188346925274185,0.07422663918879023,184,True,12,35,184,504978,3099.27,3115.417,0.005209936533441706,False,2019-11-22 16:21:27.951
2019-11-26,3138.0115,0.015780000000000002,0.018521,0.034838230327446255,7.754018774095168,-0.6342547780533622,1.8587210733966768,0.006187333545359727,-2.9145714446583546,0.0039230496520246735,0.05110652243870335,183,True,12,34,183,540923,3131.07,3142.69,0.003711191381859935,False,2019-11-26 16:14:54.021
2019-12-03,3082.8344,0.025137,0.018828,0.058725964081461454,3.423722134635881,-0.8648997977950432,1.5068906727808675,0.027733490065175597,-1.8685967335069131,0.008315310218213103,0.09834359822913372,186,True,12,28,186,857188,3070.33,3107.0801,0.011969429996124159,False,2019-12-03 16:38:08.292
2019-12-04,3114.7329,0.024226,0.018725000000000002,0.048133293542575964,3.9143639809255175,-0.8445967496919164,1.4114856668034692,0.020169134458168387,-1.6154693265388858,0.004916836019975362,0.05162075951738143,182,True,12,43,182,616474,3102.56,3119.37,0.00541810633799189,False,2019-12-04 16:23:23.174
2019-12-05,3112.4331,0.024226,0.018725000000000002,0.04241481915269673,4.425362632687832,-0.9750501159874142,1.058517784816242,0.017580923590552397,-0.7450579892711713,0.0041942681313347436,0.042504712216064715,187,True,12,56,187,454579,3103.76,3122.17,0.005931515323349679,False,2019-12-05 16:37:55.533
2019-12-10,3135.269,0.018187,0.018606,0.041137754021282086,5.602925511893381,-0.8772109359807756,1.4183701526834491,0.01975447475900868,-1.550790347007599,0.004254640217679462,0.04230706948696178,184,True,12,35,184,655185,3123.656,3143.688,0.006412998102223844,False,2019-12-10 16:38:00.935
2019-12-13,3169.1419,0.015161,0.018413,0.043359455953923924,5.634315580473623,-0.763716106959393,1.70580877424437,0.010120980740440412,-2.421181857804973,0.004319220230201131,0.05225651106373783,185,True,12,35,185,864944,3156.51,3182.68,0.00829080218342404,False,2019-12-13 16:34:38.628
2019-12-16,3194.0958,0.015108,0.018284,0.043729982001001214,5.22095971971928,-0.630320126923411,1.981654379302649,0.007349858707278616,-3.4703291298668146,0.002382456301633313,0.03690305944286399,182,True,12,29,182,832315,3186.66,3197.71,0.003467580476109733,False,2019-12-16 16:28:35.336
2019-12-17,3194.354,0.015134000000000002,0.018279,0.04093785527477674,2.272156920174715,-0.9786028419296098,0.4928946274150045,0.006202970806855547,-0.05691065141518628,0.004453122999908378,0.05945748399700792,185,True,12,40,185,544881,3191.27,3198.22,0.0021778163552441665,False,2019-12-17 16:32:07.504
2020-01-03,3238.2501,0.01566,0.018165,0.030091952200364314,12.041487096754123,-0.7791837979316755,1.982721021345549,0.014272385279915041,-3.2064789402118796,0.004096170533201924,0.04732066119396361,184,True,12,35,184,826769,3216.7036,3246.12,0.009144889818260005,False,2020-01-03 16:27:24.275
2020-01-06,3233.977,0.001599,0.0181,0.039332818913447976,7.880714090662661,-0.8308934575573553,1.9031858381364644,0.01934480031411629,-3.002174934009812,0.005129664630967442,0.05748786004201784,182,True,12,49,182,635085,3214.64,3246.68,0.009966901425976227,False,2020-01-06 16:18:15.234
2020-01-09,3271.0178,0.001167,0.018008,0.03507446886809735,4.161359407984285,-0.8674257161055974,0.7655811578976395,0.009193591990985012,-0.2941995673192727,0.004017221230857975,0.04594273838082771,180,True,12,42,180,830183,3263.77,3283.676,0.0060990817367645445,False,2020-01-09 16:15:23.126
2020-01-27,3249.836,0.015205999999999999,0.018208,0.030647704273445084,12.679010649314545,-0.9967735694840376,1.7717321728719984,0.04207026823900496,-2.361869754669627,0.005606459484391442,0.039811392751435686,181,True,12,30,181,845709,3234.5,3258.85,0.0075282114700880864,False,2020-01-27 16:43:34.431
2020-01-29,3283.9968,0.014879999999999999,0.018039,0.033019649302487616,7.658733812950876,-0.8023389423746184,1.7221259674120188,0.030002205805220946,-2.4599404384252983,0.004212189285387162,0.039853458211469066,184,True,12,44,184,533599,3271.89,3293.45,0.006589463582210797,False,2020-01-29 16:22:50.490
2020-01-30,3260.6212,0.014671,0.017995,0.03132326648427227,10.457747011636666,-0.8089866246319815,1.8536477496159565,0.037301022820943,-2.780868386715105,0.008924629147353556,0.06984917730256948,182,True,12,27,182,615486,3242.8,3285.91,0.013294066855803477,False,2020-01-30 16:24:53.552
2020-02-03,3254.0554,0.009186,0.018461,0.031267721360990965,9.923779233695498,-0.9238179708424288,1.4879681692283147,0.034326386327873194,-1.5934613447823036,0.005218186650184535,0.04023619938190953,182,True,12,30,182,578198,3237.1848,3268.34,0.009624164798994528,False,2020-02-03 16:31:39.247
2020-04-02,2500.0771,0.014747,0.023938,0.18284119574254795,0.476313744044868,-0.777772747317016,1.4321015408371742,0.25640863883044873,-1.8767352742486612,0.00971365884961099,0.023531070746071803,184,True,12,42,184,658365,2440.22,2533.09,0.03805804394685741,True,2020-04-02 16:14:57.074
2020-06-08,3213.2959,0.001192,0.018757,0.13678408884129148,1.6060077117440648,-0.8808794998719853,1.0595456780018517,0.04603469364520019,-0.6832844407264048,0.0029883667432587776,0.016139480495119114,184,True,12,32,184,575773,3196.0,3233.13,0.011617647058823621,False,2020-06-08 16:15:00.322
2020-07-21,3268.055,0.0013700000000000001,0.018563,0.14874608453375202,2.038609282690882,-0.8932155191267968,1.1939844268711666,0.038490294744329245,-0.8191285142220093,0.0064259925347732415,0.035467922989683626,185,True,12,36,185,481605,3247.77,3281.359,0.01034217324502662,False,2020-07-21 16:18:45.256
2020-08-03,3295.0157,0.001065,0.018506,0.15440610364440535,2.5739080744678686,-0.8319911150298213,1.3139047502633234,0.03333934430803717,-0.9314914589296112,0.0038534996495870823,0.021943362238681673,183,True,12,36,183,513602,3284.53,3302.69,0.005528949347395118,False,2020-08-03 16:14:35.490
2020-08-10,3356.4065,0.0012690000000000002,0.017967999999999998,0.18510570290630832,1.8576152310649765,-0.7856191470705645,1.2743426392623147,0.024724361682200793,-0.9362388160905483,0.0047529434739093344,0.03231739630350841,184,True,12,23,184,388843,3335.44,3363.29,0.008349722975079743,False,2020-08-10 16:19:29.073
2020-08-25,3434.4115,0.0012180000000000001,0.017498,0.06292711553378691,11.775662660623606,-0.962934673341708,1.4896796156483814,0.017052342783262116,-0.7371283878143848,0.010543871834982595,0.06428041908451361,186,True,12,42,186,423026,3425.84,3449.111,0.006792786586647281,False,2020-08-25 16:17:10.939
2020-08-26,3467.8906,0.001192,0.017322,0.060731481112220764,9.483756639776225,-0.876779646267918,1.1699173457902887,0.016459910195894257,-0.2167814214980579,0.009935691007005464,0.0628469081770814,184,True,12,35,184,583026,3444.15,3480.99,0.01069639824049462,False,2020-08-26 16:20:16.156
2021-06-02,4207.9458,0.001015,0.013736,0.04407152303648803,6.13618042864368,-0.948845828376234,0.9324757543105736,0.011612634604842973,-0.3286493981430394,0.004792106193177483,0.04948403825953476,182,True,12,41,182,369771,4198.3,4217.37,0.004542314746444953,False,2021-06-02 16:24:04.595
2021-06-09,4228.9045,0.0006090000000000001,0.013711,0.06474242752080317,2.5916120657927815,-0.9790237984464033,0.7948223142765801,0.01419776785660884,-0.2961679986087224,0.0032904310895639057,0.03187625556609182,182,True,12,30,182,397010,4218.74,4236.12,0.00411971346895057,False,2021-06-09 16:18:19.420
2021-06-10,4240.0174,0.000862,0.013649,0.051241476290509666,3.24140583878969,-0.9649313165218032,0.6626187854259421,0.01051973772448374,-0.10687481392682774,0.003922843845502511,0.04131459012150494,182,True,12,27,182,596258,4209.832,4249.74,0.009479713204707307,False,2021-06-10 16:49:19.139
2021-06-11,4240.0548,0.000862,0.013649,0.044338946679842034,4.016524736593258,-0.9916051167199651,0.666082427527537,0.0077905606548038,-0.08748884799282652,0.002212449788179212,0.027228774597454864,181,True,12,25,181,499806,4232.28,4248.826,0.003909476688688018,False,2021-06-11 16:15:24.765
2021-06-14,4239.3254,0.000456,0.013616,0.055257849980727615,3.057142407503731,-0.9721683305641937,0.7604004875640159,0.011407161797656112,-0.24034666844046987,0.0029600813802674545,0.03226691628079395,183,True,12,34,183,460436,4234.08,4255.59,0.005080206325813519,False,2021-06-14 16:14:59.751
2021-06-15,4246.6678,0.000558,0.013649,0.049879276101882114,4.145467958969689,-0.8411533588658764,1.0448058461038432,0.013705381669524896,-0.6780733742588582,0.002589647445274158,0.024459029439372212,183,True,12,36,183,416228,4238.35,4260.746,0.005284131796571723,False,2021-06-15 16:18:06.315
2021-07-13,4380.8289,0.000659,0.013309999999999999,0.04826620634404553,5.639391716736267,-0.6764820555746427,1.485145993910872,0.012530629599905188,-1.6612745347197242,0.004297288468548857,0.04582601121571118,181,True,12,22,181,530932,4365.1649,4391.9631,0.006139103702588633,False,2021-07-13 16:17:47.097
2021-08-17,4439.8876,0.000659,0.013188,0.044928399100173586,7.159620059155419,-0.9893929287206431,1.126545111465992,0.013382474228082936,-0.6257633533212381,0.007639138605406249,0.0724789311311666,181,True,12,31,181,629688,4417.2784,4464.1028,0.010600282744234413,False,2021-08-17 16:14:59.556
2021-08-23,4481.3441,0.000583,0.013125,0.04952132183190222,7.861737039133148,-0.644762675688042,1.9906771110327552,0.010615055206260646,-3.1841481402443192,0.0037408011231729148,0.040905682834224535,181,True,12,18,181,582433,4449.3734,4489.5916,0.009039070535190374,False,2021-08-23 16:15:49.724
2021-08-26,4480.7546,0.0006090000000000001,0.013159,0.053326304247122376,6.14473757711811,-0.8829322233193128,1.5115625209985697,0.012637921526826194,-1.6294689637752997,0.006188227780422515,0.06509362664919276,183,True,12,32,183,459328,4468.7696,4496.3758,0.006177584093840949,False,2021-08-26 16:47:38.211
2021-09-16,4464.3628,0.000659,0.013260000000000001,0.0662610235921528,3.2882884226198086,-0.9742722607024923,0.8915473305524114,0.015918520248862856,-0.3590859291171027,0.006652949305829701,0.057262173697769904,181,True,12,28,181,520883,4442.4154,4485.6077,0.009722706255700375,False,2021-09-16 16:35:34.152
2021-10-14,4426.5954,0.0009379999999999999,0.013407,0.050972491435147003,6.24552474229003,-0.8275935493273654,1.3940022112865786,0.01615538028506967,-1.3065422522031165,0.003905432507043069,0.036055644095076674,182,True,12,24,182,674624,4383.0967,4440.4947,0.013095307707904347,False,2021-10-14 16:18:38.882
2021-11-01,4606.1775,0.000989,0.012939,0.05770572267819195,3.35224285555895,-0.9552856390576656,0.836605989303199,0.01355339779427871,-0.31302238819231415,0.0038622610867978645,0.03495160363470975,180,True,12,28,180,538271,4594.3402,4627.0684,0.007123590891245035,False,2021-11-01 16:36:30.980
2021-11-02,4627.542,0.000659,0.012891999999999999,0.07674179051023464,2.3793476405909053,-0.8203195294307521,1.073136382349701,0.013864749837446745,-0.7864308987521074,0.003016595792855357,0.028059354562713565,187,True,12,32,187,566188,4607.9201,4635.0068,0.005878292030280674,False,2021-11-02 16:15:02.783
2021-11-09,4682.031,0.000735,0.012721,0.0540905729704053,4.0363667573923845,-0.996994993228748,0.8137990315325899,0.013849176664585024,-0.22561008247127934,0.003802764369054178,0.03165714748386605,184,True,12,34,184,650805,4670.5822,4706.8183,0.007758368967363483,False,2021-11-09 16:16:43.874
2021-11-11,4655.228,0.0015229999999999998,0.012888,0.04917266823052869,6.08444200193178,-0.8985438664468479,1.1890008712665932,0.0145655667589588,-0.8153465760149472,0.004374068917317493,0.038879178759759006,183,True,12,50,183,455469,4647.8122,4666.4656,0.0040133721409827405,False,2021-11-11 16:13:38.145
2021-11-30,4590.5709,0.002183,0.013221,0.09101528751908118,2.4751746340742415,-0.8110401227114388,1.3925753150583204,0.05203741432360332,-1.488708546149373,0.008802828307614988,0.046915832219652,182,True,12,36,182,698276,4559.649,4646.3851,0.019022538796297672,False,2021-11-30 16:17:13.914
2021-12-14,4628.1678,0.002387,0.013024,0.06409914997176366,6.743545940361696,-0.9005739011737436,1.6809245356164864,0.03827051560152481,-1.9609961692920552,0.0053212424309922795,0.033134439077865264,184,True,12,30,184,569851,4606.4075,4684.3458,0.016919540878656436,False,2021-12-14 16:14:40.307
2022-01-04,4797.4254,0.016649,0.012645,0.06885376682443863,2.6068164109742265,-0.9951849185813196,0.771262920565704,0.011127092962817465,-0.23586823400886076,0.003287086124684961,0.03053292869448497,191,True,12,37,191,620222,4774.1444,4817.5538,0.00909260306412163,False,2022-01-04 16:20:45.823
2022-01-19,4577.0849,0.005343,0.013351,0.06301573458206856,6.504518671182052,-0.7694524482037834,1.9117663323052394,0.05299045078514145,-2.835076465001192,0.005321149536496363,0.028977963712642208,187,True,12,31,187,733894,4529.9171,4611.4329,0.017994987148881814,False,2022-01-19 16:18:42.364
2022-01-20,4554.2604,0.0053939999999999995,0.013508,0.07788782891082535,3.177735374968391,-0.9660694033986273,1.2277722011011303,0.04528518997887861,-1.0124107593778833,0.010813896603725347,0.057430003525173655,182,True,12,33,182,801284,4450.8826,4602.0157,0.03395575969584108,True,2022-01-20 16:39:19.342
2022-01-21,4442.9648,0.00547,0.013768,0.09502637462502286,2.8732760864362494,-0.9254997077572907,1.4341642363162255,0.06712166887285585,-1.510753037146881,0.009529048305569455,0.04172274329019068,185,True,12,23,185,1079990,4390.9244,4494.5665,0.023603708594937434,False,2022-01-21 16:16:52.428
2022-02-01,4520.1247,0.007724,0.013443,0.055639430757397544,8.651868327888073,-0.9766271276657996,1.4148164837147936,0.043291532585089915,-1.0389356250877944,0.00773808802017438,0.04325184339035062,183,True,12,24,183,610044,4483.4152,4561.0044,0.017305825255711227,False,2022-02-01 16:46:49.589
2022-02-10,4537.9355,0.034125,0.013263,0.05018019955453882,6.309361508464447,-0.7199942355698742,1.0088263592262854,0.03778876138738301,-0.3845205839568182,0.011402511674954097,0.06577048675618745,184,True,12,28,184,595814,4483.3667,4590.2866,0.023848127345907466,False,2022-02-10 16:17:45.325
2022-02-22,4317.9167,0.010134,0.014226,0.08347289724714307,3.0621806930728055,-0.8016130437266361,1.4056742347200404,0.08044451540127737,-1.4647018654656678,0.006789467732513422,0.028324794223947555,183,True,12,31,183,665748,4266.3456,4363.6205,0.02280052042666214,False,2022-02-22 16:15:45.796
2022-02-23,4267.5156,0.011324,0.014496,0.05930691556470735,7.264591759544311,-0.9889256720947993,1.070747497107479,0.08361279139960215,-0.2848191423712043,0.008188668567617666,0.03471464108599834,192,True,12,40,192,731544,4221.4335,4350.5927,0.030596052265184248,True,2022-02-23 16:36:04.445
2022-02-28,4351.4913,0.009752,0.014048,0.08765149394471046,2.9054690249620134,-0.9562530836016263,1.28597535828534,0.07821540052835164,-1.144395220821105,0.00991712221722067,0.041380028100839295,184,True,12,35,184,631372,4296.143,4389.1153,0.021640876479204874,False,2022-02-28 16:15:10.751
2022-03-01,4319.0678,0.003838,0.014276,0.1373265794845372,1.492888850491801,-0.7908401134796287,1.5995216654922895,0.09616128217739005,-2.148442919601944,0.011907094627061467,0.045274517531322424,183,True,12,32,183,745860,4279.0681,4399.1632,0.028065713653867563,False,2022-03-01 16:31:53.615
2022-03-07,4241.7953,0.010265999999999999,0.014098999999999999,0.9822279351182371,0.09666893347222917,-0.5230367838390162,1.8295213775692944,0.11590652832285167,-3.157246617154029,0.009828180997270694,0.03544239222544101,184,True,12,27,184,646148,4187.9003,4326.8872,0.033187728943785855,True,2022-03-07 16:23:45.052
2022-03-09,4271.693,0.030449999999999998,0.014776000000000001,0.1151106125430617,1.6898142758782992,-0.7063903004459207,1.5016763568533753,0.09203615807782879,-1.8660007679717032,0.006176461378726156,0.023645268572272483,183,True,12,33,183,643990,4201.986,4299.9521,0.023314237600982057,False,2022-03-09 16:15:02.091
2022-03-14,4193.9723,0.012092,0.014841,0.14921083596981263,1.6568869726862352,-0.8256315676825232,1.613377762906653,0.09673605718796821,-2.1085368252376657,0.0097264384450288,0.03789601411480142,181,True,12,29,181,498858,4162.0665,4252.319,0.021684540600204416,False,2022-03-14 16:14:44.451
2022-03-15,4229.0565,0.011937,0.014531,0.09287285215716948,4.1368778231389784,-0.8729287786754731,1.4729037879273652,0.09021076049738475,-1.401038283569462,0.007047282174952769,0.028314872371171647,183,True,12,34,183,687700,4140.5833,4270.5104,0.03137893639285072,True,2022-03-15 16:52:34.720
2022-03-21,4455.3973,0.012477,0.013892999999999999,0.06125532949993006,7.301971572765583,-0.779310123205564,1.6124079638231863,0.0501714861029088,-1.7052900924226768,0.004995182658326874,0.026502228661136974,182,True,12,27,182,676624,4423.461,4481.593,0.013141745795882454,False,2022-03-21 16:15:24.684
2022-03-23,4477.8459,0.014839,0.013912,0.057560520923919736,9.692504951058586,-0.7658865291450139,1.9123803245288602,0.04849350844686037,-2.541387237563902,0.004065560213744956,0.022845090270172695,184,True,12,33,184,549249,4452.8117,4517.1371,0.014446018456158782,False,2022-03-23 16:18:06.706
2022-04-29,4186.822,0.020581000000000002,0.015084,0.07233092853475914,7.4340701001643925,-0.9704176578754984,1.224469295306051,0.08118052857351742,-0.42389866887253613,0.010834462323050251,0.042730944919490484,183,True,12,36,183,797229,4123.8304,4275.8141,0.03685498317292568,True,2022-04-29 16:48:51.646
2022-05-10,4009.0372,0.041047,0.015611,0.0697517646760694,17.627985702679037,-0.9440048297934638,1.243109844199888,0.13015883664580022,0.9138441361460985,0.00787122260787904,0.028966847307179494,182,True,12,29,182,815053,3957.9168,4068.577,0.027959203184867443,False,2022-05-10 16:16:06.265
2022-05-13,4011.3937,0.01872,0.015588999999999999,0.11548286268854285,1.2281960051900735,-0.7354614063078929,0.9623394820080917,0.08036773187288274,-0.6424260973876381,0.005873883476181487,0.02253562716449134,183,True,12,29,183,701178,3955.7295,4039.4066,0.02115339281920048,False,2022-05-13 16:59:55.074
2022-05-16,4014.5538,0.019787,0.015655,0.08907966941549034,2.2799146104314785,-0.6867350432417871,1.0926182758046883,0.0806773877035069,-0.7876266170368449,0.007585578963063538,0.03000140615881969,183,True,12,43,183,724567,3983.3972,4047.087,0.015988814773480353,False,2022-05-16 16:23:49.011
2022-05-18,3970.7623,0.020045999999999998,0.016022,0.09476315640879328,4.036706868284545,-0.8626137210132071,1.3664395333791175,0.08643733013868429,-1.1020948297099435,0.010321631942737582,0.04138004608017253,185,True,12,35,185,873698,3910.6424,4082.0697,0.04383609710772829,True,2022-05-18 16:48:27.084
2022-05-19,3906.4387,0.020747,0.016124,0.08224401178509358,1.3546171388085642,-0.6625523535988854,0.7708009307963457,0.08523919020691978,-0.37131577905959035,0.012357193349163624,0.046545246341291986,183,True,12,43,183,838040,3859.5211,3946.2155,0.022462475979208918,False,2022-05-19 16:24:07.812
2022-05-24,3913.3968,0.019698,0.015965,0.10496475741428322,1.364959466751527,-0.7888263616654393,0.9322818988183361,0.0839152534042612,-0.5826042602485155,0.006146371859754683,0.024381002671679124,183,True,12,46,183,477286,3874.1565,3956.5894,0.021277638112967345,False,2022-05-24 16:17:35.089
2022-06-01,4112.8841,0.004119,0.015430999999999999,0.09991681276265808,1.9757868783339112,-0.8554455719287509,0.8852517383317146,0.06245561463047869,-0.3888419850565102,0.008223916259545622,0.03644703862625239,184,True,12,27,184,731373,4073.8201,4166.8019,0.022824228296188354,False,2022-06-01 16:24:43.801
2022-06-06,4137.3017,0.02175,0.015422,0.07600077719375309,5.36413641294576,-0.8108169863449518,1.3497951179961674,0.06208992547527457,-1.0065897878519103,0.0039094459056982335,0.01796517842277483,187,True,12,38,187,459173,4108.8975,4169.6272,0.01478004744581729,False,2022-06-06 16:31:53.068
2022-06-10,3920.2367,0.041798,0.016363000000000003,0.10158509689772145,1.4263202845911782,-0.8086083700731529,0.8171638581070492,0.0729179241418338,-0.37797100236163667,0.004470282140543784,0.01845934882609808,182,True,12,23,182,825404,3898.0859,4025.7024,0.0327382472510418,True,2022-06-10 16:20:14.231
2022-06-17,3680.2753,0.028046,0.017435,0.08815124553940935,1.5176450518706661,-0.8187390375520355,0.7000233606245401,0.08282124174924665,-0.22246810220183338,0.006215602474615122,0.023542170200378628,184,True,12,42,184,781894,3636.7778,3709.0237,0.019865359934830407,False,2022-06-17 16:59:52.104
2022-06-21,3748.8195,0.028494000000000002,0.017028,0.08855905983862317,2.4840952641018266,-0.6172101085869884,1.1706977166230046,0.08570344014986508,-0.9305548614294488,0.006033241379451598,0.023813925996761885,183,True,12,43,183,804650,3705.9146,3765.9824,0.016208630387759104,False,2022-06-21 16:17:59.572
2022-06-22,3774.1106,0.02733,0.017052,0.08332911087361157,2.0932399024902764,-0.9058200924938207,0.7720194094159099,0.07790909530383654,-0.24715832867552995,0.006028390506033238,0.023975299364710097,183,True,12,37,183,715883,3691.3171,3803.0707,0.03027472226647765,True,2022-06-22 16:15:32.672
2022-07-14,3757.5248,0.031018,0.016946000000000003,0.09546461994348933,2.9784573467253566,-0.9663966143877754,0.9788385685166646,0.07007716425714036,-0.3894503459696935,0.0071169808789709,0.030469681969863046,188,True,12,26,188,646935,3721.045,3796.5074,0.02027989449200418,False,2022-07-14 16:16:49.221
2022-07-19,3909.1264,0.031513,0.016305,0.06503605251792087,12.73835119425115,-0.9761368197686426,1.7942474510562947,0.06738244163124553,-1.5624197610999346,0.003945201572315995,0.018210322293654,184,True,12,33,184,800386,3832.4193,3945.1861,0.029424442153289432,False,2022-07-19 16:17:56.111
2022-07-28,4049.55,0.028849,0.015778,0.06084211597572958,9.556820657844103,-0.7654624304891507,1.3768983871112939,0.03963208202534718,-0.7329347867820841,0.005077729786435676,0.027632305446135003,180,True,12,25,180,797628,3992.8795,4108.7578,0.02902123642849741,False,2022-07-28 16:55:04.241
2022-08-01,4123.9538,0.02887,0.015621000000000001,0.06601061786558411,6.255332358091617,-0.4924129276980172,1.5076696373866039,0.04422311100221227,-1.447231027673036,0.0033633659867086255,0.018336629679885842,183,True,12,30,183,631187,4095.6856,4145.5405,0.01217254078291563,False,2022-08-01 16:29:31.067
2022-08-08,4160.0808,0.032321,0.015597000000000001,0.07154868255999655,5.150238843692527,-0.6768536513051988,1.165113914158022,0.03450583794776149,-0.620504824693586,0.0036871017140514277,0.020510885359305793,183,True,12,31,183,636876,4128.7827,4186.8816,0.01407167783375951,False,2022-08-08 16:58:46.681
2022-08-18,4277.1453,0.031748,0.015213,0.06149975205295519,8.50678392466039,-0.5606583162532149,1.8123243743690252,0.031131701994664286,-2.23818943366272,0.004598841310174873,0.029190035366578753,186,True,12,44,186,687415,4256.4466,4292.4272,0.008453201315858028,False,2022-08-18 16:20:57.292
2022-09-06,3913.0708,0.022583000000000002,0.016798999999999998,0.06430604375607855,11.748094521458698,-0.8739786064694238,1.2762690231651985,0.07089134463555062,-0.11791565879611032,0.006871687591503344,0.029658879620497482,185,True,12,41,185,680647,3887.606,3962.5116,0.0192677961707024,False,2022-09-06 16:19:24.982
2022-09-07,3953.2808,0.022583000000000002,0.016798999999999998,0.06373648091194951,14.971949650261523,-0.9960293743838381,1.4549933410477753,0.061428082981401115,-0.2084868562962423,0.0061786436488870744,0.028521861996000254,183,True,12,40,183,663474,3895.8971,3988.1622,0.023682632685550153,False,2022-09-07 16:16:57.598
2022-09-16,3854.7304,0.039264,0.017044,0.07116708004994286,5.393942292407893,-0.889437523666439,0.9430271142360219,0.0709556174052071,-0.12155789236718961,0.006388695443599988,0.027025138004833315,183,True,12,26,183,839746,3836.5234,3884.1126,0.012404251203055328,False,2022-09-16 16:39:57.010
2022-09-22,3765.6774,0.040002,0.01757,0.07449449305066125,6.05875606877041,-0.5925337518848173,1.491893445684809,0.08438856093847064,-1.323058129555954,0.005148923630302661,0.020960102427837895,185,True,12,40,185,1249581,3748.8761,3816.5108,0.018041327106009142,False,2022-09-22 16:33:21.018
2022-09-27,3660.2341,0.040603,0.018106999999999998,0.08087077555027705,7.360452571858033,-0.7217692810855816,1.6926253100196804,0.11858552877072902,-1.6744894243448385,0.00882255869280798,0.03236407999100914,182,True,12,33,182,912806,3622.0838,3717.5574,0.026358749623628386,False,2022-09-27 16:33:59.659
2022-09-28,3692.6884,0.039287,0.017815,0.09246089784878252,3.2365693727686122,-0.7636205770180988,1.260566658794784,0.09197745906714802,-0.9905160809529318,0.0089286830010579,0.03363402519238248,186,True,12,29,186,847676,3602.6159,3737.5985,0.03746794100364692,True,2022-09-28 16:56:26.334
2022-09-30,3619.0712,0.039328,0.018494,0.17023647221375002,0.561360889309866,-0.663416686947267,0.8654950230575199,0.08135360895029989,-0.5579534400675669,0.007270000533872581,0.028085303333250596,184,True,12,26,184,1150015,3583.4939,3680.2278,0.02699429738111192,False,2022-09-30 16:53:53.416
2022-10-05,3765.1929,0.018906,0.017514000000000002,0.08262243980623038,7.286901728828072,-0.5400896827187006,1.949668417956065,0.09013165947589179,-2.5970837410472787,0.0057257177574622994,0.023302466513291167,183,True,12,30,183,736085,3722.4706,3806.8822,0.02267623013597464,False,2022-10-05 16:47:50.973
2022-10-07,3655.5067,0.024492,0.017651,0.099705866156271,2.438087913618882,-0.995191124657158,0.8621014731854114,0.08154849753245616,-0.2570356156834441,0.004073437888788172,0.015818372128909224,183,True,12,30,183,1100600,3621.0979,3760.1086,0.03838910292925246,True,2022-10-07 16:43:25.488
2022-10-11,3595.1749,0.045487,0.018420000000000002,0.11875663011276857,2.033874765548971,-0.5127361917403405,1.6266096114636728,0.10926085024223818,-2.162786601650015,0.008890666408351695,0.030724513902883593,184,True,12,43,184,762631,3568.3429,3641.3444,0.020458095549057198,False,2022-10-11 16:35:39.098
2022-10-12,3592.0528,0.045487,0.018420000000000002,0.08957521950781855,3.718597747709982,-0.6427162732417171,1.5591777139056802,0.11783192982881709,-1.7648467245153405,0.007731440187333741,0.028659929802979146,187,True,12,55,187,578256,3574.8138,3623.834,0.013712658264886324,False,2022-10-12 16:59:57.084
2022-10-13,3608.7965,0.044282,0.01802,0.07824340872759691,4.81785857685577,-0.7190508058318248,1.0101630996551465,0.09496919313192677,-0.2664981322635247,0.0065313139230870915,0.02428286525750602,184,True,12,25,184,1159645,3491.4547,3685.6809,0.05562901904469797,True,2022-10-13 16:41:15.631
2022-10-18,3721.5515,0.044829,0.017793,0.11374853958001861,1.0776429628459858,-0.8300292993073569,0.8170116490840914,0.08297798108983696,-0.4223474083142762,0.009094435117139537,0.03595335473692426,184,True,12,24,184,1032033,3686.3524,3765.1009,0.02136217362181636,False,2022-10-18 16:28:10.766
2022-10-19,3697.9008,0.045826000000000006,0.017911999999999997,0.1719971194612798,0.36946990410836084,-0.57180867002221,0.7955573181197624,0.08550590935850878,-0.5058159279453622,0.00876029006256597,0.033244999759891515,186,True,12,45,186,616017,3665.9692,3742.4873,0.02087254306446429,False,2022-10-19 16:40:50.077
2022-10-25,3841.5707,0.04553,0.017159999999999998,0.07380643495226674,7.669701761568365,-0.6076550664336794,1.5685141542683458,0.10001212065409931,-1.3280899638031818,0.0066497969921361375,0.025339126060584943,183,True,12,39,183,913979,3780.727,3863.4893,0.021890578187740095,False,2022-10-25 16:14:40.816
2023-02-10,4079.109,0.054889,0.016641,0.05934853883694391,1.7999720668893315,-0.8938823400896387,0.6892105861587701,0.038975070799091294,-0.26135980783892404,0.004658856601311876,0.026545388923526606,185,True,12,40,185,581383,4051.8345,4094.0514,0.010419206411318216,False,2023-02-10 16:59:29.820
2023-02-28,3980.9044,0.049773,0.017225999999999998,0.082845822269773,0.9753279654366189,-0.7698805746459612,0.7281147105760438,0.03720066150392961,-0.36854733719863325,0.003922492056674033,0.023257851054980915,185,True,12,34,185,828627,3959.9322,3998.6053,0.009766101550930495,False,2023-02-28 16:43:52.908
2023-03-07,4005.4836,0.053965,0.01721,0.056713149830738434,3.3794964012779016,-0.7123848890390543,1.5175216847268302,0.044565060631215465,-1.9195482920999272,0.00603409618188258,0.03689878693707322,183,True,12,42,183,833803,3979.6453,4061.6469,0.020605253438038762,False,2023-03-07 16:58:03.629
2023-03-08,3984.9619,0.053680000000000005,0.017189,0.050076018709215464,3.7483399901945167,-0.6953022617079395,1.1528033011334,0.04014163595208219,-0.9535515641491024,0.006138327238377693,0.03660018813703136,184,True,12,47,184,613423,3969.3798,4000.8395,0.007925595832376509,False,2023-03-08 16:57:03.903
2023-03-09,3960.9903,0.053680000000000005,0.017189,0.044016924217456656,10.391558792743625,-0.5909521591078459,1.9649447040404633,0.05466660685816391,-2.9461987781737804,0.012995128961079216,0.07166839804234906,181,True,12,24,181,898272,3906.8885,4017.0132,0.028187315814106162,False,2023-03-09 16:59:40.106
2023-04-04,4107.6902,0.044465000000000005,0.0168,0.046336868665166335,7.102068259760934,-0.7554460624065488,1.1066907160378157,0.026944031602280243,-0.5665891325571156,0.0034114973028474293,0.022547194524557324,185,True,12,38,185,813400,4086.4226,4143.5932,0.01399037877286613,False,2023-04-04 16:59:38.147
2023-04-06,4093.9679,0.046218,0.016845000000000002,0.04427929902625095,13.351049454429338,-0.5698178017858042,1.9207483883954588,0.025978895715211513,-2.50692414930987,0.006403113509329695,0.04581566836259305,182,True,12,42,182,835268,4069.8693,4107.6633,0.009286293296937087,False,2023-04-06 16:28:14.449
2023-05-01,4175.5912,0.047533000000000006,0.016579999999999998,0.07703456923311437,2.6582482753468604,-0.7142180574057095,1.890988636926813,0.024757846474405185,-3.166284003374297,0.004707126421680068,0.04024131210547876,182,True,12,34,182,664057,4161.3826,4188.6708,0.006557484043884898,False,2023-05-01 16:58:50.763
2023-05-25,4144.0125,0.052307,0.016693,0.0733328083116873,1.6069696554542168,-0.9782550293734102,0.8582700091165245,0.02534695571115243,-0.5009402131366345,0.003663905048597636,0.02646950670789248,180,True,12,26,180,524284,4125.7971,4165.0328,0.0095098472001931,False,2023-05-25 16:56:03.883
2023-05-30,4212.2428,0.051951,0.016483,0.04760526668908878,3.518917438705529,-0.7909235606580333,1.0594987504350515,0.020573374761963126,-0.7874995959205116,0.0035114774132621387,0.028577574057995162,188,True,12,33,188,718918,4193.9731,4237.0587,0.010273218013725272,False,2023-05-30 16:57:02.891
2023-06-07,4278.2939,0.05409099999999999,0.016209,0.07868286975676872,1.024670713923623,-0.7211080495146227,0.8137403998439634,0.01357647891261147,-0.5009253736837581,0.003595427510237594,0.03925294861467257,183,True,12,34,183,764686,4264.1687,4299.3444,0.00824913423336171,False,2023-06-07 16:47:18.330
2023-06-08,4283.7339,0.05409099999999999,0.016209,0.05649714825858203,2.6505984315922344,-0.4996035598072049,1.7558294658807059,0.016373790398071915,-2.7834346081276617,0.003585593240819116,0.037653221137133146,185,True,12,33,185,778212,4259.4136,4296.8673,0.008793158757815833,False,2023-06-08 16:46:44.240
2023-06-09,4307.5322,0.054248000000000005,0.016101,0.043262658694336965,3.0084702427862533,-0.36821395702229454,1.1278269346189425,0.012119951778980294,-1.0116847518404988,0.0021184769741564974,0.020607690930035585,192,True,12,28,192,704658,4280.1224,4321.6271,0.009697082494650067,False,2023-06-09 16:59:36.608
2023-06-12,4321.168,0.050702,0.015953,0.06197375875148128,1.1549451838922198,-0.8073660137597062,0.7316629986972957,0.014852527439991567,-0.39217815526727573,0.003571423314831774,0.03549811711385797,183,True,12,42,183,874070,4305.2019,4343.3866,0.008869433045637143,False,2023-06-12 16:52:28.026
2023-06-14,4373.7745,0.052268999999999996,0.015806,0.04796237136196537,2.3759252732670566,-0.11713979877592462,1.0968694602212716,0.014873609168666134,-0.9752125921966767,0.0039558603799712275,0.0416200620192197,183,True,12,29,183,792166,4337.0557,4391.4422,0.012539958848119204,False,2023-06-14 16:50:39.073
2023-06-15,4407.3262,0.05177,0.015629999999999998,0.04236723918235871,2.2374912091053907,-0.19346752488526794,0.6972675295128297,0.01314167405931841,-0.29658935726373864,0.0023928498625846984,0.023592499672979918,187,True,12,24,187,1128148,4348.175,4438.4305,0.020757099242785904,False,2023-06-15 16:49:43.539
2023-07-03,4452.8016,0.051945,0.01552,0.04440244939811174,1.8770059880432037,-0.7252909656779806,0.6580020587986105,0.009793888642782524,-0.2662793825751279,0.0047954711015062565,0.056362220128296815,186,True,12,57,186,308506,4442.6582,4458.3522,0.0035325697574484227,False,2023-07-03 13:45:42.210
2023-07-18,4542.8842,0.053086,0.015205,0.03268847459757766,4.141782266650295,-0.29117722885043434,1.2838886987197184,0.014865692265073248,-1.3775931018760204,0.002433067814801155,0.02514542636541964,185,True,12,25,185,886094,4514.2731,4562.817,0.010753425617958223,False,2023-07-18 16:51:43.378
2023-07-19,4568.8153,0.052806,0.015170999999999999,0.05037225145538348,1.4155959368913589,-0.4479019853182166,0.7955124197283727,0.013986474812472264,-0.4902265009574693,0.0028618844469399346,0.028599842172229606,183,True,12,37,183,932267,4553.7052,4577.8228,0.00529625852811022,False,2023-07-19 16:41:24.402
2023-07-24,4556.2267,0.053436000000000004,0.015220000000000001,0.059402286861045164,0.8808020953908771,-0.9365750454658275,0.5576186151143783,0.012768135638096345,-0.20629520244564,0.0026268267837310393,0.026412221686923223,186,True,12,45,186,479013,4535.1873,4565.4194,0.00666611939048245,False,2023-07-24 16:15:15.656
2023-07-25,4566.8149,0.053731999999999995,0.015178,0.050901857478250406,1.9200127319068492,-0.4735048962748979,1.275051555045849,0.016660643591216977,-1.4302920391529406,0.0020291841364297554,0.020196983045963957,185,True,12,39,185,551485,4551.9925,4580.4209,0.006245265122910348,False,2023-07-25 16:42:12.150
2023-07-26,4560.5936,0.053534,0.015183,0.05227303966877027,1.2695151265796583,-0.848377361668382,0.681804053928779,0.012563571603436872,-0.33213393881011255,0.003494035995484551,0.03643482834225521,185,True,12,35,185,668927,4547.224,4582.9154,0.007849052520834565,False,2023-07-26 16:58:46.136
2023-07-27,4576.8988,0.053638000000000005,0.015283999999999999,0.04038705801932559,1.6146476076675513,-0.7950558003328202,0.4961409814652746,0.010881700189726437,-0.1157341402660566,0.004787133843507101,0.04989733634771713,184,True,12,23,184,876126,4527.2118,4606.9652,0.017616449930617284,False,2023-07-27 16:53:51.543
2023-08-09,4485.177,0.053922,0.015479,0.04844607275531535,1.5472998712871782,-0.967389584237968,0.5803124877152321,0.01737937012961221,-0.186841379120904,0.004530199202209436,0.039534807248599056,185,True,12,36,185,609749,4460.4665,4519.3718,0.013206085058591777,False,2023-08-09 16:49:27.282
2023-08-11,4462.6551,0.053327,0.015507,0.050502707973951476,1.9042118068400562,-0.8790662584629745,0.7969351430112407,0.018408947180235603,-0.442769916563559,0.004007271599314079,0.033729668556300024,189,True,12,40,189,510857,4443.2536,4476.8059,0.007551290792854992,False,2023-08-11 16:54:37.830
2023-08-14,4477.9636,0.053559,0.015423,0.04967712166436494,2.234978268824608,-0.5475540469095348,1.046241675751229,0.019283443464918597,-0.8725670693235161,0.004477061734036839,0.037425838230887576,184,True,12,17,184,497238,4454.6363,4492.94,0.008598614436828411,False,2023-08-14 16:58:22.080
2023-08-15,4451.2162,0.053498000000000004,0.015612,0.04581157783670296,2.3362098547510897,-0.8031849349177083,0.847075073039716,0.020515212433657812,-0.5034852601576361,0.003604013307932537,0.029805316407609292,183,True,12,36,183,717984,4431.5454,4494.3628,0.01417505504964467,False,2023-08-15 16:48:52.745
2023-08-16,4429.4214,0.053574000000000004,0.015736,0.034339034785050536,6.954633748160574,-0.4978934237928805,1.5570975475868047,0.025358261711462583,-1.9469219523100971,0.0033649609503238905,0.02674351229896327,182,True,12,32,182,737666,4402.009,4452.4555,0.011459881158807361,False,2023-08-16 16:29:46.635
2023-08-17,4392.1765,0.053459000000000007,0.015871,0.04376315372088684,2.7232786221233165,-0.7371431335806049,0.886369512715934,0.025380487406620463,-0.5472923911427071,0.0038387711605817345,0.02902485930561216,184,True,12,28,184,884298,4362.8771,4420.9883,0.013319467559606446,False,2023-08-17 16:53:35.001
2023-08-21,4386.9009,0.053765,0.01577,0.05041987770652368,1.9129047565890496,-0.8659844159946428,0.7550797303970822,0.02316124877867285,-0.3772485514736357,0.0037754584868189703,0.029341148656430217,185,True,12,35,185,551351,4360.9748,4409.0423,0.011022191643941692,False,2023-08-21 16:59:48.984
2023-08-22,4396.2405,0.053924,0.015815,0.04708846674754377,2.2441729078834785,-0.6973296800830935,0.8216136961771157,0.022805710619514055,-0.4636997430486021,0.003035094633151442,0.024074373076204383,181,True,12,30,181,557366,4382.5148,4427.8535,0.0103453615262179,False,2023-08-22 16:46:31.880
2023-08-24,4409.0779,0.053967,0.015834,0.035917733853581164,5.253316022458626,-0.675045256271486,1.1038646826836207,0.02087077245942214,-0.8411428241893655,0.004538230421307597,0.037590376731252956,182,True,12,31,182,577159,4368.2217,4474.2629,0.024275599381780477,False,2023-08-24 16:52:51.070
2023-09-12,4470.3489,0.053678,0.015437000000000001,0.038054178799513276,3.93716526195047,-0.39548921439924034,1.3504399729288061,0.016572741457691807,-1.5240369388009631,0.0026875913065038206,0.02707726972794349,182,True,12,24,182,534046,4456.4264,4486.9482,0.00684894066689834,False,2023-09-12 16:59:02.037
2023-09-13,4469.2156,0.053959,0.015513999999999998,0.04073913321284791,1.9624898969353197,-0.8174796557626661,0.5754792814523975,0.01206847913396741,-0.17127612870073539,0.0030302069136790054,0.03149642532206604,183,True,12,30,183,626970,4445.8567,4479.7622,0.007626314181471416,False,2023-09-13 16:41:33.862
2023-09-14,4498.5145,0.054228,0.015347999999999999,0.040835673615228635,2.5970176010298283,-0.4690175152381539,0.9248875888622903,0.011827439870797504,-0.6433151257741846,0.002494801486903915,0.025858736875907642,184,True,12,31,184,685689,4471.6797,4510.6786,0.008721308907702063,False,2023-09-14 16:14:54.527
2023-09-19,4434.3009,0.05439,0.015539,0.04382268075002875,1.7510298100075485,-0.7837096945992066,0.6650773607698057,0.01572815410182527,-0.28885825511304175,0.002648650804171461,0.02512985008291075,181,True,12,23,181,675076,4416.3519,4462.2953,0.010403020646973404,False,2023-09-19 16:19:46.941
2023-09-20,4442.0642,0.054714,0.015693,0.05275049797007681,1.4396478549782605,-0.6125325216791612,0.8073184737143115,0.016239632202574097,-0.4998788354970932,0.0035237865612479783,0.033122056817288144,186,True,12,40,186,698885,4397.9421,4461.7639,0.014511741753034935,False,2023-09-20 16:43:38.162
2023-09-25,4323.0021,0.05441,0.015931,0.05715818343967676,1.610001445007551,-0.6281458312831706,1.0237815211695385,0.02755769424198359,-0.8640790872244417,0.00280484908251316,0.020715713219604383,185,True,12,40,185,652799,4298.3299,4341.7757,0.0101076001634961,False,2023-09-25 16:47:41.478
2023-09-26,4284.7468,0.054513,0.016181,0.05271860074564546,2.279370066091533,-0.6728206662102106,1.1368253516344493,0.0322940468261735,-1.0520414791870794,0.0037512306317246894,0.026571952260943006,183,True,12,30,183,886981,4265.825,4326.0573,0.014119730649991613,False,2023-09-26 16:35:57.993
2023-09-27,4268.9412,0.054782000000000004,0.016198,0.06083036234134535,1.6268036275668345,-0.6618162919119569,1.0073658154786935,0.03147464420426465,-0.816867777948842,0.003755997197190308,0.025820342092912858,182,True,12,30,182,818954,4238.45,4296.5071,0.013697719685262344,False,2023-09-27 16:54:58.850
2023-09-28,4295.4259,0.054639,0.016065,0.04411558203047216,4.646397606720557,-0.36824740866835504,1.8354387976135862,0.03441616945353744,-2.9588785102542667,0.004677178470884022,0.033046264998416626,180,True,12,22,180,671825,4263.964,4317.6063,0.012580382948824242,False,2023-09-28 16:23:20.235
2023-09-29,4297.3132,0.054484000000000005,0.016111,0.045527981445538185,2.316918519510771,-0.6250550468244591,0.8668264925402505,0.024058099317262903,-0.5404189214354125,0.004638921806128118,0.03616320025886708,186,True,12,22,186,1320670,4274.3321,4333.4856,0.013839238181796887,False,2023-09-29 16:47:12.250
2023-10-03,4234.3801,0.048110999999999994,0.016323,0.045016288114271455,4.104149398944565,-0.6695307117939513,1.2618005473162233,0.0389896655542593,-1.2226334775937155,0.004207124768779033,0.02682691391996624,183,True,12,22,183,1149815,4216.1886,4299.0815,0.019660624289909556,False,2023-10-03 16:56:45.990
2023-10-04,4244.3503,0.046391,0.016209,0.056937414492464936,1.7515956844488632,-0.8334611368378955,0.7893748656962837,0.030511662382855433,-0.4236500195756704,0.00458034548908807,0.031116748124496656,181,True,12,25,181,816694,4202.3535,4268.8235,0.01581732712395567,False,2023-10-04 16:53:56.678
2023-10-05,4248.7807,0.046708,0.016243,0.051500384087140194,2.21129122005608,-0.7168679533769695,0.8348676465729168,0.030410654125502347,-0.46923929297138267,0.003712698614161146,0.0250546330423765,184,True,12,27,184,695286,4225.5518,4268.7114,0.01021395596191721,False,2023-10-05 16:27:46.339
2023-10-10,4365.5856,0.053415,0.015875,0.05319380481361361,1.5276426167232153,-0.7808399691183812,0.6888065531284683,0.02195091812066663,-0.3119322212748561,0.0033307047684836533,0.025866652702169715,183,True,12,27,183,980386,4333.8505,4385.4836,0.011913908890027525,False,2023-10-10 16:42:06.805
2023-10-17,4363.8137,0.054610000000000006,0.015837,0.04366687627640326,2.7575383476883832,-0.990077468443602,0.8002203047452519,0.023565542894772598,-0.39952636441469147,0.004608554155563717,0.03517173659903852,183,True,12,27,183,614163,4337.0582,4393.9106,0.013108516736067832,False,2023-10-17 16:34:11.278
2023-10-18,4337.3166,0.054494,0.016035,0.05132049908302527,2.512474348528877,-0.8160965774563365,0.9953242070672199,0.02944273246707867,-0.7327874021743885,0.0042503115942660865,0.029650491543830995,186,True,12,25,186,760515,4303.4283,4368.3912,0.015095615744312507,False,2023-10-18 16:43:43.896
2023-10-19,4302.1853,0.054131,0.016176,0.05809617153953331,1.958618915432993,-0.8215162124963313,0.9326318772189771,0.031180889728437293,-0.6422256974218534,0.007353411348311948,0.048581568385204235,188,True,12,30,188,874367,4267.9707,4340.3428,0.016957028313245193,False,2023-10-19 16:41:39.717
2023-10-23,4226.3229,0.053861,0.016411,0.060482904883218065,1.6856588702730313,-0.7309117584361037,0.9289760512029764,0.036232187042774894,-0.6590894134761219,0.006906771563865242,0.04238971493975717,182,True,12,26,182,788266,4190.0385,4255.9015,0.015718948644505293,False,2023-10-23 16:59:40.923
2023-10-24,4243.4817,0.054157000000000004,0.016294,0.05069412152178329,2.9560284500209923,-0.7583591353073534,1.1509924073911009,0.035640574751010734,-1.0250769909375361,0.003247663659696388,0.021652879302167357,182,True,12,36,182,615237,4218.9905,4266.5345,0.011269046469765565,False,2023-10-24 16:52:46.082
2023-10-25,4199.9913,0.054316,0.016532,0.03800016321270555,7.9189375634446835,-0.870273856007065,1.1544814310838947,0.037264601971813284,-0.7309855349532719,0.005744130676364394,0.03643324796210987,181,True,12,24,181,702565,4181.6446,4241.0239,0.01419998724903615,False,2023-10-25 16:51:01.027
2023-10-26,4151.9846,0.054009,0.016732,0.04350022758260692,7.349245475734394,-0.7240700788460273,1.5413028488242655,0.04631683966537501,-1.7362267702840157,0.003996103243171782,0.024351969162636197,187,True,12,31,187,997310,4127.7307,4184.6892,0.01379898645035138,False,2023-10-26 16:45:59.303
2023-10-27,4126.1429,0.053882000000000006,0.016810000000000002,0.0708701699024662,0.8670845909975304,-0.8304954567042222,0.613413368165172,0.03525324697979593,-0.25337509567613004,0.005453826724212264,0.033098339066725414,184,True,12,28,184,914478,4103.2593,4164.8227,0.01500353633512752,False,2023-10-27 16:49:51.097
2023-10-30,4156.7617,0.054177,0.016617,0.04377428383692124,6.759871341018311,-0.684072490360952,1.6119065210746633,0.04345312728432147,-2.0064255791174137,0.00306271783402124,0.019133149442585214,187,True,12,36,187,829738,4133.2128,4177.6153,0.010742853598053381,False,2023-10-30 16:20:31.906
2023-10-31,4179.4039,0.0545,0.016512,0.04597286582336316,3.9758437134956868,-0.6196912635729976,1.18427914712241,0.03306456142973737,-1.0369552391585843,0.005043136687808188,0.03366155394017407,185,True,12,37,185,785974,4153.0305,4195.7667,0.01029036507196368,False,2023-10-31 16:50:41.866
2023-11-02,4302.3107,0.047070999999999995,0.016341,0.037904148308073336,3.28336921167543,-0.7552320224762737,0.6305885853109953,0.01858055107340047,-0.14873533682550766,0.0034631249575938425,0.02899095046394169,186,True,12,23,186,1243881,4246.5253,4319.8454,0.017265904432501644,False,2023-11-02 16:55:00.399
2023-11-09,4366.6316,0.054026,0.015954,0.04374627718019705,1.6474011303238563,-0.9684925472313165,0.4922422287963391,0.01489358489717458,-0.09816707886215276,0.0032890328109536054,0.02924218756515749,182,True,12,26,182,771238,4343.8982,4397.1373,0.012256065300978003,False,2023-11-09 16:48:13.125
2023-11-13,4409.6488,0.053655,0.015749,0.03403332302855511,3.455489289511174,-0.519578993587674,0.8408567896311864,0.01565993266543484,-0.4718365742455729,0.0024475250882202188,0.022887007382043006,184,True,12,30,184,643274,4393.2233,4422.1858,0.0065925399239326055,False,2023-11-13 16:35:29.154
2023-11-28,4552.2477,0.051821,0.015347999999999999,0.04030458480937213,1.537119436077919,-0.9221605504258498,0.387821191147769,0.00958126007631085,-0.026499354956200857,0.001858984993621769,0.02057759305422974,188,True,12,37,188,648885,4539.0436,4568.4872,0.0064867409513316154,False,2023-11-28 16:46:05.195
2023-11-29,4565.9106,0.05104,0.015353,0.0438070714801475,1.290053115768506,-0.7309848867365577,0.3605752424311935,0.010116494321721504,-0.016987607342998062,0.0032303934216714294,0.03622962405731787,182,True,12,28,182,754877,4547.105,4588.0995,0.009015516465971318,False,2023-11-29 16:59:51.934
2023-11-30,4551.1199,0.051172,0.015322,0.05012890748209982,1.1679621114792167,-0.7616576050146163,0.48159156568781974,0.01160498897477181,-0.11483310688376638,0.002604314534738699,0.027361015643346132,182,True,12,31,182,716996,4537.0944,4571.2076,0.007518732693769792,False,2023-11-30 16:45:00.227
2023-12-04,4560.6803,0.046356,0.015323999999999999,0.04908310265363611,1.7239530803072156,-0.4871285796025739,0.845971746587347,0.014556864476697268,-0.5464342640025039,0.0034140422187716635,0.0332413417971171,182,True,12,39,182,704460,4546.9809,4592.7816,0.010072771583447881,False,2023-12-04 16:46:21.517
2023-12-13,4672.1148,0.048947000000000004,0.01492,0.03926415581717551,3.0546703659245993,-0.340168100195018,1.1772333746268526,0.010710501558634665,-1.1460003118997835,0.004025714621831733,0.06035905296786333,182,True,12,28,182,1045116,4643.3436,4710.0159,0.014358683255746962,False,2023-12-13 16:57:45.969
2024-01-04,4708.1479,0.050559,0.015134000000000002,0.03949854266512771,2.6081907114514533,-0.5106143372499883,0.8141523972377648,0.013789196876298915,-0.4568046617378891,0.002963603576035643,0.030558598453529692,183,True,12,24,183,686117,4687.5517,4726.951,0.008405091297446488,False,2024-01-04 16:40:38.369
2024-01-16,4764.1231,0.047146999999999994,0.014902,0.16912904038799467,0.18817859050817573,-0.8197991810093339,0.3968207219571319,0.01307862404110822,-0.09381375650615306,0.0022748412140669323,0.022346398441267387,185,True,12,55,185,634339,4747.05,4782.2415,0.0074133409169905295,False,2024-01-16 16:23:01.547
2024-01-22,4855.5472,0.048559,0.014662999999999999,0.045407626499292586,1.4121547032491553,-0.35553340994961385,0.8069809334141597,0.014384785893032099,-0.5229730402452744,0.00257822313203074,0.02555782213274142,182,True,12,36,182,1031137,4843.6014,4867.773,0.004990418906064553,False,2024-01-22 16:43:13.825
2024-01-23,4855.2097,0.048310000000000006,0.014628,0.049250880311116595,1.6495896154110212,-0.242551515313085,1.1271073123955002,0.014165160564313306,-1.1078834122332695,0.002367753823151139,0.02614622384870296,182,True,12,26,182,609575,4844.9046,4871.4251,0.005473895192900313,False,2024-01-23 16:54:12.809
2024-01-24,4887.8947,0.048136,0.014617,0.04777476922577248,2.5553696328480773,-0.1974217136055401,1.9731300861354735,0.01812414292895327,-3.649077947821253,0.0020333065122639504,0.02016003474665182,181,True,12,30,181,998681,4860.3209,4903.5176,0.008887623037400871,False,2024-01-24 16:45:04.052
2024-01-26,4893.028,0.047736,0.014552,0.056341268535479765,0.9562916319925019,-0.35367588190052246,0.6747197444000407,0.012771385306178969,-0.34748936621061277,0.0017123311121644527,0.01778919181996076,183,True,12,31,183,632815,4874.429,4906.8542,0.006652102225717105,False,2024-01-26 16:28:50.158
2024-01-30,4924.1127,0.047836,0.014457,0.05288956683779398,2.1568734422648737,-0.23922117656661374,1.8699807765117347,0.01963640507993993,-3.2686759003527683,0.00261744597899564,0.025409346406631336,185,True,12,47,185,804450,4908.3133,4931.5169,0.004727408089455043,False,2024-01-30 16:55:13.612
2024-02-01,4882.7929,0.047972,0.01452,0.04508629218216036,2.715625245767773,-0.2215034067029194,1.663302881660484,0.018860081712777366,-2.5217015295641962,0.002834196129951942,0.027384838620504604,186,True,12,40,186,746595,4852.9248,4940.9572,0.018140070911463635,False,2024-02-01 16:52:27.871
2024-02-05,4941.276,0.051579,0.014417,0.7673104729051886,0.0325164399576776,-0.8037097161494745,0.3396566370771479,0.01228742875027745,-0.06546622126831982,0.0029608877793130648,0.03002013129981228,185,True,12,33,185,796767,4917.1577,4956.2897,0.007958256046984413,False,2024-02-05 16:35:56.913
2024-02-06,4945.1821,0.051579,0.014417,0.028538748871565347,4.64572836467977,-0.10915970834808972,1.1855688293980962,0.013739063163644474,-1.1404068989901641,0.002791752213070493,0.030939742039034747,182,True,12,29,182,634510,4934.5825,4957.6973,0.004684246336949416,False,2024-02-06 16:38:12.885
2024-02-07,4989.1423,0.050818,0.014244000000000001,0.3203440315767474,0.06601422336638482,-0.8947274997489376,0.18944348192793234,0.010616486835951499,0.006405692064212445,0.0021078299028088163,0.02302493763205815,182,True,12,25,182,951274,4950.3957,4999.8975,0.00999956427725568,False,2024-02-07 16:59:15.142
2024-02-20,4971.8491,0.049370000000000004,0.014308000000000001,0.039895452687531495,1.7428858614752942,-0.520017368581793,0.7224067871035802,0.01675193883609453,-0.38280512520080706,0.0027142711444067746,0.02612244304404454,185,True,12,28,185,676029,4955.1637,4997.5136,0.008546619761522711,False,2024-02-20 16:55:44.012
2024-02-21,4964.8804,0.049776,0.014289000000000001,0.0878072987919188,0.5887050536512931,-0.4996824747868139,0.7849304641864822,0.01796939982409092,-0.512730632515463,0.0020261801105814375,0.018510839379345834,183,True,12,26,183,714034,4945.5523,5004.6142,0.011942427542420253,False,2024-02-21 16:59:56.544
2024-02-27,5070.5088,0.050155000000000005,0.014029,0.6509354521561196,0.04545151014263886,-0.5197116696068788,0.44577819258473556,0.012359417005789297,-0.13954619837235943,0.0015660334597322558,0.016180746780627503,184,True,12,46,184,669390,5057.3262,5082.3736,0.004952696149993052,False,2024-02-27 16:43:18.382
2024-02-28,5068.4477,0.049985999999999996,0.014055999999999999,0.06627191153067369,0.5706467197246486,-0.602314599743794,0.4264665018304194,0.012031167203295225,-0.106237979333753,0.0018909895745550245,0.019549273994037306,186,True,12,41,186,606823,5053.6756,5077.7872,0.004771101651241727,False,2024-02-28 16:37:08.954
2024-03-05,5084.2273,0.051182,0.014039999999999999,0.18892955984609708,0.23682006455676613,-0.3925443824513378,0.775101252038859,0.016879719105342417,-0.5112973297933386,0.002566523894722778,0.023943942298919232,183,True,12,39,183,994232,5056.8777,5122.7586,0.013027979695850789,False,2024-03-05 16:58:11.969
2024-03-06,5110.5929,0.051448999999999995,0.013973,0.04476824027796865,2.3537810972512228,-0.24688997166538937,1.3446129897636776,0.01875621995856274,-1.597234816794249,0.0037397644188505337,0.03537892132489227,182,True,12,32,182,648454,5087.9421,5128.1524,0.00790305770185551,False,2024-03-06 16:51:38.180
2024-03-07,5150.7527,0.050427,0.013844,0.06611673774676786,0.9109954609400577,-0.32899262295038856,0.8450413031562551,0.017065285265093127,-0.5936307080810825,0.0025159538371690333,0.0234476976613061,183,True,12,29,183,931390,5085.591,5165.8156,0.015774882407963986,False,2024-03-07 16:51:10.339
2024-03-11,5111.603,0.050427,0.013844,0.07539011209953626,1.0511394257810902,-0.3538747295758628,1.302986801700455,0.023219268573717623,-1.539283567121824,0.0032121161811216174,0.027029754636564873,186,True,12,41,186,582488,5091.5986,5125.4599,0.006650426056759473,False,2024-03-11 16:56:23.473
2024-03-15,5118.9114,0.050577,0.013955,0.058131973267100595,0.9039661477469677,-0.4944908450753026,0.5734009740576945,0.015748225743677274,-0.22369000517993162,0.002094507981080785,0.01923765097868484,186,True,12,39,186,840360,5104.1442,5166.4285,0.012202692079114952,False,2024-03-15 16:59:52.366
2024-03-19,5158.8922,0.050839999999999996,0.013755,0.07429608886875134,0.7973518682262525,-0.4069254145815239,0.7864774820566878,0.016132405893866882,-0.5000665792594226,0.0027537010464149273,0.02549319533613006,184,True,12,33,184,624377,5123.6258,5180.9682,0.011191761896429009,False,2024-03-19 16:58:43.124
2024-03-20,5195.5785,0.049776,0.013642000000000001,0.05862548396219828,0.764354735759551,-0.4774385043866293,0.42998225507130255,0.012708576410609322,-0.09526340707079897,0.0037103376578387984,0.03760714403214774,184,True,12,41,184,997304,5165.446,5234.3964,0.013348392375024387,False,2024-03-20 16:44:30.495
2024-04-02,5195.7218,0.048398000000000004,0.013601,0.05046385452670624,2.286282681459112,-0.36447407825956524,1.4589139154961541,0.02015069153654077,-1.8976805395401586,0.003293828069661907,0.03001376782286566,184,True,12,45,184,850261,5184.0332,5243.2233,0.011417770241131997,False,2024-04-02 16:59:10.693
2024-04-03,5218.3243,0.049879,0.013685000000000001,0.06686142445285431,0.9119143652705033,-0.474432336621661,0.7445052456241733,0.015702407345030145,-0.43234427387989793,0.002909871578177211,0.027212784946362242,185,True,12,36,185,517392,5194.6469,5228.3731,0.006492491337573014,False,2024-04-03 16:45:29.202
2024-04-05,5194.745,0.049945,0.013869,0.07773262748862818,0.6065108900944293,-0.6375391838967024,0.569684891467592,0.01813987804293145,-0.23024950539142897,0.003653165749347616,0.03193168035177807,184,True,12,49,184,681506,5147.2327,5222.5274,0.014628190406079877,False,2024-04-05 16:45:01.150
2024-04-08,5208.2528,0.049945,0.013869,0.05240083785267349,1.2841459250681242,-0.603651223331847,0.7559952900888648,0.018451662265461688,-0.43694823383921444,0.0027847306312033925,0.024102379327835287,185,True,12,52,185,456632,5188.9222,5219.9399,0.005977676828532896,False,2024-04-08 16:21:17.092
2024-04-10,5155.9817,0.041707,0.013839999999999998,0.053329395051969535,1.420353377624799,-0.6748034187713045,0.7631226847747515,0.019916581252483277,-0.4308630592403205,0.0035770141932029314,0.02938395060027128,183,True,12,38,183,721383,5130.1141,5232.9951,0.02005432978576449,False,2024-04-10 16:28:38.476
2024-04-16,5057.2264,0.051707,0.014152,0.06323186045995992,1.324930992275687,-0.5622484706426947,1.1618443509464698,0.0325271041658745,-1.1823265925809185,0.004600057671208715,0.031304351919569824,186,True,12,40,186,711669,5039.2542,5080.9806,0.008280272902287722,False,2024-04-16 16:58:05.004
2024-04-19,4984.3378,0.051584000000000005,0.0144,0.204992865916679,0.21065747597616022,-0.4802319008035599,0.7924576339761221,0.028856796920162926,-0.5416225421927795,0.003949820019990532,0.02772015905611651,183,True,12,26,183,1052078,4953.8112,5019.7453,0.01330977248386045,False,2024-04-19 16:48:22.195
2024-04-23,5061.6376,0.051328,0.014108,0.08396861774169409,0.9932894710330935,-0.3276219676927904,1.424075883795515,0.027478180293315425,-1.8611818350079221,0.002432825119399306,0.019320737130325002,187,True,12,46,187,764108,5014.3838,5077.1842,0.012524051310152995,False,2024-04-23 16:54:52.412
2024-04-24,5069.6538,0.051567999999999996,0.014105000000000001,0.04919010695944924,2.220405303149742,-0.3196540332363299,1.4792588991879132,0.025862890773466464,-1.9697629421161083,0.0026979128600054516,0.02177393845680242,184,True,12,41,184,537592,5039.3671,5090.8492,0.010215985257354898,False,2024-04-24 16:59:08.365
2024-04-25,5025.6661,0.05189,0.014159,0.03679172150695906,3.5862133998400996,-0.8266682002729832,1.1139182695908152,0.02529994840907236,-0.9769279819853125,0.0066603028244114045,0.06426745631496901,182,True,12,28,182,726263,4990.2527,5098.3827,0.021668241369820818,False,2024-04-25 16:49:09.519
2024-04-29,5111.2849,0.051896000000000005,0.013975999999999999,0.06528966157051948,0.9395798421299516,-0.42827631398604166,0.8728657719275165,0.019576623825741074,-0.6392049559803259,0.002207528017131579,0.019347821503818842,184,True,12,48,184,464108,5087.7899,5122.607,0.006843266071187459,False,2024-04-29 16:40:54.721
2024-05-07,5190.9371,0.04995,0.013796999999999999,0.07423296576237018,0.6149524281836088,-0.4078438896554057,0.6083931924864847,0.01481525574491511,-0.27884279157021635,0.0020431198894188814,0.019768756242229502,184,True,12,28,184,833145,5176.6202,5200.4132,0.004596242158155572,False,2024-05-07 16:49:50.197
2024-05-08,5183.7111,0.043941999999999995,0.013783,0.7642027713143573,0.04469557265637994,-0.5180230055580902,0.49812782093002456,0.013693465032260417,-0.1798183650055191,0.0025556446437868603,0.02581486190885261,186,True,12,38,186,533227,5163.861,5193.1143,0.005665005312885052,False,2024-05-08 16:37:37.983
2024-05-09,5204.4909,0.04196,0.013723,0.07722369638935447,0.6706181846473603,-0.4458040014265831,0.6117432281530489,0.012770479430534097,-0.27065454702233765,0.0031122073969070668,0.03319255594025391,183,True,12,36,183,615429,5172.0051,5220.0828,0.009295756494903662,False,2024-05-09 16:55:07.015
2024-05-10,5221.9659,0.04196,0.013723,0.08836109536889315,0.589675641145645,-0.377224290804325,0.6647191022993276,0.012748583101577532,-0.33764271383365685,0.0019093407849735536,0.01931912304653871,188,True,12,42,188,622682,5208.9951,5239.5196,0.00585995943824158,False,2024-05-10 16:42:21.056
2024-05-14,5233.5308,0.051625,0.013656999999999999,0.049903982207467806,1.6694292552639338,-0.22280966560047763,1.2083609394343022,0.016498906021138113,-1.2935138242479143,0.003452089647229586,0.03447494748467769,184,True,12,39,184,640549,5194.3254,5251.3202,0.010972512426734138,False,2024-05-14 16:59:29.123
2024-05-15,5290.8923,0.050841000000000004,0.013517,0.08878923863665747,0.4265975050538161,-0.5632612686007964,0.42910955554625035,0.01030577962441753,-0.10838047530504859,0.003346763333668507,0.03984738931792706,181,True,12,27,181,1203490,5242.7454,5312.5434,0.0133132537773053,False,2024-05-15 16:59:27.066
2024-05-22,5311.9258,0.051567999999999996,0.013544,0.4295001954430696,0.07631838898367024,-0.6311918127545131,0.3771588419667108,0.009497362127564522,-0.07669126610489717,0.002292960949028513,0.02718527454341358,186,True,12,40,186,752793,5285.9705,5328.3759,0.008022254380723348,False,2024-05-22 16:51:28.539
2024-05-30,5245.9672,0.051879999999999996,0.013731,0.062243342232875434,0.7134354901362464,-0.6316049045636677,0.6032895521644905,0.014064937569067112,-0.27514506500357233,0.00495237442746618,0.04927899884577453,183,True,12,35,183,634318,5222.1533,5260.7065,0.007382625094518147,False,2024-05-30 16:58:22.614
2024-06-03,5270.2521,0.049569,0.013624,0.07428530907399228,0.6636300791475751,-0.5113607718264146,0.8034382549806456,0.015689437915665964,-0.5469170984857936,0.0069257952029735175,0.06679073152845454,184,True,12,31,184,531264,5233.9503,5309.4614,0.014427171767374292,False,2024-06-03 16:32:12.345
2024-06-07,5354.0113,0.050835,0.013448,0.0467337367975157,1.8524676559294155,-0.2947706216688651,1.2248052969399073,0.014744339080579746,-1.327002543695822,0.002073924753164216,0.021868661540641186,184,True,12,28,184,587978,5319.8835,5375.7882,0.010508632378885663,False,2024-06-07 16:58:57.919
2024-06-11,5354.1981,0.043071,0.013463000000000001,0.052258752538508785,2.2418210090646893,-0.2815539599665797,1.8242294991272272,0.0188654870999624,-3.093503726789291,0.0021328079486082675,0.020870714997107735,186,True,12,35,186,696317,5326.7087,5377.9935,0.009627858944116774,False,2024-06-11 16:54:03.585
2024-06-12,5432.0082,0.043071,0.013463000000000001,0.0441157533907671,1.015300372680665,-0.5796314286142223,0.3503628733972467,0.009194473222403216,-0.03317266133770683,0.003911282980797608,0.04948316281117879,185,True,12,25,185,1281443,5378.5419,5447.2197,0.012768850977994406,False,2024-06-12 16:53:00.694
2024-06-20,5484.9829,0.051017,0.013266,0.031874717608263395,2.293217378713922,-0.7553363258094498,0.4743914131810931,0.010657612804371242,-0.07885590017821806,0.0023515233651649594,0.024050122122868015,184,True,12,41,184,951159,5456.6564,5531.5223,0.013720105227809531,False,2024-06-20 16:27:05.049
2024-07-15,5644.1993,0.048361999999999995,0.012929999999999999,0.03624477585264173,1.5593695922061372,-0.8198667025492765,0.4143771563356219,0.010427482322817112,-0.05867042501092286,0.0029594230267379427,0.031162118476214737,183,True,12,43,183,662143,5614.9646,5666.9342,0.009255552563946612,False,2024-07-15 16:53:35.041
2024-07-18,5559.8851,0.048619,0.013134,0.04026824211275921,1.9102714223695323,-0.7502389246842316,0.7175682295244178,0.016733289518777714,-0.361057619748685,0.0038184483740999788,0.03432623449289204,183,True,12,37,183,785547,5522.5992,5615.5885,0.016837959198632513,False,2024-07-18 16:40:49.163
2024-07-23,5570.5197,0.048704,0.013115000000000002,0.04324461151763077,1.7976313374781445,-0.5518237568487478,0.8580840371882109,0.01742616144421641,-0.5808324771948963,0.0031801620701433597,0.028575620025385086,186,True,12,57,186,586636,5544.4991,5584.8184,0.007271946351294467,False,2024-07-23 16:43:49.458
2024-07-24,5460.0312,0.048401,0.013426,0.03477696744691281,6.02613980911579,-0.36785351612413686,1.9094451132198704,0.03152709722297238,-3.226838904454913,0.0053269033043324985,0.04109562886750096,183,True,12,25,183,921403,5420.399,5522.7813,0.018888332759267268,False,2024-07-24 16:41:02.746
2024-07-26,5458.1806,0.047975000000000004,0.013352,0.032585161516924165,4.402615004974795,-0.6351177195534737,1.1197581843490414,0.02640903220189337,-0.9669385493487865,0.0029594997771056944,0.02255846200804587,186,True,12,39,186,631147,5422.5509,5489.0628,0.012265795421118053,False,2024-07-26 16:20:08.981
2024-08-01,5463.1957,0.048270999999999994,0.013391,0.036944827012045905,3.3203101804458868,-0.7103412894003773,1.0253407754238182,0.030500436972604072,-0.8059871352609005,0.009257831448096391,0.06518689889873222,184,True,12,20,184,863866,5410.5466,5564.4507,0.02844520366944092,False,2024-08-01 16:40:46.634
2024-08-02,5334.0626,0.048393,0.013642000000000001,0.18992710233826074,0.2725148882088734,-0.6029258108912107,1.1303912770554805,0.04806968754122077,-1.1742685131200274,0.009683027077977361,0.05665621746916093,185,True,12,27,185,1459069,5301.8281,5401.6691,0.018831429106500153,False,2024-08-02 16:53:54.627
2024-08-06,5260.1162,0.051411,0.014066,0.4924762509275126,0.1475912211702291,-0.9306486172067324,1.3171642548412699,0.059943895466995724,-1.589551331688102,0.01483245135739742,0.0703913576176435,186,True,12,29,186,1201654,5193.6876,5312.5779,0.022891307517225234,False,2024-08-06 16:55:33.070
2024-08-14,5443.0901,0.044231999999999994,0.013389,0.028965485260952998,9.578944902163817,-0.7438923196083013,1.3656899041564703,0.024194202359579906,-1.3101913395566953,0.004478513559136401,0.03533026960421763,186,True,12,33,186,603631,5415.2931,5463.3864,0.008881015138405113,False,2024-08-14 16:19:00.543
2024-08-15,5527.9681,0.045309999999999996,0.013204,0.029468702896054036,5.518638708377004,-0.5103344599315118,1.035833361328707,0.01782576542675487,-0.7476965034658769,0.00345780474564364,0.030025751133838798,185,True,12,27,185,999288,5447.6334,5546.36,0.01812284211342119,False,2024-08-15 16:51:47.038
2024-08-20,5602.2126,0.044261999999999996,0.013092999999999999,0.031125652509714743,3.2510690227467807,-0.8615547205128509,0.5645015239746219,0.015065558424563202,-0.11627868119544227,0.00506447977097223,0.0448939396730236,189,True,12,38,189,699312,5585.3484,5626.934,0.007445480034871332,False,2024-08-20 16:47:35.991
2024-08-28,5594.3932,0.043934,0.013103,0.031185688332198893,4.12624732180762,-0.788051541287498,0.7871141829666426,0.018943096048541226,-0.3621890111083197,0.006104325496791314,0.050488901119737785,184,True,12,44,184,554433,5560.0956,5638.1295,0.014034632785810519,False,2024-08-28 16:48:30.902
2024-08-29,5617.9116,0.044119,0.013107,0.02998135529763771,5.800618786430309,-0.8102185951229772,1.0154205599045374,0.015889353189371416,-0.6832580879126058,0.004620313695510482,0.04126006228152944,184,True,12,42,184,709822,5583.0782,5647.3851,0.011518180060598127,False,2024-08-29 16:28:43.980
2024-09-13,5624.4527,0.040096,0.013111,0.026531574963957492,16.14551055472581,-0.9470866795467558,1.0040239057221145,0.01595372903934148,-0.15133235603334005,0.004277324891760401,0.0344532826091314,182,True,12,23,182,693755,5598.9807,5637.0051,0.006791307567822091,False,2024-09-13 16:14:29.635
2024-09-27,5747.0382,0.039221,0.012837000000000001,0.026884053100363424,9.78979210066757,-0.9968857705816178,0.6022485650205198,0.011337004613486752,0.16367524728245547,0.005747089100987448,0.04763786232943641,186,True,12,30,186,539707,5724.4837,5764.4956,0.006989608512641965,False,2024-09-27 16:28:49.505
2024-10-09,5776.1242,0.040568999999999994,0.01283,0.03083549643928948,15.541468686655849,-0.9104815607828514,1.5224567717925432,0.019675569440082433,-1.3594168172795613,0.006902906513547016,0.0509049391794009,184,True,12,36,184,681468,5733.7411,5797.7991,0.011172112392727307,False,2024-10-09 16:27:58.653
