date,reason,detail,iv_rmse,n_maturities,n_strikes,n_cells
2012-01-13,iv_miss,calibration rejected (iv_rmse=0.0201 > 0.02),0.02005613092878841,10.0,53.0,134.0
2012-01-20,pegged,calibration rejected (boundary-pegged),0.008665214417520642,7.0,41.0,104.0
2012-02-07,pegged,calibration rejected (boundary-pegged),0.0067685541526640745,11.0,58.0,152.0
2012-02-10,pegged,calibration rejected (boundary-pegged),0.012804104966375329,12.0,60.0,158.0
2012-02-15,pegged,calibration rejected (boundary-pegged),0.00945037379946264,9.0,40.0,124.0
2012-02-21,pegged,calibration rejected (boundary-pegged),0.01052455017024781,10.0,51.0,133.0
2012-02-22,pegged,calibration rejected (boundary-pegged),0.01204003815377496,10.0,56.0,135.0
2012-02-23,pegged,calibration rejected (boundary-pegged),0.009540604231998632,10.0,50.0,149.0
2012-05-11,pegged,calibration rejected (boundary-pegged),0.008117000091425153,10.0,56.0,138.0
2012-05-14,pegged,calibration rejected (boundary-pegged),0.006754515314662965,11.0,70.0,155.0
2012-06-26,iv_miss,calibration rejected (iv_rmse=0.0279 > 0.02),0.02785457504519967,11.0,54.0,161.0
2012-08-02,pegged,calibration rejected (boundary-pegged),0.005668797698986293,11.0,42.0,170.0
2012-08-10,pegged,calibration rejected (boundary-pegged),0.007144013542012607,11.0,43.0,158.0
2012-10-22,pegged,calibration rejected (boundary-pegged),0.011258772957739974,12.0,60.0,173.0
2013-04-17,pegged,calibration rejected (boundary-pegged),0.007897274589177418,12.0,41.0,167.0
2013-11-19,iv_miss,calibration rejected (iv_rmse=0.0326 > 0.02),0.03264488226721048,11.0,38.0,166.0
2014-02-14,pegged,calibration rejected (boundary-pegged),0.0051743667231586715,12.0,45.0,186.0
2014-02-24,iv_miss,calibration rejected (iv_rmse=0.0341 > 0.02),0.034076762329397055,12.0,53.0,191.0
2014-05-16,pegged,calibration rejected (boundary-pegged),0.0042492746253629515,12.0,47.0,180.0
2014-09-25,pegged,calibration rejected (boundary-pegged),0.006801289633939524,12.0,43.0,187.0
2014-10-15,pegged,calibration rejected (boundary-pegged),0.01483842972378351,12.0,26.0,188.0
2014-10-16,pegged,calibration rejected (boundary-pegged),0.014123611707065227,12.0,33.0,183.0
2014-10-17,pegged,calibration rejected (boundary-pegged),0.00621201041853094,12.0,43.0,184.0
2014-10-31,pegged,calibration rejected (boundary-pegged),0.004209526468799145,12.0,48.0,185.0
2014-11-20,pegged,calibration rejected (boundary-pegged),0.007879033411021037,12.0,61.0,179.0
2014-12-10,pegged,calibration rejected (boundary-pegged),0.011847438904420514,12.0,46.0,184.0
2014-12-11,pegged,calibration rejected (boundary-pegged),0.009684095717940686,12.0,53.0,186.0
2014-12-12,pegged,calibration rejected (boundary-pegged),0.00866559039094369,12.0,41.0,191.0
2014-12-15,pegged,calibration rejected (boundary-pegged),0.008865744355824757,12.0,43.0,184.0
2014-12-16,pegged,calibration rejected (boundary-pegged),0.009341910177503576,12.0,37.0,186.0
2014-12-17,pegged,calibration rejected (boundary-pegged),0.012398679735877261,12.0,37.0,185.0
2014-12-23,pegged,calibration rejected (boundary-pegged),0.007804647354807917,12.0,46.0,176.0
2014-12-24,pegged,calibration rejected (boundary-pegged),0.006853421636930227,12.0,57.0,166.0
2015-02-06,pegged,calibration rejected (boundary-pegged),0.00754700413392927,12.0,52.0,186.0
2015-02-10,pegged,calibration rejected (boundary-pegged),0.005807073177814643,12.0,37.0,181.0
2015-02-12,pegged,calibration rejected (boundary-pegged),0.005919594713596484,12.0,45.0,189.0
2015-02-13,pegged,calibration rejected (boundary-pegged),0.01000884220703108,12.0,60.0,187.0
2015-02-19,pegged,calibration rejected (boundary-pegged),0.007711303283545066,12.0,51.0,182.0
2015-02-20,pegged,calibration rejected (boundary-pegged),0.00673955602512561,12.0,46.0,188.0
2015-02-26,pegged,calibration rejected (boundary-pegged),0.0076429274176453765,12.0,54.0,177.0
2015-03-09,pegged,calibration rejected (boundary-pegged),0.006284184666566363,12.0,54.0,180.0
2015-07-24,iv_miss,calibration rejected (iv_rmse=0.0563 > 0.02),0.05627830625688859,12.0,51.0,186.0
2015-08-18,pegged,calibration rejected (boundary-pegged),0.005607743565024267,12.0,42.0,182.0
2015-08-19,pegged,calibration rejected (boundary-pegged),0.007668421776285854,12.0,33.0,184.0
2015-08-20,pegged,calibration rejected (boundary-pegged),0.008192406865981642,12.0,26.0,184.0
2015-08-24,iv_miss,calibration rejected (iv_rmse=0.0422 > 0.02),0.042184456604254336,12.0,32.0,184.0
2015-08-26,pegged,calibration rejected (boundary-pegged),0.014722362181185692,12.0,33.0,188.0
2015-09-01,iv_miss,calibration rejected (iv_rmse=0.0798 > 0.02),0.07980448297812599,12.0,42.0,185.0
2015-09-02,pegged,calibration rejected (boundary-pegged),0.00991309664100751,12.0,43.0,187.0
2015-09-08,pegged,calibration rejected (boundary-pegged),0.008833728219664595,12.0,39.0,184.0
2015-09-09,pegged,calibration rejected (boundary-pegged),0.011830096631903717,12.0,37.0,184.0
2015-09-21,pegged,calibration rejected (boundary-pegged),0.006945026180767868,12.0,46.0,183.0
2015-09-25,pegged,calibration rejected (boundary-pegged),0.019804593950950147,12.0,68.0,185.0
2015-10-01,pegged,calibration rejected (boundary-pegged),0.014410288703302987,12.0,45.0,185.0
2015-10-05,pegged,calibration rejected (boundary-pegged),0.004495052170620512,12.0,38.0,184.0
2015-10-06,pegged,calibration rejected (boundary-pegged),0.004331295804446772,12.0,42.0,186.0
2015-10-07,pegged,calibration rejected (boundary-pegged),0.005898874388738271,12.0,48.0,185.0
2015-10-08,pegged,calibration rejected (boundary-pegged),0.007559064735377008,12.0,43.0,190.0
2015-10-09,pegged,calibration rejected (boundary-pegged),0.004441482011326367,12.0,42.0,185.0
2015-10-15,pegged,calibration rejected (boundary-pegged),0.006809777287194613,12.0,38.0,182.0
2015-10-16,pegged,calibration rejected (boundary-pegged),0.004317619823670066,12.0,56.0,180.0
2015-11-09,pegged,calibration rejected (boundary-pegged),0.006538752843968881,12.0,37.0,189.0
2015-11-10,pegged,calibration rejected (boundary-pegged),0.006751662268358046,12.0,50.0,184.0
2015-11-13,pegged,calibration rejected (boundary-pegged),0.005521369459664021,11.0,32.0,167.0
2015-11-16,pegged,calibration rejected (boundary-pegged),0.009167281117603593,12.0,46.0,187.0
2015-11-17,pegged,calibration rejected (boundary-pegged),0.00890956561429143,12.0,41.0,187.0
2015-11-18,pegged,calibration rejected (boundary-pegged),0.009898031209606712,12.0,43.0,180.0
2015-11-19,pegged,calibration rejected (boundary-pegged),0.010067076369704449,12.0,53.0,188.0
2015-11-20,pegged,calibration rejected (boundary-pegged),0.011286394265207883,12.0,50.0,178.0
2015-11-24,iv_miss,calibration rejected (iv_rmse=0.2437 > 0.02),0.24369940834001966,12.0,54.0,177.0
2015-12-10,pegged,calibration rejected (boundary-pegged),0.00802297280177277,12.0,54.0,185.0
2015-12-11,pegged,calibration rejected (boundary-pegged),0.011684053674184916,12.0,46.0,183.0
2015-12-18,pegged,calibration rejected (boundary-pegged),0.005648535341248857,12.0,43.0,184.0
2015-12-22,pegged,calibration rejected (boundary-pegged),0.006560262213349904,11.0,52.0,168.0
2015-12-23,pegged,calibration rejected (boundary-pegged),0.007312925150177417,12.0,51.0,186.0
2016-01-19,pegged,calibration rejected (boundary-pegged),0.00797673915744244,12.0,38.0,185.0
2016-01-20,pegged,calibration rejected (boundary-pegged),0.014497006334598704,12.0,34.0,185.0
2016-01-21,pegged,calibration rejected (boundary-pegged),0.011644952254405446,12.0,44.0,187.0
2016-01-29,pegged,calibration rejected (boundary-pegged),0.005790403391810757,12.0,31.0,188.0
2016-02-01,pegged,calibration rejected (boundary-pegged),0.008048259732323402,12.0,45.0,185.0
2016-02-03,pegged,calibration rejected (boundary-pegged),0.010414392472168204,12.0,37.0,186.0
2016-02-05,pegged,calibration rejected (boundary-pegged),0.007340588762259551,12.0,44.0,187.0
2016-02-11,pegged,calibration rejected (boundary-pegged),0.007339289787214759,12.0,33.0,184.0
2016-02-16,pegged,calibration rejected (boundary-pegged),0.009211341144691474,12.0,34.0,191.0
2016-02-17,pegged,calibration rejected (boundary-pegged),0.007589453472227101,12.0,25.0,183.0
2016-02-18,pegged,calibration rejected (boundary-pegged),0.009416945021422169,12.0,39.0,185.0
2016-02-19,pegged,calibration rejected (boundary-pegged),0.013744146359611666,12.0,40.0,186.0
2016-02-22,pegged,calibration rejected (boundary-pegged),0.006387509386470176,12.0,43.0,192.0
2016-02-29,pegged,calibration rejected (boundary-pegged),0.006148627175204831,12.0,41.0,185.0
2016-03-01,pegged,calibration rejected (boundary-pegged),0.006051445570079907,12.0,24.0,180.0
2016-03-02,pegged,calibration rejected (boundary-pegged),0.006625898795317133,12.0,37.0,185.0
2016-03-04,pegged,calibration rejected (boundary-pegged),0.004315240348353604,12.0,33.0,181.0
2016-03-07,pegged,calibration rejected (boundary-pegged),0.004713757593928568,12.0,36.0,190.0
2016-03-10,pegged,calibration rejected (boundary-pegged),0.006769482511404902,12.0,32.0,184.0
2016-03-11,pegged,calibration rejected (boundary-pegged),0.005305055554195697,12.0,27.0,182.0
2016-03-14,pegged,calibration rejected (boundary-pegged),0.005084653139523738,12.0,47.0,185.0
2016-03-16,pegged,calibration rejected (boundary-pegged),0.006246809868066911,12.0,39.0,183.0
2016-03-17,pegged,calibration rejected (boundary-pegged),0.007415393848313484,12.0,39.0,182.0
2016-03-18,pegged,calibration rejected (boundary-pegged),0.0052585595317794645,12.0,43.0,181.0
2016-03-21,pegged,calibration rejected (boundary-pegged),0.005057082014800625,12.0,38.0,182.0
2016-03-22,pegged,calibration rejected (boundary-pegged),0.006872321487565956,12.0,39.0,179.0
2016-03-23,pegged,calibration rejected (boundary-pegged),0.004260430281074772,11.0,34.0,172.0
2016-03-28,pegged,calibration rejected (boundary-pegged),0.006858539137102068,12.0,47.0,182.0
2016-03-29,pegged,calibration rejected (boundary-pegged),0.007513623093310088,12.0,43.0,185.0
2016-03-30,pegged,calibration rejected (boundary-pegged),0.005108208904339702,12.0,39.0,184.0
2016-04-01,pegged,calibration rejected (boundary-pegged),0.0069831566223528315,12.0,46.0,184.0
2016-04-06,pegged,calibration rejected (boundary-pegged),0.0077460514490848295,12.0,54.0,176.0
2016-04-07,pegged,calibration rejected (boundary-pegged),0.005006526321777459,12.0,33.0,185.0
2016-04-08,pegged,calibration rejected (boundary-pegged),0.00638130665410048,12.0,45.0,184.0
2016-04-11,pegged,calibration rejected (boundary-pegged),0.0051967201631517345,12.0,41.0,185.0
2016-04-12,pegged,calibration rejected (boundary-pegged),0.0053705800507050485,12.0,29.0,184.0
2016-04-14,pegged,calibration rejected (boundary-pegged),0.004495667694107486,12.0,46.0,184.0
2016-04-29,pegged,calibration rejected (boundary-pegged),0.00475742442090458,12.0,28.0,185.0
2016-05-06,pegged,calibration rejected (boundary-pegged),0.0057914144654547025,12.0,49.0,185.0
2016-05-10,pegged,calibration rejected (boundary-pegged),0.005148009456410173,12.0,35.0,186.0
2016-05-11,pegged,calibration rejected (boundary-pegged),0.007005607713988435,12.0,40.0,183.0
2016-05-13,pegged,calibration rejected (boundary-pegged),0.0065457119081639955,12.0,34.0,183.0
2016-05-17,pegged,calibration rejected (boundary-pegged),0.0077961015914648525,12.0,31.0,185.0
2016-05-18,pegged,calibration rejected (boundary-pegged),0.0071740927291089555,12.0,35.0,188.0
2016-05-19,pegged,calibration rejected (boundary-pegged),0.007048217885386183,12.0,30.0,182.0
2016-05-20,pegged,calibration rejected (boundary-pegged),0.0067475512980999025,12.0,34.0,186.0
2016-05-23,pegged,calibration rejected (boundary-pegged),0.007106775879696349,12.0,36.0,184.0
2016-05-25,pegged,calibration rejected (boundary-pegged),0.004558512080178524,12.0,32.0,182.0
2016-05-26,pegged,calibration rejected (boundary-pegged),0.005963965640828492,11.0,43.0,167.0
2016-05-31,pegged,calibration rejected (boundary-pegged),0.0063049885370737935,12.0,30.0,190.0
2016-06-02,pegged,calibration rejected (boundary-pegged),0.005872734553373938,12.0,45.0,187.0
2016-06-03,pegged,calibration rejected (boundary-pegged),0.006125709923329932,12.0,37.0,184.0
2016-06-06,pegged,calibration rejected (boundary-pegged),0.005359675777765543,12.0,33.0,185.0
2016-06-07,pegged,calibration rejected (boundary-pegged),0.004819263392442588,12.0,29.0,183.0
2016-06-08,pegged,calibration rejected (boundary-pegged),0.006704668420063247,12.0,39.0,187.0
2016-06-09,pegged,calibration rejected (boundary-pegged),0.007650424570717643,12.0,31.0,188.0
2016-06-10,pegged,calibration rejected (boundary-pegged),0.006886791216620238,12.0,38.0,188.0
2016-06-13,pegged,calibration rejected (boundary-pegged),0.011461619564067358,12.0,31.0,183.0
2016-06-16,pegged,calibration rejected (boundary-pegged),0.010024808358885176,12.0,42.0,183.0
2016-06-20,pegged,calibration rejected (boundary-pegged),0.0072899987845583165,12.0,36.0,184.0
2016-06-21,pegged,calibration rejected (boundary-pegged),0.007759259779865455,12.0,44.0,187.0
2016-06-22,pegged,calibration rejected (boundary-pegged),0.013308222984829804,12.0,38.0,187.0
2016-06-23,pegged,calibration rejected (boundary-pegged),0.0059264877068262835,11.0,34.0,169.0
2016-06-24,pegged,calibration rejected (boundary-pegged),0.014019285605126997,12.0,41.0,185.0
2016-06-30,pegged,calibration rejected (boundary-pegged),0.004721628001885897,12.0,42.0,189.0
2016-07-01,pegged,calibration rejected (boundary-pegged),0.0037371655994020087,12.0,33.0,184.0
2016-07-07,pegged,calibration rejected (boundary-pegged),0.004572396241016761,12.0,43.0,183.0
2016-07-08,pegged,calibration rejected (boundary-pegged),0.00373717835259195,12.0,30.0,181.0
2016-07-14,pegged,calibration rejected (boundary-pegged),0.004046489643261692,12.0,39.0,184.0
2016-07-20,pegged,calibration rejected (boundary-pegged),0.005516187451764261,12.0,39.0,189.0
2016-07-25,pegged,calibration rejected (boundary-pegged),0.015854952079241404,12.0,44.0,186.0
2016-07-27,pegged,calibration rejected (boundary-pegged),0.010156707043413848,12.0,37.0,192.0
2016-08-01,pegged,calibration rejected (boundary-pegged),0.0025906692118289687,12.0,32.0,184.0
2016-08-24,pegged,calibration rejected (boundary-pegged),0.004638871966872723,12.0,32.0,184.0
2016-09-01,pegged,calibration rejected (boundary-pegged),0.004653178038620017,12.0,44.0,184.0
2016-09-09,pegged,calibration rejected (boundary-pegged),0.011720514228603734,12.0,23.0,183.0
2016-10-07,pegged,calibration rejected (boundary-pegged),0.006679220598884694,12.0,35.0,183.0
2016-10-12,pegged,calibration rejected (boundary-pegged),0.006220726725829394,12.0,27.0,184.0
2016-10-13,pegged,calibration rejected (boundary-pegged),0.009330540848166655,12.0,22.0,182.0
2016-10-14,pegged,calibration rejected (boundary-pegged),0.00869885139762675,12.0,39.0,183.0
2016-10-17,pegged,calibration rejected (boundary-pegged),0.00622072842873904,12.0,37.0,182.0
2016-10-18,pegged,calibration rejected (boundary-pegged),0.009129476205419883,12.0,38.0,172.0
2016-10-19,pegged,calibration rejected (boundary-pegged),0.006635950556257659,12.0,31.0,181.0
2016-10-20,pegged,calibration rejected (boundary-pegged),0.008231864713411323,12.0,39.0,180.0
2016-10-21,pegged,calibration rejected (boundary-pegged),0.006766204112836463,12.0,34.0,189.0
2016-10-26,pegged,calibration rejected (boundary-pegged),0.008721527842393086,12.0,23.0,184.0
2016-10-27,iv_miss,calibration rejected (iv_rmse=0.0444 > 0.02),0.04435932046051072,12.0,45.0,187.0
2016-10-28,pegged,calibration rejected (boundary-pegged),0.015264507748032589,12.0,30.0,184.0
2016-10-31,pegged,calibration rejected (boundary-pegged),0.008510081702995645,12.0,44.0,185.0
2016-11-01,pegged,calibration rejected (boundary-pegged),0.009988542899844754,12.0,21.0,181.0
2016-11-02,pegged,calibration rejected (boundary-pegged),0.009857787755306642,12.0,29.0,180.0
2016-11-03,pegged,calibration rejected (boundary-pegged),0.010504074396574792,12.0,31.0,183.0
2016-11-04,pegged,calibration rejected (boundary-pegged),0.00853583971447187,12.0,48.0,189.0
2016-11-07,pegged,calibration rejected (boundary-pegged),0.00786716938934427,12.0,36.0,182.0
2016-11-08,pegged,calibration rejected (boundary-pegged),0.012633395829331888,12.0,42.0,182.0
2016-11-09,pegged,calibration rejected (boundary-pegged),0.008316585579675982,12.0,24.0,186.0
2016-11-10,pegged,calibration rejected (boundary-pegged),0.007539272860966834,12.0,29.0,188.0
2016-11-14,pegged,calibration rejected (boundary-pegged),0.0068517968491436715,12.0,48.0,184.0
2016-11-15,pegged,calibration rejected (boundary-pegged),0.005669830456114829,12.0,35.0,183.0
2016-11-16,pegged,calibration rejected (boundary-pegged),0.009459801237039371,12.0,37.0,181.0
2016-11-17,pegged,calibration rejected (boundary-pegged),0.007203966956233467,12.0,42.0,184.0
2016-11-18,pegged,calibration rejected (boundary-pegged),0.007634241488708215,12.0,47.0,185.0
2016-11-22,pegged,calibration rejected (boundary-pegged),0.004395071554668387,12.0,26.0,180.0
2016-11-23,pegged,calibration rejected (boundary-pegged),0.0034784445130614313,12.0,32.0,182.0
2016-12-02,pegged,calibration rejected (boundary-pegged),0.005596312824945454,12.0,37.0,174.0
2016-12-06,pegged,calibration rejected (boundary-pegged),0.003976901355872478,12.0,36.0,184.0
2016-12-13,pegged,calibration rejected (boundary-pegged),0.0037497370333402866,12.0,36.0,184.0
2016-12-14,pegged,calibration rejected (boundary-pegged),0.0049712944708491585,12.0,33.0,182.0
2016-12-15,pegged,calibration rejected (boundary-pegged),0.004383263197986165,12.0,42.0,183.0
2016-12-16,pegged,calibration rejected (boundary-pegged),0.0030725777411544034,12.0,40.0,179.0
2016-12-19,pegged,calibration rejected (boundary-pegged),0.006069308683514325,12.0,34.0,184.0
2016-12-20,pegged,calibration rejected (boundary-pegged),0.00722375067675174,12.0,41.0,183.0
2016-12-21,pegged,calibration rejected (boundary-pegged),0.0058657220359421966,12.0,39.0,185.0
2016-12-22,pegged,calibration rejected (boundary-pegged),0.004030901975780414,12.0,35.0,184.0
2016-12-28,pegged,calibration rejected (boundary-pegged),0.00417755764856597,12.0,40.0,192.0
2016-12-29,pegged,calibration rejected (boundary-pegged),0.004493734652200142,12.0,37.0,182.0
2017-01-06,pegged,calibration rejected (boundary-pegged),0.003204998522255242,12.0,32.0,184.0
2017-01-09,pegged,calibration rejected (boundary-pegged),0.004624516289294413,12.0,37.0,185.0
2017-01-10,pegged,calibration rejected (boundary-pegged),0.006316793310707998,12.0,46.0,188.0
2017-01-11,pegged,calibration rejected (boundary-pegged),0.004723972098621843,12.0,39.0,184.0
2017-01-13,pegged,calibration rejected (boundary-pegged),0.005684352527835223,12.0,35.0,183.0
2017-01-20,pegged,calibration rejected (boundary-pegged),0.004042620809337869,12.0,34.0,175.0
2017-02-10,pegged,calibration rejected (boundary-pegged),0.005669807649972921,12.0,36.0,184.0
2017-02-17,pegged,calibration rejected (boundary-pegged),0.005591243242509169,12.0,44.0,185.0
2017-03-03,pegged,calibration rejected (boundary-pegged),0.005733196455814518,12.0,39.0,182.0
2017-03-06,pegged,calibration rejected (boundary-pegged),0.004788815840440333,12.0,41.0,186.0
2017-03-16,pegged,calibration rejected (boundary-pegged),0.004819730127436065,12.0,36.0,184.0
2017-03-21,pegged,calibration rejected (boundary-pegged),0.008122157230718706,12.0,23.0,181.0
2017-03-30,pegged,calibration rejected (boundary-pegged),0.004072037608787141,12.0,33.0,182.0
2017-04-03,pegged,calibration rejected (boundary-pegged),0.004645324703527049,12.0,30.0,181.0
2017-04-07,pegged,calibration rejected (boundary-pegged),0.0064339575185595,12.0,35.0,190.0
2017-04-10,pegged,calibration rejected (boundary-pegged),0.00945321198423815,12.0,28.0,182.0
2017-04-11,pegged,calibration rejected (boundary-pegged),0.010035426016817693,12.0,32.0,190.0
2017-04-12,pegged,calibration rejected (boundary-pegged),0.008859035683938771,12.0,37.0,183.0
2017-04-13,pegged,calibration rejected (boundary-pegged),0.009227358156845653,12.0,24.0,184.0
2017-04-20,pegged,calibration rejected (boundary-pegged),0.0048353466845133895,12.0,32.0,184.0
2017-04-25,pegged,calibration rejected (boundary-pegged),0.003911904389651607,12.0,34.0,183.0
2017-05-18,pegged,calibration rejected (boundary-pegged),0.00605295335920852,12.0,22.0,183.0
2017-06-08,pegged,calibration rejected (boundary-pegged),0.0037952128262021536,12.0,31.0,181.0
2017-07-03,pegged,calibration rejected (boundary-pegged),0.002982617412381558,12.0,29.0,184.0
2017-07-10,pegged,calibration rejected (boundary-pegged),0.003027533315316966,12.0,24.0,181.0
2017-07-12,pegged,calibration rejected (boundary-pegged),0.0029780894571353194,12.0,32.0,183.0
2017-08-02,pegged,calibration rejected (boundary-pegged),0.0038083220342999967,12.0,31.0,186.0
2017-08-10,pegged,calibration rejected (boundary-pegged),0.008431193573010703,12.0,16.0,181.0
2017-08-18,pegged,calibration rejected (boundary-pegged),0.005122462457896967,12.0,27.0,182.0
2017-09-12,pegged,calibration rejected (boundary-pegged),0.005169661954710582,12.0,38.0,183.0
2017-09-19,pegged,calibration rejected (boundary-pegged),0.00460987056044606,12.0,32.0,180.0
2017-09-21,pegged,calibration rejected (boundary-pegged),0.0043427446739830984,11.0,34.0,169.0
2017-09-25,pegged,calibration rejected (boundary-pegged),0.0028979917024386575,12.0,23.0,180.0
2017-11-15,pegged,calibration rejected (boundary-pegged),0.004734547870950077,12.0,38.0,184.0
2017-11-16,pegged,calibration rejected (boundary-pegged),0.0031756830359824964,12.0,28.0,183.0
2017-11-17,pegged,calibration rejected (boundary-pegged),0.003933270161290377,12.0,36.0,183.0
2017-12-01,pegged,calibration rejected (boundary-pegged),0.011266189902634607,12.0,27.0,183.0
2017-12-05,pegged,calibration rejected (boundary-pegged),0.0040108591625309924,12.0,36.0,182.0
2017-12-08,pegged,calibration rejected (boundary-pegged),0.00424360684540892,12.0,34.0,181.0
2017-12-11,pegged,calibration rejected (boundary-pegged),0.0044567020739176965,12.0,39.0,178.0
2017-12-12,pegged,calibration rejected (boundary-pegged),0.004254606351748547,12.0,31.0,182.0
2017-12-13,pegged,calibration rejected (boundary-pegged),0.005004792773052418,12.0,34.0,183.0
2017-12-14,pegged,calibration rejected (boundary-pegged),0.003728459670826246,12.0,35.0,183.0
2017-12-18,pegged,calibration rejected (boundary-pegged),0.004329374605304878,12.0,32.0,192.0
2017-12-19,pegged,calibration rejected (boundary-pegged),0.013112574680196483,12.0,43.0,185.0
2018-01-05,pegged,calibration rejected (boundary-pegged),0.004229934849611811,12.0,34.0,184.0
2018-01-10,pegged,calibration rejected (boundary-pegged),0.004140056775010714,12.0,41.0,184.0
2018-01-12,pegged,calibration rejected (boundary-pegged),0.003734684630588631,12.0,32.0,183.0
2018-02-02,pegged,calibration rejected (boundary-pegged),0.007946262122584037,12.0,21.0,180.0
2018-02-05,iv_miss,calibration rejected (iv_rmse=0.0508 > 0.02),0.050756217752705474,12.0,23.0,182.0
2018-02-06,iv_miss,calibration rejected (iv_rmse=0.0547 > 0.02),0.05471314047803089,12.0,22.0,185.0
2018-02-07,pegged,calibration rejected (boundary-pegged),0.0115490574351733,12.0,30.0,184.0
2018-02-08,iv_miss,calibration rejected (iv_rmse=0.0257 > 0.02),0.02574157790702728,12.0,31.0,183.0
2018-02-09,iv_miss,calibration rejected (iv_rmse=0.0300 > 0.02),0.029979937378179576,12.0,22.0,182.0
2018-02-12,pegged,calibration rejected (boundary-pegged),0.012724335170397292,12.0,25.0,181.0
2018-02-21,pegged,calibration rejected (boundary-pegged),0.007313864808032992,12.0,34.0,184.0
2018-02-22,pegged,calibration rejected (boundary-pegged),0.006171790965259278,12.0,31.0,187.0
2018-02-26,pegged,calibration rejected (boundary-pegged),0.0028531425863786313,12.0,24.0,182.0
2018-03-01,pegged,calibration rejected (boundary-pegged),0.010474952947614094,12.0,25.0,184.0
2018-03-02,pegged,calibration rejected (boundary-pegged),0.014133833400110138,12.0,36.0,181.0
2018-03-06,pegged,calibration rejected (boundary-pegged),0.0047977242958785775,12.0,35.0,186.0
2018-03-07,pegged,calibration rejected (boundary-pegged),0.006176311094132652,12.0,33.0,183.0
2018-03-14,pegged,calibration rejected (boundary-pegged),0.0046879205218064305,12.0,32.0,182.0
2018-03-15,pegged,calibration rejected (boundary-pegged),0.004809908499191234,12.0,34.0,182.0
2018-03-20,pegged,calibration rejected (boundary-pegged),0.0040913121758021165,12.0,40.0,186.0
2018-03-22,pegged,calibration rejected (boundary-pegged),0.009116102230716008,12.0,35.0,182.0
2018-03-23,pegged,calibration rejected (boundary-pegged),0.014025822886502,12.0,30.0,182.0
2018-04-02,pegged,calibration rejected (boundary-pegged),0.011258774652167736,12.0,37.0,184.0
2018-04-04,pegged,calibration rejected (boundary-pegged),0.01208287804012702,12.0,34.0,183.0
2018-04-05,pegged,calibration rejected (boundary-pegged),0.005366839039522258,12.0,39.0,187.0
2018-04-13,pegged,calibration rejected (boundary-pegged),0.005765732172640928,12.0,34.0,182.0
2018-04-18,pegged,calibration rejected (boundary-pegged),0.01716153537110713,12.0,34.0,186.0
2018-04-20,pegged,calibration rejected (boundary-pegged),0.005132042116422191,12.0,38.0,182.0
2018-04-25,pegged,calibration rejected (boundary-pegged),0.005479723266426218,12.0,29.0,182.0
2018-04-27,pegged,calibration rejected (boundary-pegged),0.004790730575159099,12.0,40.0,183.0
2018-04-30,pegged,calibration rejected (boundary-pegged),0.00384065984056133,12.0,40.0,185.0
2018-05-03,pegged,calibration rejected (boundary-pegged),0.007705611498967383,12.0,31.0,185.0
2018-05-07,pegged,calibration rejected (boundary-pegged),0.003119873889122292,12.0,34.0,192.0
2018-05-09,pegged,calibration rejected (boundary-pegged),0.0034549948282695,12.0,40.0,183.0
2018-05-10,pegged,calibration rejected (boundary-pegged),0.00312076411518588,12.0,37.0,184.0
2018-05-11,pegged,calibration rejected (boundary-pegged),0.002651579849831563,12.0,35.0,183.0
2018-05-18,pegged,calibration rejected (boundary-pegged),0.00255018841665133,12.0,38.0,185.0
2018-05-21,pegged,calibration rejected (boundary-pegged),0.002931443567867649,12.0,30.0,184.0
2018-05-22,pegged,calibration rejected (boundary-pegged),0.003277339418369588,12.0,30.0,182.0
2018-05-23,pegged,calibration rejected (boundary-pegged),0.005424757656441083,12.0,28.0,182.0
2018-06-01,pegged,calibration rejected (boundary-pegged),0.003595862723293775,12.0,29.0,183.0
2018-06-27,pegged,calibration rejected (boundary-pegged),0.010977082312882852,12.0,24.0,183.0
2018-07-16,pegged,calibration rejected (boundary-pegged),0.002307867600405188,12.0,28.0,184.0
2018-07-17,pegged,calibration rejected (boundary-pegged),0.0037419953598422048,12.0,31.0,184.0
2018-07-18,pegged,calibration rejected (boundary-pegged),0.003084558328174756,12.0,27.0,184.0
2018-07-31,pegged,calibration rejected (boundary-pegged),0.002810615982902222,12.0,35.0,188.0
2018-08-01,pegged,calibration rejected (boundary-pegged),0.0036415381593539868,12.0,35.0,183.0
2018-08-02,pegged,calibration rejected (boundary-pegged),0.005401091563440476,12.0,28.0,183.0
2018-08-07,pegged,calibration rejected (boundary-pegged),0.00297674407504576,12.0,34.0,182.0
2018-08-10,pegged,calibration rejected (boundary-pegged),0.003514191161197288,12.0,30.0,182.0
2018-08-15,pegged,calibration rejected (boundary-pegged),0.00423413772455116,12.0,24.0,181.0
2018-08-24,pegged,calibration rejected (boundary-pegged),0.0038349615294568334,12.0,36.0,182.0
2018-08-28,pegged,calibration rejected (boundary-pegged),0.003491147141000103,12.0,39.0,185.0
2018-08-29,pegged,calibration rejected (boundary-pegged),0.0037426425871316593,12.0,36.0,183.0
2018-08-31,pegged,calibration rejected (boundary-pegged),0.003902152412759087,12.0,33.0,183.0
2018-09-05,pegged,calibration rejected (boundary-pegged),0.003801152479601033,12.0,40.0,186.0
2018-09-07,pegged,calibration rejected (boundary-pegged),0.0043594958296355275,12.0,30.0,182.0
2018-09-12,pegged,calibration rejected (boundary-pegged),0.004208430002056569,12.0,32.0,187.0
2018-09-13,pegged,calibration rejected (boundary-pegged),0.00406336767757314,12.0,36.0,183.0
2018-09-20,pegged,calibration rejected (boundary-pegged),0.0028910151282110913,12.0,30.0,183.0
2018-10-04,pegged,calibration rejected (boundary-pegged),0.007773632726565181,12.0,23.0,182.0
2018-10-10,pegged,calibration rejected (boundary-pegged),0.013907786385443814,12.0,24.0,184.0
2018-10-11,pegged,calibration rejected (boundary-pegged),0.013675959963537165,12.0,20.0,182.0
2018-10-12,pegged,calibration rejected (boundary-pegged),0.01225518977820394,12.0,21.0,183.0
2018-10-15,pegged,calibration rejected (boundary-pegged),0.007354741671360754,12.0,33.0,185.0
2018-10-16,pegged,calibration rejected (boundary-pegged),0.0069202819568030885,12.0,25.0,188.0
2018-10-19,pegged,calibration rejected (boundary-pegged),0.008548152104211523,12.0,32.0,192.0
2018-10-23,pegged,calibration rejected (boundary-pegged),0.010040682071843944,12.0,20.0,181.0
2018-10-24,pegged,calibration rejected (boundary-pegged),0.015128297693068175,12.0,22.0,181.0
2018-10-25,pegged,calibration rejected (boundary-pegged),0.008258614345542509,12.0,21.0,182.0
2018-10-26,pegged,calibration rejected (boundary-pegged),0.010052946776698221,12.0,24.0,183.0
2018-10-29,pegged,calibration rejected (boundary-pegged),0.014337862292934163,12.0,26.0,182.0
2018-10-30,iv_miss,calibration rejected (iv_rmse=0.0947 > 0.02),0.09468225375979304,12.0,37.0,183.0
2018-10-31,pegged,calibration rejected (boundary-pegged),0.0059857589574923795,12.0,29.0,185.0
2018-11-01,pegged,calibration rejected (boundary-pegged),0.006793292395768652,12.0,37.0,184.0
2018-11-06,pegged,calibration rejected (boundary-pegged),0.005116116373452003,12.0,40.0,185.0
2018-11-07,pegged,calibration rejected (boundary-pegged),0.005196425643587979,12.0,25.0,181.0
2018-11-08,pegged,calibration rejected (boundary-pegged),0.0049320461374798875,12.0,34.0,185.0
2018-11-09,pegged,calibration rejected (boundary-pegged),0.005286038629755231,12.0,27.0,184.0
2018-11-13,pegged,calibration rejected (boundary-pegged),0.00547495059751434,12.0,27.0,185.0
2018-11-14,pegged,calibration rejected (boundary-pegged),0.008082473739440125,12.0,23.0,181.0
2018-11-15,pegged,calibration rejected (boundary-pegged),0.010630830743785064,12.0,30.0,184.0
2018-11-16,pegged,calibration rejected (boundary-pegged),0.009119082187412246,12.0,43.0,187.0
2018-11-19,pegged,calibration rejected (boundary-pegged),0.008065253362341984,12.0,39.0,183.0
2018-11-20,pegged,calibration rejected (boundary-pegged),0.01010619356096945,12.0,40.0,183.0
2018-11-21,pegged,calibration rejected (boundary-pegged),0.008043515077774701,12.0,34.0,185.0
2018-11-23,pegged,calibration rejected (boundary-pegged),0.005278308120393997,12.0,45.0,185.0
2018-11-28,pegged,calibration rejected (boundary-pegged),0.005556254157060272,12.0,31.0,183.0
2018-11-29,pegged,calibration rejected (boundary-pegged),0.0072171804293777765,12.0,28.0,182.0
2018-11-30,pegged,calibration rejected (boundary-pegged),0.005277302679628787,12.0,33.0,184.0
2018-12-03,pegged,calibration rejected (boundary-pegged),0.005092653801159525,12.0,26.0,183.0
2018-12-04,iv_miss,calibration rejected (iv_rmse=0.0213 > 0.02),0.02132603334378171,12.0,21.0,182.0
2018-12-06,pegged,calibration rejected (boundary-pegged),0.016069058572178233,12.0,25.0,182.0
2018-12-07,pegged,calibration rejected (boundary-pegged),0.011878980119545947,12.0,33.0,186.0
2018-12-10,pegged,calibration rejected (boundary-pegged),0.012739736653028064,12.0,26.0,183.0
2018-12-11,pegged,calibration rejected (boundary-pegged),0.00891972749608286,12.0,38.0,192.0
2018-12-12,pegged,calibration rejected (boundary-pegged),0.006744034286474801,12.0,39.0,185.0
2018-12-13,pegged,calibration rejected (boundary-pegged),0.0070078065697871395,12.0,33.0,184.0
2018-12-14,pegged,calibration rejected (boundary-pegged),0.00615145550563441,12.0,29.0,187.0
2018-12-17,pegged,calibration rejected (boundary-pegged),0.012140010372614076,12.0,21.0,185.0
2018-12-18,pegged,calibration rejected (boundary-pegged),0.008979852284025843,12.0,27.0,183.0
2018-12-27,pegged,calibration rejected (boundary-pegged),0.012784564163259769,12.0,40.0,184.0
2019-01-02,pegged,calibration rejected (boundary-pegged),0.014283636013079734,12.0,30.0,184.0
2019-01-03,pegged,calibration rejected (boundary-pegged),0.00820926683022619,12.0,26.0,183.0
2019-01-04,pegged,calibration rejected (boundary-pegged),0.0070195938994300966,12.0,34.0,184.0
2019-01-07,pegged,calibration rejected (boundary-pegged),0.0059402212364202435,12.0,35.0,184.0
2019-01-08,pegged,calibration rejected (boundary-pegged),0.005495060146136455,12.0,27.0,183.0
2019-01-09,pegged,calibration rejected (boundary-pegged),0.006984045328191235,12.0,46.0,186.0
2019-01-10,pegged,calibration rejected (boundary-pegged),0.00646766731570966,12.0,35.0,187.0
2019-01-11,pegged,calibration rejected (boundary-pegged),0.005662912041524539,12.0,35.0,188.0
2019-01-14,pegged,calibration rejected (boundary-pegged),0.008633324651441808,12.0,47.0,184.0
2019-01-15,pegged,calibration rejected (boundary-pegged),0.005064736165547811,12.0,29.0,183.0
2019-01-16,pegged,calibration rejected (boundary-pegged),0.004317942200768478,12.0,40.0,183.0
2019-01-17,pegged,calibration rejected (boundary-pegged),0.006014474209813775,12.0,31.0,188.0
2019-01-18,pegged,calibration rejected (boundary-pegged),0.005447594241384857,12.0,24.0,182.0
2019-01-22,iv_miss,calibration rejected (iv_rmse=0.0310 > 0.02),0.03102892538328617,12.0,33.0,183.0
2019-01-23,pegged,calibration rejected (boundary-pegged),0.007763205119802482,12.0,31.0,184.0
2019-01-25,pegged,calibration rejected (boundary-pegged),0.0039736576415665996,12.0,27.0,186.0
2019-01-28,pegged,calibration rejected (boundary-pegged),0.005364354165353629,12.0,36.0,188.0
2019-02-01,pegged,calibration rejected (boundary-pegged),0.0031650754168138897,12.0,27.0,183.0
2019-02-04,pegged,calibration rejected (boundary-pegged),0.004734239063328657,12.0,30.0,189.0
2019-02-05,pegged,calibration rejected (boundary-pegged),0.004942352581564801,12.0,40.0,186.0
2019-02-06,pegged,calibration rejected (boundary-pegged),0.004715729783625994,12.0,42.0,187.0
2019-02-07,pegged,calibration rejected (boundary-pegged),0.006763106049744044,12.0,33.0,184.0
2019-02-08,pegged,calibration rejected (boundary-pegged),0.006266976690032839,12.0,25.0,181.0
2019-02-11,pegged,calibration rejected (boundary-pegged),0.003534355935958062,12.0,42.0,184.0
2019-02-12,pegged,calibration rejected (boundary-pegged),0.0022424190439404444,12.0,28.0,184.0
2019-02-13,pegged,calibration rejected (boundary-pegged),0.003793267243516375,12.0,40.0,182.0
2019-02-14,pegged,calibration rejected (boundary-pegged),0.004733848138621105,12.0,40.0,187.0
2019-02-15,pegged,calibration rejected (boundary-pegged),0.0050956140125352715,12.0,33.0,184.0
2019-02-19,pegged,calibration rejected (boundary-pegged),0.003776951203061116,12.0,27.0,181.0
2019-02-20,pegged,calibration rejected (boundary-pegged),0.0030513118181901585,12.0,30.0,186.0
2019-02-21,pegged,calibration rejected (boundary-pegged),0.0032909129763748607,12.0,40.0,186.0
2019-02-22,pegged,calibration rejected (boundary-pegged),0.003884291192072516,12.0,37.0,189.0
2019-02-28,pegged,calibration rejected (boundary-pegged),0.003605083859284857,12.0,45.0,184.0
2019-03-05,pegged,calibration rejected (boundary-pegged),0.0047248045685204,12.0,49.0,184.0
2019-03-06,pegged,calibration rejected (boundary-pegged),0.0040909249641375885,12.0,49.0,185.0
2019-03-08,pegged,calibration rejected (boundary-pegged),0.00807607511659922,12.0,36.0,181.0
2019-03-11,pegged,calibration rejected (boundary-pegged),0.004270057180890401,12.0,39.0,185.0
2019-03-15,pegged,calibration rejected (boundary-pegged),0.002538517757918883,12.0,37.0,187.0
2019-03-28,pegged,calibration rejected (boundary-pegged),0.0041332722790035714,12.0,46.0,184.0
2019-03-29,pegged,calibration rejected (boundary-pegged),0.003553406567258687,12.0,37.0,185.0
2019-04-01,pegged,calibration rejected (boundary-pegged),0.003136664980544377,12.0,32.0,183.0
2019-04-03,pegged,calibration rejected (boundary-pegged),0.0037013903284411165,12.0,30.0,185.0
2019-04-04,pegged,calibration rejected (boundary-pegged),0.003884645196432848,12.0,44.0,183.0
2019-04-05,pegged,calibration rejected (boundary-pegged),0.0038556130527406833,12.0,38.0,184.0
2019-04-08,pegged,calibration rejected (boundary-pegged),0.0032114434415711846,12.0,33.0,184.0
2019-04-09,pegged,calibration rejected (boundary-pegged),0.0035183520121189783,12.0,37.0,184.0
2019-04-10,pegged,calibration rejected (boundary-pegged),0.004837559337190232,12.0,46.0,186.0
2019-04-11,pegged,calibration rejected (boundary-pegged),0.003911840789471474,12.0,53.0,191.0
2019-04-12,pegged,calibration rejected (boundary-pegged),0.003239541195548628,12.0,45.0,183.0
2019-04-15,pegged,calibration rejected (boundary-pegged),0.003313809617547177,12.0,41.0,184.0
2019-04-16,pegged,calibration rejected (boundary-pegged),0.0032775503299579023,12.0,35.0,186.0
2019-04-17,pegged,calibration rejected (boundary-pegged),0.003217902602834143,12.0,30.0,182.0
2019-04-18,pegged,calibration rejected (boundary-pegged),0.0035773965628493236,12.0,38.0,185.0
2019-04-26,pegged,calibration rejected (boundary-pegged),0.0029687731317601046,12.0,33.0,183.0
2019-05-03,pegged,calibration rejected (boundary-pegged),0.0033218965894766597,12.0,39.0,183.0
2019-05-07,pegged,calibration rejected (boundary-pegged),0.011361958585038407,12.0,26.0,182.0
2019-05-09,pegged,calibration rejected (boundary-pegged),0.012711874111863869,12.0,32.0,185.0
2019-05-10,pegged,calibration rejected (boundary-pegged),0.013937749753295599,12.0,25.0,183.0
2019-05-15,pegged,calibration rejected (boundary-pegged),0.008575494386364058,12.0,28.0,180.0
2019-05-17,pegged,calibration rejected (boundary-pegged),0.0057044920954312794,12.0,33.0,188.0
2019-05-20,pegged,calibration rejected (boundary-pegged),0.005190132522710452,12.0,31.0,183.0
2019-05-21,pegged,calibration rejected (boundary-pegged),0.004592106875109397,12.0,29.0,185.0
2019-05-22,pegged,calibration rejected (boundary-pegged),0.004097848243427474,12.0,33.0,188.0
2019-05-24,pegged,calibration rejected (boundary-pegged),0.004724345751668625,12.0,42.0,184.0
2019-05-28,pegged,calibration rejected (boundary-pegged),0.006040078775504138,12.0,25.0,182.0
2019-05-30,pegged,calibration rejected (boundary-pegged),0.005520722175264082,12.0,34.0,183.0
2019-05-31,pegged,calibration rejected (boundary-pegged),0.004335018173250505,12.0,30.0,188.0
2019-06-04,pegged,calibration rejected (boundary-pegged),0.005435703133354288,12.0,23.0,182.0
2019-06-05,pegged,calibration rejected (boundary-pegged),0.005470889621733875,12.0,39.0,184.0
2019-06-06,pegged,calibration rejected (boundary-pegged),0.0039984113284133,12.0,41.0,184.0
2019-06-07,pegged,calibration rejected (boundary-pegged),0.004217101922737457,12.0,28.0,182.0
2019-06-10,pegged,calibration rejected (boundary-pegged),0.0020677152244874594,12.0,25.0,182.0
2019-06-13,pegged,calibration rejected (boundary-pegged),0.0032731456058499586,12.0,51.0,186.0
2019-06-18,pegged,calibration rejected (boundary-pegged),0.0032491510544018776,12.0,30.0,182.0
2019-07-01,pegged,calibration rejected (boundary-pegged),0.0033487049774435906,12.0,27.0,182.0
2019-07-02,pegged,calibration rejected (boundary-pegged),0.005001777625200128,12.0,30.0,184.0
2019-07-03,pegged,calibration rejected (boundary-pegged),0.005199820748729011,12.0,40.0,186.0
2019-07-05,pegged,calibration rejected (boundary-pegged),0.005177811072890437,12.0,33.0,184.0
2019-07-08,pegged,calibration rejected (boundary-pegged),0.005531019621847652,12.0,33.0,182.0
2019-07-09,pegged,calibration rejected (boundary-pegged),0.006967954396425889,12.0,40.0,183.0
2019-07-10,pegged,calibration rejected (boundary-pegged),0.004317615297723167,12.0,25.0,183.0
2019-07-11,pegged,calibration rejected (boundary-pegged),0.004391213163531609,12.0,35.0,183.0
2019-07-12,pegged,calibration rejected (boundary-pegged),0.004380432301484604,12.0,41.0,187.0
2019-07-15,pegged,calibration rejected (boundary-pegged),0.004896651399683748,12.0,39.0,186.0
2019-07-16,pegged,calibration rejected (boundary-pegged),0.004610886607166341,12.0,53.0,186.0
2019-07-24,pegged,calibration rejected (boundary-pegged),0.0033438649132342003,12.0,26.0,183.0
2019-07-25,pegged,calibration rejected (boundary-pegged),0.003965471841099127,12.0,34.0,183.0
2019-08-01,iv_miss,calibration rejected (iv_rmse=0.0202 > 0.02),0.02016502024478979,12.0,25.0,184.0
2019-08-02,pegged,calibration rejected (boundary-pegged),0.007073675502610367,12.0,22.0,188.0
2019-08-07,pegged,calibration rejected (boundary-pegged),0.011652076628646754,12.0,22.0,192.0
2019-08-08,pegged,calibration rejected (boundary-pegged),0.006979329197906405,12.0,23.0,181.0
2019-08-09,pegged,calibration rejected (boundary-pegged),0.008025567828355578,12.0,29.0,184.0
2019-08-12,pegged,calibration rejected (boundary-pegged),0.007937405859852828,12.0,25.0,183.0
2019-08-13,pegged,calibration rejected (boundary-pegged),0.011591198446236302,12.0,37.0,184.0
2019-08-14,pegged,calibration rejected (boundary-pegged),0.010204721690251927,12.0,30.0,183.0
2019-08-15,pegged,calibration rejected (boundary-pegged),0.007841589167357707,12.0,27.0,185.0
2019-08-16,pegged,calibration rejected (boundary-pegged),0.007183323402403458,12.0,38.0,183.0
2019-08-19,pegged,calibration rejected (boundary-pegged),0.005657631342061514,12.0,31.0,182.0
2019-08-20,pegged,calibration rejected (boundary-pegged),0.0062404627213402675,12.0,34.0,186.0
2019-08-22,pegged,calibration rejected (boundary-pegged),0.006765587959368352,12.0,34.0,183.0
2019-08-23,pegged,calibration rejected (boundary-pegged),0.016135775929277587,12.0,40.0,183.0
2019-08-26,pegged,calibration rejected (boundary-pegged),0.007567602705393705,12.0,33.0,186.0
2019-08-27,pegged,calibration rejected (boundary-pegged),0.00889897533010451,12.0,38.0,186.0
2019-08-28,pegged,calibration rejected (boundary-pegged),0.00945043106708073,12.0,37.0,183.0
2019-08-30,pegged,calibration rejected (boundary-pegged),0.007717257979646368,12.0,50.0,187.0
2019-09-03,pegged,calibration rejected (boundary-pegged),0.006229643601319481,12.0,44.0,189.0
2019-09-04,pegged,calibration rejected (boundary-pegged),0.008193780030968519,12.0,41.0,183.0
2019-09-05,pegged,calibration rejected (boundary-pegged),0.004719595286429205,12.0,30.0,183.0
2019-09-06,pegged,calibration rejected (boundary-pegged),0.004894955788000774,12.0,39.0,185.0
2019-09-10,pegged,calibration rejected (boundary-pegged),0.006562175209454634,12.0,48.0,184.0
2019-09-11,pegged,calibration rejected (boundary-pegged),0.003670074785012758,12.0,35.0,184.0
2019-09-12,pegged,calibration rejected (boundary-pegged),0.0037856924507678018,12.0,27.0,184.0
2019-09-13,pegged,calibration rejected (boundary-pegged),0.0035486093739676627,12.0,41.0,181.0
2019-09-18,pegged,calibration rejected (boundary-pegged),0.006132163450442447,12.0,29.0,183.0
2019-09-20,pegged,calibration rejected (boundary-pegged),0.0067798953561675306,12.0,34.0,182.0
2019-09-23,pegged,calibration rejected (boundary-pegged),0.004376112792055176,12.0,50.0,188.0
2019-09-24,pegged,calibration rejected (boundary-pegged),0.009855748645037386,12.0,27.0,182.0
2019-09-25,pegged,calibration rejected (boundary-pegged),0.008500530831879629,12.0,31.0,185.0
2019-09-26,pegged,calibration rejected (boundary-pegged),0.006196976673837218,12.0,45.0,186.0
2019-09-27,pegged,calibration rejected (boundary-pegged),0.01132409080321453,12.0,38.0,184.0
2019-09-30,pegged,calibration rejected (boundary-pegged),0.007098083225586056,12.0,47.0,190.0
2019-10-01,pegged,calibration rejected (boundary-pegged),0.012177793640615607,12.0,28.0,181.0
2019-10-02,pegged,calibration rejected (boundary-pegged),0.00497995011843386,12.0,23.0,186.0
2019-10-03,pegged,calibration rejected (boundary-pegged),0.009136608435973742,12.0,27.0,185.0
2019-10-04,pegged,calibration rejected (boundary-pegged),0.0071033944903015145,12.0,28.0,184.0
2019-10-07,pegged,calibration rejected (boundary-pegged),0.004649748469460827,12.0,32.0,185.0
2019-10-08,pegged,calibration rejected (boundary-pegged),0.006831684344980476,12.0,30.0,184.0
2019-10-09,pegged,calibration rejected (boundary-pegged),0.0058455274174415576,12.0,39.0,185.0
2019-10-10,pegged,calibration rejected (boundary-pegged),0.005587567604651539,12.0,34.0,184.0
2019-10-11,pegged,calibration rejected (boundary-pegged),0.004300827763387666,12.0,25.0,183.0
2019-10-15,pegged,calibration rejected (boundary-pegged),0.004234395562665524,12.0,29.0,181.0
2019-10-16,pegged,calibration rejected (boundary-pegged),0.003068117017315786,12.0,35.0,183.0
2019-10-17,pegged,calibration rejected (boundary-pegged),0.005504000826919979,12.0,35.0,180.0
2019-10-18,pegged,calibration rejected (boundary-pegged),0.006500052304803265,12.0,30.0,182.0
2019-10-23,pegged,calibration rejected (boundary-pegged),0.0029294531925779074,12.0,37.0,182.0
2019-10-25,pegged,calibration rejected (boundary-pegged),0.00436402220812308,12.0,35.0,182.0
2019-10-28,pegged,calibration rejected (boundary-pegged),0.002828199307917371,12.0,36.0,183.0
2019-11-01,pegged,calibration rejected (boundary-pegged),0.002750717601072108,12.0,33.0,186.0
2019-11-04,pegged,calibration rejected (boundary-pegged),0.003269963013321483,12.0,33.0,182.0
2019-11-05,pegged,calibration rejected (boundary-pegged),0.0038668428334900744,12.0,34.0,183.0
2019-11-06,pegged,calibration rejected (boundary-pegged),0.003864635659763504,12.0,39.0,181.0
2019-11-07,pegged,calibration rejected (boundary-pegged),0.004061823637759884,12.0,34.0,185.0
2019-11-08,pegged,calibration rejected (boundary-pegged),0.004710996548001336,12.0,31.0,183.0
2019-11-11,pegged,calibration rejected (boundary-pegged),0.0030940649615065967,12.0,37.0,185.0
2019-11-12,pegged,calibration rejected (boundary-pegged),0.0042968841140976315,12.0,45.0,179.0
2019-11-15,pegged,calibration rejected (boundary-pegged),0.0042864085476532945,12.0,42.0,185.0
2019-11-18,pegged,calibration rejected (boundary-pegged),0.0037428057794695858,12.0,43.0,185.0
2019-11-19,pegged,calibration rejected (boundary-pegged),0.004035744686641973,12.0,36.0,183.0
2019-11-20,pegged,calibration rejected (boundary-pegged),0.005335662139703049,12.0,30.0,184.0
2019-11-21,pegged,calibration rejected (boundary-pegged),0.004905595981961857,12.0,41.0,186.0
2019-11-25,pegged,calibration rejected (boundary-pegged),0.002929844143289237,12.0,24.0,181.0
2019-11-27,pegged,calibration rejected (boundary-pegged),0.0030528957212902384,12.0,30.0,183.0
2019-11-29,pegged,calibration rejected (boundary-pegged),0.0037332060063330658,12.0,34.0,182.0
2019-12-02,pegged,calibration rejected (boundary-pegged),0.004516543179068515,12.0,31.0,183.0
2019-12-06,pegged,calibration rejected (boundary-pegged),0.003017047028443132,12.0,36.0,182.0
2019-12-09,pegged,calibration rejected (boundary-pegged),0.003905901045812769,12.0,35.0,188.0
2019-12-11,pegged,calibration rejected (boundary-pegged),0.003952184257988543,12.0,28.0,189.0
2019-12-12,pegged,calibration rejected (boundary-pegged),0.006008483323069701,12.0,23.0,183.0
2019-12-18,pegged,calibration rejected (boundary-pegged),0.003572004088680527,12.0,43.0,181.0
2019-12-19,pegged,calibration rejected (boundary-pegged),0.0054432819394268596,12.0,47.0,183.0
2019-12-20,pegged,calibration rejected (boundary-pegged),0.004269731070751145,12.0,37.0,184.0
2019-12-23,pegged,calibration rejected (boundary-pegged),0.005666870017739375,12.0,42.0,184.0
2019-12-24,pegged,calibration rejected (boundary-pegged),0.003945889664262428,12.0,57.0,191.0
2019-12-26,pegged,calibration rejected (boundary-pegged),0.0054438924508375865,12.0,48.0,186.0
2019-12-27,pegged,calibration rejected (boundary-pegged),0.004843518967700418,12.0,40.0,188.0
2019-12-30,pegged,calibration rejected (boundary-pegged),0.004710963820368757,12.0,43.0,184.0
2019-12-31,pegged,calibration rejected (boundary-pegged),0.005814822921426958,12.0,39.0,185.0
2020-01-02,pegged,calibration rejected (boundary-pegged),0.004293990699101993,12.0,37.0,182.0
2020-01-07,pegged,calibration rejected (boundary-pegged),0.0044054278861203255,12.0,47.0,185.0
2020-01-08,pegged,calibration rejected (boundary-pegged),0.004707791008220868,12.0,25.0,182.0
2020-01-10,pegged,calibration rejected (boundary-pegged),0.00322238335102454,12.0,44.0,184.0
2020-01-13,iv_miss,calibration rejected (iv_rmse=0.0270 > 0.02),0.026987530344471197,12.0,28.0,181.0
2020-01-14,pegged,calibration rejected (boundary-pegged),0.003846082483571144,12.0,28.0,184.0
2020-01-15,pegged,calibration rejected (boundary-pegged),0.0036712865867086523,12.0,36.0,183.0
2020-01-16,pegged,calibration rejected (boundary-pegged),0.003710900707943442,12.0,25.0,183.0
2020-01-17,pegged,calibration rejected (boundary-pegged),0.0056017046397465785,12.0,37.0,181.0
2020-01-21,pegged,calibration rejected (boundary-pegged),0.0043197765998021186,12.0,37.0,182.0
2020-01-22,pegged,calibration rejected (boundary-pegged),0.005124730902176817,12.0,42.0,184.0
2020-01-23,pegged,calibration rejected (boundary-pegged),0.004055787903573351,12.0,39.0,182.0
2020-01-24,pegged,calibration rejected (boundary-pegged),0.011167458573694179,12.0,31.0,183.0
2020-01-28,pegged,calibration rejected (boundary-pegged),0.00537607355103874,12.0,31.0,181.0
2020-01-31,pegged,calibration rejected (boundary-pegged),0.0075713078088796475,12.0,22.0,181.0
2020-02-04,pegged,calibration rejected (boundary-pegged),0.004668518409830852,12.0,35.0,182.0
2020-02-05,pegged,calibration rejected (boundary-pegged),0.005341933950518028,12.0,29.0,184.0
2020-02-06,pegged,calibration rejected (boundary-pegged),0.006022994396517886,12.0,40.0,184.0
2020-02-07,pegged,calibration rejected (boundary-pegged),0.0074826542005399805,12.0,38.0,186.0
2020-02-10,pegged,calibration rejected (boundary-pegged),0.00788455815803087,12.0,40.0,183.0
2020-02-11,pegged,calibration rejected (boundary-pegged),0.00473732097399491,12.0,25.0,181.0
2020-02-12,pegged,calibration rejected (boundary-pegged),0.005229800789555292,12.0,35.0,180.0
2020-02-13,pegged,calibration rejected (boundary-pegged),0.004523942577679295,12.0,29.0,184.0
2020-02-14,pegged,calibration rejected (boundary-pegged),0.0037648957112278213,12.0,30.0,182.0
2020-02-18,pegged,calibration rejected (boundary-pegged),0.005341730346313701,12.0,38.0,187.0
2020-02-19,pegged,calibration rejected (boundary-pegged),0.005228385855273378,12.0,43.0,189.0
2020-02-20,pegged,calibration rejected (boundary-pegged),0.010246493309785578,12.0,23.0,182.0
2020-02-21,pegged,calibration rejected (boundary-pegged),0.006969184066669064,12.0,37.0,185.0
2020-02-24,pegged,calibration rejected (boundary-pegged),0.00928788604205118,12.0,22.0,184.0
2020-02-25,pegged,calibration rejected (boundary-pegged),0.017811361926025514,12.0,22.0,183.0
2020-02-26,pegged,calibration rejected (boundary-pegged),0.010893734175477758,12.0,24.0,185.0
2020-02-27,pegged,calibration rejected (boundary-pegged),0.019896588451311984,12.0,29.0,184.0
2020-02-28,iv_miss,calibration rejected (iv_rmse=0.0220 > 0.02),0.021988451757261513,12.0,43.0,189.0
2020-03-02,iv_miss,calibration rejected (iv_rmse=0.0408 > 0.02),0.04078679480719982,12.0,30.0,185.0
2020-03-03,iv_miss,calibration rejected (iv_rmse=0.0272 > 0.02),0.02721557607917647,12.0,25.0,189.0
2020-03-04,iv_miss,calibration rejected (iv_rmse=0.0396 > 0.02),0.03960108809878199,12.0,27.0,183.0
2020-03-05,iv_miss,calibration rejected (iv_rmse=0.0223 > 0.02),0.022341233040297146,12.0,33.0,184.0
2020-03-06,pegged,calibration rejected (boundary-pegged),0.018222771219676553,12.0,36.0,182.0
2020-03-09,iv_miss,calibration rejected (iv_rmse=0.0244 > 0.02),0.0243507582743042,12.0,36.0,188.0
2020-03-10,iv_miss,calibration rejected (iv_rmse=0.0515 > 0.02),0.05150730367259509,12.0,26.0,186.0
2020-03-11,iv_miss,calibration rejected (iv_rmse=0.0658 > 0.02),0.0657977639645864,12.0,39.0,189.0
2020-03-12,iv_miss,calibration rejected (iv_rmse=0.1549 > 0.02),0.15485860379237606,12.0,26.0,182.0
2020-03-13,iv_miss,calibration rejected (iv_rmse=0.1072 > 0.02),0.10721404265379325,12.0,27.0,187.0
2020-03-16,iv_miss,calibration rejected (iv_rmse=0.0783 > 0.02),0.0782851777956505,12.0,39.0,184.0
2020-03-17,iv_miss,calibration rejected (iv_rmse=0.1744 > 0.02),0.17440665896175644,12.0,40.0,186.0
2020-03-18,iv_miss,calibration rejected (iv_rmse=0.1665 > 0.02),0.16651226433724056,12.0,33.0,188.0
2020-03-19,iv_miss,calibration rejected (iv_rmse=0.1317 > 0.02),0.13167141968209375,12.0,51.0,187.0
2020-03-20,iv_miss,calibration rejected (iv_rmse=0.0965 > 0.02),0.09653148787600176,12.0,37.0,186.0
2020-03-23,iv_miss,calibration rejected (iv_rmse=0.0635 > 0.02),0.06354784204116873,12.0,39.0,185.0
2020-03-24,iv_miss,calibration rejected (iv_rmse=0.1063 > 0.02),0.10632315945923078,12.0,38.0,189.0
2020-03-25,iv_miss,calibration rejected (iv_rmse=0.0955 > 0.02),0.09548885518800047,12.0,30.0,189.0
2020-03-26,iv_miss,calibration rejected (iv_rmse=0.0945 > 0.02),0.09450589059763488,12.0,41.0,186.0
2020-03-27,iv_miss,calibration rejected (iv_rmse=0.0901 > 0.02),0.09005599055486206,12.0,37.0,187.0
2020-03-30,pegged,calibration rejected (boundary-pegged),0.017213859484482334,12.0,47.0,191.0
2020-03-31,pegged,calibration rejected (boundary-pegged),0.01831537314791719,12.0,38.0,184.0
2020-04-01,pegged,calibration rejected (boundary-pegged),0.018388649475684936,12.0,37.0,187.0
2020-04-03,pegged,calibration rejected (boundary-pegged),0.012993474416019802,12.0,33.0,184.0
2020-04-06,pegged,calibration rejected (boundary-pegged),0.008876149721157238,12.0,27.0,184.0
2020-04-07,pegged,calibration rejected (boundary-pegged),0.011448893244741944,12.0,27.0,185.0
2020-04-08,pegged,calibration rejected (boundary-pegged),0.007368881364614944,12.0,28.0,186.0
2020-04-09,pegged,calibration rejected (boundary-pegged),0.007538767385506987,12.0,36.0,184.0
2020-04-13,pegged,calibration rejected (boundary-pegged),0.009539854584614834,12.0,42.0,185.0
2020-04-14,pegged,calibration rejected (boundary-pegged),0.00828987179792707,12.0,33.0,184.0
2020-04-15,pegged,calibration rejected (boundary-pegged),0.011705252509754354,12.0,44.0,186.0
2020-04-16,pegged,calibration rejected (boundary-pegged),0.010448489012566592,12.0,42.0,185.0
2020-04-17,pegged,calibration rejected (boundary-pegged),0.008636959963772704,12.0,36.0,184.0
2020-04-20,pegged,calibration rejected (boundary-pegged),0.010949196776452568,12.0,32.0,189.0
2020-04-21,pegged,calibration rejected (boundary-pegged),0.009302168406796528,12.0,36.0,185.0
2020-04-22,pegged,calibration rejected (boundary-pegged),0.01189025738981661,12.0,37.0,183.0
2020-04-23,pegged,calibration rejected (boundary-pegged),0.012729519480941245,12.0,41.0,185.0
2020-04-24,pegged,calibration rejected (boundary-pegged),0.017762653408628645,12.0,40.0,183.0
2020-04-27,pegged,calibration rejected (boundary-pegged),0.011672915721823026,12.0,31.0,183.0
2020-04-28,pegged,calibration rejected (boundary-pegged),0.015456487515466914,12.0,50.0,184.0
2020-04-29,pegged,calibration rejected (boundary-pegged),0.01296023320455872,12.0,37.0,184.0
2020-04-30,pegged,calibration rejected (boundary-pegged),0.009824811214684934,12.0,33.0,182.0
2020-05-01,pegged,calibration rejected (boundary-pegged),0.012661975404812838,12.0,44.0,184.0
2020-05-04,pegged,calibration rejected (boundary-pegged),0.015734428747444715,12.0,47.0,186.0
2020-05-05,pegged,calibration rejected (boundary-pegged),0.01470766395277751,12.0,50.0,188.0
2020-05-06,pegged,calibration rejected (boundary-pegged),0.016332608425037958,12.0,52.0,186.0
2020-05-07,pegged,calibration rejected (boundary-pegged),0.013275711770695517,12.0,50.0,189.0
2020-05-08,pegged,calibration rejected (boundary-pegged),0.009520814190249647,12.0,38.0,186.0
2020-05-11,pegged,calibration rejected (boundary-pegged),0.010944423620144753,12.0,32.0,187.0
2020-05-12,pegged,calibration rejected (boundary-pegged),0.01549454458025607,12.0,30.0,184.0
2020-05-13,pegged,calibration rejected (boundary-pegged),0.017057984334457738,12.0,26.0,182.0
2020-05-14,pegged,calibration rejected (boundary-pegged),0.01842522192119075,12.0,40.0,186.0
2020-05-15,pegged,calibration rejected (boundary-pegged),0.014840229935104832,12.0,40.0,183.0
2020-05-18,pegged,calibration rejected (boundary-pegged),0.00953531824784827,12.0,42.0,185.0
2020-05-19,pegged,calibration rejected (boundary-pegged),0.011114855409795028,12.0,53.0,186.0
2020-05-20,pegged,calibration rejected (boundary-pegged),0.010252475419561854,12.0,46.0,186.0
2020-05-21,pegged,calibration rejected (boundary-pegged),0.014256161035693778,12.0,39.0,182.0
2020-05-22,pegged,calibration rejected (boundary-pegged),0.011174709777207872,12.0,42.0,185.0
2020-05-26,pegged,calibration rejected (boundary-pegged),0.006036332368921393,12.0,31.0,184.0
2020-05-27,pegged,calibration rejected (boundary-pegged),0.011330159892515729,12.0,38.0,183.0
2020-05-28,pegged,calibration rejected (boundary-pegged),0.007577454363358067,12.0,24.0,184.0
2020-05-29,pegged,calibration rejected (boundary-pegged),0.00973970731378128,12.0,34.0,185.0
2020-06-01,pegged,calibration rejected (boundary-pegged),0.010189505910673604,12.0,52.0,185.0
2020-06-02,pegged,calibration rejected (boundary-pegged),0.008005272000305472,12.0,39.0,185.0
2020-06-03,pegged,calibration rejected (boundary-pegged),0.008617084235156128,12.0,38.0,183.0
2020-06-04,pegged,calibration rejected (boundary-pegged),0.006877945990611866,12.0,34.0,187.0
2020-06-05,pegged,calibration rejected (boundary-pegged),0.005338487781897811,12.0,31.0,183.0
2020-06-09,pegged,calibration rejected (boundary-pegged),0.00883334227407388,12.0,49.0,182.0
2020-06-10,pegged,calibration rejected (boundary-pegged),0.010357610285342624,12.0,52.0,182.0
2020-06-11,iv_miss,calibration rejected (iv_rmse=0.0270 > 0.02),0.027038403777470483,12.0,23.0,182.0
2020-06-12,pegged,calibration rejected (boundary-pegged),0.018764991265512634,12.0,24.0,181.0
2020-06-15,pegged,calibration rejected (boundary-pegged),0.019739220571289857,12.0,33.0,189.0
2020-06-16,pegged,calibration rejected (boundary-pegged),0.014826035739975919,12.0,38.0,184.0
2020-06-17,pegged,calibration rejected (boundary-pegged),0.011023138443001337,12.0,52.0,185.0
2020-06-18,pegged,calibration rejected (boundary-pegged),0.010340718000095306,12.0,40.0,181.0
2020-06-19,pegged,calibration rejected (boundary-pegged),0.01676143880085806,12.0,39.0,182.0
2020-06-22,pegged,calibration rejected (boundary-pegged),0.012909896923102225,12.0,50.0,186.0
2020-06-23,pegged,calibration rejected (boundary-pegged),0.009719704615170742,12.0,46.0,184.0
2020-06-24,pegged,calibration rejected (boundary-pegged),0.013943190106606081,12.0,47.0,186.0
2020-06-25,pegged,calibration rejected (boundary-pegged),0.014830677041955002,12.0,56.0,185.0
2020-06-26,pegged,calibration rejected (boundary-pegged),0.011705813134795493,12.0,44.0,184.0
2020-06-29,pegged,calibration rejected (boundary-pegged),0.014405361291201119,12.0,42.0,188.0
2020-06-30,pegged,calibration rejected (boundary-pegged),0.01416537104653478,12.0,45.0,185.0
2020-07-01,pegged,calibration rejected (boundary-pegged),0.009794432802494769,12.0,36.0,185.0
2020-07-02,pegged,calibration rejected (boundary-pegged),0.00965088236399047,12.0,43.0,185.0
2020-07-06,pegged,calibration rejected (boundary-pegged),0.007924696510249985,12.0,36.0,184.0
2020-07-07,pegged,calibration rejected (boundary-pegged),0.012997199493980226,12.0,51.0,185.0
2020-07-08,pegged,calibration rejected (boundary-pegged),0.009243175208960864,12.0,36.0,182.0
2020-07-09,pegged,calibration rejected (boundary-pegged),0.01790098593089202,12.0,41.0,182.0
2020-07-10,pegged,calibration rejected (boundary-pegged),0.011218189766221886,12.0,43.0,185.0
2020-07-13,pegged,calibration rejected (boundary-pegged),0.013026577069884812,12.0,40.0,185.0
2020-07-14,pegged,calibration rejected (boundary-pegged),0.01189560791658456,12.0,38.0,190.0
2020-07-15,pegged,calibration rejected (boundary-pegged),0.015123890124027553,12.0,52.0,178.0
2020-07-16,pegged,calibration rejected (boundary-pegged),0.011709385348705454,12.0,42.0,186.0
2020-07-17,pegged,calibration rejected (boundary-pegged),0.01093810892905989,12.0,47.0,186.0
2020-07-20,pegged,calibration rejected (boundary-pegged),0.008859472004140218,12.0,39.0,186.0
2020-07-22,pegged,calibration rejected (boundary-pegged),0.009603699476052111,12.0,38.0,185.0
2020-07-23,pegged,calibration rejected (boundary-pegged),0.011998063553500981,12.0,39.0,186.0
2020-07-24,pegged,calibration rejected (boundary-pegged),0.010222373510286601,12.0,41.0,187.0
2020-07-27,pegged,calibration rejected (boundary-pegged),0.017641846423917546,12.0,60.0,192.0
2020-07-28,pegged,calibration rejected (boundary-pegged),0.009958324472927967,12.0,37.0,186.0
2020-07-29,pegged,calibration rejected (boundary-pegged),0.01021037596142433,12.0,42.0,187.0
2020-07-30,iv_miss,calibration rejected (iv_rmse=0.0225 > 0.02),0.022522594563810713,12.0,40.0,186.0
2020-07-31,pegged,calibration rejected (boundary-pegged),0.009346778218966557,12.0,28.0,184.0
2020-08-04,pegged,calibration rejected (boundary-pegged),0.006800610516771208,12.0,40.0,185.0
2020-08-05,pegged,calibration rejected (boundary-pegged),0.007594735325379747,12.0,41.0,183.0
2020-08-06,pegged,calibration rejected (boundary-pegged),0.005776923699590483,12.0,32.0,184.0
2020-08-07,pegged,calibration rejected (boundary-pegged),0.007321622125266261,12.0,35.0,186.0
2020-08-11,pegged,calibration rejected (boundary-pegged),0.012491768316928841,12.0,34.0,184.0
2020-08-12,pegged,calibration rejected (boundary-pegged),0.00724434027253037,12.0,39.0,186.0
2020-08-13,pegged,calibration rejected (boundary-pegged),0.011307696500080322,12.0,48.0,185.0
2020-08-14,pegged,calibration rejected (boundary-pegged),0.007672181231348201,12.0,39.0,186.0
2020-08-17,pegged,calibration rejected (boundary-pegged),0.011631454198593133,12.0,53.0,188.0
2020-08-18,iv_miss,calibration rejected (iv_rmse=0.0245 > 0.02),0.024479414661408214,12.0,56.0,179.0
2020-08-19,pegged,calibration rejected (boundary-pegged),0.007752584538052444,12.0,46.0,187.0
2020-08-20,pegged,calibration rejected (boundary-pegged),0.013767935638289845,12.0,50.0,186.0
2020-08-21,pegged,calibration rejected (boundary-pegged),0.009504248266103984,12.0,45.0,185.0
2020-08-24,pegged,calibration rejected (boundary-pegged),0.008507688248612501,12.0,39.0,184.0
2020-08-27,pegged,calibration rejected (boundary-pegged),0.010087328731050123,12.0,34.0,183.0
2020-08-28,pegged,calibration rejected (boundary-pegged),0.012959305382114638,12.0,35.0,188.0
2020-08-31,pegged,calibration rejected (boundary-pegged),0.011569732329806804,12.0,42.0,183.0
2020-09-01,pegged,calibration rejected (boundary-pegged),0.009321979475926964,12.0,35.0,184.0
2020-09-02,pegged,calibration rejected (boundary-pegged),0.01242211032308629,12.0,35.0,185.0
2020-09-03,iv_miss,calibration rejected (iv_rmse=0.0247 > 0.02),0.02474887496665673,12.0,31.0,189.0
2020-09-04,iv_miss,calibration rejected (iv_rmse=0.0230 > 0.02),0.0230319066708193,12.0,35.0,184.0
2020-09-08,pegged,calibration rejected (boundary-pegged),0.01400511567799646,12.0,26.0,182.0
2020-09-09,pegged,calibration rejected (boundary-pegged),0.008929667284638202,12.0,35.0,183.0
2020-09-10,pegged,calibration rejected (boundary-pegged),0.01323685463774018,12.0,35.0,182.0
2020-09-11,pegged,calibration rejected (boundary-pegged),0.012033367849741515,12.0,39.0,183.0
2020-09-14,pegged,calibration rejected (boundary-pegged),0.010635955830394173,12.0,50.0,184.0
2020-09-15,pegged,calibration rejected (boundary-pegged),0.007918891678158589,12.0,40.0,184.0
2020-09-16,pegged,calibration rejected (boundary-pegged),0.01229949845161813,12.0,48.0,185.0
2020-09-17,pegged,calibration rejected (boundary-pegged),0.013784616127202267,12.0,43.0,185.0
2020-09-18,pegged,calibration rejected (boundary-pegged),0.00993884913446188,12.0,40.0,183.0
2020-09-21,pegged,calibration rejected (boundary-pegged),0.01180772997495965,12.0,27.0,185.0
2020-09-22,pegged,calibration rejected (boundary-pegged),0.017291468095304817,12.0,51.0,186.0
2020-09-23,pegged,calibration rejected (boundary-pegged),0.016084143690658168,12.0,40.0,189.0
2020-09-24,pegged,calibration rejected (boundary-pegged),0.017106115084895682,12.0,38.0,184.0
2020-09-25,pegged,calibration rejected (boundary-pegged),0.014849498162654387,12.0,42.0,187.0
2020-09-28,iv_miss,calibration rejected (iv_rmse=0.0207 > 0.02),0.020745416331707327,12.0,45.0,184.0
2020-09-29,pegged,calibration rejected (boundary-pegged),0.015480905236721857,12.0,54.0,188.0
2020-09-30,pegged,calibration rejected (boundary-pegged),0.013411197872829229,12.0,28.0,182.0
2020-10-01,pegged,calibration rejected (boundary-pegged),0.012522484389496777,12.0,39.0,185.0
2020-10-02,pegged,calibration rejected (boundary-pegged),0.014939312736011772,12.0,37.0,184.0
2020-10-05,pegged,calibration rejected (boundary-pegged),0.013371371449243477,12.0,42.0,185.0
2020-10-06,pegged,calibration rejected (boundary-pegged),0.012817369167347985,12.0,38.0,185.0
2020-10-07,pegged,calibration rejected (boundary-pegged),0.013824932159552841,12.0,43.0,183.0
2020-10-08,pegged,calibration rejected (boundary-pegged),0.010364889350439761,12.0,26.0,186.0
2020-10-09,pegged,calibration rejected (boundary-pegged),0.011176974133195426,12.0,34.0,183.0
2020-10-12,pegged,calibration rejected (boundary-pegged),0.009312176013279352,12.0,32.0,185.0
2020-10-13,pegged,calibration rejected (boundary-pegged),0.009372567060883076,12.0,34.0,184.0
2020-10-14,pegged,calibration rejected (boundary-pegged),0.012408507017829496,12.0,35.0,184.0
2020-10-15,pegged,calibration rejected (boundary-pegged),0.016649817194392826,12.0,42.0,186.0
2020-10-16,pegged,calibration rejected (boundary-pegged),0.017359801039955144,12.0,58.0,184.0
2020-10-19,pegged,calibration rejected (boundary-pegged),0.018122432292864123,12.0,43.0,181.0
2020-10-20,pegged,calibration rejected (boundary-pegged),0.01759079005032388,12.0,54.0,185.0
2020-10-21,pegged,calibration rejected (boundary-pegged),0.01424268642312871,12.0,58.0,188.0
2020-10-22,pegged,calibration rejected (boundary-pegged),0.017937392216924183,12.0,39.0,184.0
2020-10-23,pegged,calibration rejected (boundary-pegged),0.01731462783565583,12.0,46.0,188.0
2020-10-26,pegged,calibration rejected (boundary-pegged),0.01614945710661386,12.0,27.0,192.0
2020-10-27,pegged,calibration rejected (boundary-pegged),0.006427925690677789,12.0,49.0,184.0
2020-10-28,pegged,calibration rejected (boundary-pegged),0.017426027635340076,12.0,25.0,183.0
2020-10-29,pegged,calibration rejected (boundary-pegged),0.01927033206164549,12.0,48.0,189.0
2020-10-30,pegged,calibration rejected (boundary-pegged),0.011029461227456735,12.0,30.0,183.0
2020-11-02,pegged,calibration rejected (boundary-pegged),0.011833125032856535,12.0,44.0,188.0
2020-11-03,pegged,calibration rejected (boundary-pegged),0.010648841463249036,12.0,32.0,186.0
2020-11-04,pegged,calibration rejected (boundary-pegged),0.011510631974568107,12.0,36.0,186.0
2020-11-05,pegged,calibration rejected (boundary-pegged),0.0077497447268055995,12.0,40.0,184.0
2020-11-06,pegged,calibration rejected (boundary-pegged),0.008892042690017744,12.0,33.0,191.0
2020-11-09,pegged,calibration rejected (boundary-pegged),0.008379061315300989,12.0,19.0,181.0
2020-11-10,pegged,calibration rejected (boundary-pegged),0.008443988693687652,12.0,37.0,184.0
2020-11-11,pegged,calibration rejected (boundary-pegged),0.005932761073456176,12.0,36.0,182.0
2020-11-12,pegged,calibration rejected (boundary-pegged),0.010550662691478021,12.0,31.0,184.0
2020-11-13,pegged,calibration rejected (boundary-pegged),0.0067354628000304015,12.0,41.0,188.0
2020-11-16,pegged,calibration rejected (boundary-pegged),0.006300115137582744,12.0,33.0,186.0
2020-11-17,pegged,calibration rejected (boundary-pegged),0.009676216704746473,12.0,44.0,185.0
2020-11-18,pegged,calibration rejected (boundary-pegged),0.008899467194145805,12.0,40.0,183.0
2020-11-19,pegged,calibration rejected (boundary-pegged),0.006411604858835363,12.0,36.0,186.0
2020-11-20,pegged,calibration rejected (boundary-pegged),0.006867519549228935,12.0,33.0,182.0
2020-11-23,pegged,calibration rejected (boundary-pegged),0.0053535832209167765,12.0,30.0,183.0
2020-11-24,pegged,calibration rejected (boundary-pegged),0.0067496810963821275,12.0,45.0,184.0
2020-11-25,pegged,calibration rejected (boundary-pegged),0.006251571950707817,12.0,38.0,185.0
2020-11-27,pegged,calibration rejected (boundary-pegged),0.00560397747259442,12.0,43.0,184.0
2020-11-30,pegged,calibration rejected (boundary-pegged),0.00671008111242689,12.0,32.0,183.0
2020-12-01,pegged,calibration rejected (boundary-pegged),0.005327593296949539,12.0,34.0,185.0
2020-12-02,pegged,calibration rejected (boundary-pegged),0.007233125650465789,12.0,44.0,188.0
2020-12-03,pegged,calibration rejected (boundary-pegged),0.006787501224759621,12.0,35.0,185.0
2020-12-04,pegged,calibration rejected (boundary-pegged),0.00611638909407773,12.0,48.0,184.0
2020-12-07,pegged,calibration rejected (boundary-pegged),0.00986744489860642,12.0,45.0,182.0
2020-12-08,pegged,calibration rejected (boundary-pegged),0.009583162267654592,12.0,57.0,187.0
2020-12-09,pegged,calibration rejected (boundary-pegged),0.010219506590199464,12.0,47.0,183.0
2020-12-10,pegged,calibration rejected (boundary-pegged),0.007266356218766067,12.0,39.0,183.0
2020-12-11,pegged,calibration rejected (boundary-pegged),0.010334788387801963,12.0,44.0,185.0
2020-12-14,pegged,calibration rejected (boundary-pegged),0.00923530698574682,12.0,34.0,184.0
2020-12-15,pegged,calibration rejected (boundary-pegged),0.008052206221244588,12.0,32.0,181.0
2020-12-16,pegged,calibration rejected (boundary-pegged),0.007202729850687573,12.0,42.0,183.0
2020-12-17,pegged,calibration rejected (boundary-pegged),0.006559330118554742,12.0,37.0,186.0
2020-12-18,pegged,calibration rejected (boundary-pegged),0.014965221672866109,12.0,50.0,185.0
2020-12-21,pegged,calibration rejected (boundary-pegged),0.013823146277373403,12.0,39.0,187.0
2020-12-22,pegged,calibration rejected (boundary-pegged),0.009218654802389122,12.0,44.0,186.0
2020-12-23,pegged,calibration rejected (boundary-pegged),0.009844825891293287,12.0,40.0,183.0
2020-12-24,pegged,calibration rejected (boundary-pegged),0.01072064378818425,12.0,37.0,186.0
2020-12-28,pegged,calibration rejected (boundary-pegged),0.006665857388690466,12.0,39.0,183.0
2020-12-29,pegged,calibration rejected (boundary-pegged),0.006952957842607247,12.0,40.0,182.0
2020-12-30,pegged,calibration rejected (boundary-pegged),0.006719852708684574,12.0,51.0,188.0
2020-12-31,pegged,calibration rejected (boundary-pegged),0.00686199230166854,12.0,46.0,189.0
2021-01-04,pegged,calibration rejected (boundary-pegged),0.014701026799135574,12.0,28.0,181.0
2021-01-05,pegged,calibration rejected (boundary-pegged),0.008138016426315144,12.0,39.0,185.0
2021-01-06,pegged,calibration rejected (boundary-pegged),0.01225200299817944,12.0,33.0,183.0
2021-01-07,pegged,calibration rejected (boundary-pegged),0.005357237482911285,12.0,33.0,182.0
2021-01-08,pegged,calibration rejected (boundary-pegged),0.006545180261454575,12.0,37.0,182.0
2021-01-11,pegged,calibration rejected (boundary-pegged),0.007640796160484277,12.0,47.0,184.0
2021-01-12,pegged,calibration rejected (boundary-pegged),0.007731606168166672,12.0,33.0,183.0
2021-01-13,pegged,calibration rejected (boundary-pegged),0.010649524798576268,12.0,45.0,183.0
2021-01-14,pegged,calibration rejected (boundary-pegged),0.007408003653701373,12.0,40.0,185.0
2021-01-15,pegged,calibration rejected (boundary-pegged),0.008922085619201296,12.0,36.0,186.0
2021-01-19,pegged,calibration rejected (boundary-pegged),0.005847603011247151,12.0,43.0,183.0
2021-01-20,pegged,calibration rejected (boundary-pegged),0.005508910234190174,12.0,32.0,190.0
2021-01-21,pegged,calibration rejected (boundary-pegged),0.006887257968188477,12.0,45.0,184.0
2021-01-22,pegged,calibration rejected (boundary-pegged),0.00721676687950958,12.0,37.0,184.0
2021-01-25,pegged,calibration rejected (boundary-pegged),0.01001211261941004,12.0,26.0,188.0
2021-01-26,pegged,calibration rejected (boundary-pegged),0.007176061504539055,12.0,43.0,184.0
2021-01-27,pegged,calibration rejected (boundary-pegged),0.019927634397959495,12.0,40.0,184.0
2021-01-28,pegged,calibration rejected (boundary-pegged),0.013390557103122662,12.0,47.0,183.0
2021-01-29,pegged,calibration rejected (boundary-pegged),0.015848745251372368,12.0,31.0,183.0
2021-02-01,pegged,calibration rejected (boundary-pegged),0.01473450675717993,12.0,30.0,181.0
2021-02-02,pegged,calibration rejected (boundary-pegged),0.008476613625143585,12.0,28.0,185.0
2021-02-03,pegged,calibration rejected (boundary-pegged),0.009319939135974481,12.0,36.0,183.0
2021-02-04,pegged,calibration rejected (boundary-pegged),0.005877370189794954,12.0,31.0,188.0
2021-02-05,pegged,calibration rejected (boundary-pegged),0.005338354886807446,12.0,36.0,185.0
2021-02-08,pegged,calibration rejected (boundary-pegged),0.0049972259419065294,12.0,39.0,182.0
2021-02-09,pegged,calibration rejected (boundary-pegged),0.004034568761048282,12.0,31.0,188.0
2021-02-10,pegged,calibration rejected (boundary-pegged),0.007735567954374644,12.0,41.0,183.0
2021-02-11,pegged,calibration rejected (boundary-pegged),0.00670186900276778,12.0,47.0,183.0
2021-02-12,pegged,calibration rejected (boundary-pegged),0.004415590483874095,12.0,33.0,187.0
2021-02-16,iv_miss,calibration rejected (iv_rmse=0.4393 > 0.02),0.439297418997421,12.0,33.0,184.0
2021-02-17,iv_miss,calibration rejected (iv_rmse=0.4370 > 0.02),0.43702046376550996,12.0,41.0,183.0
2021-02-18,iv_miss,calibration rejected (iv_rmse=0.4181 > 0.02),0.418078113697501,12.0,34.0,182.0
2021-02-19,iv_miss,calibration rejected (iv_rmse=0.2981 > 0.02),0.2980826096781598,12.0,39.0,184.0
2021-02-22,iv_miss,calibration rejected (iv_rmse=0.2454 > 0.02),0.24544931534972753,12.0,33.0,184.0
2021-02-23,iv_miss,calibration rejected (iv_rmse=0.1416 > 0.02),0.14156723611034136,12.0,39.0,184.0
2021-02-24,iv_miss,calibration rejected (iv_rmse=0.2719 > 0.02),0.2718520046572909,12.0,32.0,184.0
2021-02-25,iv_miss,calibration rejected (iv_rmse=0.2442 > 0.02),0.24422160139425395,12.0,27.0,183.0
2021-02-26,iv_miss,calibration rejected (iv_rmse=0.2293 > 0.02),0.22927836718523842,12.0,32.0,185.0
2021-03-01,iv_miss,calibration rejected (iv_rmse=0.3415 > 0.02),0.34150671806693345,12.0,35.0,182.0
2021-03-02,iv_miss,calibration rejected (iv_rmse=0.1714 > 0.02),0.1713591590417687,12.0,47.0,184.0
2021-03-03,iv_miss,calibration rejected (iv_rmse=0.2627 > 0.02),0.2626932717933119,12.0,42.0,186.0
2021-03-04,iv_miss,calibration rejected (iv_rmse=0.3229 > 0.02),0.3228521106889209,12.0,40.0,188.0
2021-03-05,iv_miss,calibration rejected (iv_rmse=0.3903 > 0.02),0.39027498364565083,12.0,31.0,184.0
2021-03-08,iv_miss,calibration rejected (iv_rmse=0.1727 > 0.02),0.1727333472952426,12.0,39.0,191.0
2021-03-09,iv_miss,calibration rejected (iv_rmse=0.1863 > 0.02),0.1863481851821804,12.0,49.0,183.0
2021-03-10,iv_miss,calibration rejected (iv_rmse=0.2186 > 0.02),0.21863402519890004,12.0,43.0,186.0
2021-03-11,iv_miss,calibration rejected (iv_rmse=0.3639 > 0.02),0.363933235804505,12.0,27.0,182.0
2021-03-12,iv_miss,calibration rejected (iv_rmse=0.3677 > 0.02),0.3676941880017283,12.0,35.0,183.0
2021-03-15,iv_miss,calibration rejected (iv_rmse=0.3841 > 0.02),0.384140118763754,12.0,45.0,183.0
2021-03-16,iv_miss,calibration rejected (iv_rmse=0.3081 > 0.02),0.308100206075198,12.0,29.0,183.0
2021-03-17,iv_miss,calibration rejected (iv_rmse=0.5021 > 0.02),0.5021114273586185,12.0,41.0,188.0
2021-03-18,iv_miss,calibration rejected (iv_rmse=0.4946 > 0.02),0.4945812079106463,12.0,37.0,183.0
2021-03-19,iv_miss,calibration rejected (iv_rmse=0.2322 > 0.02),0.2321853732853773,12.0,33.0,182.0
2021-03-22,iv_miss,calibration rejected (iv_rmse=0.1904 > 0.02),0.19040513719540744,12.0,32.0,184.0
2021-03-23,iv_miss,calibration rejected (iv_rmse=0.0950 > 0.02),0.09497865823367314,12.0,31.0,185.0
2021-03-24,iv_miss,calibration rejected (iv_rmse=0.3816 > 0.02),0.38155090195846836,12.0,48.0,184.0
2021-03-25,iv_miss,calibration rejected (iv_rmse=0.1392 > 0.02),0.1392465581798324,12.0,35.0,184.0
2021-03-26,iv_miss,calibration rejected (iv_rmse=0.3549 > 0.02),0.3549481270152736,12.0,45.0,183.0
2021-03-29,iv_miss,calibration rejected (iv_rmse=0.2893 > 0.02),0.28929434125421805,12.0,34.0,183.0
2021-03-30,iv_miss,calibration rejected (iv_rmse=0.2704 > 0.02),0.27042591431008506,12.0,36.0,187.0
2021-03-31,iv_miss,calibration rejected (iv_rmse=0.2191 > 0.02),0.21912665585510588,12.0,29.0,186.0
2021-04-01,iv_miss,calibration rejected (iv_rmse=0.1597 > 0.02),0.15967882810905834,12.0,29.0,183.0
2021-04-05,iv_miss,calibration rejected (iv_rmse=0.2201 > 0.02),0.22010386307093385,12.0,41.0,188.0
2021-04-06,iv_miss,calibration rejected (iv_rmse=0.1545 > 0.02),0.15445730367514507,12.0,54.0,186.0
2021-04-07,iv_miss,calibration rejected (iv_rmse=0.2365 > 0.02),0.23646278550119162,12.0,39.0,190.0
2021-04-08,iv_miss,calibration rejected (iv_rmse=0.0657 > 0.02),0.06568352985149589,12.0,46.0,190.0
2021-04-09,iv_miss,calibration rejected (iv_rmse=0.1588 > 0.02),0.1587651332225021,12.0,29.0,181.0
2021-04-12,iv_miss,calibration rejected (iv_rmse=0.3866 > 0.02),0.38660693205842783,12.0,39.0,186.0
2021-04-13,iv_miss,calibration rejected (iv_rmse=0.2041 > 0.02),0.20411483864171834,12.0,33.0,185.0
2021-04-14,iv_miss,calibration rejected (iv_rmse=0.0645 > 0.02),0.06446561398193378,12.0,32.0,184.0
2021-04-15,iv_miss,calibration rejected (iv_rmse=0.2041 > 0.02),0.204098499590215,12.0,29.0,182.0
2021-04-16,iv_miss,calibration rejected (iv_rmse=0.1733 > 0.02),0.173311240193781,12.0,30.0,183.0
2021-04-19,iv_miss,calibration rejected (iv_rmse=0.1256 > 0.02),0.12557657445644277,12.0,30.0,185.0
2021-04-20,iv_miss,calibration rejected (iv_rmse=0.1858 > 0.02),0.18582183536865685,12.0,27.0,182.0
2021-04-21,iv_miss,calibration rejected (iv_rmse=0.1676 > 0.02),0.16759377279227036,12.0,46.0,185.0
2021-04-22,iv_miss,calibration rejected (iv_rmse=0.2148 > 0.02),0.21482750330700043,12.0,32.0,189.0
2021-04-23,iv_miss,calibration rejected (iv_rmse=0.1718 > 0.02),0.1718460192782216,12.0,35.0,181.0
2021-04-26,iv_miss,calibration rejected (iv_rmse=0.3002 > 0.02),0.300210320711452,12.0,37.0,184.0
2021-04-27,iv_miss,calibration rejected (iv_rmse=0.3070 > 0.02),0.30696645605478373,12.0,47.0,185.0
2021-04-28,iv_miss,calibration rejected (iv_rmse=0.0830 > 0.02),0.083019409722371,12.0,36.0,184.0
2021-04-29,iv_miss,calibration rejected (iv_rmse=0.4302 > 0.02),0.4302341607010305,12.0,47.0,186.0
2021-04-30,iv_miss,calibration rejected (iv_rmse=0.2109 > 0.02),0.21094622242732136,12.0,30.0,182.0
2021-05-03,iv_miss,calibration rejected (iv_rmse=0.2532 > 0.02),0.25318880688168616,12.0,44.0,183.0
2021-05-04,pegged,calibration rejected (boundary-pegged),0.007746267042185887,12.0,21.0,185.0
2021-05-05,pegged,calibration rejected (boundary-pegged),0.0050800108283036004,12.0,37.0,183.0
2021-05-06,pegged,calibration rejected (boundary-pegged),0.0068103956441235725,12.0,24.0,181.0
2021-05-07,pegged,calibration rejected (boundary-pegged),0.003936931654148825,12.0,29.0,184.0
2021-05-10,pegged,calibration rejected (boundary-pegged),0.006970149834951351,12.0,29.0,183.0
2021-05-11,pegged,calibration rejected (boundary-pegged),0.00764706984388973,12.0,22.0,190.0
2021-05-12,pegged,calibration rejected (boundary-pegged),0.012541371230249836,12.0,24.0,183.0
2021-05-13,pegged,calibration rejected (boundary-pegged),0.00690240274768605,12.0,36.0,184.0
2021-05-14,pegged,calibration rejected (boundary-pegged),0.005150152316835305,12.0,30.0,184.0
2021-05-17,pegged,calibration rejected (boundary-pegged),0.007069032232239962,12.0,40.0,185.0
2021-05-18,pegged,calibration rejected (boundary-pegged),0.005747746478577986,12.0,29.0,183.0
2021-05-19,pegged,calibration rejected (boundary-pegged),0.01097724067383306,12.0,24.0,187.0
2021-05-20,pegged,calibration rejected (boundary-pegged),0.006763946322767756,12.0,20.0,182.0
2021-05-21,pegged,calibration rejected (boundary-pegged),0.0058030508113143114,12.0,36.0,185.0
2021-05-24,pegged,calibration rejected (boundary-pegged),0.004984745840382984,12.0,30.0,182.0
2021-05-25,pegged,calibration rejected (boundary-pegged),0.005515686692051887,12.0,40.0,183.0
2021-05-26,pegged,calibration rejected (boundary-pegged),0.005978628675790224,12.0,38.0,184.0
2021-05-27,pegged,calibration rejected (boundary-pegged),0.0048036861241279455,12.0,39.0,182.0
2021-05-28,pegged,calibration rejected (boundary-pegged),0.004742609960803882,12.0,35.0,187.0
2021-06-01,pegged,calibration rejected (boundary-pegged),0.00488416111021187,12.0,31.0,190.0
2021-06-03,pegged,calibration rejected (boundary-pegged),0.0065024801953506624,12.0,47.0,183.0
2021-06-04,pegged,calibration rejected (boundary-pegged),0.0059416729047743495,12.0,37.0,181.0
2021-06-07,pegged,calibration rejected (boundary-pegged),0.0030891628344801476,12.0,29.0,187.0
2021-06-08,pegged,calibration rejected (boundary-pegged),0.004443356441349605,12.0,40.0,181.0
2021-06-16,iv_miss,calibration rejected (iv_rmse=0.0399 > 0.02),0.03986192576321937,12.0,27.0,183.0
2021-06-17,pegged,calibration rejected (boundary-pegged),0.00518797462325898,12.0,29.0,182.0
2021-06-18,pegged,calibration rejected (boundary-pegged),0.00481586476256696,12.0,30.0,184.0
2021-06-21,pegged,calibration rejected (boundary-pegged),0.00905047407780151,12.0,30.0,185.0
2021-06-22,pegged,calibration rejected (boundary-pegged),0.004398343959637701,12.0,29.0,192.0
2021-06-23,pegged,calibration rejected (boundary-pegged),0.003582793589513745,12.0,38.0,181.0
2021-06-24,pegged,calibration rejected (boundary-pegged),0.002457165182101235,12.0,32.0,183.0
2021-06-25,pegged,calibration rejected (boundary-pegged),0.0036532852956082966,12.0,36.0,182.0
2021-06-28,pegged,calibration rejected (boundary-pegged),0.003217422314344004,12.0,28.0,184.0
2021-06-29,pegged,calibration rejected (boundary-pegged),0.0029160503569728067,12.0,30.0,182.0
2021-06-30,pegged,calibration rejected (boundary-pegged),0.003364992350063641,12.0,33.0,182.0
2021-07-01,pegged,calibration rejected (boundary-pegged),0.003268593246744608,12.0,30.0,184.0
2021-07-02,pegged,calibration rejected (boundary-pegged),0.0027618367811162287,12.0,28.0,182.0
2021-07-06,pegged,calibration rejected (boundary-pegged),0.005066972747829946,12.0,29.0,183.0
2021-07-07,pegged,calibration rejected (boundary-pegged),0.0042787052578291615,12.0,29.0,189.0
2021-07-08,pegged,calibration rejected (boundary-pegged),0.0076326444968829186,12.0,34.0,180.0
2021-07-09,pegged,calibration rejected (boundary-pegged),0.004577422866627731,12.0,36.0,183.0
2021-07-12,pegged,calibration rejected (boundary-pegged),0.0028448971407460384,12.0,34.0,182.0
2021-07-14,pegged,calibration rejected (boundary-pegged),0.006452423240173078,12.0,34.0,184.0
2021-07-15,pegged,calibration rejected (boundary-pegged),0.004706369484443667,12.0,25.0,185.0
2021-07-16,pegged,calibration rejected (boundary-pegged),0.008321188272858248,12.0,30.0,182.0
2021-07-19,pegged,calibration rejected (boundary-pegged),0.00979379415698319,12.0,28.0,184.0
2021-07-20,pegged,calibration rejected (boundary-pegged),0.008145722041013902,12.0,21.0,181.0
2021-07-21,pegged,calibration rejected (boundary-pegged),0.004969523657628618,12.0,37.0,182.0
2021-07-22,pegged,calibration rejected (boundary-pegged),0.004481227445756387,12.0,31.0,186.0
2021-07-23,pegged,calibration rejected (boundary-pegged),0.0032664862143629405,12.0,21.0,181.0
2021-07-26,pegged,calibration rejected (boundary-pegged),0.002884993065643831,12.0,26.0,184.0
2021-07-27,pegged,calibration rejected (boundary-pegged),0.0054087102067206,12.0,23.0,182.0
2021-07-28,iv_miss,calibration rejected (iv_rmse=0.0373 > 0.02),0.03731451477589389,12.0,52.0,186.0
2021-07-29,pegged,calibration rejected (boundary-pegged),0.00346119154436357,12.0,31.0,183.0
2021-07-30,pegged,calibration rejected (boundary-pegged),0.005330607471811949,12.0,37.0,181.0
2021-08-02,pegged,calibration rejected (boundary-pegged),0.005056092355937973,12.0,21.0,184.0
2021-08-03,pegged,calibration rejected (boundary-pegged),0.008780618982608747,12.0,22.0,182.0
2021-08-04,pegged,calibration rejected (boundary-pegged),0.0058436952321839625,12.0,37.0,182.0
2021-08-05,pegged,calibration rejected (boundary-pegged),0.0024975825981276675,12.0,31.0,181.0
2021-08-06,pegged,calibration rejected (boundary-pegged),0.0032255784248047944,12.0,25.0,183.0
2021-08-09,pegged,calibration rejected (boundary-pegged),0.005291155401071719,12.0,37.0,185.0
2021-08-10,pegged,calibration rejected (boundary-pegged),0.006069472107824471,12.0,42.0,187.0
2021-08-11,pegged,calibration rejected (boundary-pegged),0.0032924721108707204,12.0,32.0,183.0
2021-08-12,pegged,calibration rejected (boundary-pegged),0.004848590887002307,12.0,42.0,181.0
2021-08-13,pegged,calibration rejected (boundary-pegged),0.004815151842097281,12.0,40.0,184.0
2021-08-16,pegged,calibration rejected (boundary-pegged),0.005347678537758521,12.0,19.0,181.0
2021-08-18,pegged,calibration rejected (boundary-pegged),0.011577195947743327,12.0,41.0,183.0
2021-08-19,pegged,calibration rejected (boundary-pegged),0.00934576428651543,12.0,24.0,181.0
2021-08-20,pegged,calibration rejected (boundary-pegged),0.011385514047353931,12.0,22.0,181.0
2021-08-24,pegged,calibration rejected (boundary-pegged),0.004681032610782462,12.0,41.0,184.0
2021-08-25,pegged,calibration rejected (boundary-pegged),0.0032352762511722415,12.0,37.0,183.0
2021-08-27,pegged,calibration rejected (boundary-pegged),0.004725421026988842,12.0,27.0,181.0
2021-08-30,pegged,calibration rejected (boundary-pegged),0.0036021166466177266,12.0,27.0,182.0
2021-08-31,pegged,calibration rejected (boundary-pegged),0.006128657672283565,12.0,47.0,182.0
2021-09-01,pegged,calibration rejected (boundary-pegged),0.0031657899384935767,12.0,30.0,182.0
2021-09-02,pegged,calibration rejected (boundary-pegged),0.0047925897699480574,12.0,38.0,183.0
2021-09-03,pegged,calibration rejected (boundary-pegged),0.004388265613191791,12.0,31.0,183.0
2021-09-07,pegged,calibration rejected (boundary-pegged),0.004046821414657846,12.0,42.0,182.0
2021-09-08,pegged,calibration rejected (boundary-pegged),0.004763856207194627,12.0,32.0,182.0
2021-09-09,pegged,calibration rejected (boundary-pegged),0.008609775528934821,12.0,40.0,183.0
2021-09-10,pegged,calibration rejected (boundary-pegged),0.010660068174254871,12.0,21.0,180.0
2021-09-13,pegged,calibration rejected (boundary-pegged),0.009713365743075464,12.0,21.0,182.0
2021-09-14,pegged,calibration rejected (boundary-pegged),0.007765022747298043,12.0,29.0,183.0
2021-09-15,pegged,calibration rejected (boundary-pegged),0.009723270601528184,12.0,38.0,183.0
2021-09-17,pegged,calibration rejected (boundary-pegged),0.005953179025501563,12.0,28.0,181.0
2021-09-20,pegged,calibration rejected (boundary-pegged),0.014732038471884862,12.0,17.0,182.0
2021-09-21,pegged,calibration rejected (boundary-pegged),0.008802700256598454,12.0,32.0,181.0
2021-09-22,pegged,calibration rejected (boundary-pegged),0.008273974570390918,12.0,34.0,184.0
2021-09-23,pegged,calibration rejected (boundary-pegged),0.0037265097511765834,12.0,29.0,182.0
2021-09-24,pegged,calibration rejected (boundary-pegged),0.0062408394244244415,12.0,38.0,184.0
2021-09-27,pegged,calibration rejected (boundary-pegged),0.004023731558533587,12.0,29.0,184.0
2021-09-28,pegged,calibration rejected (boundary-pegged),0.009060080641495539,12.0,28.0,190.0
2021-09-29,pegged,calibration rejected (boundary-pegged),0.006987833796322147,12.0,31.0,182.0
2021-09-30,pegged,calibration rejected (boundary-pegged),0.008769467382990564,12.0,37.0,186.0
2021-10-01,pegged,calibration rejected (boundary-pegged),0.011555918671567475,12.0,41.0,186.0
2021-10-04,pegged,calibration rejected (boundary-pegged),0.007622879153485679,12.0,34.0,183.0
2021-10-05,pegged,calibration rejected (boundary-pegged),0.005901967371844219,12.0,25.0,183.0
2021-10-06,pegged,calibration rejected (boundary-pegged),0.008504536697983282,12.0,29.0,182.0
2021-10-07,pegged,calibration rejected (boundary-pegged),0.0039129416375168835,12.0,24.0,186.0
2021-10-08,pegged,calibration rejected (boundary-pegged),0.0047437354112177315,12.0,35.0,181.0
2021-10-11,pegged,calibration rejected (boundary-pegged),0.0076470593003786155,12.0,26.0,180.0
2021-10-12,pegged,calibration rejected (boundary-pegged),0.004617442522000284,12.0,29.0,185.0
2021-10-13,pegged,calibration rejected (boundary-pegged),0.006454822955377711,12.0,27.0,182.0
2021-10-15,pegged,calibration rejected (boundary-pegged),0.0035242607359625973,12.0,28.0,182.0
2021-10-18,pegged,calibration rejected (boundary-pegged),0.00411486707166087,12.0,27.0,181.0
2021-10-19,pegged,calibration rejected (boundary-pegged),0.003346640265478865,12.0,38.0,183.0
2021-10-20,pegged,calibration rejected (boundary-pegged),0.0026721276312460032,12.0,24.0,182.0
2021-10-21,pegged,calibration rejected (boundary-pegged),0.004007796739932287,12.0,33.0,184.0
2021-10-22,pegged,calibration rejected (boundary-pegged),0.004711119705671683,12.0,21.0,181.0
2021-10-25,pegged,calibration rejected (boundary-pegged),0.003208804306242736,12.0,31.0,183.0
2021-10-26,no_trades,no trades after IV/DTM filter,,,,
2021-10-27,pegged,calibration rejected (boundary-pegged),0.0042982843865927685,12.0,26.0,183.0
2021-10-28,pegged,calibration rejected (boundary-pegged),0.0030785554965436497,12.0,32.0,183.0
2021-10-29,pegged,calibration rejected (boundary-pegged),0.005310244265635835,12.0,17.0,180.0
2021-11-03,pegged,calibration rejected (boundary-pegged),0.004318490520476441,12.0,39.0,183.0
2021-11-04,pegged,calibration rejected (boundary-pegged),0.003736359821023041,12.0,20.0,182.0
2021-11-05,pegged,calibration rejected (boundary-pegged),0.004591262855976707,12.0,28.0,184.0
2021-11-08,pegged,calibration rejected (boundary-pegged),0.0043714730822792215,12.0,43.0,186.0
2021-11-10,pegged,calibration rejected (boundary-pegged),0.00759838033967742,12.0,20.0,181.0
2021-11-12,pegged,calibration rejected (boundary-pegged),0.004914624881814749,12.0,34.0,182.0
2021-11-15,pegged,calibration rejected (boundary-pegged),0.0048210990168171776,12.0,35.0,182.0
2021-11-16,pegged,calibration rejected (boundary-pegged),0.0048024366309974845,12.0,43.0,184.0
2021-11-17,pegged,calibration rejected (boundary-pegged),0.005420279242213346,12.0,39.0,192.0
2021-11-18,pegged,calibration rejected (boundary-pegged),0.012288815430080932,12.0,47.0,192.0
2021-11-19,pegged,calibration rejected (boundary-pegged),0.005096354140446273,12.0,27.0,181.0
2021-11-22,pegged,calibration rejected (boundary-pegged),0.007389384296091934,12.0,30.0,183.0
2021-11-23,pegged,calibration rejected (boundary-pegged),0.006979306069842322,12.0,29.0,182.0
2021-11-24,pegged,calibration rejected (boundary-pegged),0.009349164429247986,12.0,43.0,186.0
2021-11-26,pegged,calibration rejected (boundary-pegged),0.007792881275153067,12.0,30.0,186.0
2021-11-29,pegged,calibration rejected (boundary-pegged),0.009987162580603356,12.0,32.0,184.0
2021-12-01,iv_miss,calibration rejected (iv_rmse=0.0210 > 0.02),0.021031355961421583,12.0,34.0,183.0
2021-12-02,pegged,calibration rejected (boundary-pegged),0.00830252631785557,12.0,25.0,184.0
2021-12-03,pegged,calibration rejected (boundary-pegged),0.017769961976164404,12.0,22.0,182.0
2021-12-06,pegged,calibration rejected (boundary-pegged),0.011125835891759766,12.0,33.0,184.0
2021-12-07,pegged,calibration rejected (boundary-pegged),0.005207585834947343,12.0,38.0,186.0
2021-12-08,pegged,calibration rejected (boundary-pegged),0.0062642979141474065,12.0,49.0,183.0
2021-12-09,pegged,calibration rejected (boundary-pegged),0.005745683744093241,12.0,35.0,185.0
2021-12-10,pegged,calibration rejected (boundary-pegged),0.007079489379501917,12.0,34.0,182.0
2021-12-13,pegged,calibration rejected (boundary-pegged),0.0069364880763855725,12.0,39.0,186.0
2021-12-15,pegged,calibration rejected (boundary-pegged),0.016662957782919,12.0,22.0,181.0
2021-12-16,pegged,calibration rejected (boundary-pegged),0.010191688911137593,12.0,27.0,181.0
2021-12-17,pegged,calibration rejected (boundary-pegged),0.007403288341573342,12.0,31.0,184.0
2021-12-20,pegged,calibration rejected (boundary-pegged),0.008426992223203512,12.0,27.0,183.0
2021-12-21,pegged,calibration rejected (boundary-pegged),0.008701190298650735,12.0,24.0,184.0
2021-12-22,pegged,calibration rejected (boundary-pegged),0.007254904119534564,12.0,46.0,185.0
2021-12-23,pegged,calibration rejected (boundary-pegged),0.004407209712516141,12.0,33.0,181.0
2021-12-27,pegged,calibration rejected (boundary-pegged),0.004341329621727629,12.0,27.0,182.0
2021-12-28,pegged,calibration rejected (boundary-pegged),0.0033702802642651655,12.0,35.0,191.0
2021-12-29,pegged,calibration rejected (boundary-pegged),0.004265525838321279,12.0,32.0,183.0
2021-12-30,pegged,calibration rejected (boundary-pegged),0.0027638571442976435,12.0,29.0,181.0
2021-12-31,pegged,calibration rejected (boundary-pegged),0.004783581419916417,12.0,36.0,183.0
2022-01-03,pegged,calibration rejected (boundary-pegged),0.003968422753293413,12.0,24.0,182.0
2022-01-05,pegged,calibration rejected (boundary-pegged),0.008992810901422668,12.0,26.0,183.0
2022-01-06,pegged,calibration rejected (boundary-pegged),0.005253375614227875,12.0,23.0,182.0
2022-01-07,pegged,calibration rejected (boundary-pegged),0.006358871665150646,12.0,25.0,184.0
2022-01-10,pegged,calibration rejected (boundary-pegged),0.012335169163848638,12.0,17.0,180.0
2022-01-11,pegged,calibration rejected (boundary-pegged),0.008935182535555738,12.0,31.0,180.0
2022-01-12,pegged,calibration rejected (boundary-pegged),0.006211936692749182,12.0,37.0,183.0
2022-01-13,pegged,calibration rejected (boundary-pegged),0.009261417104588403,12.0,22.0,183.0
2022-01-14,pegged,calibration rejected (boundary-pegged),0.008003272249977007,12.0,31.0,184.0
2022-01-18,pegged,calibration rejected (boundary-pegged),0.004430797404459319,12.0,32.0,183.0
2022-01-24,pegged,calibration rejected (boundary-pegged),0.018829537445717286,12.0,20.0,183.0
2022-01-25,pegged,calibration rejected (boundary-pegged),0.013734881199871157,12.0,30.0,185.0
2022-01-26,pegged,calibration rejected (boundary-pegged),0.0128272400785191,12.0,31.0,187.0
2022-01-27,pegged,calibration rejected (boundary-pegged),0.010100024417012942,12.0,31.0,183.0
2022-01-28,pegged,calibration rejected (boundary-pegged),0.013298259657317745,12.0,24.0,182.0
2022-01-31,pegged,calibration rejected (boundary-pegged),0.008257104856124273,12.0,37.0,183.0
2022-02-02,pegged,calibration rejected (boundary-pegged),0.00481705729901862,12.0,24.0,184.0
2022-02-03,pegged,calibration rejected (boundary-pegged),0.009513392806713357,12.0,40.0,184.0
2022-02-04,pegged,calibration rejected (boundary-pegged),0.011196668014922808,12.0,25.0,186.0
2022-02-07,pegged,calibration rejected (boundary-pegged),0.007307108921252565,12.0,36.0,185.0
2022-02-08,pegged,calibration rejected (boundary-pegged),0.007554761684039094,12.0,42.0,183.0
2022-02-09,pegged,calibration rejected (boundary-pegged),0.004601170286984863,12.0,35.0,185.0
2022-02-11,pegged,calibration rejected (boundary-pegged),0.01967423336516399,12.0,20.0,183.0
2022-02-14,pegged,calibration rejected (boundary-pegged),0.007706251716048878,12.0,30.0,184.0
2022-02-15,pegged,calibration rejected (boundary-pegged),0.0068025395037556065,12.0,29.0,184.0
2022-02-16,pegged,calibration rejected (boundary-pegged),0.01146232445613343,12.0,31.0,185.0
2022-02-17,pegged,calibration rejected (boundary-pegged),0.007736670276485353,12.0,39.0,183.0
2022-02-18,pegged,calibration rejected (boundary-pegged),0.0072440498940322395,12.0,30.0,183.0
2022-02-24,pegged,calibration rejected (boundary-pegged),0.017603521865485052,12.0,34.0,184.0
2022-02-25,pegged,calibration rejected (boundary-pegged),0.009783458447920671,12.0,34.0,184.0
2022-03-02,pegged,calibration rejected (boundary-pegged),0.008513497042207167,12.0,25.0,185.0
2022-03-03,pegged,calibration rejected (boundary-pegged),0.00917695864390676,12.0,32.0,186.0
2022-03-04,pegged,calibration rejected (boundary-pegged),0.009529946504741017,12.0,30.0,183.0
2022-03-08,pegged,calibration rejected (boundary-pegged),0.011423449852379522,12.0,34.0,190.0
2022-03-10,pegged,calibration rejected (boundary-pegged),0.008097116699957316,12.0,31.0,183.0
2022-03-11,pegged,calibration rejected (boundary-pegged),0.007416700555959291,12.0,29.0,182.0
2022-03-16,pegged,calibration rejected (boundary-pegged),0.00830649309307242,12.0,29.0,182.0
2022-03-17,pegged,calibration rejected (boundary-pegged),0.00771900212256675,12.0,35.0,181.0
2022-03-18,pegged,calibration rejected (boundary-pegged),0.006637890321345937,12.0,27.0,184.0
2022-03-22,pegged,calibration rejected (boundary-pegged),0.003772101730088012,12.0,34.0,183.0
2022-03-24,pegged,calibration rejected (boundary-pegged),0.006855259752863073,12.0,34.0,183.0
2022-03-25,pegged,calibration rejected (boundary-pegged),0.005317113291518926,12.0,32.0,186.0
2022-03-28,pegged,calibration rejected (boundary-pegged),0.008371658097743243,12.0,33.0,183.0
2022-03-29,pegged,calibration rejected (boundary-pegged),0.0034913389872873067,12.0,29.0,183.0
2022-03-30,pegged,calibration rejected (boundary-pegged),0.004382046331310235,12.0,46.0,184.0
2022-03-31,pegged,calibration rejected (boundary-pegged),0.004652021754976901,12.0,34.0,187.0
2022-04-01,pegged,calibration rejected (boundary-pegged),0.005508658395485591,12.0,32.0,183.0
2022-04-04,pegged,calibration rejected (boundary-pegged),0.005339770454664869,12.0,34.0,186.0
2022-04-05,pegged,calibration rejected (boundary-pegged),0.006525484801108193,12.0,41.0,185.0
2022-04-06,pegged,calibration rejected (boundary-pegged),0.007472372761922487,12.0,30.0,186.0
2022-04-07,pegged,calibration rejected (boundary-pegged),0.006819293974033834,12.0,33.0,182.0
2022-04-08,pegged,calibration rejected (boundary-pegged),0.011941961170624175,12.0,55.0,184.0
2022-04-11,pegged,calibration rejected (boundary-pegged),0.005583704874030512,12.0,36.0,183.0
2022-04-12,pegged,calibration rejected (boundary-pegged),0.009110857441044147,12.0,32.0,182.0
2022-04-13,pegged,calibration rejected (boundary-pegged),0.007514180860933144,12.0,31.0,187.0
2022-04-14,pegged,calibration rejected (boundary-pegged),0.007476463650038656,12.0,32.0,183.0
2022-04-18,pegged,calibration rejected (boundary-pegged),0.005213492676233711,12.0,27.0,183.0
2022-04-19,pegged,calibration rejected (boundary-pegged),0.007538173545275701,12.0,31.0,185.0
2022-04-20,pegged,calibration rejected (boundary-pegged),0.005381584974376366,12.0,40.0,188.0
2022-04-21,pegged,calibration rejected (boundary-pegged),0.010994717145660882,12.0,34.0,183.0
2022-04-22,pegged,calibration rejected (boundary-pegged),0.013395850482142957,12.0,23.0,191.0
2022-04-25,pegged,calibration rejected (boundary-pegged),0.00919370720307503,12.0,24.0,184.0
2022-04-26,pegged,calibration rejected (boundary-pegged),0.008852959118233392,12.0,29.0,182.0
2022-04-27,pegged,calibration rejected (boundary-pegged),0.008123247846555066,12.0,33.0,184.0
2022-04-28,pegged,calibration rejected (boundary-pegged),0.009972362527471865,12.0,28.0,184.0
2022-05-02,pegged,calibration rejected (boundary-pegged),0.008460515136299302,12.0,24.0,183.0
2022-05-03,pegged,calibration rejected (boundary-pegged),0.005047069765930143,12.0,39.0,189.0
2022-05-04,pegged,calibration rejected (boundary-pegged),0.014519092589617784,12.0,29.0,185.0
2022-05-05,pegged,calibration rejected (boundary-pegged),0.014420246653150497,12.0,33.0,183.0
2022-05-06,pegged,calibration rejected (boundary-pegged),0.010144733549020428,12.0,40.0,184.0
2022-05-09,pegged,calibration rejected (boundary-pegged),0.007830092129902749,12.0,29.0,182.0
2022-05-11,pegged,calibration rejected (boundary-pegged),0.008343110296754809,12.0,33.0,186.0
2022-05-12,pegged,calibration rejected (boundary-pegged),0.009540677434496912,12.0,37.0,183.0
2022-05-17,pegged,calibration rejected (boundary-pegged),0.007144198757134145,12.0,36.0,183.0
2022-05-20,pegged,calibration rejected (boundary-pegged),0.009890420109444535,12.0,23.0,185.0
2022-05-23,pegged,calibration rejected (boundary-pegged),0.008616175490937301,12.0,38.0,184.0
2022-05-25,pegged,calibration rejected (boundary-pegged),0.006983644598331659,12.0,37.0,182.0
2022-05-26,pegged,calibration rejected (boundary-pegged),0.0066993783344623395,12.0,34.0,183.0
2022-05-27,pegged,calibration rejected (boundary-pegged),0.005534462736956111,12.0,29.0,183.0
2022-05-31,pegged,calibration rejected (boundary-pegged),0.008050787593053894,12.0,32.0,184.0
2022-06-02,pegged,calibration rejected (boundary-pegged),0.00931018047693141,12.0,31.0,184.0
2022-06-03,pegged,calibration rejected (boundary-pegged),0.00687414785752643,12.0,25.0,182.0
2022-06-07,pegged,calibration rejected (boundary-pegged),0.008751869769153415,12.0,23.0,182.0
2022-06-08,pegged,calibration rejected (boundary-pegged),0.005061831758197227,12.0,47.0,185.0
2022-06-09,pegged,calibration rejected (boundary-pegged),0.010499754543018127,12.0,26.0,182.0
2022-06-13,pegged,calibration rejected (boundary-pegged),0.007319383897162234,12.0,23.0,181.0
2022-06-14,pegged,calibration rejected (boundary-pegged),0.005919419703452491,12.0,26.0,187.0
2022-06-15,pegged,calibration rejected (boundary-pegged),0.009513648939506686,12.0,30.0,186.0
2022-06-16,pegged,calibration rejected (boundary-pegged),0.00874060979144461,12.0,24.0,182.0
2022-06-23,pegged,calibration rejected (boundary-pegged),0.007267994763217523,12.0,51.0,186.0
2022-06-24,pegged,calibration rejected (boundary-pegged),0.006583519631920363,12.0,42.0,186.0
2022-06-27,pegged,calibration rejected (boundary-pegged),0.006869229307162004,12.0,31.0,182.0
2022-06-28,pegged,calibration rejected (boundary-pegged),0.007388849769842491,12.0,31.0,182.0
2022-06-29,pegged,calibration rejected (boundary-pegged),0.006816334941909744,12.0,45.0,184.0
2022-06-30,pegged,calibration rejected (boundary-pegged),0.010253248679371095,12.0,35.0,185.0
2022-07-01,pegged,calibration rejected (boundary-pegged),0.011932568682525672,12.0,44.0,185.0
2022-07-05,pegged,calibration rejected (boundary-pegged),0.008535141389996273,12.0,31.0,182.0
2022-07-06,pegged,calibration rejected (boundary-pegged),0.006569875735127395,12.0,34.0,183.0
2022-07-07,pegged,calibration rejected (boundary-pegged),0.0056880400863027125,12.0,41.0,185.0
2022-07-08,pegged,calibration rejected (boundary-pegged),0.007276839845034666,12.0,34.0,184.0
2022-07-11,pegged,calibration rejected (boundary-pegged),0.005922959355369258,12.0,38.0,185.0
2022-07-12,pegged,calibration rejected (boundary-pegged),0.00798098321441563,12.0,30.0,186.0
2022-07-13,pegged,calibration rejected (boundary-pegged),0.0063030525305465095,12.0,27.0,186.0
2022-07-15,pegged,calibration rejected (boundary-pegged),0.008915190345587869,12.0,31.0,182.0
2022-07-18,pegged,calibration rejected (boundary-pegged),0.009285854611455207,12.0,38.0,185.0
2022-07-20,pegged,calibration rejected (boundary-pegged),0.004689253020375692,12.0,31.0,184.0
2022-07-21,pegged,calibration rejected (boundary-pegged),0.006755763804232114,12.0,22.0,184.0
2022-07-22,pegged,calibration rejected (boundary-pegged),0.004650809625682126,12.0,33.0,183.0
2022-07-25,pegged,calibration rejected (boundary-pegged),0.005066643110403772,12.0,56.0,187.0
2022-07-26,pegged,calibration rejected (boundary-pegged),0.00497715798892939,12.0,32.0,184.0
2022-07-27,pegged,calibration rejected (boundary-pegged),0.004339194010214424,12.0,28.0,187.0
2022-07-29,pegged,calibration rejected (boundary-pegged),0.004413991216247902,12.0,38.0,183.0
2022-08-02,pegged,calibration rejected (boundary-pegged),0.004486010881768493,12.0,24.0,185.0
2022-08-03,pegged,calibration rejected (boundary-pegged),0.005982524121036768,12.0,26.0,184.0
2022-08-04,pegged,calibration rejected (boundary-pegged),0.0051326667625879495,12.0,44.0,183.0
2022-08-05,pegged,calibration rejected (boundary-pegged),0.008224154778410231,12.0,42.0,184.0
2022-08-09,pegged,calibration rejected (boundary-pegged),0.004146171475641417,12.0,43.0,187.0
2022-08-10,pegged,calibration rejected (boundary-pegged),0.005055473099849959,12.0,30.0,184.0
2022-08-11,pegged,calibration rejected (boundary-pegged),0.004100677904986369,12.0,29.0,183.0
2022-08-12,pegged,calibration rejected (boundary-pegged),0.002781505433612238,12.0,40.0,186.0
2022-08-15,pegged,calibration rejected (boundary-pegged),0.0037068747861002003,12.0,32.0,183.0
2022-08-16,pegged,calibration rejected (boundary-pegged),0.003941659485691887,12.0,47.0,189.0
2022-08-17,pegged,calibration rejected (boundary-pegged),0.0048289133217376,12.0,50.0,186.0
2022-08-19,pegged,calibration rejected (boundary-pegged),0.004955530196331777,12.0,44.0,185.0
2022-08-22,pegged,calibration rejected (boundary-pegged),0.0046551374467048035,12.0,36.0,187.0
2022-08-23,pegged,calibration rejected (boundary-pegged),0.003741426919956638,12.0,28.0,185.0
2022-08-24,pegged,calibration rejected (boundary-pegged),0.005413786422821372,12.0,30.0,182.0
2022-08-25,pegged,calibration rejected (boundary-pegged),0.006844403800098139,12.0,44.0,188.0
2022-08-26,pegged,calibration rejected (boundary-pegged),0.00909730827362091,12.0,37.0,185.0
2022-08-29,pegged,calibration rejected (boundary-pegged),0.007505026515673415,12.0,28.0,184.0
2022-08-30,pegged,calibration rejected (boundary-pegged),0.0067625707630879425,12.0,37.0,185.0
2022-08-31,pegged,calibration rejected (boundary-pegged),0.00406090756919097,12.0,36.0,183.0
2022-09-01,pegged,calibration rejected (boundary-pegged),0.0052071187826214504,12.0,36.0,192.0
2022-09-02,pegged,calibration rejected (boundary-pegged),0.010449004414226155,12.0,32.0,186.0
2022-09-08,pegged,calibration rejected (boundary-pegged),0.005923209864246323,12.0,36.0,184.0
2022-09-09,pegged,calibration rejected (boundary-pegged),0.0052628732183828755,12.0,35.0,183.0
2022-09-12,pegged,calibration rejected (boundary-pegged),0.004033556836006472,12.0,31.0,186.0
2022-09-13,pegged,calibration rejected (boundary-pegged),0.006320532602212376,12.0,36.0,186.0
2022-09-14,pegged,calibration rejected (boundary-pegged),0.004813724790491406,12.0,32.0,183.0
2022-09-15,pegged,calibration rejected (boundary-pegged),0.00558913110084162,12.0,35.0,182.0
2022-09-19,pegged,calibration rejected (boundary-pegged),0.012623294444599111,12.0,28.0,183.0
2022-09-20,pegged,calibration rejected (boundary-pegged),0.0038111659060699596,12.0,40.0,185.0
2022-09-21,pegged,calibration rejected (boundary-pegged),0.008759562995785659,12.0,20.0,183.0
2022-09-23,pegged,calibration rejected (boundary-pegged),0.006405412394566305,12.0,31.0,186.0
2022-09-26,pegged,calibration rejected (boundary-pegged),0.006681006735089325,12.0,42.0,185.0
2022-09-29,pegged,calibration rejected (boundary-pegged),0.0068392641997768715,12.0,24.0,183.0
2022-10-03,pegged,calibration rejected (boundary-pegged),0.007543366169291038,12.0,26.0,186.0
2022-10-04,pegged,calibration rejected (boundary-pegged),0.005600908710043461,12.0,27.0,182.0
2022-10-06,pegged,calibration rejected (boundary-pegged),0.007247738834719775,12.0,31.0,182.0
2022-10-10,pegged,calibration rejected (boundary-pegged),0.005680674659563654,12.0,30.0,187.0
2022-10-14,pegged,calibration rejected (boundary-pegged),0.006816304108245986,12.0,38.0,185.0
2022-10-17,pegged,calibration rejected (boundary-pegged),0.007293523054303353,12.0,24.0,186.0
2022-10-20,pegged,calibration rejected (boundary-pegged),0.009301638616911623,12.0,47.0,184.0
2022-10-21,pegged,calibration rejected (boundary-pegged),0.012559457123295781,12.0,28.0,185.0
2022-10-24,pegged,calibration rejected (boundary-pegged),0.009907554726201105,12.0,25.0,183.0
2022-10-26,pegged,calibration rejected (boundary-pegged),0.006950296761565844,12.0,28.0,185.0
2022-10-27,pegged,calibration rejected (boundary-pegged),0.00640271923561928,12.0,32.0,187.0
2022-10-28,pegged,calibration rejected (boundary-pegged),0.0067843455754735445,12.0,45.0,187.0
2022-10-31,pegged,calibration rejected (boundary-pegged),0.008995393495697904,12.0,38.0,189.0
2022-11-01,pegged,calibration rejected (boundary-pegged),0.008224560139661772,12.0,29.0,185.0
2022-11-02,pegged,calibration rejected (boundary-pegged),0.008508021905576124,12.0,33.0,184.0
2022-11-03,pegged,calibration rejected (boundary-pegged),0.00819247651032901,12.0,36.0,188.0
2022-11-04,pegged,calibration rejected (boundary-pegged),0.006326886095043925,12.0,33.0,184.0
2022-11-07,pegged,calibration rejected (boundary-pegged),0.008259421545256277,12.0,37.0,184.0
2022-11-08,pegged,calibration rejected (boundary-pegged),0.008639905893147377,12.0,31.0,185.0
2022-11-09,pegged,calibration rejected (boundary-pegged),0.008129812635516266,12.0,31.0,181.0
2022-11-10,pegged,calibration rejected (boundary-pegged),0.00768969686282693,12.0,23.0,182.0
2022-11-11,pegged,calibration rejected (boundary-pegged),0.005320833975853454,12.0,31.0,185.0
2022-11-14,pegged,calibration rejected (boundary-pegged),0.006605285218670658,12.0,30.0,190.0
2022-11-15,pegged,calibration rejected (boundary-pegged),0.008278917532137414,12.0,32.0,184.0
2022-11-16,pegged,calibration rejected (boundary-pegged),0.006006462024310011,12.0,45.0,185.0
2022-11-17,pegged,calibration rejected (boundary-pegged),0.008256418616034763,12.0,35.0,184.0
2022-11-18,pegged,calibration rejected (boundary-pegged),0.009322101459616464,12.0,49.0,183.0
2022-11-21,pegged,calibration rejected (boundary-pegged),0.0076063298224856085,12.0,41.0,182.0
2022-11-22,pegged,calibration rejected (boundary-pegged),0.007649398504739591,12.0,33.0,184.0
2022-11-23,pegged,calibration rejected (boundary-pegged),0.008852116837944648,12.0,38.0,182.0
2022-11-25,pegged,calibration rejected (boundary-pegged),0.0105407443022864,12.0,56.0,183.0
2022-11-28,pegged,calibration rejected (boundary-pegged),0.010043360620975484,12.0,45.0,185.0
2022-11-29,pegged,calibration rejected (boundary-pegged),0.009094025848357635,12.0,45.0,184.0
2022-11-30,pegged,calibration rejected (boundary-pegged),0.014019849895567768,12.0,28.0,183.0
2022-12-01,pegged,calibration rejected (boundary-pegged),0.015504482647870608,12.0,32.0,182.0
2022-12-02,pegged,calibration rejected (boundary-pegged),0.018760237838989786,12.0,35.0,188.0
2022-12-05,pegged,calibration rejected (boundary-pegged),0.009336668157907686,12.0,30.0,184.0
2022-12-06,pegged,calibration rejected (boundary-pegged),0.01322648334446162,12.0,39.0,184.0
2022-12-07,pegged,calibration rejected (boundary-pegged),0.013347090059629717,12.0,35.0,186.0
2022-12-08,pegged,calibration rejected (boundary-pegged),0.010670044829313,12.0,44.0,186.0
2022-12-09,pegged,calibration rejected (boundary-pegged),0.007764869909968729,12.0,43.0,188.0
2022-12-12,pegged,calibration rejected (boundary-pegged),0.009703007036644815,11.0,27.0,172.0
2022-12-13,pegged,calibration rejected (boundary-pegged),0.011492277619658257,12.0,42.0,182.0
2022-12-14,pegged,calibration rejected (boundary-pegged),0.011456374111961336,12.0,31.0,182.0
2022-12-15,pegged,calibration rejected (boundary-pegged),0.007596193306180944,12.0,29.0,182.0
2022-12-16,pegged,calibration rejected (boundary-pegged),0.0056201459534337955,12.0,28.0,183.0
2022-12-19,pegged,calibration rejected (boundary-pegged),0.005619114367680365,12.0,28.0,184.0
2022-12-20,pegged,calibration rejected (boundary-pegged),0.006391213595256312,12.0,30.0,186.0
2022-12-21,pegged,calibration rejected (boundary-pegged),0.006680428899634302,12.0,36.0,183.0
2022-12-22,pegged,calibration rejected (boundary-pegged),0.010385851487629456,12.0,38.0,187.0
2022-12-23,pegged,calibration rejected (boundary-pegged),0.012762262371560761,12.0,49.0,187.0
2022-12-27,pegged,calibration rejected (boundary-pegged),0.01003368870919935,12.0,48.0,186.0
2022-12-28,pegged,calibration rejected (boundary-pegged),0.010729268859745431,12.0,31.0,186.0
2022-12-29,pegged,calibration rejected (boundary-pegged),0.0057086145910490126,12.0,38.0,183.0
2022-12-30,pegged,calibration rejected (boundary-pegged),0.009923887341052184,12.0,34.0,183.0
2023-01-03,pegged,calibration rejected (boundary-pegged),0.012447237794671058,12.0,20.0,182.0
2023-01-04,pegged,calibration rejected (boundary-pegged),0.010609852535298723,12.0,27.0,184.0
2023-01-05,pegged,calibration rejected (boundary-pegged),0.008714825328273272,12.0,36.0,186.0
2023-01-06,pegged,calibration rejected (boundary-pegged),0.005186961899960177,12.0,20.0,181.0
2023-01-09,pegged,calibration rejected (boundary-pegged),0.005557404509124074,12.0,26.0,183.0
2023-01-10,pegged,calibration rejected (boundary-pegged),0.006880288611266453,12.0,38.0,182.0
2023-01-11,pegged,calibration rejected (boundary-pegged),0.005775644876865135,12.0,24.0,183.0
2023-01-12,pegged,calibration rejected (boundary-pegged),0.007697324625924199,12.0,25.0,184.0
2023-01-13,pegged,calibration rejected (boundary-pegged),0.008154879306249547,12.0,35.0,183.0
2023-01-17,pegged,calibration rejected (boundary-pegged),0.005696970714264433,12.0,37.0,183.0
2023-01-18,pegged,calibration rejected (boundary-pegged),0.00968767762499066,12.0,28.0,184.0
2023-01-19,pegged,calibration rejected (boundary-pegged),0.00937579415507443,12.0,33.0,186.0
2023-01-20,pegged,calibration rejected (boundary-pegged),0.011113808059745607,12.0,30.0,184.0
2023-01-23,pegged,calibration rejected (boundary-pegged),0.010632783766268914,12.0,31.0,183.0
2023-01-24,pegged,calibration rejected (boundary-pegged),0.006809008476185421,12.0,40.0,185.0
2023-01-25,pegged,calibration rejected (boundary-pegged),0.00727137693926252,12.0,36.0,186.0
2023-01-26,pegged,calibration rejected (boundary-pegged),0.006612011884027655,12.0,35.0,183.0
2023-01-27,pegged,calibration rejected (boundary-pegged),0.003272803368884563,12.0,26.0,186.0
2023-01-30,pegged,calibration rejected (boundary-pegged),0.005150390924276648,12.0,26.0,182.0
2023-01-31,pegged,calibration rejected (boundary-pegged),0.006626375681658322,12.0,32.0,184.0
2023-02-01,pegged,calibration rejected (boundary-pegged),0.010676097137884514,12.0,26.0,183.0
2023-02-02,pegged,calibration rejected (boundary-pegged),0.005709294540107797,12.0,28.0,183.0
2023-02-03,pegged,calibration rejected (boundary-pegged),0.00581678583853367,12.0,24.0,182.0
2023-02-06,pegged,calibration rejected (boundary-pegged),0.005853413233365192,12.0,36.0,188.0
2023-02-07,pegged,calibration rejected (boundary-pegged),0.008257122450940329,12.0,37.0,185.0
2023-02-08,pegged,calibration rejected (boundary-pegged),0.0066218818712626285,12.0,37.0,184.0
2023-02-09,pegged,calibration rejected (boundary-pegged),0.008595383783126834,12.0,39.0,182.0
2023-02-13,pegged,calibration rejected (boundary-pegged),0.005048659194682294,12.0,30.0,185.0
2023-02-14,pegged,calibration rejected (boundary-pegged),0.007188453542398921,12.0,33.0,184.0
2023-02-15,pegged,calibration rejected (boundary-pegged),0.005644138264390404,12.0,30.0,183.0
2023-02-16,pegged,calibration rejected (boundary-pegged),0.0063141499814659535,12.0,27.0,182.0
2023-02-17,pegged,calibration rejected (boundary-pegged),0.0067791696076077625,12.0,30.0,185.0
2023-02-21,pegged,calibration rejected (boundary-pegged),0.006508414826323628,12.0,28.0,192.0
2023-02-22,pegged,calibration rejected (boundary-pegged),0.004937972654833171,12.0,31.0,183.0
2023-02-23,pegged,calibration rejected (boundary-pegged),0.009215337313362484,12.0,37.0,184.0
2023-02-24,pegged,calibration rejected (boundary-pegged),0.010547608650140315,12.0,30.0,183.0
2023-02-27,pegged,calibration rejected (boundary-pegged),0.007507608706184112,12.0,32.0,184.0
2023-03-01,pegged,calibration rejected (boundary-pegged),0.0068425677204464914,12.0,28.0,182.0
2023-03-02,pegged,calibration rejected (boundary-pegged),0.006503949162179912,12.0,22.0,184.0
2023-03-03,pegged,calibration rejected (boundary-pegged),0.007453734137249714,12.0,31.0,185.0
2023-03-06,pegged,calibration rejected (boundary-pegged),0.0050076305103080405,12.0,31.0,185.0
2023-03-10,pegged,calibration rejected (boundary-pegged),0.009271079525244162,12.0,19.0,181.0
2023-03-13,pegged,calibration rejected (boundary-pegged),0.013640906311166469,12.0,20.0,183.0
2023-03-14,pegged,calibration rejected (boundary-pegged),0.008939474114997892,12.0,27.0,183.0
2023-03-15,pegged,calibration rejected (boundary-pegged),0.010294216828838075,12.0,21.0,182.0
2023-03-16,pegged,calibration rejected (boundary-pegged),0.011397412883718176,12.0,23.0,183.0
2023-03-17,pegged,calibration rejected (boundary-pegged),0.007258801852728829,12.0,26.0,182.0
2023-03-20,pegged,calibration rejected (boundary-pegged),0.009939529333869844,12.0,28.0,183.0
2023-03-21,pegged,calibration rejected (boundary-pegged),0.00481487357837094,12.0,26.0,182.0
2023-03-22,pegged,calibration rejected (boundary-pegged),0.007693554325168534,12.0,36.0,189.0
2023-03-23,pegged,calibration rejected (boundary-pegged),0.01133413997534641,12.0,20.0,187.0
2023-03-24,pegged,calibration rejected (boundary-pegged),0.01041928425852655,12.0,19.0,185.0
2023-03-27,pegged,calibration rejected (boundary-pegged),0.0050975033765557265,12.0,39.0,188.0
2023-03-28,pegged,calibration rejected (boundary-pegged),0.004448528265920359,12.0,32.0,185.0
2023-03-29,pegged,calibration rejected (boundary-pegged),0.004336509336019674,12.0,28.0,183.0
2023-03-30,pegged,calibration rejected (boundary-pegged),0.006329695385066086,12.0,27.0,182.0
2023-03-31,pegged,calibration rejected (boundary-pegged),0.005341156973085094,12.0,22.0,184.0
2023-04-03,pegged,calibration rejected (boundary-pegged),0.006189945090175357,12.0,34.0,184.0
2023-04-05,pegged,calibration rejected (boundary-pegged),0.004782377352952451,12.0,41.0,185.0
2023-04-10,pegged,calibration rejected (boundary-pegged),0.004937741788569172,12.0,35.0,184.0
2023-04-11,pegged,calibration rejected (boundary-pegged),0.0055948756582815335,12.0,47.0,187.0
2023-04-12,pegged,calibration rejected (boundary-pegged),0.006030067714037634,12.0,35.0,184.0
2023-04-13,pegged,calibration rejected (boundary-pegged),0.006777593240469243,12.0,31.0,181.0
2023-04-14,pegged,calibration rejected (boundary-pegged),0.0061046562777058114,12.0,27.0,183.0
2023-04-17,pegged,calibration rejected (boundary-pegged),0.006052177693023833,12.0,31.0,185.0
2023-04-18,pegged,calibration rejected (boundary-pegged),0.004898430588718075,12.0,27.0,192.0
2023-04-19,pegged,calibration rejected (boundary-pegged),0.006592254893412192,12.0,28.0,183.0
2023-04-20,pegged,calibration rejected (boundary-pegged),0.0059818941591685834,12.0,34.0,185.0
2023-04-21,pegged,calibration rejected (boundary-pegged),0.008522902834954951,12.0,28.0,181.0
2023-04-24,pegged,calibration rejected (boundary-pegged),0.008734837611822402,12.0,32.0,185.0
2023-04-25,pegged,calibration rejected (boundary-pegged),0.007317659878583387,12.0,22.0,182.0
2023-04-26,pegged,calibration rejected (boundary-pegged),0.005007898257195933,12.0,25.0,183.0
2023-04-27,pegged,calibration rejected (boundary-pegged),0.004982964502259579,12.0,17.0,183.0
2023-04-28,pegged,calibration rejected (boundary-pegged),0.003688530303004334,12.0,25.0,187.0
2023-05-02,pegged,calibration rejected (boundary-pegged),0.00865298805299902,12.0,28.0,183.0
2023-05-03,pegged,calibration rejected (boundary-pegged),0.0062962241017793415,12.0,41.0,186.0
2023-05-04,pegged,calibration rejected (boundary-pegged),0.0063190656677868835,12.0,35.0,184.0
2023-05-05,pegged,calibration rejected (boundary-pegged),0.005725049698820097,12.0,39.0,184.0
2023-05-08,pegged,calibration rejected (boundary-pegged),0.0042447580996341425,12.0,37.0,185.0
2023-05-09,pegged,calibration rejected (boundary-pegged),0.003233363982277641,12.0,38.0,185.0
2023-05-10,pegged,calibration rejected (boundary-pegged),0.004517932467105115,12.0,27.0,182.0
2023-05-11,pegged,calibration rejected (boundary-pegged),0.005955852627283949,12.0,33.0,184.0
2023-05-12,pegged,calibration rejected (boundary-pegged),0.005226078516561316,12.0,31.0,184.0
2023-05-15,pegged,calibration rejected (boundary-pegged),0.005151798326814189,12.0,22.0,182.0
2023-05-16,pegged,calibration rejected (boundary-pegged),0.004039058253521632,12.0,25.0,187.0
2023-05-17,pegged,calibration rejected (boundary-pegged),0.004835988882619595,12.0,26.0,183.0
2023-05-18,pegged,calibration rejected (boundary-pegged),0.0050954574554813534,12.0,25.0,182.0
2023-05-19,pegged,calibration rejected (boundary-pegged),0.0048924948567326465,12.0,29.0,183.0
2023-05-22,pegged,calibration rejected (boundary-pegged),0.005296788389629923,12.0,34.0,182.0
2023-05-23,pegged,calibration rejected (boundary-pegged),0.006048916205961181,12.0,31.0,184.0
2023-05-24,pegged,calibration rejected (boundary-pegged),0.0052663765904684065,12.0,24.0,182.0
2023-05-26,pegged,calibration rejected (boundary-pegged),0.004069226471507494,12.0,24.0,182.0
2023-05-31,pegged,calibration rejected (boundary-pegged),0.003925484202986836,12.0,32.0,182.0
2023-06-01,pegged,calibration rejected (boundary-pegged),0.006546178971717452,12.0,28.0,189.0
2023-06-02,pegged,calibration rejected (boundary-pegged),0.005020962529827777,12.0,19.0,181.0
2023-06-05,pegged,calibration rejected (boundary-pegged),0.002617888456193952,12.0,23.0,185.0
2023-06-06,pegged,calibration rejected (boundary-pegged),0.0032729095887786275,12.0,31.0,185.0
2023-06-13,pegged,calibration rejected (boundary-pegged),0.0029131544584227085,12.0,27.0,183.0
2023-06-16,pegged,calibration rejected (boundary-pegged),0.00446174281396188,12.0,26.0,183.0
2023-06-20,pegged,calibration rejected (boundary-pegged),0.003312388071217027,12.0,30.0,183.0
2023-06-21,pegged,calibration rejected (boundary-pegged),0.003754475530609307,12.0,39.0,184.0
2023-06-22,pegged,calibration rejected (boundary-pegged),0.004820990131918192,12.0,40.0,191.0
2023-06-23,pegged,calibration rejected (boundary-pegged),0.003755110797779271,12.0,32.0,183.0
2023-06-26,pegged,calibration rejected (boundary-pegged),0.003113307488014039,12.0,28.0,183.0
2023-06-27,pegged,calibration rejected (boundary-pegged),0.0039655203135385165,12.0,38.0,185.0
2023-06-28,pegged,calibration rejected (boundary-pegged),0.0034019127320112966,12.0,31.0,184.0
2023-06-29,pegged,calibration rejected (boundary-pegged),0.0026588707908934855,12.0,36.0,186.0
2023-06-30,pegged,calibration rejected (boundary-pegged),0.003473236678098528,12.0,18.0,190.0
2023-07-05,pegged,calibration rejected (boundary-pegged),0.002444917853376959,12.0,33.0,182.0
2023-07-06,pegged,calibration rejected (boundary-pegged),0.006147858367188223,12.0,32.0,183.0
2023-07-07,pegged,calibration rejected (boundary-pegged),0.004342920324504355,12.0,24.0,181.0
2023-07-10,pegged,calibration rejected (boundary-pegged),0.0033582317177049312,12.0,37.0,182.0
2023-07-11,pegged,calibration rejected (boundary-pegged),0.0026325921395911893,12.0,33.0,184.0
2023-07-12,pegged,calibration rejected (boundary-pegged),0.003361822346074516,12.0,20.0,188.0
2023-07-13,pegged,calibration rejected (boundary-pegged),0.0036932074999382965,12.0,32.0,182.0
2023-07-14,pegged,calibration rejected (boundary-pegged),0.0049394805331163276,12.0,27.0,189.0
2023-07-17,pegged,calibration rejected (boundary-pegged),0.004239035933944521,12.0,34.0,183.0
2023-07-20,pegged,calibration rejected (boundary-pegged),0.003137213175633978,12.0,31.0,183.0
2023-07-21,pegged,calibration rejected (boundary-pegged),0.002446303221745241,12.0,29.0,181.0
2023-07-28,pegged,calibration rejected (boundary-pegged),0.004519851288600999,12.0,35.0,183.0
2023-07-31,pegged,calibration rejected (boundary-pegged),0.003302731342096256,12.0,48.0,185.0
2023-08-01,pegged,calibration rejected (boundary-pegged),0.002458240499257417,12.0,48.0,183.0
2023-08-02,pegged,calibration rejected (boundary-pegged),0.002597518364294525,12.0,39.0,184.0
2023-08-03,pegged,calibration rejected (boundary-pegged),0.005332809227987622,12.0,36.0,185.0
2023-08-04,pegged,calibration rejected (boundary-pegged),0.007524006379235983,12.0,25.0,184.0
2023-08-07,pegged,calibration rejected (boundary-pegged),0.00441994240950399,12.0,36.0,185.0
2023-08-08,pegged,calibration rejected (boundary-pegged),0.004693863445803964,12.0,30.0,183.0
2023-08-10,pegged,calibration rejected (boundary-pegged),0.006116475716754017,12.0,21.0,182.0
2023-08-18,pegged,calibration rejected (boundary-pegged),0.00563917913641558,12.0,24.0,181.0
2023-08-23,pegged,calibration rejected (boundary-pegged),0.00357894889506215,12.0,31.0,184.0
2023-08-25,pegged,calibration rejected (boundary-pegged),0.006538692037729348,12.0,26.0,182.0
2023-08-28,pegged,calibration rejected (boundary-pegged),0.004240196882866041,12.0,29.0,182.0
2023-08-29,pegged,calibration rejected (boundary-pegged),0.0030968023720697,12.0,25.0,183.0
2023-08-30,pegged,calibration rejected (boundary-pegged),0.002953186345308797,12.0,25.0,189.0
2023-08-31,pegged,calibration rejected (boundary-pegged),0.003560425508155057,12.0,34.0,183.0
2023-09-01,pegged,calibration rejected (boundary-pegged),0.003742094644310038,12.0,23.0,183.0
2023-09-05,pegged,calibration rejected (boundary-pegged),0.002994628782844343,12.0,39.0,185.0
2023-09-06,pegged,calibration rejected (boundary-pegged),0.003404921628066621,12.0,23.0,185.0
2023-09-07,pegged,calibration rejected (boundary-pegged),0.004529848399781412,12.0,36.0,183.0
2023-09-08,pegged,calibration rejected (boundary-pegged),0.003832929485772241,12.0,27.0,184.0
2023-09-11,pegged,calibration rejected (boundary-pegged),0.0037177363928551227,12.0,32.0,184.0
2023-09-15,pegged,calibration rejected (boundary-pegged),0.003434762979852219,12.0,29.0,183.0
2023-09-18,pegged,calibration rejected (boundary-pegged),0.003016862883016981,12.0,38.0,184.0
2023-09-21,iv_miss,calibration rejected (iv_rmse=0.0305 > 0.02),0.030456563634263183,12.0,34.0,183.0
2023-09-22,pegged,calibration rejected (boundary-pegged),0.004464702446256354,12.0,26.0,184.0
2023-10-02,pegged,calibration rejected (boundary-pegged),0.00430883784057929,12.0,31.0,184.0
2023-10-06,pegged,calibration rejected (boundary-pegged),0.007414426478370092,12.0,23.0,189.0
2023-10-09,pegged,calibration rejected (boundary-pegged),0.004538256197280859,12.0,22.0,181.0
2023-10-11,pegged,calibration rejected (boundary-pegged),0.006638796583238567,12.0,40.0,183.0
2023-10-12,pegged,calibration rejected (boundary-pegged),0.005730000441019672,12.0,31.0,183.0
2023-10-13,pegged,calibration rejected (boundary-pegged),0.008214255533897723,12.0,22.0,184.0
2023-10-16,pegged,calibration rejected (boundary-pegged),0.003949138923306746,12.0,27.0,183.0
2023-10-20,pegged,calibration rejected (boundary-pegged),0.005192261002298249,12.0,22.0,182.0
2023-11-01,pegged,calibration rejected (boundary-pegged),0.004024072052876116,12.0,22.0,184.0
2023-11-03,pegged,calibration rejected (boundary-pegged),0.0033958346420395933,12.0,22.0,183.0
2023-11-06,pegged,calibration rejected (boundary-pegged),0.0019404044707985264,12.0,35.0,182.0
2023-11-07,pegged,calibration rejected (boundary-pegged),0.0024336267574750813,12.0,34.0,185.0
2023-11-08,pegged,calibration rejected (boundary-pegged),0.003443702335785482,12.0,36.0,184.0
2023-11-10,pegged,calibration rejected (boundary-pegged),0.0033821803036776514,12.0,32.0,183.0
2023-11-14,pegged,calibration rejected (boundary-pegged),0.003509822178209727,12.0,16.0,180.0
2023-11-15,pegged,calibration rejected (boundary-pegged),0.0025975860659573106,12.0,36.0,183.0
2023-11-16,pegged,calibration rejected (boundary-pegged),0.003976564212079525,12.0,33.0,181.0
2023-11-17,pegged,calibration rejected (boundary-pegged),0.004911493950338407,12.0,32.0,182.0
2023-11-20,pegged,calibration rejected (boundary-pegged),0.003601572433801517,12.0,33.0,184.0
2023-11-21,pegged,calibration rejected (boundary-pegged),0.003330604322047319,12.0,36.0,184.0
2023-11-22,pegged,calibration rejected (boundary-pegged),0.0036209092253533717,12.0,27.0,184.0
2023-11-24,pegged,calibration rejected (boundary-pegged),0.005373554992344411,12.0,52.0,185.0
2023-11-27,pegged,calibration rejected (boundary-pegged),0.004070545854095094,12.0,38.0,184.0
2023-12-01,pegged,calibration rejected (boundary-pegged),0.003554943157277376,12.0,33.0,183.0
2023-12-05,pegged,calibration rejected (boundary-pegged),0.0028303314074866045,12.0,34.0,183.0
2023-12-06,pegged,calibration rejected (boundary-pegged),0.002545671230229546,12.0,33.0,186.0
2023-12-07,pegged,calibration rejected (boundary-pegged),0.0041613742239194115,12.0,53.0,184.0
2023-12-08,pegged,calibration rejected (boundary-pegged),0.0033230716040508635,12.0,40.0,183.0
2023-12-11,pegged,calibration rejected (boundary-pegged),0.0024046771332529955,12.0,34.0,185.0
2023-12-12,pegged,calibration rejected (boundary-pegged),0.004183971074396074,12.0,42.0,187.0
2023-12-14,pegged,calibration rejected (boundary-pegged),0.0028234051971410324,12.0,30.0,184.0
2023-12-15,pegged,calibration rejected (boundary-pegged),0.003989448558973392,12.0,39.0,185.0
2023-12-18,pegged,calibration rejected (boundary-pegged),0.0035712072091612173,12.0,30.0,184.0
2023-12-19,pegged,calibration rejected (boundary-pegged),0.004180208925630094,12.0,38.0,184.0
2023-12-20,pegged,calibration rejected (boundary-pegged),0.004852158175398693,12.0,30.0,182.0
2023-12-21,pegged,calibration rejected (boundary-pegged),0.002924286754760223,12.0,45.0,184.0
2023-12-22,pegged,calibration rejected (boundary-pegged),0.004097100359617769,12.0,29.0,186.0
2023-12-26,pegged,calibration rejected (boundary-pegged),0.004367350834743074,12.0,41.0,184.0
2023-12-27,pegged,calibration rejected (boundary-pegged),0.0032058668389848568,12.0,38.0,187.0
2023-12-28,pegged,calibration rejected (boundary-pegged),0.0024134692908952256,12.0,36.0,183.0
2023-12-29,pegged,calibration rejected (boundary-pegged),0.003383003151476133,12.0,25.0,182.0
2024-01-02,pegged,calibration rejected (boundary-pegged),0.00405317047492315,12.0,36.0,183.0
2024-01-03,pegged,calibration rejected (boundary-pegged),0.002895942876849206,12.0,31.0,183.0
2024-01-05,pegged,calibration rejected (boundary-pegged),0.004963321745806981,12.0,40.0,181.0
2024-01-08,pegged,calibration rejected (boundary-pegged),0.003397963805036611,12.0,31.0,182.0
2024-01-09,pegged,calibration rejected (boundary-pegged),0.003220816632526267,12.0,26.0,182.0
2024-01-10,pegged,calibration rejected (boundary-pegged),0.002278650454620485,12.0,26.0,189.0
2024-01-11,pegged,calibration rejected (boundary-pegged),0.003411367217304004,12.0,26.0,190.0
2024-01-12,pegged,calibration rejected (boundary-pegged),0.004601920016604562,12.0,43.0,184.0
2024-01-17,pegged,calibration rejected (boundary-pegged),0.0036236023350462157,12.0,29.0,187.0
2024-01-18,pegged,calibration rejected (boundary-pegged),0.004609440841904044,12.0,36.0,184.0
2024-01-19,pegged,calibration rejected (boundary-pegged),0.004849620792239775,12.0,29.0,182.0
2024-01-25,pegged,calibration rejected (boundary-pegged),0.002233441729081268,12.0,40.0,185.0
2024-01-29,pegged,calibration rejected (boundary-pegged),0.002051539017750617,12.0,33.0,183.0
2024-01-31,pegged,calibration rejected (boundary-pegged),0.002877546911425206,12.0,33.0,187.0
2024-02-02,pegged,calibration rejected (boundary-pegged),0.0020943727972211885,12.0,29.0,183.0
2024-02-08,pegged,calibration rejected (boundary-pegged),0.0024501064526003076,12.0,45.0,185.0
2024-02-09,pegged,calibration rejected (boundary-pegged),0.002038188175756556,12.0,31.0,183.0
2024-02-12,pegged,calibration rejected (boundary-pegged),0.002800405645952289,12.0,35.0,190.0
2024-02-13,pegged,calibration rejected (boundary-pegged),0.0048126703368319935,12.0,25.0,182.0
2024-02-14,pegged,calibration rejected (boundary-pegged),0.002903522486060324,12.0,36.0,183.0
2024-02-15,pegged,calibration rejected (boundary-pegged),0.0018480248299221833,12.0,44.0,185.0
2024-02-16,pegged,calibration rejected (boundary-pegged),0.0037961440187297053,12.0,31.0,183.0
2024-02-22,pegged,calibration rejected (boundary-pegged),0.0020180697263819957,12.0,35.0,183.0
2024-02-23,pegged,calibration rejected (boundary-pegged),0.002483340286053146,12.0,35.0,183.0
2024-02-26,pegged,calibration rejected (boundary-pegged),0.002548321288075959,12.0,34.0,187.0
2024-02-29,pegged,calibration rejected (boundary-pegged),0.002612751720545374,12.0,45.0,184.0
2024-03-01,pegged,calibration rejected (boundary-pegged),0.0029661370960979315,12.0,30.0,183.0
2024-03-04,pegged,calibration rejected (boundary-pegged),0.002570584294886685,12.0,41.0,184.0
2024-03-08,pegged,calibration rejected (boundary-pegged),0.004180518252698982,12.0,31.0,183.0
2024-03-12,pegged,calibration rejected (boundary-pegged),0.003225982436172985,12.0,25.0,183.0
2024-03-13,pegged,calibration rejected (boundary-pegged),0.0026254683352902237,12.0,31.0,182.0
2024-03-14,pegged,calibration rejected (boundary-pegged),0.0029420260588435537,12.0,25.0,186.0
2024-03-18,pegged,calibration rejected (boundary-pegged),0.003086455528546099,12.0,30.0,186.0
2024-03-21,pegged,calibration rejected (boundary-pegged),0.003017535096267615,12.0,36.0,191.0
2024-03-22,pegged,calibration rejected (boundary-pegged),0.005029316233232891,12.0,45.0,185.0
2024-03-25,pegged,calibration rejected (boundary-pegged),0.004227203454084861,12.0,32.0,182.0
2024-03-26,pegged,calibration rejected (boundary-pegged),0.004529623370417901,12.0,45.0,191.0
2024-03-27,pegged,calibration rejected (boundary-pegged),0.005642329184196464,12.0,44.0,185.0
2024-03-28,pegged,calibration rejected (boundary-pegged),0.002554652810201878,12.0,42.0,183.0
2024-04-01,pegged,calibration rejected (boundary-pegged),0.003524121048584234,12.0,47.0,188.0
2024-04-04,pegged,calibration rejected (boundary-pegged),0.010078846545901583,12.0,26.0,181.0
2024-04-09,pegged,calibration rejected (boundary-pegged),0.004486155601935853,12.0,37.0,186.0
2024-04-11,pegged,calibration rejected (boundary-pegged),0.006541516148113745,12.0,32.0,183.0
2024-04-12,pegged,calibration rejected (boundary-pegged),0.006170227208261114,12.0,28.0,184.0
2024-04-15,pegged,calibration rejected (boundary-pegged),0.010029339882680729,12.0,25.0,182.0
2024-04-17,pegged,calibration rejected (boundary-pegged),0.0038325878647170056,12.0,33.0,186.0
2024-04-18,pegged,calibration rejected (boundary-pegged),0.003243568587053262,12.0,31.0,186.0
2024-04-22,pegged,calibration rejected (boundary-pegged),0.005293539316529205,12.0,25.0,185.0
2024-04-26,pegged,calibration rejected (boundary-pegged),0.0028527248564230207,12.0,36.0,186.0
2024-04-30,pegged,calibration rejected (boundary-pegged),0.0038068478732474153,12.0,41.0,187.0
2024-05-01,pegged,calibration rejected (boundary-pegged),0.005486261922182545,12.0,31.0,184.0
2024-05-02,pegged,calibration rejected (boundary-pegged),0.0028702360065161357,12.0,33.0,190.0
2024-05-03,pegged,calibration rejected (boundary-pegged),0.0049581854729792265,12.0,25.0,184.0
2024-05-06,pegged,calibration rejected (boundary-pegged),0.0017687206367660456,12.0,39.0,189.0
2024-05-13,pegged,calibration rejected (boundary-pegged),0.0027228980486697085,12.0,33.0,184.0
2024-05-16,pegged,calibration rejected (boundary-pegged),0.003293390502783319,12.0,36.0,185.0
2024-05-17,pegged,calibration rejected (boundary-pegged),0.0037781855524186346,12.0,37.0,186.0
2024-05-20,pegged,calibration rejected (boundary-pegged),0.002086153171139584,12.0,44.0,186.0
2024-05-21,pegged,calibration rejected (boundary-pegged),0.0021736716196410983,12.0,43.0,188.0
2024-05-23,pegged,calibration rejected (boundary-pegged),0.004967903533375795,12.0,33.0,183.0
2024-05-24,pegged,calibration rejected (boundary-pegged),0.0058560506060774675,12.0,48.0,184.0
2024-05-28,pegged,calibration rejected (boundary-pegged),0.004830548349332851,12.0,34.0,186.0
2024-05-29,pegged,calibration rejected (boundary-pegged),0.004440422252962435,12.0,42.0,185.0
2024-05-31,pegged,calibration rejected (boundary-pegged),0.0076082529749519285,12.0,19.0,180.0
2024-06-04,pegged,calibration rejected (boundary-pegged),0.0036170561777878816,12.0,39.0,184.0
2024-06-05,pegged,calibration rejected (boundary-pegged),0.0036333125152938316,12.0,27.0,184.0
2024-06-06,pegged,calibration rejected (boundary-pegged),0.0032017779309092094,12.0,32.0,183.0
2024-06-10,pegged,calibration rejected (boundary-pegged),0.002670374553684623,12.0,40.0,184.0
2024-06-13,pegged,calibration rejected (boundary-pegged),0.002831277335169252,12.0,40.0,187.0
2024-06-14,pegged,calibration rejected (boundary-pegged),0.0037380006372729857,12.0,32.0,184.0
2024-06-17,pegged,calibration rejected (boundary-pegged),0.003502465334878931,12.0,31.0,184.0
2024-06-18,pegged,calibration rejected (boundary-pegged),0.0032284482672094027,12.0,32.0,182.0
2024-06-21,pegged,calibration rejected (boundary-pegged),0.0037666279170551656,12.0,32.0,186.0
2024-06-24,pegged,calibration rejected (boundary-pegged),0.0021798877058337037,12.0,40.0,183.0
2024-06-25,pegged,calibration rejected (boundary-pegged),0.0026204109487400246,12.0,41.0,185.0
2024-06-26,pegged,calibration rejected (boundary-pegged),0.0035333340588942623,12.0,39.0,184.0
2024-06-27,pegged,calibration rejected (boundary-pegged),0.0035539408373938377,12.0,41.0,184.0
2024-06-28,pegged,calibration rejected (boundary-pegged),0.004321788644897214,12.0,27.0,182.0
2024-07-01,pegged,calibration rejected (boundary-pegged),0.004986488538036905,12.0,44.0,189.0
2024-07-02,pegged,calibration rejected (boundary-pegged),0.0039035854572666484,12.0,34.0,184.0
2024-07-03,pegged,calibration rejected (boundary-pegged),0.0026608793705867706,12.0,32.0,186.0
2024-07-05,pegged,calibration rejected (boundary-pegged),0.0023525292386934824,12.0,36.0,184.0
2024-07-08,pegged,calibration rejected (boundary-pegged),0.0019071812519138131,12.0,38.0,184.0
2024-07-09,pegged,calibration rejected (boundary-pegged),0.0018342886391524722,12.0,57.0,188.0
2024-07-10,pegged,calibration rejected (boundary-pegged),0.0028856560961490895,12.0,27.0,182.0
2024-07-11,pegged,calibration rejected (boundary-pegged),0.0024018519563864037,12.0,28.0,182.0
2024-07-12,pegged,calibration rejected (boundary-pegged),0.003903281043945195,12.0,28.0,190.0
2024-07-16,pegged,calibration rejected (boundary-pegged),0.002410688865002502,12.0,40.0,185.0
2024-07-17,pegged,calibration rejected (boundary-pegged),0.0038590899741020317,12.0,42.0,182.0
2024-07-19,pegged,calibration rejected (boundary-pegged),0.00661010033065666,12.0,33.0,183.0
2024-07-22,pegged,calibration rejected (boundary-pegged),0.005936084725557844,12.0,28.0,182.0
2024-07-25,pegged,calibration rejected (boundary-pegged),0.005794815481206078,12.0,27.0,181.0
2024-07-29,pegged,calibration rejected (boundary-pegged),0.0028111463722321176,12.0,47.0,186.0
2024-07-30,pegged,calibration rejected (boundary-pegged),0.005261196758235891,12.0,33.0,185.0
2024-07-31,pegged,calibration rejected (boundary-pegged),0.0032879728392545575,12.0,34.0,185.0
2024-08-05,iv_miss,calibration rejected (iv_rmse=0.0301 > 0.02),0.030103194641897507,12.0,31.0,187.0
2024-08-07,pegged,calibration rejected (boundary-pegged),0.014755886786633362,12.0,28.0,185.0
2024-08-08,pegged,calibration rejected (boundary-pegged),0.008705430175277772,12.0,45.0,185.0
2024-08-09,pegged,calibration rejected (boundary-pegged),0.007792813443436656,12.0,32.0,191.0
2024-08-12,pegged,calibration rejected (boundary-pegged),0.005097924326024575,12.0,31.0,182.0
2024-08-13,pegged,calibration rejected (boundary-pegged),0.004142187641420452,12.0,29.0,184.0
2024-08-16,pegged,calibration rejected (boundary-pegged),0.004757453613252379,12.0,32.0,187.0
2024-08-19,pegged,calibration rejected (boundary-pegged),0.004654033059085474,12.0,38.0,185.0
2024-08-21,pegged,calibration rejected (boundary-pegged),0.0043583208063601424,12.0,44.0,184.0
2024-08-22,pegged,calibration rejected (boundary-pegged),0.005980983523948762,12.0,35.0,186.0
2024-08-23,pegged,calibration rejected (boundary-pegged),0.005781903842335498,12.0,37.0,184.0
2024-08-26,pegged,calibration rejected (boundary-pegged),0.004287388389399138,12.0,33.0,184.0
2024-08-27,pegged,calibration rejected (boundary-pegged),0.0053064022431666,12.0,40.0,182.0
2024-08-30,pegged,calibration rejected (boundary-pegged),0.004502840270268318,12.0,25.0,182.0
2024-09-03,pegged,calibration rejected (boundary-pegged),0.007912153130609372,12.0,29.0,184.0
2024-09-04,pegged,calibration rejected (boundary-pegged),0.005115035003796068,12.0,44.0,185.0
2024-09-05,pegged,calibration rejected (boundary-pegged),0.006440225777858517,12.0,31.0,183.0
2024-09-06,pegged,calibration rejected (boundary-pegged),0.009989441882388051,12.0,23.0,185.0
2024-09-09,pegged,calibration rejected (boundary-pegged),0.005030027102851917,12.0,35.0,183.0
2024-09-10,pegged,calibration rejected (boundary-pegged),0.0053093585531263955,12.0,29.0,185.0
2024-09-11,pegged,calibration rejected (boundary-pegged),0.00993275510047515,12.0,28.0,182.0
2024-09-12,pegged,calibration rejected (boundary-pegged),0.005178456383426575,12.0,36.0,183.0
2024-09-16,pegged,calibration rejected (boundary-pegged),0.004589695175805125,12.0,26.0,183.0
2024-09-17,pegged,calibration rejected (boundary-pegged),0.0046415920435833235,12.0,30.0,187.0
2024-09-18,pegged,calibration rejected (boundary-pegged),0.005599202909373943,12.0,32.0,183.0
2024-09-19,pegged,calibration rejected (boundary-pegged),0.004841266541210994,12.0,28.0,183.0
2024-09-20,pegged,calibration rejected (boundary-pegged),0.004866521266565282,12.0,33.0,187.0
2024-09-23,pegged,calibration rejected (boundary-pegged),0.005667476855336915,12.0,29.0,183.0
2024-09-24,pegged,calibration rejected (boundary-pegged),0.00660450378756326,12.0,44.0,184.0
2024-09-25,pegged,calibration rejected (boundary-pegged),0.007067912523591382,12.0,46.0,186.0
2024-09-26,pegged,calibration rejected (boundary-pegged),0.005429256440920275,12.0,29.0,184.0
2024-09-30,pegged,calibration rejected (boundary-pegged),0.007562488003212041,12.0,35.0,189.0
2024-10-01,pegged,calibration rejected (boundary-pegged),0.007383766516853857,12.0,34.0,183.0
2024-10-02,pegged,calibration rejected (boundary-pegged),0.007103951550174464,12.0,34.0,182.0
2024-10-03,pegged,calibration rejected (boundary-pegged),0.006623619478013464,12.0,35.0,183.0
2024-10-04,pegged,calibration rejected (boundary-pegged),0.007177694222437813,12.0,38.0,182.0
2024-10-07,pegged,calibration rejected (boundary-pegged),0.007430780351363045,12.0,32.0,183.0
2024-10-08,pegged,calibration rejected (boundary-pegged),0.0075838778930121436,12.0,36.0,186.0
2024-10-10,pegged,calibration rejected (boundary-pegged),0.009684992197849646,12.0,39.0,185.0
2024-10-11,pegged,calibration rejected (boundary-pegged),0.010198280462487377,12.0,27.0,186.0
2024-10-14,pegged,calibration rejected (boundary-pegged),0.007947590367242801,12.0,27.0,182.0
2024-10-15,pegged,calibration rejected (boundary-pegged),0.00756741895510248,12.0,50.0,185.0
