date,spot_price,risk_free_rate,dividend_rate,theta,kappa,rho,eta,v0,feller,iv_rmse,rmse,n_helpers,accepted,n_maturities,n_strikes,contracts_count,total_volume,spot_min,spot_max,spot_range_pct,high_move,calculation_date
2012-01-03,1280.2781,0.001578,0.020857999999999998,0.16605313464250976,0.789841582481721,-0.871079738152307,0.7743975950153106,0.04623463689665631,-0.3373802938813166,0.013210072807818309,0.1549193579893855,148,True,10,65,148,411532,1258.86,1284.62,0.02046295854979907,False,2012-01-03 16:19:32.944
2012-01-04,1274.5341,0.001578,0.020857999999999998,0.1794431816982554,0.7337370396706444,-0.8430547876816189,0.8637843115528966,0.04700906492779948,-0.48279511902819255,0.013896897493539078,0.1911460991534955,150,True,12,57,150,333753,1268.15,1278.73,0.008342861648858557,False,2012-01-04 16:18:53.950
2012-01-05,1274.7639,0.001776,0.020865,0.07653718530328404,6.530933048377559,-0.8622052468119175,1.394627652020244,0.03450805234554183,-0.9452678219254691,0.011004560521308696,0.09200164292576887,146,True,10,49,146,367118,1265.26,1283.05,0.014060351232157764,False,2012-01-05 16:19:56.174
2012-01-06,1278.3834,0.001675,0.020933999999999998,0.15449677641425144,0.901605354952532,-0.8788497970187911,0.7970086242678344,0.03687005602216961,-0.3566325052813197,0.013952274042420673,0.20984597878535274,113,True,9,48,113,403252,1273.41,1281.76,0.006557196817992494,False,2012-01-06 16:14:54.855
2012-01-09,1279.1743,0.001675,0.020933999999999998,0.11054241256324497,2.1415469898392425,-0.8470200668413835,1.1217381474703125,0.036230854761772124,-0.7848329297413588,0.012113951475021121,0.20938817870845536,137,True,11,58,137,397522,1274.75,1281.99,0.005679545008825171,False,2012-01-09 16:17:32.665
2012-01-10,1293.0522,0.0015229999999999998,0.020710000000000003,0.10696939380427783,2.050992324630243,-0.8454341668012278,1.0721873407230667,0.03258177502502734,-0.710798882280954,0.010911666435873891,0.10040549968399903,146,True,11,54,146,509328,1280.77,1296.46,0.012250443092826968,False,2012-01-10 16:16:41.310
2012-01-11,1289.2819,0.001675,0.020712,0.13480893897539487,1.0456803526987672,-0.9040062559478255,0.7711743175388829,0.03466565169495464,-0.31277571032208684,0.013074567124795808,0.1629200900766376,136,True,10,53,136,411236,1285.41,1293.79,0.006519320683672891,False,2012-01-11 16:18:11.721
2012-01-12,1291.4992,0.001675,0.020712,0.08409167159376969,5.085633341668971,-0.836435233479224,1.5264372831447655,0.03082443632093496,-1.4746919617464673,0.013340142518874982,0.19002315484344895,141,True,10,56,141,451180,1285.77,1296.82,0.00859407203465623,False,2012-01-12 16:19:07.704
2012-01-13,1284.7581,0.000967,0.020777999999999998,0.15424905171399025,1.1325075664451916,-0.8654545466951817,0.9632938162781173,0.03615866608816156,-0.57855854011348,0.019087706373074647,0.1903980422875476,134,True,10,53,134,494918,1277.58,1295.5,0.014026518887271244,False,2012-01-13 16:17:52.310
2012-01-17,1297.2946,0.000967,0.020705,0.1237763782597859,1.8457922852297681,-0.7505231978301731,1.4938023447391118,0.04648598888664157,-1.7745144769768793,0.00811292598877045,0.0664313081284961,118,True,9,55,118,365222,1290.88,1302.92,0.009326970748636532,False,2012-01-17 16:19:52.232
2012-01-18,1298.653,0.001017,0.020491000000000002,0.10948178177891586,1.5641700649521175,-0.8451043589868105,0.9844941614378847,0.044746197238767514,-0.6267325024728831,0.0070510119476706636,0.07060321097924853,126,True,9,60,126,843906,1291.05,1308.04,0.013159831145191925,False,2012-01-18 16:19:27.025
2012-01-19,1313.1197,0.001017,0.020395,0.09285825796964212,4.02135206125991,-0.8015884086921948,1.7860897862500646,0.03138771598239412,-2.443285230364352,0.009745509307998288,0.13224299323827618,134,True,10,49,134,519270,1308.07,1315.47,0.0056571895999451005,False,2012-01-19 16:19:09.253
2012-01-23,1316.1526,0.001017,0.020457999999999997,0.13174640510145916,1.6683458337726575,-0.7816121163112344,1.5747498517543055,0.03559132997166016,-2.040239963469119,0.011126347428435154,0.17907116458438785,143,True,10,59,143,417182,1309.89,1322.26,0.009443541060699667,False,2012-01-23 16:19:46.734
2012-01-25,1316.3401,0.000967,0.020305,0.09768201811558257,2.4093039421818596,-0.8147898482514991,1.2945958540536169,0.027923859221924183,-1.2052870826805078,0.007378829482696477,0.08621875866184624,128,True,9,53,128,333136,1307.75,1328.3,0.01571401261709049,False,2012-01-25 16:17:22.209
2012-01-26,1323.0697,0.001017,0.020427,0.11265996730130184,1.1424367203118344,-0.8422949575127738,0.7665219337068793,0.02643098043307835,-0.3301421077454578,0.009804647065041255,0.12080715964098968,168,True,12,53,168,561062,1313.6,1333.47,0.015126370280146295,False,2012-01-26 16:15:38.183
2012-01-27,1315.597,0.0010680000000000002,0.020481,0.08205653666289119,4.37279292065616,-0.7285551101472453,1.9303884405033132,0.028997440729570473,-3.0087670460027067,0.0070959977761241065,0.07390058637979077,138,True,10,48,138,388472,1311.72,1319.99,0.006304699173604211,False,2012-01-27 16:19:45.887
2012-01-30,1307.3423,0.001119,0.020534,0.09945256985689428,1.5409498747228407,-0.8534911553638629,0.7663055374113658,0.030630834670679893,-0.28072132654363047,0.0062240331453558085,0.0908286997667506,124,True,8,47,124,334109,1300.54,1316.16,0.01201039568179385,False,2012-01-30 16:19:16.467
2012-01-31,1312.0914,0.001119,0.020543999999999996,0.08948371930703632,2.0126776496009997,-0.8553077112647903,0.8544748072715413,0.02887405367334749,-0.36992343255685484,0.007829656126554188,0.08805717217477446,136,True,9,58,136,279462,1306.78,1321.41,0.011195457536846476,False,2012-01-31 16:19:32.133
2012-02-01,1326.3746,0.001017,0.020402999999999998,0.11925951587784607,1.5004688350592983,-0.791949588623371,1.205819682799449,0.030078026731848707,-1.0961107337086287,0.008855093565463379,0.1288812453115729,158,True,11,55,158,548072,1312.45,1330.42,0.013691950169530287,False,2012-02-01 16:17:27.145
2012-02-02,1325.8495,0.0012720000000000001,0.020387,0.09261734965835541,2.0030593054935957,-0.8198564921668823,0.9470040326587609,0.023729398909735785,-0.5257805497053096,0.00840100495639338,0.11586778067962579,145,True,10,50,145,326913,1321.57,1329.19,0.0057658693826283525,False,2012-02-02 16:18:23.720
2012-02-03,1342.3373,0.001527,0.020125,0.12265057802011138,1.069731791911838,-0.8218244665000662,0.917585825575539,0.023490539437744328,-0.5795573020881906,0.009852136550530207,0.2031804285189688,159,True,11,63,159,844487,1326.21,1345.34,0.014424563229051168,False,2012-02-03 16:18:17.180
2012-02-06,1341.8198,0.001527,0.020125,0.12188758680286563,0.9910250419960634,-0.8428078105142037,0.8067282724359693,0.02513824303514715,-0.40922320388730615,0.007111222074279015,0.10259603715241779,139,True,10,53,139,309005,1337.52,1344.36,0.005113942221424583,False,2012-02-06 16:18:29.000
2012-02-08,1347.6731,0.001573,0.020081,0.1310106467984958,0.7866379282344996,-0.8486707564555697,0.7128407349833976,0.025141974299754545,-0.3020260259032094,0.00929609840904685,0.13062538364274784,156,True,11,56,156,396798,1342.16,1351.0,0.006586398044942321,False,2012-02-08 16:20:03.339
2012-02-09,1350.4251,0.001573,0.020081,0.13178615661903537,1.4026555295541052,-0.7833560042420668,1.370892394320356,0.028669353714074614,-1.5096447942046516,0.012502352571130582,0.2565522816333605,151,True,11,53,151,519778,1344.63,1354.28,0.007176695447818293,False,2012-02-09 16:18:39.424
2012-02-10,1340.6685,0.0015229999999999998,0.0202,0.14169297484605947,0.9346036754837864,-0.8364685736812169,0.9046698378174991,0.03332825627071069,-0.5535739652940224,0.010035527005439946,0.17812381767312635,158,True,12,60,158,696597,1337.35,1351.95,0.01091711219949909,False,2012-02-10 16:17:22.758
2012-02-13,1350.0178,0.0016289999999999998,0.020104999999999998,0.14731287848286967,1.0927755083516424,-0.7798569642453872,1.2774497056821115,0.03642217794318003,-1.30991793920559,0.008813752503302122,0.1830233242134148,125,True,9,57,125,456122,1343.06,1353.32,0.007639271514303214,False,2012-02-13 16:19:37.873
2012-02-14,1346.4541,0.0016289999999999998,0.020155,0.14117569547799166,1.0102732336948912,-0.823074752719555,0.9760822699900013,0.03481738394614111,-0.667484545009482,0.007906102622957862,0.11789002555079875,139,True,10,61,139,434712,1340.83,1351.3,0.00780859616804519,False,2012-02-14 16:18:24.797
2012-02-16,1352.2657,0.001527,0.020093999999999997,0.11329022425495497,2.494017829428098,-0.8415728343005081,1.5385703519898704,0.030997545859407068,-1.8021030496387032,0.010784480144581856,0.109200717654519,155,True,11,53,155,579329,1341.22,1359.02,0.013271499082924576,False,2012-02-16 16:16:03.569
2012-02-22,1358.7862,0.001527,0.020111,0.14495147677412354,1.4789065447573255,-0.7776749991002976,1.5162374688764317,0.0293537768377782,-1.8702366866778266,0.009873624622135981,0.18643864015885242,135,True,10,56,135,534889,1355.61,1362.7,0.0052301178067439835,False,2012-02-22 16:18:34.784
2012-02-24,1366.5133,0.001578,0.020028,0.10248754305565763,2.463313509339066,-0.7854449650663466,1.5446333461821897,0.020250803809880324,-1.8809742754420469,0.0074088132350882486,0.1879124859823979,121,True,8,52,121,474709,1363.46,1368.88,0.003975180790048993,False,2012-02-24 16:16:42.743
2012-02-27,1366.104,0.001578,0.020021,0.11289083588206013,2.291603731559165,-0.8003728156161521,1.6660388255175829,0.026172313627647627,-2.2582832465996825,0.008077617007976143,0.11740541098933219,154,True,11,64,154,375335,1354.99,1371.94,0.012509317411936616,False,2012-02-27 16:19:08.776
2012-02-28,1370.8432,0.001578,0.019975,0.12328785255560266,2.1238484064682632,-0.7922958526496879,1.8363900713749652,0.028910860260470305,-2.848639075870328,0.011051387332047363,0.26943673096461324,148,True,10,58,148,404700,1366.08,1373.09,0.0051314710705083755,False,2012-02-28 16:19:37.706
2012-02-29,1370.6063,0.001578,0.020087,0.11081954934550566,2.21765932970952,-0.8309393264120821,1.5606527009962718,0.026661448589691036,-1.9441168380864282,0.00779859502489306,0.11826303747406167,161,True,12,57,161,452709,1363.81,1378.04,0.010434004736730174,False,2012-02-29 16:18:48.272
2012-03-01,1372.2943,0.001017,0.019892,0.11048220581525942,1.669641517517382,-0.7974377667064779,1.1090227036756446,0.02078737264234099,-0.8610000017159216,0.008444172809996322,0.14090215384355154,161,True,12,50,161,480003,1365.9,1376.15,0.0075042096786002155,False,2012-03-01 16:16:53.057
2012-03-02,1370.3347,0.001221,0.019957,0.11476880971025805,1.6266984467002963,-0.8382142881908746,1.1149066539784305,0.02135631561532928,-0.8696283581147424,0.008106914636529263,0.12774474275521092,141,True,10,51,141,333478,1366.42,1374.52,0.005927899181803475,False,2012-03-02 16:19:15.569
2012-03-05,1362.981,0.001777,0.020038999999999998,0.12710113881474155,1.7745805522550244,-0.806527734413648,1.487368143078526,0.025960857677723544,-1.7611615748246492,0.009501844949391264,0.14612851747605937,158,True,12,66,158,366889,1359.13,1369.59,0.007696099710844395,False,2012-03-05 16:18:26.655
2012-03-06,1344.4069,0.001777,0.020038999999999998,0.13337978814181245,1.7174898566263614,-0.8432227689531361,1.4095659305477541,0.034881113759535565,-1.528719246135884,0.007322363985346659,0.06860330781010025,148,True,11,56,148,626016,1340.03,1363.63,0.017611546010164014,False,2012-03-06 16:19:45.864
2012-03-08,1363.5445,0.001573,0.020146999999999998,0.11720998021224577,1.7083549646943035,-0.8143849103533894,1.1984395149935063,0.022800068617749893,-1.0357847678832486,0.00761930300390148,0.10815935560125534,130,True,9,49,130,502896,1352.65,1368.72,0.011880382951983126,False,2012-03-08 16:18:48.221
2012-03-09,1371.9708,0.001573,0.019995,0.10816397696813802,2.7911108395965143,-0.7769202094066496,1.9978341316648742,0.022851966418425858,-3.3875459205058664,0.008550859184745054,0.1538608896891217,145,True,11,51,145,518944,1365.97,1374.76,0.006434987591235508,False,2012-03-09 16:16:59.566
2012-03-12,1369.7566,0.001675,0.020005000000000002,0.11770820272239779,2.2148948126840775,-0.7553690323094914,1.9942385221721912,0.027482784095170774,-3.4555647080751157,0.011958516270151268,0.428157505108259,124,True,10,58,124,305821,1366.72,1373.04,0.004624209786935118,False,2012-03-12 16:14:53.358
2012-03-13,1383.8038,0.001878,0.01968,0.11122660841057667,1.6911459625551086,-0.8035123837912735,1.3241912464088905,0.021864024858282146,-1.3772815975814414,0.007047289053419572,0.14325717934651422,142,True,10,56,142,596775,1371.92,1396.13,0.017646801562773318,False,2012-03-13 16:19:01.235
2012-03-14,1395.0612,0.00198,0.01977,0.11744310389981122,1.288520784546903,-0.8127946291061572,1.0480766952418015,0.022883253722402744,-0.7958089983557596,0.007890124216008945,0.09617971057979441,146,True,11,55,146,452083,1389.97,1399.41,0.006791513485902678,False,2012-03-14 16:15:46.878
2012-03-15,1398.7392,0.001929,0.019656,0.11977402589725329,1.1066995459447277,-0.8463772026221789,0.8440204602258634,0.01977651589942222,-0.44726281712695376,0.009711532091676495,0.12467445832978853,146,True,11,50,146,560221,1392.85,1402.63,0.0070215744696127125,False,2012-03-15 16:18:24.226
2012-03-16,1404.2632,0.001929,0.019635,0.10725537078940346,1.970530447208771,-0.7682301145396893,1.4677271731493569,0.019321375274755432,-1.7315231072666304,0.008728408590989126,0.12174466550101573,135,True,9,45,135,499268,1401.52,1405.88,0.0031109081568583274,False,2012-03-16 16:18:20.295
2012-03-19,1409.9151,0.00198,0.019481,0.0898877685131771,2.500936412435289,-0.7846496627796871,1.4200857781541105,0.018311897216104444,-1.5670364307012479,0.00698861327847439,0.12751342860080722,163,True,12,54,163,562674,1402.47,1413.92,0.008164167504474351,False,2012-03-19 16:19:26.893
2012-03-20,1403.3243,0.00198,0.01954,0.09244042798822422,2.5361283306009734,-0.783945168996239,1.5284274454045368,0.021183537072853732,-1.8672088792382093,0.007036145079424348,0.11989761848484044,137,True,11,50,137,476741,1397.68,1409.59,0.008521263808596968,False,2012-03-20 16:19:38.110
2012-03-21,1404.7443,0.001878,0.01958,0.09433992403211475,1.8806392615984842,-0.8150484089825115,1.1519595564625933,0.01843186789805644,-0.9721720895834679,0.006948139231564765,0.10948995665522852,145,True,11,48,145,653011,1400.64,1407.75,0.00507625085675123,False,2012-03-21 16:17:57.130
2012-03-22,1392.7061,0.001827,0.019764999999999998,0.11864686213699714,1.1654443315893404,-0.8209043060677371,0.9959683088686954,0.023064249587368267,-0.7154002463939185,0.006052248687204025,0.08592643262438479,161,True,12,56,161,514221,1388.73,1402.89,0.010196366464323647,False,2012-03-22 16:18:08.628
2012-03-23,1394.7097,0.001726,0.019704,0.1200897865638416,1.5680709391959007,-0.7809083319735877,1.5736590595740827,0.024215606278002903,-2.0997842269695894,0.008790698170444883,0.14084315898865657,128,True,10,53,128,273331,1386.94,1399.13,0.008789132911301234,False,2012-03-23 16:16:37.799
2012-03-26,1411.9875,0.001726,0.019406,0.09882150334109538,1.329280359725676,-0.794697493405445,1.01068793218855,0.018400719562921296,-0.7587671292518005,0.006169403024157137,0.11282537765146058,135,True,10,53,135,426809,1397.11,1416.58,0.01393591055822374,False,2012-03-26 16:18:28.121
2012-03-27,1416.529,0.0016239999999999998,0.019479,0.1370320711500674,0.7311051032044853,-0.80248292136086,0.8909180413557475,0.020241709697820954,-0.5933652633721725,0.006083228885166474,0.14201532603207054,139,True,11,53,139,408675,1411.95,1419.14,0.005092248309076064,False,2012-03-27 16:19:44.962
2012-03-28,1406.45,0.001675,0.019617,0.09422304409305972,1.3841039914844302,-0.788861014168076,0.9778170520746265,0.022637814956193443,-0.695297204489878,0.007101451086715427,0.12547945131154367,138,True,10,61,138,503110,1397.24,1413.65,0.011744582176290486,False,2012-03-28 16:18:36.242
2012-03-29,1396.3558,0.001675,0.019652,0.08745645514770305,2.0045198103640183,-0.8033732795247297,1.2395893476577846,0.0246053605817406,-1.185965357051086,0.006044920775974524,0.07941676506896991,136,True,10,60,136,386553,1391.83,1405.39,0.009742569135598567,False,2012-03-29 16:18:08.448
2012-03-30,1407.9328,0.001675,0.019583,0.09443852915717019,1.5920789323402298,-0.8028934221127988,1.1444455630538881,0.020853557950867564,-1.0090484614490727,0.0066166515410903915,0.13040450370484719,135,True,11,59,135,378476,1401.42,1410.89,0.006757431747798748,False,2012-03-30 16:19:26.517
2012-04-02,1417.6171,0.001675,0.019583,0.10291083676474551,1.584142603276731,-0.7741086387806012,1.3740151529574114,0.021431895288981737,-1.561866758840797,0.007773547016270352,0.14678654289475687,132,True,9,58,132,538517,1404.46,1422.38,0.01275935234894554,False,2012-04-02 16:18:51.566
2012-04-03,1413.0624,0.001675,0.019583,0.10942558166007493,1.3147818503899122,-0.7558112016039316,1.2309812541380631,0.022647026221593505,-1.2275733105692672,0.006572177508463696,0.1674627122583737,139,True,11,53,139,377978,1404.62,1419.0,0.01023764434508978,False,2012-04-03 16:17:22.730
2012-04-04,1398.417,0.001878,0.019792,0.12428632004611813,1.1015333867697883,-0.8031989494536862,1.1018871024206953,0.026489535473324784,-0.9403441243819671,0.007944028215803976,0.17318041686211416,148,True,12,56,148,447522,1394.09,1413.09,0.013628962262120847,False,2012-04-04 16:17:31.231
2012-04-05,1397.7724,0.001726,0.019818,0.10577164596518451,1.5749698778734194,-0.7842848141265518,1.206300019966336,0.022158971341906836,-1.1219854255142683,0.009612720244913456,0.21718048988145564,152,True,11,64,152,504803,1392.92,1401.59,0.006224334491571559,False,2012-04-05 16:19:36.680
2012-04-09,1382.724,0.001573,0.020052,0.12888142561959645,0.968360420714324,-0.8282771017309585,0.9397265977505681,0.029306848062315424,-0.6334787354493494,0.009515758152747314,0.1415056528769308,140,True,10,56,140,502306,1378.24,1397.45,0.013938065939168798,False,2012-04-09 16:17:43.587
2012-04-10,1365.7068,0.001573,0.020405000000000003,0.1420487076344945,0.9144050110472552,-0.8235226878196058,1.0205768762533391,0.03782194553395034,-0.7817970601954869,0.00881008336249966,0.10291863443423171,154,True,11,66,154,865533,1357.38,1383.0,0.018874596649427478,False,2012-04-10 16:19:45.732
2012-04-11,1371.021,0.001573,0.020405000000000003,0.14728625892887304,1.0043871606543744,-0.8058469258884058,1.1364532908141047,0.03403502541303942,-0.9956612273842566,0.010544344712601439,0.13226674625867213,150,True,12,50,150,522683,1358.98,1374.71,0.011574857613798617,False,2012-04-11 16:18:32.955
2012-04-12,1383.6251,0.001675,0.020005000000000002,0.147381832990644,1.2092562625852759,-0.8135476509706984,1.3969017895826195,0.032697748584308926,-1.5948898006686578,0.013352336425617792,0.18876682731929498,150,True,11,65,150,557298,1368.77,1388.13,0.01414408556587321,False,2012-04-12 16:19:21.762
2012-04-13,1375.9605,0.0016239999999999998,0.020259999999999997,0.14289547172785777,0.9530877251706367,-0.8149525128602382,0.9445129040485415,0.02972667692684383,-0.6197207857416314,0.008571834606468357,0.11306861374266852,145,True,11,62,145,519422,1369.88,1387.61,0.012942739510029888,False,2012-04-13 16:19:03.051
2012-04-16,1370.4684,0.0016239999999999998,0.02027,0.14762996218982927,0.9988779044122322,-0.7628605917349858,1.3199244435317536,0.04278115086121071,-1.447271922111342,0.014959111519491848,0.21618832557595635,128,True,10,61,128,289621,1365.38,1379.66,0.010458626902400736,False,2012-04-16 16:17:53.750
2012-04-17,1387.4383,0.0016239999999999998,0.019962,0.11640412999518515,1.2790755717716447,-0.8344362023145738,1.0462048342383485,0.03039549165480432,-0.7967651969233458,0.005764018016439684,0.07325137530050056,129,True,9,55,129,368714,1369.57,1392.76,0.01693232182363813,False,2012-04-17 16:19:28.331
2012-04-18,1387.3966,0.001573,0.020043000000000002,0.11314864629444443,1.4252522926733833,-0.8058891184220466,1.1311676901332395,0.03264448014672475,-0.9570096081132753,0.0056768370739080426,0.10682184086751334,98,True,7,44,98,404829,1383.29,1390.78,0.005414627446161058,False,2012-04-18 16:19:19.500
2012-04-19,1380.6965,0.001573,0.020168,0.1452937544023993,0.9039200290494537,-0.8217846609012467,0.9953554275678842,0.03139791568650967,-0.7280645577886036,0.008196614773740066,0.10832542650380098,146,True,11,65,146,475224,1370.3,1390.46,0.014712106837918792,False,2012-04-19 16:18:30.435
2012-04-20,1383.816,0.001573,0.020146,0.11865698945614364,1.3358245318724438,-0.7867787199239743,1.1206767883164892,0.02763771028494393,-0.938906629084068,0.00482979584042403,0.11545376276733536,106,True,8,50,106,417714,1376.96,1387.4,0.007581919590982977,False,2012-04-20 16:17:38.683
2012-04-23,1363.4123,0.001573,0.020321,0.13526228272704677,1.1171481970350767,-0.8039366866191792,1.1362374364305394,0.037553531790435545,-0.988819481395506,0.006840962126304732,0.08371890871191702,155,True,12,59,155,412436,1358.79,1378.53,0.014527631201289415,False,2012-04-23 16:16:14.704
2012-04-24,1372.3964,0.001675,0.020246,0.11233980249947573,1.3656624247901792,-0.8187793847035263,1.0022145623925263,0.03074952722332709,-0.6975975349078752,0.005421044080358155,0.07174418292298494,122,True,10,41,122,327199,1366.82,1375.51,0.006357823268609009,False,2012-04-24 16:16:54.104
2012-04-25,1388.2609,0.001675,0.019986999999999998,0.1413280653054019,0.9065821408609699,-0.805299276935062,1.0434624021231125,0.02678295725069304,-0.8325627846279156,0.006506525055976798,0.16273673097334257,148,True,11,61,148,398793,1372.11,1391.3,0.013985759159251154,False,2012-04-25 16:19:58.796
2012-04-26,1395.5563,0.0016239999999999998,0.01986,0.14055736975684463,0.8329293731332194,-0.8245872451841942,0.89804009762069,0.021714097598969223,-0.5723272931729331,0.007911914779786597,0.16284012299693945,172,True,12,66,172,514145,1387.54,1402.09,0.010486184182077585,False,2012-04-26 16:17:20.631
2012-04-27,1401.3938,0.001675,0.019817,0.12491860818648934,1.0615382256983679,-0.7703139111644337,1.113997175788733,0.023526664980258842,-0.9757779522832823,0.007368506003095112,0.15363436671501204,140,True,11,61,140,394587,1397.31,1406.64,0.006677115314425608,False,2012-04-27 16:18:29.480
2012-04-30,1396.9313,0.001726,0.019905,0.12454510286049615,1.104153637600646,-0.740209770095438,1.188280696437713,0.027008196861288147,-1.1369771567889693,0.006602602179336094,0.15829871493724446,123,True,11,48,123,263721,1394.0,1403.26,0.0066427546628407,False,2012-04-30 16:17:06.927
2012-05-01,1409.1437,0.0009660000000000001,0.019793,0.14434976853069434,0.6817206752005716,-0.824932652620666,0.8000858774641323,0.02226624949953552,-0.4433249679819682,0.0073625044950637155,0.1596942740278366,145,True,11,54,145,384757,1396.05,1415.31,0.013796067476093299,False,2012-05-01 16:17:41.341
2012-05-02,1399.3932,0.0009660000000000001,0.019793,0.15362414654440074,0.7259499185932067,-0.782267085514353,1.0065079283430072,0.026146308687214674,-0.7900113364616148,0.00765652821802127,0.1628228521117271,155,True,11,72,155,394183,1393.92,1405.5,0.008307506887052396,False,2012-05-02 16:18:05.164
2012-05-03,1395.3857,0.001578,0.020057000000000002,0.14054674029369313,0.7340032064464765,-0.8242236053384924,0.8147785369889307,0.024699051257459175,-0.4575405482754803,0.005976389358222157,0.08223710762369449,162,True,12,59,162,346557,1388.71,1403.07,0.010340531860503654,False,2012-05-03 16:18:32.535
2012-05-04,1373.121,0.001827,0.020387,0.15647054726472825,0.707077747919284,-0.8005331112994989,0.9764612992051276,0.032665565130290765,-0.7322029844940818,0.00694591638283212,0.1134204327579215,170,True,12,64,170,554200,1367.96,1391.51,0.0172154156554285,False,2012-05-04 16:19:43.704
2012-05-07,1368.7126,0.001878,0.020381999999999997,0.21602553060818738,0.41527658144797436,-0.7999989802744295,0.8305381574342616,0.03292259162935905,-0.5103729432413927,0.005276774629522391,0.07234596700623451,157,True,12,64,157,392592,1363.94,1373.89,0.007295042303913757,False,2012-05-07 16:18:33.156
2012-05-08,1354.2725,0.001878,0.020381999999999997,0.1320726553177009,0.9239275786744988,-0.827322847794949,0.9421162168579694,0.036013122158174274,-0.6435318287931824,0.006869252341092358,0.09926361390263969,160,True,12,62,160,593517,1347.75,1369.16,0.015885735485067665,False,2012-05-08 16:17:43.495
2012-05-09,1353.5176,0.001573,0.020638,0.1550811170918392,0.695420951971197,-0.8366859216765354,0.8861920531700919,0.03833284955731011,-0.569643038940296,0.007449831570228879,0.07925783938791117,153,True,11,52,153,512080,1343.13,1363.7,0.015314973234161977,False,2012-05-09 16:19:17.090
2012-05-10,1360.8808,0.0016239999999999998,0.020596999999999997,0.12932220480346196,1.607771012932939,-0.7147109779440874,1.8622208868952246,0.041071162599752756,-3.052025647165671,0.012276487642179394,0.23339546800584324,155,True,12,59,155,602598,1354.58,1365.88,0.008342069128438379,False,2012-05-10 16:17:21.442
2012-05-14,1340.7893,0.001777,0.020866,0.13550449261079947,0.9879794375748404,-0.8150887271261805,1.0120207142864686,0.043357949980170445,-0.7564346213479305,0.0051795656935380635,0.09288911362541291,155,True,11,70,155,443466,1336.61,1351.93,0.011461832546517003,False,2012-05-14 16:19:35.757
2012-05-15,1337.9525,0.001777,0.021016,0.13891833858395075,0.748426296384556,-0.872390547932483,0.711892408149762,0.040027157964369814,-0.29885052548870317,0.006697871091772601,0.06459481479585423,150,True,10,68,150,488255,1328.41,1344.93,0.012435919633245751,False,2012-05-15 16:18:34.068
2012-05-16,1332.9094,0.001827,0.021145,0.14395730816656493,1.0027091837428814,-0.8213403445637932,1.018604970752039,0.0454309810086669,-0.7488614565097247,0.008280448178767002,0.061050785070653465,158,True,11,60,158,762836,1324.8,1341.75,0.012794384057970953,False,2012-05-16 16:19:33.513
2012-05-17,1316.0412,0.001878,0.021494,0.12320860429116562,1.6402209260546383,-0.8268546961000444,1.2165796943583391,0.05229719339841109,-1.0758874906683196,0.008124684503440612,0.06118988327742279,170,True,11,53,170,828601,1304.86,1326.36,0.016476863418297683,False,2012-05-17 16:18:51.013
2012-05-18,1303.4734,0.001878,0.021661,0.1508758879074259,0.8764338340748639,-0.9141009910448047,0.7981527195570967,0.051812378363636134,-0.37258229792008,0.008920030197670736,0.10718996750320993,177,True,12,71,177,766039,1291.98,1312.18,0.015634916949178734,False,2012-05-18 16:18:04.877
2012-05-21,1307.8569,0.001878,0.021326,0.1543646121035832,1.0621034086352512,-0.8487845761365979,1.068034057209084,0.05125048459774864,-0.8127943859827489,0.008763294683544828,0.08393252127252722,168,True,12,68,168,578585,1295.73,1315.95,0.01560510291495909,False,2012-05-21 16:19:29.388
2012-05-22,1322.1737,0.001878,0.021317,0.1470229761614331,0.9278470003291381,-0.8670429420778765,0.8829125831364694,0.04091808762161811,-0.5067049746390169,0.009408403958925542,0.08899580220145095,139,True,10,57,139,555772,1310.09,1328.43,0.013999038234014494,False,2012-05-22 16:19:59.577
2012-05-23,1305.1151,0.001878,0.021284,0.11489916878905798,2.669041808137802,-0.847198371977637,1.6514458296979602,0.05873294861665442,-2.1139319579902285,0.009853866847238279,0.09155527908301303,162,True,12,65,162,452170,1296.53,1320.62,0.01858036451142664,False,2012-05-23 16:19:35.389
2012-05-24,1317.6962,0.001878,0.021291,0.15682035784758694,0.961879061047768,-0.9033335196605523,0.8748324780743093,0.04268825016014617,-0.4636474275744131,0.010769148690342312,0.11908750679198414,176,True,12,56,176,569762,1310.5,1324.14,0.010408241129340023,False,2012-05-24 16:19:41.822
2012-05-25,1320.3158,0.001878,0.021364,0.1363532789596009,1.8124132321909696,-0.8183555842532815,1.4901790549256448,0.04701235847486621,-1.7263766416610737,0.010436299433042582,0.15591352194262473,156,True,12,63,156,359305,1314.26,1324.12,0.007502320697578835,False,2012-05-25 16:18:47.890
2012-05-29,1329.1811,0.001827,0.021156,0.12685652700287744,1.9472487751797425,-0.8110069931858768,1.4655067827329966,0.043527909493688836,-1.6536676965766004,0.009645549025612465,0.13917409057526173,138,True,11,57,138,468668,1318.9,1334.93,0.01215406778375927,False,2012-05-29 16:19:58.811
2012-05-30,1315.0355,0.001726,0.021497000000000002,0.1718633096154225,1.0008185242880652,-0.8236929654973684,1.1634601089799683,0.0491308266804659,-1.0096314573705398,0.009393247942781471,0.08261119361393099,140,True,11,54,140,423587,1310.76,1331.25,0.01563215233910098,False,2012-05-30 16:19:16.083
2012-05-31,1308.2994,0.001777,0.021560000000000003,0.14543693954125195,1.2855642819045339,-0.897677502945825,1.022927204180283,0.048646644207735276,-0.6724429955646052,0.010294158725725016,0.08822765763698022,169,True,12,50,169,629313,1298.97,1319.74,0.01598959175346626,False,2012-05-31 16:18:38.144
2012-06-01,1284.6411,0.000916,0.022105,0.19448264073343582,0.6623790709271297,-0.865389668209188,0.8981414741706557,0.06069549422504146,-0.5490156458645028,0.009911890939860838,0.1283626433799794,180,True,12,63,180,805214,1277.25,1309.87,0.02553924447054201,False,2012-06-01 16:18:54.475
2012-06-04,1274.0479,0.001827,0.022119,0.1602283763680772,1.1791675791755665,-0.8814008312104883,1.0780655276897055,0.06550990894596624,-0.784353068638529,0.008624252243509063,0.06351923292763006,172,True,12,62,172,595759,1266.74,1282.55,0.012480856371473115,False,2012-06-04 16:18:54.665
2012-06-05,1282.6093,0.001827,0.022119,0.14700308544154317,1.2407889597678774,-0.8950778624647903,0.9487401628542433,0.05510552235901835,-0.5353082856773347,0.0077419566683083405,0.07093509732809714,181,True,12,61,181,498724,1274.3,1287.51,0.010366475712155765,False,2012-06-05 16:18:13.062
2012-06-06,1307.0922,0.001726,0.021529,0.1991224795617922,0.7766274812788466,-0.8167798665967092,1.023104784870864,0.048078754216530274,-0.7374554212895106,0.00975576277867761,0.1427918414854841,174,True,12,60,174,752301,1285.61,1315.13,0.022961862462177685,False,2012-06-06 16:16:26.236
2012-06-07,1322.1083,0.001827,0.021535000000000002,0.19713935941274602,0.7000993991789289,-0.8038336392352917,0.9694735421352152,0.04127168152563524,-0.6638446547414361,0.010571701797656652,0.13339853546270622,173,True,12,55,173,714859,1312.68,1329.05,0.012470670688972119,False,2012-06-07 16:19:07.125
2012-06-08,1318.7591,0.0016239999999999998,0.021368,0.24590296907668624,0.4910562105581734,-0.8845337915390558,0.80106001943928,0.038875208028214384,-0.40019279442445715,0.011224162105406532,0.12336224359383349,170,True,12,58,170,555459,1307.78,1325.81,0.01378672253742974,False,2012-06-08 16:19:46.847
2012-06-11,1320.9062,0.001777,0.021646000000000002,0.20436024047874757,0.6546647244055086,-0.8257244912429365,1.0239276391940368,0.04776831452491306,-0.7808529292805482,0.010883403812522008,0.100038167117704,152,True,11,53,152,327540,1307.73,1335.39,0.021151155054942583,False,2012-06-11 16:19:27.815
2012-06-12,1315.6852,0.001675,0.021398999999999998,0.1827057951732902,0.96440446189123,-0.8285017520124681,1.354657037818841,0.05994483594951262,-1.4826911219551042,0.008844954943049528,0.07608710808260234,165,True,12,68,165,321323,1306.62,1324.31,0.013538748832866432,False,2012-06-12 16:17:57.705
2012-06-13,1321.1223,0.001675,0.021601,0.15395758421225614,1.3538781193181721,-0.8526431895672756,1.3250513105192463,0.060031132927181825,-1.338881366372655,0.00749495451511685,0.061235581674639425,146,True,10,56,146,349993,1310.51,1327.25,0.01277365300531863,False,2012-06-13 16:16:15.641
2012-06-14,1324.836,0.001675,0.021373000000000003,0.15933762237381918,1.2043829721653592,-0.838819387228167,1.3472953766144202,0.060574922937634466,-1.4313977934219086,0.009167669360358994,0.06833524964874889,161,True,12,58,161,503057,1314.14,1333.68,0.014869039828328656,False,2012-06-14 16:19:39.390
2012-06-15,1337.8585,0.0016239999999999998,0.021135,0.19488844472301534,0.8377255308944023,-0.8199995753399651,1.2422435215212198,0.04857244655699733,-1.2166429151198965,0.008141464170703022,0.10178536530896577,165,True,12,57,165,559714,1329.19,1343.32,0.01063053438560324,False,2012-06-15 16:18:45.815
2012-06-18,1342.9877,0.001675,0.02106,0.15515395364456452,1.22493666867838,-0.8305801918707713,1.2709456870906135,0.03760379460249675,-1.2351954053149266,0.008147178214519865,0.07674874663905487,152,True,11,57,152,487871,1334.63,1348.22,0.010182597424005069,False,2012-06-18 16:16:02.541
2012-06-19,1358.299,0.001675,0.020857999999999998,0.16427945944209094,0.9619182475560829,-0.8565770153853733,1.0236162844202419,0.0276542131732106,-0.7317434782583081,0.0044827506185930845,0.06064085018532139,168,True,11,60,168,570190,1344.83,1363.46,0.013853052058624638,False,2012-06-19 16:16:20.191
2012-06-20,1355.8433,0.001726,0.020895,0.16703412522565866,1.0426112125418527,-0.7872681671894621,1.2400208591058008,0.03081263556052818,-1.189348427342705,0.008280640385099677,0.07966081544897888,134,True,9,43,134,663052,1346.45,1361.57,0.011229529503509195,False,2012-06-20 16:18:03.604
2012-06-21,1339.5303,0.001726,0.021389000000000002,0.1332987773096537,1.1863858079883598,-0.7635071349805158,0.9445084260433473,0.029958874371268127,-0.5758086116221333,0.009794069206527046,0.09087114641852038,166,True,11,50,166,629665,1324.41,1358.27,0.02556610113182467,False,2012-06-21 16:18:14.893
2012-06-22,1331.5499,0.001726,0.021237,0.12480540700348859,1.3245619920478922,-0.8871785004281311,0.8652710413312902,0.028105060872194696,-0.41806897792875763,0.006737927911317324,0.06514586884856166,147,True,11,50,147,405615,1325.92,1337.79,0.008952274647037406,False,2012-06-22 16:19:35.250
2012-06-25,1313.725,0.001726,0.021602999999999997,0.15726832899069879,0.9532407188864738,-0.8407094453469681,0.9289406627466852,0.03771163149562399,-0.5631016049339144,0.005534264732891714,0.07846387262528987,171,True,12,63,171,453822,1309.31,1334.9,0.019544645653053916,False,2012-06-25 16:16:23.311
2012-06-27,1330.6406,0.00198,0.021342,0.14753824220149286,0.9318697925204157,-0.8568308538511202,0.7935031711009812,0.031204702057110064,-0.35467442024904905,0.0062767834835559646,0.05804833646282289,129,True,9,45,129,352410,1320.71,1334.39,0.010358064980200199,False,2012-06-27 16:18:37.718
2012-06-28,1319.385,0.002031,0.021516999999999998,0.12770957935697955,1.4271395162027425,-0.8042785121040353,1.0704501000209352,0.035408905024853554,-0.7813446420388792,0.007689061973602173,0.08327462972990345,156,True,11,57,156,324434,1313.37,1331.52,0.013819411133191739,False,2012-06-28 16:16:10.781
2012-06-29,1354.9097,0.002031,0.020989,0.10346494557425441,1.1913610186439794,-0.9066524552540464,0.6095236170193044,0.022563267435606892,-0.12499083379772039,0.0072816168972282,0.08448445967949776,182,True,12,56,182,582140,1330.12,1362.17,0.024095570324482063,False,2012-06-29 16:18:01.488
2012-07-02,1360.6906,0.0012720000000000001,0.020972,0.11792794688315411,1.1459731156428836,-0.7913547912083748,0.8305660806740947,0.0233950334653326,-0.4195555009442135,0.00682612482483214,0.11927411317140948,179,True,12,53,179,499985,1355.8,1366.35,0.0077813836849092155,False,2012-07-02 16:18:59.889
2012-07-03,1371.1438,0.001726,0.020868,0.17258487408767703,0.6286371933105075,-0.8293372977514517,0.7841711586017628,0.021235455742715507,-0.39793786427418176,0.0075858159283284125,0.11739560944070764,172,True,12,56,172,321839,1363.75,1374.81,0.008109990834097136,False,2012-07-03 13:15:47.089
2012-07-05,1369.2935,0.001726,0.020968,0.11525566105810606,1.2007890246738404,-0.850422736644187,0.818767296794942,0.023442439663793647,-0.3935844206406928,0.006850339824658177,0.0892595127393376,172,True,12,56,172,413598,1363.07,1373.85,0.007908618046028382,False,2012-07-05 16:17:54.167
2012-07-06,1352.6103,0.001675,0.021182,0.2199547736545034,0.5430949242227547,-0.7569167236533673,0.8538332908239419,0.025451039648957122,-0.4901186462585908,0.006196961999601033,0.09637570056374814,168,True,12,58,168,303345,1348.03,1367.09,0.014139151205833755,False,2012-07-06 16:18:15.495
2012-07-09,1349.9455,0.0016239999999999998,0.021217,0.12390630109869857,1.2057489506935075,-0.7800582998009321,1.0045414522218374,0.02765936956334129,-0.7103037441638189,0.007004324657353477,0.13231329605167189,168,True,12,62,168,352572,1346.69,1354.85,0.006059300952706126,False,2012-07-09 16:19:42.244
2012-07-10,1347.9538,0.0016239999999999998,0.021217,0.10924766313033187,1.3476320801575823,-0.8306046981228601,0.8746518111947518,0.027492645007420626,-0.47056447979289184,0.00825160521825223,0.09848102169876534,163,True,11,62,163,439999,1336.27,1361.52,0.018895881820290894,False,2012-07-10 16:14:53.880
2012-07-11,1340.1668,0.001675,0.021402,0.16815484644686257,0.6906481617197338,-0.8144396606891747,0.8730474480377685,0.0307541848789648,-0.5299401753596805,0.007723189731016891,0.1533269278575972,159,True,11,62,159,424739,1333.45,1345.0,0.008661742097566538,False,2012-07-11 16:19:57.572
2012-07-12,1331.6023,0.001675,0.021511999999999996,0.14638529680814014,1.5961965996041658,-0.7245811058097333,1.934367342984772,0.03889026605632582,-3.2744575916115672,0.01183779111569242,0.16486994652590237,176,True,12,62,176,543706,1325.46,1341.29,0.011943023554086718,False,2012-07-12 16:16:29.618
2012-07-13,1351.858,0.001675,0.021166,0.10994005607874649,1.1637875402798634,-0.8467293001531272,0.7651730363765663,0.02310334873524178,-0.32959604071350485,0.007666560070772226,0.09418729776388594,165,True,11,59,165,610848,1334.81,1357.63,0.017096066106786934,False,2012-07-13 16:16:53.986
2012-07-16,1353.544,0.0016239999999999998,0.021215,0.14025769976703387,0.8776459242793914,-0.7529910067009212,0.9698958053499546,0.026830175240964028,-0.6945046761367574,0.007173913329142371,0.08585255676062073,169,True,12,72,169,277080,1348.66,1357.26,0.006376699835392019,False,2012-07-16 16:18:44.725
2012-07-17,1356.7075,0.001675,0.021059,0.13502274815298485,0.8078655595496692,-0.8337098254480745,0.7724619725937243,0.024260040945688056,-0.3785370431262973,0.00809337413357601,0.11832763098312296,172,True,12,57,172,398290,1345.07,1365.36,0.015084716780539242,False,2012-07-17 16:15:38.423
2012-07-18,1369.7827,0.001573,0.020814,0.13792607704103255,0.8404147212400319,-0.8158614284399582,0.7841749103830568,0.021447973614975746,-0.38310007889793407,0.0077959985428963235,0.18824316306791122,176,True,12,57,176,660938,1358.96,1375.24,0.011979749219991787,False,2012-07-18 16:19:14.232
2012-07-19,1376.0039,0.001573,0.020772,0.1265360592011085,1.0175336958393015,-0.7755549646579414,0.8925249989134804,0.020864051131338924,-0.5390914657338189,0.008110851687776392,0.11002467585148853,161,True,11,51,161,550404,1371.21,1380.35,0.006665645670612008,False,2012-07-19 16:17:15.446
2012-07-20,1366.1368,0.001522,0.020985,0.10471881822486445,1.3978244001811497,-0.7841758260018863,0.8384680464742769,0.021838041556683167,-0.4102716264126901,0.004626709651514772,0.05477015295127786,166,True,11,47,166,397562,1362.19,1376.51,0.01051248357424428,False,2012-07-20 16:19:01.648
2012-07-24,1337.2429,0.0016239999999999998,0.021369,0.17406603066984166,0.8196943449126995,-0.7506925701670712,1.0993501216949106,0.03675529390503982,-0.9232088081076752,0.011136039420976067,0.14703354575183966,181,True,12,61,181,430296,1329.31,1351.53,0.01671543883668969,False,2012-07-24 16:20:00.127
2012-07-25,1337.853,0.001675,0.021377999999999998,0.1288908748673946,1.1949762029813897,-0.8205652568264452,0.9652571541657844,0.03402233207513644,-0.6236783171722515,0.007052843809074664,0.097545911038186,186,True,12,64,186,371860,1331.5,1343.98,0.009372887720615841,False,2012-07-25 16:18:05.191
2012-07-26,1357.8033,0.001675,0.021031,0.09844356459095283,2.5700341520717354,-0.7248775902434194,1.6411185648043922,0.03011015053579469,-2.187263497644771,0.008288034952792196,0.12693092965672004,168,True,12,47,168,506010,1338.17,1363.11,0.018637392857409507,False,2012-07-26 16:18:27.748
2012-07-27,1379.6341,0.001675,0.020647000000000002,0.09685263738254424,1.4044179205118874,-0.8734613799128335,0.7132847986024886,0.021012745766596008,-0.2367320447396234,0.005043249244665982,0.057514202838150535,166,True,11,48,166,593650,1360.05,1389.19,0.02142568287930602,False,2012-07-27 16:19:05.715
2012-07-30,1385.1786,0.001675,0.020776,0.11376482016765367,1.082726179326294,-0.8054200150074832,0.7865325412263985,0.02618011272857179,-0.372281140244323,0.00524751687213148,0.05727099674220997,182,True,12,57,182,396211,1381.37,1391.74,0.007507040112352259,False,2012-07-30 16:18:06.337
2012-07-31,1382.8259,0.001573,0.020891000000000003,0.3639046235264788,0.2518668798820375,-0.7400553122014479,0.7681785775671425,0.029589025678045326,-0.4067872828285549,0.005587252381687351,0.06153003918940604,156,True,10,43,156,349380,1379.17,1387.13,0.005771587259003619,False,2012-07-31 16:16:05.851
2012-08-01,1380.207,0.001573,0.020891000000000003,0.1411197639546004,0.7581965053327617,-0.7756098537211988,0.8493036301253113,0.03182465274198512,-0.5073236324165071,0.007751010517032781,0.09130022712756893,170,True,12,44,170,424098,1373.35,1385.03,0.008504751155932633,False,2012-08-01 16:19:57.524
2012-08-02,1363.3436,0.001374,0.021145,0.3757642821531108,0.2633581646483348,-0.8591859371571814,0.6766196682768261,0.027235016207876953,-0.25989299212255756,0.005638853656253542,0.05327164599894004,170,True,11,42,170,572074,1354.85,1375.13,0.014968446691515869,False,2012-08-02 16:16:55.642
2012-08-03,1390.6983,0.001777,0.020756,0.16306421240011956,0.6105835301007105,-0.7659745658689356,0.6942205107113644,0.020839969491549218,-0.2828134726116335,0.008340351732329063,0.0980486069557918,180,True,12,54,180,501626,1365.45,1394.16,0.02102603537295389,False,2012-08-03 16:18:46.457
2012-08-06,1398.0806,0.001675,0.020711,0.15715157488986942,0.8027187536543297,-0.6532889240624755,1.1089801936571382,0.022450887134414985,-0.9775400372630016,0.009883528671192536,0.15222517453716702,174,True,12,55,174,393982,1391.04,1399.63,0.0061752357948010594,False,2012-08-06 16:16:02.508
2012-08-07,1404.0463,0.001675,0.020711,0.10053288546692468,1.0041962688114485,-0.9669584821932965,0.4600960237502236,0.01780434914439019,-0.009778854113297403,0.005065428738580651,0.0615721935427628,161,True,11,45,161,499823,1394.46,1407.13,0.009085954419632003,False,2012-08-07 16:16:32.403
2012-08-08,1400.8254,0.001726,0.020535,0.16189665291013838,0.6591321328256553,-0.7945966101557185,0.7554086084423967,0.019923482936154164,-0.3572195934488894,0.010691670808575552,0.14463893975986472,169,True,12,55,169,342614,1396.24,1404.14,0.005658053056781132,False,2012-08-08 16:17:40.348
2012-08-09,1403.094,0.001726,0.020535,0.09912624366713986,1.3570693189392946,-0.7838829205997463,0.7283006145481365,0.016033070397491633,-0.2613794171864412,0.007474038086745521,0.1476465865946292,170,True,12,57,170,366894,1398.8,1405.93,0.005097226193880644,False,2012-08-09 16:16:20.209
2012-08-10,1400.7156,0.0016239999999999998,0.020849000000000003,0.09196635150305303,1.6107714900855539,-0.7707466691069337,0.6915037021944009,0.013617086704751421,-0.18190381605195366,0.006810717449705923,0.11449375649174373,158,True,11,43,158,355962,1395.68,1405.98,0.007379915166800366,False,2012-08-10 16:16:47.676
2012-08-13,1401.6425,0.001726,0.020893000000000002,0.12119607168566916,1.1384632100079422,-0.6952542882099686,0.9695262175584054,0.017471141829014956,-0.6640265489098692,0.008704799719105776,0.11881738711435348,160,True,11,54,160,453875,1397.32,1405.87,0.006118856095955083,False,2012-08-13 16:19:34.504
2012-08-14,1406.6475,0.001777,0.020931,0.11044014301455743,1.0227565620460624,-0.8842505805122034,0.511412308870527,0.01559881725470819,-0.03563578770139489,0.005714589041515181,0.0860720686767253,180,True,12,44,180,384263,1400.6,1410.03,0.006732828787662459,False,2012-08-14 16:16:42.554
2012-08-15,1405.2971,0.001777,0.020950000000000003,0.10471026291210958,1.55269815083314,-0.7127288943949399,1.0428929770702582,0.01688022839565821,-0.7624588984286971,0.009213520704642805,0.13238099005903342,175,True,12,53,175,326227,1401.95,1407.73,0.004122828916865773,False,2012-08-15 16:19:48.488
2012-08-16,1412.1519,0.001777,0.020809,0.08179444625811315,2.2900793050084713,-0.7644731303300738,0.8887070220443306,0.01421497141841506,-0.4151686337502372,0.010167552100879785,0.11471037125237059,177,True,12,46,177,714099,1404.15,1417.44,0.009464800769148463,False,2012-08-16 16:19:52.351
2012-08-17,1416.3028,0.001777,0.020771,0.1015535958584979,1.8513300018891605,-0.6931317933110112,1.1223738172516735,0.013172251576030412,-0.8837045480269652,0.008241317284769744,0.13225007775904557,164,True,11,51,164,412802,1414.68,1418.71,0.002848700766250989,False,2012-08-17 16:18:13.106
2012-08-20,1415.4594,0.001777,0.020775000000000002,0.08729383162535763,2.0595170113209447,-0.7530663508805587,0.925384556238634,0.014122553050242894,-0.49677031449335307,0.006674897754842274,0.1008120303198343,174,True,12,51,174,575517,1412.13,1418.13,0.004248900596970584,False,2012-08-20 16:17:38.474
2012-08-21,1419.7594,0.001776,0.020752000000000003,0.10118364028232683,1.2957654877120706,-0.8335273849801026,0.575954333559957,0.013218725602401704,-0.06950285634867032,0.00514108634350846,0.07842872825744357,169,True,11,42,169,557054,1410.86,1426.68,0.01121301900968219,False,2012-08-21 16:18:09.610
2012-08-22,1411.0375,0.001827,0.020755,0.0922819970828178,2.1079128230643063,-0.7687534279100865,0.9757382393144076,0.01508019235748422,-0.5630203016826711,0.00583122907396911,0.07383458324576243,153,True,11,42,153,433941,1406.78,1416.12,0.006639275508608211,False,2012-08-22 16:18:31.474
2012-08-24,1405.6157,0.001777,0.020922999999999997,0.12566674712912138,1.4379084197220244,-0.8246605583282245,1.061772969428245,0.018432195449624322,-0.7659672910563884,0.008216782905299813,0.1052586501586035,177,True,12,54,177,260087,1398.1,1413.44,0.010972033474000442,False,2012-08-24 16:18:10.845
2012-08-27,1412.106,0.001726,0.020935000000000002,0.1435060381156124,1.057959765717724,-0.8112766729649901,0.9686139708774549,0.0197583695912558,-0.6345657956512469,0.008255974875262624,0.13420407068852042,164,True,12,59,164,252662,1409.11,1416.07,0.004939287919325075,False,2012-08-27 16:18:08.725
2012-08-28,1410.4112,0.001726,0.020962,0.1108402325823664,1.658316068090112,-0.7868619942040638,1.073499712081324,0.02088304486280034,-0.7847853544743191,0.005533270912254374,0.0734636896360835,169,True,12,53,169,306092,1405.6,1413.63,0.005712862834376997,False,2012-08-28 16:15:35.131
2012-08-29,1410.8812,0.001726,0.020975,0.12911081320132678,1.290794096557171,-0.8206087777311685,0.9467453356881199,0.020886931219417898,-0.5630157796832744,0.0052387930261050325,0.07646131159255498,176,True,12,54,176,244033,1406.57,1413.92,0.005225477580212967,False,2012-08-29 16:17:30.908
2012-08-30,1400.7967,0.001675,0.021157,0.10167861860354824,1.990488717109943,-0.8042590455723896,0.989584777099952,0.02323893758316898,-0.5744977448645858,0.0052927120973464085,0.07382599179918517,170,True,12,46,170,466822,1397.01,1410.08,0.009355695377985862,False,2012-08-30 16:17:59.673
2012-08-31,1407.547,0.001573,0.021052,0.10526547035533715,1.4727921393131367,-0.903065543934935,0.6940700198746158,0.020731190151227027,-0.17166487792786844,0.005188497934924278,0.04893903174853119,164,True,11,39,164,286543,1398.96,1413.05,0.010071767598787584,False,2012-08-31 16:15:36.087
2012-09-04,1401.6229,0.001878,0.021079,0.12943131922698553,1.1603080909363748,-0.8378076369374263,0.907916651152039,0.027261433894589654,-0.5239522315998532,0.0068763196092565225,0.07213280256301129,172,True,12,59,172,341437,1396.56,1409.31,0.009129575528441292,False,2012-09-04 16:14:56.408
2012-09-05,1404.9982,0.001726,0.021248999999999997,0.11719148898268736,1.2298292756527323,-0.7910828708186944,0.8928270392624503,0.02553079275259045,-0.5088890740216658,0.004197473586145849,0.05099606240027426,169,True,11,51,169,325247,1401.25,1408.81,0.0053951828724352335,False,2012-09-05 16:16:19.429
2012-09-06,1428.0648,0.001726,0.021248999999999997,0.13979422751149181,0.9648585913482849,-0.7867049171707534,0.9525367506209337,0.02115896144365038,-0.6375629384127675,0.007001652111334078,0.14280274271314683,179,True,12,55,179,584374,1403.74,1432.12,0.020217419180190044,False,2012-09-06 16:19:37.134
2012-09-07,1435.9093,0.001827,0.020762,0.09942747188872517,1.4700590442381183,-0.7505336108035499,0.8905493508661768,0.015071903081966556,-0.5007496377366655,0.005758856906199321,0.10331647922396346,177,True,12,54,177,631640,1431.45,1437.92,0.004519892416780191,False,2012-09-07 16:19:48.106
2012-09-10,1435.5338,0.0016239999999999998,0.020893000000000002,0.11372470295562938,0.9655785724223009,-0.7687298260331675,0.7189579891023823,0.017098609243667674,-0.29728031743604755,0.005879868993792376,0.08736260243927972,177,True,12,53,177,411422,1428.98,1438.74,0.006830046606670415,False,2012-09-10 16:19:39.360
2012-09-11,1434.8527,0.001726,0.020829,0.11285156813862536,1.0380528894125904,-0.7736815217056265,0.7933292758247892,0.019935763127073146,-0.3950795471186006,0.004237943814479412,0.06483183508717408,167,True,12,47,167,545388,1429.13,1437.75,0.006031641628123419,False,2012-09-11 16:16:42.195
2012-09-12,1436.6724,0.001726,0.020829,0.1391074846378158,0.7217719054900813,-0.7505018427053408,0.8063459882905205,0.020969378944259882,-0.44938610432227916,0.005294904553400242,0.07313980240389047,175,True,12,57,175,397867,1432.99,1439.15,0.004298704108193441,False,2012-09-12 16:15:29.804
2012-09-13,1451.9666,0.001522,0.020354999999999998,0.1003482183543057,1.0030967803083162,-0.7696028267460862,0.709992026801794,0.01700456996665688,-0.3027707286403595,0.008293993459963284,0.09934183604909572,186,True,12,47,186,817645,1435.39,1463.76,0.019764663262249238,False,2012-09-13 16:19:50.098
2012-09-14,1467.4772,0.0016239999999999998,0.020274999999999998,0.11923077593242608,0.7101146829671245,-0.7249176375388892,0.6723333429308566,0.016413098703696127,-0.2826970747142228,0.0065468033289319055,0.07881809101376756,179,True,12,43,179,880924,1460.07,1474.51,0.00988993678385297,False,2012-09-14 16:18:31.198
2012-09-17,1461.987,0.001675,0.020339,0.12198820878549334,1.0006026366908154,-0.7076941818194309,1.062261726633691,0.01872928725777213,-0.8842765291588817,0.008058455642710068,0.14693669154274802,163,True,12,51,163,369996,1457.55,1465.63,0.005543549106377332,False,2012-09-17 16:16:56.708
2012-09-18,1458.3809,0.001675,0.020367000000000003,0.14324220754547726,0.9429427078940913,-0.6536451794967855,1.2558227074148298,0.017351721923822158,-1.3069522823233937,0.010211356422183073,0.18264698342424068,148,True,10,47,148,491979,1456.13,1461.47,0.0036672549841016977,False,2012-09-18 16:17:06.981
2012-09-19,1461.3912,0.001777,0.020344,0.14706004456741675,0.7147772233421639,-0.7158742709979513,0.96854402828157,0.015296633857344744,-0.7278471940789447,0.009217506810954968,0.15201449097374056,171,True,12,51,171,593230,1457.97,1465.09,0.004883502404027462,False,2012-09-19 16:19:15.670
2012-09-20,1456.6983,0.001777,0.020373000000000002,0.08634521512105171,2.037075142852664,-0.6749387596717449,1.3381623588221485,0.01439398626825553,-1.4388951157137355,0.007798144244275778,0.13462717571938562,156,True,11,54,156,593124,1450.0,1461.23,0.0077448275862068705,False,2012-09-20 16:19:35.843
2012-09-21,1463.6055,0.001726,0.020375,0.08052506663989405,2.7668739585282784,-0.6556668135309259,1.7733401835646234,0.01320655476142324,-2.699129986855658,0.005674913992545268,0.16594485637681347,136,True,10,41,136,536019,1459.53,1467.07,0.005166046604043739,False,2012-09-21 16:19:47.579
2012-09-24,1456.0937,0.001675,0.020377999999999997,0.0916481450266857,1.1289177193358066,-0.7990048607160845,0.6149707965250641,0.012482196920378616,-0.17126265084890532,0.0046596706244789845,0.07361706462640574,164,True,11,50,164,384168,1452.06,1460.72,0.005963940883985552,False,2012-09-24 16:18:55.360
2012-09-25,1454.2897,0.001675,0.020607,0.14094034951967857,0.731281498392693,-0.7652328497721448,0.8573325053054077,0.01571152577138461,-0.5288848846917662,0.008927496440876708,0.15812883250418192,181,True,12,63,181,381759,1441.59,1463.21,0.014997329337745224,False,2012-09-25 16:16:53.161
2012-09-26,1435.3369,0.0016239999999999998,0.020765,0.16280042428977923,0.6002905927334162,-0.7911361697250802,0.7866760888355676,0.020426050016981116,-0.42340414235729945,0.006312785869207896,0.09004292556245236,174,True,12,61,174,437340,1430.53,1441.6,0.007738390666396366,False,2012-09-26 16:19:21.040
2012-09-27,1442.3827,0.001573,0.020590999999999998,0.15278218531594406,0.670439293925743,-0.7831742300454897,0.8684330232876085,0.01925521344915315,-0.549313555041149,0.00770575683511484,0.119883299697341,172,True,12,60,172,499915,1433.36,1450.2,0.01174861863035126,False,2012-09-27 16:18:04.116
2012-09-28,1440.2222,0.0015229999999999998,0.020686,0.10599705997269483,1.283808482427392,-0.7279735399874292,1.0796655309286876,0.018122696832857305,-0.8935178092649037,0.0046031137954832555,0.07400567824964664,142,True,10,44,142,345175,1435.6,1447.13,0.008031485093340951,False,2012-09-28 16:14:54.314
2012-10-01,1450.591,0.000916,0.020648,0.1585443944806134,0.5415813826779445,-0.7828305618661447,0.7182298295004572,0.018404629529382956,-0.34412470322695965,0.005778770327797524,0.08378396265113175,169,True,12,66,169,394613,1440.9,1457.14,0.011270733569296976,False,2012-10-01 16:17:08.579
2012-10-02,1444.6585,0.001476,0.020667,0.20992873278858706,0.429101968570104,-0.7280604521320121,0.8516559623555313,0.020346946858285503,-0.545156213217706,0.0073363011743223005,0.1400767189507411,171,True,12,57,171,302134,1439.01,1451.52,0.008693476765276209,False,2012-10-02 16:18:10.445
2012-10-03,1449.4212,0.001476,0.020667,0.10082211867544301,1.1487154646450173,-0.7461306933341105,0.7948988360120052,0.01656929349074526,-0.4002323056917275,0.005240166579204469,0.09224853937636059,158,True,11,49,158,375543,1441.99,1454.29,0.008529878847980843,False,2012-10-03 16:18:16.364
2012-10-04,1459.9162,0.001777,0.020472999999999998,0.10895222383300374,1.0012168197409312,-0.7612909603596533,0.8521784757946681,0.016824624411313934,-0.5080385565081595,0.0062685719718238424,0.1104170931978263,173,True,12,57,173,511540,1451.08,1463.14,0.008311051079196385,False,2012-10-04 16:17:22.252
2012-10-05,1466.246,0.001726,0.020487000000000002,0.08814411028748058,1.3622387806063512,-0.7030062839677111,0.8889733632797673,0.014270387915706543,-0.5501269899896425,0.006016268285463424,0.11742031693221627,142,True,10,54,142,523566,1456.89,1470.95,0.009650694287145933,False,2012-10-05 16:15:58.521
2012-10-08,1455.5734,0.001675,0.020558,0.14164528259098552,0.6822880298062594,-0.7390668785881698,0.8362243047016076,0.017788822649292074,-0.5059853261929783,0.007278287500190164,0.12285411795675509,142,True,11,61,142,235871,1453.1,1460.93,0.0053884798018031255,False,2012-10-08 16:19:03.300
2012-10-09,1446.0145,0.001573,0.020765,0.08998644173157076,1.0649689173183212,-0.7488239478783207,0.6549930683138231,0.018854928481113826,-0.2373503926907583,0.005518464998664799,0.06598649171084713,174,True,12,56,174,352479,1441.19,1455.85,0.010172149404311659,False,2012-10-09 16:19:19.544
2012-10-10,1435.2188,0.001675,0.020904,0.15583573179569,0.52519199052278,-0.7882350977798541,0.6756226974281428,0.02087102071999245,-0.2927786729273748,0.006264444792831611,0.10858645985501555,170,True,12,56,170,521946,1430.64,1442.52,0.008303975842979261,False,2012-10-10 16:16:03.740
2012-10-11,1437.5297,0.001675,0.020904,0.10012879005228606,1.0188727397317143,-0.7626691593810269,0.7622491429119104,0.01864611602856314,-0.3769867665767533,0.005583374121555919,0.08221056245778859,175,True,12,64,175,506126,1432.82,1443.89,0.007726022808168587,False,2012-10-11 16:18:21.339
2012-10-12,1430.9481,0.0016239999999999998,0.021011000000000002,0.09612093750236177,1.1278226278360608,-0.748440524571202,0.8006111027917283,0.01884961193813734,-0.4241634012654285,0.0055915812008383,0.07535785651081718,180,True,12,58,180,614021,1425.58,1438.42,0.009006860365605718,False,2012-10-12 16:16:10.228
2012-10-15,1434.7462,0.001675,0.020845,0.08742477896340144,0.9554295630880026,-0.8304048117153735,0.526745926240453,0.018261223219434894,-0.11040483407477708,0.004267887815369777,0.05322808955729642,149,True,10,45,149,306360,1427.24,1441.31,0.009858187831058407,False,2012-10-15 16:18:30.349
2012-10-16,1452.5543,0.001675,0.020634,0.19125864300651552,0.37505191528478105,-0.7616484663388107,0.6869778001945973,0.01764067017811808,-0.3284746572114844,0.007329570811944888,0.11275490068888472,168,True,12,57,168,378944,1440.31,1455.47,0.010525511868972659,False,2012-10-16 16:19:36.948
2012-10-17,1457.4657,0.001827,0.020557,0.0813973687251546,1.5395858868587107,-0.6507491726797273,1.0361840309020642,0.01763193408839259,-0.8230408656630847,0.008035130664887424,0.1699805111886784,159,True,11,50,159,693696,1453.35,1462.17,0.006068737743833319,False,2012-10-17 16:18:09.730
2012-10-18,1458.2716,0.001777,0.020628999999999998,0.09672952083246676,1.1084135087120495,-0.7039946190981724,0.8338017468159049,0.016308112335644238,-0.48079273782935483,0.006523653110804868,0.08929916717097505,168,True,12,51,168,568681,1452.63,1464.02,0.00784095055175782,False,2012-10-18 16:19:43.508
2012-10-19,1439.9148,0.001726,0.020978,0.10501942869592595,0.7526686305854366,-0.8029476864980843,0.6080066048476374,0.019999385512248533,-0.21158237237549604,0.005776976289640983,0.06881489220537179,183,True,12,60,183,645796,1429.85,1457.34,0.019225792915340767,False,2012-10-19 16:16:30.117
2012-10-24,1413.5444,0.001777,0.021344,0.10694144980683015,0.9268365083624819,-0.7617079948921718,0.8510965161985916,0.029848451085707054,-0.5261308000090114,0.004260595269410684,0.05103100103101031,160,True,11,54,160,391888,1407.1,1419.96,0.009139364650700088,False,2012-10-24 16:19:49.215
2012-10-25,1412.3936,0.001777,0.021283,0.09324036757151495,1.3565169363292646,-0.7657595969929436,1.038018711083713,0.030410296683454185,-0.8245185690392408,0.005501870058068559,0.05602609365895324,164,True,11,52,164,413032,1405.14,1421.02,0.011301364988542062,False,2012-10-25 16:17:00.728
2012-10-26,1409.9991,0.001726,0.0213,0.09529965121082266,1.2516827801219865,-0.7877872511929648,0.9665683226915998,0.029037506941137454,-0.6956844576864162,0.005283534277967591,0.05091240000192025,184,True,12,57,184,352657,1403.28,1417.09,0.009841229120346684,False,2012-10-26 16:16:42.490
2012-10-31,1411.4678,0.001675,0.021328,0.0992064935978635,0.9936600639010454,-0.6997038823615557,0.8615759893217129,0.028653236255259028,-0.5451581238399849,0.007722953197194696,0.08516273723830528,153,True,10,50,153,373820,1405.99,1418.74,0.009068343302583992,False,2012-10-31 16:14:54.671
2012-11-01,1424.3786,0.001017,0.021103999999999998,0.0991774782274609,0.9381891542105368,-0.7061050798953661,0.8408773391020751,0.025555109736888546,-0.5209802305854752,0.006107386854478235,0.07674075695368579,166,True,11,53,166,570304,1412.2,1428.35,0.011436057215691742,False,2012-11-01 16:20:01.759
2012-11-02,1424.81,0.001017,0.021103999999999998,0.10724430540141801,0.7891157531074527,-0.713059027674527,0.7908955878974934,0.024135062356197633,-0.45625948930907034,0.006703283381544397,0.09721971342272366,178,True,12,60,178,444047,1412.91,1434.2,0.01506819259542369,False,2012-11-02 16:16:35.049
2012-11-05,1413.2247,0.001726,0.021313,0.16240435060615066,0.4267964935361044,-0.7825933796486845,0.7221420814586489,0.029331541150513556,-0.3828619710660034,0.0075064317471836076,0.14357296055654664,180,True,12,67,180,429769,1408.17,1419.86,0.008301554499811736,False,2012-11-05 16:18:33.185
2012-11-06,1427.5661,0.001675,0.021158999999999997,0.10004441285596598,0.892612437846833,-0.7414882596239749,0.8265379351142128,0.027462864068757014,-0.504563183678229,0.00669430226950327,0.076566934140601,184,True,12,64,184,511393,1417.26,1433.31,0.011324668726980125,False,2012-11-06 16:18:01.715
2012-11-07,1400.4242,0.001827,0.021979000000000002,0.10465495503165298,0.7765400139619527,-0.8005564048665627,0.6544159931847116,0.028597544129704524,-0.26572277165299774,0.007425829635768648,0.07098890789252801,182,True,12,54,182,818251,1388.14,1428.27,0.02890918783408014,False,2012-11-07 16:18:56.332
2012-11-08,1388.9521,0.001827,0.021979000000000002,0.10001450846079138,0.888625886401191,-0.8387496246808216,0.6025950952999025,0.027231203451328383,-0.18536988641159827,0.004305022433730058,0.04000980276357188,187,True,12,49,187,782107,1377.51,1401.23,0.017219475720684496,False,2012-11-08 16:19:56.576
2012-11-09,1382.6332,0.001573,0.02222,0.08628915690648173,1.3215834132864408,-0.792222681928293,0.756256482354949,0.028465545574627053,-0.3438472300757266,0.005001847644877172,0.04962796962699162,189,True,12,50,189,885447,1373.03,1391.39,0.01337188553782509,False,2012-11-09 16:17:32.180
2012-11-12,1380.574,0.001472,0.022216999999999997,0.08665611769389489,1.2135488420966996,-0.8026785634333992,0.6899228305015358,0.02714010195574144,-0.26567064947120794,0.005776359411663984,0.07529434447001943,178,True,12,61,178,390417,1377.22,1384.84,0.005532885087349726,False,2012-11-12 16:19:52.385
2012-11-13,1382.5602,0.001726,0.022331,0.07415122793559539,1.42778545367746,-0.7838695930872911,0.6098633344980575,0.023454050471437036,-0.16018919752755997,0.006963735446299898,0.10101594791593277,180,True,12,59,180,406712,1371.39,1388.81,0.012702440589474895,False,2012-11-13 16:19:27.339
2012-11-14,1365.0819,0.001675,0.022722000000000003,0.08296045265348376,1.1675686326991057,-0.6972313891302138,0.6728804456627345,0.026793259280211312,-0.2590440496098264,0.0074724121033734395,0.13663969779261506,186,True,12,55,186,675674,1352.5,1380.1,0.02040665434380773,False,2012-11-14 16:19:23.467
2012-11-15,1353.6322,0.001726,0.022850000000000002,0.08387788579136209,1.130936587217484,-0.8095187391931699,0.6046997696487088,0.030296683279956133,-0.17594067161339957,0.005545791724398274,0.050939136421819055,182,True,12,49,182,755961,1348.05,1360.62,0.00932457994881486,False,2012-11-15 16:19:02.725
2012-11-16,1353.5005,0.001675,0.022754,0.12364886422932958,0.6156358801606866,-0.7975657515039246,0.6204961033217946,0.02938037435185147,-0.2327700595161461,0.008905701855836423,0.07374906950235371,182,True,12,54,182,867809,1343.35,1362.01,0.01389064651803329,False,2012-11-16 16:19:02.186
2012-11-19,1381.7747,0.001675,0.022366999999999998,0.11730917419357541,0.7092885618081751,-0.7363688452080449,0.7258677619031398,0.022372113093076285,-0.36047189686894177,0.008608514638473017,0.13662487706080162,187,True,12,65,187,489926,1359.88,1386.89,0.01986204665117519,False,2012-11-19 16:16:29.633
2012-11-20,1384.5393,0.001675,0.022366999999999998,0.0907464769977465,1.0245446368891415,-0.6954793410678624,0.761058105391987,0.02111142631646916,-0.3932618071335908,0.006429798921461114,0.11150067803565908,181,True,12,60,181,433736,1377.04,1389.73,0.009215418578981005,False,2012-11-20 16:17:28.121
2012-11-21,1388.9817,0.001726,0.022286,0.08793911769694389,1.1291112147243012,-0.7085987149285834,0.8171218960097232,0.020537030748049308,-0.46910210492936566,0.005544196080369404,0.11598496233833831,176,True,12,58,176,512844,1386.39,1391.22,0.0034838681756215184,False,2012-11-21 16:14:57.888
2012-11-23,1402.3943,0.001726,0.021890999999999997,0.08962186547403747,1.0614155297506944,-0.776855435786205,0.7076566827564917,0.01914616606711154,-0.31052590101118005,0.004691110212865474,0.08563738483395893,162,True,11,57,162,358085,1391.03,1409.16,0.013033507544768952,False,2012-11-23 13:16:39.498
2012-11-26,1402.3659,0.001675,0.021941000000000002,0.08193378146846335,1.1903852568199096,-0.7002183140720659,0.7936022925268985,0.02173945549116705,-0.4347390677128228,0.004666361436719398,0.05641556314278866,164,True,11,53,164,430335,1397.68,1409.15,0.008206456413485164,False,2012-11-26 16:14:33.337
2012-11-27,1403.9594,0.001675,0.022090000000000002,0.15359733727363922,0.47389655120236146,-0.7338533754503009,0.739551666320066,0.021416736555217506,-0.4013581703410991,0.008793443598912657,0.12141234392280537,162,True,11,62,162,388794,1398.03,1409.01,0.007853908714405389,False,2012-11-27 16:19:11.675
2012-11-28,1399.1904,0.001675,0.021958000000000002,0.10081605254241069,0.7109918084920304,-0.7196082952917672,0.6207161230109819,0.022477893287172347,-0.24192973032147214,0.006782903563110403,0.0937374686341287,153,True,10,49,153,349683,1385.53,1410.31,0.01788485272783702,False,2012-11-28 16:15:32.414
2012-11-29,1415.5724,0.001675,0.021879,0.13953408449333543,0.483433591107413,-0.754335363189159,0.6540300435923908,0.020428023139413956,-0.2928443708244679,0.007037321477157531,0.10251567408740003,181,True,12,55,181,480261,1409.04,1419.7,0.007565434622154088,False,2012-11-29 16:17:54.011
2012-11-30,1414.7664,0.001675,0.021877,0.08924000526874434,0.9285349479144709,-0.7331990009151597,0.6763479571228105,0.020957125151562967,-0.2917216318159978,0.005071338547385289,0.06526218620279692,165,True,12,63,165,397579,1411.63,1418.85,0.005114654689968301,False,2012-11-30 16:19:23.469
2012-12-03,1414.5868,0.001777,0.021968,0.11169836387137469,0.6719952439231972,-0.7392536720283515,0.6972590831650786,0.023519021917702953,-0.336048690505073,0.005491506078749382,0.06904076187194963,164,True,11,57,164,474431,1408.56,1423.73,0.010769864258533657,False,2012-12-03 16:18:28.920
2012-12-04,1407.1796,0.001726,0.02204,0.10802988580099722,0.6975041531610399,-0.7721811717034481,0.6745505992036793,0.025039250596389787,-0.304315922862626,0.00637635851907484,0.07197217688483133,165,True,11,57,165,486498,1403.99,1413.14,0.006517140435473356,False,2012-12-04 16:19:20.501
2012-12-05,1408.5403,0.001726,0.02204,0.07633462031350313,1.3302210422917276,-0.7159180871826374,0.7867536711172562,0.024813833279840887,-0.4158975026237369,0.005881243253084084,0.10770162808897608,178,True,12,63,178,443403,1398.23,1415.56,0.01239424129077471,False,2012-12-05 16:15:54.804
2012-12-06,1410.983,0.001726,0.022324,0.09911900425922397,0.7874010400600917,-0.7095443481139574,0.6563421795567119,0.023881884193676695,-0.27469224257838787,0.0064902495565162515,0.13101739537757628,153,True,10,56,153,464867,1405.93,1413.95,0.0057044091811113695,False,2012-12-06 16:19:53.350
2012-12-07,1415.4933,0.001827,0.022265,0.20062357548285284,0.30546016138025134,-0.7694592009444239,0.6237907264046443,0.023459510873822552,-0.26654985086108324,0.006983517601066103,0.10002306535444683,175,True,12,53,175,424652,1410.9,1420.34,0.006690764760082013,False,2012-12-07 16:17:43.127
2012-12-10,1419.3648,0.001726,0.022262,0.10852152954373298,0.5882220510427255,-0.748001151126973,0.5707965486643366,0.02282149242060677,-0.19813918658610166,0.005006564991110559,0.09188834287314356,170,True,12,58,170,415719,1415.75,1421.62,0.004146212254988457,False,2012-12-10 16:17:22.054
2012-12-11,1430.0986,0.001726,0.022118000000000002,0.08425081135387415,0.8578169457779224,-0.7864060303491011,0.5260099702176173,0.02048218823148021,-0.13214294141855415,0.003760752408946744,0.05366251288772651,164,True,11,52,164,538257,1418.55,1434.27,0.011081738394839835,False,2012-12-11 16:18:24.306
2012-12-12,1432.048,0.0015229999999999998,0.022143000000000003,0.09456733763462465,0.8298841764875432,-0.7492469091841495,0.6318232581390466,0.020935773504650503,-0.24224075529438047,0.004683010198179233,0.06845800881674098,182,True,12,54,182,487103,1426.76,1438.59,0.008291513639294479,False,2012-12-12 16:19:03.690
2012-12-13,1422.64,0.001421,0.022364000000000002,0.09829961977814751,0.8001596746068216,-0.7516536441027792,0.5738263659916107,0.02104818692163302,-0.17196591475582443,0.0069778727248071895,0.08845879241690839,178,True,12,53,178,507745,1416.0,1431.36,0.010847457627118473,False,2012-12-13 16:16:31.070
2012-12-14,1415.5952,0.0012690000000000002,0.022513000000000002,0.2636174653991826,0.2191339308243636,-0.7533331544458597,0.5762743921015682,0.02372348339038032,-0.21655711213827483,0.006730803537985784,0.07753517116740444,178,True,12,48,178,602119,1411.88,1419.45,0.005361645465620235,False,2012-12-14 16:16:39.450
2012-12-17,1424.585,0.0013189999999999999,0.022209,0.15023250462010865,0.4203122132843689,-0.7325531810563177,0.6065446588203678,0.0241411650535175,-0.24160731009525224,0.005356727089841562,0.060396883832744615,169,True,12,57,169,279238,1413.54,1430.67,0.012118510972452201,False,2012-12-17 16:19:14.668
2012-12-18,1440.8899,0.0015229999999999998,0.022011,0.0876415379983963,1.1376501826442806,-0.6642955042152521,0.8978907661271278,0.02282575964499484,-0.6067970044741582,0.0047151509523801725,0.07094324182136696,177,True,12,50,177,558321,1430.47,1448.0,0.012254713485777335,False,2012-12-18 16:19:17.152
2012-12-19,1444.1683,0.001472,0.022187000000000002,0.12932650448640984,0.5601188393398061,-0.7511581895274567,0.676165021616646,0.023721900873902517,-0.3123227132802352,0.005279686550638559,0.07413248081445152,170,True,11,53,170,775167,1435.8,1447.72,0.008301991920880436,False,2012-12-19 16:16:22.548
2012-12-20,1438.5587,0.001421,0.022092,0.0883119142039779,1.0923540722846192,-0.7563039611615516,0.7958745163647876,0.026099182750923055,-0.4404804875749542,0.003636386578195893,0.03994816883048586,169,True,11,48,169,709758,1432.82,1443.7,0.007593417177314654,False,2012-12-20 16:18:10.815
2012-12-21,1427.5279,0.001421,0.022306,0.07142368707182413,2.4246516043564355,-0.7748990408684346,1.1947829081369097,0.032162842139844654,-1.0811510826805906,0.008689286230640967,0.08457669293021883,192,True,12,50,192,785067,1422.58,1443.67,0.014825176791463557,False,2012-12-21 16:17:41.956
2012-12-24,1426.237,0.0013700000000000001,0.022353,0.06327835940961675,2.4923603141759627,-0.7602982051716055,1.0372794316212253,0.030220492825405648,-0.7605236757870684,0.00465586060325982,0.05951140157219394,158,True,11,57,158,204225,1424.66,1430.15,0.003853551022700241,False,2012-12-24 13:16:19.855
2012-12-26,1421.5588,0.001472,0.022463,0.07934181159723383,1.5282299695978372,-0.7194166920563115,0.9444497390935758,0.03243231662041366,-0.6494802410237673,0.005982696259995689,0.09429389130593042,176,True,12,60,176,300300,1416.43,1429.42,0.009170943851796398,False,2012-12-26 16:16:47.207
2012-12-27,1410.0597,0.001421,0.022515,0.07911534934248114,2.565367629324578,-0.700993759949324,1.6489896059958107,0.04532872470263397,-2.3132468083104056,0.0076277605393133855,0.14458203233424677,178,True,12,57,178,429832,1401.8,1422.8,0.014980739049793135,False,2012-12-27 16:17:23.966
2012-12-28,1409.1952,0.0013700000000000001,0.022795,0.09001549407517508,1.380388442476271,-0.7035044262890384,1.0851767866216442,0.04113433042408122,-0.9290959628921516,0.009649910410130587,0.15604293292272872,167,True,11,62,167,396514,1401.58,1418.1,0.011786697869547114,False,2012-12-28 16:19:57.501
2013-01-02,1453.6388,0.0013189999999999999,0.021869999999999997,0.09792535602017817,0.83063963725618,-0.7993891791779989,0.6126204173698541,0.017626939253767845,-0.212622411372848,0.006565300850191339,0.09282865058186335,181,True,12,60,181,858982,1426.19,1462.43,0.025410359068567256,False,2013-01-02 16:19:38.213
2013-01-03,1461.413,0.001472,0.021916,0.12849266877758928,0.5278179027199241,-0.7901710339740744,0.5565429745766522,0.015652583930274175,-0.17409862065248208,0.0079411647446796,0.09490748426683486,159,True,11,48,159,687343,1455.53,1465.44,0.006808516485403926,False,2013-01-03 16:16:51.812
2013-01-04,1463.1697,0.001268,0.021809,0.05416264711420129,1.9558939994662565,-0.9443481234903801,0.4327099880551221,0.011957656737904832,0.024634859209085397,0.005955347608182561,0.08738234854511835,186,True,12,51,186,484211,1458.99,1467.94,0.006134380633177727,False,2013-01-04 16:17:13.653
2013-01-07,1459.8742,0.0013700000000000001,0.021879,0.1085320470804585,0.8098089969901953,-0.7458736486816658,0.7316543508677552,0.01604334812192939,-0.3595376327686788,0.00962985935349441,0.1360564757151064,159,True,11,53,159,641486,1456.62,1466.47,0.006762230368936306,False,2013-01-07 16:16:24.774
2013-01-08,1454.6617,0.001116,0.021962000000000002,0.0751883708130111,1.2003093762779442,-0.8608260146821267,0.5132119191246469,0.013529242857783782,-0.08288786098376288,0.006780698689431015,0.09515071746029678,182,True,12,63,182,540021,1451.64,1461.89,0.007060979306164006,False,2013-01-08 16:16:09.700
2013-01-09,1461.5255,0.001116,0.021962000000000002,0.07170805697164942,1.3320100604883802,-0.8613258375013385,0.5361442818098835,0.012312761074493833,-0.09641898430881382,0.007086109174615856,0.10300308578098459,176,True,12,56,176,581550,1457.15,1464.73,0.005201935284630865,False,2013-01-09 16:15:54.821
2013-01-10,1466.8579,0.0009130000000000001,0.021741999999999997,0.0698147395206972,3.25025176357115,-0.6620755758560345,1.9119140901848353,0.01510853637952973,-3.201584527746493,0.011571741137263973,0.1972650193445198,181,True,12,58,181,634973,1461.02,1472.3,0.007720633529999521,False,2013-01-10 16:19:17.229
2013-01-11,1470.0334,0.000862,0.021759,0.12220576566195923,0.6706507339033602,-0.7133253049891183,0.7313022181964799,0.013537752944080406,-0.3708881614822619,0.010012745143239304,0.15963902207065792,176,True,12,56,176,575655,1467.61,1472.75,0.0035022928434667033,False,2013-01-11 16:19:10.142
2013-01-14,1468.871,0.0013189999999999999,0.021779000000000003,0.14649899895470522,0.5180736940406853,-0.7366181661358858,0.6920739514956319,0.01535886939547132,-0.327171799215325,0.00970830675941638,0.14176638418348422,166,True,12,54,166,373785,1465.69,1472.05,0.004339253184506786,False,2013-01-14 16:17:57.782
2013-01-15,1468.4774,0.0013700000000000001,0.021755,0.06399022663792692,2.356173202557861,-0.6791720940981695,1.0741531208439576,0.013978372630911395,-0.8522608125590385,0.007188858068552622,0.1440675385195423,179,True,12,57,179,416640,1463.76,1473.31,0.006524293600043585,False,2013-01-15 16:18:08.115
2013-01-16,1471.6957,0.0013700000000000001,0.021759,0.09632673475823804,1.089351997236883,-0.7335756447590729,0.8608026599252698,0.01419567168348824,-0.5311137775420316,0.00854031039554342,0.16217790757257894,173,True,11,53,173,631430,1467.6,1473.96,0.004333605887162806,False,2013-01-16 16:17:34.732
2013-01-17,1480.6218,0.001421,0.021638,0.08824712951487675,1.0573886556971044,-0.7585758778867782,0.7411040495409273,0.01381670548015889,-0.3626121849522337,0.007534945273022232,0.10462762120752513,180,True,12,52,180,661318,1472.63,1485.16,0.008508586678255936,False,2013-01-17 16:19:02.497
2013-01-22,1487.4158,0.0013189999999999999,0.021478999999999998,0.04944370924928297,2.174817674768196,-0.7871257301817788,0.6414319690164131,0.011010822943346973,-0.19637286531339207,0.0044238114156435445,0.07867281315463542,171,True,11,45,171,635521,1481.16,1492.51,0.007662912852088866,False,2013-01-22 16:19:25.231
2013-01-23,1493.4018,0.0013189999999999999,0.021438000000000002,0.056063312713560576,1.8334566439701911,-0.7024787548615672,0.8147302420133973,0.01086993281243748,-0.4582060608958966,0.0041153257837071725,0.07672983894004928,174,True,12,52,174,534126,1489.96,1496.13,0.00414105076646365,False,2013-01-23 16:16:42.856
2013-01-24,1496.933,0.0013189999999999999,0.021439,0.05465297114264883,1.452755861864621,-0.7973274872616855,0.5578443279946037,0.010804813403291496,-0.15239544588414888,0.004710330190512214,0.0801371309797706,179,True,12,47,179,899234,1489.46,1502.27,0.008600432371463462,False,2013-01-24 16:15:46.393
2013-01-25,1500.3948,0.0013700000000000001,0.021322999999999998,0.08126869111981055,0.8898743611964347,-0.7270636917638059,0.6765872048605263,0.011697041293830241,-0.3131323965899562,0.004677410703059923,0.09666406914422479,179,True,12,59,179,434014,1494.82,1503.24,0.00563278521828714,False,2013-01-25 16:15:53.246
2013-01-28,1500.4898,0.0013700000000000001,0.021379000000000002,0.1683100928226463,0.308054073313715,-0.7316001658704208,0.6547956162868799,0.014956673784547595,-0.32506007976086354,0.007097390678495556,0.14068597200235897,163,True,12,62,163,385579,1496.33,1503.23,0.00461128227062213,False,2013-01-28 16:19:01.998
2013-01-29,1505.0366,0.0013700000000000001,0.021278000000000002,0.0644340772271495,1.1581649549939745,-0.7320129950397796,0.6564391455121419,0.012972630662089523,-0.28166177145699123,0.003918026986232445,0.06328401648528932,183,True,12,45,183,523156,1498.09,1509.35,0.007516237342215737,False,2013-01-29 16:18:43.062
2013-01-30,1505.4574,0.0013189999999999999,0.021424,0.05257815089903443,1.8117648889276272,-0.6926939271214685,0.8456319110086841,0.015106534374945826,-0.5245748334689806,0.0040587656755756586,0.08092903645250309,177,True,12,46,177,433914,1500.11,1509.94,0.006552852790795427,False,2013-01-30 16:18:37.968
2013-01-31,1499.9436,0.0013189999999999999,0.021481,0.04906822899299614,2.268874781410034,-0.7105406351868161,0.8972607974855794,0.015902969598216903,-0.5824176040431348,0.003941139064477283,0.07353444282267452,174,True,12,49,174,332366,1496.76,1504.19,0.004964055693631675,False,2013-01-31 16:15:52.864
2013-02-01,1511.3001,0.0013700000000000001,0.021267,0.07436351845854486,1.1679236955921013,-0.6696511530359056,0.829271169279734,0.012073324783684211,-0.513988841607907,0.005848259386277041,0.10425634000689221,180,True,12,59,180,535109,1498.11,1514.41,0.010880375940351739,False,2013-02-01 16:16:32.655
2013-02-04,1501.2491,0.001268,0.021516999999999998,0.11976217353682153,0.5757621960922367,-0.6961556902729611,0.7864050920399843,0.016180545250382698,-0.4805239046977363,0.007750023333248863,0.1019025166396804,179,True,12,52,179,472397,1495.02,1513.17,0.012140305815306895,False,2013-02-04 16:15:14.883
2013-02-05,1509.6427,0.001015,0.021307,0.0848009169405542,0.9254599627884021,-0.752564306160252,0.7169632925620991,0.013324256425625812,-0.3570766560090308,0.005992616965051325,0.0839105054118586,164,True,11,46,164,394689,1495.71,1514.96,0.0128701419392796,False,2013-02-05 16:18:27.388
2013-02-06,1509.155,0.001015,0.021307,0.059416120498288684,2.147471000464492,-0.6702514600926253,1.1412616482057345,0.014420725203559304,-1.047289358204912,0.006274045011412761,0.13392943003558025,176,True,12,49,176,378648,1504.81,1512.48,0.005096988988643192,False,2013-02-06 16:17:23.450
2013-02-07,1505.0821,0.0013189999999999999,0.021568999999999998,0.03804993251433189,5.107689321519025,-0.7010602532117736,1.1768679349416185,0.013177727116089662,-0.9963236683178044,0.0052694641423995416,0.09890656218610923,167,True,11,47,167,480956,1498.49,1512.82,0.009562960046446634,False,2013-02-07 16:17:35.627
2013-02-08,1516.6882,0.001015,0.021448000000000002,0.03901527177571377,4.267604101271836,-0.7243212049109451,1.031925843277966,0.00987556360526322,-0.7318674783403987,0.0039277143119054655,0.08625893332258534,188,True,12,38,188,595859,1509.39,1518.31,0.00590967211920046,False,2013-02-08 16:16:34.723
2013-02-11,1516.3647,0.001015,0.021448000000000002,0.10585273282930832,0.8645250614104876,-0.6868378138376878,1.003391224273639,0.013459097145445298,-0.8237692682499006,0.006395233404787306,0.11552781115446616,162,True,11,44,162,410499,1513.7,1518.28,0.0030256986192771507,False,2013-02-11 16:19:50.380
2013-02-12,1519.125,0.001116,0.021440999999999998,0.04319924017984033,2.5820749421387337,-0.7819176639820077,0.7113064274988941,0.01048139926497252,-0.2828694826256425,0.0034728466822562124,0.06753071660091117,167,True,11,42,167,383255,1515.61,1522.29,0.004407466300697438,False,2013-02-12 16:18:12.213
2013-02-14,1520.1417,0.001472,0.021472,0.0400186876827412,3.363031503865406,-0.7467296776059806,0.8570447031085736,0.010726946266571181,-0.46535740828564476,0.003646038374840883,0.07330487592650627,187,True,12,49,187,496668,1514.02,1523.14,0.00602369849803841,False,2013-02-14 16:18:16.018
2013-02-15,1520.1109,0.001472,0.021505,0.05782202043364816,1.637694313158603,-0.7523577956478437,0.7529642963013757,0.010724230541596646,-0.37756564342557364,0.0033417403007600806,0.04911684025145903,179,True,12,47,179,628356,1514.14,1524.24,0.006670453194552728,False,2013-02-15 16:15:19.569
2013-02-19,1527.0305,0.0015229999999999998,0.021372,0.05751383829973706,1.707273826995139,-0.735148073249034,0.8233610039463494,0.0103972449817213,-0.481539601181197,0.0037639106843097023,0.05601870535242337,182,True,12,48,182,634304,1519.79,1530.94,0.007336539916699136,False,2013-02-19 16:16:01.501
2013-02-20,1521.4335,0.001472,0.021644,0.07421988518994169,1.5377827473432104,-0.7017062647679378,1.234369106404081,0.01603362485597273,-1.295398972935037,0.007350312725820445,0.12979279776782338,176,True,12,53,176,629312,1511.41,1530.94,0.012921708867878356,False,2013-02-20 16:18:59.727
2013-02-21,1502.5677,0.001472,0.021807,0.0607535107060396,2.15757207845384,-0.6970740947646829,1.3164171888544616,0.0243423953864981,-1.4707940583766883,0.004386683844399469,0.050817048140100136,161,True,11,37,161,811492,1497.3,1511.95,0.00978427836772866,False,2013-02-21 16:16:42.554
2013-02-22,1510.5265,0.001522,0.021621,0.07069310702752213,1.1999999537987058,-0.7445894419606865,0.8343092317701128,0.018091639501548528,-0.5264084438830089,0.003447442791976231,0.05209813193708434,165,True,11,46,165,412310,1502.42,1515.64,0.008799137391674705,False,2013-02-22 16:17:18.984
2013-02-25,1506.6695,0.001472,0.022024,0.052785399489300174,1.9452223405310356,-0.7171353195211201,0.951704865140548,0.02380837776277535,-0.7003834736513042,0.015249285314980062,0.16544320832839393,176,True,12,60,176,545103,1487.85,1525.84,0.02553348791880894,False,2013-02-25 16:19:19.781
2013-02-26,1493.1435,0.001472,0.021916,0.07893424056195861,1.2305813772181509,-0.7087516431035126,1.0564721278778386,0.02919061243047864,-0.9218633440619204,0.006915263022410536,0.084725118748241,177,True,12,53,177,724700,1485.09,1498.99,0.009359702105596446,False,2013-02-26 16:19:10.778
2013-02-27,1511.1328,0.001472,0.021661,0.07177066284257608,1.1716688400880688,-0.7862560276939361,0.7511832570995856,0.018322438221891117,-0.3960933871765161,0.005971952458983684,0.07501558926447707,171,True,12,46,171,569430,1494.88,1520.08,0.016857540404580762,False,2013-02-27 16:17:03.331
2013-02-28,1519.4801,0.001522,0.021682999999999997,0.10369501420116366,0.896691396570028,-0.7071362300676928,1.0934517617360142,0.019033314972847423,-1.0096719010408124,0.006894151643459826,0.09527535890254085,179,True,12,50,179,517306,1514.46,1525.34,0.007184078813570416,False,2013-02-28 16:19:33.760
2013-03-01,1514.6122,0.0013700000000000001,0.021633,0.11042877739967459,0.8066543101420373,-0.7271147708887763,1.0387423338459774,0.020981405973972914,-0.9008299376174618,0.007442554153125804,0.10986240749020926,173,True,12,50,173,431397,1501.48,1519.99,0.012327836534619108,False,2013-03-01 16:16:46.239
2013-03-04,1519.1422,0.0012690000000000002,0.021536,0.0804792783236914,1.214431834434889,-0.7450335177256668,0.9557380847434856,0.017792043716157502,-0.7179620914118732,0.00658190892012888,0.08634779054196022,166,True,12,50,166,487877,1512.29,1525.27,0.008583009872445091,False,2013-03-04 16:19:52.385
2013-03-05,1540.1038,0.001065,0.021336,0.05421729601073869,1.8825717738002943,-0.7464025304598905,0.7890872935841451,0.011984771639862115,-0.41852285465276684,0.0033705676176378967,0.05143891942018009,176,True,12,48,176,1056178,1525.2,1543.47,0.011978756884343023,False,2013-03-05 16:17:01.736
2013-03-06,1541.7411,0.0013189999999999999,0.021345999999999997,0.07747051302063851,1.8745750770696334,-0.6455908692597695,1.771631806155512,0.016907705467080297,-2.848230670749267,0.009562913258643904,0.14640975979762205,179,True,12,52,179,574081,1538.11,1545.25,0.004642060710872586,False,2013-03-06 16:18:30.764
2013-03-07,1544.1425,0.0013189999999999999,0.021296,0.07946106474366216,0.9959164062390111,-0.7147804116456342,0.7837907336170844,0.012660802220104118,-0.45605475803314055,0.005637867791223229,0.11164624839040722,178,True,12,51,178,559323,1541.46,1545.78,0.002802537853723086,False,2013-03-07 16:19:03.535
2013-03-08,1548.0035,0.0013189999999999999,0.021296,0.046771256730915,1.5577615426057458,-0.8590349983010426,0.40352208836581877,0.009662302899720383,-0.017113145729592605,0.004705232876262744,0.09664491907445023,152,True,10,40,152,753117,1542.94,1552.48,0.006183001283264433,False,2013-03-08 16:18:42.657
2013-03-11,1552.796,0.0013189999999999999,0.021296,0.059970969968000026,1.416771029548924,-0.6649716154594261,0.7630712371741075,0.01139757927560242,-0.41234744727320105,0.004844113995986882,0.0893133858379149,175,True,12,54,175,461144,1547.4,1556.27,0.0057321959415792545,False,2013-03-11 16:20:01.252
2013-03-12,1552.719,0.001167,0.021214,0.056722491481806636,1.41498018578425,-0.7406131917190557,0.6701335604885968,0.011942267407182825,-0.2885565858229793,0.003936562142422577,0.06849459023387398,179,True,12,52,179,638186,1548.24,1556.76,0.005503022787164857,False,2013-03-12 16:18:25.284
2013-03-13,1553.4108,0.001421,0.021216,0.06080085015003926,1.285292258642822,-0.7436094217799833,0.6687898805143241,0.011989694443969563,-0.29098618024486844,0.0038736634098987563,0.06735009195970974,169,True,12,49,169,458849,1548.25,1556.39,0.005257548845470694,False,2013-03-13 16:16:47.011
2013-03-14,1560.6934,0.001421,0.021098,0.053561578996018044,1.7916397451648092,-0.719168537985743,0.8168589960380634,0.010040360879778564,-0.4753325119222119,0.0038181399032473605,0.08026922402183514,169,True,12,48,169,596950,1554.52,1563.31,0.005654478552865161,False,2013-03-14 16:18:37.550
2013-03-15,1559.5158,0.0013700000000000001,0.021131999999999998,0.06159874266431223,1.9426969019398417,-0.7006711913180448,1.2057369347746656,0.011357937073836649,-1.2144661828051082,0.004731438856683162,0.07456582524839327,156,True,11,46,156,616751,1555.74,1563.62,0.005065113707946045,False,2013-03-15 16:19:08.415
2013-03-18,1552.7581,0.0013189999999999999,0.021226,0.09016140005216351,0.8399744467276409,-0.7501453762307644,0.790455131940972,0.013978110416071814,-0.4733527713618083,0.006292013411145599,0.09075552642761249,180,True,12,58,180,438759,1545.13,1560.7,0.010076822014976061,False,2013-03-18 16:19:41.939
2013-03-19,1547.3668,0.0012690000000000002,0.021279,0.07664118663074086,1.7173466987015242,-0.6654649679625003,1.48389255231809,0.02151384224087843,-1.9386981291353547,0.007489098170550279,0.11715185590479109,164,True,11,53,164,567551,1538.57,1557.22,0.012121645423997629,False,2013-03-19 16:19:57.999
2013-03-20,1555.8199,0.0013189999999999999,0.021138,0.13994192264429456,0.5650739354614872,-0.744717218243027,0.9838027100071152,0.015114483116328594,-0.8097127062880269,0.008120978798881844,0.12240428913710172,162,True,11,51,162,681373,1548.34,1561.56,0.008538176369531358,False,2013-03-20 16:16:41.821
2013-03-21,1550.3433,0.0012690000000000002,0.021317,0.0629376477032458,1.370082798659323,-0.794628783522224,0.7210366314648586,0.014840300795920622,-0.34743424690159536,0.0037194691243328105,0.06148411852239396,161,True,12,57,161,502678,1543.6,1558.71,0.00978880538999749,False,2013-03-21 16:17:41.253
2013-03-22,1554.628,0.0012690000000000002,0.02113,0.05474689964847269,1.9156660801440044,-0.7664457643614855,0.8757434680661046,0.016197701799659917,-0.5571730645611946,0.002533514763555532,0.035045569802979695,143,True,10,48,143,302588,1548.36,1557.74,0.0060580226820636796,False,2013-03-22 16:17:33.089
2013-03-25,1554.4119,0.0012690000000000002,0.0212,0.04199452096828581,2.623777551582014,-0.7732263866581244,0.7595948861905019,0.014841991230910269,-0.3566158283147045,0.0051418786860739476,0.06878563176445181,139,True,9,41,139,398630,1546.22,1564.91,0.012087542523056216,False,2013-03-25 16:17:20.242
2013-03-26,1560.2503,0.001268,0.021092,0.06797114072373565,1.6180274413311904,-0.7006469831758481,1.0994970230345649,0.013761813543499273,-0.9889353618426939,0.004891179864599766,0.09818228377889036,170,True,12,51,170,378003,1551.69,1563.95,0.007901062712268647,False,2013-03-26 16:17:51.384
2013-03-27,1559.3201,0.0012180000000000001,0.021096,0.0984173744743518,0.9881278845129302,-0.7409027976368341,1.0847251103151905,0.015572694235558453,-0.982130660870986,0.007356308594961201,0.14776194900538175,175,True,12,62,175,359221,1551.9,1564.07,0.00784200012887415,False,2013-03-27 16:19:39.416
2013-03-28,1566.4515,0.0012180000000000001,0.021012,0.05726890697765449,2.152516725949725,-0.6976492887030213,1.067120839082557,0.012281672739677668,-0.8922023249117401,0.00501376089363161,0.1086190179952654,182,True,12,55,182,623214,1561.08,1570.28,0.0058933558818254905,False,2013-03-28 16:19:36.747
2013-04-01,1562.8753,0.0013700000000000001,0.021112000000000002,0.06219971855129927,1.7353391196657686,-0.6736907880388503,1.0329476616803552,0.01566163380931452,-0.8511056621023732,0.004241419929595707,0.09500322459412912,147,True,10,56,147,253984,1558.49,1570.57,0.007751092403544435,False,2013-04-01 16:16:26.703
2013-04-02,1570.8755,0.001268,0.021004000000000002,0.0975881199373992,0.8048210566312093,-0.7098854379658622,0.8263851146511039,0.013107194887832522,-0.5258304101115765,0.005594211796018651,0.08066090158127655,174,True,12,50,174,449208,1562.17,1573.64,0.007342350704468759,False,2013-04-02 16:16:39.863
2013-04-03,1559.7564,0.001472,0.021234000000000003,0.06514950293460804,1.4553887684120095,-0.7197990960582094,0.8758038196606429,0.015125487068515428,-0.5773966208548643,0.0045410440370125425,0.07706382446652191,176,True,12,54,176,673378,1549.8,1571.47,0.01398244934830295,False,2013-04-03 16:20:00.635
2013-04-04,1557.3969,0.0013189999999999999,0.021183,0.06474646063509897,1.5235532341373683,-0.7514766559000642,0.8854771041638609,0.01761469893633007,-0.5867803429993115,0.0034878023655647013,0.05425010286561088,177,True,12,46,177,412430,1552.53,1562.6,0.006486187062407778,False,2013-04-04 16:17:41.882
2013-04-05,1545.4366,0.0013189999999999999,0.021183,0.07389128105373595,1.3611028305475887,-0.7464497450487647,0.9513711005471313,0.019502196383819018,-0.7039597073662048,0.004546058010696962,0.06022846617524205,181,True,12,68,181,477074,1539.5,1559.98,0.013303020461188808,False,2013-04-05 16:19:02.132
2013-04-08,1555.0569,0.0013189999999999999,0.021183,0.1129649027184747,0.7022367598190365,-0.7135292389269839,0.9238048859081801,0.01728309835713876,-0.694759252711237,0.006911739512506642,0.10900441895503636,172,True,12,57,172,316518,1548.67,1563.07,0.009298301122898867,False,2013-04-08 16:17:19.604
2013-04-09,1568.261,0.0013189999999999999,0.021082,0.11823032083654313,0.765847617498973,-0.6879801860367344,1.085626971522368,0.015624667607365389,-0.997493102239217,0.0059522841746674,0.10723633611122757,163,True,11,42,163,402882,1560.96,1573.88,0.00827695776957782,False,2013-04-09 16:18:29.729
2013-04-10,1583.9626,0.000964,0.020838000000000002,0.061408335860208364,1.3224017323691948,-0.6990693814421577,0.7346156992322598,0.011981767899275256,-0.3772472461116041,0.0023816649522582904,0.04330574322348754,182,True,12,42,182,758937,1568.61,1589.07,0.013043395107770639,False,2013-04-10 16:14:33.435
2013-04-11,1593.1038,0.0009130000000000001,0.020768,0.07537057623077344,0.9303861992617496,-0.6938507700840246,0.6701708721821327,0.011369093521545111,-0.3088815100103259,0.003693872223417908,0.06803244293917127,180,True,12,52,180,830647,1586.25,1597.22,0.006915681639085847,False,2013-04-11 16:17:19.823
2013-04-12,1585.9506,0.0012180000000000001,0.020829,0.052420750917332504,1.6515412277055648,-0.7450191951266194,0.661869121421822,0.01168525606083191,-0.26492067123717666,0.0035217771296078026,0.05695421304534959,182,True,12,45,182,647508,1579.97,1593.3,0.008436869054475604,False,2013-04-12 16:18:16.168
2013-04-15,1567.258,0.001116,0.021320000000000002,0.061435452811682,1.719239629319574,-0.7028526331306618,1.0034994846767438,0.019797394434360585,-0.7957666855084177,0.009085320104186022,0.09998500388527569,172,True,12,53,172,591583,1552.28,1588.84,0.023552451877238534,False,2013-04-15 16:19:52.157
2013-04-16,1567.4219,0.001116,0.021019,0.05686919349230088,1.913989364524229,-0.7249192783403062,0.9636645824507654,0.018638568315540276,-0.7109553644433393,0.0035781642288960983,0.049764049895148744,170,True,12,51,170,348274,1552.36,1575.35,0.014809709088098089,False,2013-04-16 16:17:09.284
2013-04-18,1544.2942,0.001065,0.021473,0.05417558134732681,3.1889860388481504,-0.7374124905258165,1.3858364676977315,0.03140223388099484,-1.5750123700747107,0.005816670523556129,0.06122847479438748,178,True,12,61,178,631693,1536.03,1554.38,0.011946381255574456,False,2013-04-18 16:19:19.156
2013-04-19,1550.9192,0.001065,0.021292,0.08759834031209986,1.1099171332072588,-0.7483654662097641,1.0077643279889417,0.0226335003845204,-0.8211351432611637,0.006489399058075097,0.09557065609989575,179,True,12,62,179,448208,1539.4,1555.82,0.010666493439002167,False,2013-04-19 16:18:41.875
2013-04-22,1557.2222,0.001015,0.021197,0.06175931083015808,1.6370093800950367,-0.7240263737908934,0.9037910490845202,0.01989999843610293,-0.6146371181309502,0.004460858323755561,0.08215195031558249,165,True,11,67,165,391632,1548.19,1565.52,0.01119371653350032,False,2013-04-22 16:16:49.424
2013-04-23,1576.5234,0.001015,0.020978,0.05010195777035214,2.103930953012662,-0.7339427463592049,0.8321326362882673,0.014695648022781314,-0.4816226048569075,0.0023928020104176753,0.03736061515353654,182,True,12,53,182,609019,1562.5,1579.55,0.010912000000000033,False,2013-04-23 16:18:20.319
2013-04-24,1579.7321,0.001065,0.020983,0.06353977905901434,1.2630642634246112,-0.7223531287744448,0.7494681554158424,0.014634596881759472,-0.4011928675117524,0.002319397891630889,0.04425011882563795,163,True,11,56,163,384425,1575.8,1583.0,0.004569107754791135,False,2013-04-24 16:18:10.733
2013-04-25,1588.4388,0.001015,0.020904,0.057488373262193575,1.4980292713238013,-0.7052599042458398,0.7706475210922709,0.014027542170603754,-0.421659069950553,0.003731279501276847,0.06563244909747416,180,True,12,58,180,446587,1583.23,1592.64,0.005943545789304228,False,2013-04-25 16:18:40.170
2013-04-26,1581.9139,0.001015,0.020953,0.11980575799284063,0.5470400319192025,-0.724554613895585,0.7940589165165028,0.016800808701046825,-0.49945247154634687,0.007580505552637768,0.12040451271942965,177,True,12,59,177,329201,1577.56,1585.78,0.0052105783615203904,False,2013-04-26 16:16:29.438
2013-04-29,1592.7937,0.001015,0.020804999999999997,0.05778531414819242,1.4325984631968047,-0.7278466944332439,0.7338465149061767,0.014228481930517472,-0.3729644029518513,0.002665460786561122,0.03909148043960525,184,True,12,57,184,367082,1582.34,1596.65,0.00904356838606124,False,2013-04-29 16:16:51.563
2013-04-30,1594.012,0.001015,0.020756,0.05983049412955263,1.3338402480577123,-0.7286086640522664,0.7280270736268418,0.015221760281039932,-0.37041477767130704,0.003087635696719828,0.0595360789172148,173,True,12,58,173,380331,1586.54,1597.57,0.006952235682680552,False,2013-04-30 16:17:26.868
2013-05-01,1588.9234,0.001015,0.020756,0.10023747758627907,0.7712616852598118,-0.7186650698000167,0.9381900276731282,0.018551094328239037,-0.7255818762465326,0.0060101837201669076,0.10734741294732816,173,True,12,54,173,412810,1581.28,1597.55,0.010289132854396366,False,2013-05-01 16:18:00.900
2013-05-02,1595.4233,0.0013189999999999999,0.020762,0.049669776044075985,2.059798193516301,-0.722122416542022,0.8543266390517628,0.015443336132690205,-0.5252545762575871,0.004279238191977664,0.061776754880885715,175,True,12,54,175,568160,1582.77,1598.6,0.010001453148593908,False,2013-05-02 16:18:54.083
2013-05-03,1616.2357,0.001421,0.020555,0.053673850834420625,1.3180437939470622,-0.7434924056650303,0.5626057463399975,0.011873443294922239,-0.1750362538356887,0.0035381499964472346,0.05022479051617187,182,True,12,52,182,946505,1597.6,1618.46,0.013057085628442655,False,2013-05-03 16:19:23.860
2013-05-06,1617.1718,0.0012690000000000002,0.020516,0.04697354895897599,2.005716118003943,-0.6856566818225931,0.7683138590190371,0.012399240489822522,-0.40187497742699396,0.0033176838034502066,0.06136677826179738,169,True,11,50,169,528816,1614.21,1619.77,0.003444409339553145,False,2013-05-06 16:18:59.698
2013-05-07,1622.3442,0.0013700000000000001,0.020430999999999998,0.0569658106979288,1.1194687117707194,-0.7755492505153776,0.4942782601534546,0.011160765861478935,-0.11676811302635612,0.0034328569848678008,0.050543859728777,190,True,12,53,190,637946,1616.64,1626.01,0.005795971892319729,False,2013-05-07 16:19:52.460
2013-05-08,1629.5987,0.001015,0.020405000000000003,0.037129785788589276,3.096276344361956,-0.6800095008480883,0.7741733901239033,0.011258452724772676,-0.369416283159066,0.0033570464501015843,0.056274744402972546,185,True,12,44,185,759115,1622.75,1632.78,0.006180865814204184,False,2013-05-08 16:17:26.422
2013-05-09,1629.5629,0.001421,0.020723,0.049024689054070265,1.6275144346912105,-0.7547721191917723,0.5347113325427795,0.011216287071939333,-0.12633943096617983,0.004904915902040541,0.07105055348131986,180,True,12,49,180,670751,1623.09,1635.01,0.007344016659581509,False,2013-05-09 16:17:20.094
2013-05-10,1628.845,0.001421,0.020723,0.046003366638785646,4.034144740811169,-0.6351280320022847,1.4645350661768615,0.012415908780321186,-1.773694480890734,0.004966150728406338,0.08324701975782182,183,True,12,56,183,624127,1623.71,1633.7,0.006152576506888607,False,2013-05-10 16:17:48.924
2013-05-13,1632.3931,0.001065,0.020638,0.06567342088334918,1.2220821967076632,-0.6839320617515996,0.6964639349966686,0.013788485568452297,-0.32454537583418325,0.004295398009231856,0.0613908105494986,188,True,12,60,188,379333,1626.74,1636.0,0.0056923663277475,False,2013-05-13 16:18:38.369
2013-05-14,1646.2639,0.001065,0.020456,0.06720107340661444,0.9700681546834481,-0.713030894556771,0.5404925282712153,0.013928195062125772,-0.16175293057240764,0.003938081250636101,0.04918046770679219,186,True,12,50,186,875554,1633.75,1651.1,0.010619739862280042,False,2013-05-14 16:18:29.955
2013-05-15,1655.012,0.001065,0.020376,0.05021767243337964,2.104893245276932,-0.6370372020476665,0.8123336333942612,0.014614957133237407,-0.4484802529464212,0.00374581564101428,0.05229379891013205,185,True,12,49,185,769094,1646.71,1661.46,0.008957254161327644,False,2013-05-15 16:19:53.864
2013-05-16,1656.4779,0.001015,0.020484,0.04996321174311806,2.122384683960606,-0.6516222604036515,0.787402962244201,0.013994572453630992,-0.4079211142207937,0.004106669333523988,0.05194459622655972,180,True,12,58,180,584144,1648.6,1660.51,0.007224311537061823,False,2013-05-16 16:16:08.491
2013-05-17,1661.2722,0.001015,0.020278,0.0452184745861938,2.3260093816872285,-0.7099739987698058,0.5962655834806998,0.010712735772624417,-0.14517545381743477,0.003159930210696665,0.043910767327671296,186,True,12,50,186,726685,1652.45,1667.38,0.009035069139762264,False,2013-05-17 16:18:09.357
2013-05-20,1668.0573,0.001065,0.020295999999999998,0.04821521672922654,2.1014623657080995,-0.5674806523002341,0.7267068971004654,0.013528352116720595,-0.3254579874715281,0.0029264565165665482,0.039871972011421224,173,True,11,40,173,497785,1663.53,1672.82,0.005584510047910163,False,2013-05-20 16:17:08.581
2013-05-21,1669.5827,0.000964,0.020264,0.049086644043116585,2.343311015549238,-0.5808219098349012,0.8365673206810469,0.014435918340753879,-0.4697943346263066,0.003419097383998008,0.04160511138878479,187,True,12,54,187,597147,1662.67,1674.93,0.007373682089651057,False,2013-05-21 16:18:48.368
2013-05-22,1671.9945,0.001015,0.020439,0.052192826837949936,1.590109913973652,-0.6931866670747822,0.5501418835323186,0.015700376132280588,-0.13667142922981865,0.005512071711622319,0.05855631246222011,185,True,12,44,185,1002516,1648.86,1687.18,0.023240299358344707,False,2013-05-22 16:19:55.436
2013-05-23,1646.2617,0.001015,0.02051,0.05506029699149247,2.0333394713977593,-0.6471200111104339,0.8712117422670084,0.018885446596271734,-0.5350973495045463,0.004378618116755031,0.049170392219575296,185,True,12,54,185,592653,1635.53,1655.5,0.012210109261218127,False,2013-05-23 16:18:39.473
2013-05-24,1643.4259,0.001015,0.020516999999999997,0.059335564149804516,1.6756185632093261,-0.675729384597638,0.7766697370849033,0.01805729954272803,-0.4043683350077123,0.0030908909734623513,0.037138982322108875,186,True,12,64,186,410080,1637.03,1649.66,0.007715191535891286,False,2013-05-24 16:17:29.611
2013-05-28,1666.0409,0.001167,0.020390000000000002,0.055696199068187305,1.7514770643552449,-0.6326474002574526,0.8091332680726304,0.017279048334501952,-0.45959541502250717,0.0036529181344687467,0.045004292081825756,182,True,12,50,182,358079,1652.63,1674.21,0.013057974259210958,False,2013-05-28 16:16:21.673
2013-05-29,1647.1941,0.0012180000000000001,0.020555,0.11158088767221856,0.6836210598639415,-0.6685248254271999,0.9212494090042349,0.02248706672864008,-0.6961423842085692,0.007750788141153962,0.09963117545650074,176,True,12,62,176,404962,1640.32,1656.51,0.009870025360905199,False,2013-05-29 16:15:34.423
2013-05-30,1657.3158,0.0012690000000000002,0.020487000000000002,0.058915102327086195,1.8148123105619218,-0.648809210604204,0.935624948836785,0.019564906365381267,-0.6615543389234139,0.004390846024169081,0.051489449625046466,189,True,12,53,189,406973,1648.61,1661.91,0.008067402235822918,False,2013-05-30 16:16:03.597
2013-05-31,1646.9471,0.0012690000000000002,0.020789,0.05503900358334329,2.0062122869025862,-0.7012289782533645,0.8206336283518673,0.019494988051413364,-0.45259970148639306,0.004464312634019045,0.04608468022813621,188,True,12,62,188,546375,1630.74,1658.99,0.01732342372174589,False,2013-05-31 16:22:18.973
2013-06-03,1630.5112,0.0015229999999999998,0.020687999999999998,0.057477548690379396,2.7907504125958496,-0.6825085928018809,1.331194304055692,0.029578281648500626,-1.4512672897049694,0.004555733542433303,0.044372345437584185,186,True,12,49,186,601357,1622.72,1640.42,0.010907611910865755,False,2013-06-03 16:16:12.090
2013-06-04,1636.6379,0.0015229999999999998,0.020687999999999998,0.04901352525842897,3.0472195306605396,-0.700357372145228,1.0434253744249056,0.025896231100163654,-0.7900265691257375,0.004043590954609915,0.0388792434524724,183,True,12,60,183,430820,1623.62,1646.43,0.014048853795838978,False,2013-06-04 16:19:37.458
2013-06-05,1614.8534,0.001015,0.021126,0.07682472335775696,1.4651967856862824,-0.6891160457855765,1.092277928787304,0.030713669554078848,-0.9679443982658358,0.004239576505772584,0.0423210869066509,186,True,12,54,186,931036,1607.09,1629.31,0.013826232507202496,False,2013-06-05 16:17:15.169
2013-06-06,1610.9281,0.0012690000000000002,0.020962,0.06065440939458982,2.4743588565564254,-0.7199044957010304,1.2237205187224687,0.03287087675643231,-1.1973303577929828,0.006080090725731157,0.055393180482749445,185,True,12,54,185,988774,1598.23,1622.56,0.01522309054391413,False,2013-06-06 16:19:21.811
2013-06-07,1637.8242,0.0012690000000000002,0.020962,0.05811475143893977,1.6912337086795308,-0.7660938402879346,0.6836617983626442,0.019774682131376783,-0.2708222013303103,0.003844065269111901,0.04213751955509807,188,True,12,60,188,538922,1625.27,1644.4,0.011770352003051876,False,2013-06-07 16:22:35.433
2013-06-10,1643.9566,0.0012690000000000002,0.020962,0.07856274100858342,1.0549319428705224,-0.741202041759024,0.7059820646176135,0.019815461588082256,-0.33265398554291103,0.003519012976057791,0.04747038842337023,182,True,12,57,182,305673,1639.26,1648.63,0.005715993802081432,False,2013-06-10 16:16:28.471
2013-06-11,1631.4556,0.0009130000000000001,0.020871,0.14219990971379506,0.5479679265999954,-0.717367071085058,0.9223721932785868,0.026898566849446574,-0.694928483556401,0.007751692321225156,0.08014279753719313,187,True,12,59,187,414360,1622.92,1639.92,0.010474946392921458,False,2013-06-11 16:17:20.707
2013-06-12,1619.8891,0.0012180000000000001,0.02117,0.09204714029119927,0.819628837577283,-0.756985775373339,0.7133937158019676,0.028990354032221055,-0.35804161254736105,0.006383564297522984,0.06806172049822413,185,True,12,56,185,518955,1610.92,1637.67,0.016605418021999885,False,2013-06-12 16:17:47.739
2013-06-13,1621.605,0.001167,0.020872,0.05715961306522311,2.6757570430420765,-0.8025450765150837,0.9835715704416914,0.02770319834072967,-0.6615225597074739,0.006105532687219634,0.05852427310285704,187,True,12,56,187,621125,1608.11,1639.25,0.019364346966314505,False,2013-06-13 16:21:40.303
2013-06-14,1631.535,0.001116,0.020996,0.06033859370584692,1.910533472946936,-0.8013431634339984,0.742713943579547,0.02346470441712868,-0.3210661960163508,0.0050357075305809225,0.05716582577086637,186,True,12,59,186,661730,1624.05,1640.8,0.010313721868169035,False,2013-06-14 16:18:23.426
2013-06-17,1641.1515,0.001116,0.020845,0.0844750676546322,0.948440999334085,-0.7414423897561635,0.7420250180270798,0.025931493182599272,-0.3903618922077405,0.0045726269820100095,0.04861800673800597,183,True,12,67,183,328071,1630.41,1646.5,0.00986868333732005,False,2013-06-17 16:18:11.245
2013-06-18,1648.649,0.001167,0.020685,0.06025437981901268,2.055486688505994,-0.7184117170733201,1.0058475517565013,0.026988443309679946,-0.764025146090218,0.003547619456144397,0.05823604211280385,182,True,12,57,182,362185,1639.77,1654.19,0.008793916219957731,False,2013-06-18 16:15:39.648
2013-06-19,1645.7294,0.001167,0.020975999999999998,0.11975775899577336,0.7140663013703221,-0.7261961733733456,0.9985939097926103,0.027482591662687596,-0.8261598366218713,0.007467971124043179,0.09076760776582277,178,True,12,65,178,582300,1628.91,1652.45,0.014451381598737711,False,2013-06-19 16:19:18.196
2013-06-20,1598.0515,0.001167,0.021530999999999998,0.05141695574446287,5.324830609630497,-0.7337021323193953,1.8375672494993975,0.04937355545779093,-2.829080236828516,0.009360736635444261,0.07020803259630613,187,True,12,44,187,1306853,1584.32,1623.05,0.02444581902645937,False,2013-06-20 16:22:39.024
2013-06-21,1589.6304,0.0012180000000000001,0.021474000000000004,0.07613378662899888,1.8940461334595426,-0.715890356119179,1.3467666575823354,0.04192309927190638,-1.5253786215949172,0.005996178934098271,0.05032173332900424,187,True,12,71,187,908661,1577.7,1599.19,0.013621093997591371,False,2013-06-21 16:17:14.927
2013-06-24,1568.4221,0.001268,0.021705000000000002,0.05846779052403112,3.450139360842098,-0.7300491580934053,1.370317366892753,0.046351725519075196,-1.4743256351510272,0.007672153866790092,0.05716281325376968,187,True,12,50,187,1012796,1560.33,1588.77,0.01822691353752104,False,2013-06-24 16:19:44.773
2013-06-25,1586.0272,0.0013700000000000001,0.021509999999999998,0.06027231425531209,2.806671525231825,-0.803666301525774,1.0736656449411557,0.034473014910086905,-0.8144287407664905,0.004649756460300878,0.04091344589029579,184,True,12,58,184,539075,1577.15,1593.77,0.010537995751830787,False,2013-06-25 16:22:37.678
2013-06-26,1600.9706,0.001573,0.021348,0.1315206961994224,0.5332040171140761,-0.7793048059655088,0.7042047461017117,0.02807484763876844,-0.3556495973378322,0.006528757127151685,0.0648144460445559,178,True,12,58,178,578891,1593.2,1606.83,0.008555109214160028,False,2013-06-26 16:17:08.875
2013-06-27,1615.7595,0.001472,0.021223000000000002,0.05838242241514641,2.5646838288239864,-0.8184640746567396,0.8968973960675244,0.024065263889402232,-0.5049600297613117,0.0038075385020407437,0.053458694199895566,178,True,12,56,178,752886,1607.5,1620.07,0.007819595645412125,False,2013-06-27 16:21:25.982
2013-06-28,1610.2895,0.001421,0.021318999999999998,0.05102379117254447,2.73199292683799,-0.87222638150135,0.687769454371971,0.023774716184166038,-0.19423354919941843,0.005003033826612081,0.06386033886998564,170,True,11,55,170,409237,1601.06,1615.91,0.009275105242776638,False,2013-06-28 16:16:14.520
2013-07-01,1622.0247,0.0013189999999999999,0.021252,0.12662789269338112,0.5757628409067546,-0.7856759405585809,0.7187511518951453,0.02392287770073228,-0.3707879478802446,0.008809377897335774,0.09502084915824542,183,True,12,65,183,413262,1609.78,1626.56,0.010423784616531373,False,2013-07-01 16:17:53.785
2013-07-02,1617.4023,0.001421,0.021294,0.07049764941684344,1.506960866769281,-0.8394998170483838,0.7088457456508789,0.02238862263606892,-0.28998789338654396,0.005019733152517286,0.0581093694948181,187,True,12,64,187,468084,1606.77,1624.26,0.01088519203121785,False,2013-07-02 16:22:19.284
2013-07-03,1612.0434,0.001472,0.021277,0.15584152990088326,0.4716856332994135,-0.7362571332002995,0.7766880227924584,0.02511882685565633,-0.45622786329796317,0.009634017236508018,0.11792874541764999,173,True,12,67,173,272130,1604.75,1618.97,0.008861193332294848,False,2013-07-03 13:17:26.130
2013-07-05,1624.3448,0.001015,0.021064,0.05009201522358957,2.8026239494251737,-0.7426844556467249,0.8185520860898533,0.020512399120708055,-0.3892493545608456,0.0048593170991273055,0.05770997419081702,177,True,12,53,177,381794,1614.77,1632.07,0.010713600079268248,False,2013-07-05 16:16:00.945
2013-07-08,1641.3452,0.001015,0.020968,0.0797228323905088,1.0387245122822049,-0.757274062812026,0.6864659986369972,0.018893131444883474,-0.3056154468995154,0.005728484802892464,0.07376205427815433,181,True,12,62,181,903790,1635.46,1644.68,0.005637557629046386,False,2013-07-08 16:14:58.329
2013-07-09,1649.8,0.001015,0.020968,0.05859282738301336,1.2977943208561062,-0.8350567136131954,0.46619373085855176,0.01597363497275206,-0.06525371745066202,0.0033352361520278496,0.04211744155756453,183,True,12,57,183,688605,1643.95,1654.17,0.006216734085586539,False,2013-07-09 16:17:20.184
2013-07-10,1650.9813,0.001015,0.02086,0.06918237210365721,1.2802318574257365,-0.736999534978919,0.6806579304184593,0.016787312866968118,-0.28615626476277317,0.0038304238533381127,0.055058986253504694,174,True,12,53,174,540585,1647.66,1657.92,0.006227012854593816,False,2013-07-10 16:22:15.115
2013-07-11,1670.6113,0.0009130000000000001,0.020586000000000004,0.06056486008624513,1.1401926359427241,-0.7760155148685172,0.467360433883996,0.014922404370747482,-0.08031456022576078,0.004781790806934102,0.07158501423303652,182,True,12,51,182,888031,1658.26,1676.63,0.011077876810632992,False,2013-07-11 16:44:04.954
2013-07-12,1675.1297,0.0009130000000000001,0.020586000000000004,0.052763046820571854,1.566608889978848,-0.8023844490281825,0.474181454944418,0.014110867953163067,-0.05952993579024901,0.004920503272910292,0.08640796927528363,177,True,12,50,177,640765,1672.33,1680.19,0.004700029300437114,False,2013-07-12 16:18:08.659
2013-07-15,1681.543,0.000964,0.020495,0.20281789311573495,0.2932809912930184,-0.675317248339757,0.7032793421687479,0.017287502566936005,-0.37563656763141834,0.008909140144242675,0.1333647081354797,178,True,12,54,178,707813,1677.89,1684.51,0.003945431464517979,False,2013-07-15 16:17:38.054
2013-07-16,1676.8316,0.000862,0.020571000000000002,0.10295357202328154,0.5944348058649354,-0.7147621009081198,0.5797672005913251,0.016990365359455254,-0.21373163368397985,0.006145056199220702,0.07189319962182263,172,True,12,65,172,481120,1671.84,1683.73,0.0071119245860848945,False,2013-07-16 16:23:19.254
2013-07-17,1680.8557,0.0009130000000000001,0.020520999999999998,0.290140825913835,0.19228668055758358,-0.6483815560590823,0.7313403548814013,0.018139870707025506,-0.4232782820596398,0.009377816879923876,0.1413544166430649,181,True,12,54,181,587141,1678.12,1684.75,0.003950849760446351,False,2013-07-17 16:16:23.228
2013-07-18,1689.9691,0.000964,0.020430999999999998,0.04761310064041376,1.940049354245073,-0.7644395601242442,0.5566433641071712,0.0137002729068693,-0.125108304502468,0.0036191615712434853,0.05735812061300161,184,True,12,52,184,733229,1681.05,1693.12,0.007180036286844604,False,2013-07-18 16:25:13.993
2013-07-19,1688.439,0.000964,0.0204,0.10588762267233881,0.6794220909423998,-0.6859550011478915,0.7767410348273922,0.016219399972072928,-0.45944185518280745,0.007482119767099535,0.11056771976326306,169,True,12,62,169,405185,1684.12,1692.09,0.004732441868750437,False,2013-07-19 16:20:58.040
2013-07-22,1694.8748,0.0009130000000000001,0.020360999999999997,0.048824905493011904,2.068433199679849,-0.6918855439998121,0.7030786690302271,0.013102618884317047,-0.29233750385936197,0.004342532073689929,0.06547916655457638,183,True,12,54,183,412952,1690.67,1697.56,0.004075307422501062,False,2013-07-22 16:17:53.326
2013-07-23,1694.5582,0.000964,0.020398,0.12200496530785725,0.6465117425918195,-0.658019389064118,0.9367907330804491,0.014754515701906884,-0.7198215921333306,0.0093923023560733,0.14554810192431927,184,True,12,55,184,338625,1691.13,1698.78,0.00452360256160067,False,2013-07-23 16:17:29.399
2013-07-24,1687.6709,0.001167,0.020475,0.05038850157288265,2.108831800220633,-0.6372071712813874,0.8200542225265084,0.014371969331190258,-0.45996717891883154,0.004079432775861007,0.06868733985389117,186,True,12,53,186,352199,1682.57,1698.32,0.009360680387740183,False,2013-07-24 16:17:53.073
2013-07-25,1686.0521,0.001116,0.020425,0.04860297271123913,2.242467065204017,-0.6853063516892466,0.796054070636458,0.014491315150748528,-0.4157209522249483,0.0042682862134351,0.08732844353625341,183,True,12,64,183,340748,1680.11,1690.94,0.006446006511478419,False,2013-07-25 16:15:14.019
2013-07-26,1686.1055,0.001015,0.020409,0.04584549476849119,2.4189693281846503,-0.7523381155471689,0.6873555335915268,0.01285960596711188,-0.25065993819803245,0.004075988921820547,0.0579932491414048,181,True,12,58,181,473984,1676.03,1691.83,0.00942703889548513,False,2013-07-26 16:16:00.209
2013-07-29,1685.8936,0.001065,0.020498,0.05078882872991329,2.1987229294444917,-0.6901889247519015,0.8410949446020314,0.014737984121079411,-0.48409958125891517,0.003668020108362,0.051440590025246966,167,True,11,45,167,269879,1681.86,1690.92,0.005386893082658606,False,2013-07-29 16:17:19.496
2013-07-30,1687.9098,0.001065,0.020496,0.06335258064599139,1.2905505986943429,-0.7075637039174664,0.6926431226769134,0.014834098828675526,-0.31623507362859404,0.0043719666347249025,0.07281571647660395,184,True,12,52,184,362214,1682.42,1693.19,0.006401493087338395,False,2013-07-30 16:14:59.527
2013-07-31,1691.6636,0.001015,0.020522,0.07328462372208698,0.9906254910200322,-0.6942329643394913,0.6967390654584321,0.014849333702308069,-0.34025009261806793,0.0043985613472336425,0.07753368085300391,184,True,12,65,184,436074,1685.0,1698.41,0.007958456973293782,False,2013-07-31 16:23:55.664
2013-08-01,1704.1492,0.0013189999999999999,0.020289,0.09099035386656511,0.8316515704343128,-0.6770818644341294,0.8578177630514371,0.015102310798104876,-0.5845067732315661,0.006486974527328308,0.08350809510790605,188,True,12,59,188,818319,1691.22,1707.85,0.009833138207920866,False,2013-08-01 16:21:30.604
2013-08-02,1704.6185,0.001421,0.020257,0.04185635012968925,2.65631338651755,-0.7013633430325159,0.7364169862259778,0.010403872244838522,-0.31994281128163377,0.003235749657989275,0.05256943729584567,184,True,12,50,184,519889,1700.68,1709.67,0.005286120845779285,False,2013-08-02 16:15:02.529
2013-08-05,1706.775,0.001015,0.020289,0.04894843631576425,1.9069288437736855,-0.6837995816162649,0.6662811744048762,0.010077801928380467,-0.2572482332300407,0.0035615469926126974,0.06396170131546697,180,True,12,55,180,430414,1703.59,1709.19,0.0032871759050006055,False,2013-08-05 16:20:55.792
2013-08-06,1698.0964,0.001015,0.020289,0.045087323227070084,3.070086488401033,-0.6126326280121702,1.0973172088665044,0.01209079329206285,-0.9272610931993799,0.004036859540120461,0.06214673850703189,182,True,12,50,182,433325,1693.29,1705.79,0.0073820786752416545,False,2013-08-06 16:17:16.944
2013-08-07,1688.735,0.0012180000000000001,0.020539,0.03944330067826949,3.295576676885166,-0.7341823080941147,0.7694800345026088,0.012935580583715417,-0.3321226799487885,0.0035308134494754662,0.05647965205096963,187,True,12,48,187,380584,1684.91,1695.05,0.006018125597212931,False,2013-08-07 16:17:20.870
2013-08-08,1696.5883,0.001015,0.020492,0.11523743921077181,0.7305838065427719,-0.7165694914429324,0.8757721428998224,0.013028921490261344,-0.5985956322896531,0.008980096765320748,0.13755323373691136,183,True,12,58,183,503946,1688.38,1700.18,0.00698894798564309,False,2013-08-08 16:17:40.041
2013-08-09,1692.581,0.001015,0.020492,0.04143258967638255,4.375050134064988,-0.6933321343854679,1.1931548433969394,0.012544582456302588,-1.0610791662849408,0.004183838280135234,0.07105653639953231,189,True,12,49,189,524482,1686.02,1699.42,0.007947711177803463,False,2013-08-09 16:23:45.381
2013-08-12,1688.6826,0.001015,0.020492,0.06921761320060424,1.5100847405907791,-0.711905011197451,0.9836929873016925,0.016301746791066444,-0.7586029703178331,0.006123650006452543,0.09866948860538087,179,True,12,48,179,236279,1683.35,1691.49,0.004835595687171512,False,2013-08-12 16:19:33.495
2013-08-13,1689.8506,0.001065,0.020554000000000003,0.0427572324916602,3.8897381169223206,-0.7182582152453103,1.1146504977974034,0.01385922043904032,-0.909816858246159,0.004139036422689489,0.05613012127739933,184,True,12,48,184,324013,1682.62,1696.76,0.008403561113026203,False,2013-08-13 16:19:27.067
2013-08-14,1688.567,0.001065,0.020679,0.04185064301846616,3.1662188005780374,-0.7402024976376212,0.8002836139214164,0.012540954283127381,-0.3754372772284276,0.003142357734565945,0.048431524764783566,181,True,12,48,181,447845,1684.83,1695.52,0.00634485378346783,False,2013-08-14 16:21:28.833
2013-08-15,1663.3226,0.001065,0.020996,0.04185616561344218,4.186802597019326,-0.731833334031646,1.1195563113789584,0.02051859796690533,-0.9029193285651977,0.0039810127599624575,0.04699320795155181,187,True,12,44,187,719624,1658.59,1679.61,0.012673415370887398,False,2013-08-15 16:34:29.226
2013-08-16,1658.7822,0.001116,0.021071,0.04259170804277828,4.862933798273471,-0.6967110033753386,1.4248993219230408,0.021135074587900007,-1.6160967644818964,0.003328967185895829,0.03816784724387953,170,True,11,40,170,561563,1652.65,1663.6,0.006625722324751004,False,2013-08-16 16:36:12.765
2013-08-19,1652.8547,0.001116,0.021204999999999998,0.05909583502760581,1.843209901097298,-0.7191549607190165,0.9036477127301487,0.020257523454914696,-0.5987271322494382,0.0038188698695811613,0.04225609373536453,184,True,12,52,184,561061,1645.84,1659.18,0.008105283624167736,False,2013-08-19 16:16:36.584
2013-08-20,1654.5342,0.001167,0.021131,0.05180374939073355,2.3333321083879732,-0.7301050175774907,0.8496126615772349,0.018374891812687685,-0.48009097113578814,0.004750170707376815,0.07141521766185462,186,True,12,56,186,454864,1646.08,1658.92,0.007800349922239658,False,2013-08-20 16:19:51.266
2013-08-21,1648.1198,0.0013189999999999999,0.021242,0.052611939552269595,2.1627714457964755,-0.805157186725872,0.7307150120414765,0.020015363143687567,-0.3063692276795374,0.005445514021201745,0.063239711613613,180,True,12,44,180,808942,1639.45,1656.99,0.010698709933209205,False,2013-08-21 16:24:12.829
2013-08-22,1654.3274,0.0012690000000000002,0.021067999999999996,0.03642305566905739,5.144792291487065,-0.7360926360388709,0.8903258179157277,0.01627824708241937,-0.41790194997016816,0.004507185125152877,0.0803891769703452,168,True,11,46,168,457430,1645.03,1659.55,0.008826586749177912,False,2013-08-22 16:19:19.595
2013-08-23,1660.3653,0.0012690000000000002,0.020996,0.06050084054831826,1.429149412695589,-0.7642801216869478,0.6515243658696674,0.01595558793372782,-0.25155451784743527,0.004879586343329811,0.06519418169609535,176,True,12,59,176,406474,1654.89,1664.85,0.006018526911154121,False,2013-08-23 16:15:23.838
2013-08-26,1664.5851,0.0012180000000000001,0.021088,0.11512177950138258,0.7028664745219967,-0.732610567950881,0.9102197644600161,0.017959961012734265,-0.6666695410159763,0.009789015158219977,0.16913654321178123,178,True,12,59,178,264181,1656.02,1669.44,0.008103766862719075,False,2013-08-26 16:27:55.117
2013-08-27,1637.798,0.0012180000000000001,0.021428,0.03822591515277779,4.535515596199904,-0.9436801774661292,0.6482721209944655,0.020991397972583644,-0.07350827414978717,0.004170520703031177,0.04369909028379697,189,True,12,47,189,766761,1629.05,1652.54,0.014419446916914769,False,2013-08-27 16:18:19.770
2013-08-28,1635.7655,0.001167,0.021397,0.040947721335699794,3.7365192605394255,-0.9907154382967194,0.5635806326456542,0.019948222291545244,-0.011619230601188912,0.004426181677132149,0.05598373962862749,188,True,12,52,188,633396,1627.47,1641.18,0.00842411841692936,False,2013-08-28 16:32:29.685
2013-08-29,1641.7755,0.001167,0.02137,0.04658386725029233,4.090312667473556,-0.771330843140025,0.9773913282217459,0.022052119083880557,-0.5742086438555141,0.005272757143467813,0.06465564107789926,184,True,12,57,184,401611,1631.03,1646.41,0.009429624225183009,False,2013-08-29 16:19:15.578
2013-08-30,1633.501,0.001116,0.021456,0.046682421436015524,3.6677763666427636,-0.8153481074987097,0.8347275217529228,0.02557875162119782,-0.3543286714104255,0.004722732735177382,0.05079206588173777,167,True,11,50,167,329845,1628.05,1640.08,0.0073892079481587825,False,2013-08-30 16:20:50.600
2013-09-03,1641.4312,0.001116,0.021456,0.10787262041351763,0.7443307734827806,-0.7323636322152532,0.8284652876450898,0.02579585341634693,-0.5257689108528454,0.007933991565590935,0.0817078388887797,183,True,12,50,183,409945,1633.58,1651.35,0.010877949044429958,False,2013-09-03 16:23:24.286
2013-09-04,1650.6001,0.0012180000000000001,0.021211999999999998,0.12025519342231479,0.5757704258089023,-0.8319433495875947,0.6476438070794248,0.022056367725844857,-0.28096373300333505,0.007841332139695824,0.09001408458882246,183,True,12,45,183,397822,1637.48,1655.72,0.011139067347387455,False,2013-09-04 16:25:53.057
2013-09-05,1656.3344,0.001015,0.02119,0.047846145524323556,3.2282603429610077,-0.7724069536696756,0.8260561196554754,0.019430429062015017,-0.37344908450083103,0.003922844637548871,0.06681882426792306,182,True,12,53,182,461000,1653.07,1659.17,0.0036901038673500253,False,2013-09-05 16:17:29.700
2013-09-06,1657.613,0.001015,0.02119,0.04602294545068588,3.451228638883072,-0.7950265083211266,0.856128810819126,0.020153582869170256,-0.4152851259442497,0.004532154968454817,0.052492913932124435,191,True,12,53,191,434616,1640.62,1664.83,0.014756616401116585,False,2013-09-06 16:24:36.545
2013-09-09,1667.4365,0.001065,0.021002999999999997,0.05092716296977916,2.4101829143038356,-0.7648094757598849,0.7940403384290347,0.020066753398941282,-0.3850125029250384,0.0033924714429286046,0.044148931064586734,175,True,11,53,175,340702,1657.64,1672.4,0.008904225284138922,False,2013-09-09 16:16:38.567
2013-09-10,1681.6283,0.0013700000000000001,0.020859000000000003,0.06544349730487302,1.453019588143131,-0.7547050971550592,0.7302908678519131,0.017590011803459274,-0.343143384666755,0.004042759065559315,0.059497395831119765,183,True,12,56,183,629671,1674.32,1684.09,0.005835204739834676,False,2013-09-10 16:17:30.414
2013-09-11,1685.1258,0.0013700000000000001,0.020859000000000003,0.043547935595232255,2.9400126964676874,-0.7581943742035887,0.7537810623847081,0.015002214162696731,-0.3121229228999393,0.0039482300370451764,0.05759758439415615,184,True,12,42,184,824412,1678.7,1689.13,0.006213141121105714,False,2013-09-11 16:16:26.162
2013-09-12,1685.9246,0.001116,0.020895999999999998,0.050245379146179214,2.045028771115396,-0.7760830748099872,0.6544467461560879,0.014297270361254855,-0.2227940516152149,0.00405312871232053,0.058165939530258816,180,True,12,50,180,500053,1681.96,1689.97,0.004762301124878077,False,2013-09-12 16:17:56.148
2013-09-13,1686.7085,0.001065,0.020841,0.0497033855196968,1.9802658198085825,-0.823902261563536,0.5850277239012048,0.014798187836945646,-0.14540560678617553,0.00375075906807484,0.05458771917412827,185,True,12,47,185,463856,1682.22,1688.73,0.003869886221778307,False,2013-09-13 16:19:36.953
2013-09-16,1701.0919,0.001015,0.020723,0.05071523574061944,1.8134076877290835,-0.7334832711122076,0.6786046832415317,0.01614694361508543,-0.27656951936327545,0.0034663205722605395,0.05311066248070335,176,True,12,46,176,565492,1692.34,1704.95,0.007451221385773588,False,2013-09-16 16:20:13.644
2013-09-17,1703.9288,0.001015,0.020638,0.04921265939601818,1.906012497090255,-0.7671156534889506,0.6794080707875684,0.016904766148965425,-0.2739954390035719,0.002215808489798439,0.033795648589022405,169,True,11,42,169,452042,1698.82,1705.46,0.0039085953779682825,False,2013-09-17 16:18:39.020
2013-09-18,1713.1285,0.001065,0.020390000000000002,0.06491347970133536,1.434609630757824,-0.6777182275411062,0.9220260867303343,0.018633887393197338,-0.6638810983201775,0.0056165496707728055,0.08116220245040666,176,True,12,49,176,868975,1700.37,1729.44,0.017096279045148988,False,2013-09-18 16:27:00.912
2013-09-19,1724.2352,0.001015,0.020446,0.04330399190629176,1.6677030547972194,-0.9414010816301204,0.32834876652933426,0.012225480667091731,0.036623486692738405,0.00359707291663822,0.05933835787180308,183,True,12,42,183,729897,1720.2,1728.99,0.005109870945238848,False,2013-09-19 16:19:48.475
2013-09-20,1716.9625,0.001015,0.020598,0.03961435793615038,2.730564003260631,-0.8093919110230227,0.49167391775286107,0.01113753632684222,-0.0254041618129785,0.003982267628716665,0.06411865988492928,184,True,12,45,184,558293,1708.89,1725.23,0.009561762313548439,False,2013-09-20 16:16:52.107
2013-09-23,1702.2945,0.000964,0.020638,0.06266959101682634,1.5328296894331048,-0.7075776534632668,0.7832710899102275,0.016949217708450672,-0.4213899808187126,0.004099529890060568,0.0537071818677711,180,True,12,59,180,493452,1697.1,1710.61,0.007960638736668413,False,2013-09-23 16:16:30.884
2013-09-24,1701.9045,0.000964,0.020701999999999998,0.0479955968631809,2.1879243284297125,-0.7636621386176474,0.6628826497000387,0.01505522024235343,-0.2293919392044277,0.0034657734449854197,0.048804828735889226,185,True,12,54,185,378284,1694.9,1707.59,0.007487167384506277,False,2013-09-24 16:26:37.437
2013-09-25,1696.4111,0.000964,0.020760999999999998,0.13659857055319527,0.5457891295835735,-0.7125705334802128,0.854637393059003,0.017676174017612352,-0.5812970437655112,0.008820366717368399,0.13848171990550168,177,True,12,59,177,458266,1691.88,1701.71,0.0058101047355603175,False,2013-09-25 16:16:30.245
2013-09-26,1697.7637,0.0009130000000000001,0.020687,0.05026526716536739,1.895557010088047,-0.7591389031361133,0.6587139285465822,0.015307510695655282,-0.2433426805827504,0.0034415709056517195,0.052556993712183746,187,True,12,53,187,459681,1693.11,1703.85,0.006343356308804449,False,2013-09-26 16:19:23.466
2013-09-27,1690.7094,0.000862,0.020791,0.1194293537492567,0.5336825245753631,-0.7234771275702063,0.7534497386725216,0.01950977483126402,-0.4402117906710763,0.006278553709772331,0.09624372300160232,177,True,12,51,177,470704,1687.11,1695.52,0.004984855759257112,False,2013-09-27 16:16:19.012
2013-09-30,1681.6528,0.000862,0.020922,0.10339225236044411,0.7119624588631394,-0.7099918490519013,0.9245467926546614,0.026089345866032346,-0.7075639673721416,0.01002301338829177,0.346057552765312,184,True,12,62,184,476643,1674.99,1687.07,0.007211983355124518,False,2013-09-30 16:18:40.742
2013-10-01,1691.6528,0.0013189999999999999,0.020759,0.055591032826941306,1.8682402022350046,-0.744444130991748,0.831586156508332,0.02054658542973981,-0.48382073087418487,0.0037647703582869827,0.04947347112281688,177,True,12,52,177,585088,1682.07,1696.55,0.00860844079021672,False,2013-10-01 16:17:24.469
2013-10-02,1687.2582,0.0013189999999999999,0.020759,0.06864286140734446,1.2470053988360286,-0.7462824227315236,0.7900134324021274,0.02245765431662759,-0.4529251858427671,0.0046848952961839226,0.06503459700743633,180,True,12,61,180,580403,1680.34,1693.87,0.008051941868907564,False,2013-10-02 16:18:51.795
2013-10-03,1678.6027,0.0013189999999999999,0.020759,0.06110643271663671,1.700544761143839,-0.7534401607056797,0.8975761904110258,0.026521460688231514,-0.5978145695358399,0.006815713433582147,0.08565516683145825,184,True,12,55,184,646233,1670.36,1691.81,0.01284154314040098,False,2013-10-03 16:18:24.706
2013-10-04,1686.2252,0.0012690000000000002,0.020856,0.05578930702088542,2.1897080037533025,-0.7561972990315243,0.9696207110936467,0.02546875417680197,-0.6958397391667828,0.003947363101982402,0.0447029325253932,182,True,12,54,182,406221,1677.34,1691.92,0.00869233429119931,False,2013-10-04 16:16:36.265
2013-10-07,1680.5963,0.001167,0.021037,0.054591381066612946,2.4372144393415045,-0.7651784350288803,1.028585268978022,0.03181783438102255,-0.7918858511603026,0.004590617999958851,0.059943167383598214,182,True,12,51,182,403738,1674.7,1685.66,0.006544455723413112,False,2013-10-07 16:24:05.586
2013-10-08,1664.482,0.001167,0.021037,0.05736965626123617,2.3478463723478837,-0.7756026118172743,1.0617973238812772,0.03931311127213415,-0.8580232783298651,0.0066112510010364325,0.05567663853275021,183,True,12,55,183,785084,1655.09,1676.79,0.013111069488668248,False,2013-10-08 16:37:09.024
2013-10-09,1655.6185,0.001116,0.021330000000000002,0.0643100256872216,2.1258074916024747,-0.7550067616340607,1.1958932115434524,0.04333452037719406,-1.156739104633626,0.0068602741059931,0.0614092595369872,183,True,12,53,183,815610,1646.47,1662.44,0.009699539013768854,False,2013-10-09 16:23:43.182
2013-10-10,1683.2291,0.001268,0.020882,0.0586710037630633,1.9691943683622148,-0.7787803816364794,0.9152080391956834,0.026628477151804587,-0.6065365346156424,0.0052740847598306394,0.059247631749755024,167,True,11,54,167,828621,1660.88,1692.56,0.019074225711670723,False,2013-10-10 16:23:25.164
2013-10-11,1698.2242,0.001268,0.020882,0.05165519272933182,3.3200905646002177,-0.7038368028898871,1.3650544282239654,0.02380956286240831,-1.5203737560273363,0.004711649037108182,0.08604994077254742,181,True,12,52,181,670355,1688.52,1703.44,0.008836140525430691,False,2013-10-11 16:32:40.783
2013-10-14,1702.7697,0.001268,0.020669,0.05421732624300861,3.4054409836364994,-0.7007171268904716,1.7236038782418188,0.03245674648152814,-2.601542519467974,0.005776913011335991,0.09144864971291179,174,True,12,52,174,474779,1692.13,1711.03,0.011169354600414794,False,2013-10-14 16:20:32.084
2013-10-15,1704.8635,0.001472,0.020815999999999998,0.05356048402833807,3.063578913082318,-0.6888908723934466,1.540316378310567,0.03218475560781378,-2.044401006404384,0.0064207393267046615,0.11035167580439595,166,True,12,55,166,458821,1696.1,1711.39,0.009014798655739842,False,2013-10-15 16:27:43.727
2013-10-16,1715.3571,0.0012180000000000001,0.020539,0.045637814757379234,4.256630135501465,-0.6866674381175062,1.6314049898441556,0.02645601039654653,-2.272955645659022,0.008364016132566952,0.09711027716829732,183,True,12,53,183,859904,1700.49,1721.76,0.012508159412875086,False,2013-10-16 16:20:52.351
2013-10-17,1725.1932,0.0012180000000000001,0.020413999999999998,0.050368673876886275,1.8332044236833218,-0.8060213902160466,0.657781249412732,0.013017702275830077,-0.2480040205466337,0.0036900655837287977,0.054474297273486086,184,True,12,60,184,1072182,1714.12,1733.45,0.011276923435932229,False,2013-10-17 16:19:00.777
2013-10-18,1740.6592,0.001116,0.020272000000000002,0.06003888477110457,1.055230003781862,-0.7907911129319952,0.4962828131009548,0.011496709558826946,-0.1195869653712543,0.0042447290610692365,0.06597367151915065,187,True,12,59,187,989483,1735.74,1745.31,0.005513498565453245,False,2013-10-18 16:24:42.074
2013-10-21,1743.7857,0.001065,0.020272000000000002,0.07341220814766893,0.9318243456417481,-0.7026630364971954,0.6486183909064631,0.012262195678916905,-0.28389125138345456,0.004414865241335746,0.06317805969736376,165,True,11,55,165,507719,1740.69,1747.79,0.0040788422981690164,False,2013-10-21 16:18:44.757
2013-10-22,1754.1127,0.000964,0.020156,0.047410327848203246,1.9299973772210992,-0.6559347678971701,0.7206787604114937,0.01208565830074538,-0.3363742589077977,0.005691471502346882,0.08396671297517148,177,True,12,46,177,695038,1746.48,1759.33,0.007357656543447444,False,2013-10-22 16:22:00.753
2013-10-23,1745.2258,0.000964,0.020253,0.051365541146410454,2.0101174317890274,-0.683811822108485,0.8191764352853416,0.013414138566577897,-0.464548492823447,0.004437114069110891,0.06497046942192738,184,True,12,54,184,489684,1740.5,1751.88,0.0065383510485492735,False,2013-10-23 16:20:37.742
2013-10-24,1750.0565,0.001015,0.020186000000000003,0.09612892036299361,0.8685205860453692,-0.6608564352663213,0.9358169831569915,0.013197606026127458,-0.7087735334659012,0.008770288722182976,0.1459799142625443,175,True,12,55,175,434608,1745.5,1753.94,0.004835290747636778,False,2013-10-24 16:14:41.115
2013-10-25,1755.6035,0.000964,0.020097999999999998,0.06411146199332116,1.0886931642091013,-0.7297586095588514,0.6001166690973367,0.011744188299094708,-0.22054459568932167,0.004226311788182151,0.07471472113060533,180,True,12,57,180,330554,1752.49,1759.82,0.004182620157604289,False,2013-10-25 16:16:56.376
2013-10-28,1761.7215,0.000964,0.020072999999999997,0.12391130011526943,0.6067996328268807,-0.6541102810949121,0.9347474831471794,0.01454839532843114,-0.7233741944238926,0.006801743167646601,0.14072573845416236,175,True,12,56,175,707278,1757.67,1764.99,0.004164604277253403,False,2013-10-28 16:17:17.553
2013-10-29,1768.6824,0.000964,0.019969,0.08149142673069035,1.0540716994119348,-0.6899595469020232,0.9280505495787557,0.013847618871574758,-0.6894822092503865,0.006447556325318477,0.12840243731778503,179,True,12,56,179,434504,1764.44,1772.04,0.004307315635555753,False,2013-10-29 16:17:36.889
2013-10-30,1768.5217,0.0009130000000000001,0.02009,0.05556561871647338,1.2593293345614947,-0.7703074131016067,0.5053980851509616,0.013314980881532042,-0.11547639718883035,0.0034674025053357356,0.0456749357711363,185,True,12,49,185,800898,1757.24,1775.22,0.010231954656165332,False,2013-10-30 16:21:12.269
2013-10-31,1762.2707,0.0009130000000000001,0.020175000000000002,0.0549002615420814,2.0828403281649925,-0.6700577259290166,0.9890411393345278,0.012989698157738644,-0.7495054177628353,0.004813494011060816,0.08748038195845571,185,True,12,48,185,510819,1755.82,1768.53,0.007238783018760575,False,2013-10-31 16:18:23.156
2013-11-01,1758.0352,0.0013189999999999999,0.020117,0.05058661536521785,1.9766656313927355,-0.6957369601402512,0.7409136214610411,0.012269311036313445,-0.3489673464646953,0.0040277126875297485,0.07707139349877845,186,True,12,57,186,384451,1752.7,1765.58,0.007348662064243561,False,2013-11-01 16:26:43.199
2013-11-04,1765.1286,0.0012180000000000001,0.020049,0.047792968418723276,2.08380040894927,-0.7657398646553235,0.6093801538404983,0.010276572513096658,-0.1721621576229991,0.0039746218865609325,0.06844145537807164,174,True,12,55,174,377451,1761.56,1768.78,0.00409863984195824,False,2013-11-04 16:33:07.691
2013-11-05,1762.437,0.0012180000000000001,0.020049,0.05374685574001732,1.9391727400099776,-0.7026247368989369,0.8203077940674058,0.012301712555922644,-0.46445600198315273,0.004283336541924566,0.07090299088620956,191,True,12,60,191,425151,1755.78,1767.03,0.006407408673068327,False,2013-11-05 16:16:36.694
2013-11-06,1769.2542,0.0012180000000000001,0.020066999999999998,0.04791061792713384,1.7594666460228536,-0.7940450063189838,0.487813708991019,0.010149865360601107,-0.06936794621330142,0.0037602255740024227,0.06675373635790248,173,True,11,50,173,448629,1764.4,1773.74,0.005293584221264913,False,2013-11-06 16:18:35.488
2013-11-07,1757.2981,0.001065,0.020358,0.05439650947174302,1.3183709000793689,-0.7682532287003596,0.43949924191951734,0.01182689210765086,-0.04973003334095491,0.006171199046984646,0.09743669491808382,188,True,12,51,188,551823,1746.2,1774.54,0.0162295269728554,False,2013-11-07 16:20:29.076
2013-11-08,1761.0534,0.001065,0.020358,0.04347515642041057,2.325625156123415,-0.7201098397739081,0.6170948891888542,0.011634011783419832,-0.17859226738758988,0.0036004038208702406,0.05214683549947377,182,True,12,43,182,613446,1747.63,1770.78,0.013246510989168181,False,2013-11-08 16:18:21.765
2013-11-11,1771.2237,0.001015,0.020075,0.058410838050935596,1.4080242860752425,-0.7054624092005575,0.6155605785065277,0.011977900976316576,-0.21442706871984063,0.0032311945804591622,0.05284909574150488,173,True,12,46,173,261811,1767.92,1773.44,0.0031223132268427545,False,2013-11-11 16:20:36.206
2013-11-12,1767.1426,0.0013189999999999999,0.020139,0.052260545036960204,1.944192969368029,-0.685246614573839,0.7667320175298942,0.012456859158350254,-0.3846688182330634,0.002955529456197597,0.042945835504237084,182,True,12,47,182,529151,1762.29,1771.75,0.0053680154798585455,False,2013-11-12 16:21:07.365
2013-11-13,1772.6196,0.000964,0.019965999999999998,0.05223488012916249,2.482111243870184,-0.6695930512590108,1.0092930696644586,0.012629610917898767,-0.7593669338910949,0.003961217931968455,0.0587748894269531,192,True,12,44,192,491092,1760.64,1782.0,0.0121319520174481,False,2013-11-13 16:21:32.954
2013-11-14,1787.5257,0.0012180000000000001,0.019859,0.04350537956527322,3.1377064918786886,-0.6717562154097635,0.9213984138582769,0.010110886457688551,-0.57596081327334,0.0034594967779576235,0.06336889879007561,190,True,12,45,190,853426,1780.22,1791.53,0.006353147363808986,False,2013-11-14 16:16:30.713
2013-11-15,1793.9869,0.0012180000000000001,0.0197,0.04330296964634169,3.545673460158677,-0.6701472789779174,0.9949507377868414,0.008267724659371652,-0.6828505901803991,0.0035224172150397403,0.0648044514517938,178,True,12,54,178,524721,1790.95,1798.22,0.004059298137859768,False,2013-11-15 16:24:01.431
2013-11-18,1797.2692,0.0012690000000000002,0.019796,0.054459906624032904,2.8264812903066443,-0.6314251959082519,1.291700308117782,0.011174964256203485,-1.3606298717022212,0.0052940208293096045,0.08560797504900612,185,True,12,53,185,590132,1788.0,1802.33,0.00801454138702451,False,2013-11-18 16:24:53.230
2013-11-19,1789.358,0.0012690000000000002,0.019831,0.04315957763622981,3.4460715783544495,-0.5885362951651468,0.9812401606269103,0.010034840075287134,-0.6653702651751371,0.008287355385491404,0.7603553276366828,166,True,11,38,166,582255,1784.88,1795.5,0.005949979830576879,False,2013-11-19 16:20:39.056
2013-11-20,1788.1416,0.001116,0.019902,0.04526063101986352,2.7936115250141103,-0.6730021669231077,0.785517830249599,0.010113170208859757,-0.36415702074703404,0.003948660598763121,0.05864895389353395,180,True,12,50,180,710269,1777.23,1795.72,0.010403830680328463,False,2013-11-20 16:19:54.410
2013-11-21,1793.133,0.001116,0.019753,0.05585925806858889,1.6603917060619893,-0.7285721148401163,0.6115120701287007,0.009078196067819195,-0.18845051430536644,0.004667535099940064,0.08568592377742641,183,True,12,57,183,402769,1783.52,1797.16,0.0076477976137077075,False,2013-11-21 16:27:17.221
2013-11-22,1801.0023,0.001167,0.019669000000000002,0.053765500165198314,1.7112621758558941,-0.7128033249394955,0.6549207694604974,0.009086949098732375,-0.24490748067337453,0.004146835208457463,0.08211677390508139,186,True,12,60,186,446108,1794.7,1804.84,0.005649969354209583,False,2013-11-22 16:19:00.462
2013-11-25,1805.1352,0.001167,0.019697,0.05174264800912587,1.6653372207965242,-0.7262479776365434,0.5807712053957376,0.009360453132384957,-0.164957277752477,0.0034198987280896977,0.057546511121932924,184,True,12,48,184,431025,1800.58,1808.1,0.004176432038565325,False,2013-11-25 16:22:54.170
2013-11-26,1805.0952,0.001167,0.019705999999999998,0.06794705604338398,1.2789607183111946,-0.6828418877043676,0.7678961493894725,0.01024865069543791,-0.41586126503842435,0.0053879774947928494,0.11250458209135855,177,True,12,57,177,402877,1800.77,1808.42,0.004248182721835692,False,2013-11-26 16:24:28.147
2013-11-27,1806.5974,0.001116,0.019684999999999998,0.05484432272240408,1.9992422927882931,-0.6856290713235648,0.8817186853023983,0.010059648482680664,-0.5581336609994691,0.004610179497520993,0.08837164117125593,181,True,12,54,181,403909,1802.77,1808.27,0.003050860620045892,False,2013-11-27 16:16:11.565
2013-11-29,1811.3405,0.001167,0.019704,0.049483099182349034,2.364022950098592,-0.6539949028710428,0.9134933250888123,0.010959743939433872,-0.6005116907636586,0.004261974824595901,0.08469432181278448,175,True,12,60,175,334332,1803.98,1813.55,0.005304936861827647,False,2013-11-29 13:22:30.942
2013-12-02,1805.433,0.001421,0.019761,0.05342423216581878,1.8305820305257778,-0.7047352732039414,0.7461512207226477,0.012864724573218213,-0.3611467653911271,0.0030047156416959956,0.04469648861618327,185,True,12,57,185,296307,1798.6,1810.01,0.0063438229734238405,False,2013-12-02 16:18:53.521
2013-12-03,1794.279,0.001472,0.019843,0.059122520630377304,1.6295709459221408,-0.7264252292024813,0.7601409506063156,0.01478745442579407,-0.3851255810507827,0.00355012218270969,0.04581389604315554,188,True,12,59,188,385451,1787.85,1799.69,0.006622479514500679,False,2013-12-03 16:24:26.107
2013-12-04,1791.0971,0.001167,0.019874,0.05348800295033296,2.109482573487595,-0.685069085677395,0.8827390582203587,0.01572180719282634,-0.5535642246790049,0.004751793547993352,0.06859929180236338,186,True,12,53,186,533428,1779.09,1799.8,0.01164078264730839,False,2013-12-04 16:16:10.810
2013-12-05,1787.025,0.001167,0.019874,0.047766957526191436,2.435496758932624,-0.6862253953964622,0.9171078267828884,0.017147256836019656,-0.6084142254682092,0.0037356313289471275,0.049529955503557085,185,True,12,53,185,550548,1783.39,1792.3,0.004996102927570467,False,2013-12-05 16:27:40.921
2013-12-06,1802.3349,0.0012180000000000001,0.019507,0.0517879870949562,1.467555865586019,-0.8059869487551203,0.4756456683824124,0.011643220082491081,-0.07423527339475977,0.005546512483149164,0.06881972666766256,168,True,11,48,168,476831,1790.89,1806.04,0.008459481040153038,False,2013-12-06 16:16:48.448
2013-12-09,1808.9902,0.001015,0.019478,0.06172729756017987,1.3207405373509127,-0.7143196883604148,0.7171644432423427,0.013197305667574757,-0.3512733503533962,0.004472834039200874,0.08795847487043972,173,True,12,52,173,442778,1806.71,1811.52,0.00266229776776572,False,2013-12-09 16:21:32.371
2013-12-10,1804.5777,0.001015,0.019478,0.05198538167659494,1.7674394328399934,-0.7134764733067136,0.7588434583057788,0.013609821669226757,-0.3920813672005712,0.004209507890864647,0.06835607643986583,174,True,12,49,174,438151,1801.75,1808.52,0.003757458026918181,False,2013-12-10 16:18:43.220
2013-12-11,1789.2549,0.001065,0.019740999999999998,0.04593850182520655,2.818956644750447,-0.6742104573634498,1.0699491132033947,0.018201181955590794,-0.8857938149046377,0.005284001251407791,0.06951528241012885,183,True,12,55,183,575527,1780.09,1802.97,0.012853282699189394,False,2013-12-11 16:21:01.283
2013-12-12,1778.4615,0.0013189999999999999,0.019826,0.05738031147146242,1.9464423446578634,-0.649982532989349,1.0803952832917663,0.021568375166330415,-0.9438790321636723,0.005707255156138596,0.0704661848547677,186,True,12,49,186,545008,1772.28,1782.95,0.006020493375764602,False,2013-12-12 16:17:20.438
2013-12-13,1776.3408,0.0013189999999999999,0.019785999999999998,0.06138086767172696,1.672201987653572,-0.7112263424523564,1.011179530302298,0.02150012972741999,-0.8172016246532504,0.007341143978689135,0.0819164329192877,181,True,12,54,181,661887,1772.45,1780.92,0.0047786961550395635,False,2013-12-13 16:20:59.213
2013-12-16,1787.9428,0.0013189999999999999,0.019618,0.09743468617538979,0.6263045059020854,-0.6990641304611981,0.7015208794173508,0.01982111448853881,-0.37008397829288864,0.004694740253717619,0.05998953605820404,175,True,12,54,175,293055,1778.03,1792.22,0.007980742732125012,False,2013-12-16 16:17:09.724
2013-12-17,1781.5503,0.0012690000000000002,0.019681,0.0901945396951213,0.8419911230752926,-0.7105118309451297,0.8274067258477199,0.02178315775577117,-0.5327158864317355,0.004630403559379929,0.0689808649929924,176,True,12,51,176,332927,1777.09,1786.57,0.005334563809373805,False,2013-12-17 16:20:47.078
2013-12-18,1788.7809,0.0012690000000000002,0.019336,0.0721484697534343,0.8695838662633409,-0.7643463423053461,0.5474876007201732,0.016349842055571058,-0.1742643823959816,0.009598281429224092,0.11339472380899637,173,True,12,44,173,779848,1767.99,1811.08,0.02437230979813232,False,2013-12-18 16:40:28.589
2013-12-19,1807.0606,0.0012690000000000002,0.01936,0.0598546368173694,1.2185525344461527,-0.8055626064725582,0.522725694289333,0.01078721285177191,-0.12737011268594628,0.003894610327710879,0.06154951487033093,182,True,12,51,182,781448,1801.35,1810.88,0.0052904765870043224,False,2013-12-19 16:30:57.349
2013-12-20,1820.3798,0.0012690000000000002,0.019267,0.056748492147000215,1.43168330666848,-0.7770525930771774,0.5797909460079665,0.009855540857130017,-0.1736658033018777,0.003264631007308196,0.051914346486827315,180,True,12,49,180,923495,1810.35,1823.75,0.007401883613666005,False,2013-12-20 16:20:05.186
2013-12-23,1827.5018,0.0012180000000000001,0.019045,0.055730727099050144,1.7850151686350104,-0.6552181928693839,0.8739086746494845,0.010414055221351935,-0.5647559851658932,0.004856418055649488,0.09980184261754611,181,True,12,48,181,405904,1823.96,1829.75,0.003174411719555126,False,2013-12-23 16:21:58.127
2013-12-24,1831.745,0.0012180000000000001,0.019041,0.055873612475757874,1.8614513608525523,-0.6979131366999344,0.9269770411905718,0.010028191504475377,-0.6512744109369317,0.0045154349118384585,0.09185634297321855,167,True,12,55,167,219569,1828.06,1833.32,0.002877367263656616,False,2013-12-24 13:14:41.405
2013-12-26,1839.9529,0.001167,0.018951,0.05325604566175612,1.8868763649888394,-0.6624822942836115,0.9089785892198345,0.009044632866542428,-0.6252669279562126,0.005142597773876685,0.1224096034970471,176,True,12,50,176,348440,1835.18,1842.84,0.0041739774844973265,False,2013-12-26 16:18:07.466
2013-12-27,1841.8614,0.001116,0.018994,0.05804286241247324,1.5917972631648134,-0.6582504336331827,0.9028115654342705,0.010562485434362024,-0.6302837836130247,0.0037414775022412894,0.07343849704979813,181,True,12,52,181,266755,1839.82,1844.86,0.0027393984194106213,False,2013-12-27 16:16:59.471
2013-12-30,1840.0747,0.001116,0.019006000000000002,0.06205546279580606,1.2887577869829956,-0.7120975026290167,0.7554843199127959,0.011969858937246091,-0.4108076358282424,0.004481485673531986,0.08000100229803671,167,True,12,54,167,383677,1838.77,1842.46,0.002006776268918875,False,2013-12-30 16:20:28.159
2013-12-31,1845.9983,0.001116,0.018934,0.05416983711861035,1.3235877142266712,-0.7387235901882694,0.5633014792863755,0.012540553264058903,-0.17391149478251386,0.0032303176385576546,0.04574116078966743,161,True,11,46,161,447761,1842.41,1849.44,0.0038156544960132877,False,2013-12-31 16:17:24.978
2014-01-02,1834.5362,0.001116,0.018934,0.0417131038706561,2.688804166655696,-0.7013255266961991,0.8409655868090525,0.01478518925386898,-0.48290638321397017,0.003860931164808569,0.056894641839575884,186,True,12,53,186,819759,1827.74,1845.43,0.009678619497302643,False,2014-01-02 16:18:46.567
2014-01-03,1833.5707,0.001116,0.018934,0.05780392699444512,1.4062602142475384,-0.6810296533143197,0.7300791114563107,0.014141473387760188,-0.3704407834657211,0.0036241660386131603,0.05288261869527135,175,True,12,51,175,532412,1829.14,1838.24,0.004975015581092812,False,2014-01-03 16:19:39.811
2014-01-06,1828.6378,0.001116,0.018934,0.05239159862402567,1.865907278809072,-0.7135002050445552,0.8317406179509991,0.013484400055589799,-0.4962767251074841,0.0043005826359326545,0.07282259440350047,181,True,12,60,181,411846,1823.73,1837.15,0.007358545398715943,False,2014-01-06 16:15:49.437
2014-01-07,1837.6188,0.001015,0.019105,0.05841843911250135,1.2165152336546552,-0.7329422884816127,0.620315094064333,0.011757418342566111,-0.24265697371067269,0.004758290261656524,0.0796005570373191,180,True,12,49,180,457723,1829.82,1840.1,0.005618038932791114,False,2014-01-07 16:14:41.417
2014-01-08,1836.7977,0.001015,0.019122,0.062416840117793755,1.063793608523164,-0.7302290516978166,0.5767534504062224,0.011552384385736095,-0.19984727139244038,0.004240436218700764,0.0735976862911893,178,True,12,57,178,549711,1831.4,1840.0,0.0046958610898766295,False,2014-01-08 16:21:20.209
2014-01-09,1836.0843,0.0008119999999999999,0.019115,0.04984262654859604,1.3605711558756184,-0.8121156238107425,0.46233593883611207,0.010776669135170754,-0.07812564030926897,0.003277388044762777,0.05135528633354965,168,True,11,48,168,591441,1830.43,1843.21,0.00698196598613432,False,2014-01-09 16:22:20.934
2014-01-10,1837.2791,0.000862,0.019071,0.04810979983428576,1.634545541031392,-0.6913797944955733,0.5962397433724527,0.00971460386145037,-0.19822651397875904,0.004561611531211813,0.10688692446789162,170,True,11,46,170,640767,1832.43,1843.15,0.005850155258318113,False,2014-01-10 16:19:22.227
2014-01-13,1830.7493,0.001065,0.019326,0.04903950617623024,2.2130951942138233,-0.6990431367123353,0.9085451437754981,0.012865380296018372,-0.608396087387572,0.005027664001145142,0.0750399089034494,173,True,12,46,173,449347,1815.52,1843.39,0.015350973825680958,False,2014-01-13 16:15:20.622
2014-01-14,1832.658,0.001065,0.019119999999999998,0.045111876524049827,2.302946386933796,-0.7400611282356644,0.7746008969049436,0.011398398982573908,-0.39222608338821496,0.00356897404786866,0.05980018586556617,186,True,12,51,186,416534,1821.58,1839.26,0.009705859748130763,False,2014-01-14 16:16:19.021
2014-01-15,1847.7859,0.001015,0.019024,0.04309417327877335,2.553982220827324,-0.7385659040606541,0.793849646360972,0.01038711595753419,-0.4100737562769622,0.0036550585625884056,0.07281499547017632,182,True,12,50,182,541195,1841.0,1850.82,0.0053340575774034615,False,2014-01-15 16:29:14.942
2014-01-16,1844.1425,0.001015,0.019053,0.04344966743285332,2.813129352708569,-0.7238199629535051,0.8909428900048256,0.010912390327447091,-0.5493201636085803,0.003979824758537568,0.07619962792803685,181,True,12,45,181,510065,1840.31,1847.39,0.0038471779211111112,False,2014-01-16 16:30:37.175
2014-01-17,1842.2206,0.001015,0.01913,0.047023191636117644,2.2814040476023547,-0.7338509869681574,0.8087813966947923,0.010162891893972898,-0.4395695481799391,0.003465546313135108,0.05360838044957363,179,True,12,53,179,523750,1835.23,1846.02,0.005879372067806088,False,2014-01-17 16:19:24.563
2014-01-21,1840.5915,0.001015,0.019081,0.0406447007039071,3.69518661086281,-0.6921227899827341,1.155033810414472,0.012410819628918723,-1.0337235955133668,0.0038586403641184533,0.07218377888584428,186,True,12,51,186,371958,1832.41,1849.3,0.009217369475172044,False,2014-01-21 16:23:05.851
2014-01-22,1844.7581,0.001015,0.019077999999999998,0.04476234495853334,2.4254389623453094,-0.7340689503146062,0.8556042353595075,0.011688704749181876,-0.5149219365483917,0.0030823855501079995,0.062012670070647445,175,True,12,57,175,607554,1840.88,1846.82,0.0032267176567728484,False,2014-01-22 16:18:31.919
2014-01-23,1826.7627,0.000964,0.019249000000000002,0.04549013524712972,3.219615235779777,-0.7039452812230972,1.2982250112540896,0.0175222179033386,-1.3924667148069982,0.003623754211520826,0.05066500357695357,183,True,12,48,183,701431,1820.06,1842.01,0.012060041976638125,False,2014-01-23 16:20:59.683
2014-01-24,1802.9042,0.001015,0.019669000000000002,0.04842170154795022,2.3837658106462514,-0.7537670350621652,0.9585944389644474,0.021846187510289605,-0.6880513051269228,0.00596297156929655,0.07406889925423696,189,True,12,50,189,708598,1790.29,1825.39,0.019605762194951692,False,2014-01-24 16:26:43.326
2014-01-27,1784.6824,0.001015,0.019811000000000002,0.04153624443343791,5.479756865226549,-0.7270240960663391,1.6369898961260254,0.0319704693157577,-2.2245188788389765,0.005365800509574078,0.05488276615988386,187,True,12,47,187,1071387,1772.95,1795.98,0.012989650018331078,False,2014-01-27 16:25:45.281
2014-01-28,1790.2193,0.000964,0.019692,0.050500570329211326,2.334822829052614,-0.7480062002562887,0.9878051997855508,0.023475118455892185,-0.7399393437537325,0.003807524361859929,0.04888048745519082,185,True,12,58,185,442076,1779.49,1793.87,0.00808096701864014,False,2014-01-28 16:17:02.578
2014-01-29,1779.7282,0.0009130000000000001,0.019915000000000002,0.04291823954427716,4.8147503104049525,-0.6707698867979941,1.643159106632325,0.03341206422425877,-2.286690635373055,0.004200358104714685,0.03966180912502625,185,True,12,48,185,627289,1770.45,1787.29,0.009511706063430214,False,2014-01-29 16:17:08.523
2014-01-30,1791.6475,0.0008119999999999999,0.019701,0.05147519731919949,2.286459771166975,-0.7189982884450867,0.9984802345306711,0.02316769953672125,-0.7615708429819606,0.005083936402881065,0.053585103998431,185,True,12,46,185,573173,1780.41,1798.76,0.010306614768508249,False,2014-01-30 16:19:37.231
2014-01-31,1782.2089,0.0008119999999999999,0.019829,0.04494726932342313,4.009794098347222,-0.7542229063893878,1.273338697316648,0.030520736426955592,-1.2609328475442878,0.0065042112376737455,0.06502051938360445,181,True,12,47,181,507964,1772.28,1793.88,0.01218769043266299,False,2014-01-31 16:20:40.774
2014-02-04,1753.0536,0.001167,0.020125,0.05051903198022301,2.684355295784706,-0.7719125098687303,0.9382142079162632,0.03138096899293387,-0.609023837867884,0.004935024817995497,0.04363321804522078,184,True,12,46,184,795138,1744.72,1758.73,0.00802994176716032,False,2014-02-04 16:25:32.104
2014-02-05,1748.4606,0.000964,0.020183,0.04720089206561441,4.454984299131041,-0.7741829474617662,1.3268349319612356,0.038395626844672945,-1.3399324705579945,0.005894361294342212,0.05471219429102076,184,True,12,58,184,570380,1737.92,1755.76,0.010265144540600124,False,2014-02-05 16:15:59.071
2014-02-07,1788.1605,0.001015,0.019746,0.03908235728628442,3.5810427522056423,-0.8036345698319891,0.7719775799045154,0.017369518012495325,-0.3160381992769122,0.0041422674984607005,0.046378314044357244,187,True,12,49,187,638403,1777.3,1798.03,0.011663759635402116,False,2014-02-07 16:17:58.615
2014-02-10,1796.2864,0.0009130000000000001,0.019715,0.09290092099697414,0.8388647125461095,-0.8519101823202652,0.7616072602011974,0.01871455744619564,-0.42418301001638337,0.008818761488278513,0.09620077258317974,185,True,12,57,185,405310,1791.83,1799.93,0.004520518129510043,False,2014-02-10 16:24:57.719
2014-02-11,1814.7193,0.0009130000000000001,0.019715,0.03915421688512081,4.318387069423295,-0.7914565356030512,1.0697958270662875,0.015328482791527943,-0.8062969837882401,0.0054466677155339035,0.06653337313427608,170,True,11,45,170,1130213,1800.41,1823.54,0.01284707372209648,False,2014-02-11 16:22:12.067
2014-02-12,1820.3733,0.001167,0.019559,0.04174142576310227,2.3337397108759625,-0.8505915534160564,0.5589625344903509,0.013113018091498597,-0.11761186918001129,0.0033689692796036175,0.04842807964157049,181,True,12,51,181,478139,1815.97,1826.55,0.005826087435365057,False,2014-02-12 16:17:35.164
2014-02-13,1824.5775,0.001065,0.019457,0.03962344280514582,2.6723568086287317,-0.9061123182556912,0.5306495739695731,0.012249761088178105,-0.06981301603080434,0.004799522676060084,0.06643225287650599,179,True,12,46,179,594885,1809.22,1830.25,0.011623793679043981,False,2014-02-13 16:14:51.461
2014-02-18,1840.5923,0.000964,0.019379,0.04060644680069513,2.648824494720309,-0.7508617458546819,0.7144425595774095,0.013554301176963232,-0.2953094690770436,0.0038210304154753234,0.06858848019420993,184,True,12,51,184,402113,1835.1,1842.87,0.00423410168383187,False,2014-02-18 16:22:42.341
2014-02-19,1839.1958,0.001015,0.019539,0.0447016082538358,1.8267811265294438,-0.9263028068311283,0.5038033284806878,0.013831710685053492,-0.09049768522097967,0.004184029607317501,0.05176913993899713,184,True,12,43,184,997711,1826.99,1847.5,0.011226115085468447,False,2014-02-19 16:19:58.116
2014-02-20,1836.2212,0.001065,0.019450000000000002,0.03396109946047895,4.644895437483725,-0.7610572169408226,0.8863197393770805,0.014496851545699392,-0.4700711685376367,0.004756352606060032,0.07268256022815608,182,True,12,47,182,550067,1824.66,1842.79,0.009936097683951983,False,2014-02-20 16:21:40.481
2014-02-21,1842.0415,0.001015,0.019502,0.03829856900727399,3.2486238668266827,-0.7504769085893939,0.8306952244184784,0.013160128571999462,-0.44121926518698823,0.0031750703554046665,0.06139290264626131,182,True,12,47,182,554912,1835.6,1846.13,0.005736543909348635,False,2014-02-21 16:14:48.559
2014-02-24,1852.5385,0.000964,0.019375,0.04390087554057727,1.5197451740981247,-0.771065375165969,0.4806011688386351,0.01243358165752253,-0.0975411960061128,0.010885494539217545,1.1194526841753998,191,True,12,53,191,610463,1836.25,1858.71,0.01223144996596326,False,2014-02-24 16:33:19.128
2014-02-25,1846.6065,0.000964,0.019496,0.06012357585577428,1.1905573069371955,-0.8111948603781748,0.6011723646877211,0.013942133962710724,-0.21824708695565664,0.004296635488068868,0.059084887148931044,174,True,12,52,174,397672,1840.2,1852.88,0.006890555374415852,False,2014-02-25 16:18:27.353
2014-02-26,1847.7228,0.000964,0.01952,0.040964274680882824,2.264826579850013,-0.7980976861936794,0.6132486708826913,0.013465296126636819,-0.1905199760963068,0.004212000560698694,0.06644548548060025,186,True,12,53,186,401429,1840.66,1852.65,0.0065139678158920855,False,2014-02-26 16:22:38.964
2014-02-27,1849.549,0.000964,0.01944,0.04621074981768415,1.6124325778528321,-0.9030630458611718,0.46599687631881204,0.012765462831803784,-0.0681296518328087,0.00369255618194582,0.05104137339825466,175,True,12,41,175,524721,1841.13,1854.53,0.0072781389690026455,False,2014-02-27 16:15:03.644
2014-02-28,1863.2052,0.001015,0.019387,0.036199979306414914,3.25814043350468,-0.7665084565301499,0.741673024323388,0.012721324996952683,-0.3141896424684746,0.004182485689528746,0.051075106766749444,186,True,12,40,186,727866,1847.67,1867.92,0.010959749305882616,False,2014-02-28 16:16:46.223
2014-03-03,1843.8457,0.001015,0.019545999999999997,0.04339066526032433,2.9369711221337766,-0.7773494516842328,0.9325646584422352,0.020837626395186704,-0.6148025804959912,0.004371249703450639,0.04801886479584755,184,True,12,41,184,514806,1834.44,1854.11,0.010722618346743262,False,2014-03-03 16:18:26.386
2014-03-04,1870.8677,0.001065,0.019254,0.04469566405037375,2.0835241045359236,-0.7595898877621746,0.6971473594736602,0.014146733477258268,-0.29976545398670995,0.0038701931169035334,0.053204447023609554,182,True,12,46,182,574162,1851.88,1876.23,0.013148800138237826,False,2014-03-04 16:17:12.642
2014-03-05,1874.0551,0.001065,0.019254,0.05044242536717417,1.8145310418826972,-0.7745789969558928,0.7377502100837223,0.014546717071314271,-0.3612166791653989,0.003015840461156204,0.04863271466110211,179,True,12,50,179,393779,1871.11,1876.52,0.002891331883213777,False,2014-03-05 16:15:59.272
2014-03-06,1879.5805,0.000964,0.019252000000000002,0.04814847871364801,1.6690091155438047,-0.8480589059929787,0.5404505793001981,0.013056703220844491,-0.131366328920629,0.003798068752061947,0.05796688895776946,185,True,12,50,185,554069,1874.98,1881.93,0.003706706204866128,False,2014-03-06 16:32:55.101
2014-03-07,1876.8148,0.000964,0.019264,0.06040132895005338,1.1505704824175085,-0.8410669817852836,0.5505168675718601,0.01381584094828481,-0.16407684910368994,0.004329006347548404,0.058312806044553335,177,True,12,47,177,486225,1870.56,1883.53,0.006933752459156617,False,2014-03-07 16:19:38.009
2014-03-10,1873.2269,0.0009130000000000001,0.019286,0.051761209406067786,1.759220482847625,-0.8273732076192793,0.6746424532184387,0.015509662360136543,-0.2730236800763541,0.004160275153475339,0.05654324852602436,185,True,12,55,185,420041,1867.04,1877.87,0.005800625589167829,False,2014-03-10 16:17:29.177
2014-03-11,1872.9463,0.0009130000000000001,0.019384,0.045053564293254106,2.140402550299898,-0.7777927745257431,0.6683170267123946,0.014280112660086379,-0.2537821203669325,0.0046127855415916234,0.07184621942341311,180,True,12,45,180,531622,1863.88,1882.35,0.009909436229800006,False,2014-03-11 16:18:57.185
2014-03-12,1863.4198,0.001167,0.01941,0.03490108144364418,7.105520630058002,-0.7382391870659899,1.489008511459473,0.01900208905410809,-1.7211656387804597,0.004675950792971745,0.06319469338368418,170,True,11,41,170,498321,1854.38,1868.38,0.007549693158899418,False,2014-03-12 16:25:15.993
2014-03-13,1855.5493,0.001167,0.019649,0.04602465254435125,2.3676321789238526,-0.787306512093399,0.7550905000122077,0.018149814295137175,-0.3522227664330946,0.008055125897074761,0.09994184209442779,183,True,12,49,183,694402,1841.86,1874.4,0.01766692365326361,False,2014-03-13 16:27:10.537
2014-03-14,1845.4734,0.001167,0.019728000000000002,0.04618788578779322,4.329572928661739,-0.7655361978216837,1.5340651453241712,0.030551442044940737,-1.9534082302205706,0.006349587644438617,0.06810138725679935,176,True,12,47,176,803591,1839.57,1852.44,0.0069962001989596345,False,2014-03-14 16:52:14.836
2014-03-17,1857.9724,0.001167,0.019541,0.051337861822560484,2.199324713905348,-0.7974948748567559,0.9200863548275476,0.021217966113460655,-0.6207416438090136,0.0034813274107639396,0.04277169602635512,170,True,11,53,170,333585,1845.81,1862.27,0.008917494216631239,False,2014-03-17 16:16:27.501
2014-03-18,1868.024,0.001167,0.019411,0.046438542362193594,2.168970377867653,-0.8710386237145556,0.6728111518028512,0.015035780826869512,-0.25122720044037916,0.004081955527282453,0.05460309047676727,182,True,12,54,182,538066,1860.0,1873.73,0.00738172043010743,False,2014-03-18 16:18:33.725
2014-03-19,1868.9346,0.0013189999999999999,0.019531,0.042818196215522256,2.8138439544948994,-0.7603970531704072,0.8712916961490432,0.01644809290868759,-0.5181817746514292,0.005317673993751767,0.0728282085232261,152,True,10,41,152,488458,1850.35,1874.14,0.012857027048936764,False,2014-03-19 16:26:03.752
2014-03-20,1868.2871,0.0012690000000000002,0.019417,0.045687500967160566,2.5223100973929204,-0.8163710287124059,0.8288322583503501,0.015841395910128165,-0.45648682245390576,0.004170773997254917,0.05995750330990629,186,True,12,52,186,570921,1854.63,1873.49,0.010169144249796425,False,2014-03-20 16:18:34.145
2014-03-21,1874.7652,0.0012180000000000001,0.019474,0.06605703686011392,1.1538116282679494,-0.8111025201987865,0.6768018024837857,0.013818937086124649,-0.30562592532905336,0.00640873990062413,0.11419497297226767,178,True,12,51,178,556814,1863.48,1883.97,0.010995556700367004,False,2014-03-21 16:20:22.713
2014-03-24,1856.2748,0.0012180000000000001,0.019545,0.05198302663314988,1.866966668438845,-0.7868606843484136,0.8188978208434392,0.01883528373557654,-0.4764924848848143,0.0043205057289059995,0.0567245071944037,176,True,12,69,176,422893,1849.69,1873.28,0.01275348842238433,False,2014-03-24 16:18:31.209
2014-03-25,1864.8625,0.001167,0.019469,0.061825216907793246,1.5088122881728239,-0.7746281295510299,0.8952632059849158,0.016963821846186923,-0.6149309140115324,0.004744523921211697,0.08282296848800409,185,True,12,67,185,345653,1855.96,1871.87,0.008572383025496233,False,2014-03-25 16:16:14.950
2014-03-26,1865.0024,0.001116,0.019613000000000002,0.06209685168890451,1.395053240225274,-0.749726781078595,0.8434362317669739,0.016885633007030734,-0.5381278487444834,0.005395182560040052,0.08896822273526657,177,True,12,53,177,542481,1852.56,1875.92,0.01260957809733565,False,2014-03-26 16:28:19.097
2014-03-27,1849.032,0.001116,0.019665,0.048876039872668815,2.5991976306892335,-0.75462507834816,1.069999988660482,0.0206808104435415,-0.8908230016644052,0.004286467349928704,0.048368971979453,157,True,11,44,157,473340,1842.11,1855.55,0.007295981238905513,False,2014-03-27 16:20:28.672
2014-03-28,1861.4384,0.001116,0.019588,0.04382251188996527,2.3852787091542536,-0.7839802559681828,0.7810423188132061,0.01620556281212123,-0.4009692945915232,0.0031866092197430952,0.04129960438011268,167,True,11,56,167,490277,1851.68,1866.63,0.008073749243929784,False,2014-03-28 16:19:09.721
2014-03-31,1871.9144,0.001116,0.019442,0.045444036158750506,2.2876321869908263,-0.8064679372163309,0.7759979185327899,0.014637974897861691,-0.3942542899201572,0.002674146338072994,0.03588368945788823,162,True,11,52,162,370543,1862.73,1875.18,0.0066837383839848385,False,2014-03-31 16:17:52.244
2014-04-01,1881.2143,0.001116,0.019442,0.051640062509127435,1.7400830841568502,-0.7713511534976198,0.7772469069726411,0.013349459692135267,-0.4243967559246674,0.003633558610112562,0.05790156833905966,173,True,12,64,173,559746,1875.15,1885.71,0.0056315494760419416,False,2014-04-01 16:21:29.227
2014-04-02,1888.7211,0.001015,0.019287000000000002,0.04596557579421029,1.7240005628199455,-0.8470017120412708,0.5701323742625449,0.011785509511669769,-0.1665615671031238,0.0035544336012842737,0.05699350314628661,185,True,12,47,185,520010,1883.8,1893.17,0.004973988746151514,False,2014-04-02 16:21:14.641
2014-04-03,1888.6445,0.001065,0.01931,0.051355449203059435,1.3633626758993194,-0.8070628193002719,0.5323956562823383,0.012374625106001786,-0.14341292953331233,0.0038703957116402138,0.06021733588958746,175,True,12,52,175,435576,1882.67,1893.8,0.005911816728369823,False,2014-04-03 16:18:16.535
2014-04-04,1878.7841,0.001015,0.019584,0.0375422800188353,2.621158176812901,-0.7529559479916607,0.6467074967188559,0.013618103061616168,-0.2214220778172295,0.005023536584430253,0.06606866721495341,185,True,12,48,185,668916,1863.26,1897.28,0.01825832143662187,False,2014-04-04 16:19:58.094
2014-04-07,1851.6601,0.000964,0.019802,0.056825947302861425,1.5498521102954677,-0.7645404942579396,0.8101379991988359,0.020280200953695336,-0.48017994905213535,0.0050106942762922985,0.05367091061148464,178,True,12,56,178,626944,1841.48,1864.0,0.01222929382887683,False,2014-04-07 16:19:37.407
2014-04-08,1848.5823,0.000964,0.019745,0.05042165181920098,1.7116987231809466,-0.7830781107743703,0.7260769028467631,0.019580322286735487,-0.3545743147683467,0.004500832727520471,0.056152136032708556,165,True,11,52,165,416863,1837.49,1854.91,0.009480323702441895,False,2014-04-08 16:14:45.825
2014-04-09,1862.7972,0.000862,0.01954,0.04299982322345646,2.804221423780275,-0.7806578117763495,0.8862968516632739,0.015781360399187476,-0.5443600582642689,0.004681768569355116,0.07286854525184398,184,True,12,55,184,437648,1852.38,1872.43,0.010823913020006737,False,2014-04-09 16:16:45.710
2014-04-10,1848.9304,0.000862,0.01954,0.051133028917882094,1.8140950537148177,-0.7777262106720502,0.791884815231834,0.019321460828549495,-0.4415612109119825,0.006965472369781862,0.09385385636445943,163,True,11,42,163,689721,1830.87,1872.52,0.022748747863037933,False,2014-04-10 16:30:31.144
2014-04-11,1824.1408,0.0009130000000000001,0.02016,0.0434098910585442,3.458314324410792,-0.7376085812265654,1.2223706431257062,0.02915281418412978,-1.1939398930378018,0.005530489222752148,0.05608451729884336,186,True,12,31,186,1008538,1814.36,1835.07,0.011414493264842784,False,2014-04-11 16:21:06.450
2014-04-14,1827.7695,0.0009130000000000001,0.019996,0.06756350781667048,1.1764398001157863,-0.7710230696890839,0.8730227668782146,0.026154989325492903,-0.603199952225763,0.0047518649548403775,0.06662222800944577,180,True,12,55,180,417789,1815.8,1834.19,0.010127767375261554,False,2014-04-14 16:16:13.228
2014-04-15,1831.4666,0.000862,0.019864,0.03944031430072823,3.6839046475886756,-0.8176893911514113,0.9459730837260514,0.02490837182961112,-0.6042763608245534,0.006411361675762945,0.06205116510031454,152,True,10,46,152,516229,1816.29,1844.02,0.015267385714836212,False,2014-04-15 16:16:55.915
2014-04-16,1853.5438,0.000862,0.019660999999999998,0.04552555174703896,1.959157851697878,-0.8199108540010128,0.6601348370869399,0.01776957198902432,-0.25739451881962183,0.0053313098778342855,0.07885817493602251,183,True,12,62,183,620701,1847.67,1862.31,0.007923492831511947,False,2014-04-16 16:51:32.161
2014-04-17,1864.0822,0.0009130000000000001,0.01964,0.044910844094038394,2.3866428344154147,-0.8473783539589869,0.6934416804970177,0.012915578000931465,-0.26648907576135883,0.0057540056371125445,0.10825311700992342,170,True,11,53,170,706499,1856.72,1869.63,0.00695312163384898,False,2014-04-17 16:16:41.132
2014-04-21,1869.0132,0.0009130000000000001,0.019568000000000002,0.04755940580050537,2.078186686575958,-0.786644197796423,0.7792178873160523,0.015094295523385821,-0.40950586800114475,0.0025477056750229303,0.04232471747975021,174,True,12,58,174,382176,1863.18,1871.89,0.004674803293294172,False,2014-04-21 16:25:26.431
2014-04-22,1881.2706,0.0009130000000000001,0.019488000000000002,0.04669020043536749,1.9367714700559024,-0.7854587724006045,0.6984264806709891,0.0133517813023638,-0.30694305263364063,0.002689033808865866,0.0385664419983589,176,True,12,50,176,700304,1872.78,1884.88,0.006460983137368093,False,2014-04-22 16:17:27.778
2014-04-23,1876.5225,0.0009130000000000001,0.019541,0.0448354282523441,2.039137396246488,-0.7932008965743442,0.6631510068164717,0.013782419985195029,-0.2569180609895377,0.0026075238094529275,0.049020335521023986,165,True,11,55,165,336936,1873.91,1879.75,0.003116478379431298,False,2014-04-23 16:32:02.583
2014-04-24,1878.1699,0.0009130000000000001,0.019513,0.05468064746618718,1.372314980588454,-0.7982072535325839,0.6391093367427597,0.014929780225498837,-0.2583826009795207,0.004121957777397948,0.056775292985412035,177,True,12,56,177,440295,1870.24,1884.06,0.007389425956026985,False,2014-04-24 16:18:31.035
2014-04-25,1866.0256,0.000862,0.019673,0.05638788517502616,1.4891029665389854,-0.7510385841123296,0.7937502566528126,0.017392554990126555,-0.4621047357544237,0.004820426188109043,0.08554111179641276,160,True,11,57,160,384103,1859.7,1874.44,0.007926009571436188,False,2014-04-25 16:23:03.917
2014-04-28,1865.0589,0.000862,0.01962,0.0404928382191219,2.826454196272743,-0.780413212770199,0.8230113595702084,0.017160220740842703,-0.44844539297474206,0.004753351626301703,0.05502004679632497,170,True,11,50,170,304712,1850.61,1877.01,0.014265566488887549,False,2014-04-28 16:16:14.138
2014-04-29,1877.5732,0.000862,0.019530000000000002,0.044808186095689324,2.080262720828395,-0.7708558228728554,0.7466531097509809,0.01512819029182584,-0.3710652680552028,0.002988463051291824,0.04158141110034792,163,True,11,49,163,319142,1871.38,1880.6,0.004926845429575888,False,2014-04-29 16:24:22.446
2014-04-30,1879.6562,0.001015,0.01948,0.0433142208395319,2.504062349636907,-0.743246142538366,0.8559729153244041,0.014021557176272275,-0.5157666125526992,0.004158698025378716,0.07722804497713874,166,True,11,44,166,269238,1872.69,1885.2,0.006680230043413449,False,2014-04-30 16:19:56.722
2014-05-01,1883.5527,0.001015,0.01948,0.040307633943696845,3.0516876668034922,-0.7819135449376526,0.9094930263020873,0.013288013799358657,-0.5811649461241103,0.003957631096897619,0.06628215584895861,168,True,11,56,168,596663,1878.04,1888.59,0.005617558731443317,False,2014-05-01 16:19:26.491
2014-05-02,1885.0215,0.001167,0.019508,0.042497276439625274,2.843723970367578,-0.7837230307794507,0.8880586138211909,0.01245846513998479,-0.5469470542086157,0.003864873036500631,0.054500332977800055,163,True,11,57,163,410896,1878.5,1891.33,0.006829917487356951,False,2014-05-02 16:14:49.478
2014-05-05,1879.5608,0.000964,0.019467,0.03903389257110274,3.1265534549806224,-0.8380462866477681,0.765857721678016,0.012643742015976797,-0.342454946494794,0.0046867986648276025,0.06451663336880414,169,True,11,52,169,394162,1866.77,1885.51,0.010038729998875118,False,2014-05-05 16:15:32.939
2014-05-06,1874.5336,0.0009130000000000001,0.019646999999999998,0.03818496422844396,2.9602066797233757,-0.8120210398117703,0.6679840733866527,0.012429918520312788,-0.22013194995014906,0.002833020085825595,0.03671319181168679,171,True,11,46,171,437345,1867.72,1882.14,0.007720643351251777,False,2014-05-06 16:30:58.372
2014-05-07,1871.8518,0.0009130000000000001,0.019646999999999998,0.04171184218645609,2.5107495792847447,-0.7865972181612356,0.7227444329718445,0.014180499267084073,-0.31290353495012047,0.003666935242762246,0.04805082230941328,185,True,12,50,185,351541,1859.79,1878.83,0.010237715010834592,False,2014-05-07 16:23:58.722
2014-05-08,1882.2085,0.001015,0.019641,0.03578876676359151,3.0520231649047327,-0.8188435520218466,0.6771945598606073,0.0124682372934095,-0.2401361814930939,0.0036006046864824337,0.06078802206715371,186,True,12,52,186,506140,1870.05,1889.07,0.010170851046763518,False,2014-05-08 16:44:10.213
2014-05-09,1873.3217,0.000862,0.019625999999999998,0.05231311983882902,1.7647631395886827,-0.7737144407199954,0.717833359441277,0.012455689978168535,-0.3306442007098478,0.0061749033790646545,0.10504804949987825,165,True,11,46,165,527050,1867.02,1878.57,0.006186329016293346,False,2014-05-09 16:16:57.529
2014-05-12,1893.7949,0.0013700000000000001,0.019443,0.03999462150450532,2.071933981559309,-0.8832528644587286,0.5161549809768834,0.009938493182531597,-0.10068353363767232,0.003717311100324253,0.07203464874683774,181,True,12,56,181,445115,1883.05,1897.13,0.007477231087862801,False,2014-05-12 16:19:11.437
2014-05-13,1898.9105,0.000862,0.019472,0.03794774771200001,2.5806768231428174,-0.791459046602484,0.6129277349113957,0.009676886048681095,-0.17981866220195558,0.0039047038678539907,0.06910330401937678,178,True,12,46,178,468608,1896.08,1902.17,0.003211889793679701,False,2014-05-13 16:17:33.405
2014-05-14,1892.2422,0.0008119999999999999,0.01958,0.03045066711933879,4.411267695974136,-0.7500697562413805,0.7008704634957986,0.009377446962059133,-0.2225673182320136,0.0037712512270495543,0.07694291295725245,189,True,12,39,189,535084,1885.77,1896.53,0.005705892022887182,False,2014-05-14 16:23:33.162
2014-05-15,1869.0828,0.000761,0.019784,0.035127547161339846,5.249169526137281,-0.6613642955471207,1.2526578636289245,0.015012804902458213,-1.2003708231368706,0.004055591924735627,0.0536573967457382,181,True,12,35,181,796890,1862.36,1887.22,0.01334865439549815,False,2014-05-15 16:18:13.768
2014-05-19,1882.6486,0.000761,0.019646,0.060980044512984874,1.3974827514223458,-0.7673131140816968,0.7944633391796065,0.012311383564802166,-0.46073487652468403,0.005732508098445368,0.09729489872177038,182,True,12,48,182,372954,1872.42,1886.0,0.007252646307986499,False,2014-05-19 16:18:59.699
2014-05-20,1875.4827,0.000761,0.019777,0.05486421087225827,1.396082572227122,-0.7975833672590513,0.6667150608540483,0.01240648140936944,-0.2913190350941102,0.005419988484187998,0.08871403368004618,177,True,12,46,177,464344,1868.17,1884.12,0.008537766905581279,False,2014-05-20 16:24:12.034
2014-05-21,1881.8274,0.000761,0.019634,0.03411453106837754,3.1426385521311526,-0.8213245314545939,0.6274732131227189,0.009553344521545055,-0.17930335213983054,0.0035103692787252314,0.0647194049968954,181,True,12,39,181,800806,1875.29,1888.8,0.0072042190807821704,False,2014-05-21 16:16:26.484
2014-05-22,1893.41,0.000761,0.0196,0.03466624126585204,4.107421000373918,-0.7041725185724983,1.0204116113527735,0.009168647183416118,-0.7564621618247844,0.004590177440676027,0.1247133453248124,182,True,12,53,182,465669,1885.39,1896.33,0.005802513007918675,False,2014-05-22 16:17:10.284
2014-05-23,1898.6415,0.000761,0.019518,0.052675536792856414,1.4626817078355634,-0.7845100173643875,0.6540706570467512,0.009990097959020713,-0.27371333617490823,0.005109603647634217,0.0721609649307688,174,True,12,51,174,431495,1893.58,1901.26,0.004055809630435503,False,2014-05-23 16:24:56.314
2014-05-27,1910.2111,0.000761,0.019402,0.04177840578731253,2.188862791725111,-0.7356134950093457,0.7143647465998485,0.00964199130477575,-0.3274225953337829,0.0035784865116436897,0.09359458916713627,172,True,12,46,172,540570,1904.5,1912.28,0.004085061695983105,False,2014-05-27 16:25:52.287
2014-05-28,1911.3874,0.0007099999999999999,0.019443,0.038796189196254244,2.412485395425083,-0.8259859820591328,0.6118336829912692,0.008894822114431083,-0.1871499759744373,0.003595541560477104,0.07100396541983071,166,True,11,48,166,456198,1907.3,1914.46,0.003753997797934394,False,2014-05-28 16:27:40.655
2014-05-29,1916.3761,0.0009130000000000001,0.019354,0.03474673010727255,3.0203830346732157,-0.7378283815062178,0.6557227671517675,0.00846959955522634,-0.22007547910842098,0.003034674981469427,0.05685002746854102,186,True,12,42,186,679587,1909.82,1920.03,0.005346053554785346,False,2014-05-29 16:22:48.825
2014-05-30,1920.4089,0.0009130000000000001,0.019319,0.04215880790282798,2.6105372856876907,-0.7364411349657228,0.8054878585960933,0.008448986801502157,-0.42869641044476525,0.004447128131239834,0.07388753175990592,174,True,12,50,174,415705,1916.64,1924.03,0.0038557058185155757,False,2014-05-30 16:15:54.127
2014-06-02,1922.1378,0.001167,0.019320999999999998,0.038514601734757424,3.5420419373774705,-0.7120974134843197,0.9660729152859581,0.009224294031396043,-0.6604562085573062,0.003976849713301722,0.07098941190569319,185,True,12,57,185,532005,1915.98,1925.86,0.005156630027453257,False,2014-06-02 16:29:37.768
2014-06-03,1922.7033,0.0012180000000000001,0.019341999999999998,0.041118556388823564,2.1421282864962037,-0.829964750130778,0.5216788970186891,0.008981448768979246,-0.09598642611385971,0.0031012883842876054,0.060487803900213674,190,True,12,49,190,465319,1918.79,1925.06,0.003267684321890396,False,2014-06-03 16:23:29.866
2014-06-04,1925.8523,0.0012180000000000001,0.019341999999999998,0.043960463199288875,1.9359507152304487,-0.7699408989727715,0.6176576233019225,0.010377048605737902,-0.2112903592779294,0.002715055454454109,0.04909959879084649,184,True,12,50,184,549472,1918.6,1928.63,0.005227770249140118,False,2014-06-04 16:17:33.564
2014-06-05,1935.8679,0.000964,0.019214,0.03802701028146487,2.5001557619621053,-0.6519319157014781,0.704829629819668,0.009217914117319122,-0.306637909340937,0.003249915656831101,0.05222518428703921,180,True,12,31,180,968099,1922.93,1941.74,0.009781947340776753,False,2014-06-05 16:16:30.407
2014-06-06,1947.5729,0.000862,0.019167,0.04456986299834785,1.4801011230189056,-0.8366593856287906,0.4500731148018884,0.007906851386810295,-0.07063000011416698,0.003712453061484982,0.07379851301257485,183,True,12,54,183,683303,1943.28,1949.44,0.0031698983162489203,False,2014-06-06 16:15:09.377
2014-06-09,1951.8903,0.000862,0.019167,0.04254859248598226,1.6644673971541515,-0.7918451001913577,0.508630462928435,0.00792888265778655,-0.11706345784336289,0.004220443288462884,0.07367640734092257,177,True,12,50,177,604625,1947.16,1955.55,0.0043088395406643,False,2014-06-09 16:24:19.286
2014-06-11,1944.0616,0.000964,0.019248,0.04089693266606555,2.51888025682631,-0.7127259800335487,0.8062086659190258,0.00828227048174049,-0.44394346048832045,0.0035314475191193326,0.07418435623911353,183,True,12,51,183,457865,1940.09,1947.46,0.00379879283950757,False,2014-06-11 16:21:35.503
2014-06-12,1934.5194,0.000964,0.019248,0.04044333988010256,2.158707973664434,-0.8138625572836453,0.5951765694429272,0.009436587038294336,-0.17962442825225514,0.0036777043584898814,0.06427670759131679,176,True,12,46,176,564905,1925.78,1942.61,0.008739316017405852,False,2014-06-12 16:21:53.041
2014-06-13,1934.2264,0.000964,0.019299,0.045684598201920446,2.3220019434185812,-0.7507360330903796,0.8635015989008431,0.01043708694475695,-0.5334755596859999,0.004389528411726997,0.07514247629378659,165,True,11,43,165,552069,1927.69,1937.3,0.004985241402922558,False,2014-06-13 16:16:55.505
2014-06-16,1937.2231,0.000964,0.019282999999999998,0.04668590828868876,2.2434703268514213,-0.7189374997616075,0.9103118620351467,0.011607972615083081,-0.6191907863063358,0.003873151991366729,0.08659078164205626,185,True,12,53,185,317222,1931.01,1941.15,0.005251138005499811,False,2014-06-16 16:16:25.117
2014-06-17,1940.1796,0.0009130000000000001,0.019244,0.0636322961597036,1.1656550481569263,-0.804944448669404,0.7048195558976076,0.011018395497797139,-0.3484239918869506,0.004338050262789943,0.07393973732932196,171,True,12,52,171,413191,1933.55,1943.66,0.00522872436709676,False,2014-06-17 16:43:19.282
2014-06-18,1945.0176,0.0008119999999999999,0.019103000000000002,0.045867859085173324,1.9286215429141054,-0.7663570350713306,0.7449838675850088,0.00897278643956421,-0.37807748064389046,0.004638166448706585,0.09091969459860302,180,True,12,51,180,845640,1939.29,1957.74,0.009513791129743376,False,2014-06-18 16:20:00.044
2014-06-19,1956.7083,0.0008119999999999999,0.019098999999999998,0.05413604577562086,1.4009972063070806,-0.771876803639596,0.6899976972955995,0.00701139117687148,-0.3244079244889156,0.004371854730162252,0.09591689549454495,178,True,12,50,178,796611,1952.26,1959.87,0.003898046366774821,False,2014-06-19 16:35:21.173
2014-06-20,1962.2225,0.000761,0.019066,0.04180984993361419,2.5426103768794333,-0.712860571111066,0.9514599694066507,0.006053413516344956,-0.692663756789346,0.002850759033704032,0.07921051030949675,178,True,12,44,178,668822,1959.17,1963.9,0.002414287683049521,False,2014-06-20 16:22:19.243
2014-06-23,1961.1931,0.000761,0.019057,0.04650799767785403,1.9238670380064613,-0.7456240817675542,0.7605157196713284,0.007219831010984221,-0.3994337523949897,0.0026627134523536495,0.10524644431600881,156,True,11,44,156,312318,1958.97,1963.74,0.0024349530620684234,False,2014-06-23 16:19:57.430
2014-06-24,1960.6102,0.000761,0.019189,0.043120631703000546,2.0322450173796054,-0.7590399600176702,0.7089670778572829,0.007412760372369226,-0.32737093963612673,0.00401842668512773,0.07318372963648064,182,True,12,51,182,506914,1948.34,1968.15,0.010167629879795248,False,2014-06-24 16:16:50.584
2014-06-25,1955.4908,0.001015,0.019101,0.045267570030711454,2.201039731334598,-0.7202474785067251,0.8995939596030793,0.009032220990671998,-0.6099978517972122,0.0032511877418987894,0.08796110690993134,174,True,12,50,174,334209,1947.49,1960.82,0.006844707803377537,False,2014-06-25 16:20:46.378
2014-06-26,1952.3393,0.000964,0.019138,0.08072877873378892,0.9701816475268528,-0.7682903924187412,0.9440292557092155,0.01098067200540406,-0.7345480765253392,0.0065109047168766645,0.1518028981456392,177,True,12,62,177,331764,1944.69,1959.39,0.0075590454005523,False,2014-06-26 16:17:51.097
2014-06-27,1956.5223,0.000964,0.019107,0.04145242494748797,2.376384314707163,-0.7718160647340998,0.7776394884845494,0.007794940512677986,-0.4077093891469391,0.0026401001699187755,0.04833681063508429,148,True,10,44,148,348409,1952.18,1961.47,0.004758782489319602,False,2014-06-27 16:19:08.786
2014-06-30,1961.5904,0.000964,0.019121,0.04621888435821301,2.0573180670889544,-0.7564329122371994,0.8202756412116389,0.007672445348053938,-0.4826782359034719,0.0028187723572756255,0.08080074901813829,150,True,10,44,150,435340,1958.22,1964.24,0.0030742204655247463,False,2014-06-30 16:22:04.757
2014-07-01,1973.7816,0.001015,0.018999,0.04153667459762128,2.290773724285649,-0.7399555969187923,0.7748436452466269,0.006493916452901505,-0.41008042905421255,0.0024727183680145204,0.05456208036463229,182,True,12,46,182,841659,1963.06,1978.58,0.00790602426823428,False,2014-07-01 16:42:02.316
2014-07-02,1974.2807,0.001116,0.018991,0.0602102893301482,1.2035976762637834,-0.7493831302846669,0.6984717304524402,0.006639201416282335,-0.3429248295913533,0.004204951581821775,0.11004749717449364,175,True,12,49,175,588767,1972.59,1976.65,0.002058207737036133,False,2014-07-02 16:17:58.796
2014-07-03,1982.5557,0.0012180000000000001,0.018889,0.038019893120386644,2.614942254971572,-0.7115315822158251,0.8060904455387072,0.004868855280257677,-0.45094215628878753,0.002795296110898354,0.09144494913991423,178,True,12,44,178,595779,1977.01,1985.59,0.004339887001077347,False,2014-07-03 13:18:05.258
2014-07-07,1977.9503,0.000964,0.018968,0.046273833865189,1.698933023661284,-0.7488585760090788,0.657144847596895,0.007110417959721917,-0.27460706175317534,0.0027512343610167425,0.058913203049701775,169,True,11,50,169,446406,1974.88,1983.44,0.004334440573604548,False,2014-07-07 16:15:30.465
2014-07-08,1964.2648,0.000862,0.019112,0.044713785968311305,1.9512757140118748,-0.7774498606886271,0.7077041918794739,0.009597881729579559,-0.3263473739207975,0.0027562107014405405,0.04451954769312481,183,True,12,53,183,593045,1959.46,1975.68,0.008277790819919861,False,2014-07-08 16:16:04.220
2014-07-09,1969.6914,0.000862,0.019112,0.042632988697346476,2.0539729251932775,-0.7845798227402756,0.7071914434677187,0.008392534830018273,-0.3249857287051142,0.0024750555270291346,0.04552904278405457,177,True,12,52,177,402620,1965.18,1974.13,0.004554290192247068,False,2014-07-09 16:15:25.424
2014-07-10,1961.8785,0.000862,0.019108,0.04335041822077556,2.558598932311167,-0.7640645168955864,0.9812814212909274,0.011525275700574142,-0.7410805602209048,0.004093584677805763,0.07039651134026328,180,True,12,49,180,560209,1952.86,1972.83,0.010226027467406862,False,2014-07-10 16:17:45.077
2014-07-11,1964.7179,0.000964,0.019092,0.040705902195850394,2.6495793182342355,-0.802465611816874,0.8413328894295723,0.009941237566657855,-0.49213399765953136,0.0031700010482357288,0.07293924143235804,178,True,12,57,178,809713,1959.63,1968.67,0.004613115741236795,False,2014-07-11 16:17:37.101
2014-07-14,1977.7525,0.000862,0.019,0.057280722886431754,1.2777677712608835,-0.7885680032902359,0.6762561917308797,0.008431569805252458,-0.31093951361673594,0.0026937966167281595,0.051911031211281246,175,True,12,46,175,348528,1972.8,1979.85,0.003573600973235891,False,2014-07-14 16:16:19.346
2014-07-15,1973.6691,0.0009130000000000001,0.019038,0.03736542974644502,3.2135299814066376,-0.7541875644887649,0.9470368435315404,0.008673143873076388,-0.6567289254894944,0.004052360171851478,0.08117915024378172,181,True,12,48,181,415890,1965.35,1982.52,0.00873635739181311,False,2014-07-15 16:26:20.733
2014-07-16,1979.7256,0.000862,0.018966,0.04016296655696887,2.168610322029132,-0.8044635214412799,0.6729098253889573,0.007867281681897308,-0.2786119854274899,0.0022646187089813345,0.04372966867114455,178,True,12,44,178,745901,1975.67,1983.91,0.004170737015797288,False,2014-07-16 16:25:33.474
2014-07-17,1970.1126,0.000761,0.019204000000000002,0.05025430072577354,1.8296982206769625,-0.7655228312252628,0.9008605853275186,0.012462652630712506,-0.6276493849580136,0.008636343977126286,0.14850226236348132,185,True,12,42,185,696441,1955.59,1981.77,0.013387264201596416,False,2014-07-17 16:21:40.246
2014-07-18,1971.2969,0.0008119999999999999,0.01901,0.05824414710955853,1.476679556082016,-0.7913456563087953,0.8677597050756214,0.011316228103403313,-0.5809910231566924,0.004064428153294065,0.06494561443932616,178,True,12,58,178,657210,1960.82,1979.91,0.009735722809844916,False,2014-07-18 16:20:16.116
2014-07-21,1971.2186,0.0008119999999999999,0.01906,0.04437257714791461,2.286042587940927,-0.8218263141408237,0.856825061674806,0.011839489376349946,-0.5312739841203807,0.003612371316996326,0.054263976883232895,182,True,12,54,182,378265,1965.77,1975.81,0.005107413379998649,False,2014-07-21 16:21:23.302
2014-07-22,1983.9943,0.0008119999999999999,0.018964,0.034654034169719454,3.3799994899853067,-0.8109856946747611,0.8777212545339886,0.009134664974801582,-0.5361333650215485,0.0020535628288683265,0.037323700880504775,179,True,12,43,179,399854,1977.23,1986.24,0.004556880079707559,False,2014-07-22 16:23:08.803
2014-07-23,1987.2155,0.001015,0.018932,0.03907240172620548,2.7764998293461027,-0.7903450596249462,0.8243128287242701,0.008808461186544252,-0.4625226061495042,0.002071564641503192,0.038371337757652925,183,True,12,44,183,492921,1982.44,1989.23,0.0034250721333306533,False,2014-07-23 16:31:01.523
2014-07-24,1988.5508,0.001015,0.018923000000000002,0.037182005656851105,3.3282267720983265,-0.7786827789769942,0.8587873774723664,0.008260521599056445,-0.49001546637097826,0.0021405906686545323,0.04345377455545596,184,True,12,51,184,696585,1985.79,1991.39,0.0028200363583259502,False,2014-07-24 16:22:44.893
2014-07-25,1978.8417,0.001015,0.019018999999999998,0.0393590617801865,3.1835546375682093,-0.7968664066094374,0.8852316892059312,0.009438512593272257,-0.5330316962530935,0.002510065037421097,0.04515924025053092,183,True,12,58,183,515431,1974.42,1983.4,0.0045481711084773835,False,2014-07-25 16:19:39.199
2014-07-28,1974.3436,0.001015,0.019014,0.045534340079577455,2.2740153599922825,-0.8185666727246839,0.7677150020741996,0.011370288107465622,-0.3822947469136456,0.004339477228447343,0.06061713655598435,169,True,11,47,169,340989,1967.31,1981.52,0.007223060930915848,False,2014-07-28 16:17:35.421
2014-07-29,1978.6504,0.001015,0.019106,0.041648029701774725,2.8153337868473933,-0.7901172393535992,0.8802551731156965,0.010425809134371468,-0.5403429594468845,0.0035949271146674825,0.06327677559688685,187,True,12,52,187,355024,1969.95,1984.85,0.007563643747303228,False,2014-07-29 16:23:24.228
2014-07-30,1968.8817,0.001065,0.019119999999999998,0.0656987722194933,1.0718723802862555,-0.8013491329496558,0.6323803889077457,0.012560870832791013,-0.25906355755352617,0.0046569467793760476,0.0656069295897732,184,True,12,51,184,502442,1962.42,1978.9,0.008397794559778182,False,2014-07-30 16:17:25.722
2014-07-31,1941.4056,0.001116,0.019521,0.04943882943821586,3.0975452780827046,-0.7593113079143223,1.3571396027256248,0.024102137793879156,-1.5355498759257034,0.007299634822648591,0.0860968703961845,183,True,12,46,183,1055926,1930.67,1963.08,0.016786918530872663,False,2014-07-31 16:39:30.385
2014-08-01,1926.5353,0.0012180000000000001,0.019573,0.041417695073737354,4.2356696726551855,-0.8187124867804213,1.1644847812441255,0.024873169910940057,-1.00516145587896,0.0046308969959094675,0.04805152270201881,188,True,12,49,188,985498,1916.37,1937.35,0.010947781482699037,False,2014-08-01 16:23:28.455
2014-08-04,1929.5384,0.000964,0.019438999999999998,0.03773429311373604,5.337895932460093,-0.8499806788968102,1.1406330191111342,0.020849911194934095,-0.8982002248344442,0.005297308644610015,0.06717644152773486,183,True,12,45,183,705407,1921.21,1942.92,0.011300170205235327,False,2014-08-04 16:21:43.218
2014-08-05,1924.6038,0.000862,0.019628,0.0496426150977297,4.695810895804293,-0.768826772585742,1.8737934198309694,0.02896020939551173,-3.044877114457564,0.006147817757590327,0.08366723717040231,178,True,12,54,178,636064,1913.77,1936.34,0.011793475705021983,False,2014-08-05 16:43:32.157
2014-08-06,1921.5498,0.000862,0.019628,0.0425178645764111,4.562356191321256,-0.8105479364194995,1.2122656404306698,0.02420613490560495,-1.081624697584886,0.004135431129887951,0.04190010121223131,186,True,12,54,186,546805,1911.45,1927.91,0.008611263700332161,False,2014-08-06 16:20:14.726
2014-08-07,1915.5639,0.000862,0.019796,0.048962480164535506,3.392265555863074,-0.8224979153921887,1.1073527192820722,0.024317455300300314,-0.8940425749178343,0.0051955798646935334,0.05005885860630155,186,True,12,45,186,829365,1904.78,1928.86,0.012641879902140829,False,2014-08-07 16:17:30.204
2014-08-08,1920.4516,0.000862,0.019575,0.04585320555896497,3.5186784391533377,-0.8928945376099361,0.886156956318122,0.02104632086313682,-0.46258877969820594,0.00510330072715953,0.05850524429251418,183,True,12,43,183,828830,1909.01,1932.38,0.012241947396818276,False,2014-08-08 16:18:58.224
2014-08-11,1940.4827,0.000862,0.019575,0.05026292949232632,2.9500837181394814,-0.7657715152131909,1.140184622743386,0.018829066684870596,-1.0034612740978683,0.0031851824955020872,0.07014604175571688,181,True,12,53,181,417745,1934.77,1944.9,0.005235764457790948,False,2014-08-11 16:16:29.084
2014-08-12,1933.5187,0.001421,0.019579,0.04524437795040111,3.1655296740696546,-0.8017769595668464,0.9872259385697857,0.018038255930035673,-0.6881702118113593,0.002963696918878494,0.03702216356946395,183,True,12,47,183,578552,1928.29,1939.65,0.0058912300535709505,False,2014-08-12 16:17:04.658
2014-08-13,1945.0147,0.000761,0.019469,0.04975376600932702,2.1965457286279904,-0.8264556106036451,0.7456236754844917,0.013332346881209595,-0.33738182102111514,0.0031341535237134448,0.03814378574594087,185,True,12,48,185,462830,1937.47,1948.41,0.005646539043185239,False,2014-08-13 16:17:13.404
2014-08-14,1952.4469,0.000761,0.019392,0.060025131677526676,1.4970529824892165,-0.8180687859986437,0.7143749045482422,0.011286616866677012,-0.33060989944401153,0.003093011327470973,0.0424837652539349,173,True,12,52,173,590045,1947.41,1955.23,0.004015589937403918,False,2014-08-14 16:42:09.491
2014-08-15,1952.9462,0.000761,0.019400999999999998,0.04865607682188536,2.6339072620971913,-0.7895421951427559,1.054878341363264,0.013332913919694609,-0.8564571269046657,0.006709383387501887,0.10286251161464458,181,True,12,43,181,757749,1941.5,1964.04,0.011609580221478177,False,2014-08-15 16:29:01.896
2014-08-18,1969.8161,0.0008119999999999999,0.019244,0.04743305368532111,2.4246484369165815,-0.7891812297774403,0.9342848631669076,0.010283309122229486,-0.6428712465902191,0.002645652329901861,0.05138877704135716,181,True,12,42,181,560290,1960.27,1971.98,0.005973666892826079,False,2014-08-18 16:18:29.384
2014-08-19,1979.5623,0.000761,0.019171,0.044680765500487656,2.4149430890460937,-0.8011351777974538,0.8359843960237505,0.008389942396837569,-0.4830668986778114,0.002165546663860095,0.04634209322063476,181,True,12,47,181,619009,1973.3,1982.57,0.004697714488420379,False,2014-08-19 16:15:11.654
2014-08-20,1983.3769,0.001116,0.019137,0.03772857747705896,3.507045208062796,-0.7556533205723253,0.9923887128169306,0.00840157804936834,-0.7202037036305533,0.0028954998191793287,0.066520499404599,175,True,12,39,175,690773,1977.68,1988.57,0.005506452004368612,False,2014-08-20 16:17:09.318
2014-08-21,1991.7457,0.001015,0.019087,0.048869538724066124,1.9380095930552983,-0.777857236865678,0.767219593505383,0.008444131179724108,-0.39920663494771014,0.0028801455678661957,0.059368825641098445,180,True,12,56,180,618732,1986.98,1994.76,0.003915489838850927,False,2014-08-21 16:18:39.825
2014-08-22,1989.8584,0.000964,0.019137,0.042651339425987894,2.686916799080655,-0.7783790658486548,0.8540956571918159,0.00847225100226581,-0.500278190819964,0.0027382391536464536,0.04536846587371217,179,True,12,45,179,457027,1984.79,1993.54,0.004408526846668925,False,2014-08-22 16:16:36.661
2014-08-25,1998.8888,0.000964,0.019046,0.03493010271898181,3.6475676428086414,-0.7289225638693301,0.9058257390850619,0.007203708420160531,-0.5657004447135183,0.002484613872625634,0.05244504153544014,184,True,12,45,184,412731,1993.45,2001.95,0.004263964483684157,False,2014-08-25 16:18:30.515
2014-08-26,2002.0033,0.000964,0.019028,0.04691413488946002,1.8735227096208784,-0.8165091857017986,0.5885662703932346,0.007351678820464527,-0.1706208604093611,0.0031291172077262735,0.06622598936568157,183,True,12,54,183,446411,1998.79,2005.04,0.0031268917695206344,False,2014-08-26 16:36:16.276
2014-08-27,1999.4919,0.0009130000000000001,0.019051,0.05569260862418409,1.5820114569305286,-0.7929536172279584,0.6487689188603273,0.007600719729247773,-0.24468842025958357,0.004001188656560135,0.07759289637608213,173,True,12,49,173,384846,1996.2,2002.14,0.0029756537421099516,False,2014-08-27 16:15:22.903
2014-08-28,1995.9108,0.0009130000000000001,0.019097,0.05708841843630901,1.6974500329044186,-0.7973638851040018,0.7246511913372686,0.00845760490358115,-0.3313098736001748,0.004604316500969595,0.0965984429234942,178,True,12,54,178,511628,1990.52,1998.55,0.004034121737033436,False,2014-08-28 16:20:14.236
2014-08-29,1999.7964,0.0008119999999999999,0.01905,0.06263829219406215,2.021737964447351,-0.7487699305242451,1.1326789522816527,0.009899667402561978,-1.0296851822280992,0.005523361552593647,0.13829582305035865,183,True,12,56,183,373485,1994.65,2003.38,0.004376707693078963,False,2014-08-29 16:14:59.373
2014-09-02,1999.8847,0.0008119999999999999,0.01905,0.04139404839740844,2.978341363934759,-0.7997746298450271,0.7841340018743845,0.008666185234148959,-0.3682949197700995,0.003363705022561843,0.06993200434789341,175,True,12,53,175,371805,1994.85,2006.12,0.005649547585031556,False,2014-09-02 16:16:30.399
2014-09-03,2002.8458,0.0008119999999999999,0.01905,0.03818758605100539,3.448764705287336,-0.7743294164319681,0.8294052188699426,0.007917715780257472,-0.4245130191830366,0.003084594876403868,0.059404448866212975,168,True,11,46,168,477399,1998.16,2009.28,0.005565119910317495,False,2014-09-03 16:24:19.726
2014-09-04,2004.8032,0.0009130000000000001,0.019160999999999997,0.04106017203723406,2.8778236677313402,-0.7866183492929867,0.8008124329147017,0.00853200309944605,-0.4049726829310182,0.004045216827297371,0.07240358901164476,179,True,12,47,179,686411,1992.54,2011.14,0.009334818874401574,False,2014-09-04 16:24:17.451
2014-09-05,1998.9556,0.0009130000000000001,0.019067,0.042314194719570625,3.387042386070356,-0.7564721271754077,1.0768111103762614,0.009275304448891051,-0.8728822253345168,0.004285474721331794,0.07938031834108435,165,True,11,41,165,425092,1990.1,2007.71,0.008848801567760578,False,2014-09-05 16:19:46.771
2014-09-08,2001.7751,0.0009130000000000001,0.019067,0.04525796897326508,2.875990072254711,-0.7752767570515543,1.0031225999386415,0.009796053899805496,-0.7459320115926157,0.003403714112440185,0.06024797025375677,179,True,12,54,179,412469,1995.6,2006.29,0.005356784926838998,False,2014-09-08 16:18:32.296
2014-09-09,1993.0191,0.0009130000000000001,0.019282999999999998,0.04261479984765483,3.5249578001779063,-0.7702191563245515,1.1702032396212545,0.011751610371585588,-1.068944879768057,0.00333852189536315,0.06251366487041936,186,True,12,43,186,441737,1984.61,2001.01,0.00826358831206142,False,2014-09-09 16:23:48.361
2014-09-10,1990.2201,0.0008119999999999999,0.01924,0.06605615328778935,1.6213304889364037,-0.7713133647308208,0.9807519975315,0.012794875911716623,-0.7476767700473284,0.0045862606577316565,0.10889230353833478,181,True,12,61,181,490875,1982.99,1996.66,0.00689363032592194,False,2014-09-10 16:18:20.467
2014-09-11,1993.0289,0.0008119999999999999,0.01924,0.0450923882315614,3.3166805914088693,-0.788661001733181,1.1912902469847826,0.01244427277446102,-1.1200583548252774,0.0034663418198558234,0.06819767986121464,167,True,11,44,167,562574,1985.93,1997.57,0.005861233779639763,False,2014-09-11 16:22:38.277
2014-09-12,1987.0848,0.001573,0.019364,0.046655681425042624,3.1569909475563995,-0.7572217262969843,1.2631475224679949,0.014928494359502404,-1.300958535695164,0.0042765537682095045,0.07512892814948025,185,True,12,50,185,822971,1980.26,1995.51,0.00770100895841952,False,2014-09-12 16:22:03.853
2014-09-15,1982.9486,0.000862,0.019379,0.06725046578389364,1.4561575432840905,-0.8086322583229033,0.8704509305132487,0.015219652652297988,-0.5618302763502099,0.0032552616071849865,0.048222865281551015,186,True,12,58,186,425660,1978.63,1987.18,0.004321171719826378,False,2014-09-15 16:33:07.604
2014-09-16,1994.325,0.0009130000000000001,0.019236,0.046834856635999775,3.4546895058545264,-0.7875310223464488,1.3641105593961773,0.016165109118236876,-1.5371978427989725,0.00505633608046744,0.07177448205646077,183,True,12,44,183,459310,1979.06,2002.28,0.01173284286479448,False,2014-09-16 16:32:51.615
2014-09-17,2002.2757,0.0012180000000000001,0.019221,0.04604043801800925,2.5558126188230785,-0.7767734615820722,1.0180343819956468,0.0111892629805469,-0.8010525380001188,0.005067146042059499,0.08552140639397161,184,True,12,44,184,549859,1993.29,2010.74,0.008754370914417997,False,2014-09-17 16:24:40.632
2014-09-18,2009.6766,0.001167,0.019147,0.04230539401410886,3.0889569728711526,-0.7515320033083225,1.015938521259788,0.008815795456285974,-0.7707719953196386,0.0028743736521575345,0.055519718977562096,179,True,12,39,179,527353,2004.91,2012.34,0.0037059020105640883,False,2014-09-18 16:56:47.089
2014-09-19,2013.3229,0.001065,0.019159,0.03840252747232322,3.0805587279281834,-0.7700734512424748,0.8410741866594647,0.007280334149948719,-0.47080330510614576,0.0030876058629194006,0.05599666671951879,184,True,12,34,184,716202,2006.59,2019.19,0.006279309674622091,False,2014-09-19 16:41:17.754
2014-09-22,1996.6708,0.000964,0.01929,0.03904005171886658,3.5012918474745605,-0.794237239514936,0.9590821869380842,0.01167204048259428,-0.6464574116854329,0.0037618281699142602,0.055685241105132045,185,True,12,44,185,575812,1991.01,2007.79,0.008427883335593522,False,2014-09-22 16:15:44.972
2014-09-23,1988.5097,0.0009130000000000001,0.01941,0.05263968860429525,2.3419554030409007,-0.8050691266018577,1.0489001871503534,0.015836124232721887,-0.8536319963216068,0.0026249182359515872,0.03639369016117307,181,True,12,46,181,418410,1982.77,1995.41,0.006374919935242085,False,2014-09-23 16:21:06.125
2014-09-24,1990.7874,0.0009130000000000001,0.019263,0.05105780662894084,2.423168531028315,-0.827408168209259,0.9881840005519643,0.014597696229369756,-0.729064278373728,0.0048213396734941025,0.0677638578363407,164,True,11,43,164,525037,1978.63,1999.79,0.010694268256318695,False,2014-09-24 16:48:44.764
2014-09-25,1973.0539,0.0009130000000000001,0.019579,0.049523150059384693,3.6801420693895857,-0.6991421285260614,1.6977523288632217,0.024119560966148916,-2.517858514276023,0.006596551285439798,0.08456254031512395,187,True,12,43,187,670446,1965.99,1997.32,0.015935991536070837,False,2014-09-25 16:25:20.361
2014-09-26,1976.0509,0.0009130000000000001,0.019468,0.05398002357282315,2.2801531660450762,-0.8203555487236787,0.9802635051519288,0.01730976095077951,-0.7147510962272244,0.005356084519134458,0.08354542658387988,165,True,11,58,165,423768,1967.52,1986.37,0.009580588761486597,False,2014-09-26 16:24:45.407
2014-09-29,1973.8818,0.000964,0.019527000000000003,0.04948570363708101,3.063937884744389,-0.8214795965330137,1.1760194370077979,0.022779502164566548,-1.0797794719663665,0.004451787441377291,0.045596953810239836,166,True,11,48,166,369655,1964.04,1981.28,0.00877782529887372,False,2014-09-29 16:19:20.958
2014-09-30,1976.5014,0.000964,0.019588,0.04937049327255158,2.9704540962872614,-0.8248714579522279,1.088560162648418,0.02154846303762914,-0.8916576597508032,0.003838592853757379,0.04758566037435585,184,True,12,58,184,433881,1968.99,1985.17,0.008217410956886662,False,2014-09-30 16:17:16.817
2014-10-01,1954.592,0.001116,0.019865,0.052072465614854575,2.892714926709732,-0.8311578917747564,1.076485439725051,0.02619160788854378,-0.8575593048306982,0.005289109279248588,0.05075158888608761,184,True,12,44,184,940302,1941.72,1971.44,0.015306017345446232,False,2014-10-01 16:20:55.484
2014-10-02,1940.391,0.001116,0.019869,0.05307296908393685,3.044631618744082,-0.8217386271979384,1.1623930515514644,0.02719086382843183,-1.0279823267479629,0.005725448978912749,0.058421670570712354,185,True,12,56,185,847271,1926.03,1952.32,0.013649839306760558,False,2014-10-02 16:24:57.608
2014-10-03,1965.5694,0.0012180000000000001,0.019651000000000002,0.05725506177071613,1.8127235251317757,-0.8539806333038907,0.7205820880012449,0.016441847318817333,-0.3116633507389337,0.003833869033455007,0.03951796032904124,175,True,12,47,175,508623,1950.86,1971.16,0.010405667244189898,False,2014-10-03 16:18:09.683
2014-10-06,1968.4932,0.000964,0.019681999999999998,0.06157627218609095,1.6547945783938218,-0.8201394845285661,0.8393176717615525,0.018744074575554163,-0.500661991388742,0.004627872443122258,0.05509709032924266,173,True,12,66,173,409710,1958.48,1977.84,0.009885217107144184,False,2014-10-06 16:30:07.572
2014-10-07,1948.6744,0.000862,0.019986999999999998,0.05885202863065067,1.9626599714316504,-0.8382512660641157,0.8630465355101978,0.02334965069753048,-0.5138362807943002,0.004510352976342253,0.04850672955251598,181,True,12,66,181,612032,1934.87,1960.73,0.01336523900830544,False,2014-10-07 16:21:59.993
2014-10-08,1942.2514,0.000862,0.019986999999999998,0.0464216671148213,4.993073653792692,-0.8351036592858306,1.467721343319596,0.027325135900846863,-1.6906323355635815,0.008685371893481205,0.08827431429035948,188,True,12,53,188,880812,1925.25,1970.36,0.02343072328269047,False,2014-10-08 16:51:24.848
2014-10-09,1942.6844,0.0009130000000000001,0.020076999999999998,0.03842516987662317,5.4018296522218,-0.8567921076283127,1.089764820052348,0.028416257654326694,-0.7724549189613205,0.010632221282136589,0.10685368972255975,187,True,12,41,187,810177,1927.56,1966.99,0.02045591317520601,False,2014-10-09 16:21:01.309
2014-10-10,1921.7318,0.000761,0.020321,0.051028206443793224,4.0570851044867275,-0.8075837863992524,1.4700451089398499,0.04157481551285096,-1.7469810697744008,0.00751506299140124,0.05536468349339634,186,True,12,45,186,1175907,1906.05,1936.98,0.01622727630439913,False,2014-10-10 16:49:51.081
2014-10-13,1898.5438,0.000761,0.020662,0.043518168891228434,7.031175007513353,-0.7979239007870046,1.5215452635100057,0.05208166687609867,-1.703132265948232,0.008359325164681224,0.06573867903594088,185,True,12,39,185,1047783,1874.14,1912.09,0.02024928767327938,False,2014-10-13 16:25:36.893
2014-10-14,1885.7869,0.000659,0.020630000000000003,0.05946196606897651,3.8385709855589845,-0.794103538835422,1.6172258236739867,0.05580925258025405,-2.1589214093646727,0.007468905891954376,0.047441240028119565,184,True,12,35,184,1033919,1871.79,1898.67,0.014360585322071406,False,2014-10-14 16:32:52.721
2014-10-20,1894.8244,0.0009130000000000001,0.02035,0.04795206969415288,7.437651314794914,-0.8454047907008803,1.725756960311962,0.04408713603495601,-2.264935537649476,0.006825531104387917,0.055055881077273425,180,True,12,45,180,639414,1882.3,1905.03,0.012075652127716108,False,2014-10-20 16:21:04.907
2014-10-21,1931.6607,0.000964,0.019962999999999998,0.04477372953455845,5.561140866837179,-0.8719760637329248,1.205921521341467,0.024923175144617376,-0.9562606814838224,0.004325057214724747,0.03703042033477699,184,True,12,40,184,1172841,1909.38,1942.45,0.01731975824613219,False,2014-10-21 16:35:54.995
2014-10-22,1940.8339,0.0009130000000000001,0.020118,0.04497778018592166,6.302583950045376,-0.8155979591798971,1.512048380682255,0.026996619440475496,-1.7193378345069124,0.006597911715617288,0.05812465818064104,186,True,12,45,186,896653,1926.85,1949.31,0.011656330279990579,False,2014-10-22 16:16:38.125
2014-10-23,1953.3259,0.000964,0.019873000000000002,0.05372097779889715,3.2380883579248554,-0.8451404151580887,1.0395394335573584,0.02210782460098882,-0.7327356883468568,0.004941636770656487,0.06296712072113413,181,True,12,61,181,764813,1931.02,1961.95,0.016017441559383228,False,2014-10-23 16:23:29.518
2014-10-24,1958.0268,0.0009130000000000001,0.019735,0.05164597810445461,2.8347638379713738,-0.894237602123093,0.8243867857788515,0.022476152042983432,-0.38680527035244744,0.005414320657456356,0.08102860581084087,188,True,12,56,188,402301,1946.27,1965.24,0.009746849101101018,False,2014-10-24 16:18:52.038
2014-10-27,1958.6618,0.000964,0.019766,0.05118756455288607,3.3175713731934446,-0.8262256551629185,0.9684530798273228,0.02477466353933264,-0.5982645701787341,0.004437706651483909,0.04532212919445546,185,True,12,54,185,518184,1951.37,1964.64,0.006800350522966125,False,2014-10-27 16:19:18.547
2014-10-28,1976.0374,0.000964,0.019533000000000002,0.04492606276710755,3.5423468015500514,-0.8377117083186453,0.8997178550898375,0.01852376033958177,-0.4912048292688573,0.005132187426060103,0.07271571114522882,186,True,12,47,186,808375,1964.14,1985.05,0.010645880639872818,False,2014-10-28 16:23:26.905
2014-10-29,1982.8214,0.001015,0.019576,0.052329692787720344,3.1316460983286403,-0.7637755943051834,1.1741075962452443,0.020717482562505822,-1.050772491069984,0.004747155754932016,0.05556902226166402,170,True,11,43,170,882632,1969.04,1991.4,0.011355787591923017,False,2014-10-29 16:24:06.787
2014-10-30,1987.689,0.001015,0.019464,0.040648252315178726,5.349675776482658,-0.7690816469237646,1.1899105642861125,0.01761031934397673,-0.9809772094659611,0.004169147206676808,0.04697311703597031,189,True,12,45,189,596712,1974.75,1999.4,0.01248259273325747,False,2014-10-30 16:38:38.068
2014-11-03,2019.4262,0.0012180000000000001,0.01925,0.04661422833262196,2.5555744862482612,-0.7830408271173521,0.7567616133728597,0.016593329155806903,-0.33443587422869464,0.0037456189357510197,0.045783321615169285,185,True,12,45,185,579512,2013.68,2024.46,0.005353382861229106,False,2014-11-03 16:22:47.948
2014-11-04,2009.1445,0.0009130000000000001,0.019309,0.04732248933385181,3.0088183622732747,-0.7726110161403161,0.912435050159587,0.01900888517158911,-0.5477681710473791,0.0037481947183009203,0.04460444351963647,184,True,12,56,184,438888,2001.01,2015.98,0.007481221982898578,False,2014-11-04 16:16:35.796
2014-11-05,2019.645,0.0009130000000000001,0.019309,0.054170711975819935,1.962499683945014,-0.8357705565993607,0.6691478856751246,0.015048785907384468,-0.23513888264024363,0.004723692375612893,0.05959821316202098,180,True,12,48,180,583007,2014.42,2023.77,0.004641534535995362,False,2014-11-05 16:20:55.650
2014-11-06,2025.5519,0.0009130000000000001,0.01915,0.04303243465247992,3.2767225103037676,-0.8182725712532212,0.7657544952240858,0.01377573352904585,-0.3043692523579808,0.0045600632066987576,0.059201462214935295,177,True,12,38,177,690671,2015.86,2031.61,0.007813042572400786,False,2014-11-06 16:29:52.557
2014-11-07,2030.4323,0.000862,0.019166000000000002,0.04090767866529061,4.168114410540196,-0.8228314028115439,0.8970472396053276,0.011161886219742786,-0.46367798019044704,0.004540240980034793,0.06177377594423982,167,True,11,47,167,516486,2025.18,2034.18,0.004444049417829499,False,2014-11-07 16:21:48.800
2014-11-10,2035.6958,0.000862,0.019166000000000002,0.057988550607227754,2.2227603589431353,-0.7601985322149541,0.9638798486024561,0.010442857983309425,-0.6712750594172663,0.005004190857084302,0.07435031744091963,186,True,12,50,186,559767,2030.19,2038.69,0.0041868002502227775,False,2014-11-10 16:23:42.414
2014-11-11,2037.9558,0.000964,0.019101999999999997,0.046821762087819935,2.922585757953363,-0.7549012200926518,0.9045560144078115,0.009846555286389464,-0.5445403531210584,0.004995770525933915,0.081885165035843,180,True,12,45,180,519818,2035.28,2041.28,0.002947997327149121,False,2014-11-11 16:35:46.907
2014-11-12,2037.134,0.002031,0.019138,0.03842285678760873,5.8743118316633955,-0.699061208769315,1.441073593307698,0.010896379414373573,-1.6252774168612438,0.004246036811439605,0.0676883601030647,187,True,12,60,187,587656,2031.95,2040.33,0.004124117227293889,False,2014-11-12 16:22:39.723
2014-11-13,2039.4663,0.001421,0.019137,0.038974376349225674,5.351076795856621,-0.7340933187204352,1.282606476472159,0.01087604890994935,-1.2279696116576777,0.004317853698227547,0.06406280745752994,186,True,12,46,186,822661,2030.44,2046.14,0.007732314178207744,False,2014-11-13 16:17:21.594
2014-11-14,2039.0297,0.001421,0.01914,0.043098601924517074,4.812367696680122,-0.7264042540574025,1.326060423300764,0.010293434630084237,-1.3436236068973582,0.004925048090162702,0.09129459248197844,182,True,12,57,182,713067,2035.2,2042.22,0.0034492924528302105,False,2014-11-14 16:20:37.278
2014-11-17,2039.4369,0.0013700000000000001,0.019132,0.044417939982861726,5.1571086153147725,-0.7274319331777398,1.6040980731259915,0.012415418469872723,-2.1149943462862173,0.005107516220049339,0.08731091711789103,177,True,12,56,177,449449,2034.48,2043.07,0.004222209114859821,False,2014-11-17 16:17:30.084
2014-11-18,2051.2248,0.0012690000000000002,0.019042,0.03902478454934737,5.782526371352224,-0.7082273581008272,1.4212046410084502,0.009096600304593184,-1.568498940038078,0.005169450225663457,0.08716538501253952,162,True,11,46,162,615948,2041.48,2056.08,0.007151674275525544,False,2014-11-18 16:47:42.275
2014-11-19,2046.6386,0.0012690000000000002,0.01908,0.048910442724148004,3.227548456366281,-0.7447354473258626,1.0824967146494355,0.01186342000730131,-0.8560774893977909,0.005520918925428102,0.11084376341703764,179,True,12,45,179,618557,2040.37,2052.14,0.005768561584418519,False,2014-11-19 16:19:33.030
2014-11-20,2050.575,0.0012180000000000001,0.019046,0.054501103103307566,2.316233301199518,-0.8120829534770195,0.8504879453762665,0.010080650323510049,-0.47085520531036446,0.006031069337150174,0.11696033022234593,179,True,12,61,179,580445,2040.49,2053.84,0.00654254615312988,False,2014-11-20 16:17:10.594
2014-11-24,2067.8851,0.001167,0.018904,0.05210155392658342,3.2073377208275917,-0.7196026467973113,1.3439095632942413,0.009684443984426184,-1.4718783558687905,0.0035490432825929113,0.06835883888332686,186,True,12,49,186,435818,2065.07,2070.17,0.0024696499392271587,False,2014-11-24 16:21:09.055
2014-11-25,2069.1924,0.0012180000000000001,0.018941,0.057814737808821855,2.5363022684587113,-0.726616045883385,1.1977230548186322,0.009957276596081557,-1.141269214734355,0.004791542887740052,0.10387275840293447,178,True,12,57,178,468361,2064.75,2074.21,0.004581668482867229,False,2014-11-25 16:17:00.069
2014-11-26,2069.4978,0.0012180000000000001,0.019062,0.05092535667974174,3.714335737077659,-0.6993091800829537,1.4833794038874932,0.00856837884932299,-1.8221067113996323,0.003679280136539678,0.07958145147541971,161,True,11,47,161,489606,2066.68,2073.29,0.0031983664621519914,False,2014-11-26 16:18:43.229
2014-11-28,2070.5372,0.001167,0.01917,0.05146026282028066,3.046529854420242,-0.6975378695171253,1.1128301889934906,0.010334365016646512,-0.9248405755386939,0.0038084168145470195,0.058168590825454086,171,True,11,51,171,305087,2065.06,2075.76,0.005181447512421,False,2014-11-28 13:15:38.847
2014-12-01,2054.5162,0.001167,0.01917,0.05668744515677059,2.220336602158114,-0.755986869978962,0.9567136080088156,0.016201518298952722,-0.6635705090204287,0.0049250010290496984,0.05656543873357859,178,True,12,48,178,503034,2049.57,2065.78,0.00790897602911822,False,2014-12-01 16:36:37.748
2014-12-02,2063.0485,0.001116,0.019196,0.045988787429637856,3.7328206175654417,-0.6890077293925312,1.2269145116279072,0.013582372473603006,-1.161983431054773,0.0037005600289165643,0.048941388165418355,181,True,12,39,181,425455,2053.77,2068.77,0.007303641595699517,False,2014-12-02 16:16:06.609
2014-12-03,2071.8452,0.001167,0.019172,0.04629161482078083,3.2481008477752695,-0.7161461755900913,1.0720935303741173,0.011486029031542682,-0.8486648711815094,0.003439536138837965,0.05017402594972771,185,True,12,47,185,487455,2066.65,2076.28,0.0046597149977016805,False,2014-12-03 16:16:43.312
2014-12-04,2068.5485,0.001167,0.019172,0.05477367104034991,2.8831124569954065,-0.6944099739541597,1.2630921848634773,0.01227920795847589,-1.27956456087959,0.005150307472747668,0.0708123254658499,186,True,12,46,186,528719,2062.34,2077.34,0.0072732915038258295,False,2014-12-04 16:21:48.591
2014-12-05,2076.2471,0.0009130000000000001,0.019166000000000002,0.04282187723402307,4.784894131668635,-0.7127325485657446,1.454799491519444,0.008911541906737286,-1.7066452623570094,0.003793476032967705,0.06109186694793848,177,True,12,49,177,626580,2070.81,2079.47,0.004181938468521995,False,2014-12-05 16:17:09.285
2014-12-08,2066.636,0.0009130000000000001,0.019341,0.058885648843182425,2.5898770868080834,-0.8086708794430861,1.1534350290156465,0.013339317369855505,-1.0253991807987552,0.006045151822810954,0.07271419044033078,176,True,12,51,176,608103,2054.27,2075.71,0.010436797499841832,False,2014-12-08 16:24:42.908
2014-12-19,2068.1827,0.002438,0.019331,0.046775769842327404,5.2331456278357145,-0.7807321949697962,1.3351074447440354,0.017759866004812407,-1.2929430581328971,0.0062288583975635085,0.09082204033612074,182,True,12,49,182,1041853,2061.03,2077.85,0.008160968059659268,False,2014-12-19 16:46:49.469
2014-12-22,2073.3874,0.002489,0.019267,0.049493558812930646,3.0167239832585904,-0.8845637775481139,0.7478455984784831,0.014832391971029573,-0.26065622738806565,0.007037003575151455,0.09951100943195179,186,True,12,51,186,576292,2069.28,2078.76,0.004581303641846501,False,2014-12-22 16:20:26.269
2014-12-26,2090.9807,0.002285,0.019164,0.060142873338135075,2.7609328942539237,-0.8309717551733865,1.1331373035628043,0.014309332143384354,-0.9518992740171739,0.005833870403468416,0.09399261920294039,171,True,12,58,171,265604,2084.3,2092.69,0.004025332245837898,False,2014-12-26 16:15:34.625
2014-12-29,2091.9141,0.002132,0.019199,0.05721600195489253,2.799543603409572,-0.8251178240797835,1.0735496813584673,0.015835499628223174,-0.8321515337738887,0.0047166617975536946,0.06523029910419144,165,True,11,48,165,340851,2085.75,2093.53,0.003730073115186583,False,2014-12-29 16:19:18.063
2014-12-30,2083.2501,0.001929,0.019303,0.05550545786564848,4.530869915466002,-0.7730354884451646,1.7934113986131093,0.018273656748513372,-2.713348426300164,0.005687011250233036,0.09068767903044989,173,True,12,54,173,588676,2079.53,2088.49,0.004308665900467634,False,2014-12-30 16:18:00.364
2014-12-31,2077.439,0.002132,0.019504999999999998,0.05159222219807701,4.288842703726622,-0.7958640728413325,1.2807093174593314,0.01994582498541156,-1.1976745043406158,0.009796889423941246,0.1227627209374156,180,True,12,57,180,633623,2057.94,2085.58,0.013430906634789963,False,2014-12-31 16:18:00.961
2015-01-02,2056.5034,0.002132,0.019504999999999998,0.06312704773897153,2.9709108241221096,-0.818429278316984,1.3171495113585379,0.028502249294954016,-1.3597931764268678,0.007049744648904549,0.0730899631334752,180,True,12,58,180,527501,2046.04,2072.32,0.012844323669136681,False,2015-01-02 16:19:19.101
2015-01-05,2026.1096,0.002291,0.019889,0.058685922449984496,3.4561881800258356,-0.8385621659356091,1.3215576446672896,0.03718753036641689,-1.3408554251674558,0.0048350950519267496,0.03944634011485325,180,True,12,52,180,856344,2017.35,2053.68,0.018008773886534213,False,2015-01-05 16:26:31.198
2015-01-06,2009.8048,0.002444,0.020068000000000003,0.061563449442128056,3.043568818371268,-0.8691488796959278,1.0871258530443404,0.03636530326819636,-0.807097430210511,0.008158655361056828,0.06346300296067363,183,True,12,43,183,831113,1992.44,2030.24,0.018971713075425,False,2015-01-06 16:19:44.265
2015-01-07,2021.813,0.0026989999999999996,0.019852,0.055168235959998424,3.2427961405665378,-0.8684712963429075,0.9861766680527677,0.02972352245211411,-0.6147457353057648,0.004867828488030685,0.05600784892817859,185,True,12,55,185,707241,2007.48,2029.6,0.011018789726423117,False,2015-01-07 16:21:36.609
2015-01-08,2057.8629,0.0026989999999999996,0.019852,0.05124111618237548,3.7002736370966414,-0.8460184988502703,1.0687470314858138,0.02219444061726665,-0.7630079146196389,0.005502593634632943,0.0657819607569666,189,True,12,50,189,784743,2025.9,2064.07,0.01884100893430074,False,2015-01-08 16:49:17.477
2015-01-09,2047.6909,0.003619,0.019671,0.0787014130355403,1.350664317948777,-0.9248386213364395,0.7763919402249337,0.022188405691925952,-0.390186064127731,0.006657193290861028,0.07392885511340927,189,True,12,57,189,788527,2038.33,2064.37,0.012775163982279514,False,2015-01-09 16:18:13.926
2015-01-12,2030.1456,0.004743,0.019831,0.06996034333225977,1.6719038419890562,-0.8545364353429873,0.8795534999788116,0.03128980873891222,-0.5396804257168202,0.004437467617501871,0.044349973905316364,184,True,12,65,184,360837,2022.58,2049.3,0.013210849509043054,False,2015-01-12 16:22:03.474
2015-01-13,2036.9669,0.001827,0.019894000000000002,0.06287749383263296,2.8539884704435003,-0.8388188701160729,1.2016395664154556,0.0333964747289553,-1.0850343626776904,0.011125074457435734,0.10799824921727566,181,True,12,53,181,552998,2008.25,2056.89,0.024220092120004866,False,2015-01-13 16:19:57.423
2015-01-14,2003.6573,0.0016239999999999998,0.020015,0.07126214094786022,2.406769461010724,-0.8021069327165125,1.387031920406462,0.04879670725086621,-1.5808344591073347,0.006022507640593661,0.06166459142091694,184,True,12,59,184,657570,1988.44,2016.88,0.014302669429301362,False,2015-01-14 16:15:58.881
2015-01-15,2001.2728,0.001472,0.020206,0.0572953102077567,4.177413503074171,-0.8299600820800738,1.65971328617785,0.055828771959609766,-2.2759557872658656,0.006682439271724577,0.052888233868655724,174,True,12,56,174,637919,1991.62,2021.35,0.014927546419497784,False,2015-01-15 16:20:28.255
2015-01-16,2004.8801,0.001573,0.019942,0.060461782438901886,3.7063497637987375,-0.8086614289752968,1.6259460838617552,0.05374160645294439,-2.195515641502829,0.007340617009138304,0.05996713794655715,179,True,12,54,179,721560,1988.12,2020.46,0.016266623745045727,False,2015-01-16 16:23:44.591
2015-01-22,2048.2345,0.001573,0.019527000000000003,0.06291668395887902,2.399015339298565,-0.7982276566640539,1.2249686530316262,0.027582704944942853,-1.198672021079815,0.008468512319999266,0.07746826602442007,186,True,12,50,186,667245,2026.38,2064.62,0.018871090318696382,False,2015-01-22 16:18:51.935
2015-01-23,2057.8731,0.001472,0.019634,0.05960548509085779,2.4232552250729014,-0.83089418633801,1.0918729396046671,0.022785748669789063,-0.9033079098620849,0.0045211144235664325,0.0725230477590831,184,True,12,55,184,649213,2050.54,2062.93,0.006042310805933981,False,2015-01-23 16:20:40.319
2015-01-26,2051.3118,0.001522,0.019584,0.05431502087899773,3.0157016070806075,-0.8180724071928103,1.1182068076263056,0.023240567692235887,-0.9227906731149933,0.005527452569015357,0.10301675619973633,183,True,12,70,183,447109,2041.01,2057.58,0.008118529551545572,False,2015-01-26 16:23:21.041
2015-01-27,2030.9859,0.001472,0.019792,0.04748285672935337,4.6222990247019125,-0.8312507595787757,1.2871680258803226,0.028421612611358796,-1.2178416021483454,0.00616235715509319,0.09426570728183017,179,True,12,60,179,477774,2019.92,2046.58,0.013198542516535294,False,2015-01-27 16:20:26.895
2015-01-28,2023.3067,0.001472,0.020079,0.06667884714823172,2.4757465500160647,-0.8237960743284634,1.3563629255661471,0.0340763762377278,-1.5095605342777911,0.008804726259261196,0.09588698547790006,183,True,12,61,183,538297,2001.57,2042.49,0.020443951498074098,False,2015-01-28 16:41:33.413
2015-01-29,2006.3977,0.001472,0.019895,0.05799883240627602,2.5598042232023186,-0.845125934168997,0.9908982541947803,0.03656934619521089,-0.6849480378974857,0.008788398347968372,0.06937923867860789,184,True,12,46,184,820290,1989.18,2024.63,0.017821413848922774,False,2015-01-29 16:20:22.030
2015-01-30,2009.9633,0.0013700000000000001,0.020158999999999996,0.08814122824160196,0.9975335724371719,-0.8529573955569536,0.7735622458410072,0.033918561452070305,-0.4225508796168921,0.0073980429127723886,0.05954229417315811,187,True,12,59,187,610823,1993.43,2023.3,0.014984223173123645,False,2015-01-30 16:20:19.336
2015-02-02,1998.0595,0.001421,0.019906,0.05864806929291699,3.0586330564538105,-0.9438077745265748,1.0096384898207647,0.03757912194362168,-0.6606040332545352,0.007936975635727138,0.06502479476106272,186,True,12,52,186,588326,1980.9,2021.66,0.02057650562875457,False,2015-02-02 16:18:32.368
2015-02-03,2037.8837,0.001929,0.019625999999999998,0.04649996423492078,6.802749382654514,-0.7779094065880372,1.799967167884897,0.03199523401039095,-2.607226599478448,0.005959375428422517,0.08251189022363808,183,True,12,51,183,675273,2023.95,2050.3,0.013019096321549517,False,2015-02-03 16:20:08.165
2015-02-04,2045.4961,0.002342,0.019729,0.061102368092146093,3.436968082455652,-0.8192941045012743,1.4101549984742825,0.026854738494527818,-1.568523341931678,0.005965111751257858,0.0776783891502213,175,True,12,57,175,436544,2036.81,2054.69,0.008778432941707992,False,2015-02-04 16:15:41.448
2015-02-05,2057.9656,0.002342,0.019729,0.05440642661077432,3.051398269906883,-0.949715995597025,0.823264355598288,0.02075802295186636,-0.34573284713479935,0.004184954437611927,0.05078887912928814,189,True,12,53,189,579142,2044.64,2063.54,0.00924368103920492,False,2015-02-05 16:40:54.980
2015-02-09,2049.9473,0.003414,0.019853,0.044898845458021995,5.833204943913301,-0.9154036273517016,1.0417864733906865,0.026051391966585374,-0.5615107215363373,0.004948300306538994,0.06186031515701161,173,True,12,50,173,553228,2041.89,2056.14,0.006978828438358509,False,2015-02-09 16:22:01.195
2015-02-11,2066.221,0.003414,0.019684999999999998,0.05130016051607574,3.629105552712638,-0.8965846181912971,0.9419679601818751,0.02121959374277738,-0.5149562432413224,0.006067227456920955,0.09390283326932203,185,True,12,49,185,502021,2057.99,2073.47,0.0075219024387873645,False,2015-02-11 16:22:06.362
2015-02-17,2096.4325,0.002183,0.019428,0.04090497065505976,6.400375975144004,-0.8710142328485619,1.1807986825681673,0.015927852075698693,-0.8706711458654895,0.005226495961775048,0.05921718861441507,184,True,12,49,184,467019,2089.83,2101.29,0.005483699631070538,False,2015-02-17 16:18:11.230
2015-02-18,2096.59,0.00198,0.019467,0.05478140857255994,4.856807123264373,-0.7917708110663554,1.6336001177651074,0.017945099226153855,-2.1365238740068424,0.007971210380824958,0.09442170004009336,181,True,12,56,181,826097,2092.16,2100.22,0.003852477821963962,False,2015-02-18 16:24:20.790
2015-02-19,2097.7263,0.002082,0.01948,0.04349948497413526,4.207149068150633,-0.9597265680895267,0.7552523730152553,0.012575903691789219,-0.20438851159724314,0.0072872309413293855,0.10282400334075742,182,True,12,51,182,559801,2090.79,2102.12,0.005419004299810126,False,2015-02-19 16:18:55.878
2015-02-24,2113.6706,0.001827,0.019326,0.04063955066416633,4.684317565054143,-0.8258090391351978,1.050937526448081,0.011267103754423762,-0.7237325624726865,0.00642235913244446,0.11565504686609228,186,True,12,54,186,703147,2105.87,2117.92,0.005722100604500735,False,2015-02-24 16:19:11.409
2015-02-25,2114.6677,0.001827,0.019363,0.03423930968915824,9.656851679258784,-0.7579848805336731,1.9093201768158912,0.010569792334274953,-2.9842156670594475,0.005238293048822558,0.09874730682551791,187,True,12,49,187,694357,2109.89,2119.57,0.004587916905620881,False,2015-02-25 16:19:53.022
2015-02-27,2108.9718,0.001878,0.019465,0.03951501430166446,5.361847335506318,-0.7891011203413814,1.2653803158258508,0.012119199969134312,-1.1774403953877826,0.005017397939778067,0.08502220354662347,182,True,12,57,182,490016,2103.77,2112.74,0.00426377408176748,False,2015-02-27 16:20:57.678
2015-03-02,2112.6534,0.001675,0.019354,0.04082555284097507,6.709804262341968,-0.7922481296768497,1.8313435236345692,0.013141622181912662,-2.8059561646285966,0.005308558902525485,0.10763782258755215,179,True,12,56,179,453346,2104.52,2117.5,0.006167677190048071,False,2015-03-02 16:18:39.805
2015-03-03,2105.5259,0.002132,0.019444,0.04182988430333878,5.442919184237851,-0.7814674883314882,1.514567051045316,0.015356307490399623,-1.83855999261392,0.005626361013876301,0.12924476613655883,183,True,12,54,183,441452,2098.28,2114.34,0.007653887946317939,False,2015-03-03 16:20:11.339
2015-03-04,2095.299,0.0019850000000000002,0.01957,0.04337450515249465,5.687816440995801,-0.7880401968283527,1.6588860834326784,0.018829056144768347,-2.258490590753779,0.0058350931119663515,0.08897115817010617,179,True,12,48,179,502676,2087.62,2106.29,0.008943198474818281,False,2015-03-04 16:20:47.171
2015-03-05,2101.0453,0.0019850000000000002,0.01957,0.05126184092072286,2.421075027151922,-0.8886585104589447,0.8076839530412625,0.013688697969228338,-0.40413584220236715,0.0038428725063722594,0.06968609258055326,176,True,12,46,176,346469,2095.34,2104.21,0.004233203203298785,False,2015-03-05 16:17:51.137
2015-03-06,2080.4475,0.002495,0.019834,0.04743469544417854,2.8973333655183624,-0.8549254495858614,0.9109291728012878,0.01834976592192789,-0.5549237062731978,0.005365998672249641,0.062388778537482564,187,True,12,52,187,729762,2067.27,2099.28,0.015484189293125894,False,2015-03-06 16:16:02.088
2015-03-10,2053.1147,0.0033629999999999997,0.019761,0.04597015181860756,3.6476001573838133,-0.8441664789011483,0.9952844826320543,0.024221133816180147,-0.6552297353511345,0.003574280482227235,0.03923776692436936,181,True,12,45,181,817996,2044.16,2072.7,0.01396172510958027,False,2015-03-10 16:16:43.860
2015-03-11,2044.9036,0.003516,0.020171,0.07239232062633025,1.3660251557228404,-0.8337391025007144,0.8578074174924931,0.025209660230805522,-0.5380541033916992,0.004347133978048173,0.04994673954272756,185,True,12,58,185,573854,2039.69,2050.08,0.005093911329662859,False,2015-03-11 16:17:16.421
2015-03-12,2059.4087,0.005409000000000001,0.019926,0.06185816797804354,1.67920347247218,-0.858522559674024,0.7677922601838747,0.021396463648333884,-0.3817600538592665,0.003943720108682725,0.08840503535673036,178,True,12,53,178,532729,2041.61,2066.41,0.01214727592439302,False,2015-03-12 16:19:23.441
2015-03-13,2048.8944,0.002342,0.020051,0.07430431640234629,1.1685933781318998,-0.8538429182190271,0.7151498025646638,0.023348988464854236,-0.33777617587947883,0.004984479797180178,0.08639230300171816,179,True,12,63,179,408660,2041.23,2064.08,0.011194230929390647,False,2015-03-13 16:15:24.834
2015-03-16,2074.6068,0.002393,0.019784,0.05229015848780722,2.032319618847078,-0.8610938345426179,0.7453599727498721,0.02153858065968998,-0.3430208590429028,0.002836148126408963,0.027456720390572266,185,True,12,47,185,389803,2057.66,2081.37,0.011522797741123414,False,2015-03-16 16:25:12.630
2015-03-17,2072.4873,0.002546,0.01985,0.07458867887356352,1.1537597824772767,-0.8216357294234932,0.8018451421771944,0.023729026953226432,-0.4708407962083049,0.004658117348893397,0.08874837117612008,192,True,12,55,192,312420,2065.09,2078.71,0.006595354197637793,False,2015-03-17 16:22:25.861
2015-03-18,2080.0404,0.001934,0.019622,0.06676028407937107,1.922762821889189,-0.8425565578720627,1.0380294696810628,0.020867112943478337,-0.8207767955131976,0.011004522349523566,0.12843274114109823,179,True,12,48,179,792861,2061.26,2106.83,0.022107836954095905,False,2015-03-18 16:17:18.660
2015-03-19,2090.8732,0.002393,0.019719,0.220128012434706,0.4721770106285073,-0.8498069643798115,0.7952160668490927,0.015393356460353974,-0.424489819240912,0.00346897199570553,0.04874387765102034,182,True,12,53,182,764340,2085.56,2098.18,0.006051132549530935,False,2015-03-19 16:21:18.191
2015-03-20,2108.8876,0.0021379999999999997,0.019552,0.03720731074977656,6.948532813792269,-0.831747959348762,1.374701312929198,0.010166573130631993,-1.3727312604536843,0.004334855101304632,0.07333746984293253,186,True,12,50,186,671271,2094.13,2113.92,0.009450225153166292,False,2015-03-20 16:16:51.926
2015-03-23,2111.4052,0.0021379999999999997,0.019584,0.04628009134001114,3.520174846743217,-0.8791801193794323,0.9362786621967635,0.011394036265251616,-0.5507897064047895,0.004815035597589277,0.08385147572846599,180,True,12,55,180,488318,2104.42,2114.82,0.004941979262694796,False,2015-03-23 16:19:11.991
2015-03-24,2101.0147,0.0021379999999999997,0.019710000000000002,0.053055813813537064,2.7984601340365396,-0.8684522915978793,0.987224179232104,0.012959387286482884,-0.6776624203884043,0.0059509772782435225,0.13217031659584325,176,True,12,65,176,510673,2091.5,2107.62,0.007707387042792169,False,2015-03-24 16:15:04.905
2015-03-25,2076.9333,0.002342,0.020004,0.053179065837947195,2.9617243497556327,-0.842955824023768,0.9962599005460406,0.017361643062710295,-0.6775303210569945,0.007252112027056573,0.15534814170885938,183,True,12,55,183,495375,2061.05,2097.41,0.017641493413551146,False,2015-03-25 16:24:22.219
2015-03-26,2055.8128,0.002546,0.020054,0.09927178318091984,1.1712649745981483,-0.8288962904037361,1.0833654007170617,0.02561578222029801,-0.9411334662594137,0.007171139799027957,0.09649304602287012,183,True,12,57,183,624298,2045.5,2067.14,0.010579320459545238,False,2015-03-26 16:42:00.891
2015-03-27,2058.7991,0.002393,0.020023,0.0716009204937469,1.3029813431595538,-0.8937996490305355,0.6874316193317143,0.02022514798165109,-0.2859729041442174,0.003926331831823155,0.05462499840281052,189,True,12,61,189,395261,2052.98,2062.83,0.00479790353534848,False,2015-03-27 16:19:42.693
2015-03-30,2084.0275,0.002444,0.019790000000000002,0.06206831175669921,1.8024811625992077,-0.886624289825303,0.7902155983909293,0.017108038789980726,-0.40068676646876383,0.004224242605956443,0.055461611826996396,184,True,12,53,184,460680,2067.18,2088.97,0.010540930156057948,False,2015-03-30 16:16:05.349
2015-03-31,2077.1254,0.002291,0.019977,0.04672513232644217,3.734751417752613,-0.910512227756173,0.9497153237374295,0.01928019605785345,-0.5529456877399739,0.004243436289876378,0.04634344492304402,187,True,12,52,187,400600,2067.06,2083.73,0.008064594157886074,False,2015-03-31 16:21:23.283
2015-04-01,2056.9925,0.002291,0.019977,0.06020305109690892,1.7791802584146568,-0.9649445961851622,0.6559946825020242,0.021003388384030403,-0.21610486345503316,0.005620605336253779,0.059067685816348296,181,True,12,61,181,645372,2048.38,2066.92,0.009051054980032891,False,2015-04-01 16:20:45.644
2015-04-02,2066.7636,0.001929,0.019994,0.0571367966797146,2.388526104013195,-0.9292627924290513,0.7594723796915883,0.016785342963476186,-0.30385283477601854,0.0038091281704219345,0.06354316171148386,181,True,12,56,181,547186,2057.37,2072.17,0.007193650145574271,False,2015-04-02 16:34:35.619
2015-04-06,2079.2839,0.002495,0.019867,0.06013290688630088,2.274887616362362,-0.9001393925711116,0.8353732646391512,0.017651033237584303,-0.4242572808508395,0.004125780798867716,0.05137225001901625,180,True,12,50,180,392440,2056.59,2086.93,0.014752575865874862,False,2015-04-06 16:17:32.299
2015-04-07,2085.963,0.002495,0.019867,0.06051550984568924,1.9824550802926666,-0.8841157667296583,0.7701717335964573,0.016585803638092967,-0.3532259393707973,0.003921908123272479,0.046626933770531544,177,True,12,49,177,523946,2076.11,2089.8,0.006594062935008305,False,2015-04-07 16:18:49.336
2015-04-08,2081.3795,0.0035670000000000003,0.019894000000000002,0.04896716736582036,2.7770220025034056,-0.9333296617318074,0.735441619760836,0.015262462130333299,-0.26890857372614235,0.003917616194644744,0.074469409170967,169,True,11,51,169,401494,2073.31,2086.68,0.0064486256276194975,False,2015-04-08 16:15:45.339
2015-04-09,2083.3391,0.0034649999999999998,0.019806,0.039000628484607947,4.892741761544412,-0.8897975051811935,0.9469400859454866,0.013880438308383732,-0.5150555189442059,0.004863946669251681,0.07334354568529687,185,True,12,44,185,549586,2074.29,2093.3,0.009164581615878298,False,2015-04-09 16:24:46.159
2015-04-10,2099.1131,0.0034649999999999998,0.019806,0.04346759496835364,3.448325701972521,-0.9300583099480795,0.7875110580504477,0.009852827859988922,-0.3203928166871251,0.00453617601417447,0.0887937324114116,183,True,12,57,183,532014,2091.96,2102.61,0.0050909195204498214,False,2015-04-10 16:16:51.799
2015-04-13,2101.3972,0.0021379999999999997,0.019790000000000002,0.042397662249591794,2.9974703270912255,-0.9591135206239296,0.6252947258260929,0.011587247306926963,-0.1368220250835543,0.005515988251995304,0.0828188565720779,185,True,12,46,185,449119,2092.34,2107.65,0.0073171664261066915,False,2015-04-13 16:33:23.866
2015-04-14,2092.7685,0.002087,0.01976,0.063938974440161,1.6303835749243532,-0.8858210787674733,0.7114980949109234,0.01418071397075614,-0.29773943161238037,0.0054034537526855995,0.0990350258472304,191,True,12,66,191,410986,2083.25,2098.62,0.007377895115804556,False,2015-04-14 16:17:22.287
2015-04-15,2105.7829,0.001934,0.019658,0.04516502202050057,2.6406557451292225,-0.9178019364092967,0.6401484112872565,0.010716382700404743,-0.1712594387189532,0.005502198816787955,0.10361418280919268,186,True,12,57,186,689778,2099.37,2111.91,0.005973220537589752,False,2015-04-15 16:19:59.674
2015-04-16,2105.2435,0.0019850000000000002,0.019677,0.05147139039400455,2.535222527307421,-0.8082880346846012,0.8513962675243023,0.011096829747915492,-0.4638927474768831,0.004953580872079868,0.12051849690510127,186,True,12,57,186,437340,2100.03,2111.3,0.005366590001095295,False,2015-04-16 16:16:12.798
2015-04-17,2081.9655,0.002036,0.019902,0.05492414857919928,2.3769474017618313,-0.856412836463254,0.8641595425649161,0.016081919077938673,-0.485668090487388,0.004058909440567403,0.06388567447294141,182,True,12,56,182,758422,2072.37,2099.36,0.01302373610889962,False,2015-04-17 16:27:23.033
2015-04-20,2100.3907,0.002087,0.019723,0.07482742050363954,1.4346979042003607,-0.7610086793519001,0.929596547664804,0.013621900224293897,-0.6494402546837408,0.005235821551135985,0.12879397927434877,179,True,12,45,179,358118,2087.0,2103.94,0.00811691423095362,False,2015-04-20 16:23:43.688
2015-04-21,2099.9289,0.002036,0.019753,0.06778169983739214,1.6754425928447694,-0.7720923544902693,0.9494615341338196,0.013838899392641235,-0.674348510953774,0.004050925114349904,0.14353205214658218,180,True,12,51,180,447387,2094.38,2109.61,0.007271841786113287,False,2015-04-21 16:15:42.907
2015-04-22,2104.5314,0.0021379999999999997,0.019659,0.04915185610769717,2.6173347452609392,-0.8499766839790085,0.8443575394028607,0.012020992304991387,-0.45564593277696974,0.0038801889409630862,0.05573887112063078,185,True,12,40,185,470640,2091.1,2109.95,0.009014394337908183,False,2015-04-22 16:41:01.071
2015-04-23,2112.3387,0.002087,0.019616,0.059998128995966335,1.9197507255781752,-0.819045722940529,0.8821458679795738,0.011740377815844824,-0.547818429046757,0.002703443680771496,0.05748125855529296,183,True,12,51,183,573860,2103.25,2120.46,0.008182574586948821,False,2015-04-23 16:38:00.455
2015-04-24,2117.8051,0.002087,0.019572,0.05410823486142328,2.2796501662344157,-0.8198003521855408,0.873828903953798,0.010824128560203358,-0.5168812601921071,0.0023661839781652263,0.04798912576040967,189,True,12,57,189,575754,2113.03,2120.92,0.0037339744348163784,False,2015-04-24 16:14:34.290
2015-04-27,2118.5428,0.0021379999999999997,0.019654,0.047648739334457346,3.451100922640737,-0.7817052101274227,1.2110707606959263,0.013889344137786563,-1.1378111708529821,0.00466637490860116,0.08019062906553058,184,True,12,57,184,522455,2107.05,2125.88,0.008936665005576439,False,2015-04-27 16:27:45.277
2015-04-28,2108.1064,0.0021379999999999997,0.019612,0.05064927595581391,2.325885019845418,-0.8615437047550684,0.7643795543155804,0.013579778662774142,-0.34866731863239664,0.004922016417983905,0.0686404063479242,188,True,12,59,188,345688,2094.93,2116.04,0.010076709006983542,False,2015-04-28 16:19:12.463
2015-04-29,2106.3951,0.0022400000000000002,0.019695,0.05912551657774087,1.8160862343012236,-0.8458980381043281,0.8041126367269423,0.014596507933006668,-0.4318430590383876,0.005179952728570204,0.07062844024909504,182,True,12,56,182,442532,2097.43,2113.65,0.00773327357766429,False,2015-04-29 16:17:12.220
2015-04-30,2091.2659,0.0022400000000000002,0.019903999999999998,0.0594945940398175,2.085136321117152,-0.8375842367290217,0.9320976115861282,0.018703481818964397,-0.6206972796394779,0.004867962023216458,0.059131182790122215,185,True,12,46,185,667498,2077.59,2104.94,0.01316429131830632,False,2015-04-30 16:30:31.271
2015-05-01,2099.5826,0.002132,0.019689,0.050818722774361905,2.4489382420225465,-0.8570811555025896,0.8152678888752652,0.013842160994375593,-0.4157579034053779,0.003767994323628665,0.057359804136919934,186,True,12,58,186,605715,2089.4,2108.32,0.009055231166842148,False,2015-05-01 16:21:26.962
2015-05-04,2117.1128,0.002132,0.019689,0.05426886005719613,2.033122693321743,-0.8700340277412443,0.7358068762470007,0.012211301660638592,-0.32074125728639435,0.0031680450235004607,0.052749228929159696,183,True,12,50,183,387052,2111.38,2120.93,0.004523108109387941,False,2015-05-04 16:28:36.397
2015-05-05,2098.775,0.002291,0.019874,0.061706274809955254,1.423418314161506,-0.930557450073881,0.536573911731534,0.01401537970255598,-0.11224387942453382,0.006062466548490004,0.08546513858674679,182,True,12,46,182,408026,2088.48,2115.24,0.012813146403125586,False,2015-05-05 16:18:44.104
2015-05-06,2080.3262,0.002597,0.02,0.06150566506785845,1.7740117508469941,-0.8575464136054952,0.8064812705298269,0.02105325748306305,-0.4321884945673231,0.00573025312727314,0.07177761563767822,181,True,12,48,181,671407,2067.96,2098.38,0.014710149132478367,False,2015-05-06 16:26:29.652
2015-05-07,2084.89,0.002597,0.02,0.044998797509718094,3.807153612676281,-0.8396310034163955,1.1217306166899679,0.023105797844212215,-0.9156449074092323,0.004067286060787001,0.04949829041273137,186,True,12,58,186,664225,2074.99,2092.9,0.008631366898153914,False,2015-05-07 16:20:52.574
2015-05-08,2114.0581,0.003619,0.019684999999999998,0.05460491613199113,2.0301523253083777,-0.9512118341943545,0.6651487615019736,0.011848715375604115,-0.22071028001034781,0.0038474944807210744,0.05006768057872468,182,True,12,50,182,442970,2098.43,2117.65,0.009159228566118616,False,2015-05-08 16:16:18.417
2015-05-11,2111.6388,0.0038740000000000003,0.019799999999999998,0.05039730260467838,2.599077893097794,-0.9099394852292958,0.7518959762807864,0.012129499553854327,-0.303374529004078,0.003551906992233643,0.05083199760516696,182,True,12,49,182,392189,2104.58,2117.68,0.006224519856693478,False,2015-05-11 16:16:35.500
2015-05-12,2097.6028,0.0038740000000000003,0.019799999999999998,0.04060424769387454,5.239793856233682,-0.848954449298813,1.1594580228726192,0.01692829505211762,-0.9188271315969743,0.006158638076626928,0.08159566994261844,185,True,12,55,185,545280,2085.6,2105.05,0.009325853471423118,False,2015-05-12 16:32:50.656
2015-05-13,2101.6248,0.0021379999999999997,0.01989,0.04528687699170137,3.28354302370359,-0.890059990127407,0.8374446067080528,0.014004938560239292,-0.40391065128155784,0.0034322773574500653,0.04973309164408527,183,True,12,45,183,333821,2096.04,2110.17,0.006741283563290734,False,2015-05-13 16:57:38.478
2015-05-14,2116.5938,0.0019850000000000002,0.019686,0.04098238997916321,4.004714772685192,-0.8843396745840537,0.9073273867840922,0.011533231633047368,-0.49499742166944866,0.0035461621136593227,0.05247672233534504,185,True,12,46,185,644772,2105.82,2121.44,0.007417538061182727,False,2015-05-14 16:17:56.685
2015-05-15,2119.9645,0.001934,0.019671,0.07256224784192399,1.4242146939327605,-0.9151522288995555,0.7018961113531365,0.010621037704374706,-0.28596971193013676,0.004221124119492275,0.06008891130198382,167,True,11,48,167,508668,2116.81,2123.82,0.0033115867744391014,False,2015-05-15 16:17:17.674
2015-05-18,2126.6929,0.0019850000000000002,0.019618,0.046285085486434355,3.4950466667193134,-0.8510696170737739,1.0239303332437808,0.010509978813795309,-0.7248962598403581,0.0040299741251389526,0.06358676338013539,180,True,12,56,180,590731,2120.01,2131.78,0.005551860604431136,False,2015-05-18 16:25:52.875
2015-05-19,2128.7516,0.002036,0.019651000000000002,0.04342566785031739,3.130370022747998,-0.8699451174786753,0.8000184437440945,0.009879182774835264,-0.3681526926178328,0.0036713427088282983,0.06926907611585369,183,True,12,47,183,407096,2124.5,2133.01,0.004005648387856109,False,2015-05-19 16:28:28.158
2015-05-20,2127.4524,0.001934,0.019679,0.06530556546896564,1.4439611195342612,-0.8941313181916672,0.6729658030348821,0.0106673840558404,-0.2642855772016125,0.004698346595664052,0.07933697395232353,183,True,12,50,183,533186,2122.65,2134.67,0.005662732904623935,False,2015-05-20 16:18:20.704
2015-05-21,2130.3979,0.001883,0.019643,0.03562839781698211,4.521916414781575,-0.8990989619657501,0.8001205147525433,0.008301886354844282,-0.31797556428591595,0.00482046150402107,0.09664503484953572,185,True,12,47,185,521563,2122.97,2134.27,0.005322731833233618,False,2015-05-21 16:15:44.530
2015-05-22,2129.1267,0.002036,0.019693000000000002,0.03227703285647162,8.717245535211216,-0.7918301944280304,1.680222358789682,0.009010267302407022,-2.260413533860877,0.003570832623113426,0.08279381551990396,172,True,12,48,172,374273,2126.06,2132.09,0.002836232279427753,False,2015-05-22 16:18:58.720
2015-05-26,2106.7498,0.002189,0.019899,0.03792006277487827,4.109726895214878,-0.855735896735013,0.9024398741887342,0.015041756891067726,-0.5027155228174709,0.004297039912497989,0.05421534866286081,185,True,12,36,185,544902,2099.18,2123.29,0.011485437170704715,False,2015-05-26 16:35:10.898
2015-05-27,2118.9883,0.0022400000000000002,0.019725,0.03567543567797438,4.5899321075656765,-0.9191764523127909,0.8564357966876103,0.011880520272453043,-0.40598661850848433,0.0037696475721031345,0.05524239915545292,185,True,12,44,185,572549,2105.89,2126.22,0.00965387555855246,False,2015-05-27 16:14:45.562
2015-05-28,2117.5261,0.002495,0.019767999999999997,0.04615561747424783,2.782065739957559,-0.8597657371383464,0.8828923998406742,0.013918532140044777,-0.5226830655330423,0.003807282820454504,0.05761434875035889,189,True,12,50,189,456865,2112.87,2122.13,0.004382664338080433,False,2015-05-28 16:15:38.573
2015-05-29,2111.5457,0.002444,0.019897,0.04523251550156182,2.458036852044161,-0.8878141220091417,0.7282662665217423,0.01431303355391358,-0.3080053749265219,0.0033741956246442,0.04158598643466359,187,True,12,46,187,414381,2104.89,2120.27,0.007306795129436772,False,2015-05-29 16:28:40.209
2015-06-01,2111.5995,0.002031,0.019871,0.043132208901267934,3.0033382756098614,-0.8531773521030476,0.8828354944203534,0.015815780073422974,-0.5203172823988731,0.003529259640999226,0.050069674861281666,188,True,12,55,188,485394,2102.55,2119.15,0.007895174906660918,False,2015-06-01 16:18:06.493
2015-06-02,2109.8064,0.002438,0.019902,0.05830493243053022,1.7995275102126396,-0.8559787211697095,0.8419299714381929,0.016838056936189748,-0.49900341702625994,0.003992645764263974,0.05386724755624432,183,True,12,48,183,487710,2099.14,2117.59,0.008789313718951641,False,2015-06-02 16:18:03.337
2015-06-03,2116.337,0.002597,0.019896,0.057590054101988995,1.8405124786778901,-0.8787082817310353,0.8063015926810224,0.014836361204147011,-0.4381318319150623,0.003301790684596158,0.04758588794693759,168,True,11,44,168,391505,2109.67,2121.92,0.0058065953442956175,False,2015-06-03 16:20:53.399
2015-06-04,2102.5548,0.0019850000000000002,0.020057000000000002,0.04699573702928687,2.8708189928732892,-0.8390908339215012,0.975936547373994,0.019712012860918334,-0.6826196356047616,0.004361230290358173,0.05310744056074859,188,True,12,42,188,921295,2093.24,2112.89,0.009387361219927115,False,2015-06-04 16:18:21.752
2015-06-05,2094.2265,0.002393,0.02009,0.0692447590003977,1.327319357222009,-0.8521107122308698,0.721836780772367,0.017730382530638113,-0.33722852006101256,0.003506934225374174,0.05722991459659298,179,True,12,42,179,458545,2085.67,2100.98,0.007340566820254413,False,2015-06-05 16:17:46.657
2015-06-08,2085.7233,0.0033629999999999997,0.020236,0.054291895073859134,2.166075555600167,-0.839966904955857,0.8856577901808074,0.02133869499457726,-0.5491890277345602,0.0029996898742574466,0.037089264336114175,182,True,12,40,182,537744,2079.11,2093.01,0.00668555295294615,False,2015-06-08 16:17:25.049
2015-06-09,2079.9492,0.0033629999999999997,0.020236,0.06589907069836023,1.42294829059078,-0.8687880645562744,0.7035071680479609,0.019550454210606378,-0.30738039549135654,0.004511432163373155,0.047898864294460754,187,True,12,48,187,601414,2072.14,2085.6,0.006495700097483681,False,2015-06-09 16:18:52.569
2015-06-10,2102.3401,0.002291,0.02,0.050098161060634,2.3495555722812367,-0.8615886867014595,0.787688844955536,0.014745250396907467,-0.3850368895052755,0.0042144730301391055,0.050970791571336486,189,True,12,45,189,613916,2084.71,2108.49,0.011406862345362034,False,2015-06-10 16:17:39.754
2015-06-11,2110.5485,0.004334,0.01999,0.06160139314826595,1.8493896091872677,-0.7300012105331827,1.0338504403424893,0.014094373144418809,-0.8409967801966336,0.004098730638408357,0.09406947287051493,183,True,12,51,183,559329,2106.79,2115.02,0.00390641687116422,False,2015-06-11 16:28:59.420
2015-06-12,2095.6497,0.004334,0.01999,0.06125626210690249,1.6039646243112162,-0.8586563203465668,0.7415496993275306,0.015549759513021774,-0.35339020169873653,0.0027730831267918526,0.040306162559576676,182,True,12,48,182,430215,2091.33,2103.64,0.005886206385410153,False,2015-06-12 16:18:25.121
2015-06-15,2081.9048,0.002495,0.02024,0.074408518641249,1.3130631577738694,-0.794604367578457,0.955477838925144,0.02335005996435166,-0.717531731772355,0.003870818210188879,0.08494934801975433,186,True,12,43,186,477497,2072.49,2087.98,0.007474101201935923,False,2015-06-15 16:18:32.450
2015-06-16,2091.5775,0.002495,0.020127000000000003,0.06474474216870245,1.8007457414236743,-0.8160483992282558,1.0456679902351287,0.023176886186971727,-0.8602439083226439,0.0038380821997089217,0.05642498770837206,188,True,12,54,188,416627,2082.1,2097.37,0.00733394169348256,False,2015-06-16 16:18:18.838
2015-06-17,2099.3189,0.002342,0.020097,0.04806777367585224,2.76252455916263,-0.7934830276750499,1.0915660261175135,0.02207936527172302,-0.9259395788063547,0.005101526119186853,0.05524406676099625,184,True,12,49,184,546785,2088.86,2106.79,0.008583629348065447,False,2015-06-17 16:14:52.033
2015-06-18,2119.2123,0.002189,0.019906,0.05500491501448908,2.00261772380619,-0.8545700053022071,0.8273188739309467,0.014451097263785236,-0.46414888375343166,0.0032344596994794187,0.040101159075115675,184,True,12,45,184,894729,2104.17,2126.64,0.010678794964285032,False,2015-06-18 16:27:40.518
2015-06-19,2115.0743,0.002189,0.020012,0.05481422501311366,2.1743730881741405,-0.8364805080763889,0.8935617634064529,0.014799865927553923,-0.5600794735867773,0.003705620657188669,0.05745449054580464,185,True,12,40,185,511711,2109.46,2121.56,0.0057360651541151775,False,2015-06-19 16:17:17.682
2015-06-22,2124.9713,0.002291,0.019886,0.05186336284142322,2.28103217407261,-0.8572743710242219,0.8573620283882563,0.01283951182969149,-0.49846564912824864,0.0033080044274948453,0.045752701129211044,184,True,12,45,184,510424,2116.42,2129.86,0.006350346339573543,False,2015-06-22 16:16:40.488
2015-06-23,2123.6151,0.002495,0.019878,0.05662768973052502,1.899888650337157,-0.8287358492134392,0.8351823691202797,0.011675865051186736,-0.4823569796616861,0.0026461442273633656,0.040178227899398164,173,True,12,53,173,363318,2119.89,2128.02,0.0038351046516564846,False,2015-06-23 16:18:19.048
2015-06-24,2116.5363,0.002853,0.020028999999999998,0.052569361059918586,2.1161091674956674,-0.8216449296775299,0.933300283573031,0.014100223665335454,-0.6485644055809331,0.0043917846811264444,0.07396575182539591,183,True,12,64,183,498161,2108.58,2125.1,0.007834656498686421,False,2015-06-24 16:26:45.755
2015-06-25,2108.3821,0.0028020000000000002,0.020095000000000002,0.0571947581707273,1.6335723783567682,-0.8423390547571799,0.7566026163432059,0.014811674466779142,-0.3855839647883941,0.002570453826673839,0.03749717506166964,187,True,12,62,187,382303,2101.78,2115.81,0.006675294274376853,False,2015-06-25 16:25:40.981
2015-06-26,2102.7095,0.0028020000000000002,0.020116000000000002,0.0483878505584018,2.303795180076954,-0.8354336967792502,0.8774404695189221,0.017643886919139234,-0.5469503837681264,0.003042635465858079,0.037281246687420715,186,True,12,59,186,382002,2095.39,2108.92,0.006457031865189977,False,2015-06-26 16:44:22.196
2015-07-01,2075.5909,0.002438,0.020390000000000002,0.042983296535843395,6.160124245863666,-0.8272130251793681,1.8799316638933836,0.035908255064976725,-3.0045781665937525,0.005105318407198636,0.05990993386126818,185,True,12,48,185,722039,2068.57,2082.78,0.006869479882237517,False,2015-07-01 16:25:59.817
2015-07-02,2076.8825,0.002438,0.020390000000000002,0.04306405116697345,5.3282564125489635,-0.8282448358975604,1.6028443946442912,0.033221346495610204,-2.1101975398810984,0.005653587959020675,0.05696581043189162,182,True,12,49,182,767932,2071.06,2085.06,0.0067598234720385175,False,2015-07-02 16:19:13.392
2015-07-06,2068.2781,0.002438,0.020390000000000002,0.044542794959993436,4.2289826748483055,-0.8673855707938395,1.1924814162634259,0.03208259018828539,-1.0452705117833605,0.005309205842451471,0.055707472208861825,182,True,12,53,182,558930,2058.4,2078.61,0.009818305479984524,False,2015-07-06 16:17:12.611
2015-07-07,2062.0849,0.002291,0.020282,0.046149659589302096,3.5309289377273787,-0.8879476629238101,1.0004302429716105,0.029436265644830855,-0.6749583340319665,0.008821586448659997,0.09066701751069016,187,True,12,45,187,805146,2044.02,2083.74,0.019432295183021697,False,2015-07-07 16:31:32.017
2015-07-08,2056.3244,0.0035670000000000003,0.020637,0.06098883753549739,2.147229241966222,-0.8187068819017642,1.1424622265689792,0.0353178680631411,-1.0433059083574554,0.006702746214793766,0.06948972226149555,180,True,12,46,180,623605,2044.66,2073.38,0.014046345113613024,False,2015-07-08 16:17:35.666
2015-07-09,2061.8127,0.0034649999999999998,0.020582,0.047707462746175586,3.7369304950735343,-0.8480477294339487,1.2634590972363118,0.03712583954524369,-1.2397699456316595,0.006901027585368716,0.06930209052272722,185,True,12,52,185,787580,2050.82,2074.22,0.01141007011829398,False,2015-07-09 16:29:30.253
2015-07-10,2075.1329,0.002393,0.020332,0.05990624864467635,1.6314007571252347,-0.8855642517376289,0.7616353705178017,0.0253247997376988,-0.38462623883287406,0.0049993287040569,0.047772932648095186,181,True,12,56,181,439594,2062.37,2081.31,0.009183609148697869,False,2015-07-10 16:19:48.489
2015-07-13,2095.7323,0.002495,0.020112,0.04287854756009252,3.3341029723330804,-0.898570116406083,0.8811595076616,0.017009959361052727,-0.49051909220357376,0.004076543599359368,0.04616366547351597,183,True,12,45,183,681146,2085.65,2100.67,0.007201591829885112,False,2015-07-13 16:18:36.911
2015-07-14,2106.9862,0.002444,0.020023,0.0402620911654991,3.3742182998286565,-0.8979679726456685,0.7962524919539106,0.012301693302014305,-0.3623118613428189,0.0033631256245247533,0.062270597713774224,181,True,12,42,181,484375,2098.24,2111.98,0.006548345279853596,False,2015-07-14 16:14:59.091
2015-07-15,2109.717,0.002393,0.02004,0.04877984865219921,2.960613216650791,-0.8370047524997308,0.9880142349411453,0.012927494672362224,-0.6873355991944841,0.004542010301705745,0.07291582233299876,181,True,12,49,181,571228,2102.49,2114.14,0.005541048946725136,False,2015-07-15 16:18:05.761
2015-07-16,2120.9737,0.002495,0.019884,0.043945320484206275,3.1074642059047264,-0.8584543591079603,0.847959939969445,0.00865962052881646,-0.44591903894961915,0.0034345215226044877,0.08831086076019821,183,True,12,49,183,953179,2115.72,2124.35,0.004078989658366838,False,2015-07-16 16:21:21.346
2015-07-17,2123.102,0.002546,0.019862,0.04733867664004059,2.5509225739483146,-0.8784016985275215,0.7933257097237132,0.008487625007087456,-0.3878510839847947,0.0030810445268251176,0.06085813265608646,187,True,12,58,187,611902,2119.88,2128.91,0.0042596750759476,False,2015-07-17 16:25:14.301
2015-07-20,2128.2014,0.002801,0.019833,0.041671842319359796,2.6078508654601134,-0.9118850343827228,0.6440495193066051,0.008241807005123622,-0.1974518832033495,0.003186402333952263,0.05673533100985393,185,True,12,49,185,591186,2123.65,2132.82,0.004318037341369818,False,2015-07-20 16:17:45.522
2015-07-21,2120.1412,0.002852,0.019921,0.04339602206437732,2.6445788356442512,-0.85961270832172,0.7181717200427528,0.00993260060966314,-0.2862422164639596,0.002934536775128953,0.053680734267636365,185,True,12,44,185,525017,2115.4,2128.49,0.006187954996690781,False,2015-07-21 16:17:33.225
2015-07-22,2113.5067,0.003312,0.019972,0.04092929371908296,5.511655693985416,-0.7626402883675992,1.7820586285304265,0.01287680094134416,-2.7245566059645743,0.00457486320723547,0.13711066869898247,169,True,12,48,169,658748,2110.0,2118.47,0.004014218009478654,False,2015-07-22 16:16:51.409
2015-07-23,2107.4949,0.00321,0.020104,0.04555440521384267,2.9548543454367757,-0.8402607239598737,0.9225316842420597,0.011344663936286706,-0.5818514440306699,0.004475333287849408,0.08411314099364146,190,True,12,57,190,637517,2098.63,2116.83,0.008672324325869729,False,2015-07-23 16:19:37.957
2015-07-27,2069.2889,0.0030570000000000003,0.02044,0.05292719183739746,2.0316253733086898,-0.8498247085212477,0.7997996305851178,0.021669670982077897,-0.42462299733442443,0.003971332809023121,0.04205959229638016,175,True,12,41,175,714989,2063.54,2076.11,0.006091473874991538,False,2015-07-27 16:35:46.205
2015-07-28,2085.8804,0.0031590000000000003,0.02019,0.043708606989085935,3.8254013284000177,-0.7966632947372211,1.1815088449874498,0.017529128068900425,-1.0615572243064504,0.006405714791882898,0.07304118564145846,188,True,12,46,188,616008,2069.1,2095.58,0.012797834807404262,False,2015-07-28 16:19:50.411
2015-07-29,2103.6643,0.0031590000000000003,0.020166,0.0417733761588793,3.557196654688012,-0.8290112783367521,1.0021941988470071,0.012471413898705439,-0.7072009843478158,0.0042946467109328205,0.06981734106784189,182,True,12,39,182,464900,2094.18,2110.6,0.007840777774594354,False,2015-07-29 16:19:57.091
2015-07-30,2104.8824,0.003414,0.020177999999999998,0.043060923148240435,3.5851684420656866,-0.8461881913424804,1.015808652283894,0.011353964828524786,-0.7231058925402463,0.0041362972185695675,0.06647450600431877,182,True,12,45,182,534432,2094.97,2110.44,0.00738435395256265,False,2015-07-30 16:16:39.492
2015-07-31,2109.2468,0.003108,0.020228000000000003,0.03551518778613231,4.327977966086636,-0.9287355226462657,0.7417049773597718,0.008183994274162464,-0.24270837304063997,0.003431712057788825,0.05546708975182896,186,True,12,45,186,467437,2102.07,2114.24,0.005789531271555903,False,2015-07-31 16:23:17.451
2015-08-03,2096.6249,0.003108,0.020228000000000003,0.03983324580712245,3.8938777608527952,-0.844698884623269,0.8760416621555317,0.011416177624048755,-0.4572374138503528,0.0038515581719356525,0.05495412337565936,185,True,12,45,185,592504,2087.32,2105.7,0.00880554970009384,False,2015-08-03 16:19:05.214
2015-08-04,2096.3371,0.0021379999999999997,0.020335000000000002,0.04287721692110352,3.0250244921669798,-0.9296367295714705,0.7260107232918497,0.010814517991241534,-0.2676823076501655,0.003487509754134953,0.05009796095736398,184,True,12,50,184,388742,2088.62,2102.51,0.00665032413746891,False,2015-08-04 16:16:48.458
2015-08-05,2105.9444,0.002189,0.0203,0.040964867880152786,2.9597356811661655,-0.9458116502930781,0.6374341909722436,0.008840431503622175,-0.16383198554214679,0.0051155568965958785,0.08364216153210924,180,True,12,45,180,470274,2097.29,2112.66,0.007328504880107056,False,2015-08-05 16:18:18.788
2015-08-06,2083.8859,0.002495,0.020489,0.036575105426690735,6.306489576887216,-0.8000891104440958,1.2943567187480858,0.015708957834301016,-1.2140382730743589,0.0046189817837897565,0.05708654598880212,182,True,12,28,182,789010,2075.53,2103.31,0.01338453310720622,False,2015-08-06 16:16:28.436
2015-08-07,2074.2165,0.002189,0.020548999999999998,0.044557203846014116,2.9549155431725342,-0.9107465691769872,0.7561830633717102,0.015451492276325078,-0.30848727692043554,0.004731473821594012,0.06225880633183466,184,True,12,56,184,546235,2067.91,2081.91,0.006770120556503834,False,2015-08-07 16:29:35.187
2015-08-10,2100.5857,0.002342,0.020301,0.03097279545556796,8.045462126150262,-0.844938414969384,1.1575235435879156,0.010076824994736173,-0.8414798484027834,0.004304559936398208,0.0634772542031213,182,True,12,35,182,497871,2085.77,2105.32,0.009373037295579145,False,2015-08-10 16:17:02.764
2015-08-11,2085.4515,0.002342,0.020301,0.04006384639411967,4.4346284475882545,-0.868955902955705,0.9721518972026986,0.014919068593431756,-0.5897427653564677,0.005883717366745543,0.08195020978700013,181,True,12,49,181,719063,2076.54,2097.35,0.01002147803557829,False,2015-08-11 16:18:01.398
2015-08-12,2066.1958,0.006844,0.020492,0.03921380847365458,6.309966983963904,-0.8148681570020136,1.334284987897308,0.022549808175673064,-1.2854407553596305,0.008538176822876997,0.09380413921703534,184,True,12,31,184,900339,2052.09,2089.06,0.018015779035032375,False,2015-08-12 16:16:13.299
2015-08-13,2086.3544,0.003721,0.020537,0.04244917393228833,3.9570421288455484,-0.9343745126468398,0.9324321300774612,0.015313266208802414,-0.5334833380312771,0.005718146404815843,0.09483028718433827,185,True,12,47,185,600444,2078.33,2092.93,0.007024870930025573,False,2015-08-13 16:17:24.790
2015-08-14,2086.9225,0.0037719999999999997,0.020457999999999997,0.038574914309540805,4.42573374601493,-0.9950188211391271,0.7854112254747538,0.012464273756974256,-0.27542619308301675,0.004809009694606852,0.10749311868651601,184,True,12,53,184,386732,2080.61,2092.44,0.00568583252027044,False,2015-08-14 16:15:48.530
2015-08-17,2093.4001,0.0037199999999999998,0.020358,0.033141108969870714,6.583398139917963,-0.9728391245969407,0.8933139539083041,0.011359591664746165,-0.36164758995315693,0.006170396304492135,0.10934907914711495,179,True,12,34,179,467648,2079.3,2102.87,0.011335545616313114,False,2015-08-17 16:44:05.821
2015-08-18,2098.3137,0.0037199999999999998,0.020434,0.036440704991510905,5.699288198867897,-0.957887536418105,0.8952294470187989,0.0105370943924828,-0.38606360297649533,0.005278423651910771,0.09899131478865193,182,True,12,42,182,539617,2094.14,2103.47,0.004455289522190542,False,2015-08-18 16:17:00.176
2015-08-21,2000.2961,0.003517,0.021751999999999997,0.04647623137642614,5.360459053253072,-0.734536507234761,1.729430883503651,0.06470612885533963,-2.492663310330523,0.012340470281237562,0.08019309917528446,182,True,12,25,182,1900369,1970.89,2025.08,0.02749519252723376,False,2015-08-21 16:46:31.748
2015-08-27,1973.9188,0.0034649999999999998,0.021596,0.06957454519451119,3.1395669170308818,-0.7517034160960209,1.9846582289718733,0.07984027693569791,-3.5020004051054583,0.008781562587662373,0.04871590832970731,183,True,12,38,183,1200208,1948.35,1989.59,0.021166628172556212,False,2015-08-27 16:17:39.237
2015-08-28,1983.8628,0.00367,0.021593,0.07414250384901122,2.4495420962113483,-0.833814740748138,1.3829926590656434,0.06806808092066088,-1.549438326436129,0.005934722215837004,0.039363538327242625,185,True,12,52,185,641756,1975.23,1993.43,0.009214116837026554,False,2015-08-28 16:18:10.798
2015-08-31,1975.8029,0.0037719999999999997,0.021789999999999997,0.08715569233730548,1.951099056905916,-0.8307178891702286,1.3517367247258338,0.06792376010445844,-1.4870933947259268,0.007293828057142719,0.04120679506004833,171,True,11,53,171,632312,1965.98,1986.25,0.010310379556251803,False,2015-08-31 16:42:52.593
2015-09-03,1961.4022,0.002393,0.022014,0.08400475653417529,1.6462652351922484,-0.8939611326937799,0.8570770886011179,0.05019925230149216,-0.4579929152589651,0.008227075520026907,0.052620590328194945,185,True,12,40,185,716045,1944.73,1975.01,0.015570284821029068,False,2015-09-03 16:17:28.608
2015-09-08,1955.6107,0.002189,0.022365,0.07475440867671256,3.8656354269158855,-0.9182997558559931,1.3322130883404304,0.05910610981319443,-1.196845131747851,0.007539127176242462,0.04713434504461982,184,True,12,39,184,685226,1936.75,1970.42,0.01738479411385052,False,2015-09-08 16:27:13.458
2015-09-10,1949.0504,0.002444,0.022046999999999997,0.07279122815856384,5.729011555346636,-0.9032416890842043,1.87676852556456,0.0726153805856925,-2.6882165240532014,0.008586085179330995,0.06890821060935666,183,True,12,45,183,757682,1937.47,1965.0,0.014209252272293194,False,2015-09-10 16:19:30.178
2015-09-11,1948.5969,0.004334,0.021969,0.07955619936002875,3.129431648159169,-0.8838412457682865,1.342614590279046,0.057506346996417754,-1.3046825618611022,0.00638158618809371,0.04422228766442099,184,True,12,52,184,522431,1939.19,1961.05,0.011272747899896407,False,2015-09-11 16:19:07.693
2015-09-14,1952.8016,0.0037199999999999998,0.022106,0.07521187662299095,3.752659739416346,-0.8452818435847272,1.5420578981750592,0.06198683988891621,-1.8134533986659864,0.004921666490232982,0.031230642250308128,188,True,12,50,188,392482,1948.27,1962.82,0.007468164063502369,False,2015-09-14 16:24:23.023
2015-09-15,1972.1872,0.004487,0.021827,0.05692394941530318,5.9026688324386924,-0.8418610398702576,1.5382265975138605,0.05389183882077291,-1.6941346212330144,0.006365601133425745,0.04881952868866801,189,True,12,46,189,671209,1954.33,1983.19,0.01476720922259811,False,2015-09-15 16:21:45.681
2015-09-16,1985.8962,0.004642,0.021650999999999997,0.05331473259327198,6.732769935018592,-0.8423377750741244,1.837320429692449,0.055661313577049246,-2.657834703970171,0.005006498341960477,0.03814818501660987,185,True,12,48,185,943648,1977.97,1997.26,0.009752422938669403,False,2015-09-16 16:33:43.274
2015-09-18,1967.4169,0.003414,0.022073,0.06563940073072973,3.1823735816427194,-0.9365486613100317,1.038525612332579,0.04146892884894176,-0.66075725787009,0.0070922657186530905,0.06305491871279814,190,True,12,49,190,838215,1953.45,1981.3,0.014256827663876592,False,2015-09-18 16:20:03.871
2015-09-22,1937.6993,0.0033629999999999997,0.022212999999999997,0.06111061745780177,4.614762805546727,-0.8535159930696445,1.3382642154761473,0.05312104789893682,-1.226929101487472,0.006239210711079906,0.04194792593703698,190,True,12,43,190,745600,1929.22,1953.41,0.01253874622904605,False,2015-09-22 16:32:42.340
2015-09-23,1940.2917,0.003261,0.022267000000000002,0.07062760530108018,2.111870513506573,-0.8685263863736569,0.946377914771154,0.04326147139387278,-0.597318443416734,0.005720690840424556,0.04554270369284013,184,True,12,55,184,655254,1932.61,1949.52,0.008749825365697239,False,2015-09-23 16:16:18.259
2015-09-24,1920.5921,0.0031590000000000003,0.022342,0.06131657191054174,4.512920156492606,-0.856465636505831,1.3987103295677648,0.058997860717782624,-1.4029569994353408,0.007129008331921526,0.0541474330274312,185,True,12,46,185,685044,1908.94,1937.17,0.014788311837983459,False,2015-09-24 16:15:26.643
2015-09-28,1892.2073,0.0031590000000000003,0.022948,0.06264998597209293,6.361017221100738,-0.8657289179581952,1.6016001616561033,0.07652302989208995,-1.7680877984764507,0.007631152675590941,0.07680207506322866,186,True,12,57,186,847533,1879.21,1924.84,0.024281479983609966,False,2015-09-28 16:23:45.136
2015-09-29,1885.9707,0.00321,0.022921999999999998,0.07484976549410027,3.585236614883604,-0.7491590451963357,1.703601220247233,0.07853742277864983,-2.3655488778980622,0.006259588626060157,0.0367397951725655,184,True,12,49,184,676685,1871.93,1899.46,0.014706746512957114,False,2015-09-29 16:16:47.563
2015-09-30,1911.411,0.003108,0.022497,0.06425980236399906,4.821156098575066,-0.8716573957357594,1.4795106555617432,0.06433163295588451,-1.569338703799894,0.00571351075459188,0.042257798354413866,185,True,12,52,185,580205,1895.81,1920.5,0.01302345699199825,False,2015-09-30 16:43:32.917
2015-10-01,1913.9009,0.003108,0.022497,0.07481394295336763,2.360033534322745,-0.7998177184796542,1.0376274141139346,0.05131874439872527,-0.7235438221110577,0.011650275416203285,0.17492030095640837,185,True,12,45,185,681446,1900.7,1927.17,0.013926448150681336,False,2015-10-01 16:16:17.685
2015-10-02,1923.7327,0.002285,0.022151999999999998,0.07738825375687157,1.720562247975335,-0.9125461899927053,0.785203163532369,0.04364053059271009,-0.350241392319623,0.008687191280019504,0.06390702686907264,185,True,12,58,185,659617,1893.79,1951.36,0.030399357901351287,True,2015-10-02 16:41:31.074
2015-10-12,2014.8933,0.006898,0.021511,0.05942706065859495,2.6070725560903356,-0.8949967988219618,0.7812232022573052,0.019760567074223783,-0.30044837388088136,0.004655245552920869,0.06024110318914578,185,True,12,53,185,376408,2010.6,2018.66,0.004008753605888815,False,2015-10-12 16:20:37.256
2015-10-13,2013.5725,0.002291,0.021654,0.058674641333479126,2.880932506632103,-0.9329967396368256,0.7870573902336151,0.019611822145394416,-0.28138397245614977,0.00401876286247081,0.04417011843514712,188,True,12,48,188,493497,2001.81,2022.33,0.01025072309559838,False,2015-10-13 16:21:50.856
2015-10-14,1997.2808,0.002087,0.021761,0.06924352961207159,2.0749009375106544,-0.9534756972669035,0.7073903325368665,0.023532228971661844,-0.21305415354935037,0.004259510375249563,0.03814135412736932,186,True,12,50,186,657511,1990.8,2009.54,0.009413301185453138,False,2015-10-14 16:16:39.655
2015-10-19,2029.7243,0.0021379999999999997,0.021344,0.05990594766299491,2.53186855475722,-0.8921738656113942,0.8248230001916018,0.0161591636379881,-0.376985011383338,0.003692734645178175,0.04435682024721371,185,True,12,49,185,545271,2022.33,2034.44,0.00598814239021328,False,2015-10-19 16:16:33.198
2015-10-20,2031.9317,0.002189,0.021379000000000002,0.06471231844140142,2.4642171083373423,-0.8269994320372261,1.0182805070482683,0.01800109572670106,-0.7179647865875274,0.0036656931222864074,0.062419079873797134,180,True,12,54,180,510414,2026.61,2039.1,0.0061630012681275215,False,2015-10-20 16:18:15.741
2015-10-21,2029.9711,0.002189,0.021509,0.06163544994331597,2.5077821646615686,-0.8613787330833952,0.9345602069581518,0.018981586755151023,-0.5642662162721861,0.005430178084372537,0.06258925015296896,184,True,12,49,184,687131,2017.22,2037.9,0.010251732582464923,False,2015-10-21 16:30:56.615
2015-10-22,2047.0984,0.0021379999999999997,0.021158999999999997,0.060197400372731164,2.6145920180193554,-0.8080983273507978,1.0318754476998024,0.018645382416037744,-0.7499836545255513,0.003505780286023718,0.04227987179627362,187,True,12,42,187,829780,2025.75,2055.19,0.014532889053437081,False,2015-10-22 16:17:31.291
2015-10-26,2070.5562,0.002444,0.020942,0.07084594371999078,1.7631088636780674,-0.8560454010891756,0.8652133916847515,0.01807863223568874,-0.49877599049392474,0.0033775653804976238,0.03574080599921513,184,True,12,52,184,361215,2066.6,2074.44,0.003793670763573065,False,2015-10-26 16:17:52.206
2015-10-27,2063.5082,0.0027500000000000003,0.020996,0.0774698825426771,1.797812521101935,-0.77687822826497,1.098369753585166,0.021652517369088485,-0.9278634659036961,0.004126901775650027,0.05868173847271019,186,True,12,48,186,442283,2058.94,2070.35,0.005541686498877985,False,2015-10-27 16:15:42.150
2015-10-28,2078.5502,0.003108,0.020762999999999997,0.06464537482224861,2.3912163635892907,-0.7634404645273309,1.188497439965168,0.019817603774317728,-1.1033640085931102,0.00553714743387423,0.062222809224044356,186,True,12,37,186,627002,2063.12,2090.35,0.013198456706347672,False,2015-10-28 16:36:41.920
2015-10-29,2087.4853,0.0030570000000000003,0.020791,0.08057259262024954,1.320187089077396,-0.8379636650846868,0.8331839487075663,0.01838340917716546,-0.4814536993624402,0.005110896400606371,0.060831060126815335,192,True,12,48,192,917633,2082.65,2092.51,0.004734352867740599,False,2015-10-29 16:34:36.196
2015-10-30,2087.2425,0.00321,0.020892,0.06395330300012106,1.9560242160378056,-0.9135443672493528,0.7660907850672173,0.015660902936671394,-0.3367066722372253,0.004371169196372191,0.05605961018573978,182,True,12,45,182,522489,2079.34,2094.32,0.007204209027864561,False,2015-10-30 16:26:00.887
2015-11-02,2097.5411,0.002285,0.020651000000000003,0.07167945322855873,1.7888925718778659,-0.8567719653166048,0.8864570916911154,0.014553287958578845,-0.5293524925357993,0.005337392790804648,0.07211242433479956,189,True,12,45,189,537343,2080.91,2106.2,0.012153336761320688,False,2015-11-02 16:37:34.661
2015-11-04,2104.0725,0.002342,0.020599,0.059184202014033155,1.9389359124457721,-0.9226622556136338,0.7391980200462135,0.015818321837323297,-0.31690496337133367,0.005710807401217267,0.06927272693559763,183,True,12,47,183,490019,2096.99,2114.57,0.008383444842369414,False,2015-11-04 16:33:03.075
2015-11-05,2099.0204,0.002291,0.020745,0.08566720146094449,1.3387315112421339,-0.893519410330567,0.8333555970484582,0.017949860501593716,-0.46511078698060304,0.005367874012487209,0.07936903971821223,185,True,12,54,185,493493,2090.47,2108.73,0.008734877802599517,False,2015-11-05 16:17:03.351
2015-11-06,2092.8503,0.002546,0.020762999999999997,0.04293732412973272,5.431350805138535,-0.8644641865261689,1.0624853793413775,0.014366869851790559,-0.6624598413491548,0.005047985467476093,0.06390758237101136,188,True,12,47,188,580939,2083.79,2101.91,0.00869569390389624,False,2015-11-06 16:16:30.239
2015-11-11,2079.9563,0.004943,0.021051,0.05952851496111589,2.451457691484797,-0.9578053834780508,0.7082996063361596,0.01527459800094938,-0.20982506060776795,0.005512882889196701,0.08035730042321067,185,True,12,58,185,329444,2074.85,2086.93,0.005822107622237782,False,2015-11-11 16:14:58.696
2015-11-23,2089.9194,0.004744,0.020975999999999998,0.0678804016955196,2.347013457265823,-0.954173140780964,0.9294306650442853,0.017412366541960995,-0.5452089285966739,0.0056873654420719864,0.0637285102441366,160,True,11,46,160,425880,2081.39,2095.58,0.006817559419426411,False,2015-11-23 16:16:50.847
2015-11-25,2090.8922,0.004795,0.020966,0.061472170674301996,2.956303813316087,-0.8762768481769483,0.9939885384254112,0.01588375034012141,-0.6245523893665725,0.0031703780021791945,0.05954997223365984,168,True,11,54,168,384237,2086.31,2092.98,0.0031970320805634334,False,2015-11-25 16:15:29.760
2015-11-27,2089.6613,0.004743,0.020831,0.05886533706885711,3.296726260627964,-0.8501555085821554,1.144099111160638,0.018446996228658256,-0.9208369710473259,0.003964028599275373,0.05584664609329644,180,True,12,68,180,196220,2084.13,2093.29,0.004395119306377149,False,2015-11-27 13:15:55.908
2015-11-30,2085.7839,0.004795,0.021017,0.06313667659776236,2.602928364998837,-0.8091382460744205,1.1263519629867753,0.022858546050570135,-0.9399882517480143,0.0036149293547481035,0.06897780572670006,186,True,12,58,186,463134,2080.41,2093.81,0.00644103806461227,False,2015-11-30 16:30:01.464
2015-12-01,2095.1212,0.001827,0.020727000000000002,0.07558331186964125,1.6428680190229428,-0.8944379532903535,0.9136337186702809,0.01954052792566768,-0.5863797602063444,0.005490570824597235,0.06126266030456124,177,True,12,60,177,458230,2085.71,2103.37,0.008467140685905372,False,2015-12-01 16:18:46.290
2015-12-02,2092.3802,0.002234,0.020963,0.06041689936686506,2.040433320303024,-0.9323302436250807,0.7528959128821344,0.01886118282102402,-0.3202989464795302,0.006130068440862563,0.06424669977399769,190,True,12,48,190,566932,2077.11,2104.21,0.013046973920495253,False,2015-12-02 16:18:16.381
2015-12-03,2061.3101,0.002342,0.021273,0.05957239072904275,3.1700074068306088,-0.8924822670624827,1.174558990319034,0.029773910631701393,-1.0018989820319237,0.007729173030916644,0.06413635538759092,183,True,12,48,183,701041,2042.37,2085.0,0.02087280953010473,False,2015-12-03 16:21:31.787
2015-12-04,2079.3325,0.002342,0.021273,0.05731148674959099,2.3543800168404094,-0.9683183823206981,0.7134454956955733,0.019198214217313436,-0.2391384370510003,0.0069267902318251124,0.07303483493472206,181,True,12,51,181,521643,2053.4,2093.83,0.019689295802084228,False,2015-12-04 16:29:03.048
2015-12-07,2074.8345,0.002342,0.021273,0.06567159687433172,2.4735635053049507,-0.8474239302511631,1.103296352089858,0.024461573069693383,-0.8923771098078966,0.005022027561306689,0.07530956170871743,184,True,12,59,184,417015,2066.78,2089.11,0.010804246218755642,False,2015-12-07 16:16:14.924
2015-12-08,2063.905,0.003516,0.021141,0.07183346872307611,1.9203781641882474,-0.8640876214010936,1.0250951667068335,0.028688774620829093,-0.7749252512183211,0.005856867971704721,0.06711259678227222,181,True,12,62,181,432761,2052.34,2073.85,0.010480719568882302,False,2015-12-08 16:15:46.286
2015-12-15,2046.6755,0.006743,0.021398999999999998,0.04741661854786609,7.3316379514274335,-0.8085063201752763,1.7953899676972884,0.04955552232687988,-2.5281421759602845,0.005184623486857663,0.052392280588394034,183,True,12,53,183,527725,2030.14,2053.87,0.011688849044893423,False,2015-12-15 16:29:48.703
2015-12-17,2055.9116,0.006692,0.021442000000000003,0.060730461570435865,2.5769956439479587,-0.8724419803570708,0.9552310970583757,0.027908709305618333,-0.5994621789434238,0.006498767915817549,0.061134934940846174,182,True,12,46,182,602856,2041.68,2076.37,0.016990909447121894,False,2015-12-17 16:23:00.168
2015-12-21,2015.7237,0.006332,0.02169,0.06576673128325217,1.7891345374345429,-0.9310296553175726,0.646723116819423,0.030494930779235103,-0.1829197291225425,0.004334168606935612,0.037648330704748455,169,True,11,49,169,503303,2005.93,2022.9,0.008459916348028118,False,2015-12-21 16:17:09.153
2015-12-24,2062.5442,0.006178,0.021301999999999998,0.05758259175618713,3.9901371004346107,-0.8532141952607074,1.147918423732926,0.019119054955012448,-0.8581918361344008,0.004243022699938701,0.07747215892464494,187,True,12,69,187,174402,2058.73,2067.36,0.004191904717957273,False,2015-12-24 13:14:18.248
2015-12-28,2050.8952,0.00628,0.021349,0.06842628182371063,2.2170903631602132,-0.8964600931427944,0.8935988383000778,0.024596986913775713,-0.49510438377478116,0.005372948665139701,0.08221779810133473,174,True,12,60,174,285568,2044.2,2056.71,0.006119753448782017,False,2015-12-28 16:20:01.786
2015-12-29,2075.5564,0.006383,0.021099,0.063370328986547,1.860759736128646,-0.9245476165861989,0.7429456104534489,0.018824088721204998,-0.31613426680526246,0.005748582080331441,0.10589563331150852,184,True,12,55,184,435442,2062.88,2081.55,0.009050453734584796,False,2015-12-29 16:21:20.029
2015-12-30,2070.7587,0.005973000000000001,0.021258,0.059313114844510156,2.8576803628111236,-0.8941924751865942,1.0000689623011891,0.02128903729887884,-0.6611420822615421,0.005595536560460726,0.08366509375992008,185,True,12,61,185,409534,2062.0,2076.64,0.007099903006789532,False,2015-12-30 16:27:41.548
2015-12-31,2051.8181,0.005972,0.021461,0.06104665311669886,2.989996098308742,-0.8798493777686216,0.9951897680422147,0.02510342035224922,-0.6253441651484435,0.00410656200967974,0.03877409686088174,187,True,12,46,187,651629,2043.65,2062.5,0.00922369290240499,False,2015-12-31 16:18:17.018
2016-01-04,2001.4814,0.0059570000000000005,0.021815,0.0664711244016684,2.381831710212184,-0.8683791061594569,1.0710102288963874,0.044369114460182074,-0.8304168465739867,0.00797924517975796,0.06796237461546871,185,True,12,40,185,790309,1989.68,2029.52,0.02002332033291787,False,2016-01-04 16:26:33.246
2016-01-05,2013.559,0.0059570000000000005,0.021815,0.05991645663427332,2.9642444744045493,-0.8742652257303326,1.0532400029218336,0.037084044701924175,-0.754100452746695,0.005897145228383309,0.05429662696997615,185,True,12,55,185,624176,2004.18,2021.86,0.008821562933468918,False,2016-01-05 16:18:28.695
2016-01-06,1992.4836,0.006725,0.022079,0.05535186054491231,4.094001626013892,-0.8642498321821365,1.138287784959856,0.04156967000611421,-0.842477867241285,0.008641888289669893,0.06222880774169053,192,True,12,44,192,737279,1979.05,2003.73,0.012470629847654235,False,2016-01-06 16:51:03.719
2016-01-07,1955.7581,0.004425,0.022616,0.06483443085565307,3.2889551206872807,-0.8341640501029254,1.2666322340219611,0.057414141265115425,-1.1778821495443728,0.00951640642351971,0.06503227671337332,183,True,12,47,183,1007580,1938.83,1977.58,0.01998628038559347,False,2016-01-07 16:29:32.560
2016-01-08,1939.9206,0.004884,0.022864,0.0924615555107168,1.1309566523357717,-0.8107841735300585,0.9026512181553711,0.05175440997937531,-0.6056391990570585,0.007558414822643375,0.04815237575534997,184,True,12,41,184,657139,1918.59,1960.22,0.021698226301607004,False,2016-01-08 16:49:15.773
2016-01-11,1919.6924,0.006364999999999999,0.022845,0.0866225277135102,1.3677957957096614,-0.8918635729583776,0.9090683992193787,0.05569269191307853,-0.5894414960187179,0.00700084839220438,0.04475712489756672,184,True,12,42,184,914273,1901.1,1935.65,0.01817368891694282,False,2016-01-11 16:15:52.321
2016-01-12,1931.49,0.007799,0.022668,0.06789281549832826,2.0635461914400377,-0.891862136848851,0.8437063509871208,0.04349517737063017,-0.4316404850005697,0.006794030377543732,0.04364003343125056,186,True,12,40,186,606632,1914.35,1947.35,0.017238227074463985,False,2016-01-12 16:41:18.759
2016-01-13,1916.9287,0.005921999999999999,0.023260999999999997,0.05394752102176225,4.415013953585812,-0.8322511226402695,0.9985905278318086,0.05121440580517216,-0.5208249261305216,0.011058369012038844,0.06894990469625187,185,True,12,33,185,727094,1886.41,1950.3,0.03386856515815739,True,2016-01-13 16:41:01.698
2016-01-14,1913.6234,0.005306999999999999,0.022879999999999998,0.0638472344808399,3.363583737239283,-0.8444011918978519,1.1676909714382635,0.0564045826336757,-0.9339911656435229,0.007112905174817739,0.043202724893193954,184,True,12,44,184,919614,1878.95,1934.47,0.029548417999414545,False,2016-01-14 16:21:05.557
2016-01-22,1901.8843,0.00459,0.023077999999999998,0.06599667217417653,3.8751249511327375,-0.8085037335680719,1.2784502433893434,0.05242622096422182,-1.1229443227545133,0.005663754946849946,0.037167867587240756,184,True,12,42,184,571390,1884.3,1908.85,0.013028710927134757,False,2016-01-22 16:15:31.984
2016-01-25,1892.6385,0.004385,0.023458999999999997,0.07296115775065805,2.776086771905101,-0.7939645007873114,1.2025877343901505,0.05297646112203921,-1.041124249116669,0.006738058095929422,0.0447097687813596,190,True,12,46,190,420110,1876.08,1904.72,0.01526587352351716,False,2016-01-25 16:19:14.855
2016-01-26,1898.8217,0.0045390000000000005,0.023132,0.08365775657634032,1.5596651166360376,-0.8947332086049927,0.8713069377517059,0.04804794534854661,-0.49821961043796087,0.007412945684273547,0.0602132879604916,184,True,12,54,184,557891,1881.09,1906.73,0.013630395143241492,False,2016-01-26 16:18:59.204
2016-01-27,1897.8238,0.004436,0.023452,0.06947970811919309,2.7069439055233175,-0.7928498059898674,1.192789510951707,0.05389296106584143,-1.046591472534835,0.007929718723536065,0.05357969993348833,186,True,12,46,186,510839,1872.71,1916.96,0.023628858712774425,False,2016-01-27 16:20:41.728
2016-01-28,1891.6956,0.004487,0.023299,0.08140466876454812,1.8585977380168217,-0.8002438782454478,1.0007604213011325,0.04868831919749766,-0.6989243543832248,0.0076136355250036,0.05507003576789635,187,True,12,53,187,483352,1873.65,1902.94,0.015632588797267255,False,2016-01-28 16:30:05.253
2016-02-04,1913.2986,0.006521,0.023151,0.08454263158052996,1.5191065155225651,-0.9230083884048276,0.7871865272448608,0.04388064352444623,-0.3628041037290103,0.0072519704039405945,0.04804703665017562,186,True,12,58,186,498726,1900.59,1927.35,0.014079838365981034,False,2016-02-04 16:32:15.438
2016-02-09,1849.4245,0.005803,0.023822999999999997,0.12269804978915516,0.9593657997976125,-0.842930621427606,0.9407729257883386,0.06790872536410518,-0.6496290725571905,0.009586069863756526,0.04351501364841096,184,True,12,34,184,602791,1834.96,1868.25,0.01814208484108648,False,2016-02-09 16:17:21.125
2016-02-10,1865.7987,0.005803,0.023822999999999997,0.12432721157618104,0.7199060745959426,-0.8988305876314561,0.7062286915889996,0.0569229041954706,-0.31975113512097486,0.005343170778138816,0.03044363286992422,181,True,12,49,181,559132,1850.32,1881.6,0.016905183968178417,False,2016-02-10 16:16:56.962
2016-02-12,1854.8006,0.007696,0.023672,0.10590888742478992,0.9459160054825858,-0.9696323689916454,0.6221617458671506,0.056769178812724766,-0.18672341454453656,0.008316496313358753,0.05574186256391111,183,True,12,53,183,552581,1837.89,1864.78,0.014630908269809284,False,2016-02-12 16:38:08.625
2016-02-24,1908.7889,0.005358000000000001,0.022902999999999996,0.131242250976168,0.6969025294511744,-0.9574089861938456,0.713224164006284,0.04137320687038015,-0.325762594770148,0.007679170336734782,0.0553918887109345,181,True,12,40,181,500181,1891.0,1932.03,0.021697514542569962,False,2016-02-24 16:22:19.120
2016-02-25,1938.5223,0.005306,0.022656,0.06626641573882672,2.779575125347317,-0.9280121374878285,0.8546962211937608,0.03538746594493744,-0.3621206688557607,0.008162545386987893,0.0624722515994356,181,True,12,35,181,413346,1925.46,1951.83,0.013695428624848072,False,2016-02-25 16:36:31.963
2016-02-26,1954.9212,0.005665,0.022706,0.0647308060160214,2.6316594247927334,-0.9753765665582149,0.7468854553942094,0.030463001454816594,-0.21713901202642982,0.0050502904481984105,0.04751646199416871,183,True,12,42,183,530216,1945.84,1962.96,0.008798256793981052,False,2016-02-26 16:24:13.252
2016-02-29,1948.0755,0.005972,0.022900999999999998,0.0669322711211231,2.0556788283799388,-0.9477069423662161,0.6955904413020726,0.033990098055383194,-0.20866355667265463,0.005711634711949833,0.05714206781461242,185,True,12,41,185,514478,1931.81,1958.27,0.013696999187290615,False,2016-02-29 16:19:33.036
2016-03-01,1965.8866,0.005972,0.022900999999999998,0.051360516617960726,5.4516966715382855,-0.9709646315558919,0.8763278755992716,0.0264105080095315,-0.20794663056308582,0.005987313088628827,0.04995174645238169,180,True,12,24,180,769148,1940.75,1978.35,0.019373953368543084,False,2016-03-01 16:20:41.055
2016-03-03,1985.9749,0.006469,0.022365,0.048193331546292274,4.291533622573077,-0.9453528450292191,0.7565583419334078,0.022228435885892076,-0.15873391931957703,0.004558937532101765,0.04262551073102724,183,True,12,36,183,770613,1977.37,1993.66,0.00823821540733416,False,2016-03-03 16:17:52.033
2016-03-08,1985.7319,0.004986,0.022719,0.05424708543095769,4.882667412680428,-0.7539700161520958,1.3320196530645032,0.032583658091734496,-1.2445354036168228,0.004434433038439064,0.03857384493216589,184,True,12,33,184,472602,1977.43,1994.78,0.008774014756527393,False,2016-03-08 16:15:23.707
2016-03-09,1987.1649,0.004986,0.022719,0.0894939490874653,1.292527553002314,-0.9284396750234385,0.7736189973536317,0.030372741451728295,-0.36713956302136797,0.0056143016697852936,0.04587767247671559,185,True,12,46,185,545090,1979.86,1992.68,0.006475205317547861,False,2016-03-09 16:30:19.262
2016-03-31,2063.5134,0.005804,0.021927,0.04360567083094318,3.665129630065008,-0.9467511773040176,0.7382837963794384,0.011832925586427689,-0.22542209159373344,0.0041136882756468394,0.06535961695454426,187,True,12,54,187,596445,2057.46,2067.8,0.005025614106714205,False,2016-03-31 16:21:36.942
2016-04-15,2080.0248,0.0050880000000000005,0.021744,0.07323823253815916,1.49682940703403,-0.906643327143215,0.7176634548203134,0.013595422443729641,-0.29579055402000154,0.0038305371425173987,0.051297323858217336,178,True,12,47,178,514705,2076.31,2083.11,0.0032750408176043244,False,2016-04-15 16:17:50.007
2016-04-18,2088.6876,0.005037000000000001,0.021591,0.05358274453790579,3.3119662225475293,-0.7000424628366727,1.3206392842507597,0.015191704861647894,-1.3891596390644847,0.004175020780929948,0.051582887464529936,186,True,12,36,186,456699,2073.67,2094.66,0.010122150583265377,False,2016-04-18 16:15:06.020
2016-04-19,2098.967,0.005037000000000001,0.021525,0.07481039006041594,1.12082896285891,-0.9186733307745134,0.5752134243257546,0.012747121771912466,-0.16317117971958758,0.003683287500411986,0.05217042618386293,183,True,12,40,183,690108,2091.71,2104.05,0.005899479373335792,False,2016-04-19 16:35:39.601
2016-04-20,2103.9723,0.004986,0.021513,0.05401809310259665,2.5463628013169743,-0.7895596229984968,1.0288273734613527,0.013137690562179165,-0.7833864386343273,0.0046763428908838745,0.06971742325475853,182,True,12,52,182,967644,2096.34,2111.04,0.007012221299979915,False,2016-04-20 16:34:43.336
2016-04-21,2096.1455,0.005241,0.021627999999999998,0.053681416374231176,2.301241168733184,-0.8429922479709202,0.7823397648855985,0.014055700205947931,-0.36498773700867676,0.004229505909846492,0.04960897625948939,185,True,12,42,185,625717,2088.56,2103.73,0.007263377638181412,False,2016-04-21 16:19:10.795
2016-04-22,2087.5455,0.005292,0.021627,0.05202856734127753,2.3585855632106316,-0.9808493803973024,0.5930011462385786,0.012118491433311654,-0.10622270382892937,0.004504253924114058,0.060583691098903325,192,True,12,47,192,479095,2081.22,2094.32,0.0062943850241687915,False,2016-04-22 16:18:45.990
2016-04-25,2082.2181,0.005343,0.021648999999999998,0.08339542816261913,1.1133028988182843,-0.8504911520084881,0.7387510542699531,0.01630706398518229,-0.3600643763416955,0.005623531677605231,0.08060297902784236,187,True,12,46,187,381918,2077.53,2087.92,0.005001131150933924,False,2016-04-25 16:16:41.350
2016-04-26,2090.7659,0.005445,0.021609,0.07322817883145696,1.7544634965543864,-0.7347176413329168,1.019218740701507,0.015523899148348317,-0.7818545080392698,0.004620871512957959,0.059609414763224636,185,True,12,47,185,356075,2085.8,2096.86,0.005302521814172012,False,2016-04-26 16:15:34.361
2016-04-27,2090.183,0.0057020000000000005,0.021575999999999998,0.06084988742251858,1.796428247482452,-0.9041271122144656,0.6908593865452584,0.014978582143282895,-0.2586617787338116,0.00541235748693506,0.0787858188487053,182,True,12,51,182,378566,2082.34,2099.89,0.008428018479210708,False,2016-04-27 16:15:30.538
2016-05-02,2075.114,0.005306999999999999,0.021682999999999997,0.056226229201983835,2.331931919003221,-0.959322048316099,0.7026579181024626,0.0163359834067179,-0.23149667274949282,0.004435441913741858,0.04760922407960727,184,True,12,39,184,330218,2066.13,2083.4,0.008358622158334716,False,2016-05-02 16:17:26.111
2016-05-03,2060.9821,0.005306999999999999,0.021682999999999997,0.05214867899561243,3.0806951559514144,-0.9431169427566742,0.8146855256505371,0.018772438103041984,-0.34240414016239495,0.004502556907362379,0.050386612766851906,183,True,12,38,183,491372,2054.92,2074.78,0.00966460981449413,False,2016-05-03 16:16:06.554
2016-05-04,2050.7202,0.005496999999999999,0.022011,0.0571788210599323,2.7681201773888326,-0.8643243054818212,0.8744864271332267,0.021557181742232534,-0.44817081464962794,0.004294192197069581,0.04296362898024503,181,True,12,35,181,663474,2045.56,2059.08,0.006609437024580167,False,2016-05-04 16:19:17.661
2016-05-05,2053.2017,0.005037000000000001,0.022033999999999998,0.06234873343757334,2.037391382574625,-0.9500704333421163,0.674759628475068,0.019519423295029543,-0.2012430117795032,0.004149659373439267,0.04427763144928919,183,True,12,42,183,493253,2045.78,2060.23,0.007063320591657041,False,2016-05-05 16:19:13.726
2016-05-09,2059.3809,0.005803,0.021960999999999998,0.05413335410518799,2.8228429121102834,-0.9416088597603073,0.7295963888907343,0.01643132469120747,-0.22669098079322747,0.004442732786134464,0.06141145081966002,181,True,12,47,181,376799,2054.31,2064.15,0.004789929465367937,False,2016-05-09 16:16:04.703
2016-05-12,2062.3791,0.007901,0.021936,0.04452667157137601,3.8660583833041935,-0.9954394245463152,0.6932090526132022,0.014983178079849453,-0.1362533668065919,0.006266921232696629,0.07585200926899585,189,True,12,39,189,482213,2053.13,2073.99,0.010160097022594572,False,2016-05-12 16:30:33.934
2016-05-27,2095.4502,0.006827,0.021671,0.03842594415094637,6.057925644008706,-0.8093690191404738,1.0988179664759197,0.007695337676812018,-0.7418378985157467,0.004682476948051884,0.07993440877345823,187,True,12,42,187,530766,2090.96,2099.06,0.0038738187244136135,False,2016-05-27 16:24:26.657
2016-06-01,2093.8079,0.00659,0.021674000000000002,0.04806135864027524,2.9905107967685667,-0.8656805411082807,0.7509850419571871,0.012996461086136417,-0.27652250940121936,0.005215855255820612,0.07157838337974867,183,True,12,37,183,632267,2085.1,2100.97,0.007611145748405379,False,2016-06-01 16:15:14.462
2016-06-06,2108.6714,0.005855,0.021584,0.05197084448263729,2.0913942778619785,-0.9962492383030852,0.5434595289657688,0.010895544863832988,-0.07796520609041044,0.00444208126061184,0.0697729070282991,185,True,12,33,185,712056,2101.56,2113.36,0.005614876567882954,False,2016-06-06 16:17:32.107
2016-06-14,2071.2608,0.005343,0.021978,0.0982940793771635,1.501062748056802,-0.8917940112139144,1.1194792063609342,0.037118476347681804,-0.9581425316593102,0.011062351400844115,0.09294838581964339,182,True,12,38,182,779991,2064.16,2081.3,0.008303619874428403,False,2016-06-14 16:20:38.417
2016-06-15,2080.1918,0.004986,0.022032,0.07839219809205118,2.71302575406666,-0.7833620554557589,1.8467508990541746,0.04243100488709082,-2.9851287784741416,0.005257722409181061,0.05008341852874686,183,True,12,35,183,770007,2069.8,2085.58,0.007623925016909672,False,2016-06-15 16:16:57.686
2016-06-24,2053.4498,0.00468,0.022418,0.06890223288501804,3.809743398686992,-0.8866695986368021,1.9689457763401772,0.057962924928616495,-3.3517478163908407,0.013334934490650305,0.13347755267218128,185,True,12,41,185,897672,2032.57,2085.17,0.025878567527809704,False,2016-06-24 16:37:25.124
2016-06-27,2001.467,0.004425,0.022829000000000002,0.07042697182117943,3.554327869395714,-0.8606315771566279,1.6875215033453124,0.0641848028690226,-2.3470877268504937,0.011579361291566042,0.06657088873729475,184,True,12,38,184,1199252,1991.68,2024.99,0.01672457422879181,False,2016-06-27 16:34:16.601
2016-06-28,2023.7918,0.004374,0.022441,0.10001327306328828,0.9772230412972727,-0.8894292041477094,0.7468676628918451,0.03031366913152924,-0.3623407561275245,0.006498414232789281,0.056747655873328494,184,True,12,41,184,914692,2013.69,2036.09,0.011123857197483211,False,2016-06-28 16:16:24.110
2016-06-29,2063.3125,0.004527,0.02207,0.05375020799140232,2.734870652775866,-0.9435154855912624,0.7533015898644818,0.020524250343716396,-0.27346355245978593,0.003627051511952484,0.03551986279970689,182,True,12,26,182,1017292,2050.44,2073.11,0.011056163555139387,False,2016-06-29 16:28:32.857
2016-07-05,2086.6708,0.006384,0.021730999999999997,0.05229168229786713,3.2663687608265777,-0.9587189269090958,0.8392276339282309,0.017738261414166272,-0.362695186531134,0.0028472552645125706,0.0362214148377013,187,True,12,39,187,727004,2080.87,2093.14,0.0058965721068591215,False,2016-07-05 16:18:52.771
2016-07-06,2088.9281,0.005752,0.021793,0.05058324837854593,3.624808534131789,-0.9404679811777654,0.9031868450723322,0.017513207865178414,-0.4490372962983904,0.005053508236645204,0.0546578679913927,183,True,12,33,183,699587,2074.02,2100.72,0.012873549917551408,False,2016-07-06 16:54:24.994
2016-07-11,2138.9291,0.006109,0.021419,0.06592041878084848,1.433343500195873,-0.8513038324536146,0.6182513739713389,0.010553164309162333,-0.1932615538380101,0.0030677725678766427,0.04948479888029859,183,True,12,29,183,898490,2132.61,2143.16,0.0049469898387419775,False,2016-07-11 16:18:24.971
2016-07-13,2151.2107,0.004934,0.021268,0.08740572446103613,0.8586830900400744,-0.8978902195164941,0.570792289159816,0.011174447547341962,-0.17569620222951532,0.0036467095113547838,0.05305013535701829,183,True,12,49,183,572254,2146.22,2156.39,0.004738563614168134,False,2016-07-13 16:15:12.978
2016-07-15,2161.7735,0.004883,0.021178,0.04654424237039313,2.528794659230073,-0.8640435526547815,0.6815230570641283,0.008686835411829146,-0.2290720142617146,0.003720381771582081,0.054919690423904884,186,True,12,42,186,751155,2155.81,2169.05,0.006141543085893542,False,2016-07-15 16:19:26.310
2016-07-18,2165.7722,0.0050360000000000005,0.021131,0.06854060478390867,1.1196938789576618,-0.9948637586301086,0.4498209633741025,0.008915890315066424,-0.04884990781760812,0.00281240445076139,0.04689139477743708,184,True,12,41,184,627970,2159.63,2168.34,0.004033098262202328,False,2016-07-18 16:19:45.844
2016-07-19,2163.7422,0.004985,0.021166,0.06727142297585637,1.501153756167911,-0.8449913926382782,0.7881664707415356,0.010413739520865727,-0.41923688703523365,0.008476989037915694,0.15485633515321504,186,True,12,47,186,468816,2159.06,2186.449,0.012685613183515132,False,2016-07-19 16:30:21.569
2016-07-21,2168.2099,0.005242,0.021122000000000002,0.071898119053539,1.1525312030779498,-0.8956472847876285,0.5391017500719735,0.00947456965799368,-0.12490104562703064,0.004673751896052704,0.07867539611927238,185,True,12,42,185,562735,2159.75,2174.54,0.006848014816529746,False,2016-07-21 16:15:36.117
2016-07-22,2169.9603,0.005293,0.021026,0.05480766706223845,2.6975376988820927,-0.8188097481995031,1.0874350818084788,0.009719541670581406,-0.8868235609714799,0.0037783358489905205,0.06221923842095876,185,True,12,50,185,499923,2163.25,2175.09,0.005473246272968968,False,2016-07-22 16:16:54.564
2016-07-26,2167.5813,0.0054459999999999995,0.021082999999999998,0.056894015140735346,2.220268564862546,-0.8047170141332776,0.8633889332840038,0.010974852030059504,-0.49280046342571315,0.004475884688317153,0.07228193632686962,190,True,12,39,190,351394,2160.18,2173.53,0.006180040552176358,False,2016-07-26 16:16:30.220
2016-07-27,2167.5159,0.005242,0.021114,0.06121610425416456,2.104222660686818,-0.7616937856994519,0.9946626284283192,0.011600139406776974,-0.7317291168507729,0.008834792460679976,0.18479806772533408,192,True,12,37,192,430644,2159.07,2200.656,0.01926107073879013,False,2016-07-27 16:41:38.663
2016-07-28,2165.5653,0.0050880000000000005,0.021064,0.056328121842527216,2.235211577568788,-0.7945640082803372,0.8658104867269725,0.010881007024117146,-0.4978172587561526,0.0038921821910476466,0.05723388104137149,187,True,12,41,187,593029,2159.74,2172.84,0.006065544926704414,False,2016-07-28 16:26:59.432
2016-07-29,2172.4502,0.004884,0.021031,0.053181325822649464,2.455129963951312,-0.8180127492544863,0.8246835716338425,0.007926207016075666,-0.41896886022306246,0.003516928594140681,0.05932408250580359,188,True,12,37,188,661199,2163.49,2177.09,0.006286139524564582,False,2016-07-29 16:25:39.611
2016-08-02,2155.7562,0.005051,0.021197,0.299817858179365,0.27990623646410245,-0.8181752897346053,0.6733780409130613,0.011908368792477917,-0.2855962093684843,0.004514612746590437,0.058061905812051715,181,True,12,31,181,559554,2147.58,2170.2,0.010532785740228423,False,2016-08-02 16:16:17.262
2016-08-03,2159.4796,0.006520000000000001,0.021145999999999998,0.07435443733834714,1.468300431707166,-0.858048623517647,0.7327394891887071,0.010618893190761322,-0.31855785413005033,0.0038440657518911178,0.06941219149264523,184,True,12,43,184,409246,2152.64,2163.79,0.005179686338635303,False,2016-08-03 16:50:11.715
2016-08-04,2163.9694,0.005139,0.021158,0.05289547943754827,2.707667274198676,-0.7998377373869251,0.99895612313949,0.009670153834064037,-0.7114666187056831,0.0048268046920355665,0.08277399331959867,185,True,12,46,185,424096,2159.07,2168.19,0.004224040906501303,False,2016-08-04 16:16:49.176
2016-08-05,2180.0059,0.005139,0.021158,0.046943684395530254,3.0182499809373504,-0.7956436823374337,0.9377322276038018,0.006486446310663742,-0.595966181622912,0.003667350739659677,0.0722743254159288,184,True,12,36,184,799649,2169.24,2182.87,0.006283306595858518,False,2016-08-05 16:32:38.914
2016-08-08,2181.1129,0.005496,0.021004000000000002,0.07263944527359374,1.3661923858132623,-0.8074334425510241,0.664285561492602,0.006689602988475192,-0.24279639312257562,0.0029338316647658153,0.06955878306644822,182,True,12,30,182,586714,2177.86,2185.43,0.00347588917561259,False,2016-08-08 16:28:39.732
2016-08-09,2184.0326,0.0056489999999999995,0.021002999999999997,0.06555153899578939,1.7832247887638808,-0.7067787717629981,0.9179888899797678,0.006670574755812397,-0.6089173435684586,0.0035818023334542185,0.07559368954937629,184,True,12,28,184,504361,2178.63,2187.66,0.004144806598642248,False,2016-08-09 16:19:23.892
2016-08-10,2177.3644,0.0056489999999999995,0.021002999999999997,0.062456217809223946,2.299509547337751,-0.7219204360904837,1.1637053643681423,0.008417984298967967,-1.0669728367733577,0.003941497493507624,0.06285410740911448,189,True,12,30,189,549845,2172.39,2183.41,0.005072753971432364,False,2016-08-10 16:16:53.228
2016-08-11,2185.0863,0.006416,0.020997,0.04312305772402471,4.731752428859099,-0.7420798334390263,1.510900450251442,0.007039309920575959,-1.8747249043190402,0.003390557304016763,0.0687414156301478,184,True,12,38,184,486801,2178.75,2188.45,0.004452094090648284,False,2016-08-11 16:42:37.168
2016-08-12,2183.1364,0.008366,0.021017,0.038593897683555506,5.927037499176855,-0.7791109584601315,1.4797591223722566,0.0055647782009400504,-1.7321921026242544,0.00336847332859013,0.06730003137118593,185,True,12,39,185,408948,2179.42,2186.26,0.0031384496792725702,False,2016-08-12 16:15:59.554
2016-08-15,2191.7457,0.0053939999999999995,0.020964999999999998,0.04305720886499165,5.382434708840127,-0.7722220358661067,1.6072941422335205,0.0058823710864692345,-2.1198892287367688,0.002731450217764509,0.05435005294083097,184,True,12,40,184,579169,2186.43,2193.81,0.003375365321551582,False,2016-08-15 16:15:04.693
2016-08-16,2181.9928,0.0053939999999999995,0.021105,0.03755150912442797,5.893441807729259,-0.783324112003176,1.2599028518468431,0.0071088055391033906,-1.1447399284573474,0.0035331998562779655,0.06956781625087385,185,True,12,35,185,569931,2178.14,2185.78,0.003507579861717014,False,2016-08-16 16:17:13.082
2016-08-17,2174.0859,0.005753,0.021077,0.04539457924766313,3.875706532421039,-0.8476084509901337,1.0652430519052696,0.00985898701906159,-0.7828706249791078,0.004902949177748044,0.07779079450610324,183,True,12,41,183,632272,2168.5,2208.52,0.01845515333179626,False,2016-08-17 16:21:00.093
2016-08-18,2183.9618,0.005651000000000001,0.021029,0.05026912422414668,3.8723608890477843,-0.7990192959592947,1.3870013088569155,0.007439631981011821,-1.5344522496262565,0.003826341975860368,0.08798897284128893,181,True,12,45,181,455811,2180.47,2187.02,0.003003939517627119,False,2016-08-18 16:16:08.157
2016-08-19,2180.5814,0.005804,0.021071,0.03414577454171227,7.840482996956299,-0.7705507598694844,1.5676191329404738,0.004829031680743961,-1.9219910165366465,0.004059386810306325,0.07920737348114261,182,True,12,28,182,617953,2175.13,2185.0,0.004537659818033779,False,2016-08-19 16:16:45.010
2016-08-22,2180.8884,0.005804,0.021084000000000002,0.05780652697074237,2.5536421979983595,-0.8476251070979283,1.066520204445533,0.008812918291094464,-0.8422309733061057,0.004241497719514608,0.07970835029807347,183,True,12,42,183,484428,2175.97,2185.15,0.0042188081637155594,False,2016-08-22 16:17:22.773
2016-08-23,2190.3153,0.005804,0.021044,0.05083449743919426,2.9876180802281573,-0.8191891584561486,1.0830012504816746,0.007496901069454041,-0.8691435812475734,0.0031346934510894297,0.07122122647244526,185,True,12,40,185,567829,2186.81,2193.42,0.003022667721475525,False,2016-08-23 16:18:14.733
2016-08-24,2181.2346,0.005753,0.021161,0.05021489492523449,4.617824546610293,-0.7494649379465333,1.8779416228610888,0.012458606091934539,-3.062897590091731,0.004539965388656701,0.07795293079742859,184,True,12,32,184,649275,2171.25,2186.65,0.007092688543465897,False,2016-08-24 16:18:36.217
2016-08-25,2173.8505,0.005753,0.021191,0.054461435085791786,3.1545266532327627,-0.8175691706167175,1.3093208241823378,0.013066759984657325,-1.3707209235346438,0.004345369094921675,0.07421330854558957,180,True,12,45,180,460870,2169.74,2178.99,0.004263183607252419,False,2016-08-25 16:16:49.302
2016-08-26,2173.6163,0.006008,0.021227,0.04636521778677372,2.7674952248460762,-0.919077919739685,0.761130218419847,0.010835916793458904,-0.3226881717441546,0.00664923092672498,0.08466061606903368,176,True,12,29,176,572879,2160.4,2187.94,0.012747639326050608,False,2016-08-26 16:19:15.967
2016-08-29,2180.0409,0.0059570000000000005,0.021126999999999996,0.05269379831812321,2.354612602499626,-0.9680351637745852,0.6992432002566841,0.008960336968064607,-0.24079408991835616,0.004419987481569619,0.08233761102437538,180,True,12,40,180,479871,2171.4,2183.48,0.005563231095145893,False,2016-08-29 16:39:49.347
2016-08-30,2175.5942,0.005906,0.021181000000000002,0.0548849634375635,2.61748636663824,-0.8533358238429055,0.9643044962193341,0.010223079879064815,-0.6425618743663023,0.003436848032368684,0.05265738293961811,183,True,12,39,183,621328,2170.43,2182.27,0.00545514022566973,False,2016-08-30 16:15:30.108
2016-08-31,2168.1988,0.005906,0.021254,0.05038952584010251,3.08067125084302,-0.8647340986302264,0.9681909999245851,0.012074128804782914,-0.6269266851365374,0.004780789880025374,0.07775724945594911,185,True,12,49,185,565560,2161.35,2173.71,0.005718648067180254,False,2016-08-31 16:17:35.678
2016-09-02,2179.7298,0.005051,0.021165,0.04410025787076043,3.499819830571975,-0.9519783678776843,0.7850585843034317,0.006846315732225049,-0.307631066729658,0.004282629158524536,0.07678643697254793,179,True,12,40,179,523781,2173.59,2184.86,0.00518497048661426,False,2016-09-02 16:14:56.553
2016-09-06,2182.0601,0.00565,0.02108,0.05066946804027788,2.9060945926807094,-0.8544200402498595,0.8820125761543661,0.008056739703935478,-0.4834456503227424,0.004224344815213185,0.0741172688335891,186,True,12,27,186,647433,2175.11,2186.57,0.005268699054300718,False,2016-09-06 16:18:20.491
2016-09-07,2183.8063,0.00565,0.02108,0.06512409550530567,1.6160271740833305,-0.8921918805914109,0.7009350165405182,0.008351373631281406,-0.2808252813643124,0.003584617863679291,0.0686815191163868,179,True,12,31,179,674234,2179.1,2187.87,0.004024597310816391,False,2016-09-07 16:35:05.489
2016-09-08,2181.1237,0.0053939999999999995,0.021088,0.05034555670977864,3.3562913411476014,-0.8365196015865245,1.127274018518096,0.008813732491793638,-0.9327980007253658,0.0046231712595214474,0.08996866354604666,180,True,12,36,180,594908,2177.49,2184.94,0.0034213704770171827,False,2016-09-08 16:18:24.054
2016-09-09,2147.0274,0.005598,0.02162,0.0888383105876904,1.2552930567658207,-0.9510940062783959,0.8412250400713623,0.019391065701039805,-0.4846233391319987,0.010690907784070603,0.11734216681723005,183,True,12,23,183,818353,2127.81,2168.06,0.018916162627302224,False,2016-09-09 16:34:14.072
2016-09-12,2140.3052,0.008468,0.0213,0.07282965385522114,2.8794011053893693,-0.8232445228994485,1.9074866580457155,0.03200107809949721,-3.2190937789907146,0.010530673263423601,0.09734511496949134,182,True,12,30,182,911501,2119.12,2163.29,0.02084355770319757,False,2016-09-12 16:24:04.452
2016-09-13,2129.8645,0.005699999999999999,0.021633,0.1357094296367579,0.9021243448350222,-0.7912318460920722,1.3284373657589263,0.03272843448876052,-1.519892274146526,0.00819329134994374,0.07712575185747521,182,True,12,26,182,616854,2120.28,2148.08,0.013111475842813025,False,2016-09-13 16:17:31.103
2016-09-14,2130.3981,0.006111,0.021644,0.05138651182900733,4.302608202025096,-0.8549091628812945,1.4935432928735723,0.0334191170414607,-1.7884795131497402,0.004842334122950232,0.04863420853575561,184,True,12,43,184,644743,2119.91,2141.3,0.010090050992731081,False,2016-09-14 16:34:43.828
2016-09-15,2141.0292,0.005958,0.021431,0.062391247054196214,2.75873166548691,-0.8622559584479429,1.3225994567202064,0.02846271005276519,-1.4050279051213292,0.006637933537993815,0.06995009372396507,181,True,12,46,181,650195,2122.36,2151.31,0.013640475696865773,False,2016-09-15 16:33:56.233
2016-09-16,2136.2813,0.006009,0.021513,0.06351589641167268,2.3200941631707273,-0.8863530280211191,0.9968887137582476,0.022399247819734257,-0.6990613865520168,0.005415578632583867,0.06350497264379075,185,True,12,48,185,747068,2131.2,2145.28,0.006606606606606835,False,2016-09-16 16:26:19.153
2016-09-19,2146.9411,0.006059999999999999,0.021496,0.062906457279978,2.2421324023430187,-0.8600246137347629,1.053268932626678,0.021665498739439397,-0.8272862320684504,0.005098676238787734,0.05963642190636632,185,True,12,43,185,438121,2135.98,2153.61,0.008253822601335337,False,2016-09-19 16:15:54.416
2016-09-20,2144.5642,0.006059999999999999,0.02149,0.05873577130565217,2.7329856983253116,-0.8400756175854069,1.2370676831956895,0.025363669292143502,-1.2092884068902436,0.004921456629611954,0.05883412181468175,185,True,12,41,185,459798,2139.17,2150.78,0.005427338640687784,False,2016-09-20 16:23:24.457
2016-09-21,2150.306,0.006008,0.021256,0.04909404157576329,3.784810614188073,-0.8760848075782323,1.2263338871084888,0.020388634219030484,-1.1322715033719368,0.008882378047220287,0.11219861146645187,180,True,12,31,180,814109,2139.58,2165.11,0.01193224838519713,False,2016-09-21 16:20:29.468
2016-09-22,2176.7905,0.005804,0.021174,0.047130095753437774,3.206937516024498,-0.8709932260414872,0.8874539847011053,0.00986585876436227,-0.4852880305508166,0.004068884990038822,0.06595656548772168,185,True,12,28,185,1008228,2171.54,2179.99,0.00389124768597382,False,2016-09-22 16:16:23.964
2016-09-23,2169.6315,0.005752,0.021288,0.04147159246743185,4.848006933620513,-0.8835095903527295,1.060497350567634,0.009188337782942077,-0.7225454949001835,0.0037285179133420433,0.05895104922860315,184,True,12,36,184,590534,2163.97,2173.2,0.00426530866878938,False,2016-09-23 16:20:47.973
2016-09-26,2150.0952,0.005701,0.021472,0.05175457155686006,2.732121161324493,-0.916860583771575,0.8617110130292146,0.01695393127709146,-0.45974634968427514,0.005591050683601085,0.06495447778778063,181,True,12,36,181,503583,2145.08,2157.32,0.005706080892088128,False,2016-09-26 16:24:06.967
2016-09-27,2154.8361,0.005701,0.021339999999999998,0.04851301538233275,3.7301192299311676,-0.8681217131362584,1.140854774803654,0.016051649689143556,-0.9396309540331242,0.00677048204049683,0.07716405522882933,181,True,12,35,181,518844,2141.55,2161.13,0.009142910508743718,False,2016-09-27 16:17:30.131
2016-10-03,2159.3329,0.006622,0.021362000000000003,0.042459305167882204,3.936996254092467,-0.9213604412705653,0.9065961257990452,0.014608280443927186,-0.48759228451919595,0.004699190373044408,0.05713264246507275,183,True,12,27,183,418501,2154.8,2164.37,0.004441247447558805,False,2016-10-03 16:18:55.477
2016-10-05,2160.439,0.004986,0.021402,0.04790962935730662,3.0440016973561432,-0.9397324594292902,0.8039197361320578,0.012175962854266727,-0.3546129559759474,0.0039024582157952286,0.0576821260582187,167,True,11,33,167,412988,2155.97,2163.94,0.0036967119208524135,False,2016-10-05 16:19:40.113
2016-10-06,2158.0828,0.0053939999999999995,0.021349,0.0504960583537191,2.576489720652445,-0.975760093307191,0.7113087433296985,0.011873655953431591,-0.2457549777736283,0.0055151905041457335,0.0786260273225378,186,True,12,38,186,458545,2150.34,2162.93,0.00585488806421286,False,2016-10-06 16:16:37.961
2016-10-10,2166.4334,0.006313999999999999,0.021291,0.030165919265437293,11.685259200612233,-0.8189687307488677,1.532193361547328,0.008461246063819507,-1.6426233258869471,0.0053757053468114924,0.08264057069060796,184,True,12,24,184,521958,2161.03,2169.6,0.0039657015404690465,False,2016-10-10 16:15:36.530
2016-10-24,2151.2061,0.006468000000000001,0.021469000000000002,0.055662260065549474,1.9884946562265753,-0.9600019862190063,0.6904247985445194,0.012167622276191154,-0.2553181890575622,0.00448170219820014,0.06863971724497209,183,True,12,40,183,429485,2146.92,2154.79,0.0036657164682427634,False,2016-10-24 16:16:44.653
2016-10-25,2145.5041,0.0065190000000000005,0.021551,0.05786281352803924,1.8224357145049028,-0.9434425777770545,0.6637536526417576,0.013167047561386038,-0.22966639556480262,0.006278894977558236,0.09494196556882502,184,True,12,40,184,451077,2141.93,2151.44,0.004439921005821912,False,2016-10-25 16:17:46.680
2016-10-27,2137.1066,0.0065190000000000005,0.021658,0.07641171824193445,1.1207055018067118,-0.9050698576284193,0.7267273025016467,0.0181402630677661,-0.3568625061288395,0.009831929003392519,0.7323416457045748,187,True,12,45,187,604281,2132.53,2147.13,0.006846328070414076,False,2016-10-27 16:17:07.553
2016-10-28,2132.0168,0.006417000000000001,0.021686999999999998,0.07369952150451302,1.3893439061934219,-0.8743714948769684,0.9089702541146146,0.022847447812717706,-0.6214389606818547,0.01234061904611968,0.2029455663107013,184,True,12,30,184,615113,2119.4,2140.72,0.010059450787958779,False,2016-10-28 16:24:24.844
2016-11-28,2206.236,0.007697000000000001,0.021116000000000003,0.08026105235311182,1.0385672086742876,-0.8624688138108737,0.5881442680020194,0.010748442514940589,-0.17920068576836673,0.0032964580849250396,0.04709385228049927,181,True,12,43,181,518080,2200.37,2211.13,0.004890086667242333,False,2016-11-28 16:22:14.362
2016-11-29,2205.5428,0.007645,0.021106,0.07008045553250614,1.4776350471374755,-0.7996473831478998,0.8568548666378275,0.012605688661712322,-0.5270935880525482,0.00361604516720258,0.04507895955217355,182,True,12,46,182,522248,2198.15,2210.46,0.005600163774082789,False,2016-11-29 16:15:10.999
2016-11-30,2206.7041,0.0077480000000000005,0.021182,0.16517993736399492,0.4957512305484514,-0.783879764548331,0.757989145453178,0.012092667742739049,-0.4107712302046058,0.00472847777085059,0.05832679218042222,179,True,12,39,179,791399,2198.81,2214.09,0.0069492134381781145,False,2016-11-30 16:16:09.809
2016-12-01,2194.4211,0.0061270000000000005,0.021257,0.0657208813297876,1.6772032133212116,-0.7613088045267057,0.9202782072870895,0.016004135823526,-0.6264574321102958,0.00504877608757915,0.07412627024329119,176,True,12,37,176,577068,2187.44,2202.6,0.0069304758073363,False,2016-12-01 16:37:31.075
2016-12-05,2205.2571,0.00519,0.021131,0.05715299281575919,1.727254456705892,-0.9119799221800073,0.559167382501575,0.009312310070226322,-0.11523263854346297,0.004445612993830437,0.07360039342731053,183,True,12,46,183,633176,2199.97,2209.42,0.004295513120633698,False,2016-12-05 16:14:57.496
2016-12-07,2227.0935,0.004935,0.020781,0.05006280574177909,2.478041614222624,-0.5928002549266466,0.9108603891340099,0.00806706278639609,-0.5815512165876161,0.003477799252746476,0.058809275520348266,182,True,12,20,182,1130188,2208.93,2241.63,0.01480354741888612,False,2016-12-07 16:23:19.259
2016-12-23,2261.0817,0.008517,0.020633,0.04386396134785771,3.002740337948967,-0.8039568603949803,0.6582227909736884,0.005418258222585396,-0.1698330703142985,0.006996854072131489,0.14647880797540078,186,True,12,42,186,235092,2258.97,2263.79,0.002133715808532388,False,2016-12-23 16:14:04.835
2016-12-27,2270.8603,0.008568,0.020587,0.0633153949505704,1.8668104197362465,-0.724508197977735,0.9657669960326064,0.008954146135301636,-0.6963102125789633,0.0068233492079437874,0.15270448908759632,182,True,12,57,182,254072,2266.15,2273.82,0.0033845950179820505,False,2016-12-27 16:14:44.421
2016-12-30,2241.7764,0.008106,0.020872,0.05339439637233323,2.004156536902068,-0.8672448382064716,0.632189272295985,0.012669797986006894,-0.18564181895902362,0.00330622669056826,0.04388168218903368,183,True,12,40,183,557670,2233.63,2253.55,0.008918218326222416,False,2016-12-30 16:34:50.933
2017-01-03,2250.9259,0.009136,0.020697,0.06331711339534336,1.4345923420410311,-0.8952786684451958,0.580194563001384,0.011322037975774486,-0.1549572389421605,0.00335135675344951,0.04337324620757684,182,True,12,30,182,870626,2245.15,2263.88,0.008342427009331299,False,2017-01-03 16:16:07.274
2017-01-04,2268.3199,0.009136,0.020697,0.04989961304433806,1.9508949016800887,-0.8046240573256005,0.6510470710038234,0.008651955701339255,-0.22916448729464076,0.004081195806760818,0.06820991257798426,185,True,12,43,185,682142,2261.66,2272.78,0.00491674256961705,False,2017-01-04 16:19:16.030
2017-01-05,2267.0926,0.01073,0.020621,0.04458785901656177,2.2646706580313625,-0.8200194160736592,0.6299208771534364,0.007577228690739093,-0.19484667943526152,0.00381489576962966,0.06946699878583466,185,True,12,43,185,618937,2260.45,2271.45,0.004866287686080106,False,2017-01-05 16:22:45.328
2017-01-12,2263.2286,0.016071,0.020630000000000003,0.028768829831571235,8.677095498029837,-0.5734615642560891,1.5332276289074789,0.007203728255230326,-1.8515271944150236,0.005713544047268723,0.10538560180311786,181,True,12,26,181,736818,2254.25,2271.77,0.007771986248197749,False,2017-01-12 16:14:57.819
2017-01-13,2275.809,0.007954,0.020592000000000003,0.035759422243358666,5.599726366712425,-0.6676960955402408,1.2799813979631758,0.004324746519969673,-1.2378664199426892,0.004478632062966979,0.10061165691965508,183,True,12,35,183,648108,2271.56,2278.68,0.0031344098328900394,False,2017-01-13 16:18:02.582
2017-01-17,2268.5981,0.0078000000000000005,0.020653,0.05005456032478916,2.1915978047255673,-0.8387114837175007,0.6883375105916388,0.00731638048220089,-0.2544095994388717,0.0043814452630546365,0.08936846955688915,183,True,12,41,183,697841,2262.81,2272.07,0.004092256972525465,False,2017-01-17 16:24:29.209
2017-01-18,2268.6259,0.008056,0.02062,0.04715548299911004,3.327395969608168,-0.7101024201358619,1.2474056971406904,0.008164831439408202,-1.2422110451067212,0.0033516231861872993,0.06270660602894214,180,True,12,38,180,861760,2263.35,2272.01,0.0038261868469304794,False,2017-01-18 16:22:02.329
2017-01-19,2266.2256,0.008005,0.020695,0.04930591479606183,2.650250551369294,-0.765591334845516,1.044723593695591,0.008768132625056265,-0.8301013314761697,0.004130387734194915,0.08147256731023306,184,True,12,42,184,542435,2258.43,2274.32,0.007035861195609394,False,2017-01-19 16:16:18.448
2017-01-23,2262.4394,0.007645,0.02069,0.04818377953558826,2.2969040641120437,-0.7712924553025302,0.8328160113917629,0.008311446689766001,-0.4722354707513421,0.004048749978279272,0.06867665515768846,186,True,12,30,186,700665,2257.03,2271.76,0.006526275680872606,False,2017-01-23 16:15:32.958
2017-01-24,2275.2781,0.007799,0.020555,0.04362107281108067,1.9622215641272578,-0.7928148135878668,0.5993057668523835,0.006898263430488075,-0.187978982741988,0.0027668602858934616,0.053289142193930716,182,True,12,29,182,536804,2266.7,2284.53,0.007866060793223717,False,2017-01-24 16:36:47.494
2017-01-25,2295.0353,0.007850000000000001,0.020391,0.04323853689342419,2.29129949515313,-0.48471766582977105,0.9540896763007873,0.007016325444709434,-0.7121422349136155,0.003140730085739289,0.058287430228677724,181,True,12,24,181,1068095,2288.98,2299.55,0.004617777350610419,False,2017-01-25 16:16:34.657
2017-01-26,2297.6843,0.007850000000000001,0.020406,0.0838669621260615,0.6974946900469403,-0.7838212146539673,0.45476156889216907,0.006749730943443768,-0.08981456303467554,0.004756085612567415,0.10058290805124435,189,True,12,42,189,495650,2294.11,2300.97,0.0029902663778109684,False,2017-01-26 16:17:41.877
2017-01-27,2293.8007,0.007850000000000001,0.020385,0.04706465615190831,2.268796868099299,-0.7240477519045079,0.8817016329656369,0.006133452239145827,-0.5638374806230306,0.0038312037797827853,0.07930952728316848,187,True,12,43,187,751732,2291.62,2298.98,0.0032117017655632907,False,2017-01-27 16:16:06.948
2017-01-30,2274.6921,0.007747,0.02051,0.04792015529233589,2.3761466683401453,-0.6918238660237074,0.9232716536605268,0.009253428363972636,-0.624699911764591,0.004096952667013921,0.06976762181415411,181,True,12,33,181,680385,2268.06,2285.31,0.007605618898970823,False,2017-01-30 16:19:48.679
2017-01-31,2272.4156,0.007593,0.02053,0.04067764486375143,3.4063895096517878,-0.7131286201270439,1.0972918660837014,0.01015761655445709,-0.9269216338910042,0.0035940903704571045,0.07011985936269215,186,True,12,30,186,594286,2267.21,2278.99,0.005195813356504209,False,2017-01-31 16:20:05.540
2017-02-01,2279.3385,0.008106,0.020527000000000004,0.04876398530647907,2.9865595764457025,-0.6673780247389915,1.378852411974737,0.00939909548251435,-1.6099608794031046,0.0034031093584430813,0.06042714070024423,181,True,12,36,181,538218,2272.44,2289.14,0.007348928904613361,False,2017-02-01 16:22:31.396
2017-02-02,2278.4458,0.008109,0.020541,0.04598409011998225,2.555892535305511,-0.7512589695443663,0.9406779240350369,0.008273913939119347,-0.6498141714059096,0.0036173656246228122,0.07188593776951999,184,True,12,42,184,549420,2271.88,2283.78,0.005237952708769811,False,2017-02-02 16:16:03.127
2017-02-03,2295.0884,0.009599,0.020398999999999997,0.02882730575563715,6.3560884635349595,-0.5763912918527512,1.2710659512174112,0.004557584969197519,-1.2491508412478218,0.0035002809614725645,0.06635224400191503,181,True,12,25,181,665514,2287.9,2298.31,0.004550024039512213,False,2017-02-03 16:15:49.554
2017-02-06,2292.5056,0.011501999999999998,0.020442000000000002,0.030422019467908817,6.80699769111566,-0.6028567956401145,1.514941362445248,0.005396916823975759,-1.880882099093202,0.003597605627181316,0.07775504871323746,192,True,12,30,192,817800,2288.62,2296.18,0.0033033006790117447,False,2017-02-06 16:36:55.520
2017-02-07,2295.0365,0.011501999999999998,0.020442000000000002,0.033345242355571784,5.404300994793173,-0.5996776875321158,1.3828689240995882,0.005532539390086234,-1.5519110083726804,0.004429479271430455,0.09353769270598591,183,True,12,37,183,511499,2290.17,2299.36,0.004012802543042593,False,2017-02-07 16:17:28.091
2017-02-08,2292.0706,0.012119,0.020455,0.033431719306092275,5.034224624059151,-0.7312757824078276,1.0760323555425304,0.005058886255858356,-0.8212400610636799,0.004048071173406075,0.08632890107293396,185,True,12,36,185,654132,2285.44,2295.87,0.004563672640716776,False,2017-02-08 16:17:11.272
2017-02-09,2306.9074,0.012119,0.020455,0.03392871126178397,6.7423975848122035,-0.5819443372483881,1.8604225984352236,0.0045504444250576,-3.0036505230339836,0.004917851136485816,0.10954161412014699,186,True,12,37,186,809814,2296.92,2311.06,0.006156069867474745,False,2017-02-09 16:20:04.069
2017-02-14,2330.8715,0.00821,0.020122,0.03148479087151136,3.7743991919566966,-0.4738401637966221,0.9028700240901941,0.005145144227187723,-0.5775019419519115,0.004345637382279192,0.08188638618649001,180,True,12,28,180,862679,2322.17,2337.58,0.006636034398859625,False,2017-02-14 16:20:27.073
2017-02-21,2362.5096,0.007953,0.019874,0.04026422022863181,2.039356072170278,-0.6654850007258264,0.6836120345081488,0.008115869574035376,-0.3030992496954472,0.003058684431110799,0.051028754213060794,192,True,12,31,192,1020404,2355.75,2366.7,0.004648201209805691,False,2017-02-21 16:18:58.538
2017-02-23,2362.4613,0.007799,0.019905,0.033536570909148154,4.254533468399297,-0.6007436366404905,1.08710831955442,0.008110424080504209,-0.8964395717478009,0.0045710551436236755,0.07288529870395367,188,True,12,34,188,691410,2355.14,2368.26,0.005570794092920384,False,2017-02-23 16:18:50.038
2017-02-24,2359.0244,0.007747,0.019903999999999998,0.03501936703806136,6.189279011210434,-0.7333774919408187,1.4897891440524915,0.007553183381347187,-1.7859824269475597,0.004892738250686275,0.08150368871003502,182,True,12,42,182,649122,2352.9,2367.34,0.006137107399379449,False,2017-02-24 16:17:14.342
2017-02-27,2368.1296,0.007747,0.019894000000000002,0.038481888070870246,4.085641674160264,-0.728910092436082,1.184772031162378,0.00859511524363471,-1.0892383546191904,0.005108690769296166,0.09481941068414985,183,True,12,46,183,664223,2361.87,2371.52,0.004085745616820624,False,2017-02-27 16:14:58.159
2017-02-28,2364.5979,0.008208,0.019894000000000002,0.036838548530161726,2.820835855143571,-0.8664435810733747,0.5727394404314908,0.009051025599981173,-0.12019946953512387,0.005241033019147219,0.08181809157723732,185,True,12,42,185,674686,2358.96,2367.79,0.003743174958456219,False,2017-02-28 16:44:02.823
2017-03-01,2393.446,0.00826,0.019497,0.03791134274705902,2.345397651913444,-0.4921538469853966,0.7225997281960523,0.009915817879754157,-0.34431601866933276,0.004790824310725455,0.06647518098906689,183,True,12,22,183,1359757,2381.69,2400.98,0.008099290839697737,False,2017-03-01 16:16:43.594
2017-03-07,2370.3323,0.012428999999999999,0.019636,0.03534970973142146,2.8553951494152994,-0.7799106156630539,0.5711273397183506,0.006517545125066102,-0.12431165877308098,0.004453340698161182,0.0846286481732948,181,True,12,38,181,510431,2365.51,2375.07,0.0040414117885783085,False,2017-03-07 16:16:23.506
2017-03-08,2367.529,0.012105999999999999,0.019687,0.03654629260826405,4.231684325191756,-0.5665577284938118,1.300466517282136,0.007796432236313947,-1.3819084154234034,0.003970954259667986,0.0654185492435621,190,True,12,36,190,714924,2361.06,2373.07,0.005086698347352536,False,2017-03-08 16:21:19.017
2017-03-09,2364.0632,0.012105999999999999,0.019687,0.03653206896107964,3.1497859151847765,-0.7316525646907471,0.7678086688538348,0.008182846062517376,-0.3593937594347626,0.0046394693248988,0.08183761188389249,181,True,12,44,181,564490,2354.56,2369.08,0.00616675727099758,False,2017-03-09 16:22:32.224
2017-03-13,2371.4501,0.010471,0.019609,0.0409412747728365,2.8244705632585525,-0.7711266712439135,0.7923526376837311,0.0073434660649481535,-0.3965478516080526,0.003286250266724828,0.0666163840744975,182,True,12,34,182,657255,2368.52,2374.42,0.002491007042372484,False,2017-03-13 16:15:50.572
2017-03-14,2363.2901,0.010367999999999999,0.019683,0.03544546634617715,3.309165916085042,-0.7545363272749938,0.78872953251596,0.009296050797304426,-0.38750441723782714,0.0043249775021785815,0.0689046660558189,183,True,12,36,183,468150,2358.18,2368.23,0.004261761188713464,False,2017-03-14 16:15:39.260
2017-03-15,2378.6792,0.010008,0.019509000000000002,0.033731184775577974,4.178372608706692,-0.6541332112057755,1.0846780933711326,0.007869681719427759,-0.894643649188237,0.004259261823487511,0.08777632355087635,181,True,12,27,181,659426,2369.03,2390.01,0.008855945260296316,False,2017-03-15 16:43:52.692
2017-03-17,2381.4833,0.009800999999999999,0.019572,0.02815161598190795,5.14915639294257,-0.7316797688606154,0.8767196765702358,0.0041089563171095595,-0.4787232444756077,0.003549753565564544,0.09055100763193119,181,True,12,35,181,757127,2377.64,2385.7,0.0033899160512105286,False,2017-03-17 16:32:42.674
2017-03-20,2375.5498,0.009800999999999999,0.019577999999999998,0.03508772098981658,3.2902622495542113,-0.7351502815110262,0.8492567252381062,0.006098325264706232,-0.49034137777078346,0.0038025241958287337,0.07189725067766166,182,True,12,38,182,606507,2369.66,2379.51,0.004156714465366473,False,2017-03-20 16:19:31.310
2017-03-21,2355.0221,0.009698,0.019826,0.04004712760431987,3.8472832838805937,-0.6081916213688524,1.5130232864446138,0.012048959812449666,-1.9810941761245942,0.007173296896253754,0.14850595184857623,181,True,12,23,181,736289,2341.92,2381.93,0.017084272733483452,False,2017-03-21 16:32:00.590
2017-03-22,2345.1629,0.009647,0.019792,0.047653944355655016,3.4036029009400113,-0.636037042004107,1.8524606481800032,0.016901588402198353,-3.1072202465551952,0.004289312776804189,0.05522985546665416,182,True,12,37,182,1007327,2336.46,2351.81,0.006569767939532456,False,2017-03-22 16:25:12.111
2017-03-23,2351.3488,0.009595,0.019814000000000002,0.055023500657133684,1.7917683036951864,-0.6663842631302128,1.1861959517875016,0.015772154437746363,-1.2098821071654502,0.004557828848804197,0.06491690678988785,181,True,12,42,181,619939,2342.13,2358.9,0.00716014909505458,False,2017-03-23 16:28:00.669
2017-03-24,2349.4473,0.009646,0.01983,0.0573709367474279,1.3330728223770385,-0.747511107679924,0.8052026219769265,0.01366519256979248,-0.4953919892939006,0.0054580660984205,0.07705719276330261,182,True,12,30,182,486173,2335.81,2356.22,0.008737868234145685,False,2017-03-24 16:17:30.836
2017-03-27,2335.6475,0.009748,0.01985,0.03517110377281734,4.136569115240243,-0.7342843706405795,1.2397424204367307,0.015685929005314483,-1.2459858657992318,0.0062654609291320305,0.07870652664901105,182,True,12,33,182,741684,2322.51,2344.88,0.009631820745658715,False,2017-03-27 16:39:40.017
2017-03-28,2350.9933,0.010107999999999999,0.019709,0.03805588612477371,1.9379030777436261,-0.8265859513936479,0.5303807989744056,0.008424520217407654,-0.133806554225809,0.0033615308101669216,0.04986868952769171,183,True,12,41,183,729899,2337.63,2363.78,0.011186543636075852,False,2017-03-28 16:19:17.481
2017-03-29,2359.8072,0.010319,0.019698,0.03382050184197948,2.3181557998258504,-0.8321183153115682,0.5008512260251207,0.006924497274276559,-0.09404956561485533,0.003631339887898569,0.07019768411704587,183,True,12,40,183,530479,2352.97,2363.35,0.0044114459597870415,False,2017-03-29 16:18:48.843
2017-03-31,2367.1492,0.010164,0.019688,0.025096814299710436,5.733514515442136,-0.7442462324687918,0.7841207448937921,0.005420787889589133,-0.3270594444153044,0.004565021558672289,0.07681011277024129,183,True,12,39,183,720976,2362.62,2370.34,0.00326755889647945,False,2017-03-31 16:16:25.995
2017-04-04,2356.8829,0.010215,0.019728000000000002,0.027814117263556946,3.573127853015156,-0.8692368332433058,0.5587515442526195,0.0072835990909521885,-0.11343649400179698,0.0052767283925205365,0.09560507846085799,182,True,12,39,182,421453,2350.72,2360.39,0.004113633269806627,False,2017-04-04 16:40:28.074
2017-04-05,2370.2474,0.010934999999999999,0.019785,0.02962713144355576,3.586601150105338,-0.7401374739512316,0.8321902444078815,0.007768391467914048,-0.4800191954680913,0.004626629806029322,0.07892937734485088,184,True,12,41,184,749093,2350.64,2378.36,0.011792533097369384,False,2017-04-05 16:19:21.923
2017-04-06,2357.4098,0.010934999999999999,0.019785,0.027763496743550005,3.436258956926403,-0.8478902645948468,0.5945864788947696,0.008604495589739873,-0.16272795216323882,0.004785843847873645,0.08514215770868132,188,True,12,37,188,397846,2348.9,2364.01,0.00643279833113386,False,2017-04-06 16:36:12.895
2017-04-17,2340.2771,0.010161,0.019851,0.03367040598693323,3.9359560295676776,-0.8639355720108112,1.0824571804838132,0.01888728697683646,-0.9066630726564436,0.0059583181644905165,0.07390487649707882,184,True,12,29,184,627284,2332.51,2349.14,0.007129658608108658,False,2017-04-17 16:17:10.604
2017-04-18,2341.9023,0.010006999999999999,0.019909,0.0340687260632136,5.4079505827320276,-0.7566504876062612,1.805306943948499,0.02381639257529542,-2.8906491879356815,0.0054513788592411684,0.07007367013164639,183,True,12,35,183,514265,2334.54,2348.26,0.005876960771715289,False,2017-04-18 16:21:05.927
2017-04-21,2351.1669,0.009749,0.01986,0.03911018476172129,3.7880621057333803,-0.779486070937281,1.7026031245240445,0.02287629236672476,-2.6025537819508235,0.005190876646777784,0.0634987016559114,182,True,12,36,182,564770,2344.52,2356.18,0.00497329943869107,False,2017-04-21 16:32:13.583
2017-04-24,2373.0086,0.010057,0.019652,0.04899938000929881,1.126984467363958,-0.8126025249915514,0.5073157022228778,0.0072296848496070385,-0.14692614136000406,0.003754245629799836,0.06851681465161705,181,True,12,38,181,975267,2369.19,2376.98,0.0032880435929578677,False,2017-04-24 16:17:42.884
2017-04-25,2388.8309,0.010262,0.019532,0.08988626600769213,0.48030778322978407,-0.7142674515797861,0.45432892799243907,0.006494746925561982,-0.12006862847284427,0.003575322452441724,0.07766740364789718,183,True,12,34,183,1146910,2381.15,2392.48,0.004758205068979171,False,2017-04-25 16:20:43.029
2017-04-26,2392.5369,0.010628,0.019542,0.07663847097750295,0.46271695983816763,-0.89791451787735,0.296441514944845,0.006461823698675568,-0.016953731188083146,0.0034868045356766125,0.07087443507741026,190,True,12,38,190,615814,2386.76,2398.16,0.0047763495282306945,False,2017-04-26 16:18:55.085
2017-04-27,2387.8665,0.010525,0.019557,0.04235332629192978,1.5954055549527548,-0.7580528433374273,0.6220057702915042,0.006562061281496801,-0.2517497142021848,0.003663292341747853,0.08516174952863222,183,True,12,48,183,567243,2382.69,2392.1,0.003949317787878437,False,2017-04-27 16:15:17.664
2017-04-28,2385.2188,0.010576,0.019595,0.04115199048431303,2.1069527349134947,-0.7231513658402984,0.8950320012840532,0.0069246772745984115,-0.6276716855264226,0.003181755382239282,0.0782387967864495,186,True,12,44,186,638742,2382.36,2392.56,0.004281468795647836,False,2017-04-28 16:28:03.100
2017-05-01,2390.3828,0.008212,0.019562,0.03545487161139803,2.5481628979735027,-0.6978533021785653,0.8799262184579398,0.006674650212866513,-0.593580573144533,0.0031262615512116666,0.06845873388562387,184,True,12,34,184,612313,2384.83,2394.49,0.004050603187648605,False,2017-05-01 16:15:16.396
2017-05-02,2388.4688,0.008212,0.019562,0.044954543840303195,1.6581546591694196,-0.7005903009999754,0.7856299695257444,0.006836185603381944,-0.4681312763777527,0.0032307912650702602,0.07852577887763014,183,True,12,38,183,648247,2385.85,2392.93,0.002967495861013969,False,2017-05-02 16:36:17.193
2017-05-03,2384.1671,0.008212,0.019562,0.03935819416017862,2.293293379040185,-0.6949250100234651,0.8965283949578887,0.007599234502017276,-0.6232433908087367,0.003408787213249952,0.07384517018301293,184,True,12,34,184,712093,2379.75,2389.81,0.0042273348040759995,False,2017-05-03 16:18:58.899
2017-05-04,2387.6821,0.010163,0.019561,0.044012460078292966,1.7510760998688888,-0.7313901391209353,0.767938206559738,0.007239677855735086,-0.435590755215122,0.003469885996975727,0.08392624971270503,187,True,12,43,187,380204,2380.38,2391.36,0.004612708895218365,False,2017-05-04 16:16:21.326
2017-05-05,2393.3023,0.010934999999999999,0.019481,0.032766463529490406,3.47379026319273,-0.6566728442361366,1.1373726341142278,0.0062404865979838915,-1.0659688648959302,0.00324482554623057,0.06656203520887896,184,True,12,32,184,535545,2389.38,2399.29,0.004147519440189429,False,2017-05-05 16:29:06.024
2017-05-08,2396.8365,0.010934999999999999,0.019481,0.03563564962365276,2.1563200382089898,-0.7028251105376442,0.6404330116045903,0.004819448150156188,-0.25647071163677115,0.0038981810408963784,0.09189245110486786,183,True,12,38,183,684588,2393.94,2401.34,0.003091138457939735,False,2017-05-08 16:19:59.367
2017-05-09,2399.5441,0.012092,0.019666,0.03826509484814797,2.458683400812424,-0.5684186589664878,1.0300001975600004,0.005261663445026645,-0.8727368999063311,0.00390092127256052,0.08737734268831583,181,True,12,32,181,736269,2392.46,2403.79,0.004735711359855621,False,2017-05-09 16:16:41.584
2017-05-10,2397.2016,0.01333,0.019667,0.0339795545220833,3.249670333370294,-0.6543614088535524,1.0641985618746868,0.005296093860111255,-0.9116738785530463,0.0033244187906570945,0.0796422664811155,188,True,12,38,188,544508,2392.79,2399.74,0.0029045591130019144,False,2017-05-10 16:20:16.374
2017-05-11,2389.8884,0.01333,0.019667,0.031469348113979105,4.786790546588347,-0.698333513603176,1.3686455129251116,0.006792986551554356,-1.571916183931456,0.003810668062431344,0.09077967635255976,182,True,12,37,182,705562,2381.74,2395.72,0.005869658317028792,False,2017-05-11 16:22:09.471
2017-05-12,2389.7312,0.016563,0.019761,0.029922714489128744,4.443031716053746,-0.7289364027226071,1.0757611874015311,0.004989001309236819,-0.8913669933083124,0.003185804185779654,0.06665461194508644,183,True,12,37,183,459320,2387.22,2392.31,0.0021321872303350364,False,2017-05-12 16:15:02.157
2017-05-15,2401.4728,0.011035999999999999,0.01968,0.027997420365171725,5.687373300982688,-0.6870164147061791,1.3013069995765794,0.004274710891776518,-1.3749363449844663,0.0031860197068557263,0.08392559563268803,181,True,12,34,181,613878,2394.44,2404.01,0.0039967591587177775,False,2017-05-15 16:16:17.830
2017-05-16,2400.0585,0.010984,0.019719,0.029969353311562422,4.396035406953546,-0.6917295007803508,1.0942615030061273,0.004123146561321024,-0.9339155603989711,0.0029849576211900034,0.07287279754481624,181,True,12,31,181,625938,2396.05,2405.77,0.004056676613593213,False,2017-05-16 16:19:28.743
2017-05-19,2382.6776,0.01088,0.019898,0.02551002698355097,8.034933020473588,-0.8125985138216594,1.2664331376109375,0.006220363016044939,-1.1939101757124717,0.004008094940519937,0.07209197299758147,187,True,12,33,187,630185,2371.04,2389.06,0.007600040488561888,False,2017-05-19 16:45:24.102
2017-05-22,2391.7152,0.010983,0.019798,0.027646537184913413,6.355319339566453,-0.7525007561189077,1.2602287746929117,0.005217504736987876,-1.236771419677351,0.0035637799608244066,0.07251052969573282,186,True,12,33,186,517892,2386.92,2395.46,0.003577832520570423,False,2017-05-22 16:16:46.130
2017-05-23,2397.4856,0.011240000000000002,0.019763,0.03296390719510718,3.8809542791109743,-0.7252132078962833,1.0888021414382547,0.005384256418399835,-0.9296272698303927,0.0033519731759932103,0.08501618084708194,191,True,12,39,191,642136,2393.91,2400.84,0.002894845670889934,False,2017-05-23 16:17:10.186
2017-05-24,2401.0217,0.011504,0.019718,0.03428712415599819,2.976495145456852,-0.7341355061236695,0.8821420026197361,0.005267778515561567,-0.5740635955819486,0.0032158915062629693,0.073983553558891,181,True,12,33,181,588745,2397.99,2405.57,0.003160980654631773,False,2017-05-24 16:15:39.435
2017-05-25,2414.8849,0.011504,0.019639,0.03552106523581348,2.9364021946985726,-0.6299679470566514,1.0378431092174365,0.005044389276838175,-0.8685100515171682,0.0034184915708151448,0.08808613817631493,184,True,12,29,184,902979,2408.01,2418.71,0.004443503141598137,False,2017-05-25 16:33:45.314
2017-05-26,2414.8751,0.011452,0.019643,0.033381314429452996,2.9138174145532822,-0.7742667721419444,0.7790306900280494,0.00371668494511184,-0.41235470539514096,0.003403547619129081,0.10099178244674908,183,True,12,36,183,468124,2412.23,2416.68,0.0018447660463554172,False,2017-05-26 16:16:26.923
2017-05-30,2413.2815,0.011451,0.019683,0.040355819651358725,2.0462456835826406,-0.7675431281496703,0.7026430022110819,0.005208987430669779,-0.3285513450181379,0.0041580253313839915,0.10955423110942743,184,True,12,36,184,554172,2409.45,2415.26,0.0024113386872524067,False,2017-05-30 16:20:35.114
2017-05-31,2408.5726,0.011503000000000001,0.019712,0.0521920291935759,1.4794877340636128,-0.769499616074569,0.7479480881420566,0.00651065300326698,-0.40499140853978655,0.0030356965851118245,0.07369213028500982,178,True,12,38,178,666115,2403.59,2415.99,0.005158949737683827,False,2017-05-31 16:22:25.506
2017-06-01,2421.0713,0.008314,0.019572,0.05366649561544143,1.5201124727857531,-0.6919801920384164,0.8513098044127505,0.005498930734467516,-0.5615701643778066,0.0039255900247577155,0.1058601068465308,182,True,12,26,182,909549,2413.55,2430.06,0.006840546083569654,False,2017-06-01 16:17:00.308
2017-06-02,2435.8269,0.007801,0.019488000000000002,0.06110982640849495,1.2282234821064983,-0.6202367579097586,0.8522940642938125,0.005356222575765096,-0.5762921244657347,0.00426226440436294,0.11975436515134531,182,True,12,24,182,1043889,2427.72,2440.23,0.0051529830458207915,False,2017-06-02 16:23:51.150
2017-06-05,2437.5723,0.007801,0.019488000000000002,0.12568306187673006,0.496126873442098,-0.6668006113472766,0.8049985562085346,0.006181686445066236,-0.5233131864307615,0.00411366409942747,0.11715337806869094,191,True,12,32,191,610408,2434.32,2439.5,0.002127904301817196,False,2017-06-05 16:22:02.825
2017-06-06,2432.3002,0.011449,0.01957,0.06478053608408847,1.3009422213695263,-0.6493467028192685,1.098508574336325,0.008221596857861906,-1.0381696188609397,0.0034701536431916593,0.08025370032821556,190,True,12,35,190,483795,2428.12,2436.18,0.0033194405548324646,False,2017-06-06 16:35:19.701
2017-06-07,2431.2597,0.012171000000000001,0.019534,0.1347736667970815,0.45131077513859813,-0.7373613601191482,0.7215796005599409,0.0072434939765675275,-0.3990275038833198,0.0035963040335111668,0.0843587505151582,183,True,12,44,183,583001,2424.75,2435.22,0.004317970924837544,False,2017-06-07 16:19:37.054
2017-06-08,2433.7946,0.012171000000000001,0.019534,0.1473611623034127,0.4808041352296027,-0.6281104989041939,0.9530699187988217,0.006730520856118113,-0.7666385577037498,0.003638385697962414,0.08390315552844486,181,True,12,31,181,496472,2428.09,2439.27,0.004604442174713341,False,2017-06-08 16:14:56.676
2017-06-09,2438.8209,0.012272,0.019552,0.06431489149090226,1.3884384234631286,-0.6139867939984371,1.1007705733747828,0.006059050018288691,-1.033101322114187,0.005103214137573575,0.10061984778880274,182,True,12,20,182,676205,2415.7,2446.19,0.012621600364283836,False,2017-06-09 16:21:48.053
2017-06-12,2424.6743,0.01663,0.019575,0.09779128194991224,1.024845203197643,-0.7308212997668786,1.429768708017923,0.01093048571499988,-1.8437967059854092,0.0033414432496205893,0.05933726138170881,180,True,12,28,180,395187,2419.97,2430.37,0.004297573936866916,False,2017-06-12 16:20:11.837
2017-06-13,2437.0483,0.012015,0.019498,0.05950509239326537,1.359003761696185,-0.7615936328480252,0.8959860055388484,0.006104770059872039,-0.6410556333164079,0.0027277792148930197,0.07775124847418131,183,True,12,38,183,729700,2431.35,2441.48,0.004166409607831101,False,2017-06-13 16:34:15.410
2017-06-14,2437.5156,0.011859999999999999,0.019523,0.05506360237209151,1.648501463881061,-0.7244742856486236,1.0246456390019762,0.006405360079923962,-0.8683538272918532,0.0029230865365899856,0.0775686865753164,191,True,12,38,191,702493,2428.34,2443.5,0.006242947857383996,False,2017-06-14 16:23:40.990
2017-06-15,2426.7393,0.011961999999999999,0.019591,0.06231498197792156,1.4933054250446334,-0.7670537113083706,1.0857097928823105,0.008415762480443244,-0.992655153062172,0.0036532294388318797,0.07368958283006329,185,True,12,41,185,733127,2418.58,2433.94,0.006350833960423019,False,2017-06-15 16:20:43.555
2017-06-16,2428.8716,0.011859,0.019586,0.04590064844297152,2.0573102707857505,-0.8026819038396692,0.871192856352895,0.005399062567080376,-0.5701132420054134,0.003171057427754457,0.07250489879810369,181,True,12,43,181,560164,2422.88,2433.15,0.004238757181536101,False,2017-06-16 16:22:19.389
2017-06-19,2449.5126,0.012013000000000001,0.019448,0.04185209021777754,2.0963505740933774,-0.741018537529921,0.8883705899020331,0.004746298859051567,-0.6137289982927947,0.002428021634700125,0.06485121608394769,181,True,12,37,181,627116,2441.8,2453.8,0.004914407404373877,False,2017-06-19 16:20:53.427
2017-06-20,2444.4324,0.012063999999999998,0.01958,0.04495008530876957,1.662325215578675,-0.7011228142191818,0.7481266451914595,0.005602355390119604,-0.41025015674306753,0.002809137122691949,0.059829895655573756,182,True,12,27,182,682762,2436.6,2449.1,0.0051300993187228805,False,2017-06-20 16:17:34.821
2017-06-21,2437.1921,0.012124,0.019594,0.04913669956699631,1.561480895553524,-0.7651708191446924,0.7920006227825069,0.006458674663174644,-0.4738129511990432,0.0028765404898630532,0.06156054943999758,186,True,12,27,186,649379,2430.74,2442.23,0.0047269555773139516,False,2017-06-21 16:20:48.080
2017-06-22,2436.7208,0.012072000000000001,0.019603,0.03777710785992119,2.5010382875368267,-0.7622754154851231,0.9270668987221923,0.0058886824794319,-0.670489048406241,0.003379012046662033,0.07403207952261129,185,True,12,39,185,566890,2433.27,2441.62,0.003431596164831685,False,2017-06-22 16:38:19.083
2017-06-23,2437.6445,0.012019,0.019572,0.03152457080955621,3.8032527500962057,-0.750740469551419,1.093301204705668,0.004541217802420266,-0.9555157029567707,0.0033515439607584786,0.1013892451003608,171,True,11,39,171,433872,2431.11,2441.4,0.004232634475609842,False,2017-06-23 16:16:05.100
2017-06-26,2442.6199,0.011967,0.019568000000000002,0.04488186886984964,1.9673604904716875,-0.7575444175798942,0.886976282790887,0.00462222578952286,-0.6101292951273929,0.0028711240435889927,0.07747453850363145,184,True,12,40,184,555389,2437.05,2450.41,0.005482037709525711,False,2017-06-26 16:25:26.829
2017-06-27,2432.3658,0.01207,0.019726999999999998,0.08461464159546854,0.7235540676855184,-0.7816526355672561,0.6732041327227545,0.00630595364687509,-0.33075726809068895,0.0049783352467823345,0.10347022559285436,187,True,12,28,187,680318,2419.38,2440.09,0.008560044308872472,False,2017-06-27 16:30:51.688
2017-06-28,2437.6081,0.012018,0.019566,0.03386877731195999,3.40591329413422,-0.7338281834147025,1.1503218273710931,0.005692874942131035,-1.092532068720619,0.0035718082318286558,0.08086051844191763,186,True,12,27,186,482676,2428.09,2442.96,0.006124155200177839,False,2017-06-28 16:14:56.217
2017-06-29,2421.9316,0.012173,0.019738,0.06451571933630236,1.0207603438616912,-0.8224194786385546,0.6925105432252914,0.008718310853334639,-0.3478606767697714,0.00784993568147189,0.1448755400975468,179,True,12,32,179,716744,2405.7,2442.57,0.015326100511285912,False,2017-06-29 16:26:44.294
2017-06-30,2426.5617,0.012275000000000001,0.019714,0.039243574702363185,2.2614018607751376,-0.804376522037526,0.7962183855069005,0.006738727145970072,-0.4564727317084307,0.0035197087549066557,0.06830246220089706,181,True,12,30,181,510132,2421.75,2432.71,0.00452565293692575,False,2017-06-30 16:25:02.823
2017-07-05,2430.3006,0.009958,0.019684,0.11718045330756449,0.5585187277753157,-0.8015959768887918,0.7187350242445719,0.007814568393333885,-0.38568507967289395,0.0036566908104772628,0.07375702277803438,184,True,12,37,184,504796,2422.05,2434.84,0.005280650688466393,False,2017-07-05 16:18:59.878
2017-07-06,2416.6326,0.011655,0.020236999999999998,0.101397344231287,0.8341205680123387,-0.7701663164842263,1.0581284909164377,0.011379484133536231,-0.9504806825588101,0.0033100899237830795,0.05365285560111748,183,True,12,28,183,722352,2407.7,2424.28,0.006886239980064213,False,2017-07-06 16:23:11.138
2017-07-07,2421.5412,0.012067000000000001,0.020109,0.039258190142919334,2.267204523995736,-0.8632874475950376,0.6920953314444978,0.007147054622821262,-0.3009832552154461,0.004469305982040574,0.08467232232865604,183,True,12,29,183,696399,2414.38,2426.85,0.005164887051748224,False,2017-07-07 16:27:47.498
2017-07-11,2424.1928,0.014879,0.020111,0.04282826173490194,2.0374622480789526,-0.767115986650246,0.8638481865975616,0.00777666852311642,-0.5717117566164814,0.0036612956211558023,0.08730904571137539,182,True,12,39,182,478560,2412.79,2429.3,0.006842700773793009,False,2017-07-11 16:24:35.984
2017-07-12,2442.9103,0.016655,0.019969,0.07512141544178409,0.8643912935638034,-0.7059067162129428,0.7140732952252234,0.005459401578178437,-0.38003207601767386,0.002641319001995266,0.0692013111180305,183,True,12,32,183,622972,2437.23,2445.76,0.0034998748579331274,False,2017-07-12 16:23:59.028
2017-07-13,2447.0825,0.012014,0.019937,0.04697999593376532,1.5933705480976414,-0.7939167453620202,0.7248874131680997,0.004854849821922366,-0.37574867802832207,0.003155860174499566,0.1038852254704953,190,True,12,52,190,531319,2441.69,2449.32,0.003124884813387574,False,2017-07-13 16:15:21.517
2017-07-14,2455.8228,0.011961999999999999,0.019844,0.05662396457001692,1.219873314467568,-0.6885161790080847,0.7277462390453076,0.004094984054008828,-0.39146646176794864,0.002428278117399255,0.06416805499094425,183,True,12,23,183,751110,2446.69,2463.54,0.0068868553024699075,False,2017-07-14 16:35:13.412
2017-07-17,2460.1556,0.011961,0.019851,0.5177028302312461,0.09708267074934095,-0.7398160709534976,0.591409179383861,0.0046891250256016195,-0.2492448706328078,0.00266007483607842,0.08681864632467583,182,True,12,34,182,636713,2457.16,2462.81,0.002299402562307762,False,2017-07-17 16:56:29.639
2017-07-18,2456.2673,0.01191,0.01984,0.1040094072987291,0.6617827513905069,-0.6778254749184917,0.8579318127296036,0.005340019074993511,-0.5983837318282061,0.0027071191730478985,0.0606103809314482,182,True,12,27,182,622969,2450.4,2460.92,0.004293176624224682,False,2017-07-18 16:22:10.208
2017-07-19,2469.3192,0.012175,0.019739,0.0511534532884105,1.8107740016839033,-0.6468451379503138,1.2163491228393053,0.004848400957424501,-1.294250502009936,0.0025480414909103367,0.07274045916139193,176,True,12,39,176,875533,2464.45,2473.83,0.003806123070056344,False,2017-07-19 16:25:36.750
2017-07-20,2474.0305,0.012072000000000001,0.019747,0.04937394593580897,1.634614483508709,-0.6435324472412807,0.992397426191288,0.0047920352110577095,-0.8234379172417943,0.0027973947918455686,0.06963742775625714,176,True,12,33,176,803118,2468.43,2477.56,0.003698707275474833,False,2017-07-20 16:30:05.632
2017-07-21,2468.6113,0.012071,0.019754,0.0354739947425483,2.2639237067113718,-0.6765563133736272,0.7871775458046768,0.003667242059262509,-0.45902765328025474,0.002672389554868919,0.08476420495349224,184,True,12,28,184,686191,2465.06,2472.54,0.0030344088987692697,False,2017-07-21 16:37:10.483
2017-07-24,2469.4375,0.012174,0.019781,0.03987806208208586,1.9834150657996281,-0.7170927364914942,0.8297958365571506,0.004155979142873913,-0.5303716321105774,0.0031923990975074525,0.11121772603226265,183,True,12,40,183,412658,2466.32,2473.1,0.0027490349995134,False,2017-07-24 16:14:59.392
2017-07-25,2478.8098,0.012277,0.019723,0.05068918592863397,1.1949370436438722,-0.6976530741610959,0.645784669389453,0.003772420000190989,-0.29589706726189224,0.00308341038677144,0.11344083604475141,182,True,12,34,182,656526,2474.93,2481.24,0.002549567058462321,False,2017-07-25 16:15:21.921
2017-07-26,2479.1503,0.012173,0.019686,0.04246523202397783,1.6174394613739953,-0.7416813506123726,0.7706505227718377,0.004215453216428362,-0.4565323442245378,0.0029918808293349156,0.10087468338345608,184,True,12,38,184,805858,2474.94,2481.2,0.002529354246971538,False,2017-07-26 16:42:35.417
2017-07-27,2474.4155,0.012173,0.019715,0.03465223236292256,2.547760258017782,-0.6393065381838005,1.0218525896486619,0.004668804465087525,-0.867611554039973,0.005655963067927619,0.13974108472867855,181,True,12,21,181,592183,2459.93,2484.04,0.009801091900989212,False,2017-07-27 16:23:03.567
2017-07-28,2469.3584,0.012069000000000002,0.019745,0.030202271664976237,4.432604810399767,-0.7684254872472998,1.349402822737392,0.005373035427656394,-1.5531385086772929,0.002663917387848719,0.06457886178679768,178,True,12,33,178,477514,2464.66,2473.53,0.003598873678316794,False,2017-07-28 16:16:49.604
2017-07-31,2472.341,0.012119999999999999,0.019761,0.028358336721695434,3.9832540661039664,-0.7522426204656257,1.1006252477624638,0.004911061416334643,-0.9854590159029074,0.0026163428604700644,0.07434505321098328,186,True,12,36,186,562088,2468.54,2477.96,0.0038160208058204415,False,2017-07-31 16:19:03.810
2017-08-01,2474.7065,0.012119999999999999,0.019761,0.03299908578013283,3.445161630753641,-0.754257367059221,1.255073934491009,0.0051199498509829945,-1.3478362126794179,0.002971724391853418,0.1006592529727483,177,True,12,39,177,637773,2471.14,2478.47,0.002966242301124078,False,2017-08-01 16:15:52.228
2017-08-02,2472.9049,0.007749000000000001,0.019714,0.027135848929756668,5.367214277944479,-0.7511534991004581,1.426582044617985,0.004750880214272422,-1.7438484983865619,0.003132199294831738,0.09703452380239147,186,True,12,31,186,581935,2466.48,2479.89,0.005436897927410644,False,2017-08-02 16:16:10.538
2017-08-03,2472.7261,0.010163,0.01978,0.03453926467226872,3.765651208104912,-0.7677594422145019,1.3545080465644659,0.0047831503021523395,-1.5745664007275173,0.0029500620965512685,0.09786897852956412,187,True,12,42,187,464644,2468.85,2475.33,0.0026247038094660002,False,2017-08-03 16:28:03.086
2017-08-04,2475.9065,0.010163,0.01978,0.027760723351587035,5.6285755834603135,-0.7687072708594207,1.420500790630971,0.003096356531639289,-1.705315836911335,0.0022811175408568125,0.0722465715804095,181,True,12,32,181,724154,2472.1,2480.0,0.0031956636058412258,False,2017-08-04 16:16:12.407
2017-08-07,2478.8777,0.010163,0.01978,0.04050761516591803,2.7429233989787174,-0.7869861807951885,1.0635483809457806,0.003901254539806514,-0.9089165876615477,0.0020834348722994197,0.07944283848023602,181,True,12,29,181,475840,2475.88,2480.95,0.0020477567571932642,False,2017-08-07 16:15:26.715
2017-08-08,2481.5749,0.012221,0.019777,0.032081720095745316,3.7515173929314356,-0.7593080995424963,1.146430248312116,0.0044223763420157235,-1.0735920523762872,0.004658335829729496,0.10441362571452077,182,True,12,22,182,663571,2470.32,2490.83,0.008302568088344842,False,2017-08-08 16:19:09.270
2017-08-09,2468.7998,0.011975,0.019796,0.035533282572307076,5.666601939598889,-0.8202232996407097,1.9103263662314311,0.009909118652321568,-3.2466408896298824,0.003637613604152783,0.07281818171359383,182,True,12,27,182,757150,2462.08,2474.41,0.005007960748635298,False,2017-08-09 16:16:01.696
2017-08-14,2464.9392,0.012052,0.01989,0.040081793569417136,4.493640804012888,-0.8361427748000906,1.6084984550656158,0.009567137592762195,-2.2270409137853644,0.002439801071330344,0.046159392800789685,183,True,12,26,183,589796,2455.83,2468.18,0.005028849716796291,False,2017-08-14 16:18:10.849
2017-08-15,2465.4042,0.012270000000000001,0.019919,0.04090364838816613,2.868821972085755,-0.8554878368230509,1.0694075167195367,0.007770111990948962,-0.9089418663473641,0.002407240824142075,0.060543989853060455,184,True,12,37,184,719743,2461.61,2468.88,0.0029533516682171967,False,2017-08-15 16:18:47.816
2017-08-16,2469.8412,0.012381999999999999,0.019915000000000002,0.039783790201274156,2.963174771629502,-0.8354240376662999,1.0819789438393712,0.00660813382816029,-0.934905788023328,0.002817541075520758,0.06275371993248324,182,True,12,32,182,1250686,2463.86,2474.93,0.004492950086449676,False,2017-08-16 16:16:50.566
2017-08-21,2425.609,0.012148,0.020249000000000003,0.035630275038808924,3.4424835281162562,-0.9192183994350275,0.8660106397044663,0.013274249270853654,-0.5046611582346361,0.004395390792358639,0.06499306103771463,181,True,12,37,181,568885,2417.35,2430.58,0.005472935239001497,False,2017-08-21 16:17:34.963
2017-08-22,2447.2961,0.012277,0.020054,0.03759389293599249,2.5352413072936506,-0.8738190872220226,0.6742243366528216,0.007698936258929008,-0.263959275588331,0.004223292550009613,0.08264746873651822,190,True,12,23,190,1065145,2434.53,2454.76,0.00830961212225767,False,2017-08-22 16:19:12.168
2017-08-23,2445.6871,0.012173,0.020131,0.03449865921355998,2.6297956915430944,-0.9682926493429783,0.6049439040109558,0.00803060240245571,-0.18450827627234945,0.00320273155733489,0.06563329144508741,183,True,12,33,183,677386,2441.42,2448.91,0.0030678867216618055,False,2017-08-23 16:29:39.571
2017-08-24,2442.5506,0.012289000000000001,0.020173999999999997,0.03731964303919778,2.6256744879043388,-0.9614772390367852,0.6423159581781437,0.008648822057487307,-0.21659132087887012,0.0030200994634065007,0.06263396345545948,186,True,12,33,186,474506,2436.22,2450.39,0.0058163876825574334,False,2017-08-24 16:14:48.783
2017-08-25,2447.7675,0.012249000000000001,0.020146,0.027715167073995618,7.5533707060910285,-0.7920609242294642,1.3943406561527225,0.006136717065112315,-1.5255000032181305,0.004346180781381271,0.09023516293584721,188,True,12,35,188,504714,2442.24,2453.96,0.004798873165618556,False,2017-08-25 16:14:55.180
2017-08-28,2444.0071,0.012287999999999999,0.020139,0.035038150218769784,4.111563239455888,-0.8511289796149138,1.0316640681387321,0.007086990483322082,-0.7762076086525043,0.0043378924981852165,0.09229140443033272,176,True,12,47,176,648515,2439.03,2449.12,0.004136890485151756,False,2017-08-28 16:16:56.666
2017-08-30,2454.6427,0.012183999999999999,0.020081,0.03473133038348977,4.203700939021018,-0.8720465569610861,1.0654564375484967,0.006789796224582534,-0.8431971680204835,0.0035895052143241142,0.0822860820965243,183,True,12,41,183,630403,2443.77,2460.31,0.006768231052840523,False,2017-08-30 16:23:36.513
2017-09-01,2477.4095,0.008057,0.020001,0.03182322501597441,4.892160493421465,-0.7483005564242303,1.1680458987757498,0.003419472474419191,-1.052962573254026,0.004199394774843321,0.11287856654470955,180,True,12,37,180,574313,2473.85,2480.38,0.0026396103239889612,False,2017-09-01 16:15:29.189
2017-09-05,2461.8307,0.011192,0.020154000000000002,0.03274809734971347,5.517839506715255,-0.7911165886127527,1.3400194426550636,0.010152777370946223,-1.4342546160415748,0.0067397851178288394,0.10417888320138699,182,True,12,23,182,916553,2446.55,2471.97,0.010390141219267734,False,2017-09-05 16:17:27.531
2017-09-06,2465.1974,0.011859999999999999,0.020096,0.037269834510135234,4.921422396980926,-0.7942805736574079,1.43036834606587,0.006879658352924066,-1.6791124088473084,0.0033363630429313882,0.0776805877750036,182,True,12,31,182,689953,2459.28,2469.63,0.0042085488435639196,False,2017-09-06 16:17:57.667
2017-09-07,2464.167,0.011859999999999999,0.020096,0.04244472606385611,3.6444728391535226,-0.8509783915298081,1.2284784138358418,0.00682242619074625,-1.1997819106505554,0.003416192256498166,0.09296395991356969,185,True,12,40,185,547616,2460.29,2468.61,0.0033817151636597043,False,2017-09-07 16:27:36.280
2017-09-08,2463.3569,0.012027000000000001,0.020154000000000002,0.041628700954109095,4.2599125626924055,-0.8523146404583427,1.3745387625116994,0.008031308283053554,-1.5346875573212446,0.0033010297584242696,0.0821009892950102,184,True,12,41,184,470105,2459.42,2467.11,0.003126753462198373,False,2017-09-08 16:20:49.036
2017-09-11,2485.3707,0.015149999999999999,0.019939,0.046491180793989395,3.618716156527397,-0.7219161822562205,1.7435031165548611,0.005786541565094206,-2.7033263432860224,0.003155438208632613,0.07458479815824814,181,True,12,23,181,955085,2475.86,2488.95,0.005287051771909468,False,2017-09-11 16:36:44.019
2017-09-12,2493.6492,0.015149999999999999,0.019939,0.04759214410096792,3.5342673692127686,-0.7390926520732117,1.8110054203563528,0.005737900890134132,-2.9433339087062445,0.003925509011582475,0.11445111286405928,183,True,12,38,183,940251,2490.37,2496.77,0.002569899251918528,False,2017-09-12 16:34:37.435
2017-09-13,2495.9529,0.01264,0.019864,0.043332122657064896,3.262896881131951,-0.7701809240021947,1.4283308798016014,0.004904894491368952,-1.7573526064536886,0.00438847885945862,0.1351632116524358,186,True,12,42,186,567491,2492.19,2498.37,0.0024797467287807073,False,2017-09-13 16:17:43.749
2017-09-14,2495.6932,0.012768999999999999,0.019905,0.04909367146047729,2.193741319522973,-0.760612978044278,1.0707729949164908,0.004482637996361454,-0.9311571754225616,0.0034948645709659072,0.11768497855271257,183,True,12,33,183,897229,2491.35,2498.43,0.002841832741284911,False,2017-09-14 16:24:00.789
2017-09-15,2497.3389,0.012897,0.019875,0.05024605289738426,2.5334060436007038,-0.7215122178730387,1.40074602847341,0.0039826722274237765,-1.707502128129403,0.003044162468247616,0.08959722023488062,182,True,12,34,182,843208,2493.16,2500.23,0.002835758635627128,False,2017-09-15 16:23:06.011
2017-09-18,2505.5717,0.012948,0.019828,0.06371977217992474,1.325679112028982,-0.7798507867352702,0.9397968357196709,0.004734282239510828,-0.7142741504243628,0.003457416375379454,0.1092837067079859,182,True,12,37,182,880321,2499.92,2508.22,0.003320106243399623,False,2017-09-18 16:15:42.958
2017-09-19,2506.0621,0.012922,0.019806999999999998,0.16417147553881462,0.3977478953830437,-0.7834333998251108,0.7723435398771126,0.004873339457363792,-0.4659168258349242,0.003365805443672109,0.12525199280324695,180,True,12,32,180,694678,2503.19,2507.84,0.001857629664548055,False,2017-09-19 16:15:35.461
2017-09-20,2505.9282,0.012948,0.019794,0.07033974166526326,1.1315567615261866,-0.7535032929617642,0.9741161825982534,0.005960670607815913,-0.7897155166291261,0.004273124530651544,0.10466400956817423,181,True,12,38,181,910522,2496.67,2508.85,0.004878498159548439,False,2017-09-20 16:19:29.068
2017-09-21,2502.8912,0.012999,0.019857,0.430822596639202,0.1381322490999568,-0.7923775265441234,0.7414761551892013,0.0051154048390496054,-0.43076590024044753,0.003449662454764472,0.1063914230280911,169,True,11,34,169,646408,2499.0,2506.9,0.0031612645058023414,False,2017-09-21 16:16:11.337
2017-09-22,2499.8274,0.012946,0.019793,0.05428497434327771,1.6967010996359673,-0.7645815023491411,0.963157219746638,0.004161192839018531,-0.7434610786261744,0.0030550683471244748,0.10245558515475725,163,True,11,29,163,458605,2496.94,2503.46,0.002611196104031377,False,2017-09-22 16:23:43.666
2017-09-26,2499.4014,0.012920000000000001,0.019838,0.048223368961488794,2.16072723083785,-0.7539350489888087,1.1122054660939136,0.005364778217267625,-1.0286059058535202,0.0028524253294699106,0.08538256833903227,181,True,12,37,181,514614,2495.14,2503.51,0.0033545211891918836,False,2017-09-26 16:16:49.461
2017-09-27,2502.78,0.013023,0.019757,0.05470351352957488,1.9391887283158533,-0.7238505065576157,1.2291443666437665,0.005662198452352984,-1.2986350003804552,0.0027012585834060164,0.07405378625387478,182,True,12,30,182,894532,2495.91,2511.75,0.006346382682067997,False,2017-09-27 16:26:32.516
2017-09-28,2508.0563,0.012868,0.01975,0.052735721368222965,1.888715730792576,-0.7395569249232218,1.0914203041278288,0.004880767729657895,-0.9919927072167685,0.003073349708748459,0.09580618012860827,184,True,12,39,184,652284,2502.93,2510.8,0.003144314862980835,False,2017-09-28 16:20:48.995
2017-09-29,2515.5832,0.012891999999999999,0.019679,0.04431346120804098,2.816372675118989,-0.7183005091793647,1.3877248919812384,0.004116989602301448,-1.6761739332517958,0.003153780962730968,0.09498863008875638,182,True,12,36,182,754263,2507.99,2519.44,0.004565408952986294,False,2017-09-29 16:34:04.404
2017-10-02,2525.2298,0.007903,0.019604,0.06511778451373612,1.4475489109901754,-0.6138095522133848,1.1470401523151328,0.004086569367509306,-1.1271787549052197,0.0026711696831825857,0.07038169756774512,180,True,12,24,180,1099539,2518.058,2529.23,0.004436752449705317,False,2017-10-02 16:15:48.950
2017-10-03,2531.9022,0.010265999999999999,0.019566,0.03865335908223296,2.4121912291990446,-0.6058544615274851,1.0242356936898982,0.003624904730952352,-0.8625801687139398,0.0026583831270550785,0.07943110059834135,182,True,12,26,182,785968,2528.85,2535.12,0.0024793878640487765,False,2017-10-03 16:16:10.310
2017-10-04,2536.163,0.010523,0.019549,0.047686113851956834,2.0721336616245076,-0.6585051282203809,1.186296480062848,0.0044069666288848956,-1.209675335200106,0.002527220275714475,0.06990093852984404,181,True,12,25,181,1144294,2531.84,2540.53,0.003432286400404383,False,2017-10-04 16:27:10.852
2017-10-05,2548.3676,0.011192,0.019457,0.05810676679191339,1.5410752125666034,-0.5983342540409314,1.1709658339165212,0.0037613326048651302,-1.1920671882290022,0.0026434927211093136,0.0779380229567382,181,True,12,22,181,1163637,2540.02,2552.5,0.004913347138998825,False,2017-10-05 16:16:05.484
2017-10-06,2546.6433,0.011192,0.019457,0.03955106859615287,2.5859303168294736,-0.6650058097676759,1.1761124792003124,0.003864355204449396,-1.1786879490391176,0.00327419510825469,0.0883214670392772,182,True,12,34,182,763336,2543.82,2549.41,0.0021974825262791597,False,2017-10-06 16:18:27.557
2017-10-09,2546.858,0.011192,0.019457,0.04728025702540867,1.860221318889704,-0.6706236759021366,1.0257670283191556,0.0047600746770745965,-0.8762945122242114,0.003039077213600337,0.09256351298276586,186,True,12,32,186,531661,2541.62,2551.82,0.004013188438869886,False,2017-10-09 16:15:45.165
2017-10-10,2549.0111,0.013586,0.019482,0.04962789162569164,1.9026195636777616,-0.6261524483700395,1.236309375276285,0.0052263896983326796,-1.3396148763737967,0.002458600211495316,0.05957695300296336,180,True,12,27,180,651664,2544.86,2555.23,0.004074880347052501,False,2017-10-10 16:28:23.953
2017-10-11,2551.7778,0.015278,0.019451,0.04769780668749915,1.5850309021668825,-0.748524378770189,0.8648210468686858,0.00436932810050331,-0.596710447976513,0.0033511935635739316,0.11650215141560152,181,True,12,42,181,525356,2547.95,2555.24,0.0028611236484232805,False,2017-10-11 16:59:41.000
2017-10-12,2552.8689,0.015278,0.019451,0.04856382914637642,2.1078259828036066,-0.6880023643022029,1.336477879015657,0.004747398867883036,-1.5814449192998548,0.0026618120637863047,0.07685737763504313,183,True,12,37,183,816056,2548.31,2555.32,0.0027508427153684067,False,2017-10-12 16:32:41.363
2017-10-13,2555.6296,0.013878999999999999,0.019515,0.04707850124327473,1.659072365806612,-0.7146766800394567,0.9106289206308346,0.0035753113317731067,-0.6730317502166602,0.002723323915315796,0.08676132770778842,184,True,12,35,184,479416,2552.09,2557.65,0.0021786065538440536,False,2017-10-13 16:40:20.957
2017-10-16,2555.5508,0.014034,0.019485,0.06334585573781333,1.1401584711051556,-0.726224122053214,0.917751259861198,0.00419954571871455,-0.6978187469190702,0.0021194905613578967,0.06794943622017505,183,True,12,32,183,769931,2552.65,2559.47,0.0026717332967698404,False,2017-10-16 16:39:33.472
2017-10-17,2557.0661,0.013982000000000001,0.019471000000000002,0.07522641298167913,0.932641756234192,-0.7534927002829629,0.9077834932893729,0.004346330854943265,-0.6837522828517932,0.0020742151710084764,0.07118120935383303,187,True,12,39,187,647728,2554.7,2559.66,0.0019415195521979012,False,2017-10-17 16:34:20.902
2017-10-18,2562.1737,0.014058999999999999,0.019459999999999998,0.06297231770556584,1.1522739509777074,-0.7160538002005804,0.9550180226822531,0.004290564019777638,-0.7669367009982889,0.002454331736907725,0.07807580282025811,189,True,12,32,189,815773,2559.67,2564.11,0.0017345986006009895,False,2017-10-18 16:16:45.041
2017-10-20,2571.8921,0.014135,0.019306,0.06194865318923285,1.2130247132684269,-0.688218187365689,1.0321810437131975,0.003985414475561358,-0.915107212456397,0.002486971284714784,0.06819153787741646,182,True,12,38,182,1089937,2568.47,2575.44,0.0027136777926159983,False,2017-10-20 16:26:09.958
2017-10-23,2572.4897,0.014031,0.019386,0.3086625030852409,0.1653654819143074,-0.6984589611224922,0.7651106535721797,0.005402628236476735,-0.48331006506651336,0.0032914143768733393,0.07580103201351529,191,True,12,27,191,893262,2564.33,2577.88,0.005284031306423298,False,2017-10-23 16:25:00.329
2017-10-24,2569.0986,0.014135,0.019358,0.07396747287692937,0.9765843769698056,-0.7207655968428399,1.0620429702241596,0.007035073926583631,-0.983464313771461,0.0019495103768243096,0.04310431229629439,183,True,12,31,183,546528,2565.61,2572.18,0.0025607945089081152,False,2017-10-24 16:18:41.997
2017-10-25,2555.0742,0.014134,0.019448,0.041872004437742104,2.1852711620568384,-0.7519351250127705,1.1759681908133488,0.01052785840491548,-1.1998978182141933,0.0055662589544264954,0.09375444582108751,180,True,12,16,180,927883,2544.0,2567.39,0.009194182389937078,False,2017-10-25 16:28:02.364
2017-10-26,2563.1824,0.014185000000000001,0.019418,0.05421068092761027,1.355982557345388,-0.807262261968623,0.9228008742122236,0.007868503232320358,-0.7045439779275324,0.002487174811663491,0.05115126586931938,186,True,12,49,186,500359,2559.8,2567.02,0.0028205328541290875,False,2017-10-26 16:30:11.034
2017-10-27,2578.0105,0.014055,0.019263,0.027827746718940137,3.60907548118887,-0.6963927323001934,1.0686836615302464,0.005012717786928522,-0.9412198916615726,0.003220301097560298,0.07199754050471248,182,True,12,23,182,715536,2565.96,2582.96,0.00662520070460948,False,2017-10-27 16:46:52.358
2017-10-30,2574.5474,0.014079999999999999,0.019335,0.044776322485165,1.5856559314189567,-0.780130711918066,0.8628039376593535,0.006284812872602201,-0.6024309521690258,0.0028940601375390326,0.06588989511628489,182,True,12,35,182,737931,2568.28,2580.02,0.004571152678056745,False,2017-10-30 16:20:50.726
2017-10-31,2575.8965,0.014209000000000001,0.019320999999999998,0.04710306099297588,1.5168649567358954,-0.77974579254712,0.8517355661133897,0.0058187010748023205,-0.5825555094320194,0.0025736315024623576,0.07116623271022446,181,True,12,41,181,517740,2572.15,2578.29,0.002387108061349341,False,2017-10-31 16:23:05.373
2017-11-01,2581.6492,0.008057,0.01929,0.04349680976184575,1.384364035899297,-0.7460367619941809,0.6472439403145535,0.00528802507883839,-0.2984938800526038,0.0034106742942559003,0.08232539551218902,182,True,12,32,182,777322,2574.93,2588.39,0.005227326568100876,False,2017-11-01 16:47:24.263
2017-11-02,2575.4576,0.008057,0.01929,0.04057067824394203,2.283331006682623,-0.6994254046306371,1.0703586232493212,0.006611392480176369,-0.9603950071711083,0.003974324705908186,0.08304548048302292,181,True,12,34,181,561045,2566.17,2581.04,0.005794627791611662,False,2017-11-02 16:17:15.133
2017-11-03,2584.008,0.008057,0.01929,0.0270324019070357,4.2495719509568195,-0.6415315037044038,1.102988203868908,0.0035669605083300786,-0.9868307040516988,0.0033480746081205773,0.08622720712440898,182,True,12,24,182,835437,2576.79,2588.39,0.004501725014455893,False,2017-11-03 16:18:32.889
2017-11-06,2590.4266,0.008057,0.01929,0.037480055570072376,2.8419228493641984,-0.6687765543151333,1.1113343279650099,0.003984404088900432,-1.0220331358733827,0.0032064016760508206,0.09105743367562649,182,True,12,32,182,806369,2585.71,2593.37,0.002962435849341194,False,2017-11-06 16:23:31.631
2017-11-07,2589.4697,0.011963,0.019236,0.03186336575394058,4.446653015397517,-0.670443080827695,1.4793014983314068,0.004676546991986581,-1.9049622601445977,0.003993643837169321,0.09635802598168394,182,True,12,32,182,963230,2584.35,2596.95,0.004875500609437644,False,2017-11-07 16:25:57.501
2017-11-08,2590.8114,0.011949000000000001,0.01921,0.03825841702996752,3.7428120146415678,-0.7121448228033979,1.548356572883346,0.0045468244562361804,-2.1110199509492,0.0035285078359358394,0.0783001442665027,184,True,12,42,184,576975,2585.04,2595.47,0.004034753814254222,False,2017-11-08 16:29:16.616
2017-11-09,2579.5023,0.012244999999999999,0.019306,0.04568715521876712,3.0269033924100066,-0.7269652257519665,1.466793354103734,0.007520098218051484,-1.8749015334003842,0.005178618186189516,0.10567994506242649,181,True,12,26,181,1150771,2566.33,2586.49,0.007855575861249298,False,2017-11-09 16:24:36.194
2017-11-10,2580.2637,0.013985000000000001,0.019344,0.03500044405061555,4.154009506238619,-0.8184132813544202,1.2709757278415061,0.0064326750824928326,-1.3245949461445865,0.002825796107344621,0.05618771237873259,183,True,12,39,183,735310,2575.57,2583.79,0.0031915265358735123,False,2017-11-10 16:21:18.956
2017-11-13,2583.7148,0.015381,0.019323,0.035408396647741015,6.091246873394365,-0.7924168921631415,1.9909019299915787,0.007272854885521861,-3.532327924099273,0.0031985443984798084,0.06266063701023783,183,True,12,43,183,602652,2574.49,2587.66,0.00511557628889614,False,2017-11-13 16:36:42.644
2017-11-14,2576.1443,0.015458000000000001,0.019361,0.03817033050449184,4.150291798191691,-0.782452678475623,1.4380526529547295,0.008447424926522782,-1.7511594134160184,0.0032566768119532004,0.06154882725783316,183,True,12,40,183,764951,2566.56,2579.66,0.00510410822267926,False,2017-11-14 16:23:37.005
2017-11-15,2566.8689,0.01538,0.019488000000000002,0.036172675654671395,6.344683211628101,-0.7992125490893384,1.9641209838001987,0.011543888106656554,-3.3987629031125364,0.004618360399918806,0.067257913925666,184,True,12,38,184,892117,2557.45,2572.81,0.00600598252165252,False,2017-11-15 16:20:01.254
2017-11-20,2582.0177,0.015922000000000002,0.019397,0.04098877464836811,3.1818156537339037,-0.7777200691355522,1.2031680856677371,0.004571306758171605,-1.1867759927622692,0.003319418089855517,0.10392753777328177,185,True,12,35,185,869803,2578.26,2584.64,0.0024745370909060593,False,2017-11-20 16:37:37.581
2017-11-21,2598.7005,0.016025,0.019273,0.05458764892293377,2.035105681760304,-0.6140596610128699,1.2587130625463294,0.0038915137953136683,-1.3621753048707614,0.00260378632456445,0.06774634499721804,181,True,12,24,181,1309911,2590.38,2601.19,0.004173132899420118,False,2017-11-21 16:18:36.668
2017-11-22,2598.1125,0.015843,0.019295,0.0439572027334421,2.4681204312548237,-0.7408736591290322,1.1997898875186497,0.004149099747291273,-1.2225124338575764,0.004170503712963913,0.15135620049383472,189,True,12,45,189,855214,2595.24,2600.94,0.0021963286632451506,False,2017-11-22 16:14:52.639
2017-11-24,2602.7357,0.015893,0.019257,0.03513118388332186,2.978741437453036,-0.6286079241229193,1.1114916309556795,0.0038929440592262734,-1.0261202193244503,0.003292336997245424,0.10089518714531646,192,True,12,33,192,382509,2600.83,2604.18,0.001288050353156489,False,2017-11-24 13:14:56.989
2017-11-28,2616.3921,0.015918,0.019085,0.09585052396204102,0.6547177747513605,-0.5743696411223859,0.8322755252175912,0.005965851259126347,-0.5671724663618584,0.0028679325247106193,0.057971020255716835,182,True,12,29,182,1108367,2605.49,2627.69,0.00852047023784408,False,2017-11-28 16:28:31.250
2017-11-29,2627.0415,0.015969999999999998,0.019113,0.07305342767691274,0.6312609205640837,-0.6774373453650528,0.5622132101307505,0.007021275639462566,-0.22385214563414418,0.00349761359373749,0.05677438542565495,182,True,12,34,182,950572,2620.32,2634.88,0.00555657324296277,False,2017-11-29 16:54:00.877
2017-11-30,2644.943,0.016073,0.01902,0.13653977605177425,0.3717037125284485,-0.5426624722014912,0.8585285476358973,0.009895003695430726,-0.6355665837733082,0.00483990505976775,0.06953187965877461,182,True,12,28,182,1427795,2634.4,2657.74,0.008859702399028224,False,2017-11-30 16:49:51.215
2017-12-04,2653.8171,0.010162,0.019083000000000003,0.07434164117456117,0.8207857454357133,-0.5856413532369706,0.9333604080160036,0.009574570898826271,-0.7491245325150477,0.004162595850504038,0.07040631758882272,183,True,12,29,183,869724,2639.03,2665.19,0.00991273308753593,False,2017-12-04 16:19:32.469
2017-12-06,2629.8176,0.011963,0.019163,0.05461495311585833,0.9858425705175438,-0.8718511178985464,0.5173021405002757,0.0074980793930071975,-0.15991801302930111,0.0036975323191442444,0.06991110330122714,180,True,12,41,180,739099,2624.75,2634.41,0.003680350509572383,False,2017-12-06 16:22:13.143
2017-12-07,2635.8689,0.011911,0.019119,0.058935244566465504,0.7270331549638691,-0.9378542433059599,0.35636405462219545,0.005996331361988427,-0.041299585835321825,0.004585910910134642,0.08963347341556487,183,True,12,33,183,737586,2626.8,2640.99,0.005402010050251205,False,2017-12-07 16:40:42.577
2017-12-13,2668.7208,0.016626000000000002,0.018964,0.16268348119977571,0.23639402696236528,-0.6990978832494347,0.5041995362350971,0.005756740065316188,-0.1773023658575445,0.004426808595041285,0.09237661180546577,183,True,12,34,183,792046,2662.85,2671.88,0.0033911035169087445,False,2017-12-13 16:16:44.339
2017-12-14,2660.6259,0.016755,0.019041,0.07983241105150948,0.7245986423564339,-0.5655720452377745,0.8116593845631026,0.006003825263393608,-0.5430980432214254,0.0033028676175160246,0.06835215940933186,183,True,12,35,183,950030,2652.01,2668.07,0.006055784103378148,False,2017-12-14 16:19:38.549
2017-12-15,2674.2212,0.016831,0.018876,0.06273133849491051,0.8748342750642544,-0.5739308166490815,0.6753201234366379,0.004334619139106329,-0.3462982190464651,0.0030077905943613524,0.06495504912377731,181,True,12,28,181,965418,2659.8,2679.63,0.007455447778028423,False,2017-12-15 16:34:32.244
2017-12-19,2685.7872,0.01696,0.018855,0.06134735199991145,0.9265692461144736,-0.774713301931477,0.6334783227595876,0.004974450631171711,-0.2876096460189459,0.006207189491608522,0.42285987226309785,185,True,12,43,185,840844,2680.74,2694.42,0.005103068555697421,False,2017-12-19 16:15:36.283
2017-12-20,2683.0875,0.017063,0.018878,0.05627056428765618,0.9796950439602943,-0.6880834066833293,0.61895678689694,0.0047877159321674115,-0.2728515181388522,0.0039024690395951193,0.09368784676293909,187,True,12,40,187,778362,2676.11,2691.01,0.0055677830881391,False,2017-12-20 16:17:12.549
2017-12-21,2688.0184,0.017063,0.018841,0.03845210927134302,2.2376360331608454,-0.6330069622530755,0.967862862876161,0.004221707829879304,-0.7646748708216476,0.0032268060724579503,0.07402086247805043,185,True,12,34,185,611300,2682.41,2692.64,0.003813734663977497,False,2017-12-21 16:15:07.157
2017-12-22,2681.8269,0.017138,0.018843000000000002,0.0356114128343603,3.5845776270740353,-0.7542957490509463,1.2753191032314009,0.003693940258423205,-1.3711350676378542,0.0042085976068456646,0.11828604694568232,182,True,12,43,182,549955,2678.13,2685.35,0.002695910952791536,False,2017-12-22 16:38:29.126
2017-12-26,2680.475,0.017164,0.01877,0.04784307821559209,1.7481272753817239,-0.8111337442704301,0.8496224527476709,0.0053748436420813514,-0.5545867322791729,0.0035172777743976303,0.08258772156365722,185,True,12,46,185,415004,2677.96,2682.72,0.0017774724043673196,False,2017-12-26 16:18:38.780
2017-12-27,2682.0722,0.017137,0.01881,0.048314024081604276,2.104530230115111,-0.7924391550354444,1.1305917042201759,0.00553165906507689,-1.0748809532149903,0.0031456164448808856,0.07967556076652338,182,True,12,44,182,543217,2678.91,2685.62,0.0025047500662582767,False,2017-12-27 16:15:52.380
2017-12-28,2684.4354,0.017318,0.018777,0.043868749290635896,2.3684087605006305,-0.7780738959702128,1.1287296731474972,0.004574133627667778,-1.06623241477936,0.0027751458080732963,0.0817848500113114,187,True,12,37,187,590953,2682.7,2687.63,0.0018377008237970838,False,2017-12-28 16:15:09.665
2017-12-29,2683.8343,0.017316,0.018878,0.03876929470252969,2.748531302412436,-0.7529593733566984,1.1150453787844428,0.00456962679417407,-1.0302089566238304,0.0026337251034877847,0.07006719370971215,184,True,12,32,184,748892,2673.61,2692.11,0.00691948339511006,False,2017-12-29 16:22:30.462
2018-01-02,2690.3521,0.018815,0.018728,0.042701512411311156,2.2077009843873374,-0.724394795114911,1.054238629537624,0.0047215757376015775,-0.9228747460388083,0.003202703321008524,0.08546887357592109,183,True,12,31,183,788097,2682.36,2695.89,0.005044065673511344,False,2018-01-02 16:58:52.235
2018-01-03,2709.0193,0.020328,0.01862,0.04155772962279858,2.2667115055004867,-0.6207327846601687,1.2091490576241704,0.004237939929816393,-1.2736426757964674,0.002425047087894365,0.05786485437135459,183,True,12,32,183,1007181,2697.84,2714.35,0.0061197105832813126,False,2018-01-03 16:16:46.525
2018-01-04,2725.5955,0.020328,0.01862,0.037350824395404984,2.1934280975383396,-0.545275713760268,1.0189072072522247,0.004719142305642124,-0.8743192016003245,0.0036266921876049484,0.07952218004603515,180,True,12,32,180,1078355,2719.07,2729.29,0.003758638063749764,False,2018-01-04 16:27:45.499
2018-01-08,2744.0827,0.024243,0.018407,0.029192003329976655,2.3962609258588943,-0.41986160456367416,0.6443833935407339,0.003798184652754321,-0.2753266440167408,0.0036253214167397342,0.08337557355424863,182,True,12,27,182,880444,2737.6,2748.51,0.003985242548217638,False,2018-01-08 16:17:35.221
2018-01-16,2792.0352,0.017739,0.018242,0.06718343454278618,0.5606629046352254,-0.5169987558967377,0.5196093203019256,0.009365931266998572,-0.1946593266363711,0.004187873211206881,0.061123126240200616,183,True,12,25,183,1170178,2768.64,2807.51,0.014039383957466622,False,2018-01-16 16:18:52.842
2018-01-17,2792.4699,0.017739,0.018071999999999998,0.03905350681700032,1.5981375907780222,-0.5027416886530273,0.764529566513939,0.008859977871571235,-0.45967970348208353,0.0030135218425619095,0.04482165844814905,191,True,12,22,191,1430433,2778.38,2807.04,0.010315363629165075,False,2018-01-17 16:52:08.718
2018-01-18,2799.1105,0.017608,0.018097000000000002,0.045941401953447654,1.4328423183307994,-0.4838011958909056,0.8832640433453602,0.010261335168197522,-0.6485018005021043,0.002776808520103367,0.038380583181669974,180,True,12,29,180,878595,2792.56,2805.8,0.004741169392958433,False,2018-01-18 16:17:25.965
2018-01-19,2804.3281,0.017736000000000002,0.018018,0.0853590828745977,0.38643570839121566,-0.9203175482681895,0.33021719119878373,0.007533537659578925,-0.043071798046674784,0.0033858506625867152,0.05401338209537326,183,True,12,35,183,601326,2798.08,2810.33,0.004378002058554431,False,2018-01-19 16:28:01.192
2018-01-22,2822.1334,0.01771,0.017876,0.050592563841419635,1.2265675776156808,-0.5330443100104927,0.8237639229641378,0.008822962004157229,-0.5544766038245924,0.0026755297480393577,0.03894906907905433,183,True,12,31,183,910872,2808.12,2833.02,0.008867142429810793,False,2018-01-22 16:36:10.514
2018-01-23,2837.8169,0.017553,0.017841,0.06736547450213,0.7532443064603572,-0.5845647688163536,0.6888915017095415,0.00909635572717874,-0.37308618088616763,0.0030012542102145906,0.04550187708050124,187,True,12,35,187,1156784,2830.71,2842.24,0.0040731830530149615,False,2018-01-23 16:32:42.393
2018-01-24,2841.575,0.017630999999999997,0.017851,0.04184671274002119,1.6716581941099764,-0.4941663120396096,0.875713463140797,0.010855793648463827,-0.6269672690292025,0.003212337584904685,0.039883562440194184,182,True,12,27,182,874348,2824.81,2852.95,0.009961731939493124,False,2018-01-24 16:16:08.677
2018-01-25,2840.7243,0.017682,0.01784,0.07024178698695824,0.8018467894304304,-0.5269483973684195,0.8294560289397901,0.011630683060416442,-0.5753510011858687,0.0032993268782004846,0.04253400581977432,184,True,12,38,184,671755,2830.94,2848.56,0.006224081047284669,False,2018-01-25 16:20:23.669
2018-01-26,2858.7382,0.017758,0.017633,0.03727525058799855,1.2611422592881796,-0.7944589320554611,0.33759063257702476,0.007994650001379087,-0.019948647719592663,0.00384485128365257,0.06574790720492839,184,True,12,28,184,947497,2846.18,2872.87,0.009377481396116938,False,2018-01-26 16:39:57.138
2018-01-29,2861.923,0.017731,0.017776,0.058293171448505855,0.8639320392800527,-0.5774048025792091,0.639464317326026,0.012714063202772175,-0.3081919361620217,0.0042693109932224384,0.04932096622381784,185,True,12,28,185,887475,2851.49,2870.54,0.006680717800167768,False,2018-01-29 16:39:05.819
2018-01-30,2826.5821,0.017757000000000002,0.017982,0.048892871337956334,2.2412516172968346,-0.5369163832528077,1.5067710573612587,0.02232361188942374,-2.051196565380604,0.0040245973070333,0.03910556316956121,184,True,12,30,184,919235,2818.27,2837.75,0.006912041784499001,False,2018-01-30 16:50:31.996
2018-01-31,2827.1549,0.018816,0.017977,0.05699609845252664,1.180761662599296,-0.5958730418348702,0.8978695282787936,0.016551511006711154,-0.6715720738706263,0.003240745904754606,0.03353363512964003,186,True,12,29,186,734068,2813.04,2839.22,0.009306657566191756,False,2018-01-31 16:16:13.194
2018-02-01,2824.4886,0.017809,0.018007,0.06256526840735942,0.84661200304946,-0.8237474602222998,0.5817989521600817,0.013180065839200845,-0.23255300631920572,0.004714368925970505,0.05526127333889962,183,True,12,42,183,726320,2812.7,2835.92,0.0082554129484127,False,2018-02-01 16:17:03.373
2018-02-13,2653.8095,0.019301,0.019151,0.0548441472809159,3.0991768502180843,-0.8812797532743876,1.1979098359782845,0.04187797844428794,-1.095044551887589,0.005699380257123074,0.037222972449542105,183,True,12,39,183,1024269,2637.08,2668.83,0.01203983193532232,False,2018-02-13 16:27:34.547
2018-02-14,2677.7675,0.019613000000000002,0.01892,0.0408309174890556,4.922180841375838,-0.8546674198405688,1.2389755842300847,0.03064244556075892,-1.1331061787174255,0.005910730412625418,0.046551435948827186,184,True,12,33,184,1127344,2648.87,2702.1,0.020095361418265067,False,2018-02-14 16:44:42.715
2018-02-15,2715.3276,0.019769000000000002,0.018711,0.04297087147089587,3.169059994729014,-0.8636847367130043,0.9271533166775688,0.025656495191017505,-0.5872587331920994,0.005297861202728499,0.039184339836917624,184,True,12,33,184,970077,2689.89,2731.51,0.015472751673860419,False,2018-02-15 16:55:11.621
2018-02-16,2739.5989,0.019714,0.018711,0.03461195279338248,4.813537932842812,-0.9427695849505717,0.8160766035933995,0.020923943766039156,-0.33276912753111587,0.005471333778768222,0.04730399373431993,183,True,12,30,183,1303637,2725.11,2754.42,0.010755529134603758,False,2018-02-16 16:17:18.584
2018-02-20,2726.0455,0.019869,0.018828,0.04054059183337804,3.928888099559025,-0.8409894388114226,1.0924825884937275,0.02831794085836584,-0.8749593085554775,0.005331400021365401,0.04293117951205484,184,True,12,35,184,605078,2706.76,2737.6,0.011393695783889157,False,2018-02-20 16:16:50.631
2018-02-21,2729.396,0.020025,0.018938,0.04778209653306735,1.8763828000133151,-0.9759724878317959,0.6350908973617657,0.02055055932906208,-0.22402543974532596,0.0072488897492936615,0.06356558121834657,184,True,12,34,184,718837,2701.32,2747.75,0.017187893326225723,False,2018-02-21 16:44:57.719
2018-02-22,2717.2899,0.019998000000000002,0.01893,0.03964672501268659,3.8004823804232,-0.9839424986951485,0.9054581737448361,0.02404139175249728,-0.5185011446969354,0.00613273412822186,0.05176725622844259,187,True,12,31,187,631613,2697.77,2731.26,0.01241395671239598,False,2018-02-22 16:16:48.916
2018-02-23,2729.0318,0.01997,0.018589,0.035327775085764304,4.580079941417282,-0.9391734801308034,0.9285094956053135,0.018449247154273977,-0.5385218153388132,0.00612998361820698,0.057880849217387065,183,True,12,37,183,905435,2713.74,2747.76,0.012536204647460858,False,2018-02-23 16:17:00.098
2018-02-27,2768.8394,0.020045999999999998,0.018622,0.03172429893126487,6.460530709493165,-0.558264214121587,1.6310419928768063,0.02446725007509751,-2.250386367562388,0.007555632268768125,0.06875657619447102,184,True,12,27,184,985356,2744.22,2789.15,0.01637259403400604,False,2018-02-27 16:33:00.464
2018-02-28,2743.0567,0.020564,0.018843000000000002,0.040778093857168726,2.8711000668139532,-0.8499129153420121,0.8245855917271512,0.02176153432052608,-0.44578542208829053,0.006034389766042173,0.0526665100893307,185,True,12,32,185,734239,2713.54,2761.52,0.017681699919662064,False,2018-02-28 16:24:45.383
2018-03-05,2708.5266,0.022231,0.018832,0.03712902408655697,5.5867158385666675,-0.9127633043293744,1.1647316196840005,0.02697213629272884,-0.9417411320219329,0.007232539921675503,0.05837782447099113,184,True,12,27,184,879828,2675.94,2728.08,0.019484741810354533,False,2018-03-05 16:34:23.543
2018-03-08,2732.7268,0.024081,0.018733,0.050109288530176405,2.4656233004902512,-0.8534284536726595,0.8509969225657099,0.018504103352387412,-0.4770945034743252,0.005423688678347763,0.052671846465127896,187,True,12,36,187,543418,2722.65,2740.45,0.006537748149780365,False,2018-03-08 16:26:26.556
2018-03-12,2787.4298,0.026986,0.018439,0.046377833807364426,1.694650385950423,-0.576100386157303,0.7284888476860952,0.016249341932942748,-0.37350757328062545,0.004536548892677818,0.04661782419290141,188,True,12,30,188,898116,2779.26,2796.97,0.006372199794189681,False,2018-03-12 16:25:47.641
2018-03-13,2780.3174,0.020266000000000003,0.018564,0.03674402341565914,3.7032033494674286,-0.571946228052124,0.9539615694200443,0.01652600881522485,-0.6379014947587969,0.004592580366672447,0.047077437166336465,182,True,12,28,182,785558,2758.69,2801.9,0.015663231461309657,False,2018-03-13 16:19:14.693
2018-03-19,2712.7882,0.0206,0.018919,0.04380482554674967,4.831242745212892,-0.7888726602414511,1.4731314784353722,0.027200555989783853,-1.7468528615010839,0.01015902239444785,0.10249410770225358,182,True,12,34,182,997702,2694.61,2740.3,0.016956071565087383,False,2018-03-19 16:28:41.247
2018-03-21,2720.2485,0.020364,0.018942,0.046051532818080027,5.205643357020526,-0.7004176647137617,1.9250543936867412,0.026572272622576578,-3.226378706862525,0.0059277038706638755,0.06001482921555583,185,True,12,42,185,629030,2709.83,2739.14,0.010816176660528587,False,2018-03-21 16:33:50.437
2018-03-26,2627.7732,0.020282,0.019326,0.05121236884769532,3.9471353439333954,-0.7737741703855753,1.4341065506470967,0.04405422648508655,-1.65237729635833,0.008879981726779687,0.05753911543367474,183,True,12,31,183,921239,2601.81,2661.36,0.022887912645427777,False,2018-03-26 16:25:16.791
2018-03-27,2653.3597,0.020280999999999997,0.019668,0.04555252388823395,4.1752008232760724,-0.8371477962276671,1.0280460935915634,0.037006148309210396,-0.6764969000679588,0.009469696273689581,0.061390940916152464,184,True,12,38,184,1007888,2596.45,2674.68,0.030129600030811332,True,2018-03-27 16:56:53.566
2018-03-28,2612.431,0.021061,0.019784,0.04400433106780333,9.182141716928784,-0.7672501822797717,1.885275770526866,0.06271909259112661,-2.746156722889223,0.008348419592230674,0.049157652912744224,190,True,12,33,190,1156557,2593.14,2632.65,0.015236354381175099,False,2018-03-28 16:25:17.193
2018-03-29,2635.1371,0.020821999999999997,0.019531,0.04125818935776361,7.0012284123244815,-0.6161578956367624,1.5356761581052623,0.041619224528003734,-1.7805852474276622,0.006825000526386047,0.046980976222072805,183,True,12,33,183,1287918,2609.72,2659.07,0.018910074644023167,False,2018-03-29 16:24:31.596
2018-04-03,2597.7416,0.020821999999999997,0.019531,0.04943513973171286,5.244214245921557,-0.7140904577576874,1.7948395455235027,0.059127968669484735,-2.702952066114671,0.008450683114030149,0.07068883875397494,188,True,12,45,188,975093,2575.49,2619.14,0.0169482312103717,False,2018-04-03 16:16:52.161
2018-04-06,2617.4206,0.022803,0.019825,0.04766588316300181,4.323713750095929,-0.731377648237939,1.3596150779640537,0.043656939130044196,-1.436365891342526,0.008815790803816134,0.0566944073999351,189,True,12,34,189,972169,2586.27,2656.86,0.027294134023129857,False,2018-04-06 16:30:09.465
2018-04-09,2634.0973,0.024708,0.019767999999999997,0.05476903409880228,3.925299989100957,-0.4590068600320846,1.9834495101140168,0.05001853595006717,-3.504102181269336,0.006317522596561338,0.03903264303636348,182,True,12,26,182,827075,2610.79,2653.52,0.01636669360614995,False,2018-04-09 16:21:15.804
2018-04-10,2653.8551,0.026098,0.019447000000000002,0.07479819241794824,1.6567865167576734,-0.6054568114443478,1.4507574214661954,0.0447042436852411,-1.8568478225874385,0.0044598607530892415,0.029363564316680624,182,True,12,40,182,701822,2635.78,2665.28,0.011192132879071837,False,2018-04-10 16:17:23.444
2018-04-11,2648.5062,0.026098,0.019447000000000002,0.06064707870080673,1.6751633706472653,-0.7812180467146218,0.8224624299196484,0.03311129558671582,-0.47325691907662576,0.004133934308951211,0.029617125795268102,182,True,12,44,182,976376,2639.27,2661.33,0.008358371822511534,False,2018-04-11 16:19:20.531
2018-04-12,2666.6036,0.026930999999999997,0.019422,0.04763937872831878,2.2993501594459964,-0.9350635020005139,0.6731860167980648,0.026874363498770395,-0.23410018706270835,0.004196502022229781,0.03279992633455049,186,True,12,36,186,958600,2655.83,2674.72,0.007112654047886968,False,2018-04-12 16:16:02.277
2018-04-16,2676.493,0.020992,0.019326,0.032041320578037026,8.02642521662592,-0.728570436212903,1.1649029621486575,0.021177619521759714,-0.8426443842996137,0.004700312146776294,0.04281122879439887,183,True,12,25,183,978633,2665.22,2686.43,0.007958067251483847,False,2018-04-16 16:27:57.452
2018-04-17,2705.0414,0.021278000000000002,0.019122,0.04159449562466017,2.192695773448824,-0.7359559158607147,0.6488707347432787,0.015134485035787045,-0.23862508089642645,0.003857376649000966,0.03915648393194414,183,True,12,29,183,1291413,2692.05,2713.33,0.00790475659813139,False,2018-04-17 16:19:35.514
2018-04-18,2712.8479,0.021513,0.019106,0.0544212146647397,1.4235298155375615,-0.8578988688911346,0.6458663175621396,0.01513016468040813,-0.2622028568152247,0.0072493740238784915,0.41085750850211117,186,True,12,34,186,1065300,2703.7,2717.48,0.005096719310574427,False,2018-04-18 16:19:18.023
2018-04-19,2692.3313,0.021772999999999997,0.019221,0.038585910985191325,4.597277738825384,-0.6626096605697742,1.4093075396315495,0.02091564049066726,-1.6313674420532958,0.004027916119522814,0.039954039249919054,186,True,12,35,186,774906,2681.9,2702.75,0.007774339087960103,False,2018-04-19 16:27:37.100
2018-04-24,2642.8542,0.022082,0.019652,0.054756395079563855,2.9805677422318717,-0.6166042404544518,1.8726841373949226,0.036225679624460924,-3.180535588740461,0.00951698283941382,0.08359002814949093,185,True,12,32,185,957785,2617.32,2683.55,0.02530450995674971,False,2018-04-24 16:17:53.073
2018-04-26,2661.9444,0.022291,0.019413,0.039218053010913925,3.5760920818528747,-0.7575902960559443,1.081884087895619,0.025170248859954975,-0.8899784419657044,0.004995133366686205,0.042769461657099606,185,True,12,38,185,643568,2647.16,2676.48,0.011076021094304833,False,2018-04-26 16:36:29.990
2018-05-01,2637.7476,0.017927,0.01951,0.041601177675165434,3.243856457708403,-0.7924840837038657,0.9385802005136356,0.022307977668735685,-0.6110362950964963,0.0042563823781612276,0.04325413896231372,187,True,12,37,187,802028,2625.42,2655.27,0.01136960943391907,False,2018-05-01 16:27:15.596
2018-05-02,2648.3038,0.018317,0.019655,0.04037908007745575,3.3170052886137484,-0.6265482638170711,1.0499867132308025,0.020451542429112995,-0.8345968536286659,0.004517942037639197,0.042123501988765626,183,True,12,30,183,773728,2631.71,2660.86,0.01107644839287003,False,2018-05-02 16:16:22.307
2018-05-04,2648.6466,0.020662,0.019483,0.028901454612595672,6.818081372855247,-0.8233478342615634,0.8427644481655904,0.016237637040853566,-0.31614697640673217,0.005134696595170745,0.04965245061686679,184,True,12,31,184,760741,2615.34,2670.93,0.02125536259147931,False,2018-05-04 16:18:58.376
2018-05-08,2666.639,0.023088,0.019416,0.0349899501095439,4.236520151382742,-0.7988791630432321,0.8819113983150484,0.01719851604717834,-0.48129645700808493,0.0033819950378358244,0.03601334868927607,187,True,12,39,187,602024,2655.23,2676.28,0.007927750138406076,False,2018-05-08 16:26:21.318
2018-05-14,2734.3363,0.022586,0.018946,0.07449724963595605,0.596300864521729,-0.8246677067453025,0.4160106992125433,0.01008356965345544,-0.08421935313448585,0.0023359737528353204,0.03215161855445055,185,True,12,29,185,874186,2725.51,2742.1,0.006086934188463733,False,2018-05-14 16:15:46.805
2018-05-15,2708.4008,0.022742,0.019081,0.04595250083424315,1.8153856598876514,-0.724391656250383,0.8112122521922248,0.01397275727040887,-0.491222296005861,0.0031217225578044914,0.03710892810355391,185,True,12,35,185,799768,2701.91,2716.89,0.0055442261215215005,False,2018-05-15 16:43:10.925
2018-05-16,2718.8784,0.022768,0.019030000000000002,0.04321655810091672,1.4787041762632138,-0.9426056252484315,0.4820902437061193,0.01065999630319397,-0.10460199318153077,0.0034330994272577776,0.04701715498156118,182,True,12,38,182,619193,2712.68,2727.76,0.005559078107259419,False,2018-05-16 16:17:40.613
2018-05-24,2723.5077,0.022605,0.019037,0.03889237907275224,1.9071890725636567,-0.8562255792157071,0.532606009411272,0.008986195462133905,-0.13531892051388691,0.004594323603483205,0.06518117078860619,187,True,12,39,187,699008,2707.38,2731.81,0.00902348395866115,False,2018-05-24 16:20:59.080
2018-05-25,2721.1982,0.02247,0.019092,0.04400849054165143,1.8064713579317657,-0.7882429321110991,0.6787563357497951,0.009031600346217476,-0.30171000798187997,0.002811103360892663,0.04615261541053268,183,True,12,39,183,456037,2715.01,2727.36,0.004548786192315912,False,2018-05-25 16:14:49.834
2018-05-29,2691.234,0.021631,0.019318,0.10441269835069765,0.7180185974054392,-0.7568326852073315,0.9704107201643178,0.019078929834871413,-0.7917564473676597,0.006781926371392325,0.07116069554175708,183,True,12,29,183,901693,2676.83,2710.67,0.012641818867840104,False,2018-05-29 16:17:41.895
2018-05-30,2717.7412,0.022049,0.019087,0.05712207091889954,1.5116730698767329,-0.7999612365089395,0.8180072165986217,0.013343933154594237,-0.4964360138000458,0.004210618994010808,0.04966915668385862,188,True,12,30,188,616277,2702.99,2729.34,0.009748463738304736,False,2018-05-30 16:15:34.289
2018-05-31,2711.0952,0.022231,0.019244,0.044393700043533164,2.318274377861252,-0.8128881120087732,0.8408263854727402,0.0136990118849357,-0.5011554558083914,0.002753253780653529,0.03133897902585019,184,True,12,36,184,790125,2700.68,2722.47,0.008068338344416892,False,2018-05-31 16:38:57.396
2018-06-04,2744.9466,0.020451,0.018965,0.06327765991904137,1.1709866518795844,-0.7062915906709457,0.7723071246536456,0.01058077111188794,-0.44826370453603526,0.003155436016587169,0.04313632285138554,182,True,12,36,182,645872,2740.54,2749.16,0.0031453655119064727,False,2018-06-04 16:14:48.200
2018-06-05,2746.5207,0.020451,0.018965,0.09548787744613106,0.6846919661554453,-0.734282527091149,0.7072494047656371,0.009917708770776681,-0.36944215543614467,0.0034673004735118135,0.050485820912756496,183,True,12,38,183,627874,2739.53,2752.61,0.00477454161845281,False,2018-06-05 16:16:25.302
2018-06-06,2760.1377,0.022958,0.018802,0.06860339354192434,1.1845371041288488,-0.5815115816821655,1.004965273680133,0.009482108895318945,-0.8474286710638592,0.0027327214060731656,0.04407850280264298,182,True,12,23,182,915809,2748.5,2772.39,0.008692013825723155,False,2018-06-06 16:16:17.814
2018-06-07,2769.7211,0.023033,0.018811,0.18212387955575754,0.5770488311851036,-0.5069214484366992,1.6554285714800272,0.011861057275381257,-2.530255011615311,0.0033143064948303017,0.04775514179925683,181,True,12,25,181,1086409,2760.17,2779.84,0.0071263726509598335,False,2018-06-07 16:24:23.140
2018-06-08,2771.4471,0.024131999999999997,0.018755,0.06622290340943462,1.5908972042001353,-0.5719375264961776,1.3849172066246505,0.010669252020049617,-1.7072880054288546,0.003156416036087301,0.04602765694601944,183,True,12,28,183,443114,2763.64,2779.39,0.005699005659203005,False,2018-06-08 16:15:55.361
2018-06-11,2785.8476,0.026959,0.018736,0.052372932578736923,1.577187079371993,-0.6794136522763635,1.0202124920444846,0.010500614961543303,-0.8756297037796087,0.0037002147569200686,0.0681604022087577,182,True,12,38,182,863766,2780.21,2790.21,0.0035968505976167187,False,2018-06-11 16:19:15.612
2018-06-12,2785.2976,0.026944,0.018711,0.11167207137042953,0.7260886752900882,-0.5337227618003046,1.1941257164705288,0.010703128487969992,-1.2637685739997429,0.002929344594797238,0.04542269475331905,183,True,12,31,183,866993,2778.79,2789.8,0.003962156190284283,False,2018-06-12 16:24:34.302
2018-06-13,2786.5308,0.02316,0.018791,0.06235773182609733,1.540859081857428,-0.5782766578704517,1.292243932732134,0.010993759640464902,-1.477725426866468,0.0034664354793216318,0.047185059643888465,184,True,12,37,184,601836,2774.65,2791.44,0.006051213666588673,False,2018-06-13 16:24:10.302
2018-06-14,2782.834,0.023081,0.018768,0.060276726030501944,1.272096066801566,-0.620765301009776,0.8375185162467607,0.008453541832553698,-0.5480816928500214,0.0029612796616341275,0.05100906631218878,187,True,12,34,187,665750,2776.52,2789.06,0.004516445046316875,False,2018-06-14 16:46:50.051
2018-06-15,2772.1377,0.023025000000000004,0.018753,0.046003038745006046,1.9106657300239402,-0.6800277005150914,0.7966628457975621,0.007859729739999717,-0.458878830660177,0.0030592617907645374,0.04708129816599199,185,True,12,28,185,785452,2761.73,2782.81,0.007632896771226694,False,2018-06-15 16:28:33.169
2018-06-18,2769.2176,0.023180999999999997,0.018799,0.0936623251838282,0.8380565072880244,-0.6525506148327153,0.9092759609424685,0.010118547859430789,-0.6697941309317811,0.003906673708365039,0.05517444865886201,183,True,12,30,183,874678,2757.12,2774.99,0.006481400882079713,False,2018-06-18 16:57:15.290
2018-06-19,2753.9405,0.023102,0.018888000000000002,0.058041376354354454,1.7831513920156599,-0.7514349138093601,1.1202927599407426,0.01334449414659768,-1.0480627458941023,0.004335692745527633,0.059914790840014644,184,True,12,48,184,576700,2743.19,2765.05,0.007968824616596093,False,2018-06-19 16:19:22.722
2018-06-20,2769.8859,0.023445,0.018915,0.09835073141023384,0.76471114765261,-0.7744932489007816,0.7962178069211893,0.00927633244022952,-0.48354299468000117,0.002666484312528926,0.041483535777876654,185,True,12,51,185,886134,2763.91,2774.86,0.0039617787844032915,False,2018-06-20 16:16:11.399
2018-06-21,2754.7329,0.023208000000000003,0.019043,0.0549946637733541,2.0041675892721393,-0.8063781880576818,1.1875418392723667,0.014645800109652461,-1.1898185745874457,0.0047798847295312565,0.06503488222282308,181,True,12,46,181,721740,2744.39,2767.22,0.00831878851037926,False,2018-06-21 16:16:07.063
2018-06-22,2760.7353,0.023205,0.01901,0.04906991418566552,2.3192628730286815,-0.7794556721562591,1.0942449478923166,0.010674490694760909,-0.9697599456808238,0.0029414428055726336,0.044714277236749214,181,True,12,50,181,592778,2752.84,2764.17,0.004115749553188719,False,2018-06-22 16:19:26.143
2018-06-25,2716.6731,0.023204,0.019272,0.05137737463706282,2.0370877396356626,-0.8919234515075015,0.8802847902238501,0.0204251554344859,-0.5655808719637899,0.008512303735290506,0.08216947053078923,183,True,12,36,183,842280,2698.67,2742.66,0.016300622158322398,False,2018-06-25 16:20:26.453
2018-06-26,2723.7165,0.023203,0.01923,0.04317329080464271,2.2570179045207333,-0.9492719344925716,0.720938794319168,0.01605639889234582,-0.32486696446805763,0.0037078666601521966,0.037469231196462706,184,True,12,39,184,679573,2715.6,2732.91,0.00637428192664613,False,2018-06-26 16:16:01.871
2018-06-28,2707.4172,0.023069000000000003,0.019289,0.04732994855738203,3.1685097737165844,-0.8403862394770772,1.2000028678489072,0.023851595822169162,-1.1400760736584656,0.007452152400145157,0.06958282004073944,188,True,12,33,188,848891,2691.99,2724.34,0.012017132307326595,False,2018-06-28 16:21:59.242
2018-06-29,2733.7197,0.023119,0.01928,0.04043865275745882,3.2525109079536363,-0.8628907310149775,0.9328124741182029,0.014992158094729691,-0.6070847934773544,0.003602760276154898,0.036593050723756994,186,True,12,40,186,546489,2718.03,2743.26,0.009282458251012704,False,2018-06-29 16:19:40.877
2018-07-02,2708.902,0.018889,0.019212,0.06144074196887566,1.8432662319169424,-0.8972019310504235,0.9316308380593358,0.018941680696027936,-0.6414327285528392,0.006645526901751998,0.06734801518914588,182,True,12,40,182,556592,2698.99,2727.23,0.010463173261108905,False,2018-07-02 16:14:32.693
2018-07-03,2729.0421,0.020376,0.019308000000000002,0.06316359819876856,1.5475229052371888,-0.896256036313731,0.7589390491830006,0.01423660744239908,-0.38049425039521145,0.004202742017333253,0.048475731597244276,183,True,12,43,183,436391,2711.16,2736.58,0.009376060431697253,False,2018-07-03 13:22:21.415
2018-07-05,2727.8334,0.022332,0.018852999999999998,0.0653726628772213,1.4399749040533045,-0.8723292273949032,0.8761969196779529,0.01574344544829792,-0.5794510541444615,0.0038293396460372985,0.04313951118662937,185,True,12,42,185,654022,2716.04,2737.82,0.008019027702095727,False,2018-07-05 16:15:34.616
2018-07-06,2755.8213,0.022879,0.0187,0.08922585094695515,0.8806119572761317,-0.8065277197137347,0.7343387833922597,0.010920978549644696,-0.3821067463099709,0.003947814117339264,0.04967075872987518,183,True,12,27,183,561694,2733.52,2764.41,0.011300447774298394,False,2018-07-06 16:14:51.035
2018-07-09,2778.8661,0.025068999999999998,0.018541000000000002,0.09891623370366291,0.5682813086326866,-0.9705426623029753,0.44384656389889016,0.008116153603010655,-0.08457527881658315,0.0031940152632709182,0.04330587272157008,183,True,12,31,183,1020119,2770.14,2784.65,0.005238002411430465,False,2018-07-09 16:17:46.033
2018-07-10,2791.4819,0.025068999999999998,0.018541000000000002,0.1653215502960616,0.3197861267494495,-0.9508075943120323,0.4666388940048634,0.007581219216331107,-0.11201678092329845,0.0022415378543767456,0.03718191373975074,183,True,12,30,183,934612,2786.24,2795.58,0.0033521878947972983,False,2018-07-10 16:17:10.568
2018-07-11,2778.4203,0.027368,0.018611,0.049109775466105544,1.988808692705126,-0.7251547620235469,0.9501030481972554,0.010949175003439063,-0.7073559055061409,0.0024752631516568903,0.033735280966474504,183,True,12,24,183,489676,2770.78,2785.91,0.005460556233262803,False,2018-07-11 16:16:54.993
2018-07-12,2792.879,0.026755,0.018474,0.03717846891460929,4.029776475880906,-0.6235585818939133,1.5194497107759406,0.01037488992175511,-2.0090855846943656,0.0029830283215780515,0.042856264502646214,185,True,12,37,185,949151,2781.55,2799.22,0.006352573205586687,False,2018-07-12 16:16:41.968
2018-07-13,2801.1168,0.023444,0.018453999999999998,0.036314555501554935,2.8140222737031366,-0.7049794183117668,0.8154263309935934,0.007378661301278368,-0.46054016519566454,0.003090038192557845,0.052650522217114575,183,True,12,30,183,649774,2791.75,2804.52,0.004574191815169604,False,2018-07-13 16:16:13.046
2018-07-18,2811.6397,0.023997,0.018366,0.1347617878032797,0.48630893659029567,-0.599808891067011,0.77691989062453,0.00730784310883275,-0.4725327930087917,0.002989732177424097,0.04763019377131918,184,True,12,27,184,864625,2805.89,2816.76,0.003873993634818218,False,2018-07-18 16:31:10.130
2018-07-19,2807.2745,0.023864,0.018443,0.044802344152868885,1.510822867763577,-0.9371640409782221,0.53394372263644,0.007516144787259304,-0.14971908679172333,0.003399260179415594,0.05290804156644149,185,True,12,48,185,821196,2799.77,2812.05,0.00438607457041118,False,2018-07-19 16:35:02.711
2018-07-20,2804.9086,0.023887000000000002,0.018456999999999998,0.05261367981196843,1.283181058714024,-0.8852751954101009,0.5681395237264902,0.007352759653083083,-0.18775676369223848,0.0028903273919395124,0.04618059086818021,182,True,12,34,182,597972,2800.01,2809.66,0.003446416262798957,False,2018-07-20 16:15:31.054
2018-07-23,2803.9775,0.023991,0.018423000000000002,0.06794162161714315,1.2102679026884582,-0.6820180724843756,0.8625013392234131,0.00851750113207344,-0.5794534323625158,0.003235492720651126,0.05382988474646126,182,True,12,28,182,607585,2795.18,2808.61,0.004804699518456967,False,2018-07-23 16:17:25.086
2018-07-24,2822.0911,0.023937,0.018339,0.11756221845346626,0.6797625561458343,-0.5807455584274338,1.0127559303665852,0.008516299357708668,-0.8658457862484812,0.002854394377204229,0.042800169527483604,182,True,12,25,182,774397,2811.13,2829.98,0.006705488540195592,False,2018-07-24 16:35:03.269
2018-07-25,2829.0813,0.023988999999999996,0.018174,0.07322766282110364,1.4940919538316926,-0.604738855739263,1.4616766595517208,0.009210730538759202,-1.917680933440455,0.0032482358975193812,0.05528947510789764,183,True,12,26,183,779563,2817.73,2848.03,0.010753336905949151,False,2018-07-25 16:18:55.857
2018-07-26,2840.4153,0.02404,0.01823,0.05852998525254034,1.501608775460137,-0.6034920543238095,1.1943693252026373,0.009964623078210439,-1.2507398060194692,0.0029065963496017664,0.041029304453120786,184,True,12,41,184,849784,2835.41,2845.57,0.003583256037045901,False,2018-07-26 16:24:20.508
2018-07-27,2823.7098,0.024036,0.018349999999999998,0.04210421836351131,3.07209458263223,-0.6658606046692049,1.5124789035948072,0.011745076587499528,-2.028896151538335,0.00398615028951275,0.05668442581778761,184,True,12,41,184,615890,2808.34,2843.17,0.012402344445473057,False,2018-07-27 16:15:17.780
2018-07-30,2807.2509,0.024062,0.018473,0.05302339342258185,1.5875934923898107,-0.8023963909244334,0.9160418135250318,0.011345435798221868,-0.6707734154419979,0.003536238735701865,0.04890189249412767,182,True,12,42,182,710633,2798.11,2821.74,0.008444986079889416,False,2018-07-30 16:18:36.707
2018-08-02,2816.6936,0.01881,0.018311,0.2833455812301726,0.2532797533753408,-0.7401993224128103,0.8161584578972776,0.008823035925129483,-0.5225832305293208,0.005330197923406677,0.07341591416556184,183,True,12,28,183,549847,2796.34,2829.91,0.012004977935444083,False,2018-08-02 16:15:40.827
2018-08-03,2833.6481,0.020323,0.018248,0.053322574995077116,1.461580141510913,-0.7853210097675231,0.6826511163519924,0.005847402319300578,-0.31014211324255925,0.003531920433611185,0.07023945258294613,184,True,12,37,184,728623,2827.4,2840.38,0.004590790125203359,False,2018-08-03 16:29:39.172
2018-08-06,2846.8342,0.022823000000000003,0.018191,0.06535040845808313,1.1340123353750482,-0.624970080804975,0.7491183300520486,0.0059142822014355235,-0.4129619337934418,0.0024444800935226195,0.04323021134187463,183,True,12,25,183,709642,2835.98,2853.29,0.00610371018131306,False,2018-08-06 16:15:37.716
2018-08-08,2858.7318,0.024156,0.018151,0.05003981425617138,1.9828828069349311,-0.4737639849098426,1.1730743085517328,0.006010820226134435,-1.1776571586825666,0.002918269933069616,0.05212188002142916,183,True,12,26,183,861399,2853.09,2862.44,0.003277148635339122,False,2018-08-08 16:15:07.093
2018-08-09,2857.3333,0.024156,0.018151,0.03559975499933704,2.5816170232924427,-0.651698286937224,0.8629883362263986,0.00542679982477365,-0.5609390014001501,0.0038848632820111502,0.0833125214140108,189,True,12,45,189,610465,2851.98,2862.45,0.0036711337386656773,False,2018-08-09 16:19:17.998
2018-08-10,2834.8864,0.026066,0.018363,0.07496878789720776,0.7722007251013727,-0.9967549349878682,0.4889877179569518,0.00782707953659277,-0.12332708356435773,0.0034724790034934274,0.052341752103769845,182,True,12,30,182,858370,2825.81,2842.18,0.005793029255328541,False,2018-08-10 16:19:29.938
2018-08-13,2831.8399,0.024045,0.018449,0.05816312573382066,1.7665007540237883,-0.7623413063521589,1.1836245594436972,0.013116142925172679,-1.195476686787937,0.005110457061198554,0.06542181615700125,184,True,12,31,184,560845,2819.88,2843.4,0.00834078045874298,False,2018-08-13 16:27:30.625
2018-08-14,2838.157,0.024071,0.018337000000000003,0.9979691516306292,0.07657817132381357,-0.7092449582590952,1.0070791402639951,0.010420766888180099,-0.8613630894159653,0.002660705550756597,0.037433415302007056,185,True,12,33,185,437350,2826.6,2843.1,0.005837401825514732,False,2018-08-14 16:17:48.717
2018-08-16,2842.5017,0.024390000000000002,0.018368,0.04042553128727773,2.5139238021320613,-0.80825802458008,0.8887922271831593,0.008942277505695735,-0.586698212467357,0.0035153441979643386,0.05977964390962236,192,True,12,36,192,780137,2834.31,2850.48,0.005705092244673304,False,2018-08-16 16:18:06.447
2018-08-17,2843.0921,0.024281,0.018313,0.08852483667326397,1.414182751770955,-0.6223877820433964,1.5727035148381778,0.010258058345219588,-2.223015751331017,0.004393129690352991,0.065349495262556,184,True,12,25,184,813347,2833.74,2855.62,0.007721244715464426,False,2018-08-17 16:15:04.838
2018-08-20,2855.7052,0.024175,0.018276,0.050015178243488244,2.4676650330774508,-0.5822273886934116,1.3999943117045648,0.009038568768952152,-1.713142659855954,0.0027988927386079394,0.044809249760461994,182,True,12,25,182,723873,2850.62,2859.75,0.0032028120198412946,False,2018-08-20 16:17:49.888
2018-08-21,2867.9232,0.024252,0.018243,0.034194530640638834,4.675312741731076,-0.556047760842852,1.714921833457216,0.00880164507056657,-2.6212166452648744,0.0026292957346907148,0.041103026091031926,185,True,12,29,185,1026343,2861.32,2873.23,0.00416241454992794,False,2018-08-21 16:19:41.026
2018-08-22,2862.9928,0.024172,0.018259,0.04541663124193376,3.1912372117606567,-0.6133993878444782,1.5642301203401052,0.008501438594479504,-2.156945382075079,0.0030913385473678575,0.05453064458981586,187,True,12,30,187,813593,2856.05,2867.54,0.0040230388123456695,False,2018-08-22 16:41:52.862
2018-08-23,2860.1453,0.024224000000000002,0.018297,0.034917417332367924,3.332360137911555,-0.7489511374608333,0.9839570649648435,0.007492925455215728,-0.7354566864198193,0.0031936424407188507,0.059297402374602806,184,True,12,34,184,564637,2854.03,2868.78,0.005168130678374183,False,2018-08-23 16:25:21.865
2018-08-27,2895.0421,0.02435,0.018059000000000002,0.02826535321375599,6.2274060855318805,-0.4236554796647021,1.5903073851708438,0.0065236040342175824,-2.177037914102822,0.002460155859088295,0.042749790012652326,181,True,12,19,181,1180032,2886.6,2898.25,0.004035889974364437,False,2018-08-27 16:20:43.269
2018-08-30,2905.2682,0.024425,0.01803,0.03327765180229518,4.0794870995653305,-0.5622382965938401,1.2107445128570697,0.008103683921457633,-1.1943907729509229,0.004278305932830844,0.06709021776396004,184,True,12,34,184,968850,2895.22,2912.44,0.0059477345417620064,False,2018-08-30 16:15:15.575
2018-09-04,2893.1351,0.020554000000000003,0.018076000000000002,0.043677046155983903,3.7347044073698696,-0.5740124540755593,1.6245158782602978,0.011318682941003225,-2.312810125160526,0.004268911604057954,0.0599977769045712,186,True,12,34,186,761073,2885.13,2900.13,0.005199072485468692,False,2018-09-04 16:14:59.235
2018-09-06,2876.1093,0.022461000000000002,0.018082,0.10469545736844796,0.8389106747969154,-0.7997862374015916,0.8104681952443806,0.011052469294746898,-0.48119842192441076,0.00421918582041541,0.05382608431117834,181,True,12,34,181,967545,2867.31,2892.05,0.00862829620794403,False,2018-09-06 16:49:02.150
2018-09-07,2876.1836,0.023162,0.018229,0.03755500961688495,3.339874420565646,-0.8808673998914929,0.8520690035856174,0.011096948831332814,-0.47516355490432516,0.004328723376887953,0.053355800748877746,182,True,12,30,182,707607,2864.32,2883.76,0.006786951178639367,False,2018-09-07 16:36:48.821
2018-09-10,2880.3025,0.02617,0.018191,0.0407272725502643,2.7389005242913496,-0.830076464859737,0.8595966238249928,0.009932335284643863,-0.515810459409575,0.003671800424030357,0.05025097777858518,185,True,12,39,185,567512,2875.94,2886.93,0.003821359277314418,False,2018-09-10 16:40:43.775
2018-09-11,2882.7063,0.027254,0.018135,0.05841800363446995,2.441525177628527,-0.6306718452981632,1.362324529174222,0.009527562663106,-1.5706700693890596,0.004039059571769329,0.05937797769828598,187,True,12,25,187,722742,2866.79,2892.52,0.008975195253227541,False,2018-09-11 16:16:38.927
2018-09-14,2904.7816,0.025543,0.018027,0.04076639622529648,2.79124473664034,-0.6176002239465178,1.0662893915871963,0.0061559711728313956,-0.9093950888200862,0.0032489116747001206,0.058626960778944325,183,True,12,29,183,692324,2895.77,2908.3,0.004327001108513473,False,2018-09-14 16:17:32.130
2018-09-17,2895.7798,0.025542,0.018121,0.04066628475265155,3.519020200009001,-0.6428456395767291,1.6337319612721997,0.01079375609701069,-2.3828691662745105,0.0042151105370487,0.06614831147220901,183,True,12,31,183,707131,2886.16,2904.55,0.006371788119854838,False,2018-09-17 16:17:45.051
2018-09-18,2905.0474,0.025672,0.018036,0.04179668964449576,2.8926665638095423,-0.6660492863545953,1.3836839341549771,0.010081099073314352,-1.6727734564134802,0.002783155492216398,0.03961326453054428,183,True,12,39,183,587680,2891.44,2911.13,0.006809755692665176,False,2018-09-18 16:26:15.064
2018-09-21,2934.3579,0.025639,0.017884,0.03746278734007295,3.137843018083279,-0.589395662397375,1.276972164505176,0.007119963147278502,-1.395553217535061,0.0025049299539617776,0.04093895239073711,184,True,12,31,184,950785,2927.11,2940.91,0.004714547796290436,False,2018-09-21 16:19:52.485
2018-09-24,2918.8159,0.02569,0.017932999999999998,0.051946981661563404,2.401153052644284,-0.6594684683265715,1.5782558851230801,0.011878405706211573,-2.241426331740998,0.003111492797142639,0.04503669391437005,181,True,12,29,181,792932,2912.66,2923.77,0.003814382729189214,False,2018-09-24 16:15:43.467
2018-09-25,2918.9505,0.025741999999999998,0.017961,0.04440771522811172,2.820974484684966,-0.6444499089954546,1.4676625236738978,0.010764970702236032,-1.9034872202335162,0.0025817931879384666,0.0369868790642775,182,True,12,37,182,585859,2913.7,2923.95,0.0035178638844082233,False,2018-09-25 16:16:49.166
2018-09-26,2919.9439,0.025661,0.018021,0.04013169625427603,4.16292342030516,-0.6154462435270839,1.9679392908891071,0.011319675076494866,-3.538654696158125,0.004075736236960416,0.05911769670942608,182,True,12,40,182,574689,2903.28,2931.11,0.009585709955636457,False,2018-09-26 16:28:49.785
2018-09-27,2919.8096,0.02566,0.017995,0.035682049541059115,4.626112712920737,-0.6598411818107887,1.7817432920507192,0.01045245146122162,-2.8444707927578126,0.003127810186128247,0.04854924880188567,184,True,12,40,184,837343,2909.27,2927.16,0.0061493089331687845,False,2018-09-27 16:26:13.875
2018-09-28,2915.1864,0.02563,0.017998,0.03474060684040419,2.7961577695124693,-0.8876349448859366,0.7029194789196159,0.0072099075626793595,-0.2998153583758759,0.0034489497268769026,0.055013890182981966,182,True,12,38,182,734482,2907.5,2920.52,0.004478073946689642,False,2018-09-28 16:28:47.903
2018-10-01,2929.6933,0.017665,0.017935,0.03912233917330438,3.7575943568898182,-0.596634861618299,1.4486751870538588,0.007373580437510787,-1.8046480357736567,0.0024113578703989923,0.03734581313764133,182,True,12,22,182,702612,2917.91,2937.06,0.006562916608120251,False,2018-10-01 16:14:55.646
2018-10-02,2925.2954,0.017665,0.017935,0.031899108954118904,6.311353264884685,-0.5906280779594745,1.7995181373402613,0.007690968912257594,-2.8356124357275827,0.003115225306725809,0.05077998338913888,180,True,12,21,180,487076,2919.37,2931.4,0.004120752080072121,False,2018-10-02 16:18:35.088
2018-10-03,2932.3207,0.017665,0.017935,0.03134758667451816,4.983966380147787,-0.630381246255357,1.2373192908963848,0.0068136395358738356,-1.218488391455198,0.003065460815045385,0.04458877458788056,188,True,12,25,188,689521,2921.37,2939.86,0.00632922224846566,False,2018-10-03 16:36:20.720
2018-10-05,2887.5082,0.022486000000000003,0.018231,0.032612143674540676,6.64490078828926,-0.9105410614030367,1.483560528322416,0.01954969510388057,-1.7675429227747703,0.009107999962125865,0.1029424845989729,192,True,12,34,192,819113,2869.31,2909.64,0.014055644039856263,False,2018-10-05 16:27:05.457
2018-10-08,2876.3271,0.023942,0.018238,0.040854649319702944,3.99578872306374,-0.7750380597253022,1.4500642001224735,0.023104138807631635,-1.7761930904040433,0.008405332772683353,0.08105464529679048,181,True,12,27,181,899866,2862.08,2889.45,0.00956297517889082,False,2018-10-08 16:18:53.376
2018-10-09,2884.9953,0.025121,0.018272,0.029002504051645048,8.722623891297951,-0.877568933948407,1.5558188950750005,0.02025643055692185,-1.9146165647757059,0.0054911685128116155,0.05668698280076553,184,True,12,36,184,609104,2874.34,2894.67,0.00707292804609061,False,2018-10-09 16:17:56.417
2018-10-17,2803.456,0.026566,0.018767,0.035289098705589377,5.394001027772633,-0.8360445819212629,1.2356068889836436,0.027512882114234416,-1.1460255147296001,0.005227814555358211,0.0455629734092102,185,True,12,30,185,904939,2781.81,2816.82,0.012585331133327049,False,2018-10-17 16:14:56.203
2018-10-22,2761.2171,0.026585,0.019135,0.0383982377410103,5.862213837121816,-0.9229806451193415,1.20296353746234,0.036239206881457785,-0.9969239112510191,0.006353810739846425,0.04394612886023006,183,True,12,33,183,774783,2749.27,2778.94,0.010791955682781351,False,2018-10-22 16:17:13.073
2018-11-26,2665.4538,0.026681,0.019922,0.03851690381046358,9.236668634959106,-0.6703595091680196,1.361079937001744,0.04037309407247159,-1.1410028402249797,0.005759007358974646,0.03878513819879738,185,True,12,37,185,1180779,2652.93,2674.35,0.008074091664687755,False,2018-11-26 16:17:47.412
2018-11-27,2674.1734,0.026758,0.019858,0.05330734431548899,2.7414741044743707,-0.7066891472590313,1.1526334740234678,0.03809379241857134,-1.0362825174009842,0.005852473124504636,0.05010961051754432,185,True,12,45,185,935959,2655.89,2682.51,0.010023005470859214,False,2018-11-27 16:18:19.299
2018-12-20,2477.9781,0.026291000000000002,0.021775000000000003,0.050592058747960474,5.6510063164735875,-0.8633400103607254,0.9969832856420642,0.07251840219867507,-0.4221835847533908,0.01286744450909393,0.059829138616714586,180,True,12,21,180,1605187,2441.18,2509.52,0.02799465832097603,False,2018-12-20 16:43:32.734
2018-12-21,2449.4444,0.026181999999999997,0.022232,0.09916951288234234,0.8444629227675223,-0.5240310944727672,1.165862746194031,0.0714270314300123,-1.1917459895669789,0.011103115008473248,0.0528413405184138,182,True,12,32,182,1492531,2408.55,2504.32,0.0397625127151191,True,2018-12-21 16:48:27.208
2018-12-24,2376.3267,0.025811,0.022894,0.04756294256549977,11.18525474521695,-0.8309742760437513,1.2926381797031954,0.1376091945049742,-0.6069062055719154,0.010772967372663844,0.04116926395794554,186,True,12,33,186,1168754,2351.1,2410.27,0.025166943133001496,False,2018-12-24 13:53:51.703
2018-12-26,2399.1801,0.026046,0.021815,0.04520481390826723,9.289139454738475,-0.8408427675822956,1.3634484761999839,0.13603228894800903,-1.0191641064132666,0.01636267027190514,0.06421045107340778,181,True,12,24,181,1321279,2346.64,2467.76,0.05161422288889672,True,2018-12-26 16:54:08.975
2018-12-28,2492.998,0.025778,0.021654,0.15436027951823988,0.38526777870452483,-0.5270985630698564,1.4186574270605283,0.08781731460434664,-1.8936488113335943,0.010305954152716585,0.046218925345568776,186,True,12,46,186,840079,2473.17,2520.27,0.019044384332657982,False,2018-12-28 16:20:44.500
2018-12-31,2496.6169,0.02596,0.021484999999999997,0.08339257327693614,1.2210522996652016,-0.5379160980054426,1.3575131423213869,0.07106994825198161,-1.6391885448256827,0.007639366961639605,0.03618813859931252,186,True,12,32,186,976722,2482.85,2509.24,0.01062891435245783,False,2018-12-31 16:16:48.206
2019-01-22,2634.1606,0.025863999999999998,0.020558999999999997,0.03393319464465245,9.377295183660085,-0.9569360325145275,1.067437865875952,0.03481786729330861,-0.5030204320908077,0.013136097097724248,0.5721794915926478,183,True,12,33,183,904267,2617.29,2655.43,0.014572324809249304,False,2019-01-22 16:20:37.231
2019-01-24,2637.9792,0.025703,0.020485000000000003,0.06074317630264658,1.2866349606336862,-0.7254524156237665,0.714660582465354,0.02931822094420696,-0.35443115962787763,0.007785823809511955,0.08533430987885676,185,True,12,48,185,497232,2627.01,2647.13,0.007658897377627039,False,2019-01-24 16:15:21.403
2019-01-29,2641.7257,0.025828000000000004,0.020486,0.04287602595999881,5.1026313151248095,-0.8382089736724522,1.2000519922287654,0.033518577604142896,-1.0025636785890404,0.0049074386242684,0.03979348129606574,187,True,12,42,187,433718,2631.3,2650.93,0.007460190780222531,False,2019-01-29 16:14:38.644
2019-01-31,2697.7058,0.025442,0.02004,0.03156580029504672,7.775649411788327,-0.8538247980301115,0.8254031639260229,0.020861036029256135,-0.1904011900254733,0.004822165553571573,0.04092422041621171,184,True,12,37,184,880307,2678.75,2708.95,0.011273915072328444,False,2019-01-31 16:17:48.416
2019-02-26,2795.4388,0.025276999999999997,0.019604999999999997,0.03723812300778481,2.3214859809456687,-0.9153102096219824,0.5655493486865871,0.014009304130601334,-0.1469505047612173,0.0024861878655188328,0.02585395786935118,182,True,12,40,182,759218,2789.57,2803.04,0.004828701197675533,False,2019-02-26 16:17:55.011
2019-03-01,2798.7915,0.024942000000000002,0.019595,0.029016304058686583,5.063342045820746,-0.8620810580938534,0.7165149764088977,0.010150091019129344,-0.21955476670890944,0.003576793852127609,0.04921623837033644,186,True,12,35,186,583958,2787.38,2808.02,0.00740480307672442,False,2019-03-01 16:23:46.358
2019-03-04,2794.5947,0.024054000000000002,0.019676,0.0343416853664562,6.091718812975667,-0.6842591826064073,1.7155399897625225,0.019939085487858676,-2.524677674842131,0.010325212770532059,0.11586844681109211,183,True,12,35,183,809539,2767.66,2816.87,0.017780363194901172,False,2019-03-04 16:16:09.547
2019-03-07,2751.0685,0.019118,0.020009000000000002,0.046462406878125674,2.454090197243792,-0.8038695471889595,0.9224385447459059,0.022835106383348888,-0.6228469943130232,0.004587460201402852,0.04108711084544519,183,True,12,34,183,870251,2739.09,2774.231,0.012829443355274917,False,2019-03-07 16:16:10.517
2019-03-12,2793.4609,0.015465,0.019665,0.04030707468962429,2.860058141054534,-0.8700111665361558,0.7646246479607974,0.013277050836917204,-0.3540896980528673,0.0025776991235067627,0.03149552857367792,185,True,12,43,185,664509,2782.8269,2798.31,0.005563802764735337,False,2019-03-12 16:16:49.674
2019-03-13,2812.2888,0.025162,0.019545,0.03987208469385867,2.6788514137447885,-0.6802773652757239,0.9516266359352017,0.013064805866440835,-0.6919704733191585,0.0025957460829847618,0.031009137638357862,188,True,12,30,188,1064603,2796.518,2821.24,0.008840279232960269,False,2019-03-13 16:15:56.379
2019-03-14,2808.9342,0.025134,0.01959,0.04498603226718364,1.7881132222679383,-0.8874130590688787,0.6579501389977883,0.012302686309158359,-0.27201814717856265,0.002874761086487917,0.032564806114823125,168,True,11,50,168,655961,2803.51,2815.431,0.0042521696016777355,False,2019-03-14 16:38:02.710
2019-03-18,2828.7804,0.025077,0.019416,0.03710944200729922,2.7683321435720605,-0.6650612026786791,0.8996928118088913,0.013664281484685263,-0.6039846333429295,0.003537800107305538,0.03985781022559453,183,True,12,29,183,751425,2821.99,2835.3,0.004716529824698279,False,2019-03-18 16:17:02.294
2019-03-19,2840.6777,0.024944,0.019417,0.03584347862828244,2.7420428533146914,-0.7140436650250003,0.7759549243122981,0.013116443096477925,-0.4055373357432648,0.003545307662172355,0.04037328667842565,184,True,12,35,184,1028630,2823.29,2852.42,0.01031774985920686,False,2019-03-19 16:16:35.695
2019-03-21,2847.4537,0.024731999999999997,0.019308000000000002,0.032079345086761885,4.215820540784299,-0.6231308209431825,1.0596743414658192,0.015805076301608007,-0.8524281860576601,0.002676447032053049,0.026948452002070657,190,True,12,29,190,612596,2809.675,2860.27,0.018007420787101713,False,2019-03-21 16:31:18.255
2019-03-22,2816.9177,0.024413999999999998,0.019692,0.0315852122314327,4.797530249434135,-0.7268676446859784,0.9338700708048118,0.0219470160039577,-0.5690512869147935,0.007611785461638312,0.06963769745516732,185,True,12,29,185,690732,2800.48,2846.247,0.01634255556190367,False,2019-03-22 16:19:29.129
2019-03-25,2797.1339,0.024098,0.019713,0.034837555610911446,4.9628377579511485,-0.8097582077907165,1.148451081199929,0.029151699806428632,-0.9731536131481772,0.005491081906252792,0.043964044177690766,184,True,12,36,184,543907,2785.06,2809.78,0.008875930859658432,False,2019-03-25 16:22:24.288
2019-03-26,2818.3581,0.024201999999999998,0.019573,0.0294505427372855,6.0194164037923095,-0.790475969270599,0.9449667682550176,0.02005891310109066,-0.5384120329995264,0.0034049105223853786,0.031661824651911495,186,True,12,35,186,582085,2804.0,2829.87,0.009226105563480802,False,2019-03-26 16:32:46.743
2019-03-27,2807.105,0.023878,0.019665,0.028393305781283854,9.140150096595383,-0.6875202823662484,1.3310073153469624,0.02401046923599378,-1.2525423203482005,0.0055607287119719215,0.04908793475607056,185,True,12,35,185,600999,2787.72,2825.56,0.013573816595640942,False,2019-03-27 16:17:41.080
2019-04-22,2905.5864,0.024479,0.01902,0.04080621520806333,2.0807721697752233,-0.8164064648314353,0.6726208116784173,0.01031743628040744,-0.2826018823853395,0.003980017247864957,0.054319488303645656,183,True,12,40,183,637502,2896.37,2909.51,0.004536713196173325,False,2019-04-22 16:19:47.581
2019-04-23,2928.2741,0.024268,0.018855999999999998,0.0425528114328094,2.127405108592553,-0.606896352305053,0.915983604662906,0.010278657562202176,-0.6579718271569822,0.0024000635154287756,0.03282762661940706,185,True,12,25,185,730001,2907.8381,2936.31,0.009791432335933603,False,2019-04-23 16:53:20.819
2019-04-24,2931.8724,0.024142,0.018897999999999998,0.046305503382624236,1.5219700263239415,-0.775038507440263,0.6544136965548403,0.010352138917819597,-0.2873061098341786,0.0033876086189461416,0.043701722866982456,185,True,12,37,185,578572,2926.07,2936.83,0.0036772872829424763,False,2019-04-24 16:20:06.637
2019-04-25,2925.6341,0.024167,0.018905,0.042841016138867094,2.2048754129364068,-0.740153681576985,0.921916114501841,0.012565945578511413,-0.6610111158785719,0.00478368546068669,0.05974980761423374,182,True,12,43,182,529647,2912.84,2933.06,0.00694167891130304,False,2019-04-25 16:20:05.060
2019-04-29,2945.3652,0.02403,0.018807,0.04324184269973704,2.395514333127165,-0.7281057316592217,0.999239328671389,0.011488303508375835,-0.7913063280075475,0.002584962357569254,0.035259145559566184,185,True,12,46,185,652988,2939.41,2949.52,0.0034394657431253695,False,2019-04-29 16:19:31.762
2019-04-30,2938.8435,0.02374,0.018792,0.032949780317576734,5.201246816499419,-0.644402174492049,1.4646886856540164,0.013135802480411348,-1.802553065920588,0.00309557344385568,0.03867474114896639,184,True,12,28,184,745884,2924.18,2948.1,0.008180070994261657,False,2019-04-30 16:35:10.762
2019-05-01,2944.1516,0.02374,0.018792,0.035669826375863675,3.6955115892317063,-0.6779339172997012,1.1603282031462157,0.013031947390885921,-1.0827250255007517,0.0049076687286655285,0.05735908474160885,183,True,12,32,183,722760,2923.36,2956.851,0.011456337912538972,False,2019-05-01 16:17:49.108
2019-05-02,2916.0785,0.025539999999999997,0.018955,0.03225827799267692,7.377666878501486,-0.6697158830370108,1.9608578058663413,0.0207009915442426,-3.36898167661883,0.0048917897034148885,0.05282246755106702,183,True,12,32,183,826758,2900.5,2931.68,0.010749870711946219,False,2019-05-02 16:15:53.534
2019-05-06,2919.2875,0.020398999999999997,0.018883,0.030462342285590034,6.157470264534546,-0.8983978884971374,1.0867227645016198,0.020264187690669823,-0.8058244332628549,0.00565076364019323,0.056026405396110875,183,True,12,32,183,774840,2897.0396,2937.27,0.013886727678834587,False,2019-05-06 16:20:02.487
2019-05-14,2840.2378,0.023172,0.0196,0.035024783053728616,5.074199347595836,-0.9060550241941541,1.0701690916668902,0.033519551786905556,-0.7898164221173061,0.004080598632820657,0.031117230606962427,183,True,12,28,183,760095,2820.23,2852.53,0.011452966602014891,False,2019-05-14 16:17:24.261
2019-05-23,2815.9816,0.023114,0.019748,0.034696098349223235,4.027404051052528,-0.9746657291469407,0.7849366808004005,0.027755880928264826,-0.3366551787711926,0.004542300557482671,0.03633967320452844,183,True,12,29,183,939162,2805.51,2835.118,0.0105535178987064,False,2019-05-23 16:16:44.778
2019-05-29,2779.6865,0.023001999999999998,0.020042,0.0339471022811778,7.825821632370048,-0.8882444580124141,1.0787283193578618,0.03469289257170295,-0.6323268522079974,0.004249097002294371,0.030542707810233508,181,True,12,28,181,1192948,2766.06,2792.02,0.009385190487552597,False,2019-05-29 16:19:04.106
2019-06-03,2745.6075,0.025301999999999998,0.02036,0.04682024549152063,1.348511954198183,-0.861483037986468,0.5696745440354747,0.032608019887200246,-0.19825376463440766,0.004642502757620791,0.03221236071562468,182,True,12,36,182,800947,2728.81,2763.07,0.012554923208285107,False,2019-06-03 16:18:31.596
2019-06-11,2890.7416,0.015712,0.019414,0.04436802687770408,2.0312735031495888,-0.9076983604471132,0.6294351475374308,0.020889895813416864,-0.2159414101880491,0.003634712488483356,0.031841957994027524,181,True,12,23,181,717303,2878.54,2910.61,0.01114106456745434,False,2019-06-11 16:15:21.087
2019-06-12,2880.0528,0.015449999999999998,0.019445,0.047154084191610324,2.0397358632477975,-0.8314383362147181,0.6604952013180911,0.020861362701365512,-0.2438901577157585,0.0034500631302458356,0.04038624334581456,186,True,12,42,186,615519,2874.68,2888.57,0.004831842152865917,False,2019-06-12 16:15:44.729
2019-06-14,2885.1254,0.020076999999999998,0.019442,0.04591532734121699,1.5975969891887716,-0.8398101569241314,0.5735438133301446,0.020459173928990645,-0.18224412837339346,0.004860924043729069,0.05163771695060514,184,True,12,44,184,397803,2879.68,2894.44,0.005125569507723249,False,2019-06-14 16:22:04.956
2019-06-17,2892.9425,0.020442000000000002,0.019427,0.0420150503342131,2.041128690636549,-0.988323928406227,0.589306530760427,0.019998774594874577,-0.17576593784548797,0.003077938237164674,0.030988730496864,187,True,12,45,187,494547,2887.42,2897.23,0.0033974967271819256,False,2019-06-17 16:16:07.863
2019-06-19,2921.2134,0.019338,0.019186,0.04313683564133801,2.134994980664377,-0.8371199477100808,0.7826784643382132,0.02075917883961957,-0.42839172338682197,0.005766446898788048,0.053316311103965765,185,True,12,50,185,848075,2911.43,2931.74,0.006975953397471368,False,2019-06-19 16:18:20.128
2019-06-20,2948.9575,0.019259,0.019006000000000002,0.032158601479467516,3.748316928180505,-0.7186059913333669,0.7860928912881099,0.017629899591787245,-0.3768607731095027,0.004586920080881472,0.045044063779168156,182,True,12,23,182,1327439,2931.5,2958.927,0.009355961112058608,False,2019-06-20 16:15:39.726
2019-06-21,2953.9715,0.019282999999999998,0.019045,0.03194004943229636,5.015287099771739,-0.6471137551183271,1.1849468583464664,0.02105236855671457,-1.0837220213374257,0.0040679472380690815,0.039193099904156835,182,True,12,35,182,815736,2945.898,2964.15,0.006195733864512665,False,2019-06-21 16:17:12.883
2019-06-24,2950.5662,0.019177,0.019077999999999998,0.0350589459426579,4.252732959349415,-0.5420522915008149,1.390559065560204,0.025316803019418795,-1.6354618449508864,0.00459429939420894,0.043931799983202686,184,True,12,42,184,525634,2944.07,2954.92,0.0036853743287352803,False,2019-06-24 16:21:43.187
2019-06-25,2930.1966,0.019307,0.019261,0.02813367550453152,9.838905637031855,-0.7295112467944163,1.4174916306996383,0.027933116062465686,-1.4556733660795995,0.0040246661314184366,0.035838624787161995,184,True,12,36,184,829896,2916.05,2947.686,0.010848922343581258,False,2019-06-25 16:44:21.024
2019-06-26,2921.5213,0.01962,0.019285,0.031205299733349852,9.119998866640042,-0.6111095997460726,1.7750728561506746,0.029324979986895757,-2.581699048240287,0.003202100655655098,0.028894035251162423,185,True,12,32,185,534225,2913.01,2932.59,0.006721569785204995,False,2019-06-26 16:15:48.840
2019-06-27,2925.3545,0.019384,0.019229,0.03691581703754284,5.375193875231341,-0.6466508839419989,1.5109268101555147,0.02682849174072701,-1.8860404783679965,0.003305353105827728,0.030992342727002818,181,True,12,38,181,581018,2915.853,2929.3,0.00461168652877908,False,2019-06-27 16:18:30.582
2019-06-28,2934.792,0.019251,0.019082,0.037504846871579504,2.833851278699546,-0.7800478046100948,0.781062253264994,0.020919281548393495,-0.39749192694647717,0.003112304335547014,0.028031554775092442,184,True,12,31,184,732823,2929.05,2943.98,0.005097215820829115,False,2019-06-28 16:26:33.799
2019-07-16,3008.258,0.01984,0.018765,0.03305849938225515,6.432068390272926,-0.7446233357004347,1.6187818375127652,0.011833140312640612,-2.1951855796482835,0.004298459623020409,0.07136204115906673,186,True,12,53,186,767180,3001.15,3017.15,0.00533128967229235,False,2019-07-16 16:22:01.349
2019-07-17,2995.4134,0.019312,0.018889,0.03202676539229234,4.834621338825049,-0.8676452156286013,0.8888867763933648,0.011036503011680531,-0.48044513448874737,0.005493416720434857,0.07005268437615488,183,True,12,36,183,677701,2984.25,3005.26,0.007040294881461184,False,2019-07-17 16:16:39.503
2019-07-18,2984.8767,0.018788,0.018829,0.03347269512348624,4.545728052335683,-0.9563828666120374,0.804837537113646,0.012462218432300535,-0.34344792272693714,0.005600502627456603,0.07562636853793885,181,True,12,22,181,730812,2973.12,2998.28,0.008462490582284099,False,2019-07-18 16:16:45.648
2019-07-19,2993.3159,0.019309,0.018951,0.03686312401616236,4.015045326675642,-0.7795910910469075,1.1472117767905399,0.015348230992650005,-1.0200806331913927,0.003907904422976377,0.04272366446166187,183,True,12,36,183,776616,2976.61,3006.02,0.009880367263430445,False,2019-07-19 16:17:39.826
2019-07-22,2983.6823,0.019413,0.018894,0.0733412529748452,2.1321366322661737,-0.6619784921901144,1.8696471974908482,0.020783932992670822,-3.182833498837447,0.005045214093963772,0.05630438038289227,182,True,12,38,182,545477,2976.7,2990.71,0.004706554237914551,False,2019-07-22 16:22:01.942
2019-07-23,2997.4319,0.019646999999999998,0.018768,0.071409693875187,1.5964546856662334,-0.6154095609879466,1.2725990143779025,0.014088215131798516,-1.3915035706175414,0.0038362908573928455,0.04758769832192313,190,True,12,28,190,478101,2988.56,3005.9,0.005802125438338246,False,2019-07-23 16:17:16.500
2019-07-29,3019.9206,0.019826,0.018674,0.04656254107074077,2.047399703299754,-0.8182236229622388,0.7636518980286672,0.010981555907076324,-0.3924999558165514,0.0029414622617153336,0.03652970360805956,185,True,12,43,185,472397,3014.3,3025.891,0.0038453372258899776,False,2019-07-29 16:14:59.239
2019-07-30,3011.0097,0.019772,0.018702,0.07376112060081602,1.3828131908343677,-0.7119236413774317,1.08939673966255,0.015262451043777324,-0.9827895553123275,0.0028279283666200706,0.032075476533563255,183,True,12,37,183,619586,3001.04,3017.14,0.005364806866952732,False,2019-07-30 16:16:46.688
2019-07-31,3000.5034,0.01985,0.01891,0.04809038953315327,4.0666173906362655,-0.6485555158265127,1.9361391226436453,0.02168783789595229,-3.357504273435318,0.007101618546059037,0.07010655110834742,177,True,12,32,177,619284,2958.08,3017.696,0.02015361315447861,False,2019-07-31 16:19:36.460
2019-08-05,2857.6085,0.023783,0.019806,0.09297529269488813,0.9123839413712415,-0.5988241932753745,1.4514765143746988,0.05625441930567641,-1.9371257437831115,0.009234352769895258,0.05226983145297646,185,True,12,27,185,1418923,2822.13,2895.221,0.025899232140262907,False,2019-08-05 16:42:08.856
2019-08-06,2866.2102,0.023783,0.019806,0.0626686076322405,2.038016627803522,-0.8504642820076725,1.2110732667930235,0.047294470548543265,-1.2112591287491241,0.007535891330416471,0.04885105776591386,182,True,12,40,182,1266281,2847.42,2884.4,0.01298719542603477,False,2019-08-06 16:50:14.939
2019-08-14,2858.27,0.017769999999999998,0.019922,0.044527326037488844,6.317165300255062,-0.9401439633145895,1.2486946821035798,0.05408474107538966,-0.9966654511994238,0.008972723531291837,0.05854752723495063,183,True,12,30,183,1002738,2839.75,2906.6421,0.023555629896997887,False,2019-08-14 16:23:33.409
2019-08-15,2845.7787,0.017013,0.019950000000000002,0.06359995300984046,3.2536916932173465,-0.7742468124747416,1.5867173284200686,0.05797678848032334,-2.103802602714257,0.006765948063155408,0.03820504814355154,185,True,12,27,185,729153,2825.52,2870.379,0.01587636965939021,False,2019-08-15 16:19:50.169
2019-08-21,2924.2447,0.017714,0.019442,0.03876447440973992,9.548669294302844,-0.8056862785797554,1.75370297005278,0.02636054658977881,-2.335175814159798,0.004431303345457762,0.04629665139271638,182,True,12,36,182,770548,2916.6812,2928.73,0.004130996558691535,False,2019-08-21 16:14:55.318
2019-09-16,2997.2075,0.018576,0.019077999999999998,0.048427301023334174,3.670770768434596,-0.9093966585466421,0.9372486215586968,0.014181640687555544,-0.5229039366324015,0.003403190803472615,0.04445077852340955,188,True,12,43,188,602313,2990.67,3002.15,0.003838604727368855,False,2019-09-16 16:29:18.725
2019-09-17,2998.7859,0.018367,0.019029,0.046182118515711135,4.522845354224415,-0.8862178068221027,1.0863435199685347,0.015258676980612507,-0.7623930830235754,0.003648603117609957,0.04142318445670392,181,True,12,44,181,643573,2991.572,3006.21,0.004893079625026608,False,2019-09-17 16:15:17.312
2019-09-19,3015.6403,0.018757,0.019026,0.03942297597799882,5.55406568319301,-0.7852176225535666,1.0897200189891079,0.010458532478289364,-0.7495741237681303,0.004099397402310272,0.054362091039365366,185,True,12,39,185,917977,2997.5354,3021.99,0.008158235595816299,False,2019-09-19 16:39:08.528
2019-10-14,2968.3484,0.01636,0.019372,0.06043592499197888,2.60240268530536,-0.8818556403301906,1.0251022977345898,0.020145020577602483,-0.7362774938446572,0.0038853990110262813,0.03781240494842226,185,True,12,41,185,749527,2961.2583,2972.84,0.003911073883693383,False,2019-10-14 16:20:14.385
2019-10-21,3002.0752,0.015758,0.019136,0.04915420557511307,2.9936929327468436,-0.7923506251299525,0.9438725565367897,0.014363883061211835,-0.5965902072932923,0.0029066805157515817,0.03346353898047499,185,True,12,34,185,584320,2995.2188,3007.33,0.004043510944843121,False,2019-10-21 16:19:47.596
2019-10-29,3040.3208,0.015754,0.018954,0.05450346330135219,2.175821431108156,-0.8218742383416899,0.7556118778201834,0.010649182957022081,-0.3337697028615457,0.0035461374358648273,0.046968068766586005,184,True,12,39,184,630513,3032.866,3047.87,0.004947135811473435,False,2019-10-29 16:17:43.715
2019-10-30,3037.5503,0.015467999999999999,0.018904,0.07078702653036457,1.78676813159874,-0.7276983214322568,0.940512675713586,0.011207092331544878,-0.631604086907749,0.00476983182346544,0.0593618094067838,189,True,12,28,189,627829,3025.96,3050.1,0.007977633544395735,False,2019-10-30 16:27:22.008
2019-10-31,3032.5485,0.014948,0.018967,0.041691379109937816,4.151067085196346,-0.7809089915086387,1.0106511153591349,0.011472925513990437,-0.6752882538572526,0.003941592668091581,0.046516377320671355,189,True,12,42,189,974359,3023.23,3046.34,0.007644142192291037,False,2019-10-31 16:15:34.519
2019-11-13,3091.722,0.015604,0.018691,0.06348478359893092,1.7755352721137792,-0.7976525363280836,0.7028647312938945,0.009611859368374253,-0.26857988545201406,0.00282618090935163,0.035758520262682225,184,True,12,32,184,632057,3078.8,3098.06,0.0062556840327399055,False,2019-11-13 16:18:24.270
2019-11-14,3092.024,0.015422,0.018688,0.0429341744132334,3.7546448774234733,-0.8030728099178032,0.9276596227268434,0.009774864200640138,-0.538147219583604,0.0033598762586082485,0.04213173938562417,186,True,12,41,186,630967,3083.26,3098.2,0.004845520650220703,False,2019-11-14 16:15:53.511
2019-12-04,3114.7329,0.024226,0.018725000000000002,0.0453784468038176,4.213465226063665,-0.9237221355164028,1.197585116346624,0.018436591336232377,-1.0518090956536263,0.00461198936265362,0.05558603186867181,182,True,12,43,182,616474,3102.56,3119.37,0.00541810633799189,False,2019-12-04 16:23:23.174
2019-12-10,3135.269,0.018187,0.018606,0.04106382064370297,6.122117904530597,-0.8726700430871088,1.5071940470150988,0.020014766186533632,-1.7688387921752577,0.004181968193722266,0.042863378400824464,184,True,12,35,184,655185,3123.656,3143.688,0.006412998102223844,False,2019-12-10 16:38:00.935
2019-12-13,3169.1419,0.015161,0.018413,0.04156008368820541,6.826284864553675,-0.7667020207835535,1.9663328688904929,0.01074926306029084,-3.2990630107783545,0.004260621107046897,0.05290890777472526,185,True,12,35,185,864944,3156.51,3182.68,0.00829080218342404,False,2019-12-13 16:34:38.628
2020-01-03,3238.2501,0.01566,0.018165,0.03017905861936526,9.56525852694286,-0.8537466975745136,1.427740484392592,0.012708152317478478,-1.4611018951856094,0.004050448529911794,0.048258282180059356,184,True,12,35,184,826769,3216.7036,3246.12,0.009144889818260005,False,2020-01-03 16:27:24.275
2020-01-06,3233.977,0.001599,0.0181,0.04021897613830025,6.048861757137262,-0.864593861420509,1.4312467060665615,0.01742191824663432,-1.5619090802780211,0.005041979051575295,0.05923699345041583,182,True,12,49,182,635085,3214.64,3246.68,0.009966901425976227,False,2020-01-06 16:18:15.234
2020-01-09,3271.0178,0.001167,0.018008,0.036863391867229145,3.809909638962287,-0.9644740289023676,0.6984145220074861,0.008961084667200483,-0.2068904605513447,0.0038357427128862826,0.05040568798166749,180,True,12,42,180,830183,3263.77,3283.676,0.0060990817367645445,False,2020-01-09 16:15:23.126
2020-01-16,3308.6246,0.015341,0.017795000000000002,0.021946861614807887,17.44712800891467,-0.5911890121806685,1.9967074137986032,0.004358553247241571,-3.2210210883433286,0.0036210327392453183,0.060816140089381666,183,True,12,25,183,892649,3302.82,3317.02,0.004299356307640112,False,2020-01-16 16:38:34.193
2020-01-29,3283.9968,0.014879999999999999,0.018039,0.03307987089600405,7.8847085266352135,-0.8285121371311465,1.681261953038049,0.029709262637590567,-2.3049914745058846,0.004131888262993992,0.040617604076508426,184,True,12,44,184,533599,3271.89,3293.45,0.006589463582210797,False,2020-01-29 16:22:50.490
2020-02-03,3254.0554,0.009186,0.018461,0.032114732336557456,9.057439055554482,-0.8955962133137755,1.473299457028559,0.03414392547201883,-1.5888568282330189,0.005177289537161539,0.04060865991827089,182,True,12,30,182,578198,3237.1848,3268.34,0.009624164798994528,False,2020-02-03 16:31:39.247
2020-04-02,2500.0771,0.014747,0.023938,0.2988872699690472,0.2575900857302613,-0.7160437595644435,1.5790077117616212,0.2599821264160064,-2.33928455881265,0.009609624165008133,0.024146588012242932,184,True,12,42,184,658365,2440.22,2533.09,0.03805804394685741,True,2020-04-02 16:14:57.074
2020-06-08,3213.2959,0.001192,0.018757,0.13563506512840173,1.660673154127834,-0.8796629877806824,1.079002604410686,0.04615051587259084,-0.7137555974908091,0.0029850073961063765,0.016157031255813477,184,True,12,32,184,575773,3196.0,3233.13,0.011617647058823621,False,2020-06-08 16:15:00.322
2020-08-10,3356.4065,0.0012690000000000002,0.017967999999999998,0.17333979871299202,2.0317236925405537,-0.8299575722003124,1.2414782567223477,0.024384726352291844,-0.8369111101035664,0.00473212141464426,0.03244150099632933,184,True,12,23,184,388843,3335.44,3363.29,0.008349722975079743,False,2020-08-10 16:19:29.073
2020-08-26,3467.8906,0.001192,0.017322,0.06027130619247028,10.09696397004894,-0.957705910215029,1.0419277138438225,0.014806697958592584,0.13150105323050543,0.009701456907698493,0.06425268118195346,184,True,12,35,184,583026,3444.15,3480.99,0.01069639824049462,False,2020-08-26 16:20:16.156
2021-06-03,4190.076,0.001015,0.013736,0.0575751910606015,5.096518210925186,-0.8873281629933988,1.348920164148985,0.016737779495838406,-1.2327195897720196,0.006357234796770621,0.0658910743134076,183,True,12,47,183,396550,4167.93,4204.28,0.008721355684956134,False,2021-06-03 16:56:44.805
2021-06-14,4239.3254,0.000456,0.013616,0.05226642087444936,3.492991577993548,-0.9742574643729679,0.7981653741234761,0.011383347669545582,-0.271935628597033,0.0029301052259381555,0.032517988745195195,183,True,12,34,183,460436,4234.08,4255.59,0.005080206325813519,False,2021-06-14 16:14:59.751
2021-06-15,4246.6678,0.000558,0.013649,0.04960824936905273,4.372174762608666,-0.8834692498962553,1.0497713079346473,0.01348842352395296,-0.6682279271456809,0.0025233179033507607,0.025105496091863654,183,True,12,36,183,416228,4238.35,4260.746,0.005284131796571723,False,2021-06-15 16:18:06.315
2021-07-13,4380.8289,0.000659,0.013309999999999999,0.047227515775065065,5.427770311541153,-0.7768692230882125,1.2516170953720314,0.011937763991022346,-1.0538651374040415,0.004244160970836911,0.04631717649372556,181,True,12,22,181,530932,4365.1649,4391.9631,0.006139103702588633,False,2021-07-13 16:17:47.097
2021-08-23,4481.3441,0.000583,0.013125,0.04692224970919602,7.923401903993498,-0.7102288889236592,1.6958934014475042,0.009927621007282955,-2.1324867437021817,0.003691600746009472,0.04139961145930722,181,True,12,18,181,582433,4449.3734,4489.5916,0.009039070535190374,False,2021-08-23 16:15:49.724
2021-08-26,4480.7546,0.0006090000000000001,0.013159,0.0542119894712311,6.676478378308859,-0.8736373885646416,1.7062639981556849,0.013547643622281674,-2.187446480302659,0.006063641508923407,0.06602753568778601,183,True,12,32,183,459328,4468.7696,4496.3758,0.006177584093840949,False,2021-08-26 16:47:38.211
2021-09-16,4464.3628,0.000659,0.013260000000000001,0.06579746148460741,3.373551128110523,-0.9916614088437261,0.9012250402428734,0.016261878092870274,-0.36826437232435677,0.006585750154427178,0.05785129552502728,181,True,12,28,181,520883,4442.4154,4485.6077,0.009722706255700375,False,2021-09-16 16:35:34.152
2021-10-14,4426.5954,0.0009379999999999999,0.013407,0.053515284026365746,5.013881006042722,-0.9885940105939428,1.03500662851577,0.014765219034882725,-0.5346001888460276,0.0038668368764983394,0.036277807467333015,182,True,12,24,182,674624,4383.0967,4440.4947,0.013095307707904347,False,2021-10-14 16:18:38.882
2021-11-01,4606.1775,0.000989,0.012939,0.05848582906464046,3.382502374872412,-0.95608668253482,0.8507055917111792,0.013532746586425885,-0.3280430923536109,0.0038245459056864585,0.03515163909307167,180,True,12,28,180,538271,4594.3402,4627.0684,0.007123590891245035,False,2021-11-01 16:36:30.980
2021-11-02,4627.542,0.000659,0.012891999999999999,0.07032674551196963,3.0166995419214677,-0.7978386225954411,1.2389689195163522,0.014204632773540248,-1.1107346615859446,0.002938749164295801,0.02879900281442375,187,True,12,32,187,566188,4607.9201,4635.0068,0.005878292030280674,False,2021-11-02 16:15:02.783
2021-12-14,4628.1678,0.002387,0.013024,0.06368651940985139,7.002076612138196,-0.8984130099432918,1.713208119357808,0.03865967599730389,-2.043206284097106,0.005304974807343043,0.03323053131600557,184,True,12,30,184,569851,4606.4075,4684.3458,0.016919540878656436,False,2021-12-14 16:14:40.307
2022-01-20,4554.2604,0.0053939999999999995,0.013508,0.07542555539697131,3.4299189425759633,-0.970287202190687,1.2415137394794364,0.04628374870178584,-1.0239492828954448,0.010719915260936809,0.05796257968449843,182,True,12,33,182,801284,4450.8826,4602.0157,0.03395575969584108,True,2022-01-20 16:39:19.342
2022-01-21,4442.9648,0.00547,0.013768,0.08925681178899648,3.3242290623532056,-0.9377299627755568,1.4625628252484917,0.06862269337728262,-1.5456698422749051,0.009465907818103116,0.042019231044541666,185,True,12,23,185,1079990,4390.9244,4494.5665,0.023603708594937434,False,2022-01-21 16:16:52.428
2022-02-01,4520.1247,0.007724,0.013443,0.05592052002054567,8.642386392021818,-0.9684046487726089,1.4481665588690207,0.04440757176011186,-1.1306128997058458,0.007672258101229472,0.04363127529053443,183,True,12,24,183,610044,4483.4152,4561.0044,0.017305825255711227,False,2022-02-01 16:46:49.589
2022-02-02,4572.1416,0.007237,0.013227,0.054267807302246465,9.433199119131407,-0.7562219107389795,1.9426885335335031,0.03753061434862801,-2.7502006742410643,0.004800343076561268,0.029653379343214416,184,True,12,24,184,671732,4544.9087,4595.1436,0.011053005311195907,False,2022-02-02 16:17:13.710
2022-02-10,4537.9355,0.034125,0.013263,0.04868034777641287,9.45398735912029,-0.5818589408867073,1.490701894959106,0.04268351300433173,-1.3017453546030957,0.011201273826578635,0.06696460512769035,184,True,12,28,184,595814,4483.3667,4590.2866,0.023848127345907466,False,2022-02-10 16:17:45.325
2022-02-22,4317.9167,0.010134,0.014226,0.08300614676487252,3.1478308337893064,-0.7866781087072549,1.441238550639075,0.08142466874452656,-1.5545899434872092,0.006763984890390872,0.028428485104641393,183,True,12,31,183,665748,4266.3456,4363.6205,0.02280052042666214,False,2022-02-22 16:15:45.796
2022-03-01,4319.0678,0.003838,0.014276,0.13842938236134786,1.5477937049072938,-0.7948290690164874,1.6573700227436325,0.09822484335828001,-2.318355139103031,0.011832496782764991,0.04554768747002423,183,True,12,32,183,745860,4279.0681,4399.1632,0.028065713653867563,False,2022-03-01 16:31:53.615
2022-03-09,4271.693,0.030449999999999998,0.014776000000000001,0.10094924102812725,2.327012849268511,-0.6966732755781775,1.5731011783454143,0.0938527994408613,-2.004826955319019,0.006146626912465253,0.023770372488209984,183,True,12,33,183,643990,4201.986,4299.9521,0.023314237600982057,False,2022-03-09 16:15:02.091
2022-03-14,4193.9723,0.012092,0.014841,0.11344988720958993,2.7635339769104013,-0.8021440014991138,1.662449380113113,0.09911454304857212,-2.1366927054777647,0.009670423307934002,0.038161902540972195,181,True,12,29,181,498858,4162.0665,4252.319,0.021684540600204416,False,2022-03-14 16:14:44.451
2022-03-21,4455.3973,0.012477,0.013892999999999999,0.06091600842481988,7.371414740397288,-0.7988943388995241,1.576195056895724,0.0499926082008598,-1.5863165325247488,0.004985714570071733,0.02655239239965854,182,True,12,27,182,676624,4423.461,4481.593,0.013141745795882454,False,2022-03-21 16:15:24.684
2022-03-23,4477.8459,0.014839,0.013912,0.05812193650849039,9.491024479953097,-0.7729574547883066,1.9043137217428523,0.0485201786079337,-2.5231373063693896,0.004059207970882625,0.022876824150318418,184,True,12,33,184,549249,4452.8117,4517.1371,0.014446018456158782,False,2022-03-23 16:18:06.706
2022-05-09,4023.5356,0.034125,0.015649,0.07223276534533739,13.225397678298295,-0.692032447617085,1.8383750065447846,0.1380043692962322,-1.4690085704979554,0.0077765469966942545,0.02743551860914299,182,True,12,29,182,830229,3975.5504,4092.6295,0.02944978385885877,False,2022-05-09 16:44:27.587
2022-05-12,3904.8648,0.047193,0.015937,0.07063532251074187,17.007436818268378,-0.8380122070055518,1.26078882528952,0.13942958060792351,0.8130631075039767,0.009436064908594895,0.033265210589823034,183,True,12,37,183,1106383,3858.7613,3964.8775,0.02750006848052511,False,2022-05-12 16:59:42.805
2022-05-13,4011.3937,0.01872,0.015588999999999999,0.11092826286772361,1.3542233771477528,-0.7252167211822858,0.9827735704979803,0.08098517215568993,-0.665400597345624,0.005860539505082685,0.022590213726040427,183,True,12,29,183,701178,3955.7295,4039.4066,0.02115339281920048,False,2022-05-13 16:59:55.074
2022-05-16,4014.5538,0.019787,0.015655,0.07817633486031439,3.724115773054757,-0.6634883025215743,1.2049961066610015,0.08383768504312192,-0.8697401736023572,0.007509579472984501,0.03033793009556128,183,True,12,43,183,724567,3983.3972,4047.087,0.015988814773480353,False,2022-05-16 16:23:49.011
2022-05-18,3970.7623,0.020045999999999998,0.016022,0.09352677195835243,4.1914926352294435,-0.8397735147720787,1.3963670750144612,0.08757909658003153,-1.1658074564640062,0.010292820010031225,0.04149470060810532,185,True,12,35,185,873698,3910.6424,4082.0697,0.04383609710772829,True,2022-05-18 16:48:27.084
2022-05-24,3913.3968,0.019698,0.015965,0.10004394803133977,1.6357361965921087,-0.782913985921656,0.9747673044207903,0.08478918615941854,-0.6228802836780891,0.006117295042193188,0.02452204020006617,183,True,12,46,183,477286,3874.1565,3956.5894,0.021277638112967345,False,2022-05-24 16:17:35.089
2022-06-01,4112.8841,0.004119,0.015430999999999999,0.09698660896323918,2.1507553437402733,-0.8553950058684081,0.9059037116940882,0.06305358149826078,-0.4034725998632558,0.008199375759044447,0.03655940687142652,184,True,12,27,184,731373,4073.8201,4166.8019,0.022824228296188354,False,2022-06-01 16:24:43.801
2022-06-06,4137.3017,0.02175,0.015422,0.07332187411309471,6.180150332197001,-0.8041187430061044,1.3988031581811686,0.0627561196043449,-1.0503698660229135,0.003898744719909126,0.018021862996217084,187,True,12,38,187,459173,4108.8975,4169.6272,0.01478004744581729,False,2022-06-06 16:31:53.068
2022-06-08,4135.5379,0.027282999999999998,0.01528,0.06067695848803519,14.230913211850986,-0.8196350852359277,1.7038693236925118,0.06155048774309911,-1.1761936118157497,0.00485402167694703,0.02461904735070491,185,True,12,47,185,538152,4106.4098,4160.3888,0.013145059219369593,False,2022-06-08 16:20:59.606
2022-06-10,3920.2367,0.041798,0.016363000000000003,0.09774591253290858,1.6114585549455773,-0.8187925952339058,0.8302792627012042,0.07320037541262782,-0.37433668014742,0.004465248352018465,0.01848031142647614,182,True,12,23,182,825404,3898.0859,4025.7024,0.0327382472510418,True,2022-06-10 16:20:14.231
2022-06-17,3680.2753,0.028046,0.017435,0.08630457317951885,1.685799441609029,-0.8170936296693306,0.7159968689755098,0.08332599842269643,-0.22166711383405652,0.00620843946956359,0.023572141927240567,184,True,12,42,184,781894,3636.7778,3709.0237,0.019865359934830407,False,2022-06-17 16:59:52.104
2022-06-21,3748.8195,0.028494000000000002,0.017028,0.08196277996010748,3.343625895626609,-0.6189557354923303,1.2083786636834117,0.08671725097882083,-0.9120732477409857,0.006010012509097496,0.023939404089155007,183,True,12,43,183,804650,3705.9146,3765.9824,0.016208630387759104,False,2022-06-21 16:17:59.572
2022-06-22,3774.1106,0.02733,0.017052,0.08184296683457548,2.2609753613101113,-0.8895104730081361,0.7891388506065486,0.07847529262823315,-0.25265026251763323,0.006011464857264332,0.024101414941618365,183,True,12,37,183,715883,3691.3171,3803.0707,0.03027472226647765,True,2022-06-22 16:15:32.672
2022-07-14,3757.5248,0.031018,0.016946000000000003,0.09522831678584609,3.060153604464857,-0.9380607343863446,1.018484564439499,0.0710251822369005,-0.45448425428285977,0.007086977640799022,0.030598673910375396,188,True,12,26,188,646935,3721.045,3796.5074,0.02027989449200418,False,2022-07-14 16:16:49.221
2022-07-19,3909.1264,0.031513,0.016305,0.06495347194195655,13.05984049827752,-0.988970479409041,1.8113394648875663,0.0678050855469326,-1.5843866903165813,0.0039402609071485595,0.01823299126911646,184,True,12,33,184,800386,3832.4193,3945.1861,0.029424442153289432,False,2022-07-19 16:17:56.111
2022-07-28,4049.55,0.028849,0.015778,0.06026310190091644,10.888413298457632,-0.7478035283558611,1.559196700913997,0.04084459796695179,-1.1187552318526006,0.005062904465557313,0.027723667087450714,180,True,12,25,180,797628,3992.8795,4108.7578,0.02902123642849741,False,2022-07-28 16:55:04.241
2022-08-01,4123.9538,0.02887,0.015621000000000001,0.06561084490540088,6.0356828952521715,-0.5476484457672106,1.3892985527685915,0.043484663949990496,-1.1381379600477604,0.003352451187053161,0.018394839892062316,183,True,12,30,183,631187,4095.6856,4145.5405,0.01217254078291563,False,2022-08-01 16:29:31.067
2022-08-04,4150.6195,0.017346999999999998,0.015552,0.0656077031178018,9.049596428975937,-0.8123628821664488,1.532849242242075,0.039057317908922695,-1.1621803277457583,0.005108813319446278,0.02983026952456923,183,True,12,44,183,528106,4134.3218,4170.8505,0.008835475748404376,False,2022-08-04 16:56:46.388
2022-08-08,4160.0808,0.032321,0.015597000000000001,0.06985386522437612,5.553669671500262,-0.7211208914320064,1.1650670432790469,0.03433357879952126,-0.5814906298676116,0.0036701036950746594,0.020606475910511828,183,True,12,31,183,636876,4128.7827,4186.8816,0.01407167783375951,False,2022-08-08 16:58:46.681
2022-08-18,4277.1453,0.031748,0.015213,0.06142585571972998,8.003263743863327,-0.6576670962821909,1.5679521300333716,0.0298418571642776,-1.4752592340411979,0.004571312065297935,0.02934785545994786,186,True,12,44,186,687415,4256.4466,4292.4272,0.008453201315858028,False,2022-08-18 16:20:57.292
2022-09-06,3913.0708,0.022583000000000002,0.016798999999999998,0.06393724825464411,12.913653132115844,-0.8341345686494237,1.3674790464282263,0.07253128479318001,-0.2186720500553445,0.006843280801386531,0.02978555959631286,185,True,12,41,185,680647,3887.606,3962.5116,0.0192677961707024,False,2022-09-06 16:19:24.982
2022-09-16,3854.7304,0.039264,0.017044,0.07117653841649801,5.296135674849878,-0.8145938644855043,0.9839108292207058,0.07192060447616411,-0.2141593112179011,0.0063583739839816605,0.02715717817434549,183,True,12,26,183,839746,3836.5234,3884.1126,0.012404251203055328,False,2022-09-16 16:39:57.010
2022-09-22,3765.6774,0.040002,0.01757,0.07165798120821679,7.5048080124376195,-0.5952385069930458,1.5415476851579732,0.08594887913540666,-1.3008104825628461,0.005133891828148149,0.021030990110536527,185,True,12,40,185,1249581,3748.8761,3816.5108,0.018041327106009142,False,2022-09-22 16:33:21.018
2022-09-27,3660.2341,0.040603,0.018106999999999998,0.08121101718211443,7.355010393202331,-0.7011686756664308,1.7392388767939695,0.11995048665375684,-1.8303361197175794,0.008798205805063039,0.032444825479745074,182,True,12,33,182,912806,3622.0838,3717.5574,0.026358749623628386,False,2022-09-27 16:33:59.659
2022-09-28,3692.6884,0.039287,0.017815,0.09256154941777399,3.253067841653576,-0.7464142976641971,1.2898422185062686,0.09308862338938068,-1.061474949071995,0.008898533096282645,0.03374852916054364,186,True,12,29,186,847676,3602.6159,3737.5985,0.03746794100364692,True,2022-09-28 16:56:26.334
2022-09-30,3619.0712,0.039328,0.018494,0.13174382801347143,0.8914640544564469,-0.6920885108124373,0.88014927376713,0.0821544396796943,-0.5397729699718024,0.007246720995999578,0.02817862296241609,184,True,12,26,184,1150015,3583.4939,3680.2278,0.02699429738111192,False,2022-09-30 16:53:53.416
2022-10-04,3775.6655,0.011063,0.018021,0.07537450626071598,6.903721396022648,-0.9841266625032092,1.0229861711383983,0.07412381861766845,-0.005771523166904435,0.005578071820667458,0.023544407164872872,182,True,12,27,182,989891,3716.9248,3795.5334,0.02114882711643773,False,2022-10-04 16:41:44.236
2022-10-07,3655.5067,0.024492,0.017651,0.10218176427341849,2.2571150139852345,-0.9744844698737238,0.8690543991946993,0.08170953716286172,-0.2939835601655939,0.004069419153276792,0.015834451756291387,183,True,12,30,183,1100600,3621.0979,3760.1086,0.03838910292925246,True,2022-10-07 16:43:25.488
2022-10-11,3595.1749,0.045487,0.018420000000000002,0.10746120251634561,2.721323935506843,-0.5120972678135901,1.6983668025102356,0.11152354414964905,-2.2995763107766827,0.00885175244339151,0.030869391968015233,184,True,12,43,184,762631,3568.3429,3641.3444,0.020458095549057198,False,2022-10-11 16:35:39.098
2022-10-12,3592.0528,0.045487,0.018420000000000002,0.07640963418859098,12.705159313357766,-0.7258039892074015,1.7650826063938836,0.13083654887117144,-1.173923456511352,0.007291566357850168,0.030539807423708234,187,True,12,55,187,578256,3574.8138,3623.834,0.013712658264886324,False,2022-10-12 16:59:57.084
2022-10-13,3608.7965,0.044282,0.01802,0.07665840196524343,5.490458284012577,-0.744884743751904,0.9926215440258745,0.09578355822911995,-0.1435180134458376,0.006518613385302335,0.024329535592810834,184,True,12,25,184,1159645,3491.4547,3685.6809,0.05562901904469797,True,2022-10-13 16:41:15.631
2022-10-18,3721.5515,0.044829,0.017793,0.33055254366423864,0.22060350368055914,-0.6914392568983788,0.8905649221866605,0.08388113890442307,-0.6472637820636286,0.00903652545655813,0.036169376971393316,184,True,12,24,184,1032033,3686.3524,3765.1009,0.02136217362181636,False,2022-10-18 16:28:10.766
2022-10-19,3697.9008,0.045826000000000006,0.017911999999999997,0.2105845924600908,0.2819789605805411,-0.5450461390509239,0.821121382986613,0.08623844286194364,-0.5554794766055015,0.008727119414603766,0.03337277566092157,186,True,12,45,186,616017,3665.9692,3742.4873,0.02087254306446429,False,2022-10-19 16:40:50.077
2022-10-20,3690.6458,0.045984,0.018064,0.09463698938069805,0.8064744255128471,-0.9657270931462127,0.44471270414143166,0.07419517220067694,-0.045124765938656775,0.009240032203241932,0.03800270270940307,184,True,12,47,184,696139,3655.9081,3736.4179,0.022021833645107236,False,2022-10-20 16:40:21.353
2022-10-25,3841.5707,0.04553,0.017159999999999998,0.07423787028878179,7.02208193434765,-0.5468849064635923,1.5858294479317239,0.10031799091776666,-1.4722462223288386,0.0066307599058063275,0.02541327896393587,183,True,12,39,183,913979,3780.727,3863.4893,0.021890578187740095,False,2022-10-25 16:14:40.816
2023-01-10,3901.3795,0.053575,0.017317,0.09489278689997249,0.6317842708457518,-0.9514879951199252,0.428855274393788,0.041183365612252755,-0.06401330601513033,0.006835223151401918,0.03836773007857174,182,True,12,38,182,679553,3871.1942,3922.3025,0.013202205148995061,False,2023-01-10 16:33:31.221
2023-02-10,4079.109,0.054889,0.016641,0.057318119482249956,2.060291773361059,-0.8668401305639417,0.7313752023145553,0.03951609024399883,-0.29872558649304504,0.004643009119030212,0.02663994032208482,185,True,12,40,185,581383,4051.8345,4094.0514,0.010419206411318216,False,2023-02-10 16:59:29.820
2023-02-28,3980.9044,0.049773,0.017225999999999998,0.08491879035529051,0.9305155354151753,-0.7691503591791629,0.7289371781896765,0.037378164960460605,-0.3733129023986038,0.003912401372420479,0.023318514885663253,185,True,12,34,185,828627,3959.9322,3998.6053,0.009766101550930495,False,2023-02-28 16:43:52.908
2023-03-02,3954.5953,0.047328999999999996,0.017209000000000002,0.06393454015889036,1.4346787380881132,-0.9818566955473881,0.5771863504301463,0.03620917382492321,-0.14969303233207046,0.006366811813794032,0.038775586689225885,184,True,12,22,184,827790,3920.3546,3990.5195,0.01789759018227577,False,2023-03-02 16:49:57.229
2023-03-07,4005.4836,0.053965,0.01721,0.05459907717720937,3.678801222412224,-0.7084466503450866,1.522983916759243,0.04487533311549899,-1.9177617069831303,0.005996230154408115,0.03734656836734329,183,True,12,42,183,833803,3979.6453,4061.6469,0.020605253438038762,False,2023-03-07 16:58:03.629
2023-03-08,3984.9619,0.053680000000000005,0.017189,0.04955493046200004,3.913955244333043,-0.6795757431007001,1.1878402231683387,0.04082849017152621,-1.023052835848,0.00611022498335357,0.03677646216408433,184,True,12,47,184,613423,3969.3798,4000.8395,0.007925595832376509,False,2023-03-08 16:57:03.903
2023-04-06,4093.9679,0.046218,0.016845000000000002,0.044334107498335884,12.716276683081905,-0.5869471222315039,1.8564321619150026,0.026659398991280187,-2.31881081689974,0.006345930570848731,0.04630568926976745,182,True,12,42,182,835268,4069.8693,4107.6633,0.009286293296937087,False,2023-04-06 16:28:14.449
2023-05-25,4144.0125,0.052307,0.016693,0.07357405198155349,1.6083203849306824,-0.9845962845373888,0.8635375675314825,0.025446739811834523,-0.5090358353304254,0.003658318505057756,0.026511114702806735,180,True,12,26,180,524284,4125.7971,4165.0328,0.0095098472001931,False,2023-05-25 16:56:03.883
2023-05-30,4212.2428,0.051951,0.016483,0.047219548020498735,3.4969649892671226,-0.8400846645673002,1.0159883760021318,0.02039332930036325,-0.7019821676980456,0.0034997702323376016,0.028671087006578215,188,True,12,33,188,718918,4193.9731,4237.0587,0.010273218013725272,False,2023-05-30 16:57:02.891
2023-06-07,4278.2939,0.05409099999999999,0.016209,0.06647246799840957,1.4418654347615634,-0.691826162917656,0.9590004708945316,0.01413150582293701,-0.7279931952355314,0.003565554973878027,0.039548105559308655,183,True,12,34,183,764686,4264.1687,4299.3444,0.00824913423336171,False,2023-06-07 16:47:18.330
2023-06-08,4283.7339,0.05409099999999999,0.016209,0.056397204456008314,2.4209645474199997,-0.5767703430923844,1.511712061663777,0.01545511981267133,-2.01220209225656,0.003537425281049379,0.03814983129889214,185,True,12,33,185,778212,4259.4136,4296.8673,0.008793158757815833,False,2023-06-08 16:46:44.240
2023-06-09,4307.5322,0.054248000000000005,0.016101,0.04290396615744811,2.3887198962078426,-0.5479851264184665,0.7638425354124061,0.010958868213298112,-0.3784843037322044,0.0020816841610752476,0.02111042698083268,192,True,12,28,192,704658,4280.1224,4321.6271,0.009697082494650067,False,2023-06-09 16:59:36.608
2023-06-12,4321.168,0.050702,0.015953,0.06005662724880058,1.2876499944248385,-0.8268041414568447,0.7778201790103003,0.014991181917059887,-0.4503403993914303,0.0035425227080233836,0.03579094940335195,183,True,12,42,183,874070,4305.2019,4343.3866,0.008869433045637143,False,2023-06-12 16:52:28.026
2023-06-14,4373.7745,0.052268999999999996,0.015806,0.048591720011401884,2.6733564999420723,-0.14651848364254097,1.360105954235989,0.016149212289049728,-1.5900822256764973,0.0038726726193108775,0.04265070627229632,183,True,12,29,183,792166,4337.0557,4391.4422,0.012539958848119204,False,2023-06-14 16:50:39.073
2023-06-15,4407.3262,0.05177,0.015629999999999998,0.2522303819477208,0.12728384200070136,-0.9632626670039176,0.214060908936674,0.012480222303411292,0.018387631432425465,0.002334945564707802,0.02431204918130167,187,True,12,24,187,1128148,4348.175,4438.4305,0.020757099242785904,False,2023-06-15 16:49:43.539
2023-07-03,4452.8016,0.051945,0.01552,0.04586601425623754,1.7066495707103062,-0.811743251876573,0.6285943330697549,0.009993364709114794,-0.23857640848620873,0.004539608588379412,0.0673030472052258,186,True,12,57,186,308506,4442.6582,4458.3522,0.0035325697574484227,False,2023-07-03 13:45:42.210
2023-07-18,4542.8842,0.053086,0.015205,0.033508651574819255,3.2781196127847982,-0.37403072227401457,1.026325783785318,0.014076947122798117,-0.8336538786117726,0.002404247803164337,0.025451563603458124,185,True,12,25,185,886094,4514.2731,4562.817,0.010753425617958223,False,2023-07-18 16:51:43.378
2023-07-19,4568.8153,0.052806,0.015170999999999999,0.052348116897948126,1.0422194936450726,-0.690994387389302,0.5648769963428628,0.013186215166443303,-0.2099695652240295,0.0027939065160563696,0.029153124352168647,183,True,12,37,183,932267,4553.7052,4577.8228,0.00529625852811022,False,2023-07-19 16:41:24.402
2023-07-24,4556.2267,0.053436000000000004,0.015220000000000001,0.06015036792135569,0.8529245096709868,-0.9874207292896693,0.5431137316315612,0.012688046975957793,-0.19236507935505595,0.0026067254881403917,0.026559993403072975,186,True,12,45,186,479013,4535.1873,4565.4194,0.00666611939048245,False,2023-07-24 16:15:15.656
2023-07-25,4566.8149,0.053731999999999995,0.015178,0.05130825719321744,1.768991696634535,-0.5253320270681004,1.1661850054558596,0.01623067684625905,-1.1784597050629018,0.002005338813210116,0.020431518296296497,185,True,12,39,185,551485,4551.9925,4580.4209,0.006245265122910348,False,2023-07-25 16:42:12.150
2023-07-26,4560.5936,0.053534,0.015183,0.051072596105032946,1.3649282259762978,-0.8375249003092347,0.7171084692282605,0.012797896553614359,-0.37482370064360593,0.003477375087246119,0.036624028386978286,185,True,12,35,185,668927,4547.224,4582.9154,0.007849052520834565,False,2023-07-26 16:58:46.136
2023-07-27,4576.8988,0.053638000000000005,0.015283999999999999,0.03877869451035426,1.9755183290578697,-0.7500038480599125,0.6279830200411266,0.011470013393179145,-0.24114662989569272,0.004717010169147724,0.05093916118093312,184,True,12,23,184,876126,4527.2118,4606.9652,0.017616449930617284,False,2023-07-27 16:53:51.543
2023-08-09,4485.177,0.053922,0.015479,0.04893595692128306,1.5174909521648912,-0.967192301270046,0.5847206045893678,0.017559156776627685,-0.19337844170419996,0.004514444405673188,0.03967708599160963,185,True,12,36,185,609749,4460.4665,4519.3718,0.013206085058591777,False,2023-08-09 16:49:27.282
2023-08-11,4462.6551,0.053327,0.015507,0.050058177325711224,1.8731850281265494,-0.9003338663981807,0.7686109669342731,0.018398476601291753,-0.4032263618879859,0.003986221121228365,0.033911467619056175,189,True,12,40,189,510857,4443.2536,4476.8059,0.007551290792854992,False,2023-08-11 16:54:37.830
2023-08-14,4477.9636,0.053559,0.015423,0.055016835278683916,1.7819917320760235,-0.5876450205140097,0.9553292913474114,0.018978052353996994,-0.7165749637231408,0.004463013624013994,0.03755825308760826,184,True,12,17,184,497238,4454.6363,4492.94,0.008598614436828411,False,2023-08-14 16:58:22.080
2023-08-15,4451.2162,0.053498000000000004,0.015612,0.045666367726217606,2.332986588070336,-0.8126434062207324,0.8432166239454608,0.02059819108644739,-0.49793622803567317,0.0035952136708311986,0.029879294990662025,183,True,12,36,183,717984,4431.5454,4494.3628,0.01417505504964467,False,2023-08-15 16:48:52.745
2023-08-16,4429.4214,0.053574000000000004,0.015736,0.03470163383241633,5.7485950342906955,-0.581079683408201,1.2790012549639203,0.02392615245117805,-1.236872930337678,0.0033466226782482627,0.026891394165449112,182,True,12,32,182,737666,4402.009,4452.4555,0.011459881158807361,False,2023-08-16 16:29:46.635
2023-08-17,4392.1765,0.053459000000000007,0.015871,0.04301444023577104,2.8595632920631986,-0.7635803811181837,0.8920142254689458,0.02546225142686716,-0.5496843497852489,0.003832986028395387,0.029071605555203245,184,True,12,28,184,884298,4362.8771,4420.9883,0.013319467559606446,False,2023-08-17 16:53:35.001
2023-08-21,4386.9009,0.053765,0.01577,0.05305891527175073,1.6557358437410499,-0.8543606653468325,0.7253048313912459,0.023222726880484722,-0.3503640027485695,0.003760899693124027,0.029454348660882975,185,True,12,35,185,551351,4360.9748,4409.0423,0.011022191643941692,False,2023-08-21 16:59:48.984
2023-08-22,4396.2405,0.053924,0.015815,0.04733230417649514,2.204229452150647,-0.7158765229308599,0.8163054705160112,0.02286669472783236,-0.4576921033863992,0.0030271599887133076,0.02413900531729054,181,True,12,30,181,557366,4382.5148,4427.8535,0.0103453615262179,False,2023-08-22 16:46:31.880
2023-08-24,4409.0779,0.053967,0.015834,0.03562981844863234,5.064969931620838,-0.7083461010991231,1.0272294576743786,0.02070404840382842,-0.6942724404911336,0.004513235078186575,0.03779793768628538,182,True,12,31,182,577159,4368.2217,4474.2629,0.024275599381780477,False,2023-08-24 16:52:51.070
2023-09-11,4481.5723,0.053678,0.015437000000000001,0.042038699932487746,1.6118877214984082,-0.9601434583689652,0.4702033812754332,0.012577909913480607,-0.08556789126498449,0.0036661190925314866,0.04197307649796712,184,True,12,32,184,495722,4468.8529,4492.2373,0.005232752234919147,False,2023-09-11 16:14:58.519
2023-09-12,4470.3489,0.053678,0.015437000000000001,0.038890371281112314,3.423287902887495,-0.45264063046550185,1.1981331867630898,0.016126448874249383,-1.1692572581322067,0.0026654376354992653,0.027303567624809413,182,True,12,24,182,534046,4456.4264,4486.9482,0.00684894066689834,False,2023-09-12 16:59:02.037
2023-09-13,4469.2156,0.053959,0.015513999999999998,0.04115199502929565,1.923531309725688,-0.8293479958429895,0.5765367428053608,0.01215202969616457,-0.17408031401156263,0.003021209915803557,0.03159764963205482,183,True,12,30,183,626970,4445.8567,4479.7622,0.007626314181471416,False,2023-09-13 16:41:33.862
2023-09-19,4434.3009,0.05439,0.015539,0.04472259707667701,1.6903820979059752,-0.7613881638433095,0.6686839519634847,0.015842784102167325,-0.29594167267295013,0.002640823881249247,0.025207365107581915,181,True,12,23,181,675076,4416.3519,4462.2953,0.010403020646973404,False,2023-09-19 16:19:46.941
2023-09-20,4442.0642,0.054714,0.015693,0.053147475308087076,1.4024137813009803,-0.6637145963043104,0.7871362583950344,0.01619080002311179,-0.47051398565330466,0.003507234055841024,0.03327356538107614,186,True,12,40,186,698885,4397.9421,4461.7639,0.014511741753034935,False,2023-09-20 16:43:38.162
2023-09-21,4353.2362,0.054488,0.015955,0.04765853913118416,3.13674507166836,-0.526672787365466,1.5504706242650237,0.02715873841079774,-2.104973781223461,0.010482607169176813,36.267214538184255,183,True,12,34,183,1045330,4324.5372,4395.7761,0.016473184691300657,False,2023-09-21 16:44:44.041
2023-09-25,4323.0021,0.05441,0.015931,0.056169187022617716,1.701383205581233,-0.6423974846109379,1.0534318909260953,0.02790712213800846,-0.9185881258772626,0.002792685879268955,0.020805799607610028,185,True,12,40,185,652799,4298.3299,4341.7757,0.0101076001634961,False,2023-09-25 16:47:41.478
2023-09-26,4284.7468,0.054513,0.016181,0.05282717484922238,2.3167482127326497,-0.6360099698765124,1.180287285595113,0.032870525589344356,-1.1483035507061774,0.0037349773475289054,0.026679120001640574,183,True,12,30,183,886981,4265.825,4326.0573,0.014119730649991613,False,2023-09-26 16:35:57.993
2023-09-27,4268.9412,0.054782000000000004,0.016198,0.059428188234419234,1.7408862212404639,-0.6563227570523221,1.0374003447654268,0.031818208001017735,-0.8692840472182561,0.0037460107285102757,0.025889692498646782,182,True,12,30,182,818954,4238.45,4296.5071,0.013697719685262344,False,2023-09-27 16:54:58.850
2023-09-29,4297.3132,0.054484000000000005,0.016111,0.04540481178298737,2.382313627734264,-0.6237638164793802,0.896727928256501,0.02449154047640168,-0.5877839735645563,0.004618412333568461,0.03632456891469893,186,True,12,22,186,1320670,4274.3321,4333.4856,0.013839238181796887,False,2023-09-29 16:47:12.250
2023-10-03,4234.3801,0.048110999999999994,0.016323,0.04501446945828339,4.083827970772337,-0.6626043148290663,1.2641432997984616,0.03915500328120855,-1.2303955834989138,0.004201716907981653,0.026859877570730734,183,True,12,22,183,1149815,4216.1886,4299.0815,0.019660624289909556,False,2023-10-03 16:56:45.990
2023-10-04,4244.3503,0.046391,0.016209,0.06011462195884475,1.5420242250096532,-0.7731859871056722,0.7957866829025392,0.030897357256682138,-0.4478800380093547,0.00454882283274944,0.03132884610318849,181,True,12,25,181,816694,4202.3535,4268.8235,0.01581732712395567,False,2023-10-04 16:53:56.678
2023-10-05,4248.7807,0.046708,0.016243,0.051051303884419676,2.275561606409443,-0.7160056023923751,0.8468242870013759,0.03060377919241603,-0.4847705989023353,0.003707306662227915,0.02509145947096972,184,True,12,27,184,695286,4225.5518,4268.7114,0.01021395596191721,False,2023-10-05 16:27:46.339
2023-10-10,4365.5856,0.053415,0.015875,0.05352368106808859,1.5179488379708534,-0.7910651817050243,0.6932881292366309,0.022062052810375727,-0.3181560111779721,0.0033214306978690124,0.025945038832291607,183,True,12,27,183,980386,4333.8505,4385.4836,0.011913908890027525,False,2023-10-10 16:42:06.805
2023-10-11,4363.8206,0.053743,0.015816,0.05411516565822967,1.4169039785361397,-0.9608080392179279,0.5737387091176644,0.019734531629054294,-0.1758241192994282,0.006059330856628356,0.0662057794717914,183,True,12,40,183,710484,4345.007,4386.71,0.00959791319093406,False,2023-10-11 16:37:19.450
2023-10-17,4363.8137,0.054610000000000006,0.015837,0.04555110602947141,2.4731667994997597,-0.9581457676984332,0.7977770940936039,0.023832471194724352,-0.41113732563527083,0.004588269221894867,0.03533188073061128,183,True,12,27,183,614163,4337.0582,4393.9106,0.013108516736067832,False,2023-10-17 16:34:11.278
2023-10-18,4337.3166,0.054494,0.016035,0.05125038429371809,2.522204210636326,-0.8034727157429473,1.0045610840012842,0.02965468914773289,-0.7506151013651441,0.004243534156542396,0.02969721172627524,186,True,12,25,186,760515,4303.4283,4368.3912,0.015095615744312507,False,2023-10-18 16:43:43.896
2023-10-19,4302.1853,0.054131,0.016176,0.059651152402579295,1.884285098373711,-0.7934282105676075,0.9624727571870153,0.03183328632037608,-0.7015542531811766,0.007311040443829691,0.04887040288564081,188,True,12,30,188,874367,4267.9707,4340.3428,0.016957028313245193,False,2023-10-19 16:41:39.717
2023-10-23,4226.3229,0.053861,0.016411,0.06124829308393512,1.674953153009645,-0.7089723993811414,0.9624125269265285,0.03696859464426397,-0.7210618287503139,0.006863302544887859,0.04266367671255903,182,True,12,26,182,788266,4190.0385,4255.9015,0.015718948644505293,False,2023-10-23 16:59:40.923
2023-10-24,4243.4817,0.054157000000000004,0.016294,0.05081386486862836,2.880454106435846,-0.7526987188724742,1.138163172468132,0.03564272585941633,-1.0026813957132894,0.003242790742336492,0.021684389415673192,182,True,12,36,182,615237,4218.9905,4266.5345,0.011269046469765565,False,2023-10-24 16:52:46.082
2023-10-25,4199.9913,0.054316,0.016532,0.0384408122678964,7.489386498123103,-0.8355805118483146,1.174053971678725,0.03785739011157415,-0.8026065276624521,0.0057122748814987445,0.03663205437256824,181,True,12,24,181,702565,4181.6446,4241.0239,0.01419998724903615,False,2023-10-25 16:51:01.027
2023-10-26,4151.9846,0.054009,0.016732,0.04278967691481057,7.887700539845092,-0.7181873384206537,1.5700673484137067,0.046833241260382394,-1.7900871631533506,0.003988986788756045,0.02439611263478791,187,True,12,31,187,997310,4127.7307,4184.6892,0.01379898645035138,False,2023-10-26 16:45:59.303
2023-10-27,4126.1429,0.053882000000000006,0.016810000000000002,0.07588842049665914,0.7573611518234381,-0.7879207243056562,0.618392915519006,0.035596298274684066,-0.2674599148492741,0.005435178464380998,0.033209385272587176,184,True,12,28,184,914478,4103.2593,4164.8227,0.01500353633512752,False,2023-10-27 16:49:51.097
2023-10-30,4156.7617,0.054177,0.016617,0.04349843955194329,6.995777749302327,-0.6767247391311769,1.6478185530805083,0.04401920327137951,-2.1066951527826254,0.003055927789007192,0.0191747513392239,187,True,12,36,187,829738,4133.2128,4177.6153,0.010742853598053381,False,2023-10-30 16:20:31.906
2023-10-31,4179.4039,0.0545,0.016512,0.04563022563377333,4.20241029665937,-0.5978045118214487,1.2454374512957105,0.033779938802227426,-1.1676005850054365,0.0050275853823093805,0.033766230353847765,185,True,12,37,185,785974,4153.0305,4195.7667,0.01029036507196368,False,2023-10-31 16:50:41.866
2023-11-13,4409.6488,0.053655,0.015749,0.04300763240961824,1.5457483196554926,-0.8213844532462148,0.5044964310044251,0.01472854124354861,-0.12155869783714562,0.002402102969015151,0.023226234028638,184,True,12,30,184,643274,4393.2233,4422.1858,0.0065925399239326055,False,2023-11-13 16:35:29.154
2023-11-28,4552.2477,0.051821,0.015347999999999999,0.03988817547304694,1.5833154085891625,-0.9373467040457519,0.40163742418766446,0.009615418207272627,-0.035001494814134865,0.001846382165257245,0.020708227045966334,188,True,12,37,188,648885,4539.0436,4568.4872,0.0064867409513316154,False,2023-11-28 16:46:05.195
2023-11-30,4551.1199,0.051172,0.015322,0.05055386230042679,1.1495949890806234,-0.8165298513470488,0.48066307272648856,0.011614478001522587,-0.11480405592438468,0.002592563179272882,0.027489040956348916,182,True,12,31,182,716996,4537.0944,4571.2076,0.007518732693769792,False,2023-11-30 16:45:00.227
2023-12-04,4560.6803,0.046356,0.015323999999999999,0.0485397388006228,1.8300588861293243,-0.5142657761733204,0.9022715349656182,0.014923474841354834,-0.6364327621642606,0.0033804709948872746,0.03361301561015024,182,True,12,39,182,704460,4546.9809,4592.7816,0.010072771583447881,False,2023-12-04 16:46:21.517
2023-12-13,4672.1148,0.048947000000000004,0.01492,0.042367373117945965,3.2376056526567885,-0.20888398882041556,1.5563897866900043,0.012427240099109322,-2.148011474723195,0.0038332509149012367,0.06253812478063517,182,True,12,28,182,1045116,4643.3436,4710.0159,0.014358683255746962,False,2023-12-13 16:57:45.969
2024-01-16,4764.1231,0.047146999999999994,0.014902,0.1928775966331577,0.1615799165753295,-0.8307042564277503,0.3955440634394863,0.013130694024734074,-0.094124814175749,0.002263433609005833,0.02251489990397772,185,True,12,55,185,634339,4747.05,4782.2415,0.0074133409169905295,False,2024-01-16 16:23:01.547
2024-01-22,4855.5472,0.048559,0.014662999999999999,0.04556462605635635,1.3741483360932374,-0.38800401253952493,0.7937590460048266,0.014397840454739196,-0.5048283129543871,0.0025653589105805964,0.025691971958554695,182,True,12,36,182,1031137,4843.6014,4867.773,0.004990418906064553,False,2024-01-22 16:43:13.825
2024-01-23,4855.2097,0.048310000000000006,0.014628,0.050257606691499784,1.5868749463718974,-0.25557732313079606,1.1211077660024331,0.014229563942508917,-1.0973775491442592,0.0023598736018166804,0.026238242330758606,182,True,12,26,182,609575,4844.9046,4871.4251,0.005473895192900313,False,2024-01-23 16:54:12.809
2024-01-24,4887.8947,0.048136,0.014617,0.04939080791074081,2.3456011621862713,-0.22382602764140946,1.9019953705667634,0.01800549818819366,-3.3858841167838944,0.002014994451777385,0.020383184967246525,181,True,12,30,181,998681,4860.3209,4903.5176,0.008887623037400871,False,2024-01-24 16:45:04.052
2024-01-26,4893.028,0.047736,0.014552,0.06104409770018603,0.814474973280361,-0.3974956479425949,0.6295070583753817,0.012633363809047568,-0.29684135685786067,0.0017035459485003936,0.017880914448955575,183,True,12,31,183,632815,4874.429,4906.8542,0.006652102225717105,False,2024-01-26 16:28:50.158
2024-01-30,4924.1127,0.047836,0.014457,0.056264556997613256,1.6940264923880015,-0.30751556313327555,1.5627418228579975,0.018387726132400566,-2.2515347046366734,0.0025622724873808596,0.025964255381911334,185,True,12,47,185,804450,4908.3133,4931.5169,0.004727408089455043,False,2024-01-30 16:55:13.612
2024-02-01,4882.7929,0.047972,0.01452,0.04666572330484214,2.265250253407441,-0.2702284990861762,1.4362039500801047,0.01793476591461452,-1.8512627031422257,0.0028163667011675353,0.027572988753718334,186,True,12,40,186,746595,4852.9248,4940.9572,0.018140070911463635,False,2024-02-01 16:52:27.871
2024-02-05,4941.276,0.051579,0.014417,0.2744053880728758,0.10000238974243422,-0.7525550233429981,0.3749544775475855,0.012478546258047165,-0.08570847110200752,0.0029493220233404085,0.030164020420180276,185,True,12,33,185,796767,4917.1577,4956.2897,0.007958256046984413,False,2024-02-05 16:35:56.913
2024-02-06,4945.1821,0.051579,0.014417,0.028048218692725793,5.256348101781788,-0.13680422282650476,1.3598890906669188,0.01445242747568417,-1.5544359367471596,0.002752297147511391,0.031508285564777395,182,True,12,29,182,634510,4934.5825,4957.6973,0.004684246336949416,False,2024-02-06 16:38:12.885
2024-02-20,4971.8491,0.049370000000000004,0.014308000000000001,0.040204741307173,1.707668250543026,-0.532284574693993,0.7203772135740939,0.016806297020255642,-0.3816306093336656,0.002708663872555739,0.026175529618086328,185,True,12,28,185,676029,4955.1637,4997.5136,0.008546619761522711,False,2024-02-20 16:55:44.012
2024-02-21,4964.8804,0.049776,0.014289000000000001,0.08570270713703057,0.6102560484078524,-0.4938888278559603,0.7935325193657177,0.018055804422961737,-0.5250926685003036,0.002023075065855662,0.01853934756258229,183,True,12,26,183,714034,4945.5523,5004.6142,0.011942427542420253,False,2024-02-21 16:59:56.544
2024-02-27,5070.5088,0.050155000000000005,0.014029,0.40919653325650296,0.07347909262333435,-0.531589021107337,0.44844085647099313,0.012384456092195824,-0.14096442181583407,0.001561537286005456,0.0162298315029946,184,True,12,46,184,669390,5057.3262,5082.3736,0.004952696149993052,False,2024-02-27 16:43:18.382
2024-02-28,5068.4477,0.049985999999999996,0.014055999999999999,0.06408518013406135,0.6014864435551422,-0.6498331779147032,0.43440750058073446,0.012045714336708252,-0.11161714239394639,0.0018712992246077012,0.01972474610025162,186,True,12,41,186,606823,5053.6756,5077.7872,0.004771101651241727,False,2024-02-28 16:37:08.954
2024-03-05,5084.2273,0.051182,0.014039999999999999,0.2174686469654763,0.20289729115268812,-0.40275321295685085,0.774977516779464,0.01692954312008135,-0.5123425527537937,0.0025618537513976193,0.02399146132849793,183,True,12,39,183,994232,5056.8777,5122.7586,0.013027979695850789,False,2024-03-05 16:58:11.969
2024-03-06,5110.5929,0.051448999999999995,0.013973,0.047174956399977284,2.1322193218328773,-0.2602824053771898,1.3343574090254595,0.018903019350051523,-1.5793349879358272,0.003718501745787362,0.035592092034712704,182,True,12,32,182,648454,5087.9421,5128.1524,0.00790305770185551,False,2024-03-06 16:51:38.180
2024-03-07,5150.7527,0.050427,0.013844,0.06892684862943319,0.8676962428067893,-0.3377661540193213,0.8567620859064491,0.017197980891632037,-0.6144261366782267,0.002508724959580708,0.02352078578405891,183,True,12,29,183,931390,5085.591,5165.8156,0.015774882407963986,False,2024-03-07 16:51:10.339
2024-03-11,5111.603,0.050427,0.013844,0.08789701904885337,0.8545463394878694,-0.35641820574480615,1.2956198178689748,0.023357583929287013,-1.5284065606946493,0.003195601661816532,0.0271744991741441,186,True,12,41,186,582488,5091.5986,5125.4599,0.006650426056759473,False,2024-03-11 16:56:23.473
2024-03-15,5118.9114,0.050577,0.013955,0.05688616046736507,0.9574536141680826,-0.4871796544241407,0.5972298300626804,0.01590278810905425,-0.2477517500454497,0.002088418303128495,0.019300320042077948,186,True,12,39,186,840360,5104.1442,5166.4285,0.012202692079114952,False,2024-03-15 16:59:52.366
2024-03-19,5158.8922,0.050839999999999996,0.013755,0.07726309719613525,0.7558558686051952,-0.4060670526334382,0.786099110384128,0.016203353098518603,-0.5011522804620927,0.0027491021206907384,0.02553917816365587,184,True,12,33,184,624377,5123.6258,5180.9682,0.011191761896429009,False,2024-03-19 16:58:43.124
2024-03-20,5195.5785,0.049776,0.013642000000000001,0.05420998415322962,0.9828752285562712,-0.38606173882584277,0.5528159461021905,0.013294003044143889,-0.1990421691355852,0.0036747416350321623,0.03803041359547768,184,True,12,41,184,997304,5165.446,5234.3964,0.013348392375024387,False,2024-03-20 16:44:30.495
2024-04-02,5195.7218,0.048398000000000004,0.013601,0.049241659117657835,2.1678815213835807,-0.401988976896037,1.3057264994544018,0.019446942910652694,-1.4914215256105665,0.003271618581300675,0.030214996910001287,184,True,12,45,184,850261,5184.0332,5243.2233,0.011417770241131997,False,2024-04-02 16:59:10.693
2024-04-03,5218.3243,0.049879,0.013685000000000001,0.07589244968223342,0.7432132043541969,-0.4954172140018835,0.7089808030283152,0.01565165630207657,-0.38984523763343004,0.002898817886071449,0.027317597938881014,185,True,12,36,185,517392,5194.6469,5228.3731,0.006492491337573014,False,2024-04-03 16:45:29.202
2024-04-04,5204.9732,0.049945,0.013869,0.03004986625099666,4.5997186632029665,-0.9648191229965982,0.9692712822527171,0.01840547941060226,-0.6630449573569017,0.009772074905314563,0.09097999219840598,181,True,12,26,181,800891,5144.2714,5257.0938,0.021931657804835192,False,2024-04-04 16:57:07.473
2024-04-05,5194.745,0.049945,0.013869,0.13339832321202955,0.305124558701595,-0.6175636708999883,0.56088484461007,0.018280137117994016,-0.23318559991005594,0.0036388021867630248,0.03204641521954444,184,True,12,49,184,681506,5147.2327,5222.5274,0.014628190406079877,False,2024-04-05 16:45:01.150
2024-04-08,5208.2528,0.049945,0.013869,0.05203843163305369,1.301477114439696,-0.6099103198964133,0.7596704063352266,0.0185389287057683,-0.44164547057802017,0.0027790640660645687,0.024156276362211963,185,True,12,52,185,456632,5188.9222,5219.9399,0.005977676828532896,False,2024-04-08 16:21:17.092
2024-04-10,5155.9817,0.041707,0.013839999999999998,0.054213908234008706,1.3691272725035584,-0.6696040483012556,0.758858141168812,0.020019782340725423,-0.4274141977938115,0.0035663610978930046,0.029472721502097,183,True,12,38,183,721383,5130.1141,5232.9951,0.02005432978576449,False,2024-04-10 16:28:38.476
2024-04-16,5057.2264,0.051707,0.014152,0.06550915763102166,1.2629197844466633,-0.561977434357246,1.1746511933402297,0.03285698205865965,-1.214339803546321,0.00457845335963178,0.03145875982611299,186,True,12,40,186,711669,5039.2542,5080.9806,0.008280272902287722,False,2024-04-16 16:58:05.004
2024-04-19,4984.3378,0.051584000000000005,0.0144,0.2540112054257451,0.16615700052471696,-0.4768152099844145,0.7975271392902042,0.02903915612438993,-0.5516380579179978,0.003939276363664508,0.027793157071169437,183,True,12,26,183,1052078,4953.8112,5019.7453,0.01330977248386045,False,2024-04-19 16:48:22.195
2024-04-23,5061.6376,0.051328,0.014108,0.0820793669686395,1.0355618888795857,-0.3265472530989391,1.4467346339578175,0.027719172755155515,-1.9230445725008904,0.002428985125788109,0.019350884221979194,187,True,12,46,187,764108,5014.3838,5077.1842,0.012524051310152995,False,2024-04-23 16:54:52.412
2024-04-24,5069.6538,0.051567999999999996,0.014105000000000001,0.048610659547088764,2.389059282720959,-0.3172966532595298,1.5755402776484781,0.02659028020323862,-2.250059671632322,0.0026872370409155616,0.02186204868889844,184,True,12,41,184,537592,5039.3671,5090.8492,0.010215985257354898,False,2024-04-24 16:59:08.365
2024-04-25,5025.6661,0.05189,0.014159,0.04615773811908473,2.607803562296826,-0.43328362926424646,1.5237870536698337,0.0294602242582657,-2.0811863571427662,0.0060703454662871985,0.06789413811446265,182,True,12,28,182,726263,4990.2527,5098.3827,0.021668241369820818,False,2024-04-25 16:49:09.519
2024-04-29,5111.2849,0.051896000000000005,0.013975999999999999,0.06504290698618112,0.9422139385132567,-0.4343529870434401,0.874128656345418,0.01964948012134845,-0.6415322407166436,0.0022019427805377904,0.019396592996968977,184,True,12,48,184,464108,5087.7899,5122.607,0.006843266071187459,False,2024-04-29 16:40:54.721
2024-05-07,5190.9371,0.04995,0.013796999999999999,0.07482636476588078,0.6022440067900706,-0.4158793562384199,0.6017084550810481,0.014827463086643808,-0.27192560545574285,0.002039493713248147,0.019804818908972018,184,True,12,28,184,833145,5176.6202,5200.4132,0.004596242158155572,False,2024-05-07 16:49:50.197
2024-05-08,5183.7111,0.043941999999999995,0.013783,0.9822348534640865,0.03444215063123572,-0.5166283594972181,0.49663786235864654,0.013742488634812786,-0.17898860477164633,0.002551215624581095,0.025855411469437126,186,True,12,38,186,533227,5163.861,5193.1143,0.005665005312885052,False,2024-05-08 16:37:37.983
2024-05-09,5204.4909,0.04196,0.013723,0.10684061246146241,0.44119887423954707,-0.45022762749806816,0.588871405692158,0.012817344740601963,-0.2524936165597363,0.0031009755414753005,0.033302809178133885,183,True,12,36,183,615429,5172.0051,5220.0828,0.009295756494903662,False,2024-05-09 16:55:07.015
2024-05-10,5221.9659,0.04196,0.013723,0.1540518581663767,0.286327701684956,-0.42109404882760937,0.5810994169520413,0.012478579181120879,-0.24945790340385138,0.0019011312538925985,0.019387174589667128,188,True,12,42,188,622682,5208.9951,5239.5196,0.00585995943824158,False,2024-05-10 16:42:21.056
2024-05-14,5233.5308,0.051625,0.013656999999999999,0.0500120898960296,1.7470626896408827,-0.21187642956918262,1.2995508273924465,0.017098944643889797,-1.5140838403997543,0.0034198630849565734,0.03481891239403492,184,True,12,39,184,640549,5194.3254,5251.3202,0.010972512426734138,False,2024-05-14 16:59:29.123
2024-05-15,5290.8923,0.050841000000000004,0.013517,0.11076757945344105,0.3248515852255692,-0.589658316880223,0.42542864849407097,0.010409056786286551,-0.10902348740539278,0.0033317858872138205,0.04002214848514741,181,True,12,27,181,1203490,5242.7454,5312.5434,0.0133132537773053,False,2024-05-15 16:59:27.066
2024-05-22,5311.9258,0.051567999999999996,0.013544,0.18838267567565656,0.18850644858094626,-0.6034662985494642,0.40742251851218925,0.009578672647337284,-0.09497041025922674,0.0022881106138814425,0.02725494647780343,186,True,12,40,186,752793,5285.9705,5328.3759,0.008022254380723348,False,2024-05-22 16:51:28.539
2024-05-30,5245.9672,0.051879999999999996,0.013731,0.06328968285859561,0.7169193203125949,-0.6021359521675803,0.6397815441072123,0.014459742213130693,-0.3185732313446408,0.004907860670803836,0.049744350209456736,183,True,12,35,183,634318,5222.1533,5260.7065,0.007382625094518147,False,2024-05-30 16:58:22.614
2024-06-03,5270.2521,0.049569,0.013624,0.06981331123911423,0.8290109859552262,-0.4403743015564218,0.991334315588234,0.017069875548201344,-0.8669917212965181,0.006777037847875356,0.0683521470609587,184,True,12,31,184,531264,5233.9503,5309.4614,0.014427171767374292,False,2024-06-03 16:32:12.345
2024-06-07,5354.0113,0.050835,0.013448,0.04632668635837185,1.8493802238793136,-0.29702457302572866,1.203565923694992,0.014690537975387554,-1.2772196175017143,0.0020702068796500735,0.021908296662284735,184,True,12,28,184,587978,5319.8835,5375.7882,0.010508632378885663,False,2024-06-07 16:58:57.919
2024-06-11,5354.1981,0.043071,0.013463000000000001,0.052127236452165666,2.3354506596015616,-0.2788997237362776,1.913902559709963,0.01938398392883613,-3.419541830553515,0.00212167489327166,0.02099367862086382,186,True,12,35,186,696317,5326.7087,5377.9935,0.009627858944116774,False,2024-06-11 16:54:03.585
2024-06-12,5432.0082,0.043071,0.013463000000000001,0.0417839222594185,1.2624231812983209,-0.47412911269216595,0.4692441014098754,0.009589371947337054,-0.11469204257624777,0.003859264059625994,0.050186918707382296,185,True,12,25,185,1281443,5378.5419,5447.2197,0.012768850977994406,False,2024-06-12 16:53:00.694
2024-07-15,5644.1993,0.048361999999999995,0.012929999999999999,0.03492573293766354,1.715145822180544,-0.8299822090921712,0.4340180956685317,0.010475585143142981,-0.06856625749848469,0.0029469876567513394,0.03129570861261353,183,True,12,43,183,662143,5614.9646,5666.9342,0.009255552563946612,False,2024-07-15 16:53:35.041
2024-07-17,5600.9135,0.048461,0.01303,0.04029439378288917,1.2185566912437857,-0.9704341138250219,0.3506493794611443,0.012589928131568359,-0.024752980988982362,0.003832700928225926,0.039429553199386104,182,True,12,42,182,805181,5581.6758,5640.3738,0.010516196587412097,False,2024-07-17 16:50:20.543
2024-07-18,5559.8851,0.048619,0.013134,0.03942477111531085,1.997601749930801,-0.7744861474046799,0.717964242092418,0.016797951958258985,-0.35796266938220783,0.003806652562735768,0.03443672706844585,183,True,12,37,183,785547,5522.5992,5615.5885,0.016837959198632513,False,2024-07-18 16:40:49.163
2024-07-22,5554.4887,0.048872,0.013095,0.04644891694204307,1.230734954046475,-0.9232435077546709,0.5722513447067269,0.016554086625999394,-0.21313899020230936,0.005848271313215097,0.05632731522792113,182,True,12,28,182,583095,5516.061,5570.5795,0.009883592657876639,False,2024-07-22 16:14:40.601
2024-07-23,5570.5197,0.048704,0.013115000000000002,0.0414126183495734,2.00848027275677,-0.545822998284196,0.9079665911123757,0.017778136638064938,-0.6580504765795815,0.0031655797186842124,0.02872088102656751,186,True,12,57,186,586636,5544.4991,5584.8184,0.007271946351294467,False,2024-07-23 16:43:49.458
2024-07-24,5460.0312,0.048401,0.013426,0.03500070264974931,5.7323779002587285,-0.37813810244318874,1.8526032218421142,0.03150924004123035,-3.030864188853882,0.005304732644226665,0.041264437548060834,183,True,12,25,183,921403,5420.399,5522.7813,0.018888332759267268,False,2024-07-24 16:41:02.746
2024-07-26,5458.1806,0.047975000000000004,0.013352,0.032478511833343396,4.425655478085498,-0.6400118809236438,1.1210471847385417,0.026566162427978973,-0.9692693827796084,0.002950553027665231,0.02262597039033683,186,True,12,39,186,631147,5422.5509,5489.0628,0.012265795421118053,False,2024-07-26 16:20:08.981
2024-08-01,5463.1957,0.048270999999999994,0.013391,0.03417023568832448,4.99506194759119,-0.5881780893193173,1.3175212255711652,0.03399062717836546,-1.3944972917766012,0.009075843980491756,0.06639070418802873,184,True,12,20,184,863866,5410.5466,5564.4507,0.02844520366944092,False,2024-08-01 16:40:46.634
2024-08-02,5334.0626,0.048393,0.013642000000000001,0.5289066468473219,0.08867409041457291,-0.586865178797644,1.1580951355990952,0.0491149075833518,-1.2473837114514705,0.00960981949930385,0.05704706479035756,185,True,12,27,185,1459069,5301.8281,5401.6691,0.018831429106500153,False,2024-08-02 16:53:54.627
2024-08-06,5260.1162,0.051411,0.014066,0.42297947794855295,0.18213033887492977,-0.950493948877925,1.3646760126974928,0.062294093103372375,-1.708265828320106,0.014638286714402577,0.0713710431467125,186,True,12,29,186,1201654,5193.6876,5312.5779,0.022891307517225234,False,2024-08-06 16:55:33.070
2024-08-07,5272.2811,0.050081,0.014031,0.03579268144370981,7.459482191969351,-0.9784264111634317,1.0660292867497678,0.0569704490726509,-0.6024287005438483,0.014496306592961366,0.0792503645407268,185,True,12,28,185,1099384,5170.1295,5331.1098,0.031136608860571124,True,2024-08-07 16:50:09.270
2024-08-14,5443.0901,0.044231999999999994,0.013389,0.02874461255416117,9.089083310804941,-0.8328335950780453,1.2069750218584774,0.023448568131600997,-0.934264346907111,0.004461315498668887,0.03546988838111277,186,True,12,33,186,603631,5415.2931,5463.3864,0.008881015138405113,False,2024-08-14 16:19:00.543
2024-08-15,5527.9681,0.045309999999999996,0.013204,0.02921916110722949,5.718900417924143,-0.5241600373147263,1.052498541144726,0.0179736596453477,-0.7735502337767215,0.0034515561025090114,0.03008462110141753,185,True,12,27,185,999288,5447.6334,5546.36,0.01812284211342119,False,2024-08-15 16:51:47.038
2024-08-20,5602.2126,0.044261999999999996,0.013092999999999999,0.030718395419821406,3.6179323393090015,-0.8174700559383814,0.6406529515792034,0.015603663822941578,-0.18816205196503843,0.005014997842264462,0.04541472647429248,189,True,12,38,189,699312,5585.3484,5626.934,0.007445480034871332,False,2024-08-20 16:47:35.991
2024-08-28,5594.3932,0.043934,0.013103,0.030582503067628906,4.5812738987454615,-0.7567854010984552,0.8543793615410541,0.019599480788754998,-0.44975044730323654,0.006064262038150503,0.050845933621354936,184,True,12,44,184,554433,5560.0956,5638.1295,0.014034632785810519,False,2024-08-28 16:48:30.902
2024-08-29,5617.9116,0.044119,0.013107,0.029117993302860627,7.719259982527491,-0.7154153582939116,1.3403979626088363,0.01734566531717771,-1.347127977217368,0.0045865747428125905,0.04159261978254973,184,True,12,42,184,709822,5583.0782,5647.3851,0.011518180060598127,False,2024-08-29 16:28:43.980
2024-09-13,5624.4527,0.040096,0.013111,0.02627190659924378,17.49215990502242,-0.9974911690460565,1.006857905708941,0.015822106981754423,-0.09465805980102304,0.0042649330199697666,0.0345579997457524,182,True,12,23,182,693755,5598.9807,5637.0051,0.006791307567822091,False,2024-09-13 16:14:29.635
2024-09-25,5727.7708,0.039153,0.012865,0.027343223674292438,10.561400590078359,-0.997057866750881,0.7943074998830877,0.011946694261865762,-0.053358927073887896,0.0070184960115589334,0.06219860713857935,186,True,12,46,186,593632,5708.214,5741.4088,0.005815269014090907,False,2024-09-25 16:56:03.648
