date,reason,detail,iv_rmse,n_maturities,n_strikes,n_cells
2012-01-20,pegged,calibration rejected (boundary-pegged),0.007135477450735368,7.0,41.0,104.0
2012-01-24,pegged,calibration rejected (boundary-pegged),0.007770101699362047,8.0,53.0,119.0
2012-02-07,pegged,calibration rejected (boundary-pegged),0.00585127787422603,11.0,58.0,152.0
2012-02-15,pegged,calibration rejected (boundary-pegged),0.009322106780612674,9.0,40.0,124.0
2012-02-17,pegged,calibration rejected (boundary-pegged),0.007656782079313551,10.0,52.0,139.0
2012-02-21,pegged,calibration rejected (boundary-pegged),0.008916968133299695,10.0,51.0,133.0
2012-02-23,pegged,calibration rejected (boundary-pegged),0.009036159265239443,10.0,50.0,149.0
2012-03-07,pegged,calibration rejected (boundary-pegged),0.01069467611036403,10.0,50.0,138.0
2012-05-11,pegged,calibration rejected (boundary-pegged),0.007733757322954808,10.0,56.0,138.0
2012-06-26,pegged,calibration rejected (boundary-pegged),0.01679640042982491,11.0,54.0,161.0
2012-07-23,pegged,calibration rejected (boundary-pegged),0.010140599929727028,11.0,58.0,172.0
2012-08-23,pegged,calibration rejected (boundary-pegged),0.005794760655021998,12.0,41.0,176.0
2012-10-22,pegged,calibration rejected (boundary-pegged),0.01062023644041965,12.0,60.0,173.0
2012-10-23,pegged,calibration rejected (boundary-pegged),0.009853447736615622,12.0,56.0,182.0
2012-12-31,pegged,calibration rejected (boundary-pegged),0.009779815900493148,12.0,52.0,183.0
2013-04-17,pegged,calibration rejected (boundary-pegged),0.0076741101345944975,12.0,41.0,167.0
2014-02-03,pegged,calibration rejected (boundary-pegged),0.007669896504143023,12.0,39.0,186.0
2014-02-06,pegged,calibration rejected (boundary-pegged),0.005341120915306178,12.0,46.0,186.0
2014-02-14,pegged,calibration rejected (boundary-pegged),0.004867676565390512,12.0,45.0,186.0
2014-05-16,pegged,calibration rejected (boundary-pegged),0.004185817953995693,12.0,47.0,180.0
2014-06-10,pegged,calibration rejected (boundary-pegged),0.004260401908319179,12.0,42.0,181.0
2014-10-15,iv_miss,calibration rejected (iv_rmse=0.0201 > 0.02),0.020082792308514945,12.0,26.0,188.0
2014-10-16,pegged,calibration rejected (boundary-pegged),0.013803308695191994,12.0,33.0,183.0
2014-10-17,pegged,calibration rejected (boundary-pegged),0.006201902809156454,12.0,43.0,184.0
2014-10-31,pegged,calibration rejected (boundary-pegged),0.004091748652010607,12.0,48.0,185.0
2014-11-21,pegged,calibration rejected (boundary-pegged),0.0037078688054776807,12.0,45.0,184.0
2014-12-09,pegged,calibration rejected (boundary-pegged),0.007433988662829577,12.0,54.0,182.0
2014-12-10,pegged,calibration rejected (boundary-pegged),0.011499283615950047,12.0,46.0,184.0
2014-12-11,pegged,calibration rejected (boundary-pegged),0.009521562919869934,12.0,53.0,186.0
2014-12-12,pegged,calibration rejected (boundary-pegged),0.008595317866517342,12.0,41.0,191.0
2014-12-15,pegged,calibration rejected (boundary-pegged),0.0087429810900531,12.0,43.0,184.0
2014-12-16,pegged,calibration rejected (boundary-pegged),0.009040421879031507,12.0,37.0,186.0
2014-12-17,pegged,calibration rejected (boundary-pegged),0.011952314618436434,12.0,37.0,185.0
2014-12-18,pegged,calibration rejected (boundary-pegged),0.007524806220521361,12.0,45.0,186.0
2014-12-23,pegged,calibration rejected (boundary-pegged),0.007126912695258382,12.0,46.0,176.0
2014-12-24,pegged,calibration rejected (boundary-pegged),0.006603869045696916,12.0,57.0,166.0
2015-01-20,pegged,calibration rejected (boundary-pegged),0.006432220160578075,12.0,61.0,182.0
2015-01-21,pegged,calibration rejected (boundary-pegged),0.006811124563986033,12.0,48.0,183.0
2015-02-06,pegged,calibration rejected (boundary-pegged),0.00875074652975736,12.0,52.0,186.0
2015-02-10,pegged,calibration rejected (boundary-pegged),0.006227901103182415,12.0,37.0,181.0
2015-02-12,pegged,calibration rejected (boundary-pegged),0.005525177504096654,12.0,45.0,189.0
2015-02-13,pegged,calibration rejected (boundary-pegged),0.009694691091606025,12.0,60.0,187.0
2015-02-20,pegged,calibration rejected (boundary-pegged),0.006469000064080858,12.0,46.0,188.0
2015-02-23,pegged,calibration rejected (boundary-pegged),0.005350949384011773,12.0,54.0,179.0
2015-02-26,pegged,calibration rejected (boundary-pegged),0.006718519146814788,12.0,54.0,177.0
2015-03-09,pegged,calibration rejected (boundary-pegged),0.005919758647501217,12.0,54.0,180.0
2015-06-29,pegged,calibration rejected (boundary-pegged),0.00850635784068612,12.0,33.0,183.0
2015-06-30,pegged,calibration rejected (boundary-pegged),0.00549439092902573,12.0,56.0,184.0
2015-07-24,iv_miss,calibration rejected (iv_rmse=0.0558 > 0.02),0.055780547251021786,12.0,51.0,186.0
2015-08-19,pegged,calibration rejected (boundary-pegged),0.007324552652610332,12.0,33.0,184.0
2015-08-20,pegged,calibration rejected (boundary-pegged),0.008102727335402425,12.0,26.0,184.0
2015-08-24,iv_miss,calibration rejected (iv_rmse=0.0509 > 0.02),0.05087100629726549,12.0,32.0,184.0
2015-08-25,pegged,calibration rejected (boundary-pegged),0.018729484410665413,12.0,41.0,184.0
2015-08-26,pegged,calibration rejected (boundary-pegged),0.014641898258646388,12.0,33.0,188.0
2015-09-01,iv_miss,calibration rejected (iv_rmse=0.0216 > 0.02),0.02158753842904531,12.0,42.0,185.0
2015-09-02,pegged,calibration rejected (boundary-pegged),0.010072257176452395,12.0,43.0,187.0
2015-09-04,pegged,calibration rejected (boundary-pegged),0.007562752414340988,12.0,42.0,188.0
2015-09-09,pegged,calibration rejected (boundary-pegged),0.011558672056388246,12.0,37.0,184.0
2015-09-17,pegged,calibration rejected (boundary-pegged),0.01159035321978458,12.0,40.0,185.0
2015-09-21,pegged,calibration rejected (boundary-pegged),0.006723487269174892,12.0,46.0,183.0
2015-09-25,pegged,calibration rejected (boundary-pegged),0.016750542405563094,12.0,68.0,185.0
2015-10-05,pegged,calibration rejected (boundary-pegged),0.004514572072042737,12.0,38.0,184.0
2015-10-06,pegged,calibration rejected (boundary-pegged),0.0045506789036935166,12.0,42.0,186.0
2015-10-07,pegged,calibration rejected (boundary-pegged),0.005825253727770825,12.0,48.0,185.0
2015-10-08,pegged,calibration rejected (boundary-pegged),0.007115077070740542,12.0,43.0,190.0
2015-10-09,pegged,calibration rejected (boundary-pegged),0.004496635074759244,12.0,42.0,185.0
2015-10-15,pegged,calibration rejected (boundary-pegged),0.006352900552495027,12.0,38.0,182.0
2015-10-16,pegged,calibration rejected (boundary-pegged),0.004099157382063783,12.0,56.0,180.0
2015-10-23,pegged,calibration rejected (boundary-pegged),0.003972593657547436,12.0,38.0,192.0
2015-11-03,pegged,calibration rejected (boundary-pegged),0.004091356085778571,12.0,36.0,186.0
2015-11-09,pegged,calibration rejected (boundary-pegged),0.0064766401729541385,12.0,37.0,189.0
2015-11-10,pegged,calibration rejected (boundary-pegged),0.006534644033105445,12.0,50.0,184.0
2015-11-12,pegged,calibration rejected (boundary-pegged),0.006456706661523967,12.0,41.0,189.0
2015-11-13,pegged,calibration rejected (boundary-pegged),0.006122600344645696,11.0,32.0,167.0
2015-11-16,pegged,calibration rejected (boundary-pegged),0.009665180013056059,12.0,46.0,187.0
2015-11-17,pegged,calibration rejected (boundary-pegged),0.008189379650319673,12.0,41.0,187.0
2015-11-18,pegged,calibration rejected (boundary-pegged),0.00982690165248279,12.0,43.0,180.0
2015-11-19,pegged,calibration rejected (boundary-pegged),0.00895476927660394,12.0,53.0,188.0
2015-11-20,pegged,calibration rejected (boundary-pegged),0.009324721787180967,12.0,50.0,178.0
2015-11-24,iv_miss,calibration rejected (iv_rmse=0.2424 > 0.02),0.24236423258536674,12.0,54.0,177.0
2015-12-09,pegged,calibration rejected (boundary-pegged),0.01106511524194834,12.0,41.0,183.0
2015-12-10,pegged,calibration rejected (boundary-pegged),0.0077694360710408045,12.0,54.0,185.0
2015-12-11,pegged,calibration rejected (boundary-pegged),0.011520427427391807,12.0,46.0,183.0
2015-12-14,pegged,calibration rejected (boundary-pegged),0.009938999393525435,12.0,51.0,184.0
2015-12-16,pegged,calibration rejected (boundary-pegged),0.010702576454077522,11.0,40.0,169.0
2015-12-18,pegged,calibration rejected (boundary-pegged),0.005173264983654056,12.0,43.0,184.0
2015-12-22,pegged,calibration rejected (boundary-pegged),0.006774086044187288,11.0,52.0,168.0
2015-12-23,pegged,calibration rejected (boundary-pegged),0.007423598979027562,12.0,51.0,186.0
2016-01-15,pegged,calibration rejected (boundary-pegged),0.00879275489435585,12.0,32.0,185.0
2016-01-19,pegged,calibration rejected (boundary-pegged),0.007892782686726614,12.0,38.0,185.0
2016-01-20,pegged,calibration rejected (boundary-pegged),0.014576669124004897,12.0,34.0,185.0
2016-01-21,pegged,calibration rejected (boundary-pegged),0.011229714750890003,12.0,44.0,187.0
2016-01-29,pegged,calibration rejected (boundary-pegged),0.0057880939791245326,12.0,31.0,188.0
2016-02-01,pegged,calibration rejected (boundary-pegged),0.008009685255807685,12.0,45.0,185.0
2016-02-02,pegged,calibration rejected (boundary-pegged),0.0059950376702508365,12.0,37.0,185.0
2016-02-03,pegged,calibration rejected (boundary-pegged),0.01026933903211524,12.0,37.0,186.0
2016-02-05,pegged,calibration rejected (boundary-pegged),0.00772419074686377,12.0,44.0,187.0
2016-02-08,pegged,calibration rejected (boundary-pegged),0.006721052854565838,12.0,29.0,187.0
2016-02-11,pegged,calibration rejected (boundary-pegged),0.006949087950521879,12.0,33.0,184.0
2016-02-16,pegged,calibration rejected (boundary-pegged),0.009054951159105883,12.0,34.0,191.0
2016-02-17,pegged,calibration rejected (boundary-pegged),0.007534276028401017,12.0,25.0,183.0
2016-02-18,pegged,calibration rejected (boundary-pegged),0.008833036967629816,12.0,39.0,185.0
2016-02-19,pegged,calibration rejected (boundary-pegged),0.011757043883483842,12.0,40.0,186.0
2016-02-22,pegged,calibration rejected (boundary-pegged),0.00675946108734706,12.0,43.0,192.0
2016-02-23,pegged,calibration rejected (boundary-pegged),0.005907580056819158,12.0,45.0,190.0
2016-03-02,pegged,calibration rejected (boundary-pegged),0.005662589106385446,12.0,37.0,185.0
2016-03-04,pegged,calibration rejected (boundary-pegged),0.004332592408451155,12.0,33.0,181.0
2016-03-07,pegged,calibration rejected (boundary-pegged),0.004699244917119142,12.0,36.0,190.0
2016-03-10,pegged,calibration rejected (boundary-pegged),0.0066693914262944696,12.0,32.0,184.0
2016-03-11,pegged,calibration rejected (boundary-pegged),0.0049949870866209545,12.0,27.0,182.0
2016-03-14,pegged,calibration rejected (boundary-pegged),0.0050652552643252,12.0,47.0,185.0
2016-03-15,pegged,calibration rejected (boundary-pegged),0.00512148821461823,12.0,48.0,185.0
2016-03-16,pegged,calibration rejected (boundary-pegged),0.006243548392259471,12.0,39.0,183.0
2016-03-17,pegged,calibration rejected (boundary-pegged),0.005652515651723161,12.0,39.0,182.0
2016-03-18,pegged,calibration rejected (boundary-pegged),0.005224464292043797,12.0,43.0,181.0
2016-03-21,pegged,calibration rejected (boundary-pegged),0.005024271433386739,12.0,38.0,182.0
2016-03-22,pegged,calibration rejected (boundary-pegged),0.005718018470523197,12.0,39.0,179.0
2016-03-23,pegged,calibration rejected (boundary-pegged),0.004360233469325915,11.0,34.0,172.0
2016-03-24,pegged,calibration rejected (boundary-pegged),0.006101446525169321,12.0,44.0,185.0
2016-03-28,pegged,calibration rejected (boundary-pegged),0.006322074151619225,12.0,47.0,182.0
2016-03-29,pegged,calibration rejected (boundary-pegged),0.0074189268313703555,12.0,43.0,185.0
2016-03-30,pegged,calibration rejected (boundary-pegged),0.004648715624328904,12.0,39.0,184.0
2016-04-01,pegged,calibration rejected (boundary-pegged),0.006928261697195909,12.0,46.0,184.0
2016-04-04,pegged,calibration rejected (boundary-pegged),0.0037647049149161496,12.0,38.0,186.0
2016-04-05,pegged,calibration rejected (boundary-pegged),0.004460335291203337,12.0,40.0,186.0
2016-04-06,pegged,calibration rejected (boundary-pegged),0.0070869647177136804,12.0,54.0,176.0
2016-04-07,pegged,calibration rejected (boundary-pegged),0.004980178756161001,12.0,33.0,185.0
2016-04-08,pegged,calibration rejected (boundary-pegged),0.005952957149714948,12.0,45.0,184.0
2016-04-11,pegged,calibration rejected (boundary-pegged),0.005125013720166304,12.0,41.0,185.0
2016-04-12,pegged,calibration rejected (boundary-pegged),0.005373960701314408,12.0,29.0,184.0
2016-04-13,pegged,calibration rejected (boundary-pegged),0.004111518211470549,12.0,40.0,185.0
2016-04-14,pegged,calibration rejected (boundary-pegged),0.004297119260115716,12.0,46.0,184.0
2016-04-28,pegged,calibration rejected (boundary-pegged),0.006895550518930844,12.0,36.0,183.0
2016-04-29,pegged,calibration rejected (boundary-pegged),0.004735494633162938,12.0,28.0,185.0
2016-05-06,pegged,calibration rejected (boundary-pegged),0.005960223247745431,12.0,49.0,185.0
2016-05-10,pegged,calibration rejected (boundary-pegged),0.004917432234092027,12.0,35.0,186.0
2016-05-11,pegged,calibration rejected (boundary-pegged),0.0068564269305318596,12.0,40.0,183.0
2016-05-13,pegged,calibration rejected (boundary-pegged),0.0062938202278513,12.0,34.0,183.0
2016-05-16,pegged,calibration rejected (boundary-pegged),0.007296285751267923,12.0,29.0,185.0
2016-05-17,pegged,calibration rejected (boundary-pegged),0.007621404837220907,12.0,31.0,185.0
2016-05-18,pegged,calibration rejected (boundary-pegged),0.00743271474495397,12.0,35.0,188.0
2016-05-19,pegged,calibration rejected (boundary-pegged),0.0073412711169393765,12.0,30.0,182.0
2016-05-20,pegged,calibration rejected (boundary-pegged),0.007178204571999734,12.0,34.0,186.0
2016-05-23,pegged,calibration rejected (boundary-pegged),0.006849932580009113,12.0,36.0,184.0
2016-05-24,pegged,calibration rejected (boundary-pegged),0.0048350038856465865,12.0,26.0,192.0
2016-05-25,pegged,calibration rejected (boundary-pegged),0.004386352065302818,12.0,32.0,182.0
2016-05-26,pegged,calibration rejected (boundary-pegged),0.004900125841217657,11.0,43.0,167.0
2016-05-31,pegged,calibration rejected (boundary-pegged),0.0061500950893809215,12.0,30.0,190.0
2016-06-02,pegged,calibration rejected (boundary-pegged),0.005427528193185408,12.0,45.0,187.0
2016-06-03,pegged,calibration rejected (boundary-pegged),0.0059537910229959775,12.0,37.0,184.0
2016-06-07,pegged,calibration rejected (boundary-pegged),0.004662351949532355,12.0,29.0,183.0
2016-06-08,pegged,calibration rejected (boundary-pegged),0.006642699014218211,12.0,39.0,187.0
2016-06-09,pegged,calibration rejected (boundary-pegged),0.007225888772160418,12.0,31.0,188.0
2016-06-10,pegged,calibration rejected (boundary-pegged),0.007000798625572154,12.0,38.0,188.0
2016-06-13,pegged,calibration rejected (boundary-pegged),0.010509641689058408,12.0,31.0,183.0
2016-06-16,pegged,calibration rejected (boundary-pegged),0.009886101764260927,12.0,42.0,183.0
2016-06-17,pegged,calibration rejected (boundary-pegged),0.00510207873547335,12.0,41.0,180.0
2016-06-20,pegged,calibration rejected (boundary-pegged),0.007212850611414137,12.0,36.0,184.0
2016-06-21,pegged,calibration rejected (boundary-pegged),0.007655621049488604,12.0,44.0,187.0
2016-06-22,pegged,calibration rejected (boundary-pegged),0.013583875388470185,12.0,38.0,187.0
2016-06-23,pegged,calibration rejected (boundary-pegged),0.00580612468982096,11.0,34.0,169.0
2016-06-30,pegged,calibration rejected (boundary-pegged),0.004660480461819967,12.0,42.0,189.0
2016-07-01,pegged,calibration rejected (boundary-pegged),0.003609377139646603,12.0,33.0,184.0
2016-07-07,pegged,calibration rejected (boundary-pegged),0.004446479932525694,12.0,43.0,183.0
2016-07-08,pegged,calibration rejected (boundary-pegged),0.0035819009620353935,12.0,30.0,181.0
2016-07-12,pegged,calibration rejected (boundary-pegged),0.00273083528454839,12.0,36.0,184.0
2016-07-14,pegged,calibration rejected (boundary-pegged),0.0038557363798530065,12.0,39.0,184.0
2016-07-20,pegged,calibration rejected (boundary-pegged),0.0052332313992596805,12.0,39.0,189.0
2016-07-25,pegged,calibration rejected (boundary-pegged),0.01240284282078556,12.0,44.0,186.0
2016-08-01,pegged,calibration rejected (boundary-pegged),0.0024007497636184955,12.0,32.0,184.0
2016-09-01,pegged,calibration rejected (boundary-pegged),0.004482830377123329,12.0,44.0,184.0
2016-09-28,pegged,calibration rejected (boundary-pegged),0.005404529498955576,12.0,40.0,184.0
2016-09-29,pegged,calibration rejected (boundary-pegged),0.010751025832112352,12.0,25.0,182.0
2016-09-30,pegged,calibration rejected (boundary-pegged),0.005689039098989573,12.0,41.0,183.0
2016-10-04,pegged,calibration rejected (boundary-pegged),0.0062608898263493565,12.0,25.0,182.0
2016-10-07,pegged,calibration rejected (boundary-pegged),0.0064529866399921365,12.0,35.0,183.0
2016-10-11,pegged,calibration rejected (boundary-pegged),0.00825154508235507,12.0,20.0,181.0
2016-10-12,pegged,calibration rejected (boundary-pegged),0.006487401985286703,12.0,27.0,184.0
2016-10-13,pegged,calibration rejected (boundary-pegged),0.009864310404304688,12.0,22.0,182.0
2016-10-14,pegged,calibration rejected (boundary-pegged),0.008622176738178399,12.0,39.0,183.0
2016-10-17,pegged,calibration rejected (boundary-pegged),0.006598368482455419,12.0,37.0,182.0
2016-10-18,pegged,calibration rejected (boundary-pegged),0.007891732766766489,12.0,38.0,172.0
2016-10-19,pegged,calibration rejected (boundary-pegged),0.006570344224711711,12.0,31.0,181.0
2016-10-20,pegged,calibration rejected (boundary-pegged),0.0077635846397378205,12.0,39.0,180.0
2016-10-21,pegged,calibration rejected (boundary-pegged),0.006690448053779264,12.0,34.0,189.0
2016-10-26,pegged,calibration rejected (boundary-pegged),0.00835512360535105,12.0,23.0,184.0
2016-10-31,pegged,calibration rejected (boundary-pegged),0.008420809844591344,12.0,44.0,185.0
2016-11-01,pegged,calibration rejected (boundary-pegged),0.009844692156666971,12.0,21.0,181.0
2016-11-02,pegged,calibration rejected (boundary-pegged),0.009777307830830896,12.0,29.0,180.0
2016-11-03,pegged,calibration rejected (boundary-pegged),0.010726566614848516,12.0,31.0,183.0
2016-11-04,pegged,calibration rejected (boundary-pegged),0.008185704075688395,12.0,48.0,189.0
2016-11-07,pegged,calibration rejected (boundary-pegged),0.008731351740100384,12.0,36.0,182.0
2016-11-08,pegged,calibration rejected (boundary-pegged),0.011788407981542695,12.0,42.0,182.0
2016-11-09,pegged,calibration rejected (boundary-pegged),0.008115435017273291,12.0,24.0,186.0
2016-11-10,pegged,calibration rejected (boundary-pegged),0.0073648883622661745,12.0,29.0,188.0
2016-11-11,pegged,calibration rejected (boundary-pegged),0.004944814224795159,12.0,43.0,184.0
2016-11-14,pegged,calibration rejected (boundary-pegged),0.006678226078949292,12.0,48.0,184.0
2016-11-15,pegged,calibration rejected (boundary-pegged),0.005380869902942717,12.0,35.0,183.0
2016-11-16,pegged,calibration rejected (boundary-pegged),0.008682916278850065,12.0,37.0,181.0
2016-11-17,pegged,calibration rejected (boundary-pegged),0.006705816612716558,12.0,42.0,184.0
2016-11-18,pegged,calibration rejected (boundary-pegged),0.006740388929859753,12.0,47.0,185.0
2016-11-21,pegged,calibration rejected (boundary-pegged),0.00540748812546267,12.0,35.0,183.0
2016-11-22,pegged,calibration rejected (boundary-pegged),0.004065353879188622,12.0,26.0,180.0
2016-11-23,pegged,calibration rejected (boundary-pegged),0.0033398786883361447,12.0,32.0,182.0
2016-11-25,pegged,calibration rejected (boundary-pegged),0.003320886633599668,11.0,28.0,166.0
2016-12-02,pegged,calibration rejected (boundary-pegged),0.0055312852912008685,12.0,37.0,174.0
2016-12-06,pegged,calibration rejected (boundary-pegged),0.0036273421436167925,12.0,36.0,184.0
2016-12-08,pegged,calibration rejected (boundary-pegged),0.0047278158438176345,12.0,29.0,181.0
2016-12-09,pegged,calibration rejected (boundary-pegged),0.003802955696866132,12.0,31.0,183.0
2016-12-12,pegged,calibration rejected (boundary-pegged),0.0035652914315240105,12.0,47.0,184.0
2016-12-13,pegged,calibration rejected (boundary-pegged),0.0036592184085307493,12.0,36.0,184.0
2016-12-14,pegged,calibration rejected (boundary-pegged),0.004832566877534335,12.0,33.0,182.0
2016-12-15,pegged,calibration rejected (boundary-pegged),0.004212364183933245,12.0,42.0,183.0
2016-12-16,pegged,calibration rejected (boundary-pegged),0.0029966851422194196,12.0,40.0,179.0
2016-12-19,pegged,calibration rejected (boundary-pegged),0.005155779225261816,12.0,34.0,184.0
2016-12-20,pegged,calibration rejected (boundary-pegged),0.006317284679431824,12.0,41.0,183.0
2016-12-21,pegged,calibration rejected (boundary-pegged),0.005245779724455001,12.0,39.0,185.0
2016-12-22,pegged,calibration rejected (boundary-pegged),0.003615420000163436,12.0,35.0,184.0
2016-12-28,pegged,calibration rejected (boundary-pegged),0.003936422002850039,12.0,40.0,192.0
2016-12-29,pegged,calibration rejected (boundary-pegged),0.004443182908414738,12.0,37.0,182.0
2017-01-06,pegged,calibration rejected (boundary-pegged),0.0030156399399486815,12.0,32.0,184.0
2017-01-09,pegged,calibration rejected (boundary-pegged),0.004364444014676874,12.0,37.0,185.0
2017-01-10,pegged,calibration rejected (boundary-pegged),0.00492715608683697,12.0,46.0,188.0
2017-01-11,pegged,calibration rejected (boundary-pegged),0.0043157242692146505,12.0,39.0,184.0
2017-01-20,pegged,calibration rejected (boundary-pegged),0.003920257111426968,12.0,34.0,175.0
2017-02-10,pegged,calibration rejected (boundary-pegged),0.004930502351227428,12.0,36.0,184.0
2017-02-13,pegged,calibration rejected (boundary-pegged),0.00461653842536175,12.0,31.0,182.0
2017-02-15,pegged,calibration rejected (boundary-pegged),0.0040456860586378564,12.0,29.0,182.0
2017-02-16,pegged,calibration rejected (boundary-pegged),0.004113964019318595,12.0,29.0,181.0
2017-02-17,pegged,calibration rejected (boundary-pegged),0.004951823195182944,12.0,44.0,185.0
2017-02-22,pegged,calibration rejected (boundary-pegged),0.0038412643012652394,12.0,36.0,183.0
2017-03-02,pegged,calibration rejected (boundary-pegged),0.005122172349284646,12.0,31.0,189.0
2017-03-03,pegged,calibration rejected (boundary-pegged),0.005153507794866874,12.0,39.0,182.0
2017-03-06,pegged,calibration rejected (boundary-pegged),0.004400229805885047,12.0,41.0,186.0
2017-03-10,pegged,calibration rejected (boundary-pegged),0.0035926776008864624,12.0,35.0,182.0
2017-03-16,pegged,calibration rejected (boundary-pegged),0.004357581880635515,12.0,36.0,184.0
2017-03-30,pegged,calibration rejected (boundary-pegged),0.0037232355424123803,12.0,33.0,182.0
2017-04-03,pegged,calibration rejected (boundary-pegged),0.0046134406447349684,12.0,30.0,181.0
2017-04-07,pegged,calibration rejected (boundary-pegged),0.006242505577282352,12.0,35.0,190.0
2017-04-10,pegged,calibration rejected (boundary-pegged),0.00882055735095968,12.0,28.0,182.0
2017-04-11,pegged,calibration rejected (boundary-pegged),0.009628013805705283,12.0,32.0,190.0
2017-04-12,pegged,calibration rejected (boundary-pegged),0.008652535209018321,12.0,37.0,183.0
2017-04-13,pegged,calibration rejected (boundary-pegged),0.008611691115943081,12.0,24.0,184.0
2017-04-19,pegged,calibration rejected (boundary-pegged),0.006025754385216256,12.0,39.0,182.0
2017-04-20,pegged,calibration rejected (boundary-pegged),0.00475675076077338,12.0,32.0,184.0
2017-05-17,pegged,calibration rejected (boundary-pegged),0.008580678127517206,12.0,27.0,184.0
2017-05-18,pegged,calibration rejected (boundary-pegged),0.005911447674725548,12.0,22.0,183.0
2017-07-03,pegged,calibration rejected (boundary-pegged),0.0029217747135171224,12.0,29.0,184.0
2017-07-10,pegged,calibration rejected (boundary-pegged),0.0029237842048715434,12.0,24.0,181.0
2017-08-10,pegged,calibration rejected (boundary-pegged),0.008089618031309068,12.0,16.0,181.0
2017-08-11,pegged,calibration rejected (boundary-pegged),0.005965719115288445,12.0,29.0,182.0
2017-08-17,pegged,calibration rejected (boundary-pegged),0.008293860412546398,12.0,23.0,184.0
2017-08-18,pegged,calibration rejected (boundary-pegged),0.005648082937436981,12.0,27.0,182.0
2017-08-29,pegged,calibration rejected (boundary-pegged),0.006196860063334298,12.0,34.0,185.0
2017-08-31,pegged,calibration rejected (boundary-pegged),0.0032262103872795294,12.0,28.0,183.0
2017-09-25,pegged,calibration rejected (boundary-pegged),0.0028342863263415025,12.0,23.0,180.0
2017-10-19,pegged,calibration rejected (boundary-pegged),0.0037389903951672676,12.0,21.0,180.0
2017-11-16,pegged,calibration rejected (boundary-pegged),0.002978699030446025,12.0,28.0,183.0
2017-11-17,pegged,calibration rejected (boundary-pegged),0.003218870708864643,12.0,36.0,183.0
2017-11-27,pegged,calibration rejected (boundary-pegged),0.0024097873418282272,12.0,27.0,187.0
2017-12-01,pegged,calibration rejected (boundary-pegged),0.010024092505421588,12.0,27.0,183.0
2017-12-05,pegged,calibration rejected (boundary-pegged),0.003772174666568592,12.0,36.0,182.0
2017-12-08,pegged,calibration rejected (boundary-pegged),0.0035394914725805442,12.0,34.0,181.0
2017-12-11,pegged,calibration rejected (boundary-pegged),0.0038162200247458897,12.0,39.0,178.0
2017-12-12,pegged,calibration rejected (boundary-pegged),0.003768334173040428,12.0,31.0,182.0
2017-12-18,pegged,calibration rejected (boundary-pegged),0.0038609184603442554,12.0,32.0,192.0
2018-01-05,pegged,calibration rejected (boundary-pegged),0.003789968156658522,12.0,34.0,184.0
2018-01-09,pegged,calibration rejected (boundary-pegged),0.003058081344581107,12.0,30.0,182.0
2018-01-10,pegged,calibration rejected (boundary-pegged),0.0037143354961366383,12.0,41.0,184.0
2018-01-11,pegged,calibration rejected (boundary-pegged),0.0024039543127260398,12.0,28.0,183.0
2018-01-12,pegged,calibration rejected (boundary-pegged),0.003524699449888441,12.0,32.0,183.0
2018-02-02,pegged,calibration rejected (boundary-pegged),0.007837272724167805,12.0,21.0,180.0
2018-02-05,iv_miss,calibration rejected (iv_rmse=0.0445 > 0.02),0.04447571305290617,12.0,23.0,182.0
2018-02-06,iv_miss,calibration rejected (iv_rmse=0.0539 > 0.02),0.05393511285301817,12.0,22.0,185.0
2018-02-07,pegged,calibration rejected (boundary-pegged),0.011338006561953808,12.0,30.0,184.0
2018-02-08,iv_miss,calibration rejected (iv_rmse=0.0245 > 0.02),0.024483463553616264,12.0,31.0,183.0
2018-02-09,iv_miss,calibration rejected (iv_rmse=0.0295 > 0.02),0.02954127879386107,12.0,22.0,182.0
2018-02-12,pegged,calibration rejected (boundary-pegged),0.012572950494099722,12.0,25.0,181.0
2018-02-26,pegged,calibration rejected (boundary-pegged),0.0028298579938900283,12.0,24.0,182.0
2018-03-01,pegged,calibration rejected (boundary-pegged),0.010367786130255931,12.0,25.0,184.0
2018-03-02,pegged,calibration rejected (boundary-pegged),0.01531691407513217,12.0,36.0,181.0
2018-03-06,pegged,calibration rejected (boundary-pegged),0.004758670549561706,12.0,35.0,186.0
2018-03-07,pegged,calibration rejected (boundary-pegged),0.006491503605246001,12.0,33.0,183.0
2018-03-09,pegged,calibration rejected (boundary-pegged),0.004828210156146775,12.0,27.0,182.0
2018-03-14,pegged,calibration rejected (boundary-pegged),0.004637924044630259,12.0,32.0,182.0
2018-03-15,pegged,calibration rejected (boundary-pegged),0.004740056882821839,12.0,34.0,182.0
2018-03-16,pegged,calibration rejected (boundary-pegged),0.003948880077543807,12.0,35.0,183.0
2018-03-20,pegged,calibration rejected (boundary-pegged),0.004047435601256677,12.0,40.0,186.0
2018-03-22,pegged,calibration rejected (boundary-pegged),0.009042295126846976,12.0,35.0,182.0
2018-03-23,pegged,calibration rejected (boundary-pegged),0.013511104279084302,12.0,30.0,182.0
2018-04-02,pegged,calibration rejected (boundary-pegged),0.010878318590818692,12.0,37.0,184.0
2018-04-04,pegged,calibration rejected (boundary-pegged),0.011949220663632788,12.0,34.0,183.0
2018-04-05,pegged,calibration rejected (boundary-pegged),0.005334795605962487,12.0,39.0,187.0
2018-04-13,pegged,calibration rejected (boundary-pegged),0.005728799567963923,12.0,34.0,182.0
2018-04-20,pegged,calibration rejected (boundary-pegged),0.005101847603311188,12.0,38.0,182.0
2018-04-23,pegged,calibration rejected (boundary-pegged),0.004168007995824838,12.0,26.0,183.0
2018-04-25,pegged,calibration rejected (boundary-pegged),0.00543075211111759,12.0,29.0,182.0
2018-04-27,pegged,calibration rejected (boundary-pegged),0.004799421681895166,12.0,40.0,183.0
2018-04-30,pegged,calibration rejected (boundary-pegged),0.0038236270802496455,12.0,40.0,185.0
2018-05-03,pegged,calibration rejected (boundary-pegged),0.007630796723354419,12.0,31.0,185.0
2018-05-07,pegged,calibration rejected (boundary-pegged),0.0031136081022527452,12.0,34.0,192.0
2018-05-09,pegged,calibration rejected (boundary-pegged),0.0035144336749090457,12.0,40.0,183.0
2018-05-10,pegged,calibration rejected (boundary-pegged),0.003160384130949768,12.0,37.0,184.0
2018-05-11,pegged,calibration rejected (boundary-pegged),0.002728417596571214,12.0,35.0,183.0
2018-05-17,pegged,calibration rejected (boundary-pegged),0.0034193105959909324,12.0,34.0,185.0
2018-05-18,pegged,calibration rejected (boundary-pegged),0.0025263926127370062,12.0,38.0,185.0
2018-05-21,pegged,calibration rejected (boundary-pegged),0.0030500903495372747,12.0,30.0,184.0
2018-05-22,pegged,calibration rejected (boundary-pegged),0.0031873205494535226,12.0,30.0,182.0
2018-05-23,pegged,calibration rejected (boundary-pegged),0.0053840927081808,12.0,28.0,182.0
2018-06-01,pegged,calibration rejected (boundary-pegged),0.003635602321191693,12.0,29.0,183.0
2018-06-27,pegged,calibration rejected (boundary-pegged),0.01042044695737838,12.0,24.0,183.0
2018-07-16,pegged,calibration rejected (boundary-pegged),0.002237549060253361,12.0,28.0,184.0
2018-07-17,pegged,calibration rejected (boundary-pegged),0.003570320889167813,12.0,31.0,184.0
2018-07-31,pegged,calibration rejected (boundary-pegged),0.0027547455888085287,12.0,35.0,188.0
2018-08-01,pegged,calibration rejected (boundary-pegged),0.0035618391024844847,12.0,35.0,183.0
2018-08-07,pegged,calibration rejected (boundary-pegged),0.002715193633330036,12.0,34.0,182.0
2018-08-15,pegged,calibration rejected (boundary-pegged),0.004198833874580497,12.0,24.0,181.0
2018-08-24,pegged,calibration rejected (boundary-pegged),0.003616906331015209,12.0,36.0,182.0
2018-08-28,pegged,calibration rejected (boundary-pegged),0.0033183847862576564,12.0,39.0,185.0
2018-08-29,pegged,calibration rejected (boundary-pegged),0.00351408504183098,12.0,36.0,183.0
2018-08-31,pegged,calibration rejected (boundary-pegged),0.003768349192546416,12.0,33.0,183.0
2018-09-05,pegged,calibration rejected (boundary-pegged),0.003736369260251085,12.0,40.0,186.0
2018-09-12,pegged,calibration rejected (boundary-pegged),0.00404198938610597,12.0,32.0,187.0
2018-09-13,pegged,calibration rejected (boundary-pegged),0.0037632898155302557,12.0,36.0,183.0
2018-09-19,pegged,calibration rejected (boundary-pegged),0.0035521920369055676,12.0,51.0,187.0
2018-09-20,pegged,calibration rejected (boundary-pegged),0.002777903609528378,12.0,30.0,183.0
2018-10-04,pegged,calibration rejected (boundary-pegged),0.007575574620039473,12.0,23.0,182.0
2018-10-10,pegged,calibration rejected (boundary-pegged),0.013563627349958458,12.0,24.0,184.0
2018-10-11,pegged,calibration rejected (boundary-pegged),0.013493063453033007,12.0,20.0,182.0
2018-10-12,pegged,calibration rejected (boundary-pegged),0.012257856760258659,12.0,21.0,183.0
2018-10-15,pegged,calibration rejected (boundary-pegged),0.007295882622576646,12.0,33.0,185.0
2018-10-16,pegged,calibration rejected (boundary-pegged),0.006867092814601005,12.0,25.0,188.0
2018-10-18,pegged,calibration rejected (boundary-pegged),0.010674606105043295,12.0,23.0,182.0
2018-10-19,pegged,calibration rejected (boundary-pegged),0.008457298742117559,12.0,32.0,192.0
2018-10-23,pegged,calibration rejected (boundary-pegged),0.009959862708925016,12.0,20.0,181.0
2018-10-24,pegged,calibration rejected (boundary-pegged),0.014890602719779716,12.0,22.0,181.0
2018-10-25,pegged,calibration rejected (boundary-pegged),0.008221751481086345,12.0,21.0,182.0
2018-10-26,pegged,calibration rejected (boundary-pegged),0.009985024329693068,12.0,24.0,183.0
2018-10-29,pegged,calibration rejected (boundary-pegged),0.0141064755342289,12.0,26.0,182.0
2018-10-30,iv_miss,calibration rejected (iv_rmse=0.0940 > 0.02),0.09397034174777821,12.0,37.0,183.0
2018-10-31,pegged,calibration rejected (boundary-pegged),0.00591797701095303,12.0,29.0,185.0
2018-11-01,pegged,calibration rejected (boundary-pegged),0.006736728771780919,12.0,37.0,184.0
2018-11-02,pegged,calibration rejected (boundary-pegged),0.00896715873607653,12.0,29.0,186.0
2018-11-05,pegged,calibration rejected (boundary-pegged),0.006536087197024209,12.0,45.0,183.0
2018-11-06,pegged,calibration rejected (boundary-pegged),0.005084191481613592,12.0,40.0,185.0
2018-11-07,pegged,calibration rejected (boundary-pegged),0.005549612758796235,12.0,25.0,181.0
2018-11-08,pegged,calibration rejected (boundary-pegged),0.004840426756877225,12.0,34.0,185.0
2018-11-09,pegged,calibration rejected (boundary-pegged),0.004935036780108236,12.0,27.0,184.0
2018-11-12,pegged,calibration rejected (boundary-pegged),0.008771124470748574,12.0,38.0,183.0
2018-11-13,pegged,calibration rejected (boundary-pegged),0.005364259596707374,12.0,27.0,185.0
2018-11-14,pegged,calibration rejected (boundary-pegged),0.008126754031115301,12.0,23.0,181.0
2018-11-15,pegged,calibration rejected (boundary-pegged),0.01050158417195849,12.0,30.0,184.0
2018-11-16,pegged,calibration rejected (boundary-pegged),0.008994427532478888,12.0,43.0,187.0
2018-11-19,pegged,calibration rejected (boundary-pegged),0.00796908813552242,12.0,39.0,183.0
2018-11-20,pegged,calibration rejected (boundary-pegged),0.009940578726023268,12.0,40.0,183.0
2018-11-21,pegged,calibration rejected (boundary-pegged),0.008025474860981978,12.0,34.0,185.0
2018-11-23,pegged,calibration rejected (boundary-pegged),0.0055645896071857106,12.0,45.0,185.0
2018-11-28,pegged,calibration rejected (boundary-pegged),0.005544311564700917,12.0,31.0,183.0
2018-11-29,pegged,calibration rejected (boundary-pegged),0.007155370906896475,12.0,28.0,182.0
2018-11-30,pegged,calibration rejected (boundary-pegged),0.005246032484220259,12.0,33.0,184.0
2018-12-03,pegged,calibration rejected (boundary-pegged),0.005059200878777784,12.0,26.0,183.0
2018-12-04,pegged,calibration rejected (boundary-pegged),0.019944849379247304,12.0,21.0,182.0
2018-12-06,pegged,calibration rejected (boundary-pegged),0.015127211489888534,12.0,25.0,182.0
2018-12-07,pegged,calibration rejected (boundary-pegged),0.01173193655882064,12.0,33.0,186.0
2018-12-10,pegged,calibration rejected (boundary-pegged),0.012578467592518362,12.0,26.0,183.0
2018-12-11,pegged,calibration rejected (boundary-pegged),0.008877713554091962,12.0,38.0,192.0
2018-12-12,pegged,calibration rejected (boundary-pegged),0.006770820251688955,12.0,39.0,185.0
2018-12-13,pegged,calibration rejected (boundary-pegged),0.007026703045664698,12.0,33.0,184.0
2018-12-14,pegged,calibration rejected (boundary-pegged),0.0061437490491365,12.0,29.0,187.0
2018-12-17,pegged,calibration rejected (boundary-pegged),0.011919256372497897,12.0,21.0,185.0
2018-12-18,pegged,calibration rejected (boundary-pegged),0.008942046077574883,12.0,27.0,183.0
2018-12-19,pegged,calibration rejected (boundary-pegged),0.008885190311134883,12.0,32.0,188.0
2018-12-27,pegged,calibration rejected (boundary-pegged),0.012495290873382752,12.0,40.0,184.0
2019-01-02,pegged,calibration rejected (boundary-pegged),0.0140432167597173,12.0,30.0,184.0
2019-01-03,pegged,calibration rejected (boundary-pegged),0.008093892180627591,12.0,26.0,183.0
2019-01-04,pegged,calibration rejected (boundary-pegged),0.007026176723590658,12.0,34.0,184.0
2019-01-07,pegged,calibration rejected (boundary-pegged),0.005993035939452531,12.0,35.0,184.0
2019-01-08,pegged,calibration rejected (boundary-pegged),0.005497757566692011,12.0,27.0,183.0
2019-01-09,pegged,calibration rejected (boundary-pegged),0.006542534133485088,12.0,46.0,186.0
2019-01-10,pegged,calibration rejected (boundary-pegged),0.006340357878709684,12.0,35.0,187.0
2019-01-11,pegged,calibration rejected (boundary-pegged),0.005690551606791847,12.0,35.0,188.0
2019-01-14,pegged,calibration rejected (boundary-pegged),0.008678365539234326,12.0,47.0,184.0
2019-01-15,pegged,calibration rejected (boundary-pegged),0.005148067388197873,12.0,29.0,183.0
2019-01-16,pegged,calibration rejected (boundary-pegged),0.004650126675064588,12.0,40.0,183.0
2019-01-17,pegged,calibration rejected (boundary-pegged),0.006393302084856365,12.0,31.0,188.0
2019-01-18,pegged,calibration rejected (boundary-pegged),0.00541730518189887,12.0,24.0,182.0
2019-01-23,pegged,calibration rejected (boundary-pegged),0.0076440029341122585,12.0,31.0,184.0
2019-01-25,pegged,calibration rejected (boundary-pegged),0.003980084461949833,12.0,27.0,186.0
2019-01-28,pegged,calibration rejected (boundary-pegged),0.005333357523478374,12.0,36.0,188.0
2019-01-30,pegged,calibration rejected (boundary-pegged),0.006406335760234411,12.0,33.0,185.0
2019-02-01,pegged,calibration rejected (boundary-pegged),0.003075273624842473,12.0,27.0,183.0
2019-02-04,pegged,calibration rejected (boundary-pegged),0.004716376967576352,12.0,30.0,189.0
2019-02-05,pegged,calibration rejected (boundary-pegged),0.004958485867896144,12.0,40.0,186.0
2019-02-06,pegged,calibration rejected (boundary-pegged),0.004719393895698075,12.0,42.0,187.0
2019-02-07,pegged,calibration rejected (boundary-pegged),0.00666536526895023,12.0,33.0,184.0
2019-02-08,pegged,calibration rejected (boundary-pegged),0.007043882901246498,12.0,25.0,181.0
2019-02-11,pegged,calibration rejected (boundary-pegged),0.003480597602486978,12.0,42.0,184.0
2019-02-12,pegged,calibration rejected (boundary-pegged),0.0021357496648649788,12.0,28.0,184.0
2019-02-13,pegged,calibration rejected (boundary-pegged),0.0037245400935755585,12.0,40.0,182.0
2019-02-14,pegged,calibration rejected (boundary-pegged),0.004655501561761147,12.0,40.0,187.0
2019-02-15,pegged,calibration rejected (boundary-pegged),0.005036270751104342,12.0,33.0,184.0
2019-02-19,pegged,calibration rejected (boundary-pegged),0.003773980419540953,12.0,27.0,181.0
2019-02-20,pegged,calibration rejected (boundary-pegged),0.0029991917183856457,12.0,30.0,186.0
2019-02-21,pegged,calibration rejected (boundary-pegged),0.0032825553739051945,12.0,40.0,186.0
2019-02-22,pegged,calibration rejected (boundary-pegged),0.003921100034260226,12.0,37.0,189.0
2019-02-25,pegged,calibration rejected (boundary-pegged),0.0022486480994838272,12.0,27.0,182.0
2019-02-27,pegged,calibration rejected (boundary-pegged),0.004214013034787113,12.0,38.0,191.0
2019-02-28,pegged,calibration rejected (boundary-pegged),0.0034893544350910063,12.0,45.0,184.0
2019-03-05,pegged,calibration rejected (boundary-pegged),0.0052843940280083304,12.0,49.0,184.0
2019-03-06,pegged,calibration rejected (boundary-pegged),0.003772234199686444,12.0,49.0,185.0
2019-03-08,pegged,calibration rejected (boundary-pegged),0.006768612772107221,12.0,36.0,181.0
2019-03-11,pegged,calibration rejected (boundary-pegged),0.004252474850345448,12.0,39.0,185.0
2019-03-15,pegged,calibration rejected (boundary-pegged),0.002514023710401602,12.0,37.0,187.0
2019-03-20,pegged,calibration rejected (boundary-pegged),0.003888230671521025,12.0,38.0,185.0
2019-03-28,pegged,calibration rejected (boundary-pegged),0.004058072326199056,12.0,46.0,184.0
2019-03-29,pegged,calibration rejected (boundary-pegged),0.0035895090399003142,12.0,37.0,185.0
2019-04-01,pegged,calibration rejected (boundary-pegged),0.003152568956055107,12.0,32.0,183.0
2019-04-02,pegged,calibration rejected (boundary-pegged),0.0032509399150667784,12.0,34.0,184.0
2019-04-03,pegged,calibration rejected (boundary-pegged),0.003675243035339931,12.0,30.0,185.0
2019-04-04,pegged,calibration rejected (boundary-pegged),0.004083210021809022,12.0,44.0,183.0
2019-04-05,pegged,calibration rejected (boundary-pegged),0.0037963776400111687,12.0,38.0,184.0
2019-04-08,pegged,calibration rejected (boundary-pegged),0.0031729605147934265,12.0,33.0,184.0
2019-04-09,pegged,calibration rejected (boundary-pegged),0.0035717536622877294,12.0,37.0,184.0
2019-04-10,pegged,calibration rejected (boundary-pegged),0.004372181651880103,12.0,46.0,186.0
2019-04-11,pegged,calibration rejected (boundary-pegged),0.0038094262305321813,12.0,53.0,191.0
2019-04-12,pegged,calibration rejected (boundary-pegged),0.0030779706694174,12.0,45.0,183.0
2019-04-15,pegged,calibration rejected (boundary-pegged),0.003339057309362079,12.0,41.0,184.0
2019-04-16,pegged,calibration rejected (boundary-pegged),0.0031720735712315092,12.0,35.0,186.0
2019-04-17,pegged,calibration rejected (boundary-pegged),0.003220387187409983,12.0,30.0,182.0
2019-04-18,pegged,calibration rejected (boundary-pegged),0.0035382432064458465,12.0,38.0,185.0
2019-04-26,pegged,calibration rejected (boundary-pegged),0.0029315828794696168,12.0,33.0,183.0
2019-05-03,pegged,calibration rejected (boundary-pegged),0.0033280798000277683,12.0,39.0,183.0
2019-05-07,pegged,calibration rejected (boundary-pegged),0.012028981309136523,12.0,26.0,182.0
2019-05-08,pegged,calibration rejected (boundary-pegged),0.006027831307208253,12.0,27.0,187.0
2019-05-09,pegged,calibration rejected (boundary-pegged),0.012429464612993407,12.0,32.0,185.0
2019-05-10,pegged,calibration rejected (boundary-pegged),0.01473720796280729,12.0,25.0,183.0
2019-05-13,pegged,calibration rejected (boundary-pegged),0.00518460299793229,12.0,28.0,183.0
2019-05-15,pegged,calibration rejected (boundary-pegged),0.008426018428137392,12.0,28.0,180.0
2019-05-16,pegged,calibration rejected (boundary-pegged),0.0032961092813207997,12.0,30.0,185.0
2019-05-17,pegged,calibration rejected (boundary-pegged),0.005818067950389546,12.0,33.0,188.0
2019-05-20,pegged,calibration rejected (boundary-pegged),0.005103868534211467,12.0,31.0,183.0
2019-05-21,pegged,calibration rejected (boundary-pegged),0.004576081076044711,12.0,29.0,185.0
2019-05-22,pegged,calibration rejected (boundary-pegged),0.004190997758743838,12.0,33.0,188.0
2019-05-24,pegged,calibration rejected (boundary-pegged),0.004610374594622443,12.0,42.0,184.0
2019-05-28,pegged,calibration rejected (boundary-pegged),0.006082408636181901,12.0,25.0,182.0
2019-05-30,pegged,calibration rejected (boundary-pegged),0.005559084699328641,12.0,34.0,183.0
2019-05-31,pegged,calibration rejected (boundary-pegged),0.004326321142706106,12.0,30.0,188.0
2019-06-04,pegged,calibration rejected (boundary-pegged),0.005448283640565195,12.0,23.0,182.0
2019-06-05,pegged,calibration rejected (boundary-pegged),0.005436090550936301,12.0,39.0,184.0
2019-06-06,pegged,calibration rejected (boundary-pegged),0.004260018710645881,12.0,41.0,184.0
2019-06-07,pegged,calibration rejected (boundary-pegged),0.004256858419014372,12.0,28.0,182.0
2019-06-10,pegged,calibration rejected (boundary-pegged),0.002065334022886815,12.0,25.0,182.0
2019-06-13,pegged,calibration rejected (boundary-pegged),0.0034001273330913043,12.0,51.0,186.0
2019-06-18,pegged,calibration rejected (boundary-pegged),0.003252550807313249,12.0,30.0,182.0
2019-07-01,pegged,calibration rejected (boundary-pegged),0.0033279525579428455,12.0,27.0,182.0
2019-07-02,pegged,calibration rejected (boundary-pegged),0.00491635940238278,12.0,30.0,184.0
2019-07-03,pegged,calibration rejected (boundary-pegged),0.005169872955593965,12.0,40.0,186.0
2019-07-05,pegged,calibration rejected (boundary-pegged),0.00489157194703809,12.0,33.0,184.0
2019-07-08,pegged,calibration rejected (boundary-pegged),0.005655883666050933,12.0,33.0,182.0
2019-07-09,pegged,calibration rejected (boundary-pegged),0.0069585450495212335,12.0,40.0,183.0
2019-07-10,pegged,calibration rejected (boundary-pegged),0.004418379572595361,12.0,25.0,183.0
2019-07-11,pegged,calibration rejected (boundary-pegged),0.004261350903002659,12.0,35.0,183.0
2019-07-12,pegged,calibration rejected (boundary-pegged),0.0041129025819931575,12.0,41.0,187.0
2019-07-15,pegged,calibration rejected (boundary-pegged),0.0048694933673723234,12.0,39.0,186.0
2019-07-24,pegged,calibration rejected (boundary-pegged),0.0033034757554777517,12.0,26.0,183.0
2019-07-25,pegged,calibration rejected (boundary-pegged),0.003910423468687772,12.0,34.0,183.0
2019-07-26,pegged,calibration rejected (boundary-pegged),0.002740698270410614,12.0,33.0,187.0
2019-08-01,pegged,calibration rejected (boundary-pegged),0.019474511742972555,12.0,25.0,184.0
2019-08-02,pegged,calibration rejected (boundary-pegged),0.00698690974099391,12.0,22.0,188.0
2019-08-07,pegged,calibration rejected (boundary-pegged),0.011318448126630848,12.0,22.0,192.0
2019-08-08,pegged,calibration rejected (boundary-pegged),0.00694897047101186,12.0,23.0,181.0
2019-08-09,pegged,calibration rejected (boundary-pegged),0.007341043740516238,12.0,29.0,184.0
2019-08-12,pegged,calibration rejected (boundary-pegged),0.007754777249995988,12.0,25.0,183.0
2019-08-13,pegged,calibration rejected (boundary-pegged),0.010998962413293383,12.0,37.0,184.0
2019-08-16,pegged,calibration rejected (boundary-pegged),0.006451679836675612,12.0,38.0,183.0
2019-08-19,pegged,calibration rejected (boundary-pegged),0.00541738977857854,12.0,31.0,182.0
2019-08-20,pegged,calibration rejected (boundary-pegged),0.005974803312543012,12.0,34.0,186.0
2019-08-22,pegged,calibration rejected (boundary-pegged),0.00696532797218013,12.0,34.0,183.0
2019-08-23,pegged,calibration rejected (boundary-pegged),0.01577810993263938,12.0,40.0,183.0
2019-08-26,pegged,calibration rejected (boundary-pegged),0.0074331658254765485,12.0,33.0,186.0
2019-08-27,pegged,calibration rejected (boundary-pegged),0.008787828815447101,12.0,38.0,186.0
2019-08-28,pegged,calibration rejected (boundary-pegged),0.009250045488346705,12.0,37.0,183.0
2019-08-29,pegged,calibration rejected (boundary-pegged),0.005628847057074528,12.0,47.0,182.0
2019-08-30,pegged,calibration rejected (boundary-pegged),0.007421005225360744,12.0,50.0,187.0
2019-09-03,pegged,calibration rejected (boundary-pegged),0.006384625231998865,12.0,44.0,189.0
2019-09-04,pegged,calibration rejected (boundary-pegged),0.007605082407373135,12.0,41.0,183.0
2019-09-05,pegged,calibration rejected (boundary-pegged),0.005084651252112356,12.0,30.0,183.0
2019-09-06,pegged,calibration rejected (boundary-pegged),0.005215081013454268,12.0,39.0,185.0
2019-09-09,pegged,calibration rejected (boundary-pegged),0.003840782721827839,12.0,30.0,183.0
2019-09-10,pegged,calibration rejected (boundary-pegged),0.006485776296536793,12.0,48.0,184.0
2019-09-11,pegged,calibration rejected (boundary-pegged),0.0036348145340732575,12.0,35.0,184.0
2019-09-12,pegged,calibration rejected (boundary-pegged),0.0036350072284045865,12.0,27.0,184.0
2019-09-13,pegged,calibration rejected (boundary-pegged),0.0034933004602057467,12.0,41.0,181.0
2019-09-18,pegged,calibration rejected (boundary-pegged),0.006061131100751427,12.0,29.0,183.0
2019-09-20,pegged,calibration rejected (boundary-pegged),0.007004269142226902,12.0,34.0,182.0
2019-09-23,pegged,calibration rejected (boundary-pegged),0.004312956150868851,12.0,50.0,188.0
2019-09-24,pegged,calibration rejected (boundary-pegged),0.010069224118726796,12.0,27.0,182.0
2019-09-25,pegged,calibration rejected (boundary-pegged),0.008317211766401239,12.0,31.0,185.0
2019-09-26,pegged,calibration rejected (boundary-pegged),0.005890106881814713,12.0,45.0,186.0
2019-09-27,pegged,calibration rejected (boundary-pegged),0.010095151251695807,12.0,38.0,184.0
2019-09-30,pegged,calibration rejected (boundary-pegged),0.0069072035199894055,12.0,47.0,190.0
2019-10-01,pegged,calibration rejected (boundary-pegged),0.011365886175370443,12.0,28.0,181.0
2019-10-02,pegged,calibration rejected (boundary-pegged),0.0058349934485900316,12.0,23.0,186.0
2019-10-03,pegged,calibration rejected (boundary-pegged),0.009063750803647172,12.0,27.0,185.0
2019-10-04,pegged,calibration rejected (boundary-pegged),0.007047697110523927,12.0,28.0,184.0
2019-10-07,pegged,calibration rejected (boundary-pegged),0.00538073036162541,12.0,32.0,185.0
2019-10-08,pegged,calibration rejected (boundary-pegged),0.006825810035751448,12.0,30.0,184.0
2019-10-09,pegged,calibration rejected (boundary-pegged),0.005701101228649293,12.0,39.0,185.0
2019-10-10,pegged,calibration rejected (boundary-pegged),0.0055418689718184635,12.0,34.0,184.0
2019-10-11,pegged,calibration rejected (boundary-pegged),0.004881237116054955,12.0,25.0,183.0
2019-10-15,pegged,calibration rejected (boundary-pegged),0.003800167567857318,12.0,29.0,181.0
2019-10-16,pegged,calibration rejected (boundary-pegged),0.003305987692753433,12.0,35.0,183.0
2019-10-17,pegged,calibration rejected (boundary-pegged),0.005206803199137718,12.0,35.0,180.0
2019-10-18,pegged,calibration rejected (boundary-pegged),0.00661774937594098,12.0,30.0,182.0
2019-10-22,pegged,calibration rejected (boundary-pegged),0.003364145890375965,12.0,40.0,183.0
2019-10-23,pegged,calibration rejected (boundary-pegged),0.0029205780661456316,12.0,37.0,182.0
2019-10-24,pegged,calibration rejected (boundary-pegged),0.004833227358592968,12.0,55.0,185.0
2019-10-25,pegged,calibration rejected (boundary-pegged),0.004182344016008317,12.0,35.0,182.0
2019-10-28,pegged,calibration rejected (boundary-pegged),0.002774313207514498,12.0,36.0,183.0
2019-11-01,pegged,calibration rejected (boundary-pegged),0.0026918368552218313,12.0,33.0,186.0
2019-11-04,pegged,calibration rejected (boundary-pegged),0.0031643861958620197,12.0,33.0,182.0
2019-11-05,pegged,calibration rejected (boundary-pegged),0.00377729402046193,12.0,34.0,183.0
2019-11-06,pegged,calibration rejected (boundary-pegged),0.003778736824459192,12.0,39.0,181.0
2019-11-07,pegged,calibration rejected (boundary-pegged),0.003909832329556848,12.0,34.0,185.0
2019-11-08,pegged,calibration rejected (boundary-pegged),0.0044175447995961695,12.0,31.0,183.0
2019-11-11,pegged,calibration rejected (boundary-pegged),0.0030593977163718604,12.0,37.0,185.0
2019-11-12,pegged,calibration rejected (boundary-pegged),0.004184661698759042,12.0,45.0,179.0
2019-11-15,pegged,calibration rejected (boundary-pegged),0.003944611334405989,12.0,42.0,185.0
2019-11-18,pegged,calibration rejected (boundary-pegged),0.0036953289572092796,12.0,43.0,185.0
2019-11-19,pegged,calibration rejected (boundary-pegged),0.0038624587792213195,12.0,36.0,183.0
2019-11-20,pegged,calibration rejected (boundary-pegged),0.0052351126529987906,12.0,30.0,184.0
2019-11-21,pegged,calibration rejected (boundary-pegged),0.004448305006746111,12.0,41.0,186.0
2019-11-22,pegged,calibration rejected (boundary-pegged),0.004916271107090572,12.0,35.0,184.0
2019-11-25,pegged,calibration rejected (boundary-pegged),0.0028859362173974615,12.0,24.0,181.0
2019-11-26,pegged,calibration rejected (boundary-pegged),0.003495081710515948,12.0,34.0,183.0
2019-11-27,pegged,calibration rejected (boundary-pegged),0.002832523825140637,12.0,30.0,183.0
2019-11-29,pegged,calibration rejected (boundary-pegged),0.003779432556571219,12.0,34.0,182.0
2019-12-02,pegged,calibration rejected (boundary-pegged),0.004484658801484652,12.0,31.0,183.0
2019-12-03,pegged,calibration rejected (boundary-pegged),0.008942998862512682,12.0,28.0,186.0
2019-12-05,pegged,calibration rejected (boundary-pegged),0.006703529429046471,12.0,56.0,187.0
2019-12-06,pegged,calibration rejected (boundary-pegged),0.002996835798129494,12.0,36.0,182.0
2019-12-09,pegged,calibration rejected (boundary-pegged),0.0038762970684668805,12.0,35.0,188.0
2019-12-11,pegged,calibration rejected (boundary-pegged),0.003928324484998171,12.0,28.0,189.0
2019-12-12,pegged,calibration rejected (boundary-pegged),0.005863153604059721,12.0,23.0,183.0
2019-12-16,pegged,calibration rejected (boundary-pegged),0.002348703654551754,12.0,29.0,182.0
2019-12-17,pegged,calibration rejected (boundary-pegged),0.003953521849961704,12.0,40.0,185.0
2019-12-18,pegged,calibration rejected (boundary-pegged),0.003384876221966286,12.0,43.0,181.0
2019-12-19,pegged,calibration rejected (boundary-pegged),0.004618112175542078,12.0,47.0,183.0
2019-12-20,pegged,calibration rejected (boundary-pegged),0.0037508891779077158,12.0,37.0,184.0
2019-12-23,pegged,calibration rejected (boundary-pegged),0.004910144630711594,12.0,42.0,184.0
2019-12-24,pegged,calibration rejected (boundary-pegged),0.0034923477098945744,12.0,57.0,191.0
2019-12-26,pegged,calibration rejected (boundary-pegged),0.004916404437337748,12.0,48.0,186.0
2019-12-27,pegged,calibration rejected (boundary-pegged),0.004548274192327585,12.0,40.0,188.0
2019-12-30,pegged,calibration rejected (boundary-pegged),0.004667597562410736,12.0,43.0,184.0
2019-12-31,pegged,calibration rejected (boundary-pegged),0.006011181343173708,12.0,39.0,185.0
2020-01-02,pegged,calibration rejected (boundary-pegged),0.0042103123477046705,12.0,37.0,182.0
2020-01-07,pegged,calibration rejected (boundary-pegged),0.005071267921106047,12.0,47.0,185.0
2020-01-08,pegged,calibration rejected (boundary-pegged),0.004628051592626881,12.0,25.0,182.0
2020-01-10,pegged,calibration rejected (boundary-pegged),0.0031935296009870965,12.0,44.0,184.0
2020-01-13,pegged,calibration rejected (boundary-pegged),0.013302344089288171,12.0,28.0,181.0
2020-01-14,pegged,calibration rejected (boundary-pegged),0.003564163370807504,12.0,28.0,184.0
2020-01-15,pegged,calibration rejected (boundary-pegged),0.0035332779473049164,12.0,36.0,183.0
2020-01-17,pegged,calibration rejected (boundary-pegged),0.00498588185079516,12.0,37.0,181.0
2020-01-21,pegged,calibration rejected (boundary-pegged),0.0043681225889309816,12.0,37.0,182.0
2020-01-22,pegged,calibration rejected (boundary-pegged),0.004989102845369491,12.0,42.0,184.0
2020-01-23,pegged,calibration rejected (boundary-pegged),0.004085935129083942,12.0,39.0,182.0
2020-01-24,pegged,calibration rejected (boundary-pegged),0.010921699052492573,12.0,31.0,183.0
2020-01-27,pegged,calibration rejected (boundary-pegged),0.00557980207073039,12.0,30.0,181.0
2020-01-28,pegged,calibration rejected (boundary-pegged),0.005332114154352489,12.0,31.0,181.0
2020-01-30,pegged,calibration rejected (boundary-pegged),0.00876817223342518,12.0,27.0,182.0
2020-01-31,pegged,calibration rejected (boundary-pegged),0.007567051951201738,12.0,22.0,181.0
2020-02-04,pegged,calibration rejected (boundary-pegged),0.0047316844569583365,12.0,35.0,182.0
2020-02-05,pegged,calibration rejected (boundary-pegged),0.005194935746343892,12.0,29.0,184.0
2020-02-06,pegged,calibration rejected (boundary-pegged),0.006161996891355147,12.0,40.0,184.0
2020-02-07,pegged,calibration rejected (boundary-pegged),0.0066466855096889875,12.0,38.0,186.0
2020-02-10,pegged,calibration rejected (boundary-pegged),0.007644176331504724,12.0,40.0,183.0
2020-02-11,pegged,calibration rejected (boundary-pegged),0.004736533981556444,12.0,25.0,181.0
2020-02-12,pegged,calibration rejected (boundary-pegged),0.00510423035939869,12.0,35.0,180.0
2020-02-13,pegged,calibration rejected (boundary-pegged),0.004548546712734854,12.0,29.0,184.0
2020-02-14,pegged,calibration rejected (boundary-pegged),0.0037552695417085906,12.0,30.0,182.0
2020-02-18,pegged,calibration rejected (boundary-pegged),0.0053277055693801405,12.0,38.0,187.0
2020-02-19,pegged,calibration rejected (boundary-pegged),0.005103295949644483,12.0,43.0,189.0
2020-02-20,pegged,calibration rejected (boundary-pegged),0.009922586935782131,12.0,23.0,182.0
2020-02-21,pegged,calibration rejected (boundary-pegged),0.006822440133021437,12.0,37.0,185.0
2020-02-24,pegged,calibration rejected (boundary-pegged),0.008898372784242029,12.0,22.0,184.0
2020-02-25,pegged,calibration rejected (boundary-pegged),0.016979000662597794,12.0,22.0,183.0
2020-02-26,pegged,calibration rejected (boundary-pegged),0.011216917473238268,12.0,24.0,185.0
2020-02-27,pegged,calibration rejected (boundary-pegged),0.018654865842498126,12.0,29.0,184.0
2020-02-28,iv_miss,calibration rejected (iv_rmse=0.0227 > 0.02),0.022706371855346425,12.0,43.0,189.0
2020-03-02,iv_miss,calibration rejected (iv_rmse=0.0423 > 0.02),0.042335518243953485,12.0,30.0,185.0
2020-03-03,iv_miss,calibration rejected (iv_rmse=0.0415 > 0.02),0.041471174350378844,12.0,25.0,189.0
2020-03-04,iv_miss,calibration rejected (iv_rmse=0.0385 > 0.02),0.03847332245474106,12.0,27.0,183.0
2020-03-05,iv_miss,calibration rejected (iv_rmse=0.0217 > 0.02),0.02167114122478192,12.0,33.0,184.0
2020-03-06,iv_miss,calibration rejected (iv_rmse=0.0330 > 0.02),0.03298244208180004,12.0,36.0,182.0
2020-03-09,iv_miss,calibration rejected (iv_rmse=0.0515 > 0.02),0.05152722810146475,12.0,36.0,188.0
2020-03-10,iv_miss,calibration rejected (iv_rmse=0.0502 > 0.02),0.050196044704138104,12.0,26.0,186.0
2020-03-11,iv_miss,calibration rejected (iv_rmse=0.0575 > 0.02),0.05753898857427191,12.0,39.0,189.0
2020-03-12,iv_miss,calibration rejected (iv_rmse=0.1273 > 0.02),0.1273071503152403,12.0,26.0,182.0
2020-03-13,iv_miss,calibration rejected (iv_rmse=0.1087 > 0.02),0.10867734881997085,12.0,27.0,187.0
2020-03-16,iv_miss,calibration rejected (iv_rmse=0.1080 > 0.02),0.10801222271880141,12.0,39.0,184.0
2020-03-17,iv_miss,calibration rejected (iv_rmse=0.1611 > 0.02),0.161134165440466,12.0,40.0,186.0
2020-03-18,iv_miss,calibration rejected (iv_rmse=0.1392 > 0.02),0.13923561497164624,12.0,33.0,188.0
2020-03-19,iv_miss,calibration rejected (iv_rmse=0.1219 > 0.02),0.12186077512562049,12.0,51.0,187.0
2020-03-20,iv_miss,calibration rejected (iv_rmse=0.0861 > 0.02),0.08608195169409584,12.0,37.0,186.0
2020-03-23,iv_miss,calibration rejected (iv_rmse=0.0962 > 0.02),0.09616916662116917,12.0,39.0,185.0
2020-03-24,iv_miss,calibration rejected (iv_rmse=0.1091 > 0.02),0.10906960014355867,12.0,38.0,189.0
2020-03-25,iv_miss,calibration rejected (iv_rmse=0.0889 > 0.02),0.08890368960935789,12.0,30.0,189.0
2020-03-26,iv_miss,calibration rejected (iv_rmse=0.0883 > 0.02),0.08832135611311637,12.0,41.0,186.0
2020-03-27,iv_miss,calibration rejected (iv_rmse=0.0844 > 0.02),0.08438355953807247,12.0,37.0,187.0
2020-03-30,pegged,calibration rejected (boundary-pegged),0.015015174662536657,12.0,47.0,191.0
2020-03-31,pegged,calibration rejected (boundary-pegged),0.015916838832877905,12.0,38.0,184.0
2020-04-01,pegged,calibration rejected (boundary-pegged),0.018039873070070378,12.0,37.0,187.0
2020-04-03,pegged,calibration rejected (boundary-pegged),0.012832890375231425,12.0,33.0,184.0
2020-04-06,pegged,calibration rejected (boundary-pegged),0.009055680478234032,12.0,27.0,184.0
2020-04-07,pegged,calibration rejected (boundary-pegged),0.011400603729283618,12.0,27.0,185.0
2020-04-08,pegged,calibration rejected (boundary-pegged),0.007604133814580278,12.0,28.0,186.0
2020-04-09,pegged,calibration rejected (boundary-pegged),0.0074691619296033615,12.0,36.0,184.0
2020-04-13,pegged,calibration rejected (boundary-pegged),0.01114967643653904,12.0,42.0,185.0
2020-04-14,pegged,calibration rejected (boundary-pegged),0.008223679927286329,12.0,33.0,184.0
2020-04-15,pegged,calibration rejected (boundary-pegged),0.011737334830523662,12.0,44.0,186.0
2020-04-16,pegged,calibration rejected (boundary-pegged),0.010417063129740013,12.0,42.0,185.0
2020-04-17,pegged,calibration rejected (boundary-pegged),0.009123978198907787,12.0,36.0,184.0
2020-04-20,pegged,calibration rejected (boundary-pegged),0.010975506781985278,12.0,32.0,189.0
2020-04-21,pegged,calibration rejected (boundary-pegged),0.00927547589494447,12.0,36.0,185.0
2020-04-22,pegged,calibration rejected (boundary-pegged),0.012429963838485169,12.0,37.0,183.0
2020-04-23,pegged,calibration rejected (boundary-pegged),0.01245277009958482,12.0,41.0,185.0
2020-04-24,pegged,calibration rejected (boundary-pegged),0.017379469822814762,12.0,40.0,183.0
2020-04-27,pegged,calibration rejected (boundary-pegged),0.011462658260643695,12.0,31.0,183.0
2020-04-28,pegged,calibration rejected (boundary-pegged),0.015087178107466268,12.0,50.0,184.0
2020-04-29,pegged,calibration rejected (boundary-pegged),0.012601191358865045,12.0,37.0,184.0
2020-04-30,pegged,calibration rejected (boundary-pegged),0.009729656243188172,12.0,33.0,182.0
2020-05-01,pegged,calibration rejected (boundary-pegged),0.012068049904112118,12.0,44.0,184.0
2020-05-04,pegged,calibration rejected (boundary-pegged),0.014286637417670533,12.0,47.0,186.0
2020-05-05,pegged,calibration rejected (boundary-pegged),0.011850408056373291,12.0,50.0,188.0
2020-05-06,pegged,calibration rejected (boundary-pegged),0.015601881756598258,12.0,52.0,186.0
2020-05-07,pegged,calibration rejected (boundary-pegged),0.012189779006182101,12.0,50.0,189.0
2020-05-08,pegged,calibration rejected (boundary-pegged),0.009655910517384165,12.0,38.0,186.0
2020-05-11,pegged,calibration rejected (boundary-pegged),0.010864669392886538,12.0,32.0,187.0
2020-05-12,pegged,calibration rejected (boundary-pegged),0.01526116894580731,12.0,30.0,184.0
2020-05-13,pegged,calibration rejected (boundary-pegged),0.016692189985696035,12.0,26.0,182.0
2020-05-14,pegged,calibration rejected (boundary-pegged),0.01767083698097987,12.0,40.0,186.0
2020-05-15,pegged,calibration rejected (boundary-pegged),0.014426861689411825,12.0,40.0,183.0
2020-05-18,pegged,calibration rejected (boundary-pegged),0.00891090466762395,12.0,42.0,185.0
2020-05-19,pegged,calibration rejected (boundary-pegged),0.010546788731531365,12.0,53.0,186.0
2020-05-20,pegged,calibration rejected (boundary-pegged),0.009206186707493338,12.0,46.0,186.0
2020-05-21,pegged,calibration rejected (boundary-pegged),0.013209329974199479,12.0,39.0,182.0
2020-05-22,pegged,calibration rejected (boundary-pegged),0.011356855235159726,12.0,42.0,185.0
2020-05-26,pegged,calibration rejected (boundary-pegged),0.0057969513477649426,12.0,31.0,184.0
2020-05-27,pegged,calibration rejected (boundary-pegged),0.010055366620391538,12.0,38.0,183.0
2020-05-28,pegged,calibration rejected (boundary-pegged),0.007414869332012468,12.0,24.0,184.0
2020-05-29,pegged,calibration rejected (boundary-pegged),0.009423663110637711,12.0,34.0,185.0
2020-06-01,pegged,calibration rejected (boundary-pegged),0.009826963916577046,12.0,52.0,185.0
2020-06-02,pegged,calibration rejected (boundary-pegged),0.0077080338222303355,12.0,39.0,185.0
2020-06-03,pegged,calibration rejected (boundary-pegged),0.008364988136871865,12.0,38.0,183.0
2020-06-04,pegged,calibration rejected (boundary-pegged),0.00680306114965029,12.0,34.0,187.0
2020-06-05,pegged,calibration rejected (boundary-pegged),0.005385058971501198,12.0,31.0,183.0
2020-06-09,pegged,calibration rejected (boundary-pegged),0.008623363750985134,12.0,49.0,182.0
2020-06-10,pegged,calibration rejected (boundary-pegged),0.009965168912286415,12.0,52.0,182.0
2020-06-11,iv_miss,calibration rejected (iv_rmse=0.0262 > 0.02),0.026234786545392803,12.0,23.0,182.0
2020-06-12,pegged,calibration rejected (boundary-pegged),0.018458765039264215,12.0,24.0,181.0
2020-06-15,pegged,calibration rejected (boundary-pegged),0.01945517609224623,12.0,33.0,189.0
2020-06-16,pegged,calibration rejected (boundary-pegged),0.014536323969967195,12.0,38.0,184.0
2020-06-17,pegged,calibration rejected (boundary-pegged),0.011548257639899992,12.0,52.0,185.0
2020-06-18,pegged,calibration rejected (boundary-pegged),0.010198175260439724,12.0,40.0,181.0
2020-06-19,pegged,calibration rejected (boundary-pegged),0.016543213864581675,12.0,39.0,182.0
2020-06-22,pegged,calibration rejected (boundary-pegged),0.012682027417866008,12.0,50.0,186.0
2020-06-23,pegged,calibration rejected (boundary-pegged),0.009434260080447314,12.0,46.0,184.0
2020-06-24,pegged,calibration rejected (boundary-pegged),0.013690773940975492,12.0,47.0,186.0
2020-06-25,pegged,calibration rejected (boundary-pegged),0.015582496801455408,12.0,56.0,185.0
2020-06-26,pegged,calibration rejected (boundary-pegged),0.011526631317530634,12.0,44.0,184.0
2020-06-29,pegged,calibration rejected (boundary-pegged),0.013897994785808707,12.0,42.0,188.0
2020-06-30,pegged,calibration rejected (boundary-pegged),0.012820510902800305,12.0,45.0,185.0
2020-07-01,pegged,calibration rejected (boundary-pegged),0.009432553328870873,12.0,36.0,185.0
2020-07-02,pegged,calibration rejected (boundary-pegged),0.009401375475740168,12.0,43.0,185.0
2020-07-06,pegged,calibration rejected (boundary-pegged),0.007713037876612686,12.0,36.0,184.0
2020-07-07,pegged,calibration rejected (boundary-pegged),0.012004416324214496,12.0,51.0,185.0
2020-07-08,pegged,calibration rejected (boundary-pegged),0.009084924152914477,12.0,36.0,182.0
2020-07-09,pegged,calibration rejected (boundary-pegged),0.0160118754405648,12.0,41.0,182.0
2020-07-10,pegged,calibration rejected (boundary-pegged),0.011199409284212373,12.0,43.0,185.0
2020-07-13,pegged,calibration rejected (boundary-pegged),0.012454002901430254,12.0,40.0,185.0
2020-07-14,pegged,calibration rejected (boundary-pegged),0.011730469752488006,12.0,38.0,190.0
2020-07-15,pegged,calibration rejected (boundary-pegged),0.013860574332641809,12.0,52.0,178.0
2020-07-16,pegged,calibration rejected (boundary-pegged),0.01120685575110391,12.0,42.0,186.0
2020-07-17,pegged,calibration rejected (boundary-pegged),0.010297545060316647,12.0,47.0,186.0
2020-07-20,pegged,calibration rejected (boundary-pegged),0.008467136568744487,12.0,39.0,186.0
2020-07-21,pegged,calibration rejected (boundary-pegged),0.008120644520920876,12.0,36.0,185.0
2020-07-22,pegged,calibration rejected (boundary-pegged),0.008726598267362247,12.0,38.0,185.0
2020-07-23,pegged,calibration rejected (boundary-pegged),0.011539540399408289,12.0,39.0,186.0
2020-07-24,pegged,calibration rejected (boundary-pegged),0.00979507573529244,12.0,41.0,187.0
2020-07-27,pegged,calibration rejected (boundary-pegged),0.013348681988246168,12.0,60.0,192.0
2020-07-28,pegged,calibration rejected (boundary-pegged),0.00935004711856197,12.0,37.0,186.0
2020-07-29,pegged,calibration rejected (boundary-pegged),0.009955366061612826,12.0,42.0,187.0
2020-07-30,pegged,calibration rejected (boundary-pegged),0.016810969607711838,12.0,40.0,186.0
2020-07-31,pegged,calibration rejected (boundary-pegged),0.00961484211364621,12.0,28.0,184.0
2020-08-03,pegged,calibration rejected (boundary-pegged),0.006768050843467472,12.0,36.0,183.0
2020-08-04,pegged,calibration rejected (boundary-pegged),0.007408981285104623,12.0,40.0,185.0
2020-08-05,pegged,calibration rejected (boundary-pegged),0.00881510554467661,12.0,41.0,183.0
2020-08-06,pegged,calibration rejected (boundary-pegged),0.005654938833896585,12.0,32.0,184.0
2020-08-07,pegged,calibration rejected (boundary-pegged),0.007546602944758308,12.0,35.0,186.0
2020-08-11,pegged,calibration rejected (boundary-pegged),0.012155847000737992,12.0,34.0,184.0
2020-08-12,pegged,calibration rejected (boundary-pegged),0.0077735659535017035,12.0,39.0,186.0
2020-08-13,pegged,calibration rejected (boundary-pegged),0.010569965867987474,12.0,48.0,185.0
2020-08-14,pegged,calibration rejected (boundary-pegged),0.008634270813532186,12.0,39.0,186.0
2020-08-17,pegged,calibration rejected (boundary-pegged),0.011623291440329461,12.0,53.0,188.0
2020-08-18,pegged,calibration rejected (boundary-pegged),0.011602002494081979,12.0,56.0,179.0
2020-08-19,pegged,calibration rejected (boundary-pegged),0.010719107351408585,12.0,46.0,187.0
2020-08-20,pegged,calibration rejected (boundary-pegged),0.011492844732658084,12.0,50.0,186.0
2020-08-21,pegged,calibration rejected (boundary-pegged),0.009474521938431962,12.0,45.0,185.0
2020-08-24,pegged,calibration rejected (boundary-pegged),0.008745241330061757,12.0,39.0,184.0
2020-08-25,pegged,calibration rejected (boundary-pegged),0.010774358989623223,12.0,42.0,186.0
2020-08-27,pegged,calibration rejected (boundary-pegged),0.009945032033690585,12.0,34.0,183.0
2020-08-28,pegged,calibration rejected (boundary-pegged),0.01297214732246591,12.0,35.0,188.0
2020-08-31,pegged,calibration rejected (boundary-pegged),0.011686771730412424,12.0,42.0,183.0
2020-09-01,pegged,calibration rejected (boundary-pegged),0.009278070683598483,12.0,35.0,184.0
2020-09-02,pegged,calibration rejected (boundary-pegged),0.012250096724882472,12.0,35.0,185.0
2020-09-03,iv_miss,calibration rejected (iv_rmse=0.0238 > 0.02),0.023763801340352064,12.0,31.0,189.0
2020-09-04,iv_miss,calibration rejected (iv_rmse=0.0224 > 0.02),0.022392992828269027,12.0,35.0,184.0
2020-09-08,pegged,calibration rejected (boundary-pegged),0.013836790697030315,12.0,26.0,182.0
2020-09-09,pegged,calibration rejected (boundary-pegged),0.008887037757269846,12.0,35.0,183.0
2020-09-10,pegged,calibration rejected (boundary-pegged),0.013079572434610536,12.0,35.0,182.0
2020-09-11,pegged,calibration rejected (boundary-pegged),0.011785701231305479,12.0,39.0,183.0
2020-09-14,pegged,calibration rejected (boundary-pegged),0.010367768045124178,12.0,50.0,184.0
2020-09-15,pegged,calibration rejected (boundary-pegged),0.007789294179508263,12.0,40.0,184.0
2020-09-16,pegged,calibration rejected (boundary-pegged),0.011492684085005844,12.0,48.0,185.0
2020-09-17,pegged,calibration rejected (boundary-pegged),0.012217702707177591,12.0,43.0,185.0
2020-09-18,pegged,calibration rejected (boundary-pegged),0.009745283622354538,12.0,40.0,183.0
2020-09-21,pegged,calibration rejected (boundary-pegged),0.01162610701707581,12.0,27.0,185.0
2020-09-22,pegged,calibration rejected (boundary-pegged),0.015545844862042935,12.0,51.0,186.0
2020-09-23,pegged,calibration rejected (boundary-pegged),0.01576489929055195,12.0,40.0,189.0
2020-09-24,pegged,calibration rejected (boundary-pegged),0.015622427150413516,12.0,38.0,184.0
2020-09-25,pegged,calibration rejected (boundary-pegged),0.014405567975422284,12.0,42.0,187.0
2020-09-28,pegged,calibration rejected (boundary-pegged),0.01686934715179667,12.0,45.0,184.0
2020-09-29,pegged,calibration rejected (boundary-pegged),0.014101149922722088,12.0,54.0,188.0
2020-09-30,pegged,calibration rejected (boundary-pegged),0.013137730461716627,12.0,28.0,182.0
2020-10-01,pegged,calibration rejected (boundary-pegged),0.012193993908812113,12.0,39.0,185.0
2020-10-02,pegged,calibration rejected (boundary-pegged),0.01480689805584891,12.0,37.0,184.0
2020-10-05,pegged,calibration rejected (boundary-pegged),0.013209408525454167,12.0,42.0,185.0
2020-10-06,pegged,calibration rejected (boundary-pegged),0.012716747348037892,12.0,38.0,185.0
2020-10-07,pegged,calibration rejected (boundary-pegged),0.012291616533289938,12.0,43.0,183.0
2020-10-08,pegged,calibration rejected (boundary-pegged),0.010326385539878458,12.0,26.0,186.0
2020-10-09,pegged,calibration rejected (boundary-pegged),0.011029548749558969,12.0,34.0,183.0
2020-10-12,pegged,calibration rejected (boundary-pegged),0.009176131002400686,12.0,32.0,185.0
2020-10-13,pegged,calibration rejected (boundary-pegged),0.009304986937080309,12.0,34.0,184.0
2020-10-14,pegged,calibration rejected (boundary-pegged),0.011981030309312857,12.0,35.0,184.0
2020-10-15,pegged,calibration rejected (boundary-pegged),0.015344241491986228,12.0,42.0,186.0
2020-10-16,pegged,calibration rejected (boundary-pegged),0.015930319116182007,12.0,58.0,184.0
2020-10-19,pegged,calibration rejected (boundary-pegged),0.01778776057433575,12.0,43.0,181.0
2020-10-20,pegged,calibration rejected (boundary-pegged),0.01713063713434262,12.0,54.0,185.0
2020-10-21,pegged,calibration rejected (boundary-pegged),0.014347416150416804,12.0,58.0,188.0
2020-10-22,pegged,calibration rejected (boundary-pegged),0.01764048836487282,12.0,39.0,184.0
2020-10-23,pegged,calibration rejected (boundary-pegged),0.01682038771019918,12.0,46.0,188.0
2020-10-26,pegged,calibration rejected (boundary-pegged),0.016260170034463194,12.0,27.0,192.0
2020-10-27,pegged,calibration rejected (boundary-pegged),0.006310720101370294,12.0,49.0,184.0
2020-10-28,pegged,calibration rejected (boundary-pegged),0.016383520971318535,12.0,25.0,183.0
2020-10-29,pegged,calibration rejected (boundary-pegged),0.017513593172759658,12.0,48.0,189.0
2020-10-30,pegged,calibration rejected (boundary-pegged),0.010918179309115207,12.0,30.0,183.0
2020-11-02,pegged,calibration rejected (boundary-pegged),0.011513779965706761,12.0,44.0,188.0
2020-11-03,pegged,calibration rejected (boundary-pegged),0.012320003604287094,12.0,32.0,186.0
2020-11-04,pegged,calibration rejected (boundary-pegged),0.010132758722598416,12.0,36.0,186.0
2020-11-05,pegged,calibration rejected (boundary-pegged),0.007633378463194041,12.0,40.0,184.0
2020-11-06,pegged,calibration rejected (boundary-pegged),0.00881570150141137,12.0,33.0,191.0
2020-11-09,pegged,calibration rejected (boundary-pegged),0.008315639179647841,12.0,19.0,181.0
2020-11-10,pegged,calibration rejected (boundary-pegged),0.008372162156431225,12.0,37.0,184.0
2020-11-11,pegged,calibration rejected (boundary-pegged),0.005848780715680163,12.0,36.0,182.0
2020-11-12,pegged,calibration rejected (boundary-pegged),0.010556503653698915,12.0,31.0,184.0
2020-11-13,pegged,calibration rejected (boundary-pegged),0.006343243925508893,12.0,41.0,188.0
2020-11-16,pegged,calibration rejected (boundary-pegged),0.006257067883266086,12.0,33.0,186.0
2020-11-17,pegged,calibration rejected (boundary-pegged),0.00997628913674814,12.0,44.0,185.0
2020-11-18,pegged,calibration rejected (boundary-pegged),0.008701860239235706,12.0,40.0,183.0
2020-11-19,pegged,calibration rejected (boundary-pegged),0.006474176654142002,12.0,36.0,186.0
2020-11-20,pegged,calibration rejected (boundary-pegged),0.006899731893886125,12.0,33.0,182.0
2020-11-23,pegged,calibration rejected (boundary-pegged),0.005261265676402126,12.0,30.0,183.0
2020-11-24,pegged,calibration rejected (boundary-pegged),0.006759701221678022,12.0,45.0,184.0
2020-11-25,pegged,calibration rejected (boundary-pegged),0.0061997281616788325,12.0,38.0,185.0
2020-11-27,pegged,calibration rejected (boundary-pegged),0.005852491356429841,12.0,43.0,184.0
2020-11-30,pegged,calibration rejected (boundary-pegged),0.006937743262279606,12.0,32.0,183.0
2020-12-01,pegged,calibration rejected (boundary-pegged),0.005253277901758425,12.0,34.0,185.0
2020-12-02,pegged,calibration rejected (boundary-pegged),0.007147121001885726,12.0,44.0,188.0
2020-12-03,pegged,calibration rejected (boundary-pegged),0.006752766950228905,12.0,35.0,185.0
2020-12-04,pegged,calibration rejected (boundary-pegged),0.006174447531060149,12.0,48.0,184.0
2020-12-07,pegged,calibration rejected (boundary-pegged),0.010550550192006273,12.0,45.0,182.0
2020-12-08,pegged,calibration rejected (boundary-pegged),0.009467212531833155,12.0,57.0,187.0
2020-12-09,pegged,calibration rejected (boundary-pegged),0.009616997838079287,12.0,47.0,183.0
2020-12-10,pegged,calibration rejected (boundary-pegged),0.0072004057452181545,12.0,39.0,183.0
2020-12-11,pegged,calibration rejected (boundary-pegged),0.010569230294238329,12.0,44.0,185.0
2020-12-14,pegged,calibration rejected (boundary-pegged),0.009244124587541166,12.0,34.0,184.0
2020-12-15,pegged,calibration rejected (boundary-pegged),0.008219642083490714,12.0,32.0,181.0
2020-12-16,pegged,calibration rejected (boundary-pegged),0.00670145934319426,12.0,42.0,183.0
2020-12-17,pegged,calibration rejected (boundary-pegged),0.006880447317156887,12.0,37.0,186.0
2020-12-18,pegged,calibration rejected (boundary-pegged),0.00965893037623367,12.0,50.0,185.0
2020-12-21,pegged,calibration rejected (boundary-pegged),0.012827668364864266,12.0,39.0,187.0
2020-12-22,pegged,calibration rejected (boundary-pegged),0.009048005442384585,12.0,44.0,186.0
2020-12-23,pegged,calibration rejected (boundary-pegged),0.009648052438419314,12.0,40.0,183.0
2020-12-24,pegged,calibration rejected (boundary-pegged),0.011352233431878097,12.0,37.0,186.0
2020-12-28,pegged,calibration rejected (boundary-pegged),0.006256014814295752,12.0,39.0,183.0
2020-12-29,pegged,calibration rejected (boundary-pegged),0.006695003029529211,12.0,40.0,182.0
2020-12-30,pegged,calibration rejected (boundary-pegged),0.006568553510254137,12.0,51.0,188.0
2020-12-31,pegged,calibration rejected (boundary-pegged),0.0066522587649614755,12.0,46.0,189.0
2021-01-04,pegged,calibration rejected (boundary-pegged),0.014284181327827418,12.0,28.0,181.0
2021-01-05,pegged,calibration rejected (boundary-pegged),0.007866966966129315,12.0,39.0,185.0
2021-01-06,pegged,calibration rejected (boundary-pegged),0.012053421004030314,12.0,33.0,183.0
2021-01-07,pegged,calibration rejected (boundary-pegged),0.005528728977633089,12.0,33.0,182.0
2021-01-08,pegged,calibration rejected (boundary-pegged),0.006244568931605423,12.0,37.0,182.0
2021-01-11,pegged,calibration rejected (boundary-pegged),0.00740788082610184,12.0,47.0,184.0
2021-01-12,pegged,calibration rejected (boundary-pegged),0.00770312986193288,12.0,33.0,183.0
2021-01-13,pegged,calibration rejected (boundary-pegged),0.011176315862362843,12.0,45.0,183.0
2021-01-14,pegged,calibration rejected (boundary-pegged),0.0071492577142413674,12.0,40.0,185.0
2021-01-15,pegged,calibration rejected (boundary-pegged),0.00852209068368835,12.0,36.0,186.0
2021-01-19,pegged,calibration rejected (boundary-pegged),0.007641253767958708,12.0,43.0,183.0
2021-01-20,pegged,calibration rejected (boundary-pegged),0.005411552685269082,12.0,32.0,190.0
2021-01-21,pegged,calibration rejected (boundary-pegged),0.005923848965182651,12.0,45.0,184.0
2021-01-22,pegged,calibration rejected (boundary-pegged),0.006788136819081977,12.0,37.0,184.0
2021-01-25,pegged,calibration rejected (boundary-pegged),0.010006653117341311,12.0,26.0,188.0
2021-01-26,pegged,calibration rejected (boundary-pegged),0.0071763893939692435,12.0,43.0,184.0
2021-01-27,pegged,calibration rejected (boundary-pegged),0.019609532987918038,12.0,40.0,184.0
2021-01-28,pegged,calibration rejected (boundary-pegged),0.012563024945926805,12.0,47.0,183.0
2021-01-29,pegged,calibration rejected (boundary-pegged),0.015597781718622023,12.0,31.0,183.0
2021-02-01,pegged,calibration rejected (boundary-pegged),0.014294988564735392,12.0,30.0,181.0
2021-02-02,pegged,calibration rejected (boundary-pegged),0.00779433627271877,12.0,28.0,185.0
2021-02-03,pegged,calibration rejected (boundary-pegged),0.008291267764166412,12.0,36.0,183.0
2021-02-04,pegged,calibration rejected (boundary-pegged),0.005843641404584243,12.0,31.0,188.0
2021-02-05,pegged,calibration rejected (boundary-pegged),0.005215635212300066,12.0,36.0,185.0
2021-02-08,pegged,calibration rejected (boundary-pegged),0.004628268477645206,12.0,39.0,182.0
2021-02-09,pegged,calibration rejected (boundary-pegged),0.003966451868642683,12.0,31.0,188.0
2021-02-10,pegged,calibration rejected (boundary-pegged),0.007351353109145958,12.0,41.0,183.0
2021-02-11,pegged,calibration rejected (boundary-pegged),0.006420845432073389,12.0,47.0,183.0
2021-02-12,pegged,calibration rejected (boundary-pegged),0.004549066895145996,12.0,33.0,187.0
2021-02-16,iv_miss,calibration rejected (iv_rmse=0.4248 > 0.02),0.42477007193901006,12.0,33.0,184.0
2021-02-17,iv_miss,calibration rejected (iv_rmse=0.4245 > 0.02),0.4244915041946578,12.0,41.0,183.0
2021-02-18,iv_miss,calibration rejected (iv_rmse=0.4079 > 0.02),0.40789058622952395,12.0,34.0,182.0
2021-02-19,iv_miss,calibration rejected (iv_rmse=0.2926 > 0.02),0.2926332961991028,12.0,39.0,184.0
2021-02-22,iv_miss,calibration rejected (iv_rmse=0.2378 > 0.02),0.23780892246749186,12.0,33.0,184.0
2021-02-23,iv_miss,calibration rejected (iv_rmse=0.1390 > 0.02),0.1390438959766733,12.0,39.0,184.0
2021-02-24,iv_miss,calibration rejected (iv_rmse=0.2668 > 0.02),0.26679306292853555,12.0,32.0,184.0
2021-02-25,iv_miss,calibration rejected (iv_rmse=0.2384 > 0.02),0.2383868184108478,12.0,27.0,183.0
2021-02-26,iv_miss,calibration rejected (iv_rmse=0.2250 > 0.02),0.22501425100382177,12.0,32.0,185.0
2021-03-01,iv_miss,calibration rejected (iv_rmse=0.3365 > 0.02),0.3364607051965793,12.0,35.0,182.0
2021-03-02,iv_miss,calibration rejected (iv_rmse=0.1664 > 0.02),0.16644823649701113,12.0,47.0,184.0
2021-03-03,iv_miss,calibration rejected (iv_rmse=0.2522 > 0.02),0.2521663462986874,12.0,42.0,186.0
2021-03-04,iv_miss,calibration rejected (iv_rmse=0.3138 > 0.02),0.3137787292619321,12.0,40.0,188.0
2021-03-05,iv_miss,calibration rejected (iv_rmse=0.3822 > 0.02),0.3821580080883642,12.0,31.0,184.0
2021-03-08,iv_miss,calibration rejected (iv_rmse=0.1690 > 0.02),0.16904909524730957,12.0,39.0,191.0
2021-03-09,iv_miss,calibration rejected (iv_rmse=0.1837 > 0.02),0.18368476031843692,12.0,49.0,183.0
2021-03-10,iv_miss,calibration rejected (iv_rmse=0.2158 > 0.02),0.21575303747010452,12.0,43.0,186.0
2021-03-11,iv_miss,calibration rejected (iv_rmse=0.3538 > 0.02),0.35376126923929485,12.0,27.0,182.0
2021-03-12,iv_miss,calibration rejected (iv_rmse=0.3588 > 0.02),0.3588262665056823,12.0,35.0,183.0
2021-03-15,iv_miss,calibration rejected (iv_rmse=0.3767 > 0.02),0.37674480576896185,12.0,45.0,183.0
2021-03-16,iv_miss,calibration rejected (iv_rmse=0.2918 > 0.02),0.2917765206900891,12.0,29.0,183.0
2021-03-17,iv_miss,calibration rejected (iv_rmse=0.4895 > 0.02),0.4894862961976183,12.0,41.0,188.0
2021-03-18,iv_miss,calibration rejected (iv_rmse=0.4835 > 0.02),0.48352609412141456,12.0,37.0,183.0
2021-03-19,iv_miss,calibration rejected (iv_rmse=0.2215 > 0.02),0.22148578636285177,12.0,33.0,182.0
2021-03-22,iv_miss,calibration rejected (iv_rmse=0.1821 > 0.02),0.18213296886284816,12.0,32.0,184.0
2021-03-23,iv_miss,calibration rejected (iv_rmse=0.0939 > 0.02),0.09390022393054694,12.0,31.0,185.0
2021-03-24,iv_miss,calibration rejected (iv_rmse=0.3739 > 0.02),0.3738646828546179,12.0,48.0,184.0
2021-03-25,iv_miss,calibration rejected (iv_rmse=0.1338 > 0.02),0.1337562063285613,12.0,35.0,184.0
2021-03-26,iv_miss,calibration rejected (iv_rmse=0.3401 > 0.02),0.34013487764139244,12.0,45.0,183.0
2021-03-29,iv_miss,calibration rejected (iv_rmse=0.2824 > 0.02),0.282392356408118,12.0,34.0,183.0
2021-03-30,iv_miss,calibration rejected (iv_rmse=0.2646 > 0.02),0.26460331637028217,12.0,36.0,187.0
2021-03-31,iv_miss,calibration rejected (iv_rmse=0.2151 > 0.02),0.21505834621676048,12.0,29.0,186.0
2021-04-01,iv_miss,calibration rejected (iv_rmse=0.1547 > 0.02),0.1546621229155124,12.0,29.0,183.0
2021-04-05,iv_miss,calibration rejected (iv_rmse=0.2120 > 0.02),0.21197544377330288,12.0,41.0,188.0
2021-04-06,iv_miss,calibration rejected (iv_rmse=0.1471 > 0.02),0.1471456019078303,12.0,54.0,186.0
2021-04-07,iv_miss,calibration rejected (iv_rmse=0.2277 > 0.02),0.2277134240641507,12.0,39.0,190.0
2021-04-08,iv_miss,calibration rejected (iv_rmse=0.0641 > 0.02),0.06414702933418076,12.0,46.0,190.0
2021-04-09,iv_miss,calibration rejected (iv_rmse=0.1554 > 0.02),0.1554115784885258,12.0,29.0,181.0
2021-04-12,iv_miss,calibration rejected (iv_rmse=0.3792 > 0.02),0.37921444706127394,12.0,39.0,186.0
2021-04-13,iv_miss,calibration rejected (iv_rmse=0.1994 > 0.02),0.19939965315774835,12.0,33.0,185.0
2021-04-14,iv_miss,calibration rejected (iv_rmse=0.0635 > 0.02),0.06348056796591091,12.0,32.0,184.0
2021-04-15,iv_miss,calibration rejected (iv_rmse=0.2001 > 0.02),0.20011293791535517,12.0,29.0,182.0
2021-04-16,iv_miss,calibration rejected (iv_rmse=0.1676 > 0.02),0.16757302999953927,12.0,30.0,183.0
2021-04-19,iv_miss,calibration rejected (iv_rmse=0.1228 > 0.02),0.12278484206315418,12.0,30.0,185.0
2021-04-20,iv_miss,calibration rejected (iv_rmse=0.1805 > 0.02),0.18049890187934264,12.0,27.0,182.0
2021-04-21,iv_miss,calibration rejected (iv_rmse=0.1629 > 0.02),0.16287075706585477,12.0,46.0,185.0
2021-04-22,iv_miss,calibration rejected (iv_rmse=0.2078 > 0.02),0.20777544376864676,12.0,32.0,189.0
2021-04-23,iv_miss,calibration rejected (iv_rmse=0.1649 > 0.02),0.1649216966061838,12.0,35.0,181.0
2021-04-26,iv_miss,calibration rejected (iv_rmse=0.2925 > 0.02),0.29246745431339816,12.0,37.0,184.0
2021-04-27,iv_miss,calibration rejected (iv_rmse=0.3004 > 0.02),0.3003573392283512,12.0,47.0,185.0
2021-04-28,iv_miss,calibration rejected (iv_rmse=0.0815 > 0.02),0.08150427234427607,12.0,36.0,184.0
2021-04-29,iv_miss,calibration rejected (iv_rmse=0.4129 > 0.02),0.4129127269597217,12.0,47.0,186.0
2021-04-30,iv_miss,calibration rejected (iv_rmse=0.2044 > 0.02),0.20442259821576633,12.0,30.0,182.0
2021-05-03,iv_miss,calibration rejected (iv_rmse=0.2463 > 0.02),0.24627660476727015,12.0,44.0,183.0
2021-05-04,pegged,calibration rejected (boundary-pegged),0.007349490666765199,12.0,21.0,185.0
2021-05-05,pegged,calibration rejected (boundary-pegged),0.004883983672924755,12.0,37.0,183.0
2021-05-06,pegged,calibration rejected (boundary-pegged),0.006748267600368142,12.0,24.0,181.0
2021-05-07,pegged,calibration rejected (boundary-pegged),0.0038817217567213087,12.0,29.0,184.0
2021-05-10,pegged,calibration rejected (boundary-pegged),0.00728003456184909,12.0,29.0,183.0
2021-05-11,pegged,calibration rejected (boundary-pegged),0.007493019166124872,12.0,22.0,190.0
2021-05-12,pegged,calibration rejected (boundary-pegged),0.01194330271557896,12.0,24.0,183.0
2021-05-13,pegged,calibration rejected (boundary-pegged),0.006865002938684424,12.0,36.0,184.0
2021-05-14,pegged,calibration rejected (boundary-pegged),0.00532398913856067,12.0,30.0,184.0
2021-05-17,pegged,calibration rejected (boundary-pegged),0.0063464038341081545,12.0,40.0,185.0
2021-05-18,pegged,calibration rejected (boundary-pegged),0.00585268971810935,12.0,29.0,183.0
2021-05-19,pegged,calibration rejected (boundary-pegged),0.010844493722326745,12.0,24.0,187.0
2021-05-20,pegged,calibration rejected (boundary-pegged),0.006812990240974438,12.0,20.0,182.0
2021-05-21,pegged,calibration rejected (boundary-pegged),0.005546995813798211,12.0,36.0,185.0
2021-05-24,pegged,calibration rejected (boundary-pegged),0.004907097379986966,12.0,30.0,182.0
2021-05-25,pegged,calibration rejected (boundary-pegged),0.005073568356865449,12.0,40.0,183.0
2021-05-26,pegged,calibration rejected (boundary-pegged),0.005104355164626648,12.0,38.0,184.0
2021-05-27,pegged,calibration rejected (boundary-pegged),0.004825046786084891,12.0,39.0,182.0
2021-05-28,pegged,calibration rejected (boundary-pegged),0.004441362540990842,12.0,35.0,187.0
2021-06-01,pegged,calibration rejected (boundary-pegged),0.004826040643194943,12.0,31.0,190.0
2021-06-02,pegged,calibration rejected (boundary-pegged),0.004554168400582761,12.0,41.0,182.0
2021-06-04,pegged,calibration rejected (boundary-pegged),0.005175633154699676,12.0,37.0,181.0
2021-06-07,pegged,calibration rejected (boundary-pegged),0.003081105805374972,12.0,29.0,187.0
2021-06-08,pegged,calibration rejected (boundary-pegged),0.0040245136234966315,12.0,40.0,181.0
2021-06-09,pegged,calibration rejected (boundary-pegged),0.0032780022239654776,12.0,30.0,182.0
2021-06-10,pegged,calibration rejected (boundary-pegged),0.0038765328664759568,12.0,27.0,182.0
2021-06-11,pegged,calibration rejected (boundary-pegged),0.0021975615085196893,12.0,25.0,181.0
2021-06-16,pegged,calibration rejected (boundary-pegged),0.012470121232672661,12.0,27.0,183.0
2021-06-17,pegged,calibration rejected (boundary-pegged),0.005139624081791568,12.0,29.0,182.0
2021-06-18,pegged,calibration rejected (boundary-pegged),0.0046691733941716385,12.0,30.0,184.0
2021-06-21,pegged,calibration rejected (boundary-pegged),0.009033755885843828,12.0,30.0,185.0
2021-06-22,pegged,calibration rejected (boundary-pegged),0.005918762403530697,12.0,29.0,192.0
2021-06-23,pegged,calibration rejected (boundary-pegged),0.003355319803644714,12.0,38.0,181.0
2021-06-24,pegged,calibration rejected (boundary-pegged),0.002398111334366158,12.0,32.0,183.0
2021-06-25,pegged,calibration rejected (boundary-pegged),0.0034684028471876223,12.0,36.0,182.0
2021-06-28,pegged,calibration rejected (boundary-pegged),0.003131722314771529,12.0,28.0,184.0
2021-06-29,pegged,calibration rejected (boundary-pegged),0.00275308625156673,12.0,30.0,182.0
2021-06-30,pegged,calibration rejected (boundary-pegged),0.0032649089928077518,12.0,33.0,182.0
2021-07-01,pegged,calibration rejected (boundary-pegged),0.0032052291803738764,12.0,30.0,184.0
2021-07-02,pegged,calibration rejected (boundary-pegged),0.002544452059547639,12.0,28.0,182.0
2021-07-06,pegged,calibration rejected (boundary-pegged),0.005011439491091005,12.0,29.0,183.0
2021-07-07,pegged,calibration rejected (boundary-pegged),0.004207176334069184,12.0,29.0,189.0
2021-07-08,pegged,calibration rejected (boundary-pegged),0.007346074328634372,12.0,34.0,180.0
2021-07-09,pegged,calibration rejected (boundary-pegged),0.006016642445145753,12.0,36.0,183.0
2021-07-12,pegged,calibration rejected (boundary-pegged),0.0027603784314355955,12.0,34.0,182.0
2021-07-14,pegged,calibration rejected (boundary-pegged),0.0075769421801585145,12.0,34.0,184.0
2021-07-15,pegged,calibration rejected (boundary-pegged),0.004640937506280773,12.0,25.0,185.0
2021-07-16,pegged,calibration rejected (boundary-pegged),0.008217090349174835,12.0,30.0,182.0
2021-07-19,pegged,calibration rejected (boundary-pegged),0.009407719419953829,12.0,28.0,184.0
2021-07-20,pegged,calibration rejected (boundary-pegged),0.00808571312307092,12.0,21.0,181.0
2021-07-21,pegged,calibration rejected (boundary-pegged),0.004943496073455239,12.0,37.0,182.0
2021-07-22,pegged,calibration rejected (boundary-pegged),0.005772403961171718,12.0,31.0,186.0
2021-07-23,pegged,calibration rejected (boundary-pegged),0.0035513417803723912,12.0,21.0,181.0
2021-07-26,pegged,calibration rejected (boundary-pegged),0.003834573335461899,12.0,26.0,184.0
2021-07-27,pegged,calibration rejected (boundary-pegged),0.005361137824270181,12.0,23.0,182.0
2021-07-28,pegged,calibration rejected (boundary-pegged),0.011840323108475907,12.0,52.0,186.0
2021-07-29,pegged,calibration rejected (boundary-pegged),0.0033825784664909915,12.0,31.0,183.0
2021-07-30,pegged,calibration rejected (boundary-pegged),0.0067929553374910835,12.0,37.0,181.0
2021-08-02,pegged,calibration rejected (boundary-pegged),0.005238599726047415,12.0,21.0,184.0
2021-08-03,pegged,calibration rejected (boundary-pegged),0.009004376436435826,12.0,22.0,182.0
2021-08-04,pegged,calibration rejected (boundary-pegged),0.006070521579367262,12.0,37.0,182.0
2021-08-05,pegged,calibration rejected (boundary-pegged),0.0036753612789985415,12.0,31.0,181.0
2021-08-06,pegged,calibration rejected (boundary-pegged),0.0031083212146755484,12.0,25.0,183.0
2021-08-09,pegged,calibration rejected (boundary-pegged),0.005052416546075687,12.0,37.0,185.0
2021-08-10,pegged,calibration rejected (boundary-pegged),0.0040127739829731975,12.0,42.0,187.0
2021-08-11,pegged,calibration rejected (boundary-pegged),0.003189292026478858,12.0,32.0,183.0
2021-08-12,pegged,calibration rejected (boundary-pegged),0.00465660851021376,12.0,42.0,181.0
2021-08-13,pegged,calibration rejected (boundary-pegged),0.004236258146339646,12.0,40.0,184.0
2021-08-16,pegged,calibration rejected (boundary-pegged),0.005233934930500617,12.0,19.0,181.0
2021-08-17,pegged,calibration rejected (boundary-pegged),0.0073875157200035835,12.0,31.0,181.0
2021-08-18,pegged,calibration rejected (boundary-pegged),0.01235999942404427,12.0,41.0,183.0
2021-08-19,pegged,calibration rejected (boundary-pegged),0.00970375769068427,12.0,24.0,181.0
2021-08-20,pegged,calibration rejected (boundary-pegged),0.01112619393553106,12.0,22.0,181.0
2021-08-24,pegged,calibration rejected (boundary-pegged),0.004428075183629613,12.0,41.0,184.0
2021-08-25,pegged,calibration rejected (boundary-pegged),0.003111593607988187,12.0,37.0,183.0
2021-08-27,pegged,calibration rejected (boundary-pegged),0.004615908663210198,12.0,27.0,181.0
2021-08-30,pegged,calibration rejected (boundary-pegged),0.003291207637787605,12.0,27.0,182.0
2021-08-31,pegged,calibration rejected (boundary-pegged),0.005328628059351066,12.0,47.0,182.0
2021-09-01,pegged,calibration rejected (boundary-pegged),0.0030187918161758507,12.0,30.0,182.0
2021-09-02,pegged,calibration rejected (boundary-pegged),0.0045612410580471415,12.0,38.0,183.0
2021-09-03,pegged,calibration rejected (boundary-pegged),0.004215302682750862,12.0,31.0,183.0
2021-09-07,pegged,calibration rejected (boundary-pegged),0.003988542746519543,12.0,42.0,182.0
2021-09-08,pegged,calibration rejected (boundary-pegged),0.005446332737947467,12.0,32.0,182.0
2021-09-09,pegged,calibration rejected (boundary-pegged),0.006896677298368832,12.0,40.0,183.0
2021-09-10,pegged,calibration rejected (boundary-pegged),0.010101607510713146,12.0,21.0,180.0
2021-09-13,pegged,calibration rejected (boundary-pegged),0.008603801213147392,12.0,21.0,182.0
2021-09-14,pegged,calibration rejected (boundary-pegged),0.0065935557365514805,12.0,29.0,183.0
2021-09-15,pegged,calibration rejected (boundary-pegged),0.009135548317748205,12.0,38.0,183.0
2021-09-17,pegged,calibration rejected (boundary-pegged),0.005784761572426059,12.0,28.0,181.0
2021-09-20,pegged,calibration rejected (boundary-pegged),0.014250058116422533,12.0,17.0,182.0
2021-09-21,pegged,calibration rejected (boundary-pegged),0.008619969853657728,12.0,32.0,181.0
2021-09-22,pegged,calibration rejected (boundary-pegged),0.007966560590844073,12.0,34.0,184.0
2021-09-23,pegged,calibration rejected (boundary-pegged),0.003720301505208874,12.0,29.0,182.0
2021-09-24,pegged,calibration rejected (boundary-pegged),0.006126554447673844,12.0,38.0,184.0
2021-09-27,pegged,calibration rejected (boundary-pegged),0.004061901421213228,12.0,29.0,184.0
2021-09-28,pegged,calibration rejected (boundary-pegged),0.008215005551321881,12.0,28.0,190.0
2021-09-29,pegged,calibration rejected (boundary-pegged),0.006949230096321018,12.0,31.0,182.0
2021-09-30,pegged,calibration rejected (boundary-pegged),0.00854304606955874,12.0,37.0,186.0
2021-10-01,pegged,calibration rejected (boundary-pegged),0.011261733873540302,12.0,41.0,186.0
2021-10-04,pegged,calibration rejected (boundary-pegged),0.007584380157746529,12.0,34.0,183.0
2021-10-05,pegged,calibration rejected (boundary-pegged),0.005800388978881507,12.0,25.0,183.0
2021-10-06,pegged,calibration rejected (boundary-pegged),0.008408021095784578,12.0,29.0,182.0
2021-10-07,pegged,calibration rejected (boundary-pegged),0.003991807468889101,12.0,24.0,186.0
2021-10-08,pegged,calibration rejected (boundary-pegged),0.004561004226745042,12.0,35.0,181.0
2021-10-11,pegged,calibration rejected (boundary-pegged),0.007462288459443737,12.0,26.0,180.0
2021-10-12,pegged,calibration rejected (boundary-pegged),0.004593342143315432,12.0,29.0,185.0
2021-10-13,pegged,calibration rejected (boundary-pegged),0.00626080540590159,12.0,27.0,182.0
2021-10-15,pegged,calibration rejected (boundary-pegged),0.0034511975225813255,12.0,28.0,182.0
2021-10-18,pegged,calibration rejected (boundary-pegged),0.004099884099488303,12.0,27.0,181.0
2021-10-19,pegged,calibration rejected (boundary-pegged),0.003257834355953022,12.0,38.0,183.0
2021-10-20,pegged,calibration rejected (boundary-pegged),0.002660153160029657,12.0,24.0,182.0
2021-10-21,pegged,calibration rejected (boundary-pegged),0.0038926387200326662,12.0,33.0,184.0
2021-10-22,pegged,calibration rejected (boundary-pegged),0.004557831041156555,12.0,21.0,181.0
2021-10-25,pegged,calibration rejected (boundary-pegged),0.0031781950127181564,12.0,31.0,183.0
2021-10-26,no_trades,no trades after IV/DTM filter,,,,
2021-10-27,pegged,calibration rejected (boundary-pegged),0.0042594949238184,12.0,26.0,183.0
2021-10-28,pegged,calibration rejected (boundary-pegged),0.0030372946704447837,12.0,32.0,183.0
2021-10-29,pegged,calibration rejected (boundary-pegged),0.004626760880833649,12.0,17.0,180.0
2021-11-03,pegged,calibration rejected (boundary-pegged),0.004285790724721684,12.0,39.0,183.0
2021-11-04,pegged,calibration rejected (boundary-pegged),0.0037042487767946133,12.0,20.0,182.0
2021-11-05,pegged,calibration rejected (boundary-pegged),0.004548263309383675,12.0,28.0,184.0
2021-11-08,pegged,calibration rejected (boundary-pegged),0.004153971224686359,12.0,43.0,186.0
2021-11-09,pegged,calibration rejected (boundary-pegged),0.00377763981575795,12.0,34.0,184.0
2021-11-10,pegged,calibration rejected (boundary-pegged),0.008151601853020772,12.0,20.0,181.0
2021-11-11,pegged,calibration rejected (boundary-pegged),0.0037926155493745004,12.0,50.0,183.0
2021-11-12,pegged,calibration rejected (boundary-pegged),0.004784048842196667,12.0,34.0,182.0
2021-11-15,pegged,calibration rejected (boundary-pegged),0.0043946464086013215,12.0,35.0,182.0
2021-11-16,pegged,calibration rejected (boundary-pegged),0.004284250488190607,12.0,43.0,184.0
2021-11-17,pegged,calibration rejected (boundary-pegged),0.005150609655327683,12.0,39.0,192.0
2021-11-18,pegged,calibration rejected (boundary-pegged),0.011469797447582017,12.0,47.0,192.0
2021-11-19,pegged,calibration rejected (boundary-pegged),0.004896449857875224,12.0,27.0,181.0
2021-11-22,pegged,calibration rejected (boundary-pegged),0.006980134940845154,12.0,30.0,183.0
2021-11-23,pegged,calibration rejected (boundary-pegged),0.006897633779707192,12.0,29.0,182.0
2021-11-24,pegged,calibration rejected (boundary-pegged),0.008580766842719589,12.0,43.0,186.0
2021-11-26,pegged,calibration rejected (boundary-pegged),0.007322099661738824,12.0,30.0,186.0
2021-11-29,pegged,calibration rejected (boundary-pegged),0.009729664646534332,12.0,32.0,184.0
2021-11-30,pegged,calibration rejected (boundary-pegged),0.008730030095660693,12.0,36.0,182.0
2021-12-01,iv_miss,calibration rejected (iv_rmse=0.0203 > 0.02),0.020316983709117102,12.0,34.0,183.0
2021-12-02,pegged,calibration rejected (boundary-pegged),0.008231867514789088,12.0,25.0,184.0
2021-12-03,pegged,calibration rejected (boundary-pegged),0.017116282362704873,12.0,22.0,182.0
2021-12-06,pegged,calibration rejected (boundary-pegged),0.010951395142014889,12.0,33.0,184.0
2021-12-07,pegged,calibration rejected (boundary-pegged),0.005050853485029901,12.0,38.0,186.0
2021-12-08,pegged,calibration rejected (boundary-pegged),0.0060288215629701585,12.0,49.0,183.0
2021-12-09,pegged,calibration rejected (boundary-pegged),0.005295649695213063,12.0,35.0,185.0
2021-12-10,pegged,calibration rejected (boundary-pegged),0.006813014648873851,12.0,34.0,182.0
2021-12-13,pegged,calibration rejected (boundary-pegged),0.006750894398858662,12.0,39.0,186.0
2021-12-15,pegged,calibration rejected (boundary-pegged),0.016429790999721094,12.0,22.0,181.0
2021-12-16,pegged,calibration rejected (boundary-pegged),0.010018001342484584,12.0,27.0,181.0
2021-12-17,pegged,calibration rejected (boundary-pegged),0.007491693378196345,12.0,31.0,184.0
2021-12-20,pegged,calibration rejected (boundary-pegged),0.008359886898879593,12.0,27.0,183.0
2021-12-21,pegged,calibration rejected (boundary-pegged),0.008565381897484063,12.0,24.0,184.0
2021-12-22,pegged,calibration rejected (boundary-pegged),0.0070244117164008175,12.0,46.0,185.0
2021-12-23,pegged,calibration rejected (boundary-pegged),0.00432943846153046,12.0,33.0,181.0
2021-12-27,pegged,calibration rejected (boundary-pegged),0.004301778965870463,12.0,27.0,182.0
2021-12-28,pegged,calibration rejected (boundary-pegged),0.00329318888548317,12.0,35.0,191.0
2021-12-29,pegged,calibration rejected (boundary-pegged),0.00422013890353767,12.0,32.0,183.0
2021-12-30,pegged,calibration rejected (boundary-pegged),0.002725569591463191,12.0,29.0,181.0
2021-12-31,pegged,calibration rejected (boundary-pegged),0.004493539744779646,12.0,36.0,183.0
2022-01-03,pegged,calibration rejected (boundary-pegged),0.003954296967498914,12.0,24.0,182.0
2022-01-04,pegged,calibration rejected (boundary-pegged),0.0032468363920874627,12.0,37.0,191.0
2022-01-05,pegged,calibration rejected (boundary-pegged),0.008896931757652528,12.0,26.0,183.0
2022-01-06,pegged,calibration rejected (boundary-pegged),0.0046475960887744135,12.0,23.0,182.0
2022-01-07,pegged,calibration rejected (boundary-pegged),0.006416642444582925,12.0,25.0,184.0
2022-01-10,pegged,calibration rejected (boundary-pegged),0.012237919903992043,12.0,17.0,180.0
2022-01-11,pegged,calibration rejected (boundary-pegged),0.009123016213343216,12.0,31.0,180.0
2022-01-12,pegged,calibration rejected (boundary-pegged),0.006474851464995955,12.0,37.0,183.0
2022-01-13,pegged,calibration rejected (boundary-pegged),0.00914321092830635,12.0,22.0,183.0
2022-01-14,pegged,calibration rejected (boundary-pegged),0.007624954145244986,12.0,31.0,184.0
2022-01-18,pegged,calibration rejected (boundary-pegged),0.004424767026231985,12.0,32.0,183.0
2022-01-19,pegged,calibration rejected (boundary-pegged),0.005307344322390509,12.0,31.0,187.0
2022-01-24,pegged,calibration rejected (boundary-pegged),0.018389772510525374,12.0,20.0,183.0
2022-01-25,pegged,calibration rejected (boundary-pegged),0.01552113836926393,12.0,30.0,185.0
2022-01-26,pegged,calibration rejected (boundary-pegged),0.012400447740140139,12.0,31.0,187.0
2022-01-27,pegged,calibration rejected (boundary-pegged),0.010327688393402232,12.0,31.0,183.0
2022-01-28,pegged,calibration rejected (boundary-pegged),0.013200976069363865,12.0,24.0,182.0
2022-01-31,pegged,calibration rejected (boundary-pegged),0.008196919131937779,12.0,37.0,183.0
2022-02-03,pegged,calibration rejected (boundary-pegged),0.009371629576011923,12.0,40.0,184.0
2022-02-04,pegged,calibration rejected (boundary-pegged),0.011092380504211985,12.0,25.0,186.0
2022-02-07,pegged,calibration rejected (boundary-pegged),0.007007926628290812,12.0,36.0,185.0
2022-02-08,pegged,calibration rejected (boundary-pegged),0.007548259926106167,12.0,42.0,183.0
2022-02-09,pegged,calibration rejected (boundary-pegged),0.004587943957273579,12.0,35.0,185.0
2022-02-11,pegged,calibration rejected (boundary-pegged),0.019480416640335858,12.0,20.0,183.0
2022-02-14,pegged,calibration rejected (boundary-pegged),0.007678435935397548,12.0,30.0,184.0
2022-02-15,pegged,calibration rejected (boundary-pegged),0.006781439351603643,12.0,29.0,184.0
2022-02-16,pegged,calibration rejected (boundary-pegged),0.011316296491609186,12.0,31.0,185.0
2022-02-17,pegged,calibration rejected (boundary-pegged),0.008232981398845015,12.0,39.0,183.0
2022-02-18,pegged,calibration rejected (boundary-pegged),0.007172275123145447,12.0,30.0,183.0
2022-02-23,pegged,calibration rejected (boundary-pegged),0.008167906858417989,12.0,40.0,192.0
2022-02-24,pegged,calibration rejected (boundary-pegged),0.01726381372652087,12.0,34.0,184.0
2022-02-25,pegged,calibration rejected (boundary-pegged),0.009744234714965076,12.0,34.0,184.0
2022-02-28,pegged,calibration rejected (boundary-pegged),0.010518472061821077,12.0,35.0,184.0
2022-03-02,pegged,calibration rejected (boundary-pegged),0.008473286805761647,12.0,25.0,185.0
2022-03-03,pegged,calibration rejected (boundary-pegged),0.009162447814530085,12.0,32.0,186.0
2022-03-04,pegged,calibration rejected (boundary-pegged),0.00938941442249182,12.0,30.0,183.0
2022-03-07,pegged,calibration rejected (boundary-pegged),0.009516339205472707,12.0,27.0,184.0
2022-03-08,pegged,calibration rejected (boundary-pegged),0.011382126753975985,12.0,34.0,190.0
2022-03-10,pegged,calibration rejected (boundary-pegged),0.008109345169897534,12.0,31.0,183.0
2022-03-11,pegged,calibration rejected (boundary-pegged),0.00737160136354122,12.0,29.0,182.0
2022-03-15,pegged,calibration rejected (boundary-pegged),0.006946384098219059,12.0,34.0,183.0
2022-03-16,pegged,calibration rejected (boundary-pegged),0.008246097088442044,12.0,29.0,182.0
2022-03-17,pegged,calibration rejected (boundary-pegged),0.007619091514979918,12.0,35.0,181.0
2022-03-18,pegged,calibration rejected (boundary-pegged),0.006746473795009413,12.0,27.0,184.0
2022-03-22,pegged,calibration rejected (boundary-pegged),0.003677730910399926,12.0,34.0,183.0
2022-03-24,pegged,calibration rejected (boundary-pegged),0.006819664932047159,12.0,34.0,183.0
2022-03-25,pegged,calibration rejected (boundary-pegged),0.005222176218603811,12.0,32.0,186.0
2022-03-28,pegged,calibration rejected (boundary-pegged),0.008400349698949459,12.0,33.0,183.0
2022-03-29,pegged,calibration rejected (boundary-pegged),0.0034730922876953767,12.0,29.0,183.0
2022-03-30,pegged,calibration rejected (boundary-pegged),0.004340837010016657,12.0,46.0,184.0
2022-03-31,pegged,calibration rejected (boundary-pegged),0.004880318801557073,12.0,34.0,187.0
2022-04-01,pegged,calibration rejected (boundary-pegged),0.005410124787472226,12.0,32.0,183.0
2022-04-04,pegged,calibration rejected (boundary-pegged),0.005329972100887975,12.0,34.0,186.0
2022-04-05,pegged,calibration rejected (boundary-pegged),0.006487158549217528,12.0,41.0,185.0
2022-04-06,pegged,calibration rejected (boundary-pegged),0.007521369610900961,12.0,30.0,186.0
2022-04-07,pegged,calibration rejected (boundary-pegged),0.006879240363839311,12.0,33.0,182.0
2022-04-08,pegged,calibration rejected (boundary-pegged),0.01058499099759205,12.0,55.0,184.0
2022-04-11,pegged,calibration rejected (boundary-pegged),0.005688110254202192,12.0,36.0,183.0
2022-04-12,pegged,calibration rejected (boundary-pegged),0.009201620463457936,12.0,32.0,182.0
2022-04-13,pegged,calibration rejected (boundary-pegged),0.007272679334132743,12.0,31.0,187.0
2022-04-14,pegged,calibration rejected (boundary-pegged),0.007164300548303439,12.0,32.0,183.0
2022-04-18,pegged,calibration rejected (boundary-pegged),0.0051405239574223785,12.0,27.0,183.0
2022-04-19,pegged,calibration rejected (boundary-pegged),0.007389054698573594,12.0,31.0,185.0
2022-04-20,pegged,calibration rejected (boundary-pegged),0.005269418511160196,12.0,40.0,188.0
2022-04-21,pegged,calibration rejected (boundary-pegged),0.010783804462828644,12.0,34.0,183.0
2022-04-22,pegged,calibration rejected (boundary-pegged),0.013201874135323685,12.0,23.0,191.0
2022-04-25,pegged,calibration rejected (boundary-pegged),0.009340270178364621,12.0,24.0,184.0
2022-04-26,pegged,calibration rejected (boundary-pegged),0.00879929482000621,12.0,29.0,182.0
2022-04-27,pegged,calibration rejected (boundary-pegged),0.008048680525638835,12.0,33.0,184.0
2022-04-28,pegged,calibration rejected (boundary-pegged),0.009839068574746026,12.0,28.0,184.0
2022-04-29,pegged,calibration rejected (boundary-pegged),0.010781824040046807,12.0,36.0,183.0
2022-05-02,pegged,calibration rejected (boundary-pegged),0.008410472504544493,12.0,24.0,183.0
2022-05-03,pegged,calibration rejected (boundary-pegged),0.005000573703507683,12.0,39.0,189.0
2022-05-04,pegged,calibration rejected (boundary-pegged),0.014247547680290872,12.0,29.0,185.0
2022-05-05,pegged,calibration rejected (boundary-pegged),0.014278529228671321,12.0,33.0,183.0
2022-05-06,pegged,calibration rejected (boundary-pegged),0.010083253254021585,12.0,40.0,184.0
2022-05-10,pegged,calibration rejected (boundary-pegged),0.007838819005439462,12.0,29.0,182.0
2022-05-11,pegged,calibration rejected (boundary-pegged),0.008323531949314785,12.0,33.0,186.0
2022-05-17,pegged,calibration rejected (boundary-pegged),0.00708829171618298,12.0,36.0,183.0
2022-05-19,pegged,calibration rejected (boundary-pegged),0.01194272367751819,12.0,43.0,183.0
2022-05-20,pegged,calibration rejected (boundary-pegged),0.009851542190925114,12.0,23.0,185.0
2022-05-23,pegged,calibration rejected (boundary-pegged),0.008571667885989705,12.0,38.0,184.0
2022-05-25,pegged,calibration rejected (boundary-pegged),0.006950672960735945,12.0,37.0,182.0
2022-05-26,pegged,calibration rejected (boundary-pegged),0.006704563926058103,12.0,34.0,183.0
2022-05-27,pegged,calibration rejected (boundary-pegged),0.005553883910748636,12.0,29.0,183.0
2022-05-31,pegged,calibration rejected (boundary-pegged),0.008013179321482454,12.0,32.0,184.0
2022-06-02,pegged,calibration rejected (boundary-pegged),0.009248097379515818,12.0,31.0,184.0
2022-06-03,pegged,calibration rejected (boundary-pegged),0.006858634746879258,12.0,25.0,182.0
2022-06-07,pegged,calibration rejected (boundary-pegged),0.008704712433215295,12.0,23.0,182.0
2022-06-09,pegged,calibration rejected (boundary-pegged),0.010416989498840066,12.0,26.0,182.0
2022-06-13,pegged,calibration rejected (boundary-pegged),0.007304661460662369,12.0,23.0,181.0
2022-06-14,pegged,calibration rejected (boundary-pegged),0.005903140119564662,12.0,26.0,187.0
2022-06-15,pegged,calibration rejected (boundary-pegged),0.009407969583610173,12.0,30.0,186.0
2022-06-16,pegged,calibration rejected (boundary-pegged),0.008703277122313507,12.0,24.0,182.0
2022-06-23,pegged,calibration rejected (boundary-pegged),0.007251380939074922,12.0,51.0,186.0
2022-06-24,pegged,calibration rejected (boundary-pegged),0.006618496963649087,12.0,42.0,186.0
2022-06-27,pegged,calibration rejected (boundary-pegged),0.006866263650195687,12.0,31.0,182.0
2022-06-28,pegged,calibration rejected (boundary-pegged),0.0073735223713178545,12.0,31.0,182.0
2022-06-29,pegged,calibration rejected (boundary-pegged),0.006795331757722671,12.0,45.0,184.0
2022-06-30,pegged,calibration rejected (boundary-pegged),0.010213342766220785,12.0,35.0,185.0
2022-07-01,pegged,calibration rejected (boundary-pegged),0.01174660979018168,12.0,44.0,185.0
2022-07-05,pegged,calibration rejected (boundary-pegged),0.00851251723306173,12.0,31.0,182.0
2022-07-06,pegged,calibration rejected (boundary-pegged),0.00646694591431353,12.0,34.0,183.0
2022-07-07,pegged,calibration rejected (boundary-pegged),0.005692084839274831,12.0,41.0,185.0
2022-07-08,pegged,calibration rejected (boundary-pegged),0.007284209319416063,12.0,34.0,184.0
2022-07-11,pegged,calibration rejected (boundary-pegged),0.005946897469151652,12.0,38.0,185.0
2022-07-12,pegged,calibration rejected (boundary-pegged),0.007976036307115733,12.0,30.0,186.0
2022-07-13,pegged,calibration rejected (boundary-pegged),0.006290088052706562,12.0,27.0,186.0
2022-07-15,pegged,calibration rejected (boundary-pegged),0.00903137890872289,12.0,31.0,182.0
2022-07-18,pegged,calibration rejected (boundary-pegged),0.009245954132984418,12.0,38.0,185.0
2022-07-20,pegged,calibration rejected (boundary-pegged),0.004683170593686033,12.0,31.0,184.0
2022-07-21,pegged,calibration rejected (boundary-pegged),0.006708567786967304,12.0,22.0,184.0
2022-07-22,pegged,calibration rejected (boundary-pegged),0.004675579183723389,12.0,33.0,183.0
2022-07-25,pegged,calibration rejected (boundary-pegged),0.004842307026736892,12.0,56.0,187.0
2022-07-26,pegged,calibration rejected (boundary-pegged),0.004969712313718664,12.0,32.0,184.0
2022-07-27,pegged,calibration rejected (boundary-pegged),0.004332306931284805,12.0,28.0,187.0
2022-07-29,pegged,calibration rejected (boundary-pegged),0.004383025038381629,12.0,38.0,183.0
2022-08-02,pegged,calibration rejected (boundary-pegged),0.0044734460006904215,12.0,24.0,185.0
2022-08-03,pegged,calibration rejected (boundary-pegged),0.005951901756429862,12.0,26.0,184.0
2022-08-05,pegged,calibration rejected (boundary-pegged),0.006294460798533551,12.0,42.0,184.0
2022-08-09,pegged,calibration rejected (boundary-pegged),0.004151633319289364,12.0,43.0,187.0
2022-08-10,pegged,calibration rejected (boundary-pegged),0.005038959704729097,12.0,30.0,184.0
2022-08-11,pegged,calibration rejected (boundary-pegged),0.004093205081316901,12.0,29.0,183.0
2022-08-12,pegged,calibration rejected (boundary-pegged),0.002778744836178751,12.0,40.0,186.0
2022-08-15,pegged,calibration rejected (boundary-pegged),0.0036658915946766978,12.0,32.0,183.0
2022-08-16,pegged,calibration rejected (boundary-pegged),0.0039481783597165206,12.0,47.0,189.0
2022-08-17,pegged,calibration rejected (boundary-pegged),0.004833705128448233,12.0,50.0,186.0
2022-08-19,pegged,calibration rejected (boundary-pegged),0.004978994718706299,12.0,44.0,185.0
2022-08-22,pegged,calibration rejected (boundary-pegged),0.004656063385127007,12.0,36.0,187.0
2022-08-23,pegged,calibration rejected (boundary-pegged),0.0037360660409196315,12.0,28.0,185.0
2022-08-24,pegged,calibration rejected (boundary-pegged),0.005394546496454437,12.0,30.0,182.0
2022-08-25,pegged,calibration rejected (boundary-pegged),0.006819520524692785,12.0,44.0,188.0
2022-08-26,pegged,calibration rejected (boundary-pegged),0.009156583998906979,12.0,37.0,185.0
2022-08-29,pegged,calibration rejected (boundary-pegged),0.007500585628713406,12.0,28.0,184.0
2022-08-30,pegged,calibration rejected (boundary-pegged),0.006776869625661732,12.0,37.0,185.0
2022-08-31,pegged,calibration rejected (boundary-pegged),0.004056725461563131,12.0,36.0,183.0
2022-09-01,pegged,calibration rejected (boundary-pegged),0.005185115452230475,12.0,36.0,192.0
2022-09-02,pegged,calibration rejected (boundary-pegged),0.010391847331932812,12.0,32.0,186.0
2022-09-07,pegged,calibration rejected (boundary-pegged),0.0061663306074442,12.0,40.0,183.0
2022-09-08,pegged,calibration rejected (boundary-pegged),0.005865803311864566,12.0,36.0,184.0
2022-09-09,pegged,calibration rejected (boundary-pegged),0.005217426494702262,12.0,35.0,183.0
2022-09-12,pegged,calibration rejected (boundary-pegged),0.0040230845025779885,12.0,31.0,186.0
2022-09-13,pegged,calibration rejected (boundary-pegged),0.006304106929689256,12.0,36.0,186.0
2022-09-14,pegged,calibration rejected (boundary-pegged),0.004802314553371191,12.0,32.0,183.0
2022-09-15,pegged,calibration rejected (boundary-pegged),0.005573090791171217,12.0,35.0,182.0
2022-09-19,pegged,calibration rejected (boundary-pegged),0.012474006963783459,12.0,28.0,183.0
2022-09-20,pegged,calibration rejected (boundary-pegged),0.0038036082600733756,12.0,40.0,185.0
2022-09-21,pegged,calibration rejected (boundary-pegged),0.008723495986586775,12.0,20.0,183.0
2022-09-23,pegged,calibration rejected (boundary-pegged),0.006400876387413365,12.0,31.0,186.0
2022-09-26,pegged,calibration rejected (boundary-pegged),0.006664951497183653,12.0,42.0,185.0
2022-09-29,pegged,calibration rejected (boundary-pegged),0.006827135952197977,12.0,24.0,183.0
2022-10-03,pegged,calibration rejected (boundary-pegged),0.007527576284993931,12.0,26.0,186.0
2022-10-05,pegged,calibration rejected (boundary-pegged),0.005696441896130291,12.0,30.0,183.0
2022-10-06,pegged,calibration rejected (boundary-pegged),0.007221124927805037,12.0,31.0,182.0
2022-10-10,pegged,calibration rejected (boundary-pegged),0.005671398026555304,12.0,30.0,187.0
2022-10-14,pegged,calibration rejected (boundary-pegged),0.00680302957492556,12.0,38.0,185.0
2022-10-17,pegged,calibration rejected (boundary-pegged),0.007272056794189338,12.0,24.0,186.0
2022-10-21,pegged,calibration rejected (boundary-pegged),0.012382704985470517,12.0,28.0,185.0
2022-10-24,pegged,calibration rejected (boundary-pegged),0.009841192932839096,12.0,25.0,183.0
2022-10-26,pegged,calibration rejected (boundary-pegged),0.006913238577968113,12.0,28.0,185.0
2022-10-27,pegged,calibration rejected (boundary-pegged),0.006365534101911662,12.0,32.0,187.0
2022-10-28,pegged,calibration rejected (boundary-pegged),0.006712037533137554,12.0,45.0,187.0
2022-10-31,pegged,calibration rejected (boundary-pegged),0.008421000325367611,12.0,38.0,189.0
2022-11-01,pegged,calibration rejected (boundary-pegged),0.00814948120500768,12.0,29.0,185.0
2022-11-02,pegged,calibration rejected (boundary-pegged),0.008185651185158358,12.0,33.0,184.0
2022-11-03,pegged,calibration rejected (boundary-pegged),0.00807919183433215,12.0,36.0,188.0
2022-11-04,pegged,calibration rejected (boundary-pegged),0.006292657904094927,12.0,33.0,184.0
2022-11-07,pegged,calibration rejected (boundary-pegged),0.008216679363327973,12.0,37.0,184.0
2022-11-08,pegged,calibration rejected (boundary-pegged),0.008562273853426337,12.0,31.0,185.0
2022-11-09,pegged,calibration rejected (boundary-pegged),0.008068107773038903,12.0,31.0,181.0
2022-11-10,pegged,calibration rejected (boundary-pegged),0.007653269568135362,12.0,23.0,182.0
2022-11-11,pegged,calibration rejected (boundary-pegged),0.005308052830814064,12.0,31.0,185.0
2022-11-14,pegged,calibration rejected (boundary-pegged),0.006587656286735182,12.0,30.0,190.0
2022-11-15,pegged,calibration rejected (boundary-pegged),0.00826201365186773,12.0,32.0,184.0
2022-11-16,pegged,calibration rejected (boundary-pegged),0.005689361142156282,12.0,45.0,185.0
2022-11-17,pegged,calibration rejected (boundary-pegged),0.008398909923138206,12.0,35.0,184.0
2022-11-18,pegged,calibration rejected (boundary-pegged),0.009479283390643013,12.0,49.0,183.0
2022-11-21,pegged,calibration rejected (boundary-pegged),0.007622259087743668,12.0,41.0,182.0
2022-11-22,pegged,calibration rejected (boundary-pegged),0.00758113436579309,12.0,33.0,184.0
2022-11-23,pegged,calibration rejected (boundary-pegged),0.008727767398387157,12.0,38.0,182.0
2022-11-25,pegged,calibration rejected (boundary-pegged),0.0113276367531067,12.0,56.0,183.0
2022-11-28,pegged,calibration rejected (boundary-pegged),0.009980500862250318,12.0,45.0,185.0
2022-11-29,pegged,calibration rejected (boundary-pegged),0.00879859317739643,12.0,45.0,184.0
2022-11-30,pegged,calibration rejected (boundary-pegged),0.013959815525587345,12.0,28.0,183.0
2022-12-01,pegged,calibration rejected (boundary-pegged),0.01503105907176459,12.0,32.0,182.0
2022-12-02,pegged,calibration rejected (boundary-pegged),0.017247338430390866,12.0,35.0,188.0
2022-12-05,pegged,calibration rejected (boundary-pegged),0.009239258152721823,12.0,30.0,184.0
2022-12-06,pegged,calibration rejected (boundary-pegged),0.01281136952551039,12.0,39.0,184.0
2022-12-07,pegged,calibration rejected (boundary-pegged),0.012652143331221527,12.0,35.0,186.0
2022-12-08,pegged,calibration rejected (boundary-pegged),0.010604433995499476,12.0,44.0,186.0
2022-12-09,pegged,calibration rejected (boundary-pegged),0.007718371532541975,12.0,43.0,188.0
2022-12-12,pegged,calibration rejected (boundary-pegged),0.009435691396110023,11.0,27.0,172.0
2022-12-13,pegged,calibration rejected (boundary-pegged),0.011394140392568312,12.0,42.0,182.0
2022-12-14,pegged,calibration rejected (boundary-pegged),0.011289986787425373,12.0,31.0,182.0
2022-12-15,pegged,calibration rejected (boundary-pegged),0.007560837304989085,12.0,29.0,182.0
2022-12-16,pegged,calibration rejected (boundary-pegged),0.005548022226561333,12.0,28.0,183.0
2022-12-19,pegged,calibration rejected (boundary-pegged),0.005525281295654029,12.0,28.0,184.0
2022-12-20,pegged,calibration rejected (boundary-pegged),0.006360263299710703,12.0,30.0,186.0
2022-12-21,pegged,calibration rejected (boundary-pegged),0.006752741685330248,12.0,36.0,183.0
2022-12-22,pegged,calibration rejected (boundary-pegged),0.010342870694117878,12.0,38.0,187.0
2022-12-23,pegged,calibration rejected (boundary-pegged),0.01240834582070771,12.0,49.0,187.0
2022-12-27,pegged,calibration rejected (boundary-pegged),0.010125442958484452,12.0,48.0,186.0
2022-12-28,pegged,calibration rejected (boundary-pegged),0.010594225491108264,12.0,31.0,186.0
2022-12-29,pegged,calibration rejected (boundary-pegged),0.005660731018831692,12.0,38.0,183.0
2022-12-30,pegged,calibration rejected (boundary-pegged),0.009835961454294238,12.0,34.0,183.0
2023-01-03,pegged,calibration rejected (boundary-pegged),0.012240318648028494,12.0,20.0,182.0
2023-01-04,pegged,calibration rejected (boundary-pegged),0.010358450258132005,12.0,27.0,184.0
2023-01-05,pegged,calibration rejected (boundary-pegged),0.0086323997325648,12.0,36.0,186.0
2023-01-06,pegged,calibration rejected (boundary-pegged),0.005177390427168647,12.0,20.0,181.0
2023-01-09,pegged,calibration rejected (boundary-pegged),0.005534143219022598,12.0,26.0,183.0
2023-01-11,pegged,calibration rejected (boundary-pegged),0.005750338443425587,12.0,24.0,183.0
2023-01-12,pegged,calibration rejected (boundary-pegged),0.007623149373639137,12.0,25.0,184.0
2023-01-13,pegged,calibration rejected (boundary-pegged),0.008332869277986753,12.0,35.0,183.0
2023-01-17,pegged,calibration rejected (boundary-pegged),0.0056830145112986615,12.0,37.0,183.0
2023-01-18,pegged,calibration rejected (boundary-pegged),0.00966287333670137,12.0,28.0,184.0
2023-01-19,pegged,calibration rejected (boundary-pegged),0.009366616952832281,12.0,33.0,186.0
2023-01-20,pegged,calibration rejected (boundary-pegged),0.011143516308204288,12.0,30.0,184.0
2023-01-23,pegged,calibration rejected (boundary-pegged),0.010477334312911125,12.0,31.0,183.0
2023-01-24,pegged,calibration rejected (boundary-pegged),0.006782929775887397,12.0,40.0,185.0
2023-01-25,pegged,calibration rejected (boundary-pegged),0.007212188897816175,12.0,36.0,186.0
2023-01-26,pegged,calibration rejected (boundary-pegged),0.0065241080228419165,12.0,35.0,183.0
2023-01-27,pegged,calibration rejected (boundary-pegged),0.003264656999019186,12.0,26.0,186.0
2023-01-30,pegged,calibration rejected (boundary-pegged),0.0051283663304312836,12.0,26.0,182.0
2023-01-31,pegged,calibration rejected (boundary-pegged),0.0065791298868714794,12.0,32.0,184.0
2023-02-01,pegged,calibration rejected (boundary-pegged),0.010527778872643341,12.0,26.0,183.0
2023-02-02,pegged,calibration rejected (boundary-pegged),0.005686825232610299,12.0,28.0,183.0
2023-02-03,pegged,calibration rejected (boundary-pegged),0.0058075954070908615,12.0,24.0,182.0
2023-02-06,pegged,calibration rejected (boundary-pegged),0.0058037863239242295,12.0,36.0,188.0
2023-02-07,pegged,calibration rejected (boundary-pegged),0.008177663855621289,12.0,37.0,185.0
2023-02-08,pegged,calibration rejected (boundary-pegged),0.006583843326614833,12.0,37.0,184.0
2023-02-09,pegged,calibration rejected (boundary-pegged),0.00851737979086514,12.0,39.0,182.0
2023-02-13,pegged,calibration rejected (boundary-pegged),0.0050328243256706606,12.0,30.0,185.0
2023-02-14,pegged,calibration rejected (boundary-pegged),0.007224361993617583,12.0,33.0,184.0
2023-02-15,pegged,calibration rejected (boundary-pegged),0.0055973509345303065,12.0,30.0,183.0
2023-02-16,pegged,calibration rejected (boundary-pegged),0.006267892547517428,12.0,27.0,182.0
2023-02-17,pegged,calibration rejected (boundary-pegged),0.006877270431808722,12.0,30.0,185.0
2023-02-21,pegged,calibration rejected (boundary-pegged),0.0065345717887863915,12.0,28.0,192.0
2023-02-22,pegged,calibration rejected (boundary-pegged),0.00494821037361,12.0,31.0,183.0
2023-02-23,pegged,calibration rejected (boundary-pegged),0.009179019903848708,12.0,37.0,184.0
2023-02-24,pegged,calibration rejected (boundary-pegged),0.010310124510425058,12.0,30.0,183.0
2023-02-27,pegged,calibration rejected (boundary-pegged),0.0075396849210401145,12.0,32.0,184.0
2023-03-01,pegged,calibration rejected (boundary-pegged),0.006830357196946327,12.0,28.0,182.0
2023-03-03,pegged,calibration rejected (boundary-pegged),0.007417993871055776,12.0,31.0,185.0
2023-03-06,pegged,calibration rejected (boundary-pegged),0.004987840288986835,12.0,31.0,185.0
2023-03-09,pegged,calibration rejected (boundary-pegged),0.012805437321277247,12.0,24.0,181.0
2023-03-10,pegged,calibration rejected (boundary-pegged),0.009229384358800649,12.0,19.0,181.0
2023-03-13,pegged,calibration rejected (boundary-pegged),0.013406091578035411,12.0,20.0,183.0
2023-03-14,pegged,calibration rejected (boundary-pegged),0.008992983618287077,12.0,27.0,183.0
2023-03-15,pegged,calibration rejected (boundary-pegged),0.009597295180144055,12.0,21.0,182.0
2023-03-16,pegged,calibration rejected (boundary-pegged),0.011181594276573642,12.0,23.0,183.0
2023-03-17,pegged,calibration rejected (boundary-pegged),0.0072453263954230475,12.0,26.0,182.0
2023-03-20,pegged,calibration rejected (boundary-pegged),0.009897311272145647,12.0,28.0,183.0
2023-03-21,pegged,calibration rejected (boundary-pegged),0.0047708877398308265,12.0,26.0,182.0
2023-03-22,pegged,calibration rejected (boundary-pegged),0.007634775256902089,12.0,36.0,189.0
2023-03-23,pegged,calibration rejected (boundary-pegged),0.011294283492501155,12.0,20.0,187.0
2023-03-24,pegged,calibration rejected (boundary-pegged),0.010439472458900633,12.0,19.0,185.0
2023-03-27,pegged,calibration rejected (boundary-pegged),0.0050683287661416445,12.0,39.0,188.0
2023-03-28,pegged,calibration rejected (boundary-pegged),0.00440700645976075,12.0,32.0,185.0
2023-03-29,pegged,calibration rejected (boundary-pegged),0.004349652709050233,12.0,28.0,183.0
2023-03-30,pegged,calibration rejected (boundary-pegged),0.006255146429754194,12.0,27.0,182.0
2023-03-31,pegged,calibration rejected (boundary-pegged),0.005325877157189669,12.0,22.0,184.0
2023-04-03,pegged,calibration rejected (boundary-pegged),0.006192166212952043,12.0,34.0,184.0
2023-04-04,pegged,calibration rejected (boundary-pegged),0.003384747875030802,12.0,38.0,185.0
2023-04-05,pegged,calibration rejected (boundary-pegged),0.004765580642391703,12.0,41.0,185.0
2023-04-10,pegged,calibration rejected (boundary-pegged),0.005097793315502347,12.0,35.0,184.0
2023-04-11,pegged,calibration rejected (boundary-pegged),0.005681412532238376,12.0,47.0,187.0
2023-04-12,pegged,calibration rejected (boundary-pegged),0.006027334894933854,12.0,35.0,184.0
2023-04-13,pegged,calibration rejected (boundary-pegged),0.006949115200162984,12.0,31.0,181.0
2023-04-14,pegged,calibration rejected (boundary-pegged),0.0064640895433198614,12.0,27.0,183.0
2023-04-17,pegged,calibration rejected (boundary-pegged),0.006002867517814871,12.0,31.0,185.0
2023-04-18,pegged,calibration rejected (boundary-pegged),0.004844027956529542,12.0,27.0,192.0
2023-04-19,pegged,calibration rejected (boundary-pegged),0.006286251183016504,12.0,28.0,183.0
2023-04-20,pegged,calibration rejected (boundary-pegged),0.005963683157665193,12.0,34.0,185.0
2023-04-21,pegged,calibration rejected (boundary-pegged),0.008353214427477587,12.0,28.0,181.0
2023-04-24,pegged,calibration rejected (boundary-pegged),0.008717715879729611,12.0,32.0,185.0
2023-04-25,pegged,calibration rejected (boundary-pegged),0.007280299768763769,12.0,22.0,182.0
2023-04-26,pegged,calibration rejected (boundary-pegged),0.004979191972275567,12.0,25.0,183.0
2023-04-27,pegged,calibration rejected (boundary-pegged),0.004964760513909172,12.0,17.0,183.0
2023-04-28,pegged,calibration rejected (boundary-pegged),0.0036799618980814805,12.0,25.0,187.0
2023-05-01,pegged,calibration rejected (boundary-pegged),0.004679952462093273,12.0,34.0,182.0
2023-05-02,pegged,calibration rejected (boundary-pegged),0.008582723503171588,12.0,28.0,183.0
2023-05-03,pegged,calibration rejected (boundary-pegged),0.0062760258344326065,12.0,41.0,186.0
2023-05-04,pegged,calibration rejected (boundary-pegged),0.006294994216331987,12.0,35.0,184.0
2023-05-05,pegged,calibration rejected (boundary-pegged),0.00595297102896343,12.0,39.0,184.0
2023-05-08,pegged,calibration rejected (boundary-pegged),0.0044024602521327665,12.0,37.0,185.0
2023-05-09,pegged,calibration rejected (boundary-pegged),0.003664408201673421,12.0,38.0,185.0
2023-05-10,pegged,calibration rejected (boundary-pegged),0.004513469428729012,12.0,27.0,182.0
2023-05-11,pegged,calibration rejected (boundary-pegged),0.0059222180319599286,12.0,33.0,184.0
2023-05-12,pegged,calibration rejected (boundary-pegged),0.005264980064897143,12.0,31.0,184.0
2023-05-15,pegged,calibration rejected (boundary-pegged),0.005519814744670167,12.0,22.0,182.0
2023-05-16,pegged,calibration rejected (boundary-pegged),0.004606561712911934,12.0,25.0,187.0
2023-05-17,pegged,calibration rejected (boundary-pegged),0.00482256540494633,12.0,26.0,183.0
2023-05-18,pegged,calibration rejected (boundary-pegged),0.005061366845674985,12.0,25.0,182.0
2023-05-19,pegged,calibration rejected (boundary-pegged),0.004787588595578948,12.0,29.0,183.0
2023-05-22,pegged,calibration rejected (boundary-pegged),0.005381888732819401,12.0,34.0,182.0
2023-05-23,pegged,calibration rejected (boundary-pegged),0.006161434495661571,12.0,31.0,184.0
2023-05-24,pegged,calibration rejected (boundary-pegged),0.005270741276218489,12.0,24.0,182.0
2023-05-26,pegged,calibration rejected (boundary-pegged),0.004084211292019544,12.0,24.0,182.0
2023-05-31,pegged,calibration rejected (boundary-pegged),0.003982051715672365,12.0,32.0,182.0
2023-06-01,pegged,calibration rejected (boundary-pegged),0.006423720424672677,12.0,28.0,189.0
2023-06-02,pegged,calibration rejected (boundary-pegged),0.004750964989299902,12.0,19.0,181.0
2023-06-05,pegged,calibration rejected (boundary-pegged),0.0026028873922299255,12.0,23.0,185.0
2023-06-06,pegged,calibration rejected (boundary-pegged),0.0032322652392432786,12.0,31.0,185.0
2023-06-13,pegged,calibration rejected (boundary-pegged),0.002884124460246458,12.0,27.0,183.0
2023-06-16,pegged,calibration rejected (boundary-pegged),0.004246358094061206,12.0,26.0,183.0
2023-06-20,pegged,calibration rejected (boundary-pegged),0.003289841695905489,12.0,30.0,183.0
2023-06-21,pegged,calibration rejected (boundary-pegged),0.003718041064231199,12.0,39.0,184.0
2023-06-22,pegged,calibration rejected (boundary-pegged),0.004681501047818419,12.0,40.0,191.0
2023-06-23,pegged,calibration rejected (boundary-pegged),0.003613273035031542,12.0,32.0,183.0
2023-06-26,pegged,calibration rejected (boundary-pegged),0.003077087797011796,12.0,28.0,183.0
2023-06-27,pegged,calibration rejected (boundary-pegged),0.003831853831696377,12.0,38.0,185.0
2023-06-28,pegged,calibration rejected (boundary-pegged),0.003366934320365003,12.0,31.0,184.0
2023-06-29,pegged,calibration rejected (boundary-pegged),0.0026769617455347076,12.0,36.0,186.0
2023-06-30,pegged,calibration rejected (boundary-pegged),0.0033848352324109734,12.0,18.0,190.0
2023-07-05,pegged,calibration rejected (boundary-pegged),0.0024628242323315257,12.0,33.0,182.0
2023-07-06,pegged,calibration rejected (boundary-pegged),0.006074337417598273,12.0,32.0,183.0
2023-07-07,pegged,calibration rejected (boundary-pegged),0.004345002473971301,12.0,24.0,181.0
2023-07-10,pegged,calibration rejected (boundary-pegged),0.003337451050551221,12.0,37.0,182.0
2023-07-11,pegged,calibration rejected (boundary-pegged),0.002575462517596303,12.0,33.0,184.0
2023-07-12,pegged,calibration rejected (boundary-pegged),0.003300657291256086,12.0,20.0,188.0
2023-07-13,pegged,calibration rejected (boundary-pegged),0.0035540505195661392,12.0,32.0,182.0
2023-07-14,pegged,calibration rejected (boundary-pegged),0.004798072938640699,12.0,27.0,189.0
2023-07-17,pegged,calibration rejected (boundary-pegged),0.004280631412281453,12.0,34.0,183.0
2023-07-20,pegged,calibration rejected (boundary-pegged),0.003094778517656897,12.0,31.0,183.0
2023-07-21,pegged,calibration rejected (boundary-pegged),0.002410483263194682,12.0,29.0,181.0
2023-07-28,pegged,calibration rejected (boundary-pegged),0.004318655136109209,12.0,35.0,183.0
2023-07-31,pegged,calibration rejected (boundary-pegged),0.0034950548266183593,12.0,48.0,185.0
2023-08-01,pegged,calibration rejected (boundary-pegged),0.0025458234807385753,12.0,48.0,183.0
2023-08-02,pegged,calibration rejected (boundary-pegged),0.002648049380846949,12.0,39.0,184.0
2023-08-03,pegged,calibration rejected (boundary-pegged),0.005314253821904455,12.0,36.0,185.0
2023-08-04,pegged,calibration rejected (boundary-pegged),0.007379665897753491,12.0,25.0,184.0
2023-08-07,pegged,calibration rejected (boundary-pegged),0.004570691884558739,12.0,36.0,185.0
2023-08-08,pegged,calibration rejected (boundary-pegged),0.004694126707325796,12.0,30.0,183.0
2023-08-10,pegged,calibration rejected (boundary-pegged),0.006061146189972237,12.0,21.0,182.0
2023-08-18,pegged,calibration rejected (boundary-pegged),0.005591436111497504,12.0,24.0,181.0
2023-08-23,pegged,calibration rejected (boundary-pegged),0.0035598086058006998,12.0,31.0,184.0
2023-08-25,pegged,calibration rejected (boundary-pegged),0.006497478913453724,12.0,26.0,182.0
2023-08-28,pegged,calibration rejected (boundary-pegged),0.004261900369837697,12.0,29.0,182.0
2023-08-29,pegged,calibration rejected (boundary-pegged),0.003113581810558832,12.0,25.0,183.0
2023-08-30,pegged,calibration rejected (boundary-pegged),0.002943125232272685,12.0,25.0,189.0
2023-08-31,pegged,calibration rejected (boundary-pegged),0.003528766829966098,12.0,34.0,183.0
2023-09-01,pegged,calibration rejected (boundary-pegged),0.003638716069173519,12.0,23.0,183.0
2023-09-05,pegged,calibration rejected (boundary-pegged),0.003017997644520124,12.0,39.0,185.0
2023-09-06,pegged,calibration rejected (boundary-pegged),0.0033663871486597653,12.0,23.0,185.0
2023-09-07,pegged,calibration rejected (boundary-pegged),0.00451967628014913,12.0,36.0,183.0
2023-09-08,pegged,calibration rejected (boundary-pegged),0.003934176534733147,12.0,27.0,184.0
2023-09-14,pegged,calibration rejected (boundary-pegged),0.0023830244569986777,12.0,31.0,184.0
2023-09-15,pegged,calibration rejected (boundary-pegged),0.0033582023805104437,12.0,29.0,183.0
2023-09-18,pegged,calibration rejected (boundary-pegged),0.0029068139541902787,12.0,38.0,184.0
2023-09-22,pegged,calibration rejected (boundary-pegged),0.00444748511775174,12.0,26.0,184.0
2023-09-28,pegged,calibration rejected (boundary-pegged),0.0046470296719031,12.0,22.0,180.0
2023-10-02,pegged,calibration rejected (boundary-pegged),0.004297773357476037,12.0,31.0,184.0
2023-10-06,pegged,calibration rejected (boundary-pegged),0.0073867190623853,12.0,23.0,189.0
2023-10-09,pegged,calibration rejected (boundary-pegged),0.004529161207053796,12.0,22.0,181.0
2023-10-12,pegged,calibration rejected (boundary-pegged),0.005699483131236758,12.0,31.0,183.0
2023-10-13,pegged,calibration rejected (boundary-pegged),0.008180005202707463,12.0,22.0,184.0
2023-10-16,pegged,calibration rejected (boundary-pegged),0.003953764205358965,12.0,27.0,183.0
2023-10-20,pegged,calibration rejected (boundary-pegged),0.005200399661955546,12.0,22.0,182.0
2023-11-01,pegged,calibration rejected (boundary-pegged),0.004011170698599648,12.0,22.0,184.0
2023-11-02,pegged,calibration rejected (boundary-pegged),0.003451485746208677,12.0,23.0,186.0
2023-11-03,pegged,calibration rejected (boundary-pegged),0.0034558447836408697,12.0,22.0,183.0
2023-11-06,pegged,calibration rejected (boundary-pegged),0.0019662785473731656,12.0,35.0,182.0
2023-11-07,pegged,calibration rejected (boundary-pegged),0.0024387887793263026,12.0,34.0,185.0
2023-11-08,pegged,calibration rejected (boundary-pegged),0.0034494179672164707,12.0,36.0,184.0
2023-11-09,pegged,calibration rejected (boundary-pegged),0.003283599130499004,12.0,26.0,182.0
2023-11-10,pegged,calibration rejected (boundary-pegged),0.0033793451270799964,12.0,32.0,183.0
2023-11-14,pegged,calibration rejected (boundary-pegged),0.003488674891085753,12.0,16.0,180.0
2023-11-15,pegged,calibration rejected (boundary-pegged),0.0025590668388189757,12.0,36.0,183.0
2023-11-16,pegged,calibration rejected (boundary-pegged),0.003911280299554077,12.0,33.0,181.0
2023-11-17,pegged,calibration rejected (boundary-pegged),0.0046381561747493765,12.0,32.0,182.0
2023-11-20,pegged,calibration rejected (boundary-pegged),0.0034441788275128217,12.0,33.0,184.0
2023-11-21,pegged,calibration rejected (boundary-pegged),0.0032072469607054388,12.0,36.0,184.0
2023-11-22,pegged,calibration rejected (boundary-pegged),0.0035596668553210956,12.0,27.0,184.0
2023-11-24,pegged,calibration rejected (boundary-pegged),0.005038099579845289,12.0,52.0,185.0
2023-11-27,pegged,calibration rejected (boundary-pegged),0.0038499448350833567,12.0,38.0,184.0
2023-11-29,pegged,calibration rejected (boundary-pegged),0.0031994878090537975,12.0,28.0,182.0
2023-12-01,pegged,calibration rejected (boundary-pegged),0.0034826466718687037,12.0,33.0,183.0
2023-12-05,pegged,calibration rejected (boundary-pegged),0.002804752841931971,12.0,34.0,183.0
2023-12-06,pegged,calibration rejected (boundary-pegged),0.002524550654771693,12.0,33.0,186.0
2023-12-07,pegged,calibration rejected (boundary-pegged),0.004081245570897964,12.0,53.0,184.0
2023-12-08,pegged,calibration rejected (boundary-pegged),0.0033360721292110553,12.0,40.0,183.0
2023-12-11,pegged,calibration rejected (boundary-pegged),0.0023868609436721536,12.0,34.0,185.0
2023-12-12,pegged,calibration rejected (boundary-pegged),0.004105949961531014,12.0,42.0,187.0
2023-12-14,pegged,calibration rejected (boundary-pegged),0.0027970640651526204,12.0,30.0,184.0
2023-12-15,pegged,calibration rejected (boundary-pegged),0.0038312679092072596,12.0,39.0,185.0
2023-12-18,pegged,calibration rejected (boundary-pegged),0.0033424180820593894,12.0,30.0,184.0
2023-12-19,pegged,calibration rejected (boundary-pegged),0.003961541350960892,12.0,38.0,184.0
2023-12-20,pegged,calibration rejected (boundary-pegged),0.004732732246228078,12.0,30.0,182.0
2023-12-21,pegged,calibration rejected (boundary-pegged),0.0030404546507477146,12.0,45.0,184.0
2023-12-22,pegged,calibration rejected (boundary-pegged),0.003931278633941757,12.0,29.0,186.0
2023-12-26,pegged,calibration rejected (boundary-pegged),0.004170271725953476,12.0,41.0,184.0
2023-12-27,pegged,calibration rejected (boundary-pegged),0.003071812512334243,12.0,38.0,187.0
2023-12-28,pegged,calibration rejected (boundary-pegged),0.002383106013032421,12.0,36.0,183.0
2023-12-29,pegged,calibration rejected (boundary-pegged),0.003320861423462112,12.0,25.0,182.0
2024-01-02,pegged,calibration rejected (boundary-pegged),0.004002214642087916,12.0,36.0,183.0
2024-01-03,pegged,calibration rejected (boundary-pegged),0.0027848224638308094,12.0,31.0,183.0
2024-01-04,pegged,calibration rejected (boundary-pegged),0.002881801793468381,12.0,24.0,183.0
2024-01-05,pegged,calibration rejected (boundary-pegged),0.005123590890670009,12.0,40.0,181.0
2024-01-08,pegged,calibration rejected (boundary-pegged),0.0033291839032787806,12.0,31.0,182.0
2024-01-09,pegged,calibration rejected (boundary-pegged),0.0030958568209392126,12.0,26.0,182.0
2024-01-10,pegged,calibration rejected (boundary-pegged),0.002096319135854029,12.0,26.0,189.0
2024-01-11,pegged,calibration rejected (boundary-pegged),0.0033317246052971855,12.0,26.0,190.0
2024-01-12,pegged,calibration rejected (boundary-pegged),0.0044134988242690125,12.0,43.0,184.0
2024-01-17,pegged,calibration rejected (boundary-pegged),0.0035958882472809555,12.0,29.0,187.0
2024-01-18,pegged,calibration rejected (boundary-pegged),0.004684061281385481,12.0,36.0,184.0
2024-01-19,pegged,calibration rejected (boundary-pegged),0.004785997523769655,12.0,29.0,182.0
2024-01-25,pegged,calibration rejected (boundary-pegged),0.0022091208784617193,12.0,40.0,185.0
2024-01-29,pegged,calibration rejected (boundary-pegged),0.002038956446588898,12.0,33.0,183.0
2024-01-31,pegged,calibration rejected (boundary-pegged),0.002866596451641666,12.0,33.0,187.0
2024-02-02,pegged,calibration rejected (boundary-pegged),0.002089816605717666,12.0,29.0,183.0
2024-02-07,pegged,calibration rejected (boundary-pegged),0.002103058150448041,12.0,25.0,182.0
2024-02-08,pegged,calibration rejected (boundary-pegged),0.002508159155008864,12.0,45.0,185.0
2024-02-09,pegged,calibration rejected (boundary-pegged),0.001971132858403732,12.0,31.0,183.0
2024-02-12,pegged,calibration rejected (boundary-pegged),0.0027706117292209285,12.0,35.0,190.0
2024-02-13,pegged,calibration rejected (boundary-pegged),0.004785609423651533,12.0,25.0,182.0
2024-02-14,pegged,calibration rejected (boundary-pegged),0.0029075748778356818,12.0,36.0,183.0
2024-02-15,pegged,calibration rejected (boundary-pegged),0.0018887864090811736,12.0,44.0,185.0
2024-02-16,pegged,calibration rejected (boundary-pegged),0.003631571132006075,12.0,31.0,183.0
2024-02-22,pegged,calibration rejected (boundary-pegged),0.0020141046029571934,12.0,35.0,183.0
2024-02-23,pegged,calibration rejected (boundary-pegged),0.0024721852924042397,12.0,35.0,183.0
2024-02-26,pegged,calibration rejected (boundary-pegged),0.00249565352175302,12.0,34.0,187.0
2024-02-29,pegged,calibration rejected (boundary-pegged),0.002602940063569331,12.0,45.0,184.0
2024-03-01,pegged,calibration rejected (boundary-pegged),0.0028846919586479973,12.0,30.0,183.0
2024-03-04,pegged,calibration rejected (boundary-pegged),0.002565319600007694,12.0,41.0,184.0
2024-03-08,pegged,calibration rejected (boundary-pegged),0.004140391028706326,12.0,31.0,183.0
2024-03-12,pegged,calibration rejected (boundary-pegged),0.0032150810406683743,12.0,25.0,183.0
2024-03-13,pegged,calibration rejected (boundary-pegged),0.002606683902263405,12.0,31.0,182.0
2024-03-14,pegged,calibration rejected (boundary-pegged),0.0029283213164165802,12.0,25.0,186.0
2024-03-18,pegged,calibration rejected (boundary-pegged),0.0030695220942569047,12.0,30.0,186.0
2024-03-21,pegged,calibration rejected (boundary-pegged),0.0029497107774829516,12.0,36.0,191.0
2024-03-22,pegged,calibration rejected (boundary-pegged),0.004731922200492342,12.0,45.0,185.0
2024-03-25,pegged,calibration rejected (boundary-pegged),0.004134307597471986,12.0,32.0,182.0
2024-03-26,pegged,calibration rejected (boundary-pegged),0.004346466270032058,12.0,45.0,191.0
2024-03-27,pegged,calibration rejected (boundary-pegged),0.005495176796829034,12.0,44.0,185.0
2024-03-28,pegged,calibration rejected (boundary-pegged),0.00244715023800414,12.0,42.0,183.0
2024-04-01,pegged,calibration rejected (boundary-pegged),0.003335610651074963,12.0,47.0,188.0
2024-04-09,pegged,calibration rejected (boundary-pegged),0.004467220664084085,12.0,37.0,186.0
2024-04-11,pegged,calibration rejected (boundary-pegged),0.006500747381136275,12.0,32.0,183.0
2024-04-12,pegged,calibration rejected (boundary-pegged),0.006114327210494753,12.0,28.0,184.0
2024-04-15,pegged,calibration rejected (boundary-pegged),0.009993120730493356,12.0,25.0,182.0
2024-04-17,pegged,calibration rejected (boundary-pegged),0.0038258831598610107,12.0,33.0,186.0
2024-04-18,pegged,calibration rejected (boundary-pegged),0.00323993253827097,12.0,31.0,186.0
2024-04-22,pegged,calibration rejected (boundary-pegged),0.005239953375211268,12.0,25.0,185.0
2024-04-26,pegged,calibration rejected (boundary-pegged),0.002844471244137584,12.0,36.0,186.0
2024-04-30,pegged,calibration rejected (boundary-pegged),0.0037940177681798502,12.0,41.0,187.0
2024-05-01,pegged,calibration rejected (boundary-pegged),0.00543950143441883,12.0,31.0,184.0
2024-05-02,pegged,calibration rejected (boundary-pegged),0.00286401097455078,12.0,33.0,190.0
2024-05-03,pegged,calibration rejected (boundary-pegged),0.0048345778505756954,12.0,25.0,184.0
2024-05-06,pegged,calibration rejected (boundary-pegged),0.0017278433594323604,12.0,39.0,189.0
2024-05-13,pegged,calibration rejected (boundary-pegged),0.002714892220017638,12.0,33.0,184.0
2024-05-16,pegged,calibration rejected (boundary-pegged),0.0032608559340371146,12.0,36.0,185.0
2024-05-17,pegged,calibration rejected (boundary-pegged),0.003699915236442946,12.0,37.0,186.0
2024-05-20,pegged,calibration rejected (boundary-pegged),0.0020628933126036245,12.0,44.0,186.0
2024-05-21,pegged,calibration rejected (boundary-pegged),0.0021058059910587807,12.0,43.0,188.0
2024-05-23,pegged,calibration rejected (boundary-pegged),0.004867120952374358,12.0,33.0,183.0
2024-05-24,pegged,calibration rejected (boundary-pegged),0.005626095314059372,12.0,48.0,184.0
2024-05-28,pegged,calibration rejected (boundary-pegged),0.004815328410485575,12.0,34.0,186.0
2024-05-29,pegged,calibration rejected (boundary-pegged),0.004396576360771044,12.0,42.0,185.0
2024-05-31,pegged,calibration rejected (boundary-pegged),0.007219536875595973,12.0,19.0,180.0
2024-06-04,pegged,calibration rejected (boundary-pegged),0.0035661328468800046,12.0,39.0,184.0
2024-06-05,pegged,calibration rejected (boundary-pegged),0.003710812294543961,12.0,27.0,184.0
2024-06-06,pegged,calibration rejected (boundary-pegged),0.00317265362637827,12.0,32.0,183.0
2024-06-10,pegged,calibration rejected (boundary-pegged),0.002648646894456573,12.0,40.0,184.0
2024-06-13,pegged,calibration rejected (boundary-pegged),0.0027827831300924143,12.0,40.0,187.0
2024-06-14,pegged,calibration rejected (boundary-pegged),0.0036510940257584875,12.0,32.0,184.0
2024-06-17,pegged,calibration rejected (boundary-pegged),0.0034012965695521817,12.0,31.0,184.0
2024-06-18,pegged,calibration rejected (boundary-pegged),0.003180919885515824,12.0,32.0,182.0
2024-06-20,pegged,calibration rejected (boundary-pegged),0.0023320423620841416,12.0,41.0,184.0
2024-06-21,pegged,calibration rejected (boundary-pegged),0.0037685355830328537,12.0,32.0,186.0
2024-06-24,pegged,calibration rejected (boundary-pegged),0.0021608575239323163,12.0,40.0,183.0
2024-06-25,pegged,calibration rejected (boundary-pegged),0.002581698295551609,12.0,41.0,185.0
2024-06-26,pegged,calibration rejected (boundary-pegged),0.0035003020742616583,12.0,39.0,184.0
2024-06-27,pegged,calibration rejected (boundary-pegged),0.0034576929582735595,12.0,41.0,184.0
2024-06-28,pegged,calibration rejected (boundary-pegged),0.0041707037147512465,12.0,27.0,182.0
2024-07-01,pegged,calibration rejected (boundary-pegged),0.004905997762696966,12.0,44.0,189.0
2024-07-02,pegged,calibration rejected (boundary-pegged),0.0037394688651045224,12.0,34.0,184.0
2024-07-03,pegged,calibration rejected (boundary-pegged),0.0026556663217711944,12.0,32.0,186.0
2024-07-05,pegged,calibration rejected (boundary-pegged),0.0023470331701530697,12.0,36.0,184.0
2024-07-08,pegged,calibration rejected (boundary-pegged),0.0018762639481198489,12.0,38.0,184.0
2024-07-09,pegged,calibration rejected (boundary-pegged),0.0018232510022695909,12.0,57.0,188.0
2024-07-10,pegged,calibration rejected (boundary-pegged),0.002873861883263125,12.0,27.0,182.0
2024-07-11,pegged,calibration rejected (boundary-pegged),0.0023891631831885547,12.0,28.0,182.0
2024-07-12,pegged,calibration rejected (boundary-pegged),0.003804666731321683,12.0,28.0,190.0
2024-07-16,pegged,calibration rejected (boundary-pegged),0.002396865809384162,12.0,40.0,185.0
2024-07-19,pegged,calibration rejected (boundary-pegged),0.006610389472302534,12.0,33.0,183.0
2024-07-25,pegged,calibration rejected (boundary-pegged),0.005760044616718937,12.0,27.0,181.0
2024-07-29,pegged,calibration rejected (boundary-pegged),0.0028007043769156287,12.0,47.0,186.0
2024-07-30,pegged,calibration rejected (boundary-pegged),0.005242647139576103,12.0,33.0,185.0
2024-07-31,pegged,calibration rejected (boundary-pegged),0.0032792104530420564,12.0,34.0,185.0
2024-08-05,iv_miss,calibration rejected (iv_rmse=0.0353 > 0.02),0.03531825554156793,12.0,31.0,187.0
2024-08-08,pegged,calibration rejected (boundary-pegged),0.009075903861173186,12.0,45.0,185.0
2024-08-09,pegged,calibration rejected (boundary-pegged),0.0077131250213143265,12.0,32.0,191.0
2024-08-12,pegged,calibration rejected (boundary-pegged),0.005043640303460083,12.0,31.0,182.0
2024-08-13,pegged,calibration rejected (boundary-pegged),0.00413807457150734,12.0,29.0,184.0
2024-08-16,pegged,calibration rejected (boundary-pegged),0.004715844270623632,12.0,32.0,187.0
2024-08-19,pegged,calibration rejected (boundary-pegged),0.004682979746262993,12.0,38.0,185.0
2024-08-21,pegged,calibration rejected (boundary-pegged),0.004328200153177816,12.0,44.0,184.0
2024-08-22,pegged,calibration rejected (boundary-pegged),0.005917688469900827,12.0,35.0,186.0
2024-08-23,pegged,calibration rejected (boundary-pegged),0.0057727994671951735,12.0,37.0,184.0
2024-08-26,pegged,calibration rejected (boundary-pegged),0.004295290873803605,12.0,33.0,184.0
2024-08-27,pegged,calibration rejected (boundary-pegged),0.0052813464885960015,12.0,40.0,182.0
2024-08-30,pegged,calibration rejected (boundary-pegged),0.004484016328016339,12.0,25.0,182.0
2024-09-03,pegged,calibration rejected (boundary-pegged),0.007891238784712602,12.0,29.0,184.0
2024-09-04,pegged,calibration rejected (boundary-pegged),0.005165579699239785,12.0,44.0,185.0
2024-09-05,pegged,calibration rejected (boundary-pegged),0.006348917909217969,12.0,31.0,183.0
2024-09-06,pegged,calibration rejected (boundary-pegged),0.01002230529447633,12.0,23.0,185.0
2024-09-09,pegged,calibration rejected (boundary-pegged),0.005012071103564334,12.0,35.0,183.0
2024-09-10,pegged,calibration rejected (boundary-pegged),0.005301658914238149,12.0,29.0,185.0
2024-09-11,pegged,calibration rejected (boundary-pegged),0.009832952325040006,12.0,28.0,182.0
2024-09-12,pegged,calibration rejected (boundary-pegged),0.005157459193923275,12.0,36.0,183.0
2024-09-16,pegged,calibration rejected (boundary-pegged),0.004577898901277027,12.0,26.0,183.0
2024-09-17,pegged,calibration rejected (boundary-pegged),0.004630458952035146,12.0,30.0,187.0
2024-09-18,pegged,calibration rejected (boundary-pegged),0.00557542031504928,12.0,32.0,183.0
2024-09-19,pegged,calibration rejected (boundary-pegged),0.005076244145322401,12.0,28.0,183.0
2024-09-20,pegged,calibration rejected (boundary-pegged),0.004843999832057885,12.0,33.0,187.0
2024-09-23,pegged,calibration rejected (boundary-pegged),0.005618280374480792,12.0,29.0,183.0
2024-09-24,pegged,calibration rejected (boundary-pegged),0.006552173117809974,12.0,44.0,184.0
2024-09-26,pegged,calibration rejected (boundary-pegged),0.00539060091595925,12.0,29.0,184.0
2024-09-27,pegged,calibration rejected (boundary-pegged),0.0057071404683938405,12.0,30.0,186.0
2024-09-30,pegged,calibration rejected (boundary-pegged),0.007470590192127459,12.0,35.0,189.0
2024-10-01,pegged,calibration rejected (boundary-pegged),0.007367457143955685,12.0,34.0,183.0
2024-10-02,pegged,calibration rejected (boundary-pegged),0.007063280181983245,12.0,34.0,182.0
2024-10-03,pegged,calibration rejected (boundary-pegged),0.00660604064703911,12.0,35.0,183.0
2024-10-04,pegged,calibration rejected (boundary-pegged),0.007175447494418156,12.0,38.0,182.0
2024-10-07,pegged,calibration rejected (boundary-pegged),0.007392500002425186,12.0,32.0,183.0
2024-10-08,pegged,calibration rejected (boundary-pegged),0.007303465258229296,12.0,36.0,186.0
2024-10-09,pegged,calibration rejected (boundary-pegged),0.00681823399449858,12.0,36.0,184.0
2024-10-10,pegged,calibration rejected (boundary-pegged),0.009564350721908584,12.0,39.0,185.0
2024-10-11,pegged,calibration rejected (boundary-pegged),0.01004100273327701,12.0,27.0,186.0
2024-10-14,pegged,calibration rejected (boundary-pegged),0.008621727366059945,12.0,27.0,182.0
2024-10-15,pegged,calibration rejected (boundary-pegged),0.007496909771251436,12.0,50.0,185.0
