strike,maturity_days,moneyness,implied_vol
960.2086,30,0.75,0.329044632038786
973.0114,30,0.76,0.32510626464959874
985.8141,30,0.77,0.3211498967732299
998.6169,30,0.78,0.31717440106650485
1011.4197,30,0.79,0.3131765795068698
1024.2225,30,0.8,0.3091541692312415
1037.0253,30,0.81,0.30510418359738994
1049.828,30,0.82,0.3010243479044058
1062.6308,30,0.83,0.29691092573193895
1075.4336,30,0.84,0.2927611520706944
1088.2364,30,0.85,0.2885710106690538
1101.0392,30,0.86,0.2843372720305508
1113.8419,30,0.87,0.2800554319507699
1126.6447,30,0.88,0.2757209330736193
1139.4475,30,0.89,0.2713289114048077
1152.2503,30,0.9,0.2668740688855194
1165.0531,30,0.91,0.26235040935798215
1177.8559,30,0.92,0.25775126187654407
1190.6586,30,0.93,0.25306946271411207
1203.4614,30,0.94,0.2482959922331675
1216.2642,30,0.95,0.2434226313125477
1229.067,30,0.96,0.23843797886768636
1241.8698,30,0.97,0.23333100437690116
1254.6725,30,0.98,0.22808698576443184
1267.4753,30,0.99,0.22269109423255973
1280.2781,30,1.0,0.2171253492325833
1293.0809,30,1.01,0.21136945918495742
1305.8837,30,1.02,0.20540088171911144
1318.6864,30,1.03,0.1991949480495091
1331.4892,30,1.04,0.1927279826291348
1344.292,30,1.05,0.18598253269725193
1357.0948,30,1.06,0.1789643014356208
1369.8976,30,1.07,0.17173243334623858
1382.7003,30,1.08,0.16444140160306805
1395.5031,30,1.09,0.1573574502382132
1408.3059,30,1.1,0.15079811518051986
1421.1087,30,1.11,0.14501472273645916
1433.9115,30,1.12,0.14011978516972556
1446.7143,30,1.13,0.13609691425976675
1459.517,30,1.14,0.13285617951810097
1472.3198,30,1.15,0.13028132899562045
1485.1226,30,1.16,0.12825768983434996
1497.9254,30,1.17,0.1266855039904958
1510.7282,30,1.18,0.12548062267968194
1523.5309,30,1.19,0.12457458821655654
1536.3337,30,1.2,0.12391253997558443
960.2086,35,0.75,0.32888169998650757
973.0114,35,0.76,0.32494638938567444
985.8141,35,0.77,0.3209937698245923
998.6169,35,0.78,0.31702154587700854
1011.4197,35,0.79,0.31302731830675506
1024.2225,35,0.8,0.30900851870224394
1037.0253,35,0.81,0.30496261481130665
1049.828,35,0.82,0.3008863956982141
1062.6308,35,0.83,0.2967771536499538
1075.4336,35,0.84,0.292631292698128
1088.2364,35,0.85,0.28844585169427744
1101.0392,35,0.86,0.2842165381135264
1113.8419,35,0.87,0.2799391443091006
1126.6447,35,0.88,0.27560982850386495
1139.4475,35,0.89,0.27122308676867923
1152.2503,35,0.9,0.26677375539662795
1165.0531,35,0.91,0.2622558660656993
1177.8559,35,0.92,0.2576628225309338
1190.6586,35,0.93,0.25298730418434034
1203.4614,35,0.94,0.24822107275599706
1216.2642,35,0.95,0.24335488370789324
1229.067,35,0.96,0.23837826038496104
1241.8698,35,0.97,0.23327930108514397
1254.6725,35,0.98,0.2280445840884757
1267.4753,35,0.99,0.22265846108787918
1280.2781,35,1.0,0.21710327255834166
1293.0809,35,1.01,0.2113588402695891
1305.8837,35,1.02,0.20540267875766638
1318.6864,35,1.03,0.19921047082570165
1331.4892,35,1.04,0.19275892596099625
1344.292,35,1.05,0.18603261619025138
1357.0948,35,1.06,0.17904042526607652
1369.8976,35,1.07,0.1718460160054057
1382.7003,35,1.08,0.1646060477886749
1395.5031,35,1.09,0.1575814273790011
1408.3059,35,1.1,0.15107780855197592
1421.1087,35,1.11,0.14533767804455203
1433.9115,35,1.12,0.14046994857955983
1446.7143,35,1.13,0.13646018266669113
1459.517,35,1.14,0.1332217795949003
1472.3198,35,1.15,0.13064192675103833
1485.1226,35,1.16,0.12860931306620543
1497.9254,35,1.17,0.12702491447784006
1510.7282,35,1.18,0.12580629253161707
1523.5309,35,1.19,0.12488643594789745
1536.3337,35,1.2,0.1242102445113843
960.2086,40,0.75,0.3287182082631162
973.0114,40,0.76,0.3247861687998778
985.8141,40,0.77,0.3208370296849597
998.6169,40,0.78,0.3168679681452481
1011.4197,40,0.79,0.3128773609509458
1024.2225,40,0.8,0.30886214425889874
1037.0253,40,0.81,0.30481995047618704
1049.828,40,0.82,0.30074772585651544
1062.6308,40,0.83,0.2966422342066146
1075.4336,40,0.84,0.292500949783769
1088.2364,40,0.85,0.2883196789427773
1101.0392,40,0.86,0.28409465466314665
1113.8419,40,0.87,0.2798221972266126
1126.6447,40,0.88,0.27549777836776557
1139.4475,40,0.89,0.2711162065991634
1152.2503,40,0.9,0.26667231445210726
1165.0531,40,0.91,0.26216000850156285
1177.8559,40,0.92,0.25757315987121066
1190.6586,40,0.93,0.2529039231029492
1203.4614,40,0.94,0.24814461486786146
1216.2642,40,0.95,0.2432856368815245
1229.067,40,0.96,0.23831677661083622
1241.8698,40,0.97,0.23322618223019112
1254.6725,40,0.98,0.2280004243434098
1267.4753,40,0.99,0.22262389183788867
1280.2781,40,1.0,0.21707917566734147
1293.0809,40,1.01,0.21134617086745167
1305.8837,40,1.02,0.20540258851652224
1318.6864,40,1.03,0.1992246236300524
1331.4892,40,1.04,0.19279003536791114
1344.292,40,1.05,0.18608561745163
1357.0948,40,1.06,0.17912415587125757
1369.8976,40,1.07,0.17197331873506735
1382.7003,40,1.08,0.16478980105751465
1395.5031,40,1.09,0.15782737969031227
1408.3059,40,1.1,0.15137947336387467
1421.1087,40,1.11,0.1456795823930411
1433.9115,40,1.12,0.1408354202564446
1446.7143,40,1.13,0.13683526269589324
1459.517,40,1.14,0.13359625228619276
1472.3198,40,1.15,0.13100955193224761
1485.1226,40,1.16,0.1289658092247571
1497.9254,40,1.17,0.12736838332464434
1510.7282,40,1.18,0.1261355366377952
1523.5309,40,1.19,0.12520072935465443
1536.3337,40,1.2,0.12451014098433692
960.2086,45,0.75,0.32855415941947
973.0114,45,0.76,0.32462534267294146
985.8141,45,0.77,0.32067933033396956
998.6169,45,0.78,0.3167139508286187
1011.4197,45,0.79,0.3127267292370948
1024.2225,45,0.8,0.30871505482955147
1037.0253,45,0.81,0.3046766631853629
1049.828,45,0.82,0.3006084586985221
1062.6308,45,0.83,0.29650678709727657
1075.4336,45,0.84,0.2923696052394924
1088.2364,45,0.85,0.2881928187042133
1101.0392,45,0.86,0.2839723916162426
1113.8419,45,0.87,0.27970442353715186
1126.6447,45,0.88,0.27538467668644995
1139.4475,45,0.89,0.2710083129497874
1152.2503,45,0.9,0.26656970396188967
1165.0531,45,0.91,0.26206317678869784
1177.8559,45,0.92,0.25748214824816035
1190.6586,45,0.93,0.25281934560808483
1203.4614,45,0.94,0.24806663567888004
1216.2642,45,0.95,0.24321471744037895
1229.067,45,0.96,0.23825364664160134
1241.8698,45,0.97,0.2331712624666455
1254.6725,45,0.98,0.227954097510792
1267.4753,45,0.99,0.22258741286692146
1280.2781,45,1.0,0.21705314439459
1293.0809,45,1.01,0.21133166100828987
1305.8837,45,1.02,0.20540103174172572
1318.6864,45,1.03,0.1992382197045528
1331.4892,45,1.04,0.19282248126929777
1344.292,45,1.05,0.18614338020390298
1357.0948,45,1.06,0.1792172673603345
1369.8976,45,1.07,0.17211555762820224
1382.7003,45,1.08,0.1649931033525345
1395.5031,45,1.09,0.15809480629332662
1408.3059,45,1.1,0.15170135158880746
1421.1087,45,1.11,0.14603949745126985
1433.9115,45,1.12,0.14121549441131764
1446.7143,45,1.13,0.1372215715174978
1459.517,45,1.14,0.13397972718963447
1472.3198,45,1.15,0.13138405656895086
1485.1226,45,1.16,0.129327536586902
1497.9254,45,1.17,0.12771563063390207
1510.7282,45,1.18,0.12646771309051555
1523.5309,45,1.19,0.1255173737540736
1536.3337,45,1.2,0.12481169096679098
960.2086,50,0.75,0.3283895496662551
973.0114,50,0.76,0.3244639093830991
985.8141,50,0.77,0.3205209957610716
998.6169,50,0.78,0.31655918809419914
1011.4197,50,0.79,0.3125754141918035
1024.2225,50,0.8,0.3085674889823445
1037.0253,50,0.81,0.30453275870831314
1049.828,50,0.82,0.30046818733848607
1062.6308,50,0.83,0.29637070639447605
1075.4336,50,0.84,0.29223740145789434
1088.2364,50,0.85,0.2880647013141665
1101.0392,50,0.86,0.2838487074455136
1113.8419,50,0.87,0.279585360909861
1126.6447,50,0.88,0.2752708525017879
1139.4475,50,0.89,0.27089919735174417
1152.2503,50,0.9,0.2664659319290196
1165.0531,50,0.91,0.2619650165862747
1177.8559,50,0.92,0.25738976389392876
1190.6586,50,0.93,0.2527334199170081
1203.4614,50,0.94,0.247987231639378
1216.2642,50,0.95,0.2431425011661374
1229.067,50,0.96,0.2381891161982191
1241.8698,50,0.97,0.23311463601886834
1254.6725,50,0.98,0.22790636585150495
1267.4753,50,0.99,0.22254924151640443
1280.2781,50,1.0,0.21702541232817352
1293.0809,50,1.01,0.21131572480178534
1305.8837,50,1.02,0.2053986965408965
1318.6864,50,1.03,0.19925252406966643
1331.4892,50,1.04,0.19285796866780822
1344.292,50,1.05,0.18620761773550085
1357.0948,50,1.06,0.179321640956067
1369.8976,50,1.07,0.1722734608333135
1382.7003,50,1.08,0.16521544642105218
1395.5031,50,1.09,0.158382404692939
1408.3059,50,1.1,0.152043043707264
1421.1087,50,1.11,0.1464166243951552
1433.9115,50,1.12,0.1416095766456498
1446.7143,50,1.13,0.13761922039849453
1459.517,50,1.14,0.13437162062471975
1472.3198,50,1.15,0.13176460632051015
1485.1226,50,1.16,0.12969436159494
1497.9254,50,1.17,0.12806685635859033
1510.7282,50,1.18,0.1268028593603646
1523.5309,50,1.19,0.12583681867184615
1536.3337,50,1.2,0.12511559087004331
960.2086,55,0.75,0.3282246538593993
973.0114,55,0.76,0.3243019029916457
985.8141,55,0.77,0.32036250769707714
998.6169,55,0.78,0.3164038113852538
1011.4197,55,0.79,0.3124234545994749
1024.2225,55,0.8,0.30841917355085496
1037.0253,55,0.81,0.30438795747206876
1049.828,55,0.82,0.30032705096388956
1062.6308,55,0.83,0.29623362029143985
1075.4336,55,0.84,0.29210437196275596
1088.2364,55,0.85,0.28793581594873663
1101.0392,55,0.86,0.283724237742931
1113.8419,55,0.87,0.2794655942633242
1126.6447,55,0.88,0.2751554724522137
1139.4475,55,0.89,0.2707892124594686
1152.2503,55,0.9,0.26636078035548094
1165.0531,55,0.91,0.2618656029517728
1177.8559,55,0.92,0.25729629162741635
1190.6586,55,0.93,0.25264591887182225
1203.4614,55,0.94,0.2479063906782637
1216.2642,55,0.95,0.24306867988015657
1229.067,55,0.96,0.23812246867615613
1241.8698,55,0.97,0.23305640332995178
1254.6725,55,0.98,0.22785697517455586
1267.4753,55,0.99,0.222509168855482
1280.2781,55,1.0,0.21699638359961604
1293.0809,55,1.01,0.21129898241967737
1305.8837,55,1.02,0.2053964912685304
1318.6864,55,1.03,0.1992680630393418
1331.4892,55,1.04,0.19289724699534644
1344.292,55,1.05,0.18627943599069136
1357.0948,55,1.06,0.17943792185780708
1369.8976,55,1.07,0.17244731407932778
1382.7003,55,1.08,0.16545622185663578
1395.5031,55,1.09,0.15868905264721958
1408.3059,55,1.1,0.152402763307844
1421.1087,55,1.11,0.14680936655694385
1433.9115,55,1.12,0.142017149726805
1446.7143,55,1.13,0.13802733201813475
1459.517,55,1.14,0.13477181321311424
1472.3198,55,1.15,0.13215191173580235
1485.1226,55,1.16,0.13006592690272184
1497.9254,55,1.17,0.12842194816405844
1510.7282,55,1.18,0.1271410674537918
1523.5309,55,1.19,0.12615837602342025
1536.3337,55,1.2,0.12542090570576217
960.2086,60,0.75,0.3280586393497758
973.0114,60,0.76,0.32413950668036934
985.8141,60,0.77,0.3202031135188617
998.6169,60,0.78,0.3162477274795488
1011.4197,60,0.79,0.31227090704832366
1024.2225,60,0.8,0.30826998517135745
1037.0253,60,0.81,0.30424233398825035
1049.828,60,0.82,0.30018525074018576
1062.6308,60,0.83,0.29609569059230406
1075.4336,60,0.84,0.291970359214995
1088.2364,60,0.85,0.2878060494215726
1101.0392,60,0.86,0.2835988013468193
1113.8419,60,0.87,0.27934470346925083
1126.6447,60,0.88,0.2750392526406107
1139.4475,60,0.89,0.27067775778619413
1152.2503,60,0.9,0.2662549481353302
1165.0531,60,0.91,0.2617647735237544
1177.8559,60,0.92,0.25720126000553734
1190.6586,60,0.93,0.25255715889881025
1203.4614,60,0.94,0.24782394503104813
1216.2642,60,0.95,0.24299340546026316
1229.067,60,0.96,0.23805474026802906
1241.8698,60,0.97,0.23299673740851548
1254.6725,60,0.98,0.2278062176602879
1267.4753,60,0.99,0.22246835805632292
1280.2781,60,1.0,0.21696662575139172
1293.0809,60,1.01,0.21128222446033892
1305.8837,60,1.02,0.20539546789595597
1318.6864,60,1.03,0.1992870569411964
1331.4892,60,1.04,0.19294262312941202
1344.292,60,1.05,0.18636055000852936
1357.0948,60,1.06,0.17956688591285097
1369.8976,60,1.07,0.17263710485352296
1382.7003,60,1.08,0.1657146771350201
1395.5031,60,1.09,0.15901380335625148
1408.3059,60,1.1,0.15277951331491552
1421.1087,60,1.11,0.14721758297272355
1433.9115,60,1.12,0.14243738408400547
1446.7143,60,1.13,0.13844606180852062
1459.517,60,1.14,0.13518026408720354
1472.3198,60,1.15,0.1325454597128543
1485.1226,60,1.16,0.13044272134431756
1497.9254,60,1.17,0.1287808018474865
1510.7282,60,1.18,0.1274824052857911
1523.5309,60,1.19,0.12648253205213023
1536.3337,60,1.2,0.12572859838929784
960.2086,65,0.75,0.32789220162149285
973.0114,65,0.76,0.32397610064531646
985.8141,65,0.77,0.32004308511551915
998.6169,65,0.78,0.31609117795124647
1011.4197,65,0.79,0.31211753145335774
1024.2225,65,0.8,0.30812005225280065
1037.0253,65,0.81,0.3040960385544838
1049.828,65,0.82,0.30004266062561896
1062.6308,65,0.83,0.2959570903374435
1075.4336,65,0.84,0.29183564481401064
1088.2364,65,0.85,0.2876753494720305
1101.0392,65,0.86,0.28347257058273956
1113.8419,65,0.87,0.2792227425423851
1126.6447,65,0.88,0.2749218676658754
1139.4475,65,0.89,0.2705655886381185
1152.2503,65,0.9,0.2661476988564954
1165.0531,65,0.91,0.2616631325821492
1177.8559,65,0.92,0.25710537395382976
1190.6586,65,0.93,0.2524671410726959
1203.4614,65,0.94,0.24774057537201535
1216.2642,65,0.95,0.24291684619159695
1229.067,65,0.96,0.2379857483349695
1241.8698,65,0.97,0.23293592935941596
1254.6725,65,0.98,0.2277545015100412
1267.4753,65,0.99,0.22242688853212786
1280.2781,65,1.0,0.21693683788199053
1293.0809,65,1.01,0.21126635484650752
1305.8837,65,1.02,0.20539673875931333
1318.6864,65,1.03,0.19931033149214833
1331.4892,65,1.04,0.19299496895557802
1344.292,65,1.05,0.18645184576160942
1357.0948,65,1.06,0.17970946822688624
1369.8976,65,1.07,0.17284262605735598
1382.7003,65,1.08,0.16599007738048271
1395.5031,65,1.09,0.1593554518606843
1408.3059,65,1.1,0.1531722831810539
1421.1087,65,1.11,0.1476400631406526
1433.9115,65,1.12,0.14287012457812576
1446.7143,65,1.13,0.1388750285368062
1459.517,65,1.14,0.13559681223142098
1472.3198,65,1.15,0.13294559109788412
1485.1226,65,1.16,0.13082454153295492
1497.9254,65,1.17,0.129143831078404
1510.7282,65,1.18,0.12782661424275965
1523.5309,65,1.19,0.12680915479348395
1536.3337,65,1.2,0.12603828548792922
960.2086,70,0.75,0.32772548599329904
973.0114,70,0.76,0.32381225782610135
985.8141,70,0.77,0.31988241722048877
998.6169,70,0.78,0.31593363045643624
1011.4197,70,0.79,0.3119634429065907
1024.2225,70,0.8,0.3079694426652944
1037.0253,70,0.81,0.3039489494871526
1049.828,70,0.82,0.2998993184409052
1062.6308,70,0.83,0.29581733733769516
1075.4336,70,0.84,0.29169987533825786
1088.2364,70,0.85,0.2875437947193954
1101.0392,70,0.86,0.2833450857122953
1113.8419,70,0.87,0.2790998298687998
1126.6447,70,0.88,0.2748037044759839
1139.4475,70,0.89,0.27045197365489354
1152.2503,70,0.9,0.2660394405407238
1165.0531,70,0.91,0.2615601997604722
1177.8559,70,0.92,0.25700810135769603
1190.6586,70,0.93,0.25237598539018696
1203.4614,70,0.94,0.24765596733212963
1216.2642,70,0.95,0.2428393086505561
1229.067,70,0.96,0.23791576594409072
1241.8698,70,0.97,0.2328743579639914
1254.6725,70,0.98,0.2277023229882126
1267.4753,70,0.99,0.2223854138558833
1280.2781,70,1.0,0.21690780824764241
1293.0809,70,1.01,0.21125233129854087
1305.8837,70,1.02,0.20540140567304377
1318.6864,70,1.03,0.19933907041202667
1331.4892,70,1.04,0.1930553668746331
1344.292,70,1.05,0.18655403428853282
1357.0948,70,1.06,0.17986538570186036
1369.8976,70,1.07,0.17306340052149713
1382.7003,70,1.08,0.16628131500445917
1395.5031,70,1.09,0.15971244264786505
1408.3059,70,1.1,0.15357942060169238
1421.1087,70,1.11,0.14807600709435914
1433.9115,70,1.12,0.1433146226075876
1446.7143,70,1.13,0.13931357237503733
1459.517,70,1.14,0.13602143007779408
1472.3198,70,1.15,0.13335210507896728
1485.1226,70,1.16,0.13121110984786927
1497.9254,70,1.17,0.12951072456876334
1510.7282,70,1.18,0.1281743290760536
1523.5309,70,1.19,0.1271384807382978
1536.3337,70,1.2,0.1263499982076714
960.2086,75,0.75,0.32755781649421306
973.0114,75,0.76,0.32364779843402125
985.8141,75,0.77,0.3197211536981862
998.6169,75,0.78,0.31577553522220686
1011.4197,75,0.79,0.3118086878971871
1024.2225,75,0.8,0.30781792468808744
1037.0253,75,0.81,0.3038011801688296
1049.828,75,0.82,0.29975499089647367
1062.6308,75,0.83,0.29567692391064915
1075.4336,75,0.84,0.29156346814521666
1088.2364,75,0.85,0.28741137634744335
1101.0392,75,0.86,0.2832168242430344
1113.8419,75,0.87,0.2789758973919439
1126.6447,75,0.88,0.27468466549173604
1139.4475,75,0.89,0.27033753369714875
1152.2503,75,0.9,0.26592999595758526
1165.0531,75,0.91,0.2614564244592985
1177.8559,75,0.92,0.25690986776415453
1190.6586,75,0.93,0.2522839891374573
1203.4614,75,0.94,0.24757044612065462
1216.2642,75,0.95,0.24276065696764113
1229.067,75,0.96,0.2378452014062588
1241.8698,75,0.97,0.23281249495241266
1254.6725,75,0.98,0.22765025450142817
1267.4753,75,0.99,0.22234464482974547
1280.2781,75,1.0,0.21688036912414305
1293.0809,75,1.01,0.21124111163989634
1305.8837,75,1.02,0.2054105059469608
1318.6864,75,1.03,0.19937431429835045
1331.4892,75,1.04,0.19312466635153397
1344.292,75,1.05,0.18666759313929132
1357.0948,75,1.06,0.18003456687299324
1369.8976,75,1.07,0.17329877350775813
1382.7003,75,1.08,0.1665874139471884
1395.5031,75,1.09,0.16008393826289072
1408.3059,75,1.1,0.15400011665087832
1421.1087,75,1.11,0.14852437461067425
1433.9115,75,1.12,0.14377040828861487
1446.7143,75,1.13,0.13976196424912368
1459.517,75,1.14,0.13645375545511343
1472.3198,75,1.15,0.1337648216436428
1485.1226,75,1.16,0.13160316213634837
1497.9254,75,1.17,0.12988150955416233
1510.7282,75,1.18,0.12852514293188894
1523.5309,75,1.19,0.12746987473220786
1536.3337,75,1.2,0.12666386013120157
960.2086,80,0.75,0.32738969052427047
973.0114,80,0.76,0.3234827371202933
985.8141,80,0.77,0.31955917505573456
998.6169,80,0.78,0.3156167927145187
1011.4197,80,0.79,0.31165324728256133
1024.2225,80,0.8,0.30766605770545286
1037.0253,80,0.81,0.3036527701586816
1049.828,80,0.82,0.29961015721259465
1062.6308,80,0.83,0.29553570067555285
1075.4336,80,0.84,0.29142633360193004
1088.2364,80,0.85,0.2872780224857987
1101.0392,80,0.86,0.2830877066927694
1113.8419,80,0.87,0.27885123626176056
1126.6447,80,0.88,0.27456433195788155
1139.4475,80,0.89,0.2702222196254869
1152.2503,80,0.9,0.2658198179362248
1165.0531,80,0.91,0.2613514810924125
1177.8559,80,0.92,0.2568108383440233
1190.6586,80,0.93,0.25219092468836163
1203.4614,80,0.94,0.24748432323187255
1216.2642,80,0.95,0.24268195331483802
1229.067,80,0.96,0.23777448500261766
1241.8698,80,0.97,0.2327510292081955
1254.6725,80,0.98,0.2275989196264646
1267.4753,80,0.99,0.2223053203464613
1280.2781,80,1.0,0.216855356311871
1293.0809,80,1.01,0.21123361163428528
1305.8837,80,1.02,0.2054250550361296
1318.6864,80,1.03,0.1994168919496357
1331.4892,80,1.04,0.1932035065360503
1344.292,80,1.05,0.18679279103279184
1357.0948,80,1.06,0.18021740932955074
1369.8976,80,1.07,0.1735481895225934
1382.7003,80,1.08,0.16690721711676815
1395.5031,80,1.09,0.16046854329801918
1408.3059,80,1.1,0.15443379893500797
1421.1087,80,1.11,0.14898498772713725
1433.9115,80,1.12,0.14423697456805795
1446.7143,80,1.13,0.14021978692888487
1459.517,80,1.14,0.13689447490640352
1472.3198,80,1.15,0.13418414603996254
1485.1226,80,1.16,0.13199978819356487
1497.9254,80,1.17,0.13025659509204335
1510.7282,80,1.18,0.1288793350299632
1523.5309,80,1.19,0.127804278465561
1536.3337,80,1.2,0.12697953655015473
960.2086,85,0.75,0.32722097642126224
973.0114,85,0.76,0.32331705186893545
985.8141,85,0.77,0.31939659336673276
998.6169,85,0.78,0.31545739903640235
1011.4197,85,0.79,0.3114971216155024
1024.2225,85,0.8,0.3075133479146088
1037.0253,85,0.81,0.30350334589614403
1049.828,85,0.82,0.2994644081314133
1062.6308,85,0.83,0.29539375173348004
1075.4336,85,0.84,0.2912880495042816
1088.2364,85,0.85,0.28714392679987855
1101.0392,85,0.86,0.2829577345159937
1113.8419,85,0.87,0.2787254891661831
1126.6447,85,0.88,0.27444339060966244
1139.4475,85,0.89,0.2701060266143639
1152.2503,85,0.9,0.265708895140917
1165.0531,85,0.91,0.261246002044791
1177.8559,85,0.92,0.25671124885274577
1190.6586,85,0.93,0.2520977425638426
1203.4614,85,0.94,0.24739794533780982
1216.2642,85,0.95,0.24260318574298068
1229.067,85,0.96,0.23770409539888523
1241.8698,85,0.97,0.2326897634174573
1254.6725,85,0.98,0.22754896717372658
1267.4753,85,0.99,0.2222681791762738
1280.2781,85,1.0,0.2168335763787105
1293.0809,85,1.01,0.21123067518898486
1305.8837,85,1.02,0.2054458096575294
1318.6864,85,1.03,0.19946752011032184
1331.4892,85,1.04,0.19329233786766775
1344.292,85,1.05,0.186929496339319
1357.0948,85,1.06,0.18041286191222172
1369.8976,85,1.07,0.1738110042175612
1382.7003,85,1.08,0.16724036164919184
1395.5031,85,1.09,0.16086569205122023
1408.3059,85,1.1,0.15487902806010703
1421.1087,85,1.11,0.1494562133275012
1433.9115,85,1.12,0.14471374954465732
1446.7143,85,1.13,0.14068678809776786
1459.517,85,1.14,0.13734282858390834
1472.3198,85,1.15,0.13460972002355703
1485.1226,85,1.16,0.13240209860067517
1497.9254,85,1.17,0.13063589165824907
1510.7282,85,1.18,0.12923653607408608
1523.5309,85,1.19,0.12814131683945038
1536.3337,85,1.2,0.12729775485773426
960.2086,90,0.75,0.32705169014037044
973.0114,90,0.76,0.3231507649996742
985.8141,90,0.77,0.3192333999920289
998.6169,90,0.78,0.3152973188415985
1011.4197,90,0.79,0.3113403617146509
1024.2225,90,0.8,0.3073596477167273
1037.0253,90,0.81,0.3033533941365805
1049.828,90,0.82,0.29931810106521567
1062.6308,90,0.83,0.2952511814855379
1075.4336,90,0.84,0.2911492261944114
1088.2364,90,0.85,0.28700913820963875
1101.0392,90,0.86,0.28282720871123984
1113.8419,90,0.87,0.27859956830454613
1126.6447,90,0.88,0.27432183991399817
1139.4475,90,0.89,0.26998949062040223
1152.2503,90,0.9,0.2655976014025281
1165.0531,90,0.91,0.2611401320334343
1177.8559,90,0.92,0.25661137925565686
1190.6586,90,0.93,0.2520044007549353
1203.4614,90,0.94,0.24731169559389893
1216.2642,90,0.95,0.24252482921324942
1229.067,90,0.96,0.23763454149196314
1241.8698,90,0.97,0.2326303100333723
1254.6725,90,0.98,0.2275010475327382
1267.4753,90,0.99,0.2222339360093975
1280.2781,90,1.0,0.21681578250744293
1293.0809,90,1.01,0.21123305576420404
1305.8837,90,1.02,0.20547341536101066
1318.6864,90,1.03,0.19952673492347756
1331.4892,90,1.04,0.19339144578603396
1344.292,90,1.05,0.18707823747557875
1357.0948,90,1.06,0.18062087148578868
1369.8976,90,1.07,0.17408613886615257
1382.7003,90,1.08,0.16758531704671578
1395.5031,90,1.09,0.16127362682960855
1408.3059,90,1.1,0.15533441905427575
1421.1087,90,1.11,0.14993771614685136
1433.9115,90,1.12,0.1452002208570965
1446.7143,90,1.13,0.14116269359492806
1459.517,90,1.14,0.1377989700837557
1472.3198,90,1.15,0.1350421880322573
1485.1226,90,1.16,0.1328097476236397
1497.9254,90,1.17,0.13101930732995445
1510.7282,90,1.18,0.12959744262967401
1523.5309,90,1.19,0.12848098425361895
1536.3337,90,1.2,0.12761817164680805
960.2086,95,0.75,0.32688184191477937
973.0114,95,0.76,0.3229839136277464
985.8141,95,0.77,0.3190694109341393
998.6169,95,0.78,0.3151367518853531
1011.4197,95,0.79,0.3111830706411421
1024.2225,95,0.8,0.30720586717384096
1037.0253,95,0.81,0.3032028077230948
1049.828,95,0.82,0.2991709464941139
1062.6308,95,0.83,0.29510782870029373
1075.4336,95,0.84,0.2910098162959498
1088.2364,95,0.85,0.28687369201746477
1101.0392,95,0.86,0.2826959608739376
1113.8419,95,0.87,0.2784728364550856
1126.6447,95,0.88,0.27419994522152136
1139.4475,95,0.89,0.26987248197701824
1152.2503,95,0.9,0.26548578520664007
1165.0531,95,0.91,0.2610341270563234
1177.8559,95,0.92,0.25651176038985046
1190.6586,95,0.93,0.25191129718211236
1203.4614,95,0.94,0.24722611444079765
1216.2642,95,0.95,0.24244737404327527
1229.067,95,0.96,0.2375663453787767
1241.8698,95,0.97,0.23257276718728143
1254.6725,95,0.98,0.22745579292056334
1267.4753,95,0.99,0.22220326295976023
1280.2781,95,1.0,0.21680265840047597
1293.0809,95,1.01,0.21124140692417862
1305.8837,95,1.02,0.20550794145774232
1318.6864,95,1.03,0.19959492889389427
1331.4892,95,1.04,0.1935011527437455
1344.292,95,1.05,0.1872384299421837
1357.0948,95,1.06,0.18084092955343053
1369.8976,95,1.07,0.17437333933517854
1382.7003,95,1.08,0.1679414623406001
1395.5031,95,1.09,0.16169228265797353
1408.3059,95,1.1,0.15579965879402335
1421.1087,95,1.11,0.15042865262811286
1433.9115,95,1.12,0.1456959566452152
1446.7143,95,1.13,0.1416471401096349
1459.517,95,1.14,0.13826281309712596
1472.3198,95,1.15,0.135481095184973
1485.1226,95,1.16,0.13322259742886722
1497.9254,95,1.17,0.1314073148893509
1510.7282,95,1.18,0.1299619613256888
1523.5309,95,1.19,0.12882385326132917
1536.3337,95,1.2,0.12794091099795357
960.2086,100,0.75,0.3267114644628557
973.0114,100,0.76,0.32281654059957465
985.8141,100,0.77,0.31890529763808756
998.6169,100,0.78,0.3149756005982326
1011.4197,100,0.79,0.3110248716917256
1024.2225,100,0.8,0.30705122474824975
1037.0253,100,0.81,0.3030517115598148
1049.828,100,0.82,0.29902364431863854
1062.6308,100,0.83,0.2949640314860721
1075.4336,100,0.84,0.2908699223887313
1088.2364,100,0.85,0.2867379411276634
1101.0392,100,0.86,0.28256459380671417
1113.8419,100,0.87,0.27834580188450986
1126.6447,100,0.88,0.2740775203206366
1139.4475,100,0.89,0.2697553182054883
1152.2503,100,0.9,0.26537404271382314
1165.0531,100,0.91,0.2609282835777089
1177.8559,100,0.92,0.25641197209272415
1190.6586,100,0.93,0.2518188243908865
1203.4614,100,0.94,0.24714104643287688
1216.2642,100,0.95,0.24237126833158928
1229.067,100,0.96,0.23750002733496475
1241.8698,100,0.97,0.23251770948166087
1254.6725,100,0.98,0.22741380207170478
1267.4753,100,0.99,0.22217677659943696
1280.2781,100,1.0,0.21679480901467493
1293.0809,100,1.01,0.21125627980078746
1305.8837,100,1.02,0.20555083369123725
1318.6864,100,1.03,0.1996723666043855
1331.4892,100,1.04,0.19362074925545616
1344.292,100,1.05,0.1874098683695767
1357.0948,100,1.06,0.18107251218107487
1369.8976,100,1.07,0.17467160376715393
1382.7003,100,1.08,0.1683076403781553
1395.5031,100,1.09,0.16212001606205473
1408.3059,100,1.1,0.15627372846160054
1421.1087,100,1.11,0.15092826915565427
1433.9115,100,1.12,0.14620053596293162
1446.7143,100,1.13,0.14214005203611182
1459.517,100,1.14,0.13873425554564955
1472.3198,100,1.15,0.13592661964536829
1485.1226,100,1.16,0.13364132775818735
1497.9254,100,1.17,0.13179995212099108
1510.7282,100,1.18,0.13033010185303723
1523.5309,100,1.19,0.12916958427363356
1536.3337,100,1.2,0.12826600615531275
960.2086,105,0.75,0.3265406022901662
973.0114,105,0.76,0.3226486086125184
985.8141,105,0.77,0.318740490224531
998.6169,105,0.78,0.31481405291801173
1011.4197,105,0.79,0.3108666521049775
1024.2225,105,0.8,0.3068962429572431
1037.0253,105,0.81,0.3029003432654082
1049.828,105,0.82,0.29887565709221786
1062.6308,105,0.83,0.29481985362600266
1075.4336,105,0.84,0.29072958611172134
1088.2364,105,0.85,0.2866018367807961
1101.0392,105,0.86,0.2824327780225903
1113.8419,105,0.87,0.2782186388370271
1126.6447,105,0.88,0.27395529761392023
1139.4475,105,0.89,0.2696384118082478
1152.2503,105,0.9,0.2652625966704056
1165.0531,105,0.91,0.2608229199227287
1177.8559,105,0.92,0.2563133012303351
1190.6586,105,0.93,0.25172737822444174
1203.4614,105,0.94,0.2470577860878527
1216.2642,105,0.95,0.2422970061169408
1229.067,105,0.96,0.23743609330558518
1241.8698,105,0.97,0.23246567914128938
1254.6725,105,0.98,0.22737562924559154
1267.4753,105,0.99,0.22215502993394654
1280.2781,105,1.0,0.21679275669226086
1293.0809,105,1.01,0.21127812544924612
1305.8837,105,1.02,0.2056019248842512
1318.6864,105,1.03,0.19975920139411593
1331.4892,105,1.04,0.19375117939806852
1344.292,105,1.05,0.18759225725913098
1357.0948,105,1.06,0.18131507737999072
1369.8976,105,1.07,0.17498026141611242
1382.7003,105,1.08,0.168683340159948
1395.5031,105,1.09,0.16255625836426169
1408.3059,105,1.1,0.15675567959360281
1421.1087,105,1.11,0.15143593054131776
1433.9115,105,1.12,0.14671275298835693
1446.7143,105,1.13,0.14264087911362278
1459.517,105,1.14,0.1392131627846845
1472.3198,105,1.15,0.13637877627867298
1485.1226,105,1.16,0.1340656006688711
1497.9254,105,1.17,0.132197006254236
1510.7282,105,1.18,0.1307020844272191
1523.5309,105,1.19,0.12951856795039338
1536.3337,105,1.2,0.12859385411748678
960.2086,110,0.75,0.3263691530535139
973.0114,110,0.76,0.32248022356443823
985.8141,110,0.77,0.3185752932670698
998.6169,110,0.78,0.3146516989366629
1011.4197,110,0.79,0.3107078333347141
1024.2225,110,0.8,0.30674083829883847
1037.0253,110,0.81,0.3027482895682694
1049.828,110,0.82,0.298727408849953
1062.6308,110,0.83,0.2946754282023985
1075.4336,110,0.84,0.29058924650212864
1088.2364,110,0.85,0.2864657356056493
1101.0392,110,0.86,0.28230098357628153
1113.8419,110,0.87,0.27809133903800853
1126.6447,110,0.88,0.27383325318209545
1139.4475,110,0.89,0.2695216373532943
1152.2503,110,0.9,0.26515173292581057
1165.0531,110,0.91,0.26071836646663754
1177.8559,110,0.92,0.256215678638017
1190.6586,110,0.93,0.25163735421356
1203.4614,110,0.94,0.24697630411958615
1216.2642,110,0.95,0.24222504312933688
1229.067,110,0.96,0.23737502505132155
1241.8698,110,0.97,0.23241717889562086
1254.6725,110,0.98,0.22734177707106146
1267.4753,110,0.99,0.22213850842006702
1280.2781,110,1.0,0.21679694131239252
1293.0809,110,1.01,0.211307300430069
1305.8837,110,1.02,0.20566144692480426
1318.6864,110,1.03,0.19985549171732608
1331.4892,110,1.04,0.19389181622982674
1344.292,110,1.05,0.18778524367790372
1357.0948,110,1.06,0.1815680735438746
1369.8976,110,1.07,0.17529886826880503
1382.7003,110,1.08,0.16906772001982204
1395.5031,110,1.09,0.16300015622945116
1408.3059,110,1.1,0.157245126033793
1421.1087,110,1.11,0.15195100021408303
1433.9115,110,1.12,0.14723280701599598
1446.7143,110,1.13,0.14314933629541066
1459.517,110,1.14,0.13969963138860972
1472.3198,110,1.15,0.13683756029264244
1485.1226,110,1.16,0.13449562277055524
1497.9254,110,1.17,0.1325992753988119
1510.7282,110,1.18,0.13107831191856167
1523.5309,110,1.19,0.12987070691420563
1536.3337,110,1.2,0.12892424154853577
960.2086,115,0.75,0.3261976348743202
973.0114,115,0.76,0.32231168539423866
985.8141,115,0.77,0.318409835920808
998.6169,115,0.78,0.31448939502485473
1011.4197,115,0.79,0.31054877264508773
1024.2225,115,0.8,0.30658530524284205
1037.0253,115,0.81,0.3025961553961093
1049.828,115,0.82,0.29857901142761856
1062.6308,115,0.83,0.29453077246784787
1075.4336,115,0.84,0.29044881619809443
1088.2364,115,0.85,0.2863294979750629
1101.0392,115,0.86,0.2821693918494084
1113.8419,115,0.87,0.27796477104159484
1126.6447,115,0.88,0.2737116829490864
1139.4475,115,0.89,0.2694056047419288
1152.2503,115,0.9,0.26504175660205054
1165.0531,115,0.91,0.2606151820370372
1177.8559,115,0.92,0.25611949165921777
1190.6586,115,0.93,0.251549141326898
1203.4614,115,0.94,0.24689703552320025
1216.2642,115,0.95,0.24215581399308667
1229.067,115,0.96,0.23731728663411647
1241.8698,115,0.97,0.23237266698312986
1254.6725,115,0.98,0.22731285153050282
1267.4753,115,0.99,0.22212762913026043
1280.2781,115,1.0,0.21680772327148065
1293.0809,115,1.01,0.21134407432780453
1305.8837,115,1.02,0.2057295431010669
1318.6864,115,1.03,0.19996121644296985
1331.4892,115,1.04,0.1940424637993936
1344.292,115,1.05,0.18798843751022895
1357.0948,115,1.06,0.1818309482855167
1369.8976,115,1.07,0.17562614231060106
1382.7003,115,1.08,0.16946005902193206
1395.5031,115,1.09,0.1634511692203437
1408.3059,115,1.1,0.15774098328342062
1421.1087,115,1.11,0.152472519915258
1433.9115,115,1.12,0.14775992891656706
1446.7143,115,1.13,0.14366519009555936
1459.517,115,1.14,0.1401927323792357
1472.3198,115,1.15,0.13730295207549337
1485.1226,115,1.16,0.1349314667647885
1497.9254,115,1.17,0.13300636242763042
1510.7282,115,1.18,0.1314582540753004
1523.5309,115,1.19,0.1302262912492505
1536.3337,115,1.2,0.12925763102021567
960.2086,120,0.75,0.3260256828247577
973.0114,120,0.76,0.3221427955670119
985.8141,120,0.77,0.3182437051042644
998.6169,120,0.78,0.3143268733508426
1011.4197,120,0.79,0.3103894366123999
1024.2225,120,0.8,0.30642941698598664
1037.0253,120,0.81,0.30244397742806384
1049.828,120,0.82,0.2984306153381693
1062.6308,120,0.83,0.2943864618121638
1075.4336,120,0.84,0.2903087786102851
1088.2364,120,0.85,0.28619362225320155
1101.0392,120,0.86,0.28203821841792653
1113.8419,120,0.87,0.2778386273223851
1126.6447,120,0.88,0.27359103594282674
1139.4475,120,0.89,0.2692905485310446
1152.2503,120,0.9,0.264932977776698
1165.0531,120,0.91,0.2605129074530392
1177.8559,120,0.92,0.25602510529612604
1190.6586,120,0.93,0.25146320080594403
1203.4614,120,0.94,0.2468203851509299
1216.2642,120,0.95,0.2420897261174242
1229.067,120,0.96,0.23726341642797702
1241.8698,120,0.97,0.2323325542040259
1254.6725,120,0.98,0.2272885730629834
1267.4753,120,0.99,0.22212274224319054
1280.2781,120,1.0,0.2168253883238436
1293.0809,120,1.01,0.21138863825565443
1305.8837,120,1.02,0.20580628012148683
1318.6864,120,1.03,0.20007628871759145
1331.4892,120,1.04,0.19420287474057374
1344.292,120,1.05,0.1882014253865349
1357.0948,120,1.06,0.18210315536219476
1369.8976,120,1.07,0.17596193533841845
1382.7003,120,1.08,0.16985950341212047
1395.5031,120,1.09,0.1639084523262792
1408.3059,120,1.1,0.1582427917849754
1421.1087,120,1.11,0.15300017738278973
1433.9115,120,1.12,0.14829342399258508
1446.7143,120,1.13,0.14418771135609096
1459.517,120,1.14,0.14069307243084458
1472.3198,120,1.15,0.13777489408820953
1485.1226,120,1.16,0.13537318864051456
1497.9254,120,1.17,0.1334185305389688
1510.7282,120,1.18,0.13184298575740497
1523.5309,120,1.19,0.13058556477759464
1536.3337,120,1.2,0.12959376221384608
960.2086,125,0.75,0.325853529082431
973.0114,125,0.76,0.3219737942399336
985.8141,125,0.77,0.31807787675860955
998.6169,125,0.78,0.3141641950515017
1011.4197,125,0.79,0.310230319888723
1024.2225,125,0.8,0.30627362581686646
1037.0253,125,0.81,0.302291891111456
1049.828,125,0.82,0.2982821692378384
1062.6308,125,0.83,0.29424230775176247
1075.4336,125,0.84,0.29016871861433596
1088.2364,125,0.85,0.28605826721504757
1101.0392,125,0.86,0.2819075247061471
1113.8419,125,0.87,0.27771327596912976
1126.6447,125,0.88,0.2734711116113452
1139.4475,125,0.89,0.2691767427432609
1152.2503,125,0.9,0.2648257042138522
1165.0531,125,0.91,0.26041285083583143
1177.8559,125,0.92,0.2559328667754304
1190.6586,125,0.93,0.25137939637182555
1203.4614,125,0.94,0.24674674176587347
1216.2642,125,0.95,0.24202715547581338
1229.067,125,0.96,0.23721310193884074
1241.8698,125,0.97,0.23229720274701643
1254.6725,125,0.98,0.22727023011878295
1267.4753,125,0.99,0.2221241341606092
1280.2781,125,1.0,0.21685015353258016
1293.0809,125,1.01,0.21144111367464388
1305.8837,125,1.02,0.20589165940933915
1318.6864,125,1.03,0.20020056824692026
1331.4892,125,1.04,0.19437276391423006
1344.292,125,1.05,0.1884237808586658
1357.0948,125,1.06,0.1823843072666116
1369.8976,125,1.07,0.1763055867418543
1382.7003,125,1.08,0.17026593762265146
1395.5031,125,1.09,0.1643715692238161
1408.3059,125,1.1,0.15874975442611172
1421.1087,125,1.11,0.15353330861257194
1433.9115,125,1.12,0.1488333157162981
1446.7143,125,1.13,0.1447172024480373
1459.517,125,1.14,0.14120027748062391
1472.3198,125,1.15,0.13825331740579438
1485.1226,125,1.16,0.13582082347596228
1497.9254,125,1.17,0.13383588343737285
1510.7282,125,1.18,0.13223192121620267
1523.5309,125,1.19,0.1309486168533422
1536.3337,125,1.2,0.1299330980505921
960.2086,130,0.75,0.32568130481959495
973.0114,130,0.76,0.3218042759296967
985.8141,130,0.77,0.31791193467664675
998.6169,130,0.78,0.314001352031125
1011.4197,130,0.79,0.31007104188635176
1024.2225,130,0.8,0.3061180185429087
1037.0253,130,0.81,0.30214005471349953
1049.828,130,0.82,0.29813447557550954
1062.6308,130,0.83,0.2940985145550797
1075.4336,130,0.84,0.2900293725077924
1088.2364,130,0.85,0.2859236389065173
1101.0392,130,0.86,0.28177802031462934
1113.8419,130,0.87,0.2775889930385225
1126.6447,130,0.88,0.27335255372896
1139.4475,130,0.89,0.2690644682229344
1152.2503,130,0.9,0.26472023641925685
1165.0531,130,0.91,0.2603148766617024
1177.8559,130,0.92,0.2558431049035868
1190.6586,130,0.93,0.2512988999143069
1203.4614,130,0.94,0.2466764181607733
1216.2642,130,0.95,0.24196844397246434
1229.067,130,0.96,0.23716769197613194
1241.8698,130,0.97,0.23226692645071
1254.6725,130,0.98,0.22725761957679458
1267.4753,130,0.99,0.22213203168405463
1280.2781,130,1.0,0.21688217377201258
1293.0809,130,1.01,0.21150156107453028
1305.8837,130,1.02,0.20598562744475254
1318.6864,130,1.03,0.2003338719955684
1331.4892,130,1.04,0.194551819177272
1344.292,130,1.05,0.18865507204845455
1357.0948,130,1.06,0.1826732475269837
1369.8976,130,1.07,0.17665650740307332
1382.7003,130,1.08,0.17067835750777405
1395.5031,130,1.09,0.16483952851571523
1408.3059,130,1.1,0.15926143965358844
1421.1087,130,1.11,0.15407154913834634
1433.9115,130,1.12,0.1493785982159574
1446.7143,130,1.13,0.14525270041681837
1459.517,130,1.14,0.1417137691808164
1472.3198,130,1.15,0.13873801543437003
1485.1226,130,1.16,0.1362743983772925
1497.9254,130,1.17,0.13425851096052568
1510.7282,130,1.18,0.13262540795833846
1523.5309,130,1.19,0.13131518245805987
1536.3337,130,1.2,0.13027565271440172
960.2086,135,0.75,0.32550912953469596
973.0114,135,0.76,0.3216353129299367
985.8141,135,0.77,0.3177460688666025
998.6169,135,0.78,0.3138391358511703
1011.4197,135,0.79,0.3099120629513817
1024.2225,135,0.8,0.30596274041745913
1037.0253,135,0.81,0.3019887789121862
1049.828,135,0.82,0.297987150576121
1062.6308,135,0.83,0.29395564255658035
1075.4336,135,0.84,0.2898908409867877
1088.2364,135,0.85,0.28578995765807724
1101.0392,135,0.86,0.2816495394766618
1113.8419,135,0.87,0.27746626568808
1126.6447,135,0.88,0.27323557297001705
1139.4475,135,0.89,0.26895400120078494
1152.2503,135,0.9,0.2646170514057285
1165.0531,135,0.91,0.26021930605532323
1177.8559,135,0.92,0.2557561281724815
1190.6586,135,0.93,0.25122155712548644
1203.4614,135,0.94,0.24660975030570562
1216.2642,135,0.95,0.24191389811202088
1229.067,135,0.96,0.2371269888769793
1241.8698,135,0.97,0.23224199216310054
1254.6725,135,0.98,0.227250981852203
1267.4753,135,0.99,0.22214660681025208
1280.2781,135,1.0,0.21692154838099945
1293.0809,135,1.01,0.21156998822760134
1305.8837,135,1.02,0.20608808505461856
1318.6864,135,1.03,0.20047598338764125
1331.4892,135,1.04,0.19473970995503684
1344.292,135,1.05,0.1888948674510139
1357.0948,135,1.06,0.1829703918944427
1369.8976,135,1.07,0.1770141533719055
1382.7003,135,1.08,0.17109629559178985
1395.5031,135,1.09,0.16531217087746863
1408.3059,135,1.1,0.15977729347522082
1421.1087,135,1.11,0.1546137299717806
1433.9115,135,1.12,0.1499290702643703
1446.7143,135,1.13,0.14579400607876158
1459.517,135,1.14,0.14223354024835871
1472.3198,135,1.15,0.13922920201831693
1485.1226,135,1.16,0.13673389700699545
1497.9254,135,1.17,0.13468648705612896
1510.7282,135,1.18,0.13302356441124003
1523.5309,135,1.19,0.13168592678279561
1536.3337,135,1.2,0.1306216354944707
960.2086,140,0.75,0.3253367606062755
973.0114,140,0.76,0.32146637519057464
985.8141,140,0.77,0.3175801904862073
998.6169,140,0.78,0.3136769006728233
1011.4197,140,0.79,0.3097534928230044
1024.2225,140,0.8,0.3058079527487783
1037.0253,140,0.81,0.3018377590906825
1049.828,140,0.82,0.2978405177128435
1062.6308,140,0.83,0.2938133474755957
1075.4336,140,0.84,0.2897533215421584
1088.2364,140,0.85,0.2856572897231351
1101.0392,140,0.86,0.28152239377851285
1113.8419,140,0.87,0.2773447305095987
1126.6447,140,0.88,0.2731204088526605
1139.4475,140,0.89,0.2688456081398768
1152.2503,140,0.9,0.26451570911668276
1165.0531,140,0.91,0.260126430378227
1177.8559,140,0.92,0.255672222956307
1190.6586,140,0.93,0.25114767268459487
1203.4614,140,0.94,0.24654701967234624
1216.2642,140,0.95,0.24186378871116052
1229.067,140,0.96,0.23709125113003857
1241.8698,140,0.97,0.23222262189725795
1254.6725,140,0.98,0.22725050578928732
1267.4753,140,0.99,0.2221679818137484
1280.2781,140,1.0,0.21696832769111085
1293.0809,140,1.01,0.21164635784566427
1305.8837,140,1.02,0.2061988956351886
1318.6864,140,1.03,0.20062666013508962
1331.4892,140,1.04,0.1949360940810201
1344.292,140,1.05,0.18914274032848155
1357.0948,140,1.06,0.18327479148759973
1369.8976,140,1.07,0.177378016788627
1382.7003,140,1.08,0.17151926742278964
1395.5031,140,1.09,0.16578890945003086
1408.3059,140,1.1,0.16029667013613128
1421.1087,140,1.11,0.15516005188441978
1433.9115,140,1.12,0.15048389100312745
1446.7143,140,1.13,0.1463407344457904
1459.517,140,1.14,0.14275909210376383
1472.3198,140,1.15,0.13972643589780193
1485.1226,140,1.16,0.13719929538531386
1497.9254,140,1.17,0.13511986363135775
1510.7282,140,1.18,0.13342649773331444
1523.5309,140,1.19,0.13206079242281593
1536.3337,140,1.2,0.13097074471593206
960.2086,145,0.75,0.32516488974336405
973.0114,145,0.76,0.3212977249409905
985.8141,145,0.77,0.31741525392977127
998.6169,145,0.78,0.31351516956164094
1011.4197,145,0.79,0.3095954789576412
1024.2225,145,0.8,0.30565382255402757
1037.0253,145,0.81,0.3016877648543889
1049.828,145,0.82,0.29769501379347546
1062.6308,145,0.83,0.2936721593708069
1075.4336,145,0.84,0.2896170125067961
1088.2364,145,0.85,0.28552628040002787
1101.0392,145,0.86,0.28139683008817273
1113.8419,145,0.87,0.2772250969077999
1126.6447,145,0.88,0.2730073022541038
1139.4475,145,0.89,0.2687395426250598
1152.2503,145,0.9,0.26441741476693975
1165.0531,145,0.91,0.26003651619207885
1177.8559,145,0.92,0.25559165220499225
1190.6586,145,0.93,0.2510775160655583
1203.4614,145,0.94,0.2464884767343343
1216.2642,145,0.95,0.2418183514192753
1229.067,145,0.96,0.23706069605580798
1241.8698,145,0.97,0.23220899552787397
1254.6725,145,0.98,0.22725633350775923
1267.4753,145,0.99,0.22219623437585803
1280.2781,145,1.0,0.21702251924887567
1293.0809,145,1.01,0.2117305945545829
1305.8837,145,1.02,0.20631789234515108
1318.6864,145,1.03,0.20078564083911152
1331.4892,145,1.04,0.19514063294865375
1344.292,145,1.05,0.189398272003122
1357.0948,145,1.06,0.18358600224752755
1369.8976,145,1.07,0.17774762103397332
1382.7003,145,1.08,0.17194680930462408
1395.5031,145,1.09,0.16626927044113804
1408.3059,145,1.1,0.1608194082418611
1421.1087,145,1.11,0.15570963332685073
1433.9115,145,1.12,0.15104295070384868
1446.7143,145,1.13,0.1468923568058202
1459.517,145,1.14,0.14329082755911587
1472.3198,145,1.15,0.14022983556698604
1485.1226,145,1.16,0.13767057999501991
1497.9254,145,1.17,0.1355586966676128
1510.7282,145,1.18,0.13383430207644692
1523.5309,145,1.19,0.13243990283003207
1536.3337,145,1.2,0.13132396696042992
960.2086,150,0.75,0.32499334203204827
973.0114,150,0.76,0.3211297302192708
985.8141,150,0.77,0.3172504644923556
998.6169,150,0.78,0.31335406118066467
1011.4197,150,0.79,0.3094381791072025
1024.2225,150,0.8,0.30550039873604656
1037.0253,150,0.81,0.3015386803940802
1049.828,150,0.82,0.29755020994191755
1062.6308,150,0.83,0.29353223094533015
1075.4336,150,0.84,0.2894821176556014
1088.2364,150,0.85,0.2853967886106046
1101.0392,150,0.86,0.28127289530347577
1113.8419,150,0.87,0.2771075340317061
1126.6447,150,0.88,0.27289648554363316
1139.4475,150,0.89,0.2686360433905412
1152.2503,150,0.9,0.2643219521788622
1165.0531,150,0.91,0.2599498069429805
1177.8559,150,0.92,0.2555148360760696
1190.6586,150,0.93,0.25101132486485067
1203.4614,150,0.94,0.24643434124049787
1216.2642,150,0.95,0.2417777878468465
1229.067,150,0.96,0.23703550257847045
1241.8698,150,0.97,0.2322012538214432
1254.6725,150,0.98,0.22726856512141633
1267.4753,150,0.99,0.22223140259141705
1280.2781,150,1.0,0.21708409362208386
1293.0809,150,1.01,0.21182259115808205
1305.8837,150,1.02,0.2064448843378518
1318.6864,150,1.03,0.20095265051302558
1331.4892,150,1.04,0.19535295429713212
1344.292,150,1.05,0.18966113618137015
1357.0948,150,1.06,0.18390359294762315
1369.8976,150,1.07,0.17812251877807406
1382.7003,150,1.08,0.17237868219948882
1395.5031,150,1.09,0.16675282651736192
1408.3059,150,1.1,0.1613448450019841
1421.1087,150,1.11,0.1562624595107595
1433.9115,150,1.12,0.15160574021203163
1446.7143,150,1.13,0.14744891351040695
1459.517,150,1.14,0.1438277639086059
1472.3198,150,1.15,0.14073858552299812
1485.1226,150,1.16,0.1381475204218039
1497.9254,150,1.17,0.13600298976949987
1510.7282,150,1.18,0.13424705727535918
1523.5309,150,1.19,0.13282337232555264
1536.3337,150,1.2,0.13168076850990004
960.2086,155,0.75,0.32482227759263516
973.0114,155,0.76,0.32096193570868364
985.8141,155,0.77,0.31708637616475416
998.6169,155,0.78,0.3131937198648509
1011.4197,155,0.79,0.3092817533716199
1024.2225,155,0.8,0.3053481871041176
1037.0253,155,0.81,0.3013906793016892
1049.828,155,0.82,0.2974067947407799
1062.6308,155,0.83,0.29339374478513247
1075.4336,155,0.84,0.28934867363199523
1088.2364,155,0.85,0.28526908186853556
1101.0392,155,0.86,0.2811514674573098
1113.8419,155,0.87,0.27699223731973394
1126.6447,155,0.88,0.27278817846333764
1139.4475,155,0.89,0.26853545120565186
1152.2503,155,0.9,0.2642295643324412
1165.0531,155,0.91,0.25986652354307593
1177.8559,155,0.92,0.2554412446127638
1190.6586,155,0.93,0.2509493070189155
1203.4614,155,0.94,0.24638480303835858
1216.2642,155,0.95,0.24174226713197874
1229.067,155,0.96,0.23701581406689384
1241.8698,155,0.97,0.23219950163751787
1254.6725,155,0.98,0.22728726326426743
1267.4753,155,0.99,0.22227348974083946
1280.2781,155,1.0,0.21715298973127695
1293.0809,155,1.01,0.21192221420032759
1305.8837,155,1.02,0.20657966211724355
1318.6864,155,1.03,0.20112740516884614
1331.4892,155,1.04,0.1955727228027772
1344.292,155,1.05,0.18993088814094236
1357.0948,155,1.06,0.18422714914909993
1369.8976,155,1.07,0.1785022902866852
1382.7003,155,1.08,0.17281398234366677
1395.5031,155,1.09,0.16723942859293764
1408.3059,155,1.1,0.16187256143911383
1421.1087,155,1.11,0.15681765496121333
1433.9115,155,1.12,0.15217183036292312
1446.7143,155,1.13,0.14800962365514014
1459.517,155,1.14,0.14436982473423654
1472.3198,155,1.15,0.14125331175342362
1485.1226,155,1.16,0.13863033540357744
1497.9254,155,1.17,0.13645274541851682
1510.7282,155,1.18,0.13466482795066956
1523.5309,155,1.19,0.13321130466691783
1536.3337,155,1.2,0.13204145893772873
960.2086,160,0.75,0.32465203948069943
973.0114,160,0.76,0.32079495724364204
985.8141,160,0.77,0.3169231085501052
998.6169,160,0.78,0.31303429646045516
1011.4197,160,0.79,0.30912612618507207
1024.2225,160,0.8,0.30519705938855674
1037.0253,160,0.81,0.30124420355387566
1049.828,160,0.82,0.2972648670597858
1062.6308,160,0.83,0.29325688201088534
1075.4336,160,0.84,0.28921731134889234
1088.2364,160,0.85,0.28514337348938484
1101.0392,160,0.86,0.2810318756638319
1113.8419,160,0.87,0.27687940294243085
1126.6447,160,0.88,0.27268258641084275
1139.4475,160,0.89,0.2684374141998188
1152.2503,160,0.9,0.26414046429340887
1165.0531,160,0.91,0.25978686470947304
1177.8559,160,0.92,0.25537208626797425
1190.6586,160,0.93,0.2508916525048865
1203.4614,160,0.94,0.24634002329375748
1216.2642,160,0.95,0.2417120289131869
1229.067,160,0.96,0.23700174120054882
1241.8698,160,0.97,0.23220381117716518
1254.6725,160,0.98,0.22731245729483954
1267.4753,160,0.99,0.2223224687576017
1280.2781,160,1.0,0.2172291196837519
1293.0809,160,1.01,0.21202933870285834
1305.8837,160,1.02,0.20672200210797095
1318.6864,160,1.03,0.20130961559896557
1331.4892,160,1.04,0.19579959389991258
1344.292,160,1.05,0.19020657896176596
1357.0948,160,1.06,0.18455627500103625
1369.8976,160,1.07,0.178886541859996
1382.7003,160,1.08,0.17325269637720817
1395.5031,160,1.09,0.16772789425627974
1408.3059,160,1.1,0.1624024966351633
1421.1087,160,1.11,0.15737504544665826
1433.9115,160,1.12,0.15274066715871357
1446.7143,160,1.13,0.14857444673401016
1459.517,160,1.14,0.14491670778895088
1472.3198,160,1.15,0.1417735280192598
1485.1226,160,1.16,0.13911869598848117
1497.9254,160,1.17,0.13690794885241353
1510.7282,160,1.18,0.1350876632980146
1523.5309,160,1.19,0.1336037918832225
1536.3337,160,1.2,0.13240615362174613
960.2086,165,0.75,0.32448221899186713
973.0114,165,0.76,0.3206288630703322
985.8141,165,0.77,0.3167607994096678
998.6169,165,0.78,0.3128759412891418
1011.4197,165,0.79,0.30897211031916794
1024.2225,165,0.8,0.30504724231043256
1037.0253,165,0.81,0.30109891147153145
1049.828,165,0.82,0.29712457989842145
1062.6308,165,0.83,0.2931218210342857
1075.4336,165,0.84,0.2890878573690329
1088.2364,165,0.85,0.28501981460124176
1101.0392,165,0.86,0.2809147399551071
1113.8419,165,0.87,0.27676921827430967
1126.6447,165,0.88,0.27257989926900217
1139.4475,165,0.89,0.26834297491755893
1152.2503,165,0.9,0.26405484052137534
1165.0531,165,0.91,0.2597110073763492
1177.8559,165,0.92,0.2553070449267302
1190.6586,165,0.93,0.25083849134409986
1203.4614,165,0.94,0.24630013598482178
1216.2642,165,0.95,0.24168708805006572
1229.067,165,0.96,0.2369933648121895
1241.8698,165,0.97,0.23221422518734047
1254.6725,165,0.98,0.2273441472643309
1267.4753,165,0.99,0.22237828635249549
1280.2781,165,1.0,0.21731237311188595
1293.0809,165,1.01,0.21214381236871863
1305.8837,165,1.02,0.20687167052959268
1318.6864,165,1.03,0.2014989904710681
1331.4892,165,1.04,0.19603322938352594
1344.292,165,1.05,0.19048885037018407
1357.0948,165,1.06,0.18489059386868636
1369.8976,165,1.07,0.17927490436568733
1382.7003,165,1.08,0.17369444073137852
1395.5031,165,1.09,0.16821884793989214
1408.3059,165,1.1,0.16293384800882507
1421.1087,165,1.11,0.15793424308663265
1433.9115,165,1.12,0.1533123096407826
1446.7143,165,1.13,0.14914240584720095
1459.517,165,1.14,0.14546810667985327
1472.3198,165,1.15,0.14229858125644587
1485.1226,165,1.16,0.13961259336647616
1497.9254,165,1.17,0.13736871297434722
1510.7282,165,1.18,0.13551560100192012
1523.5309,165,1.19,0.13400091339920728
1536.3337,165,1.2,0.13277495933236214
960.2086,170,0.75,0.3243133759479427
973.0114,170,0.76,0.32046376897778245
985.8141,170,0.77,0.31659959013667227
998.6169,170,0.78,0.3127188426155884
1011.4197,170,0.79,0.3088192959652309
1024.2225,170,0.8,0.3048987252324867
1037.0253,170,0.81,0.3009553219074578
1049.828,170,0.82,0.2969860936168028
1062.6308,170,0.83,0.29298854653361595
1075.4336,170,0.84,0.288960541489596
1088.2364,170,0.85,0.28489890187817335
1101.0392,170,0.86,0.2808002093938722
1113.8419,170,0.87,0.27666185823819306
1126.6447,170,0.88,0.2724802910535738
1139.4475,170,0.89,0.26825184361613086
1152.2503,170,0.9,0.26397285963828704
1165.0531,170,0.91,0.25963910727357786
1177.8559,170,0.92,0.25524627493294333
1190.6586,170,0.93,0.2507899678314562
1203.4614,170,0.94,0.2462652495738643
1216.2642,170,0.95,0.2416669936166394
1229.067,170,0.96,0.23699073866387443
1241.8698,170,0.97,0.23223078984966505
1254.6725,170,0.98,0.22738230761751949
1267.4753,170,0.99,0.22244086677875144
1280.2781,170,1.0,0.21740262103388255
1293.0809,170,1.01,0.2122653908307017
1305.8837,170,1.02,0.20702842666062365
1318.6864,170,1.03,0.20169523884069387
1331.4892,170,1.04,0.19627329892993686
1344.292,170,1.05,0.19077685553583223
1357.0948,170,1.06,0.18522974831126754
1369.8976,170,1.07,0.179667031823409
1382.7003,170,1.08,0.17413887540293313
1395.5031,170,1.09,0.1687115542243176
1408.3059,170,1.1,0.1634665928009746
1421.1087,170,1.11,0.15849471289113962
1433.9115,170,1.12,0.15388599936722722
1446.7143,170,1.13,0.1497136822087854
1459.517,170,1.14,0.1460235348800214
1472.3198,170,1.15,0.1428287865529242
1485.1226,170,1.16,0.14011170645679621
1497.9254,170,1.17,0.13783447944646088
1510.7282,170,1.18,0.13594864962973852
1523.5309,170,1.19,0.1344027354311204
1536.3337,170,1.2,0.1331479732473815
960.2086,175,0.75,0.3241455835104965
973.0114,175,0.76,0.32029980402251507
985.8141,175,0.77,0.3164396208608399
998.6169,175,0.78,0.31256291692699495
1011.4197,175,0.79,0.30866794569745853
1024.2225,175,0.8,0.30475231985446705
1037.0253,175,0.81,0.3008135444149813
1049.828,175,0.82,0.2968495645701013
1062.6308,175,0.83,0.2928577176690325
1075.4336,175,0.84,0.2888355438570334
1088.2364,175,0.85,0.2847801666104022
1101.0392,175,0.86,0.2806884363687327
1113.8419,175,0.87,0.2765574838248324
1126.6447,175,0.88,0.2723839344986025
1139.4475,175,0.89,0.26816419405097786
1152.2503,175,0.9,0.2638946680899245
1165.0531,175,0.91,0.2595713721102755
1177.8559,175,0.92,0.2551899048366244
1190.6586,175,0.93,0.25074618724850617
1203.4614,175,0.94,0.24623544878140974
1216.2642,175,0.95,0.2416528125771544
1229.067,175,0.96,0.2369938921209191
1241.8698,175,0.97,0.23225363038819855
1254.6725,175,0.98,0.227426890583646
1267.4753,175,0.99,0.22251011523799838
1280.2781,175,1.0,0.2174997192648954
1293.0809,175,1.01,0.21239387946523783
1305.8837,175,1.02,0.20719202557169708
1318.6864,175,1.03,0.2018980721725618
1331.4892,175,1.04,0.19651948122439689
1344.292,175,1.05,0.19107026030957772
1357.0948,175,1.06,0.18557339969291511
1369.8976,175,1.07,0.18006277351443684
1382.7003,175,1.08,0.17458569144993094
1395.5031,175,1.09,0.16920575114419784
1408.3059,175,1.1,0.16400039301958394
1421.1087,175,1.11,0.15905668101918102
1433.9115,175,1.12,0.1544614261691507
1446.7143,175,1.13,0.15028782843785918
1459.517,175,1.14,0.14658320038383396
1472.3198,175,1.15,0.1433637169698855
1485.1226,175,1.16,0.14061608266386824
1497.9254,175,1.17,0.13830580718437827
1510.7282,175,1.18,0.136386811050574
1523.5309,175,1.19,0.13480930693136273
1536.3337,175,1.2,0.13352528215738982
960.2086,180,0.75,0.3239789508313354
973.0114,180,0.76,0.3201370990958864
985.8141,180,0.77,0.3162810283518439
998.6169,180,0.78,0.31240873009036946
1011.4197,180,0.79,0.30851822645807275
1024.2225,180,0.8,0.30460733331197637
1037.0253,180,0.81,0.3006737158570503
1049.828,180,0.82,0.2967151432647238
1062.6308,180,0.83,0.29272909131617675
1075.4336,180,0.84,0.2887130220065563
1088.2364,180,0.85,0.2846641768511876
1101.0392,180,0.86,0.2805795664585105
1113.8419,180,0.87,0.2764562417703726
1126.6447,180,0.88,0.27229115290433853
1139.4475,180,0.89,0.26808017286711333
1152.2503,180,0.9,0.26382039335406854
1165.0531,180,0.91,0.25950791725651734
1177.8559,180,0.92,0.2551380401691472
1190.6586,180,0.93,0.2507072335705775
1203.4614,180,0.94,0.24621079640344787
1216.2642,180,0.95,0.24164408774436874
1229.067,180,0.96,0.23700283269728137
1241.8698,180,0.97,0.23228199275134426
1254.6725,180,0.98,0.22747782926090876
1267.4753,180,0.99,0.22258592093780244
1280.2781,180,1.0,0.21760351141215195
1293.0809,180,1.01,0.21252857608504294
1305.8837,180,1.02,0.2073622203997762
1318.6864,180,1.03,0.20210726627799855
1331.4892,180,1.04,0.19677146476871696
1344.292,180,1.05,0.19136874389701647
1357.0948,180,1.06,0.18592122758607327
1369.8976,180,1.07,0.18046110048367875
1382.7003,180,1.08,0.17503460484962857
1395.5031,180,1.09,0.16970118148475086
1408.3059,180,1.1,0.16453496984325078
1421.1087,180,1.11,0.1596193905248056
1433.9115,180,1.12,0.15503852570690058
1446.7143,180,1.13,0.1508644798501538
1459.517,180,1.14,0.14714631678758242
1472.3198,180,1.15,0.14390312665273
1485.1226,180,1.16,0.14112556726489306
1497.9254,180,1.17,0.1387822992263252
1510.7282,180,1.18,0.1368300726082599
1523.5309,180,1.19,0.1352206810582807
1536.3337,180,1.2,0.13390696186737372
960.2086,185,0.75,0.3238135970731191
973.0114,185,0.76,0.3199757829270516
985.8141,185,0.77,0.3161237052558936
998.6169,185,0.78,0.3122561171024629
1011.4197,185,0.79,0.3083705303369799
1024.2225,185,0.8,0.30446431764627985
1037.0253,185,0.81,0.3005359718846701
1049.828,185,0.82,0.296582743326078
1062.6308,185,0.83,0.2926028658108772
1075.4336,185,0.84,0.2885929296894923
1088.2364,185,0.85,0.28455103619161454
1101.0392,185,0.86,0.2804737344939229
1113.8419,185,0.87,0.27635826437287836
1126.6447,185,0.88,0.27220128532693416
1139.4475,185,0.89,0.2679999048570168
1152.2503,185,0.9,0.2637501449841277
1165.0531,185,0.91,0.25944821820470193
1177.8559,185,0.92,0.25509076565871774
1190.6586,185,0.93,0.2506731709665838
1203.4614,185,0.94,0.24619133512685096
1216.2642,185,0.95,0.24164084045766718
1229.067,185,0.96,0.237017548454076
1241.8698,185,0.97,0.23231684771482752
1254.6725,185,0.98,0.2275350404048249
1267.4753,185,0.99,0.22266816157021121
1280.2781,185,1.0,0.21771383149011228
1293.0809,185,1.01,0.21267027329170396
1305.8837,185,1.02,0.2075387642276107
1318.6864,185,1.03,0.20232248245497594
1331.4892,185,1.04,0.1970289484298124
1344.292,185,1.05,0.1916719991455534
1357.0948,185,1.06,0.186272929059689
1369.8976,185,1.07,0.18086273386828866
1382.7003,185,1.08,0.1754853530199287
1395.5031,185,1.09,0.17019760242701526
1408.3059,185,1.1,0.16507007283785277
1421.1087,185,1.11,0.16018266016484967
1433.9115,185,1.12,0.1556166526152004
1446.7143,185,1.13,0.15144331719839416
1459.517,185,1.14,0.1477126203715255
1472.3198,185,1.15,0.144446764093924
1485.1226,185,1.16,0.14163959251099134
1497.9254,185,1.17,0.13926389325638594
1510.7282,185,1.18,0.1372785833153244
1523.5309,185,1.19,0.13563686935238772
1536.3337,185,1.2,0.13429307678111324
960.2086,190,0.75,0.32364964207336244
973.0114,190,0.76,0.3198159797928713
985.8141,190,0.77,0.3159684349584344
998.6169,190,0.78,0.3121052566756741
1011.4197,190,0.79,0.3082243398622606
1024.2225,190,0.8,0.30432337344746907
1037.0253,190,0.81,0.3004004427064522
1049.828,190,0.82,0.29645310074779413
1062.6308,190,0.83,0.292479191516438
1075.4336,190,0.84,0.2884761089726617
1088.2364,190,0.85,0.28444085641166306
1101.0392,190,0.86,0.2803710631505915
1113.8419,190,0.87,0.27626366980344313
1126.6447,190,0.88,0.2721154831757502
1139.4475,190,0.89,0.26792349608874294
1152.2503,190,0.9,0.2636840156079648
1165.0531,190,0.91,0.25939337193299694
1177.8559,190,0.92,0.25504816041331335
1190.6586,190,0.93,0.25064404532182805
1203.4614,190,0.94,0.2461770893092519
1216.2642,190,0.95,0.24164307300437032
1229.067,190,0.96,0.2370380102401675
1241.8698,190,0.97,0.23235764691684313
1254.6725,190,0.98,0.227598426935143
1267.4753,190,0.99,0.22275672285802955
1280.2781,190,1.0,0.21783050619216215
1293.0809,190,1.01,0.21281826046973734
1305.8837,190,1.02,0.20772141162524083
1318.6864,190,1.03,0.20254343791534463
1331.4892,190,1.04,0.19729164177962621
1344.292,190,1.05,0.1919797325650974
1357.0948,190,1.06,0.18662821790773407
1369.8976,190,1.07,0.1812669247657012
1382.7003,190,1.08,0.17593769221425395
1395.5031,190,1.09,0.17069455428741231
1408.3059,190,1.1,0.16560547221564534
1421.1087,190,1.11,0.1607461737471627
1433.9115,190,1.12,0.15619572435366208
1446.7143,190,1.13,0.15202388564990432
1459.517,190,1.14,0.14828216856969142
1472.3198,190,1.15,0.1449943734843284
1485.1226,190,1.16,0.1421586167392142
1497.9254,190,1.17,0.1397504631358927
1510.7282,190,1.18,0.13773169287130166
1523.5309,190,1.19,0.13605788395794088
1536.3337,190,1.2,0.13468367964777064
960.2086,195,0.75,0.3234872028106391
973.0114,195,0.76,0.31965780979243724
985.8141,195,0.77,0.3158147927060646
998.6169,195,0.78,0.31195628244795065
1011.4197,195,0.79,0.30808027665050514
1024.2225,195,0.8,0.3041846165114596
1037.0253,195,0.81,0.30026725173479213
1049.828,195,0.82,0.29632586883132256
1062.6308,195,0.83,0.29235819581053646
1075.4336,195,0.84,0.2883617449621789
1088.2364,195,0.85,0.28433374594135974
1101.0392,195,0.86,0.2802716625204061
1113.8419,195,0.87,0.2761725624879121
1126.6447,195,0.88,0.2720333659158854
1139.4475,195,0.89,0.2678510359461203
1152.2503,195,0.9,0.2636220819246625
1165.0531,195,0.91,0.25934295292686693
1177.8559,195,0.92,0.2550102417096053
1190.6586,195,0.93,0.2506198857489313
1203.4614,195,0.94,0.24616806669884836
1216.2642,195,0.95,0.24165077081748929
1229.067,195,0.96,0.23706417376957736
1241.8698,195,0.97,0.23240432571865996
1254.6725,195,0.98,0.22766788017865106
1267.4753,195,0.99,0.22285144320509456
1280.2781,195,1.0,0.217953356854329
1293.0809,195,1.01,0.2129723254674441
1305.8837,195,1.02,0.20790991990326665
1318.6864,195,1.03,0.202769868103849
1331.4892,195,1.04,0.19755926526808348
1344.292,195,1.05,0.192291664164846
1357.0948,195,1.06,0.18698682385236265
1369.8976,195,1.07,0.18167343426237084
1382.7003,195,1.08,0.17639139602599063
1395.5031,195,1.09,0.1711926625543294
1408.3059,195,1.1,0.16614075836810696
1421.1087,195,1.11,0.161310056186336
1433.9115,195,1.12,0.15677543355113416
1446.7143,195,1.13,0.15260628806746732
1459.517,195,1.14,0.14885413441107676
1472.3198,195,1.15,0.14554592461422772
1485.1226,195,1.16,0.14268197976173644
1497.9254,195,1.17,0.14024195118333138
1510.7282,195,1.18,0.13819007491610877
1523.5309,195,1.19,0.13648372373381368
1536.3337,195,1.2,0.13507881082261064
960.2086,200,0.75,0.3233263919356987
973.0114,200,0.76,0.31950124189974927
985.8141,200,0.77,0.31566299039964457
998.6169,200,0.78,0.31180952560435393
1011.4197,200,0.79,0.3079383968143599
1024.2225,200,0.8,0.3040481583684497
1037.0253,200,0.81,0.30013671977695083
1049.828,200,0.82,0.2962012213500613
1062.6308,200,0.83,0.2922399750939526
1075.4336,200,0.84,0.28825039738215846
1088.2364,200,0.85,0.28422980511729484
1101.0392,200,0.86,0.2801756303855014
1113.8419,200,0.87,0.2760851588696963
1126.6447,200,0.88,0.2719550292995759
1139.4475,200,0.89,0.26778259861539777
1152.2503,200,0.9,0.26356440570814915
1165.0531,200,0.91,0.25929701653528897
1177.8559,200,0.92,0.2549770620075205
1190.6586,200,0.93,0.2506007060618004
1203.4614,200,0.94,0.2461642957330724
1216.2642,200,0.95,0.2416639044739211
1229.067,200,0.96,0.23709598153510442
1241.8698,200,0.97,0.2324568057169754
1254.6725,200,0.98,0.22774328186680343
1267.4753,200,0.99,0.22295219788987788
1280.2781,200,1.0,0.21808220114465035
1293.0809,200,1.01,0.21313225600539965
1305.8837,200,1.02,0.20810405012115032
1318.6864,200,1.03,0.20300101574793294
1331.4892,200,1.04,0.19783155026339574
1344.292,200,1.05,0.19260752716373847
1357.0948,200,1.06,0.18734849174357904
1369.8976,200,1.07,0.18208203504291604
1382.7003,200,1.08,0.17684625397514547
1395.5031,200,1.09,0.17169069731948133
1408.3059,200,1.1,0.16667625311639547
1421.1087,200,1.11,0.16187354646395602
1433.9115,200,1.12,0.1573555229333664
1446.7143,200,1.13,0.1531898880244534
1459.517,200,1.14,0.14942856218218334
1472.3198,200,1.15,0.1461004341390375
1485.1226,200,1.16,0.14320959916788994
1497.9254,200,1.17,0.14073818261008894
1510.7282,200,1.18,0.1386533099920637
1523.5309,200,1.19,0.13691437547358026
1536.3337,200,1.2,0.13547850598456007
960.2086,205,0.75,0.32316731695136097
973.0114,205,0.76,0.3193467788828768
985.8141,205,0.77,0.3155131594611466
998.6169,205,0.78,0.31166454642983865
1011.4197,205,0.79,0.3077987855054962
1024.2225,205,0.8,0.3039141044530802
1037.0253,205,0.81,0.3000082222503815
1049.828,205,0.82,0.29607928380938525
1062.6308,205,0.83,0.29212491773719557
1075.4336,205,0.84,0.28814214084332995
1088.2364,205,0.85,0.28412912437779064
1101.0392,205,0.86,0.28008305240630077
1113.8419,205,0.87,0.27600093808775233
1126.6447,205,0.88,0.2718805503661322
1139.4475,205,0.89,0.2677182442883804
1152.2503,205,0.9,0.2635111422353077
1165.0531,205,0.91,0.25925560150752275
1177.8559,205,0.92,0.25494863922815303
1190.6586,205,0.93,0.25058650619508527
1203.4614,205,0.94,0.2461657966838316
1216.2642,205,0.95,0.24168243151160976
1229.067,205,0.96,0.23713336456106965
1241.8698,205,0.97,0.23251499698032232
1254.6725,205,0.98,0.22782450590767236
1267.4753,205,0.99,0.22305881349304205
1280.2781,205,1.0,0.21821685450955908
1293.0809,205,1.01,0.2132978408490217
1305.8837,205,1.02,0.20830356788803792
1318.6864,205,1.03,0.2032376312843655
1331.4892,205,1.04,0.19810823898787772
1344.292,205,1.05,0.19292706761542605
1357.0948,205,1.06,0.18771298076951598
1369.8976,205,1.07,0.1824925119966155
1382.7003,205,1.08,0.1773020702811365
1395.5031,205,1.09,0.17218894619862082
1408.3059,205,1.1,0.16721138300512467
1421.1087,205,1.11,0.16243677719603172
1433.9115,205,1.12,0.15793561088103145
1446.7143,205,1.13,0.15377449123016104
1459.517,205,1.14,0.1500051269748895
1472.3198,205,1.15,0.14665844462331182
1485.1226,205,1.16,0.1437412640621622
1497.9254,205,1.17,0.14123912134012845
1510.7282,205,1.18,0.1391213456520317
1523.5309,205,1.19,0.13734997769675494
1536.3337,205,1.2,0.13588277444886
960.2086,210,0.75,0.323010255597785
973.0114,210,0.76,0.3191941998437031
985.8141,210,0.77,0.3153653719311669
998.6169,210,0.78,0.3115218603231103
1011.4197,210,0.79,0.30766153695376164
1024.2225,210,0.8,0.3037825535310088
1037.0253,210,0.81,0.29988276909368067
1049.828,210,0.82,0.2959601581493753
1062.6308,210,0.83,0.29201246904706046
1075.4336,210,0.84,0.2880370511935071
1088.2364,210,0.85,0.2840317837453964
1101.0392,210,0.86,0.2799940026632327
1113.8419,210,0.87,0.27592087961514916
1126.6447,210,0.88,0.27180999060500866
1139.4475,210,0.89,0.2676580202158915
1152.2503,210,0.9,0.26346223311218064
1165.0531,210,0.91,0.2592187319998098
1177.8559,210,0.92,0.25492497851462703
1190.6586,210,0.93,0.2505772735571272
1203.4614,210,0.94,0.24617243393354105
1216.2642,210,0.95,0.2417062980807817
1229.067,210,0.96,0.23717624400062995
1241.8698,210,0.97,0.232578800013865
1254.6725,210,0.98,0.2279114199516446
1267.4753,210,0.99,0.22317112611688725
1280.2781,210,1.0,0.21835713140596555
1293.0809,210,1.01,0.21346887077742824
1305.8837,210,1.02,0.20850824398837964
1318.6864,210,1.03,0.2034789731418881
1331.4892,210,1.04,0.198389084372347
1344.292,210,1.05,0.19325004397699902
1357.0948,210,1.06,0.18808006368654243
1369.8976,210,1.07,0.18290466224565402
1382.7003,210,1.08,0.177758662768426
1395.5031,210,1.09,0.17268722688950708
1408.3059,210,1.1,0.16774602751152756
1421.1087,210,1.11,0.16299951619142317
1433.9115,210,1.12,0.15851586952466987
1446.7143,210,1.13,0.15435997506706783
1459.517,210,1.14,0.1505835420952544
1472.3198,210,1.15,0.14721935459775365
1485.1226,210,1.16,0.1442767586302998
1497.9254,210,1.17,0.14174414641352967
1510.7282,210,1.18,0.13959396213666161
1523.5309,210,1.19,0.137789907710552
1536.3337,210,1.2,0.13629162278478524
960.2086,215,0.75,0.32285467758535213
973.0114,215,0.76,0.3190436547543656
985.8141,215,0.77,0.3152200378202974
998.6169,215,0.78,0.31138151629909255
1011.4197,215,0.79,0.3075267407935752
1024.2225,215,0.8,0.30365370397113645
1037.0253,215,0.81,0.2997600169118355
1049.828,215,0.82,0.295843932074978
1062.6308,215,0.83,0.2919031457393441
1075.4336,215,0.84,0.2879351994891641
1088.2364,215,0.85,0.28393785288046197
1101.0392,215,0.86,0.27990854418945454
1113.8419,215,0.87,0.2758445631451732
1126.6447,215,0.88,0.2717433980786983
1139.4475,215,0.89,0.26760196167597977
1152.2503,215,0.9,0.26341714920151127
1165.0531,215,0.91,0.25918641922886365
1177.8559,215,0.92,0.2549060733906371
1190.6586,215,0.93,0.2505729843087453
1203.4614,215,0.94,0.24618367048965917
1216.2642,215,0.95,0.24173544044235884
1229.067,215,0.96,0.2372245325848918
1241.8698,215,0.97,0.23264810733191857
1254.6725,215,0.98,0.22800338676977963
1267.4753,215,0.99,0.22328897413285495
1280.2781,215,1.0,0.21850284634517048
1293.0809,215,1.01,0.21364513937698856
1305.8837,215,1.02,0.20871785486010705
1318.6864,215,1.03,0.20372480790689967
1331.4892,215,1.04,0.19867384984795694
1344.292,215,1.05,0.19357622664271695
1357.0948,215,1.06,0.18844960069867547
1369.8976,215,1.07,0.18331829484785458
1382.7003,215,1.08,0.17821586187414729
1395.5031,215,1.09,0.1731853777936929
1408.3059,215,1.1,0.1682800516996382
1421.1087,215,1.11,0.16356157961678047
1433.9115,215,1.12,0.15909576468520686
1446.7143,215,1.13,0.15494576358112583
1459.517,215,1.14,0.15116354377740643
1472.3198,215,1.15,0.147782688743959
1485.1226,215,1.16,0.1448158632322835
1497.9254,215,1.17,0.14225361920581384
1510.7282,215,1.18,0.14007146282172506
1523.5309,215,1.19,0.13823484471422873
1536.3337,215,1.2,0.1367050463573414
960.2086,220,0.75,0.32270146922037146
973.0114,220,0.76,0.31889524643659367
985.8141,220,0.77,0.31507662629294514
998.6169,220,0.78,0.31124358281261755
1011.4197,220,0.79,0.3073944802248523
1024.2225,220,0.8,0.3035271555746316
1037.0253,220,0.81,0.29964007196016273
1049.828,220,0.82,0.29573056744895415
1062.6308,220,0.83,0.2917969878658222
1075.4336,220,0.84,0.2878366494748939
1088.2364,220,0.85,0.28384739141425985
1101.0392,220,0.86,0.27982672954475374
1113.8419,220,0.87,0.27577204770218056
1126.6447,220,0.88,0.2716808089544011
1139.4475,220,0.89,0.26755009288636794
1152.2503,220,0.9,0.26337691456766127
1165.0531,220,0.91,0.25915866288077444
1177.8559,220,0.92,0.2548919068697972
1190.6586,220,0.93,0.2505736045635175
1203.4614,220,0.94,0.24620045856810768
1216.2642,220,0.95,0.2417697863252838
1229.067,220,0.96,0.23727813593222694
1241.8698,220,0.97,0.23272280494025788
1254.6725,220,0.98,0.22810126546281853
1267.4753,220,0.99,0.22341219443644747
1280.2781,220,1.0,0.2186538147720693
1293.0809,220,1.01,0.21382644368445922
1305.8837,220,1.02,0.2089321829490993
1318.6864,220,1.03,0.20397491039451615
1331.4892,220,1.04,0.19896230909083681
1344.292,220,1.05,0.19390539745815688
1357.0948,220,1.06,0.18882133660231612
1369.8976,220,1.07,0.1837332303240993
1382.7003,220,1.08,0.17867350973974963
1395.5031,220,1.09,0.17368325292518283
1408.3059,220,1.1,0.16881332189231624
1421.1087,220,1.11,0.16412280594789508
1433.9115,220,1.12,0.15967516013063413
1446.7143,220,1.13,0.1555319302726212
1459.517,220,1.14,0.1517447020098445
1472.3198,220,1.15,0.14834902022068136
1485.1226,220,1.16,0.1453583555351997
1497.9254,220,1.17,0.1427671791076203
1510.7282,220,1.18,0.14055332675755394
1523.5309,220,1.19,0.13868436570572987
1536.3337,220,1.2,0.13712303056734543
960.2086,225,0.75,0.3225503220125853
973.0114,225,0.76,0.3187489939999471
985.8141,225,0.77,0.3149356301964283
998.6169,225,0.78,0.311108133721305
1011.4197,225,0.79,0.3072648324440662
1024.2225,225,0.8,0.3034037215959982
1037.0253,225,0.81,0.2995230157118046
1049.828,225,0.82,0.2956206747017518
1062.6308,225,0.83,0.2916940423761935
1075.4336,225,0.84,0.2877414566805175
1088.2364,225,0.85,0.28376044938856443
1101.0392,225,0.86,0.27974878409307125
1113.8419,225,0.87,0.27570337631510644
1126.6447,225,0.88,0.2716222486947764
1139.4475,225,0.89,0.2675024278735028
1152.2503,225,0.9,0.26334103932906366
1165.0531,225,0.91,0.2591354641704408
1177.8559,225,0.92,0.2548824525076443
1190.6586,225,0.93,0.25057909150771124
1203.4614,225,0.94,0.2462222411062375
1216.2642,225,0.95,0.24180925615359292
1229.067,225,0.96,0.2373370867210603
1241.8698,225,0.97,0.23280277365796043
1254.6725,225,0.98,0.2282044125178151
1267.4753,225,0.99,0.22354062336289326
1280.2781,225,1.0,0.21880985380066845
1293.0809,225,1.01,0.2140125847013426
1305.8837,225,1.02,0.20915101696027785
1318.6864,225,1.03,0.20422906364359533
1331.4892,225,1.04,0.19925424573200398
1344.292,225,1.05,0.1942373580896994
1357.0948,225,1.06,0.18919503617911496
1369.8976,225,1.07,0.18414930009934627
1382.7003,225,1.08,0.17913154717423171
1395.5031,225,1.09,0.1741807190431951
1408.3059,225,1.1,0.16934571141545174
1421.1087,225,1.11,0.16468304831226263
1433.9115,225,1.12,0.16025389201080567
1446.7143,225,1.13,0.15611818360507929
1459.517,225,1.14,0.15232725548059803
1472.3198,225,1.15,0.14891715344659995
1485.1226,225,1.16,0.1459039265476958
1497.9254,225,1.17,0.14328464658170906
1510.7282,225,1.18,0.1410396135700618
1523.5309,225,1.19,0.1391384248727011
1536.3337,225,1.2,0.13754567040652857
960.2086,230,0.75,0.32240134855708347
973.0114,230,0.76,0.318605377794721
985.8141,230,0.77,0.3147970874626817
998.6169,230,0.78,0.3109752397641657
1011.4197,230,0.79,0.30713786758085565
1024.2225,230,0.8,0.3032830492318018
1037.0253,230,0.81,0.2994089151943399
1049.828,230,0.82,0.2955134748380672
1062.6308,230,0.83,0.2915943553312497
1075.4336,230,0.84,0.2876496682668565
1088.2364,230,0.85,0.2836770677440069
1101.0392,230,0.86,0.2796739957616059
1113.8419,230,0.87,0.27563857909298156
1126.6447,230,0.88,0.2715677330461791
1139.4475,230,0.89,0.26745897130251295
1152.2503,230,0.9,0.2633095218072488
1165.0531,230,0.91,0.259116775796037
1177.8559,230,0.92,0.2548776753916357
1190.6586,230,0.93,0.2505893944398908
1203.4614,230,0.94,0.24624895309396788
1216.2642,230,0.95,0.24185376415336707
1229.067,230,0.96,0.2374006823941609
1241.8698,230,0.97,0.23288789027258774
1254.6725,230,0.98,0.22831268272815652
1267.4753,230,0.99,0.22367409746974723
1280.2781,230,1.0,0.21897078282459817
1293.0809,230,1.01,0.21420336779867333
1305.8837,230,1.02,0.20937415202260518
1318.6864,230,1.03,0.2044870588510722
1331.4892,230,1.04,0.19954945304265972
1344.292,230,1.05,0.19457189208087902
1357.0948,230,1.06,0.18957002482166366
1369.8976,230,1.07,0.18456634590963003
1382.7003,230,1.08,0.1795897964763348
1395.5031,230,1.09,0.17467765393901852
1408.3059,230,1.1,0.16987702384229866
1421.1087,230,1.11,0.16524219033802953
1433.9115,230,1.12,0.16083196517636544
1446.7143,230,1.13,0.15670430750516595
1459.517,230,1.14,0.1529105520696269
1472.3198,230,1.15,0.1494872601093605
1485.1226,230,1.16,0.14645260024613552
1497.9254,230,1.17,0.14380583714025985
1510.7282,230,1.18,0.1415297574273901
1523.5309,230,1.19,0.13959698183651073
1536.3337,230,1.2,0.13797245480327716
960.2086,235,0.75,0.32225462984083575
973.0114,235,0.76,0.3184637699189616
985.8141,235,0.77,0.31466105081651946
998.6169,235,0.78,0.31084496479138424
1011.4197,235,0.79,0.3070134163451533
1024.2225,235,0.8,0.3031652313868841
1037.0253,235,0.81,0.2992978273002642
1049.828,235,0.82,0.2954094745243257
1062.6308,235,0.83,0.2914979683414554
1075.4336,235,0.84,0.2875613232186996
1088.2364,235,0.85,0.28359727886107977
1101.0392,235,0.86,0.2796034068337212
1113.8419,235,0.87,0.2755776753244736
1126.6447,235,0.88,0.27151726890028505
1139.4475,235,0.89,0.26741984040596556
1152.2503,235,0.9,0.2632823502122662
1165.0531,235,0.91,0.2591025866341583
1177.8559,235,0.92,0.2548775330670594
1190.6586,235,0.93,0.25060445573166357
1203.4614,235,0.94,0.24628052274928666
1216.2642,235,0.95,0.2419032193490912
1229.067,235,0.96,0.23746971711709436
1241.8698,235,0.97,0.232978028548014
1254.6725,235,0.98,0.22842592999151914
1267.4753,235,0.99,0.22381245420211598
1280.2781,235,1.0,0.21913642401913047
1293.0809,235,1.01,0.21439860303763245
1305.8837,235,1.02,0.20960138978270315
1318.6864,235,1.03,0.2047486952583249
1331.4892,235,1.04,0.19984773360301825
1344.292,235,1.05,0.1949088239930089
1357.0948,235,1.06,0.18994713669193317
1369.8976,235,1.07,0.18498421920542696
1382.7003,235,1.08,0.18004753866172882
1395.5031,235,1.09,0.17517394498943561
1408.3059,235,1.1,0.1704076162758397
1421.1087,235,1.11,0.16579984420134924
1433.9115,235,1.12,0.16140877041649165
1446.7143,235,1.13,0.15729014526658694
1459.517,235,1.14,0.1534944508966421
1472.3198,235,1.15,0.15005907786942452
1485.1226,235,1.16,0.14700392723428232
1497.9254,235,1.17,0.1443305622109319
1510.7282,235,1.18,0.14202454693474564
1523.5309,235,1.19,0.1400598591719161
1536.3337,235,1.2,0.1384039981212069
960.2086,240,0.75,0.3221101607748287
973.0114,240,0.76,0.3183246608390572
985.8141,240,0.77,0.31452757533397896
998.6169,240,0.78,0.3107173675799386
1011.4197,240,0.79,0.3068921320535259
1024.2225,240,0.8,0.3030503340398635
1037.0253,240,0.81,0.2991896317843211
1049.828,240,0.82,0.2953086941966349
1062.6308,240,0.83,0.2914049170627673
1075.4336,240,0.84,0.2874764526907771
1088.2364,240,0.85,0.28352110709265405
1101.0392,240,0.86,0.2795365510184768
1113.8419,240,0.87,0.27552067498095456
1126.6447,240,0.88,0.2714708550704842
1139.4475,240,0.89,0.26738489004839944
1152.2503,240,0.9,0.26325950400409937
1165.0531,240,0.91,0.2590928609364555
1177.8559,240,0.92,0.25488197639853316
1190.6586,240,0.93,0.25062421171201915
1203.4614,240,0.94,0.2463168725590849
1216.2642,240,0.95,0.24195752645843194
1229.067,240,0.96,0.23754359315584042
1241.8698,240,0.97,0.23307306010195986
1254.6725,240,0.98,0.22854399097604433
1267.4753,240,0.99,0.22395503245462323
1280.2781,240,1.0,0.21930660274935926
1293.0809,240,1.01,0.21459810540318355
1305.8837,240,1.02,0.2098325384396378
1318.6864,240,1.03,0.20501378000011777
1331.4892,240,1.04,0.2001488989612074
1344.292,240,1.05,0.19524797645315442
1357.0948,240,1.06,0.19032571450026842
1369.8976,240,1.07,0.18540278056878043
1382.7003,240,1.08,0.18050566976540963
1395.5031,240,1.09,0.17566948832772442
1408.3059,240,1.1,0.17093658807964884
1421.1087,240,1.11,0.16635648814960294
1433.9115,240,1.12,0.161984536922135
1446.7143,240,1.13,0.1578752590469937
1459.517,240,1.14,0.1540785436088396
1472.3198,240,1.15,0.1506323671044348
1485.1226,240,1.16,0.14755773349692958
1497.9254,240,1.17,0.14485862999469076
1510.7282,240,1.18,0.142523033078889
1523.5309,240,1.19,0.14052707550470553
1536.3337,240,1.2,0.13883988434253547
960.2086,245,0.75,0.321968428908861
973.0114,245,0.76,0.3181880764735386
985.8141,245,0.77,0.3143967162046387
998.6169,245,0.78,0.31059250081686907
1011.4197,245,0.79,0.306773623390932
1024.2225,245,0.8,0.3029384080826508
1037.0253,245,0.81,0.2990850536158457
1049.828,245,0.82,0.29521115801599923
1062.6308,245,0.83,0.29131523069161974
1075.4336,245,0.84,0.2873950804591776
1088.2364,245,0.85,0.28344862539092885
1101.0392,245,0.86,0.2794734481308899
1113.8419,245,0.87,0.27546757985180287
1126.6447,245,0.88,0.2714284830055113
1139.4475,245,0.89,0.2673535821745061
1152.2503,245,0.9,0.26324095502213996
1165.0531,245,0.91,0.25908755659599425
1177.8559,245,0.92,0.2548909503680611
1190.6586,245,0.93,0.25064869147578983
1203.4614,245,0.94,0.2463579202023811
1216.2642,245,0.95,0.24201658669391818
1229.067,245,0.96,0.23762220800164052
1241.8698,245,0.97,0.233172855168305
1254.6725,245,0.98,0.22866670888116578
1267.4753,245,0.99,0.2241026730427786
1280.2781,245,1.0,0.21948114789732182
1293.0809,245,1.01,0.21480169495586926
1305.8837,245,1.02,0.21006741273143228
1318.6864,245,1.03,0.20528212792475617
1331.4892,245,1.04,0.20045276928748068
1344.292,245,1.05,0.19558918114824578
1357.0948,245,1.06,0.19070560921763788
1369.8976,245,1.07,0.1858218991536362
1382.7003,245,1.08,0.18096358898309864
1395.5031,245,1.09,0.17616418810706216
1408.3059,245,1.1,0.17146430750417097
1421.1087,245,1.11,0.16691160386194687
1433.9115,245,1.12,0.16255907322825003
1446.7143,245,1.13,0.1584599774509511
1459.517,245,1.14,0.15466331578587503
1472.3198,245,1.15,0.1512069042817604
1485.1226,245,1.16,0.14811399412638152
1497.9254,245,1.17,0.14538984633877491
1510.7282,245,1.18,0.1430253051309958
1523.5309,245,1.19,0.14099846000367236
1536.3337,245,1.2,0.13928006830772413
960.2086,250,0.75,0.3218287619424017
973.0114,250,0.76,0.31805405577257867
985.8141,250,0.77,0.3142685207328702
998.6169,250,0.78,0.3104705702518924
1011.4197,250,0.79,0.30665797601792716
1024.2225,250,0.8,0.30282949446163615
1037.0253,250,0.81,0.2989831825015318
1049.828,250,0.82,0.2951168889153683
1062.6308,250,0.83,0.291228931943031
1075.4336,250,0.84,0.28731722333486315
1088.2364,250,0.85,0.28337988912403655
1101.0392,250,0.86,0.2794141070412053
1113.8419,250,0.87,0.27541838444871725
1126.6447,250,0.88,0.2713901374524551
1139.4475,250,0.89,0.2673269007317972
1152.2503,250,0.9,0.263226668443945
1165.0531,250,0.91,0.2590866258545174
1177.8559,250,0.92,0.2549043948114497
1190.6586,250,0.93,0.250677716617797
1203.4614,250,0.94,0.24640357937003957
1216.2642,250,0.95,0.2420802984794706
1229.067,250,0.96,0.23770545544057406
1241.8698,250,0.97,0.23327728325758318
1254.6725,250,0.98,0.22879396854323125
1267.4753,250,0.99,0.22425471909503544
1280.2781,250,1.0,0.2196598921193456
1293.0809,250,1.01,0.2150091969390707
1305.8837,250,1.02,0.21030583388229793
1318.6864,250,1.03,0.2055535613926527
1331.4892,250,1.04,0.20075917302784776
1344.292,250,1.05,0.19593227836890678
1357.0948,250,1.06,0.19108667974791865
1369.8976,250,1.07,0.1862414521541621
1382.7003,250,1.08,0.1814211997806
1395.5031,250,1.09,0.17665795586004435
1408.3059,250,1.1,0.17199066861873388
1421.1087,250,1.11,0.16746513399581636
1433.9115,250,1.12,0.16313223878741792
1446.7143,250,1.13,0.15904379213338582
1459.517,250,1.14,0.15524779391407975
1472.3198,250,1.15,0.1517822262571101
1485.1226,250,1.16,0.14867200697261188
1497.9254,250,1.17,0.145923838123589
1510.7282,250,1.18,0.14353120375810127
1523.5309,250,1.19,0.14147396596322587
1536.3337,250,1.2,0.1397245112520747
960.2086,255,0.75,0.3216916441614101
973.0114,255,0.76,0.3179226362696754
985.8141,255,0.77,0.31414303221075685
998.6169,255,0.78,0.31035098510262327
1011.4197,255,0.79,0.3065452453224262
1024.2225,255,0.8,0.3027236265532905
1037.0253,255,0.81,0.298884513207413
1049.828,255,0.82,0.2950259062591412
1062.6308,255,0.83,0.2911460372640915
1075.4336,255,0.84,0.28724289164169503
1088.2364,255,0.85,0.28331424431744245
1101.0392,255,0.86,0.2793585277220383
1113.8419,255,0.87,0.2753730767604422
1126.6447,255,0.88,0.2713557970759546
1139.4475,255,0.89,0.2673043211493969
1152.2503,255,0.9,0.2632166036144966
1165.0531,255,0.91,0.259090015962017
1177.8559,255,0.92,0.25492224509555905
1190.6586,255,0.93,0.25071069722425754
1203.4614,255,0.94,0.24645376049292825
1216.2642,255,0.95,0.24214855808927863
1229.067,255,0.96,0.23779322657593008
1241.8698,255,0.97,0.23338621372747642
1254.6725,255,0.98,0.22892562683092516
1267.4753,255,0.99,0.22441101637558458
1280.2781,255,1.0,0.219842172043495
1293.0809,255,1.01,0.2152204418397094
1305.8837,255,1.02,0.21054762951818506
1318.6864,255,1.03,0.2058279100591618
1331.4892,255,1.04,0.20106794656042168
1344.292,255,1.05,0.19627711657201605
1357.0948,255,1.06,0.1914687925787637
1369.8976,255,1.07,0.18666132430305124
1382.7003,255,1.08,0.18187841048123643
1395.5031,255,1.09,0.17715070993249413
1408.3059,255,1.1,0.17251558243213327
1421.1087,255,1.11,0.16801700784427287
1433.9115,255,1.12,0.16370391544749213
1446.7143,255,1.13,0.15962660225968314
1459.517,255,1.14,0.15583213521868264
1472.3198,255,1.15,0.15235879968355026
1485.1226,255,1.16,0.14923194537047263
1497.9254,255,1.17,0.14646091008640363
1510.7282,255,1.18,0.14404056561383635
1523.5309,255,1.19,0.14195301794711698
1536.3337,255,1.2,0.14017296126212778
960.2086,260,0.75,0.32155708982836817
973.0114,260,0.76,0.3177938611696063
985.8141,260,0.77,0.3140202888260545
998.6169,260,0.78,0.31023465000190403
1011.4197,260,0.79,0.3064354702097513
1024.2225,260,0.8,0.3026206335294321
1037.0253,260,0.81,0.2987890497677104
1049.828,260,0.82,0.2949382248364335
1062.6308,260,0.83,0.291066557123429
1075.4336,260,0.84,0.2871720896678389
1088.2364,260,0.85,0.2832527080344554
1101.0392,260,0.86,0.27930670271181385
1113.8419,260,0.87,0.27533163890627127
1126.6447,260,0.88,0.27132543503739454
1139.4475,260,0.89,0.26728581174433436
1152.2503,260,0.9,0.26321072569965853
1165.0531,260,0.91,0.25909766978867277
1177.8559,260,0.92,0.2549444327391815
1190.6586,260,0.93,0.250748557045686
1203.4614,260,0.94,0.24650837138866016
1216.2642,260,0.95,0.24222126021595078
1229.067,260,0.96,0.23788541057336318
1241.8698,260,0.97,0.2334995162738631
1254.6725,260,0.98,0.22906154229065176
1267.4753,260,0.99,0.2245714135467996
1280.2781,260,1.0,0.22002882841567906
1293.0809,260,1.01,0.21543526540929409
1305.8837,260,1.02,0.2107926335570091
1318.6864,260,1.03,0.20610501064650083
1331.4892,260,1.04,0.20137893385694586
1344.292,260,1.05,0.19662355196225273
1357.0948,260,1.06,0.19185182142379134
1369.8976,260,1.07,0.1870814074001117
1382.7003,260,1.08,0.18233513451817662
1395.5031,260,1.09,0.17764237497515142
1408.3059,260,1.1,0.17303897185809236
1421.1087,260,1.11,0.16856715275187417
1433.9115,260,1.12,0.16427399782651445
1446.7143,260,1.13,0.16020828438447274
1459.517,260,1.14,0.15641613491024553
1472.3198,260,1.15,0.15293585369838764
1485.1226,260,1.16,0.14979354679559584
1497.9254,260,1.17,0.14700043054003273
1510.7282,260,1.18,0.14455322401860224
1523.5309,260,1.19,0.14243638640663103
1536.3337,260,1.2,0.14062583306037552
960.2086,265,0.75,0.32142512657779604
973.0114,265,0.76,0.3176677637409861
985.8141,265,0.77,0.3139003235330484
998.6169,265,0.78,0.3101211497868668
1011.4197,265,0.79,0.3063286794123102
1024.2225,265,0.8,0.302521297614234
1037.0253,265,0.81,0.29869679874389915
1049.828,265,0.82,0.2948538545314065
1062.6308,265,0.83,0.2909904964319822
1075.4336,265,0.84,0.2871048161058976
1088.2364,265,0.85,0.28319478497766415
1101.0392,265,0.86,0.2792586181998512
1113.8419,265,0.87,0.27529404771709837
1126.6447,265,0.88,0.27129914381635845
1139.4475,265,0.89,0.26727133484183924
1152.2503,265,0.9,0.26320895931678856
1165.0531,265,0.91,0.2591095263902271
1177.8559,265,0.92,0.2549708859806384
1190.6586,265,0.93,0.25079071632137007
1203.4614,265,0.94,0.24656731783573824
1216.2642,265,0.95,0.24229829847444947
1229.067,265,0.96,0.23798189517707757
1241.8698,265,0.97,0.23361656135172673
1254.6725,265,0.98,0.22920157545200248
1267.4753,265,0.99,0.2247357456889728
1280.2781,265,1.0,0.22021920620197774
1293.0809,265,1.01,0.2156535086520068
1305.8837,265,1.02,0.2110406860789894
1318.6864,265,1.03,0.2063847067086993
1331.4892,265,1.04,0.20169198615151512
1344.292,265,1.05,0.19697144809267444
1357.0948,265,1.06,0.19223564686491168
1369.8976,265,1.07,0.18750159987054213
1382.7003,265,1.08,0.18279129047499548
1395.5031,265,1.09,0.17813288148226272
1408.3059,265,1.1,0.17356076879268317
1421.1087,265,1.11,0.16911549894011746
1433.9115,265,1.12,0.1648423900149201
1446.7143,265,1.13,0.16078849784887483
1459.517,265,1.14,0.15699962270209786
1472.3198,265,1.15,0.15351330130933621
1485.1226,265,1.16,0.15035658980862313
1497.9254,265,1.17,0.1475422896148551
1510.7282,265,1.18,0.14506900962772376
1523.5309,265,1.19,0.14292321469134003
1536.3337,265,1.2,0.14108253076544952
960.2086,270,0.75,0.3212957747132133
973.0114,270,0.76,0.31754437437900074
985.8141,270,0.77,0.31378292641426037
998.6169,270,0.78,0.31001053418379687
1011.4197,270,0.79,0.30622489456103696
1024.2225,270,0.8,0.30242463014563437
1037.0253,270,0.81,0.2986077657740778
1049.828,270,0.82,0.2947728003338687
1062.6308,270,0.83,0.29091785485906113
1075.4336,270,0.84,0.2870411580213682
1088.2364,270,0.85,0.28314047029933476
1101.0392,270,0.86,0.27921425486405754
1113.8419,270,0.87,0.27526027526136226
1126.6447,270,0.88,0.27127673986687895
1139.4475,270,0.89,0.2672608476865984
1152.2503,270,0.9,0.2632112656081565
1165.0531,270,0.91,0.2591255215284177
1177.8559,270,0.92,0.25500153029528094
1190.6586,270,0.93,0.2508370924654016
1203.4614,270,0.94,0.24663050408278472
1216.2642,270,0.95,0.24237956584777304
1229.067,270,0.96,0.23808256730118427
1241.8698,270,0.97,0.23373822053423232
1254.6725,270,0.98,0.22934558908167205
1267.4753,270,0.99,0.22490384555846096
1280.2781,270,1.0,0.22041315465368844
1293.0809,270,1.01,0.2158750177855809
1305.8837,270,1.02,0.21129163318157634
1318.6864,270,1.03,0.20666684839278393
1331.4892,270,1.04,0.20200696161786538
1344.292,270,1.05,0.1973206754841651
1357.0948,270,1.06,0.19262015600062582
1369.8976,270,1.07,0.1879218063517114
1382.7003,270,1.08,0.18324680199542853
1395.5031,270,1.09,0.17862216536955686
1408.3059,270,1.1,0.17408091230577463
1421.1087,270,1.11,0.16966198136521296
1433.9115,270,1.12,0.16540900426389357
1446.7143,270,1.13,0.1613678639834746
1459.517,270,1.14,0.1575824649171956
1472.3198,270,1.15,0.15409098182369943
1485.1226,270,1.16,0.15092086774297456
1497.9254,270,1.17,0.14808622523246354
1510.7282,270,1.18,0.14558775110294808
1523.5309,270,1.19,0.14341357278868966
1536.3337,270,1.2,0.1415431375647777
960.2086,275,0.75,0.321169069343093
973.0114,275,0.76,0.31742371933587005
985.8141,275,0.77,0.3136687225157735
998.6169,275,0.78,0.3099028340672463
1011.4197,275,0.79,0.3061241310033923
1024.2225,275,0.8,0.30233111537735663
1037.0253,275,0.81,0.2985219538840303
1049.828,275,0.82,0.294695062517529
1062.6308,275,0.83,0.29084862723191773
1075.4336,275,0.84,0.28698105370136057
1088.2364,275,0.85,0.283089751591404
1101.0392,275,0.86,0.27917358854412183
1113.8419,275,0.87,0.27523028932639304
1126.6447,275,0.88,0.27125767856966754
1139.4475,275,0.89,0.2672543031984807
1152.2503,275,0.9,0.2632175868099923
1165.0531,275,0.91,0.25914558814856054
1177.8559,275,0.92,0.25503628886610996
1190.6586,275,0.93,0.25088760066392807
1203.4614,275,0.94,0.2466978332996153
1216.2642,275,0.95,0.24246516669394894
1229.067,275,0.96,0.23818731354599307
1241.8698,275,0.97,0.23386386681729437
1254.6725,275,0.98,0.22949344839212435
1267.4753,275,0.99,0.2250756077714721
1280.2781,275,1.0,0.22061052734077302
1293.0809,275,1.01,0.21609964417985722
1305.8837,275,1.02,0.21154532682279964
1318.6864,275,1.03,0.20695129219877373
1331.4892,275,1.04,0.20232372505635432
1344.292,275,1.05,0.19767111126336848
1357.0948,275,1.06,0.1930052421042321
1369.8976,275,1.07,0.18834193730700693
1382.7003,275,1.08,0.1837015976151095
1395.5031,275,1.09,0.1791101675865214
1408.3059,275,1.1,0.17459934758281972
1421.1087,275,1.11,0.1702064346399946
1433.9115,275,1.12,0.16597351093663631
1446.7143,275,1.13,0.1619453736568596
1459.517,275,1.14,0.15816428203093733
1472.3198,275,1.15,0.15466887986902822
1485.1226,275,1.16,0.1514861882126908
1497.9254,275,1.17,0.14863246709941214
1510.7282,275,1.18,0.1461094290717982
1523.5309,275,1.19,0.14390731812236626
1536.3337,275,1.2,0.14200759087292616
960.2086,280,0.75,0.32104503181754196
973.0114,280,0.76,0.31730582049356515
985.8141,280,0.77,0.3135572991273379
998.6169,280,0.78,0.3097980692717133
1011.4197,280,0.79,0.3060261888467435
1024.2225,280,0.8,0.3022407446172108
1037.0253,280,0.81,0.29843936273573735
1049.828,280,0.82,0.29462063689625456
1062.6308,280,0.83,0.2907828039017005
1075.4336,280,0.84,0.28692389881867497
1088.2364,280,0.85,0.2830426103169668
1101.0392,280,0.86,0.2791365908025621
1113.8419,280,0.87,0.27520405386185354
1126.6447,280,0.88,0.27124292359293456
1139.4475,280,0.89,0.26725165061030826
1152.2503,280,0.9,0.2632278623601002
1165.0531,280,0.91,0.2591696568165431
1177.8559,280,0.92,0.255075083010738
1190.6586,280,0.93,0.25094215439617334
1203.4614,280,0.94,0.24676920797617075
1216.2642,280,0.95,0.24255422519191158
1229.067,280,0.96,0.23829602064009384
1241.8698,280,0.97,0.23399331843725932
1254.6725,280,0.98,0.2296450212106347
1267.4753,280,0.99,0.2252508941643731
1280.2781,280,1.0,0.22081118215866222
1293.0809,280,1.01,0.21632724427724628
1305.8837,280,1.02,0.2118016246561722
1318.6864,280,1.03,0.20723790074056925
1331.4892,280,1.04,0.20264214759132546
1344.292,280,1.05,0.19802263881870275
1357.0948,280,1.06,0.19339080429437658
1369.8976,280,1.07,0.18876192578737017
1382.7003,280,1.08,0.1841556105495011
1395.5031,280,1.09,0.17959694455995084
1408.3059,280,1.1,0.17511602515515728
1421.1087,280,1.11,0.17074934997499883
1433.9115,280,1.12,0.1665364686013189
1446.7143,280,1.13,0.16252134121771727
1459.517,280,1.14,0.15874544061269508
1472.3198,280,1.15,0.15524639622509886
1485.1226,280,1.16,0.15205249326216905
1497.9254,280,1.17,0.14918016640252385
1510.7282,280,1.18,0.14663332777707871
1523.5309,280,1.19,0.1444043048745189
1536.3337,280,1.2,0.14247531219684828
960.2086,285,0.75,0.3209236818286305
973.0114,285,0.76,0.3171908274109068
985.8141,285,0.77,0.3134487054659849
998.6169,285,0.78,0.30969625235930515
1011.4197,285,0.79,0.3059318730370453
1024.2225,285,0.8,0.30215351134014395
1037.0253,285,0.81,0.2983599883708288
1049.828,285,0.82,0.2945495151144221
1062.6308,285,0.83,0.2907203710959164
1075.4336,285,0.84,0.2868706888852208
1088.2364,285,0.85,0.28299902286339884
1101.0392,285,0.86,0.2791032294066541
1113.8419,285,0.87,0.2751815293896344
1126.6447,285,0.88,0.2712319334245596
1139.4475,285,0.89,0.2672528360141759
1152.2503,285,0.9,0.263242029294781
1165.0531,285,0.91,0.25919765611763906
1177.8559,285,0.92,0.25511789682104585
1190.6586,285,0.93,0.25100066588959186
1203.4614,285,0.94,0.24684453027464257
1216.2642,285,0.95,0.24264762683559737
1229.067,285,0.96,0.23840857581786665
1241.8698,285,0.97,0.23412646122859854
1254.6725,285,0.98,0.22980017811364498
1267.4753,285,0.99,0.22542957012247308
1280.2781,285,1.0,0.2210149813126553
1293.0809,285,1.01,0.21655767949864543
1305.8837,285,1.02,0.21206038985981554
1318.6864,285,1.03,0.20752654250940464
1331.4892,285,1.04,0.20296215049203242
1344.292,285,1.05,0.19837514747385826
1357.0948,285,1.06,0.19377674721947552
1369.8976,285,1.07,0.18918175546338617
1382.7003,285,1.08,0.184608778460039
1395.5031,285,1.09,0.1800823393364465
1408.3059,285,1.1,0.17563090025049713
1421.1087,285,1.11,0.17128980770735203
1433.9115,285,1.12,0.16709735685804242
1446.7143,285,1.13,0.1630956419706932
1459.517,285,1.14,0.15932544451887218
1472.3198,285,1.15,0.15582374662430198
1485.1226,285,1.16,0.15261910586014257
1497.9254,285,1.17,0.14972953326988048
1510.7282,285,1.18,0.14715996970761458
1523.5309,285,1.19,0.14490438452168145
1536.3337,285,1.2,0.14294710277476524
960.2086,290,0.75,0.32080503586304504
973.0114,290,0.76,0.31707817810956934
985.8141,290,0.77,0.3133429683072285
998.6169,290,0.78,0.3095973906052919
1011.4197,290,0.79,0.30584014994289854
1024.2225,290,0.8,0.30206940859374615
1037.0253,290,0.81,0.29828382321208674
1049.828,290,0.82,0.2944816849565511
1062.6308,290,0.83,0.29066131125564215
1075.4336,290,0.84,0.2868209108041574
1088.2364,290,0.85,0.2829589613389153
1101.0392,290,0.86,0.2790734687521333
1113.8419,290,0.87,0.27516267338330846
1126.6447,290,0.88,0.27122466231572273
1139.4475,290,0.89,0.26725780283542416
1152.2503,290,0.9,0.2632600226147456
1165.0531,290,0.91,0.2592295130195785
1177.8559,290,0.92,0.2551646140769743
1190.6586,290,0.93,0.25106304651780237
1203.4614,290,0.94,0.24692370233956223
1216.2642,290,0.95,0.24274478000281494
1229.067,290,0.96,0.2385248671406745
1241.8698,290,0.97,0.23426321478298792
1254.6725,290,0.98,0.22995879253088827
1267.4753,290,0.99,0.22561150461695928
1280.2781,290,1.0,0.2212217912836412
1293.0809,290,1.01,0.21679081613787274
1305.8837,290,1.02,0.2123214909619779
1318.6864,290,1.03,0.2078170916411479
1331.4892,290,1.04,0.2032835847897041
1344.292,290,1.05,0.19872853217818306
1357.0948,290,1.06,0.19416298075673716
1369.8976,290,1.07,0.18960125257865296
1382.7003,290,1.08,0.18506104321240116
1395.5031,290,1.09,0.18056576809204883
1408.3059,290,1.1,0.1761439323890952
1421.1087,290,1.11,0.17182823381864665
1433.9115,290,1.12,0.16765615221590183
1446.7143,290,1.13,0.16366817797485003
1459.517,290,1.14,0.15990421943224375
1472.3198,290,1.15,0.15640069983098628
1485.1226,290,1.16,0.15318652257523777
1497.9254,290,1.17,0.15028034723655598
1510.7282,290,1.18,0.14768882210260195
1523.5309,290,1.19,0.14540740635692295
1536.3337,290,1.2,0.14342211883243627
960.2086,295,0.75,0.32068910682965807
973.0114,295,0.76,0.3169687300626014
985.8141,295,0.77,0.31324010171086575
998.6169,295,0.78,0.3095014718792041
1011.4197,295,0.79,0.3057514954815618
1024.2225,295,0.8,0.3019884276782604
1037.0253,295,0.81,0.2982108561963831
1049.828,295,0.82,0.2944171306285839
1062.6308,295,0.83,0.29060571755978787
1075.4336,295,0.84,0.28677454479936904
1088.2364,295,0.85,0.2829223941939616
1101.0392,295,0.86,0.27904727024210163
1113.8419,295,0.87,0.27514756255461237
1126.6447,295,0.88,0.2712210610378355
1139.4475,295,0.89,0.26726650249332823
1152.2503,295,0.9,0.2632817756211621
1165.0531,295,0.91,0.2592651532022802
1177.8559,295,0.92,0.25521510435652667
1190.6586,295,0.93,0.2511292071485613
1203.4614,295,0.94,0.2470066265701536
1216.2642,295,0.95,0.24284559189999827
1229.067,295,0.96,0.23864478376900256
1241.8698,295,0.97,0.23440346066561818
1254.6725,295,0.98,0.23012074082319273
1267.4753,295,0.99,0.22579657022045496
1280.2781,295,1.0,0.22143145759018076
1293.0809,295,1.01,0.2170265252471881
1305.8837,295,1.02,0.21258484699146732
1318.6864,295,1.03,0.2081094276884767
1331.4892,295,1.04,0.20360631991259526
1344.292,295,1.05,0.19908269321330113
1357.0948,295,1.06,0.19454941972609155
1369.8976,295,1.07,0.1900198517207927
1382.7003,295,1.08,0.18551235063566002
1395.5031,295,1.09,0.18104819869871075
1408.3059,295,1.1,0.1766550850277497
1421.1087,295,1.11,0.17236457117660176
1433.9115,295,1.12,0.16821281721308548
1446.7143,295,1.13,0.16423886491672304
1459.517,295,1.14,0.1604816686173508
1472.3198,295,1.15,0.15697709399892823
1485.1226,295,1.16,0.15375421342176288
1497.9254,295,1.17,0.15083241732699226
1510.7282,295,1.18,0.14821975254381722
1523.5309,295,1.19,0.1459132180094748
1536.3337,295,1.2,0.14390043916958353
960.2086,300,0.75,0.32057590408514713
973.0114,300,0.76,0.3168620376255103
985.8141,300,0.77,0.3131401118930238
998.6169,300,0.78,0.3094083257713936
1011.4197,300,0.79,0.30566589150670764
1024.2225,300,0.8,0.30191055753028656
1037.0253,300,0.81,0.2981410729734119
1049.828,300,0.82,0.2943558330554174
1062.6308,300,0.83,0.2905534606537532
1075.4336,300,0.84,0.2867315658226587
1088.2364,300,0.85,0.2828892867215165
1101.0392,300,0.86,0.27902459262984103
1113.8419,300,0.87,0.2751360018222143
1126.6447,300,0.88,0.27122107749907826
1139.4475,300,0.89,0.2672788508443379
1152.2503,300,0.9,0.26330722022325015
1165.0531,300,0.91,0.2593045013566316
1177.8559,300,0.92,0.2552687887140634
1190.6586,300,0.93,0.2511990584479774
1203.4614,300,0.94,0.247093205858794
1216.2642,300,0.95,0.24294996922319467
1229.067,300,0.96,0.2387682161917743
1241.8698,300,0.97,0.23454708279262398
1254.6725,300,0.98,0.230285902337454
1267.4753,300,0.99,0.22598464310435587
1280.2781,300,1.0,0.22164386169382258
1293.0809,300,1.01,0.2172646825161121
1305.8837,300,1.02,0.21285036832725274
1318.6864,300,1.03,0.20840343539871373
1331.4892,300,1.04,0.20393025028734896
1344.292,300,1.05,0.19943753591526797
1357.0948,300,1.06,0.19493598361898007
1369.8976,300,1.07,0.19043849081447753
1382.7003,300,1.08,0.18596265028761752
1395.5031,300,1.09,0.18152909951952212
1408.3059,300,1.1,0.17716432524556294
1421.1087,300,1.11,0.172898773986151
1433.9115,300,1.12,0.1687673102002868
1446.7143,300,1.13,0.1648076272140629
1459.517,300,1.14,0.1610576763149898
1472.3198,300,1.15,0.1575527882270188
1485.1226,300,1.16,0.1543220561750183
1497.9254,300,1.17,0.15138556137755257
1510.7282,300,1.18,0.1487524420063076
1523.5309,300,1.19,0.1464216659618635
1536.3337,300,1.2,0.14438193543527378
960.2086,305,0.75,0.320465645203823
973.0114,305,0.76,0.31675812760876376
985.8141,305,0.77,0.3130429996897466
998.6169,305,0.78,0.3093187130521517
1011.4197,305,0.79,0.3055833220321266
1024.2225,305,0.8,0.301835784491646
1037.0253,305,0.81,0.2980744561176893
1049.828,305,0.82,0.29429777015768627
1062.6308,305,0.83,0.29050396539703843
1075.4336,305,0.84,0.28669194459148595
1088.2364,305,0.85,0.28285960147204087
1101.0392,305,0.86,0.2790053923313542
1113.8419,305,0.87,0.2751274425001059
1126.6447,305,0.88,0.271224657253984
1139.4475,305,0.89,0.26729479964717656
1152.2503,305,0.9,0.26333628721898844
1165.0531,305,0.91,0.2593474814545587
1177.8559,305,0.92,0.255326587220147
1190.6586,305,0.93,0.251272511146206
1203.4614,305,0.94,0.24718334379902893
1216.2642,305,0.95,0.2430578185097854
1229.067,305,0.96,0.23889505641828582
1241.8698,305,0.97,0.23469396751605712
1254.6725,305,0.98,0.23045415944181585
1267.4753,305,0.99,0.2261756030207726
1280.2781,305,1.0,0.22185889838747633
1293.0809,305,1.01,0.21750566814538158
1305.8837,305,1.02,0.21311734009924221
1318.6864,305,1.03,0.20869900449786472
1331.4892,305,1.04,0.2042552752150595
1344.292,305,1.05,0.1997929704115747
1357.0948,305,1.06,0.19532259634169186
1369.8976,305,1.07,0.19085661106848925
1382.7003,305,1.08,0.18641189522938428
1395.5031,305,1.09,0.18200844006234612
1408.3059,305,1.1,0.1776716234639356
1421.1087,305,1.11,0.17343080445697964
1433.9115,305,1.12,0.16931958994071913
1446.7143,305,1.13,0.16537439612967667
1459.517,305,1.14,0.161632367562754
1472.3198,305,1.15,0.15812765164653547
1485.1226,305,1.16,0.15488983047390026
1497.9254,305,1.17,0.15193961277865634
1510.7282,305,1.18,0.14928733550642376
1523.5309,305,1.19,0.14693241542113644
1536.3337,305,1.2,0.14486647665677857
960.2086,310,0.75,0.32035755292865886
973.0114,310,0.76,0.31665701141334396
985.8141,310,0.77,0.312948761955504
998.6169,310,0.78,0.3092315927417349
1011.4197,310,0.79,0.3055037711540066
1024.2225,310,0.8,0.3017640922863193
1037.0253,310,0.81,0.29801098538939563
1049.828,310,0.82,0.29424291711494255
1062.6308,310,0.83,0.2904582143656083
1075.4336,310,0.84,0.2866556483669585
1088.2364,310,0.85,0.28283329860668144
1101.0392,310,0.86,0.2789896237116578
1113.8419,310,0.87,0.2751228394063856
1126.6447,310,0.88,0.27123174393043514
1139.4475,310,0.89,0.2673142851270831
1152.2503,310,0.9,0.26336890655062406
1165.0531,310,0.91,0.2593940169925944
1177.8559,310,0.92,0.2553879193212581
1190.6586,310,0.93,0.25134947626919696
1203.4614,310,0.94,0.2472769448663063
1216.2642,310,0.95,0.24316904627156008
1229.067,310,0.96,0.23902519813753295
1241.8698,310,0.97,0.23484400368843783
1254.6725,310,0.98,0.23062539754381706
1267.4753,310,0.99,0.22636933327146977
1280.2781,310,1.0,0.22207645052203293
1293.0809,310,1.01,0.21774836671759645
1305.8837,310,1.02,0.2133866518804291
1318.6864,310,1.03,0.20899602948130938
1331.4892,310,1.04,0.2045807986495827
1344.292,310,1.05,0.20014891137230995
1357.0948,310,1.06,0.195709193163588
1369.8976,310,1.07,0.19127415689295324
1382.7003,310,1.08,0.18686004181088367
1395.5031,310,1.09,0.18248619138581648
1408.3059,310,1.1,0.1781769531941965
1421.1087,310,1.11,0.17396063071271367
1433.9115,310,1.12,0.16986961765322978
1446.7143,310,1.13,0.16593910892855374
1459.517,310,1.14,0.16220513410851267
1472.3198,310,1.15,0.1587013608743199
1485.1226,310,1.16,0.15545771515216872
1497.9254,310,1.17,0.15249440489549188
1510.7282,310,1.18,0.14982344280459622
1523.5309,310,1.19,0.14744581129726322
1536.3337,310,1.2,0.14535392966503524
960.2086,315,0.75,0.32025262471653915
973.0114,315,0.76,0.3165586913519158
985.8141,315,0.77,0.312857375943573
998.6169,315,0.78,0.3091474345246826
1011.4197,315,0.79,0.30542722194983474
1024.2225,315,0.8,0.3016954621072263
1037.0253,315,0.81,0.2979506379384753
1049.828,315,0.82,0.29419124661480633
1062.6308,315,0.83,0.2904156840049442
1075.4336,315,0.84,0.286622641549284
1088.2364,315,0.85,0.28281033620442586
1101.0392,315,0.86,0.2789772393477329
1113.8419,315,0.87,0.2751216442094586
1126.6447,315,0.88,0.27124227959189473
1139.4475,315,0.89,0.26733724257104796
1152.2503,315,0.9,0.26340500753659685
1165.0531,315,0.91,0.2594440312110033
1177.8559,315,0.92,0.2554527041491537
1190.6586,315,0.93,0.2514298653404196
1203.4614,315,0.94,0.24737391457420593
1216.2642,315,0.95,0.24328355930477363
1229.067,315,0.96,0.239158536849076
1241.8698,315,0.97,0.23499708270943637
1254.6725,315,0.98,0.23079950509386682
1267.4753,315,0.99,0.22656572066597938
1280.2781,315,1.0,0.2222964048674502
1293.0809,315,1.01,0.21799316706589442
1305.8837,315,1.02,0.2136576976283411
1318.6864,315,1.03,0.2092944094114042
1331.4892,315,1.04,0.204907728984485
1344.292,315,1.05,0.20050527777477978
1357.0948,315,1.06,0.19609569028196866
1369.8976,315,1.07,0.19169107579661074
1382.7003,315,1.08,0.18730704946800816
1395.5031,315,1.09,0.1829623263341436
1408.3059,315,1.1,0.1786802908081053
1421.1087,315,1.11,0.17448822587109908
1433.9115,315,1.12,0.17041735782345005
1446.7143,315,1.13,0.16650189883515848
1459.517,315,1.14,0.1627762740920081
1472.3198,315,1.15,0.15927432677545364
1485.1226,315,1.16,0.15602506424751197
1497.9254,315,1.17,0.15304960555176347
1510.7282,315,1.18,0.15036102496061685
1523.5309,315,1.19,0.14796128268586545
1536.3337,315,1.2,0.14584415950614582
960.2086,320,0.75,0.3201503920254534
973.0114,320,0.76,0.31646316393693563
985.8141,320,0.77,0.31276867291112037
998.6169,320,0.78,0.30906621345524177
1011.4197,320,0.79,0.3053536559348456
1024.2225,320,0.8,0.3016298727584636
1037.0253,320,0.81,0.2978933885382823
1049.828,320,0.82,0.29414285312593663
1062.6308,320,0.83,0.2903763460130092
1075.4336,320,0.84,0.28659288614449124
1088.2364,320,0.85,0.2827906705336672
1101.0392,320,0.86,0.2789681902703505
1113.8419,320,0.87,0.2751238060798703
1126.6447,320,0.88,0.2712562050480553
1139.4475,320,0.89,0.26736360654251734
1152.2503,320,0.9,0.2634445190815592
1165.0531,320,0.91,0.2594974472903829
1177.8559,320,0.92,0.2555208607870542
1190.6586,320,0.93,0.25151359055597455
1203.4614,320,0.94,0.2474743907741252
1216.2642,320,0.95,0.24340126496358255
1229.067,320,0.96,0.23929446996906306
1241.8698,320,0.97,0.235153098556967
1254.6725,320,0.98,0.23097637357615589
1267.4753,320,0.99,0.2267646554706956
1280.2781,320,1.0,0.2225186520200177
1293.0809,320,1.01,0.2182399621417105
1305.8837,320,1.02,0.21393037552639146
1318.6864,320,1.03,0.20959404772216
1331.4892,320,1.04,0.2052354788486246
1344.292,320,1.05,0.20086199268090538
1357.0948,320,1.06,0.19648203237269277
1369.8976,320,1.07,0.1921073182713342
1382.7003,320,1.08,0.1877528805315995
1395.5031,320,1.09,0.18343681965490985
1408.3059,320,1.1,0.17918161532768664
1421.1087,320,1.11,0.1750135663490656
1433.9115,320,1.12,0.17096267132326307
1446.7143,320,1.13,0.16706198899223137
1459.517,320,1.14,0.1633456618202653
1472.3198,320,1.15,0.15984603368683842
1485.1226,320,1.16,0.1565920571259995
1497.9254,320,1.17,0.15360552704800692
1510.7282,320,1.18,0.15089989190370065
1523.5309,320,1.19,0.1484787461875753
1536.3337,320,1.2,0.14633702984744096
960.2086,325,0.75,0.3200508669291269
973.0114,325,0.76,0.316370421612632
985.8141,325,0.77,0.3126833911683453
998.6169,325,0.78,0.30898790688185646
1011.4197,325,0.79,0.3052830528340111
1024.2225,325,0.8,0.30156730082295824
1037.0253,325,0.81,0.2978392098006813
1049.828,325,0.82,0.2940975715361304
1062.6308,325,0.83,0.29034016837189747
1075.4336,325,0.84,0.2865663421395337
1088.2364,325,0.85,0.2827742562952745
1101.0392,325,0.86,0.2789625429966172
1113.8419,325,0.87,0.2751292722147474
1126.6447,325,0.88,0.2712734601237433
1139.4475,325,0.89,0.26739331107792513
1152.2503,325,0.9,0.26348736986605736
1165.0531,325,0.91,0.25955423780937
1177.8559,325,0.92,0.2555923084987099
1190.6586,325,0.93,0.2516005649361274
1203.4614,325,0.94,0.2475774798377376
1216.2642,325,0.95,0.24352257139185604
1229.067,325,0.96,0.23943389691460878
1241.8698,325,0.97,0.2353119478047366
1254.6725,325,0.98,0.23115589748888885
1267.4753,325,0.99,0.2269660313505781
1280.2781,325,1.0,0.22274308630587292
1293.0809,325,1.01,0.218488648882578
1305.8837,325,1.02,0.21420458782805193
1318.6864,325,1.03,0.20989485203109517
1331.4892,325,1.04,0.20556396491036782
1344.292,325,1.05,0.2012189830267542
1357.0948,325,1.06,0.19686815864875418
1369.8976,325,1.07,0.19252283766921385
1382.7003,325,1.08,0.1881975000480564
1395.5031,325,1.09,0.18390964803792384
1408.3059,325,1.1,0.1796809082318716
1421.1087,325,1.11,0.17553663234305056
1433.9115,325,1.12,0.1715060892063887
1446.7143,325,1.13,0.1676202882404759
1459.517,325,1.14,0.16391320632838366
1472.3198,325,1.15,0.160416428815035
1485.1226,325,1.16,0.1571585168942957
1497.9254,325,1.17,0.15416164201742455
1510.7282,325,1.18,0.1514398771949029
1523.5309,325,1.19,0.14899806860742715
1536.3337,325,1.2,0.14683240338011183
960.2086,330,0.75,0.3199540503115891
973.0114,330,0.76,0.31628045380939507
985.8141,330,0.77,0.31260048646730665
998.6169,330,0.78,0.3089124926956805
1011.4197,330,0.79,0.3052153905303698
1024.2225,330,0.8,0.301507720837197
1037.0253,330,0.81,0.2977880723796306
1049.828,330,0.82,0.2940548433319935
1062.6308,330,0.83,0.2903071161227712
1075.4336,330,0.84,0.28654296781128785
1088.2364,330,0.85,0.2827610468420783
1101.0392,330,0.86,0.27896010551808326
1113.8419,330,0.87,0.27513798826445285
1126.6447,330,0.88,0.27129399353080047
1139.4475,330,0.89,0.2674262898659026
1152.2503,330,0.9,0.26353348851742364
1165.0531,330,0.91,0.2596143211458721
1177.8559,330,0.92,0.25566696692540025
1190.6586,330,0.93,0.25169070245586705
1203.4614,330,0.94,0.247684085192472
1216.2642,330,0.95,0.243646387718762
1229.067,330,0.96,0.23957620306939817
1241.8698,330,0.97,0.23547352962802884
1254.6725,330,0.98,0.23133797431544378
1267.4753,330,0.99,0.22716974530486336
1280.2781,330,1.0,0.22296960568185817
1293.0809,330,1.01,0.218739128080685
1305.8837,330,1.02,0.21448024070434307
1318.6864,330,1.03,0.2101967339582463
1331.4892,330,1.04,0.20589310769027036
1344.292,330,1.05,0.20157617942354844
1357.0948,330,1.06,0.19725401166776818
1369.8976,330,1.07,0.19293759007611033
1382.7003,330,1.08,0.18864087561116133
1395.5031,330,1.09,0.18438079010175754
1408.3059,330,1.1,0.1801781532780651
1421.1087,330,1.11,0.1760574068546894
1433.9115,330,1.12,0.17204669470247388
1446.7143,330,1.13,0.16817629261976696
1459.517,330,1.14,0.16447883351108142
1472.3198,330,1.15,0.1609854345878738
1485.1226,330,1.16,0.15772430908371646
1497.9254,330,1.17,0.15471786716281868
1510.7282,330,1.18,0.15198081694353693
1523.5309,330,1.19,0.14951890768194734
1536.3337,330,1.2,0.14733028675605775
960.2086,335,0.75,0.3198599362713202
973.0114,335,0.76,0.316193243218146
985.8141,335,0.77,0.3125204240235279
998.6169,335,0.78,0.3088399483638893
1011.4197,335,0.79,0.30515064510991874
1024.2225,335,0.8,0.3014511054762099
1037.0253,335,0.81,0.2977399451632725
1049.828,335,0.82,0.2940156437261281
1062.6308,335,0.83,0.2902771519545914
1075.4336,335,0.84,0.2865227199869502
1088.2364,335,0.85,0.2827509943782272
1101.0392,335,0.86,0.27896032677335264
1113.8419,335,0.87,0.2751498986835552
1126.6447,335,0.88,0.2713177218788643
1139.4475,335,0.89,0.26746247641014925
1152.2503,335,0.9,0.2635828037633044
1165.0531,335,0.91,0.2596775591532203
1177.8559,335,0.92,0.2557447562551253
1190.6586,335,0.93,0.2517839181568236
1203.4614,335,0.94,0.24779363336551885
1216.2642,335,0.95,0.2437731242229088
1229.067,335,0.96,0.23972117732757875
1241.8698,335,0.97,0.23563774579934083
1254.6725,335,0.98,0.23152250448789416
1267.4753,335,0.99,0.22737569759797746
1280.2781,335,1.0,0.22319811163464764
1293.0809,335,1.01,0.2189913042528291
1305.8837,335,1.02,0.21475724409745223
1318.6864,335,1.03,0.210499608952312
1331.4892,335,1.04,0.20622283138206607
1344.292,335,1.05,0.20193351596953807
1357.0948,335,1.06,0.19763953714846574
1369.8976,335,1.07,0.1933515341844367
1382.7003,335,1.08,0.1890829772046346
1395.5031,335,1.09,0.18485022634643725
1408.3059,335,1.1,0.18067345067110077
1421.1087,335,1.11,0.17657587545133385
1433.9115,335,1.12,0.17258494168671207
1446.7143,335,1.13,0.16872998331581565
1459.517,335,1.14,0.16504247876013903
1472.3198,335,1.15,0.16155296819110856
1485.1226,335,1.16,0.15828931401568397
1497.9254,335,1.17,0.1552740788905306
1510.7282,335,1.18,0.15252256719573606
1523.5309,335,1.19,0.1500418392497218
1536.3337,335,1.2,0.1478300043488814
960.2086,340,0.75,0.31976851448965904
973.0114,340,0.76,0.3161085929548833
985.8141,340,0.77,0.31244317414503536
998.6169,340,0.78,0.30877025042482037
1011.4197,340,0.79,0.30508879095745334
1024.2225,340,0.8,0.3013974257156094
1037.0253,340,0.81,0.29769479545459493
1049.828,340,0.82,0.293979443474836
1062.6308,340,0.83,0.2902502366581819
1075.4336,340,0.84,0.28650555426786756
1088.2364,340,0.85,0.28274405014095355
1101.0392,340,0.86,0.2789641590998501
1113.8419,340,0.87,0.27516494702261984
1126.6447,340,0.88,0.27134459633713043
1139.4475,340,0.89,0.267501804176995
1152.2503,340,0.9,0.26363524456922643
1165.0531,340,0.91,0.25974337964689265
1177.8559,340,0.92,0.2558255973676282
1190.6586,340,0.93,0.2518801282426208
1203.4614,340,0.94,0.24790605052545908
1216.2642,340,0.95,0.24390269246909652
1229.067,340,0.96,0.23986884224537527
1241.8698,340,0.97,0.23580450067528744
1254.6725,340,0.98,0.23170932227475718
1267.4753,340,0.99,0.2275837916867103
1280.2781,340,1.0,0.22342850907894887
1293.0809,340,1.01,0.21924508551227592
1305.8837,340,1.02,0.21503551161536472
1318.6864,340,1.03,0.21080339612381316
1331.4892,340,1.04,0.2065530636817813
1344.292,340,1.05,0.20229093007215604
1357.0948,340,1.06,0.19802468379825297
1369.8976,340,1.07,0.1937646311672044
1382.7003,340,1.08,0.18952377705479348
1395.5031,340,1.09,0.18531793908505137
1408.3059,340,1.1,0.18116666422120792
1421.1087,340,1.11,0.17709202604572702
1433.9115,340,1.12,0.17312079642751177
1446.7143,340,1.13,0.16928133564213602
1459.517,340,1.14,0.16560408398379772
1472.3198,340,1.15,0.16211877303487018
1485.1226,340,1.16,0.15885341992508922
1497.9254,340,1.17,0.15582994572686643
1510.7282,340,1.18,0.1530649796389279
1523.5309,340,1.19,0.15056579550053664
1536.3337,340,1.2,0.14833214019134822
960.2086,345,0.75,0.3196797715219197
973.0114,345,0.76,0.3160272428937785
985.8141,345,0.77,0.3123687096169948
998.6169,345,0.78,0.30870337425273536
1011.4197,345,0.79,0.3050298008777921
1024.2225,345,0.8,0.3013466510001713
1037.0253,345,0.81,0.29765271549482314
1049.828,345,0.82,0.293946209903682
1062.6308,345,0.83,0.29022632948275984
1075.4336,345,0.84,0.2864914252250832
1088.2364,345,0.85,0.28274016456667384
1101.0392,345,0.86,0.2789710529185031
1113.8419,345,0.87,0.27518307617320714
1126.6447,345,0.88,0.27137455467693244
1139.4475,345,0.89,0.26754420672866014
1152.2503,345,0.9,0.2636907402614617
1165.0531,345,0.91,0.25981271050727334
1177.8559,345,0.92,0.25590941195833355
1190.6586,345,0.93,0.2519792501594536
1203.4614,345,0.94,0.2480212629953777
1216.2642,345,0.95,0.2440350054212683
1229.067,345,0.96,0.240019106387396
1241.8698,345,0.97,0.2359737011760167
1254.6725,345,0.98,0.23189837795568888
1267.4753,345,0.99,0.22779393414455018
1280.2781,345,1.0,0.2236607062554315
1293.0809,345,1.01,0.21950038344291067
1305.8837,345,1.02,0.2153149603817463
1318.6864,345,1.03,0.21110801808514928
1331.4892,345,1.04,0.20688373562467255
1344.292,345,1.05,0.20264836227988545
1357.0948,345,1.06,0.19840940315110103
1369.8976,345,1.07,0.19417684455473957
1382.7003,345,1.08,0.18996324949274074
1395.5031,345,1.09,0.18578391236303912
1408.3059,345,1.1,0.18165726483319755
1421.1087,345,1.11,0.17760584869857174
1433.9115,345,1.12,0.17365423367009286
1446.7143,345,1.13,0.16983032361831718
1459.517,345,1.14,0.16616359635292163
1472.3198,345,1.15,0.16268341989186752
1485.1226,345,1.16,0.15941677034145096
1497.9254,345,1.17,0.15638603757657532
1510.7282,345,1.18,0.15360812521719244
1523.5309,345,1.19,0.15109107318356577
1536.3337,345,1.2,0.14883617201433974
960.2086,350,0.75,0.3195936916386365
973.0114,350,0.76,0.3159481464374995
985.8141,350,0.77,0.3122970041630635
998.6169,350,0.78,0.30863929397816847
1011.4197,350,0.79,0.30497364622443196
1024.2225,350,0.8,0.30129874940063645
1037.0253,350,0.81,0.29761352617585296
1049.828,350,0.82,0.2939159076866133
1062.6308,350,0.83,0.29020538842147087
1075.4336,350,0.84,0.28648028657239666
1088.2364,350,0.85,0.28273928744294824
1101.0392,350,0.86,0.278980957198178
1113.8419,350,0.87,0.27520422857547555
1126.6447,350,0.88,0.2714075346622013
1139.4475,350,0.89,0.26758961784324026
1152.2503,350,0.9,0.26374922063641976
1165.0531,350,0.91,0.2598849798769382
1177.8559,350,0.92,0.2559961226438621
1190.6586,350,0.93,0.2520812026635502
1203.4614,350,0.94,0.24813919714145977
1216.2642,350,0.95,0.24416997753472544
1229.067,350,0.96,0.24017188056314084
1241.8698,350,0.97,0.23614525675826267
1254.6725,350,0.98,0.23209009340437123
1267.4753,350,0.99,0.22800603458395138
1280.2781,350,1.0,0.22389461462895044
1293.0809,350,1.01,0.21975711297602818
1305.8837,350,1.02,0.21559551086343326
1318.6864,350,1.03,0.21141340079738963
1331.4892,350,1.04,0.20721478142976768
1344.292,350,1.05,0.20300575612327867
1357.0948,350,1.06,0.19879364941509126
1369.8976,350,1.07,0.19458814011500233
1382.7003,350,1.08,0.19040143375597082
1395.5031,350,1.09,0.1862481318710747
1408.3059,350,1.1,0.18214625156849457
1421.1087,350,1.11,0.17811733544237243
1433.9115,350,1.12,0.17418523418001708
1446.7143,350,1.13,0.17037692221351372
1459.517,350,1.14,0.16672096769650496
1472.3198,350,1.15,0.16324598069600965
1485.1226,350,1.16,0.15997841923567965
1497.9254,350,1.17,0.1569414038087671
1510.7282,350,1.18,0.15415113618434576
1523.5309,350,1.19,0.15161750581071304
1536.3337,350,1.2,0.14934200196689612
960.2086,355,0.75,0.31951025674227634
973.0114,355,0.76,0.3158717657114913
985.8141,355,0.77,0.3122280315626911
998.6169,355,0.78,0.3085779824965123
1011.4197,355,0.79,0.30492029703747325
1024.2225,355,0.8,0.3012536877612453
1037.0253,355,0.81,0.29757667702867613
1049.828,355,0.82,0.2938884994398501
1062.6308,355,0.83,0.2901873704447745
1075.4336,355,0.84,0.2864720913210375
1088.2364,355,0.85,0.2827414785002265
1101.0392,355,0.86,0.27899381982979127
1113.8419,355,0.87,0.27522834639551674
1126.6447,355,0.88,0.2714434741622603
1139.4475,355,0.89,0.2676379716223738
1152.2503,355,0.9,0.26381061605767636
1165.0531,355,0.91,0.25996011632814414
1177.8559,355,0.92,0.256085653051395
1190.6586,355,0.93,0.25218590587694434
1203.4614,355,0.94,0.24826027951693316
1216.2642,355,0.95,0.24430752483030443
1229.067,355,0.96,0.24032707781776314
1241.8698,355,0.97,0.23631907938300395
1254.6725,355,0.98,0.2322833798874472
1267.4753,355,0.99,0.22822000557721425
1280.2781,355,1.0,0.2241301487875339
1293.0809,355,1.01,0.2200151922699939
1305.8837,355,1.02,0.2158770867375378
1318.6864,355,1.03,0.2117194734236105
1331.4892,355,1.04,0.20754613835173452
1344.292,355,1.05,0.20336305796466128
1357.0948,355,1.06,0.19917737932897744
1369.8976,355,1.07,0.19499848573819392
1382.7003,355,1.08,0.19083826241103313
1395.5031,355,1.09,0.1867105848555779
1408.3059,355,1.1,0.18263312296199224
1421.1087,355,1.11,0.17862648012351126
1433.9115,355,1.12,0.17471378318627215
1446.7143,355,1.13,0.17092110837843397
1459.517,355,1.14,0.16727626971046516
1472.3198,355,1.15,0.16380681654581886
1485.1226,355,1.16,0.16053927843875093
1497.9254,355,1.17,0.15749631025122435
1510.7282,355,1.18,0.15469476856874176
1523.5309,355,1.19,0.15214494785266658
1536.3337,355,1.2,0.14984950554495047
960.2086,360,0.75,0.31942927591671083
973.0114,360,0.76,0.3157980678168369
985.8141,360,0.77,0.3121617651654387
998.6169,360,0.78,0.3085194115252607
1011.4197,360,0.79,0.3048697221721193
1024.2225,360,0.8,0.3012114318382121
1037.0253,360,0.81,0.29754313949225153
1049.828,360,0.82,0.2938639461777341
1062.6308,360,0.83,0.2901722316949808
1075.4336,360,0.84,0.2864667919188646
1088.2364,360,0.85,0.28274655627563966
1101.0392,360,0.86,0.2790095879300254
1113.8419,360,0.87,0.2752553716778999
1126.6447,360,0.88,0.2714823112543505
1139.4475,360,0.89,0.26768920258755724
1152.2503,360,0.9,0.26387485754170203
1165.0531,360,0.91,0.26003804900481076
1177.8559,360,0.92,0.25617792789387406
1190.6586,360,0.93,0.25229341891256607
1203.4614,360,0.94,0.24838343706610347
1216.2642,360,0.95,0.24444706495288362
1229.067,360,0.96,0.2404846134167113
1241.8698,360,0.97,0.23649508347860312
1254.6725,360,0.98,0.23247865187982014
1267.4753,360,0.99,0.22843576257653264
1280.2781,360,1.0,0.22436722634251677
1293.0809,360,1.01,0.22027454259297927
1305.8837,360,1.02,0.21615961476415801
1318.6864,360,1.03,0.21202616818859935
1331.4892,360,1.04,0.20787774653975974
1344.292,360,1.05,0.2037202168559753
1357.0948,360,1.06,0.19956055202717546
1369.8976,360,1.07,0.19540785132598795
1382.7003,360,1.08,0.1912736830867599
1395.5031,360,1.09,0.18717126002945966
1408.3059,360,1.1,0.18311787747228017
1421.1087,360,1.11,0.17913327825951214
1433.9115,360,1.12,0.1752398694791343
1446.7143,360,1.13,0.17146286146182907
1459.517,360,1.14,0.1678289153456406
1472.3198,360,1.15,0.16436583430663684
1485.1226,360,1.16,0.16109881381316526
1497.9254,360,1.17,0.15805061300519502
1510.7282,360,1.18,0.15523848125020726
1523.5309,360,1.19,0.15267324826731907
1536.3337,360,1.2,0.15035832955613096
