date,spot_price,risk_free_rate,dividend_rate,theta,kappa,rho,eta,v0,feller,iv_rmse,rmse,n_helpers,accepted,n_maturities,n_strikes,contracts_count,total_volume,spot_min,spot_max,spot_range_pct,high_move,calculation_date
2012-01-03,1280.3824,0.001578,0.0208579999999999,0.1107663893491677,1.6043620301302546,-0.7765889503919864,1.1980984323920998,0.0525783176845726,-1.080021075127549,0.0162407041105523,0.2113544420663209,370,True,11,113,370,332384,1258.86,1284.62,0.020462958549799,False,2012-01-03 16:19:32.942
2012-01-04,1274.1283,0.001578,0.0208579999999999,0.1132638270250611,1.7382100277701429,-0.7991168915185516,1.1815318253771256,0.0512563544268505,-1.002264814541834,0.0167665511780992,0.2297944741389155,340,True,10,107,340,226712,1268.15,1278.73,0.0083428616488585,False,2012-01-04 16:14:58.707
2012-01-05,1274.731,0.001776,0.020865,0.1022261039728338,2.10041698365455,-0.7669077416422624,1.2711356345963831,0.0457441009375266,-1.1863509116259974,0.0164856621403085,0.2370014057933171,333,True,8,107,333,276393,1265.31,1283.05,0.0140202796152721,False,2012-01-05 16:18:55.947
2012-01-09,1279.0535,0.001675,0.0209339999999999,0.1192981284494009,1.5308599229396975,-0.8105189336170123,1.1621795643432955,0.0468983663171679,-0.985403892327372,0.0081800368951608,0.1039857967443589,223,True,7,93,223,234730,1274.75,1281.95,0.005648166307119,False,2012-01-09 16:16:15.534
2012-01-10,1293.0412,0.0015229999999999,0.02071,0.0976783295403792,1.9093218204050413,-0.7716064709814251,1.2650179527538186,0.0417277901387626,-1.2272716888451414,0.0114228232464587,0.1730322502561598,245,True,7,100,245,302943,1280.77,1296.3,0.012125518242932,False,2012-01-10 16:15:08.454
2012-01-11,1289.269,0.001675,0.020712,0.0995596820099637,1.8650099206123345,-0.8147287004229768,1.1550482167722729,0.0472286851427636,-0.962776793785624,0.0104823872757438,0.1251260119988998,232,True,8,96,232,235676,1285.41,1293.79,0.0065193206836728,False,2012-01-11 16:17:04.080
2012-01-12,1291.4098,0.001675,0.020712,0.1248504387212077,1.1469763047603891,-0.8243847108850655,0.98518641475679,0.0474601097454363,-0.6841912821170091,0.0091782802793827,0.1264636420705697,266,True,9,97,266,288675,1285.77,1296.66,0.0084696329825708,False,2012-01-12 16:14:58.635
2012-01-13,1284.3522,0.000967,0.0207779999999999,0.1197861059449718,1.462116070990101,-0.8254806853245629,1.0669297184498323,0.0484093363120525,-0.7880566429445064,0.0090687134727357,0.1111900166498983,254,True,7,99,254,178159,1277.58,1294.82,0.0134942625902096,False,2012-01-13 16:16:13.565
2012-01-17,1297.3128,0.000967,0.020705,0.075222078870451,3.65195283333476,-0.7846111155582839,1.5135024477117192,0.0511823268852363,-1.7412746911088162,0.0139934870277212,0.1769528003556288,281,True,8,102,281,283916,1290.97,1302.92,0.0092566054981912,False,2012-01-17 16:19:52.232
2012-01-19,1313.1668,0.001017,0.020395,0.0976962864057097,3.2136801786059688,-0.7329159156165319,1.982975162937056,0.0353052004134398,-3.3042612585343587,0.0102861230633122,0.1484126994291737,243,True,8,91,243,359925,1308.07,1315.47,0.0056571895999451,False,2012-01-19 16:19:09.254
2012-01-25,1316.1761,0.000967,0.020305,0.0691671565399013,4.54532968194245,-0.7094781324660582,1.9237997969277247,0.0290633406255873,-3.0722305993864087,0.0154462706426309,0.234856045101042,317,True,8,105,317,254963,1307.75,1328.3,0.0157140126170904,False,2012-01-25 16:18:45.401
2012-01-26,1323.2468,0.001017,0.020427,0.0713129999094021,4.410102498322566,-0.6946536881056115,1.9597305624183576,0.0277250416575496,-3.21154859914991,0.0136931932984434,0.2231353058128448,381,True,9,113,381,391850,1313.6,1333.47,0.0151263702801462,False,2012-01-26 16:19:31.408
2012-01-27,1315.6682,0.001068,0.020481,0.0997316181942421,1.7860530938410724,-0.6899083963399201,1.3207000606510777,0.0299562678567852,-1.3879967197445549,0.0126786283593384,0.2178969274620565,293,True,9,94,293,274444,1311.72,1319.99,0.0063046991736042,False,2012-01-27 16:19:45.886
2012-01-30,1307.1162,0.001119,0.020534,0.062672820890216,4.91021208420779,-0.6757805478406209,1.8862492383194456,0.0366774573148973,-2.9424625040876307,0.0165945805461178,0.2251814266852133,327,True,8,103,327,256070,1300.54,1316.16,0.0120103956817938,False,2012-01-30 16:19:16.467
2012-02-06,1341.6754,0.001527,0.020125,0.0812725365113251,2.0606478308010927,-0.690834010319963,1.385099052034108,0.0300548266112408,-1.5835512318142553,0.011731292456542,0.141961087616124,207,True,9,81,207,170856,1337.52,1344.33,0.0050915126502781,False,2012-02-06 16:18:29.000
2012-02-07,1343.7008,0.00198,0.0200979999999999,0.0635346572068504,2.45806916659713,-0.7397392537702407,1.131939069274971,0.0325836416145533,-0.9689408927701328,0.0139216859841009,0.1619771895390338,306,True,10,102,306,226987,1336.07,1349.24,0.0098572679575172,False,2012-02-07 16:16:46.406
2012-02-08,1347.3485,0.001573,0.020081,0.0642987271188833,2.513006376096282,-0.7438286709647802,1.213457338911347,0.0352424406314769,-1.14931249090855,0.0151445599036483,0.1844362618487384,298,True,10,109,298,208666,1342.2,1351.0,0.0065563999403963,False,2012-02-08 16:18:31.520
2012-02-09,1350.3661,0.001573,0.020081,0.0602182124543739,3.750485227857803,-0.7285256506432478,1.463338810717209,0.0362127417846893,-1.689665442434991,0.0133025973687866,0.1559346412189064,285,True,9,98,285,295120,1344.87,1354.28,0.0069969588138631,False,2012-02-09 16:17:40.043
2012-02-10,1340.6152,0.0015229999999999,0.0202,0.0716907249325531,3.1571741755041924,-0.7638112007662509,1.5030579795013792,0.0461078036230037,-1.8065030789823064,0.0139414872196018,0.1648891368837631,272,True,10,95,272,358125,1337.38,1351.21,0.0103411147168344,False,2012-02-10 16:18:23.063
2012-02-13,1350.1142,0.0016289999999999,0.0201049999999999,0.0748593787607259,3.423289370544683,-0.7547424121171369,1.7259714791150915,0.0393803875398882,-2.4664469155243944,0.0118815598005496,0.1540798009373044,248,True,8,88,248,363424,1343.06,1353.32,0.0076392715143032,False,2012-02-13 16:19:27.111
2012-02-14,1346.5697,0.0016289999999999,0.020155,0.1011713289575918,2.0147828069427702,-0.7713155405029479,1.4217748920615556,0.0394140419173714,-1.613767335418034,0.0100761766661735,0.135233894048399,289,True,9,98,289,338628,1340.87,1351.3,0.0077785318487251,False,2012-02-14 16:18:24.797
2012-03-20,1403.3356,0.00198,0.01954,0.0710363839113419,3.163938763261222,-0.7506785506627901,1.5319398394724142,0.0224796443349106,-1.8973301344447644,0.0141113571806353,0.1924240248727445,309,True,9,103,309,298243,1397.68,1409.59,0.0085212638085969,False,2012-03-20 16:17:06.929
2012-03-22,1392.6789,0.001827,0.0197649999999999,0.063136491717846,3.1339787413472497,-0.7452705922914024,1.3769170544125977,0.0253874333163063,-1.5001637290383114,0.0131317216953616,0.1891184856400565,302,True,11,99,302,337154,1388.83,1402.89,0.01012362924188,False,2012-03-22 16:18:08.628
2012-03-23,1394.4228,0.001726,0.019704,0.0582283441087621,3.970561170152909,-0.7223625666483968,1.6284402679193075,0.0189100478812146,-2.189419301940001,0.0143769647095645,0.2148694462126839,295,True,9,113,295,190566,1386.94,1399.13,0.0087891329113012,False,2012-03-23 16:16:54.185
2012-03-26,1411.9232,0.001726,0.019406,0.0531233616689885,3.811940172796577,-0.7122111821537964,1.4688197663060112,0.0178413715561754,-1.752425352971207,0.0151018751278201,0.2012155069454236,343,True,10,108,343,309318,1397.11,1416.58,0.0139359105582237,False,2012-03-26 16:18:28.121
2012-03-27,1416.4239,0.0016239999999999,0.019479,0.0482786721724098,4.642839491450464,-0.6999661138484328,1.6374711078673718,0.0205717209610255,-2.2330113775866884,0.0146887748642482,0.2040091856376135,288,True,9,100,288,304449,1411.95,1419.12,0.0050780835015402,False,2012-03-27 16:19:44.962
2012-03-28,1406.8297,0.001675,0.019617,0.0597994494255498,2.6645535608550346,-0.7360774720669012,1.2575479217891568,0.0264960268158182,-1.2627491037881882,0.0138490894746479,0.2204077498544372,357,True,10,124,357,381107,1397.28,1413.65,0.0117156189167526,False,2012-03-28 16:18:31.403
2012-03-29,1396.2133,0.001675,0.019652,0.0596819725372842,3.4276088088091696,-0.7522122081976492,1.3998952115731402,0.0255269824031814,-1.550573693793602,0.0121840762500209,0.1892813246423136,321,True,10,116,321,273890,1391.83,1405.39,0.0097425691355985,False,2012-03-29 16:17:43.631
2012-03-30,1407.9753,0.001675,0.019583,0.0531214379341868,4.45879738840314,-0.732950134665553,1.6756294566304617,0.0204019314667406,-2.334018618469352,0.0129441117353951,0.1964737749565597,297,True,11,99,297,316028,1401.42,1410.89,0.0067574317477987,False,2012-03-30 16:15:17.881
2012-04-05,1397.6031,0.001726,0.019818,0.0495786878667456,6.055652360960889,-0.7079929111624433,1.911314674935524,0.0241301593587386,-3.052661190156684,0.0169635451367873,0.2324983650031102,269,True,9,100,269,266676,1392.96,1401.54,0.0061595451412819,False,2012-04-05 16:19:36.680
2012-04-09,1382.304,0.001573,0.020052,0.0804487568592475,1.665831346704203,-0.7916168651506483,1.0898533386086802,0.0365089762783653,-0.9197521777174478,0.0094108467529395,0.1373114138141371,268,True,10,109,268,232259,1378.24,1397.45,0.0139380659391687,False,2012-04-09 16:16:51.950
2012-04-10,1365.5753,0.001573,0.020405,0.093068664096151,1.4630357974343542,-0.7892013862072648,1.07003637935248,0.0423039315251041,-0.8726522787536395,0.0118529845282122,0.149570338616956,385,True,9,130,385,394522,1357.46,1382.99,0.0188071840054218,False,2012-04-10 16:19:48.951
2012-04-11,1371.091,0.001573,0.020405,0.0814862627117182,2.180485237478284,-0.7762748890455522,1.272585730425107,0.0393480655951912,-1.2641152554812454,0.0112503178057776,0.1661797334847638,246,True,9,99,246,279147,1358.98,1374.59,0.0114865560935406,False,2012-04-11 16:18:32.956
2012-04-12,1384.1083,0.001675,0.020005,0.0762128993763813,2.491209543051472,-0.7694982614326221,1.3068874347764206,0.0349898628479968,-1.3282301627163675,0.0112137017819574,0.1613966693208335,300,True,9,111,300,275685,1368.77,1388.07,0.0141002505899456,False,2012-04-12 16:19:21.762
2012-04-13,1376.815,0.0016239999999999,0.0202599999999999,0.0760038019998532,2.388122831578836,-0.7903126031117531,1.1718468426524424,0.0364267865812221,-1.010212192949205,0.0109759093496678,0.15691450176298,253,True,9,97,253,167347,1369.91,1387.61,0.0129205568249006,False,2012-04-13 16:19:03.051
2012-04-16,1370.1254,0.0016239999999999,0.02027,0.0929618008045781,1.895951853922036,-0.7834075613656358,1.2090896398558224,0.0384127500964525,-1.1093955600479404,0.0099989230056039,0.16336043391975,261,True,7,100,261,219127,1365.38,1379.62,0.0104293310287244,False,2012-04-16 16:14:38.995
2012-04-17,1387.04,0.0016239999999999,0.019962,0.091619342402064,1.5012387638166604,-0.7886422979626204,1.072143882797156,0.0334892386733781,-0.8744074887606217,0.0090998711239734,0.1493426729441211,275,True,9,107,275,240730,1369.57,1392.76,0.0169323218236381,False,2012-04-17 16:15:52.314
2012-04-19,1380.2635,0.001573,0.020168,0.0741867807540908,2.894631657889386,-0.7245789495513109,1.5677865836285545,0.0326501121252379,-2.0284679634703133,0.0126573710529307,0.195844823115605,271,True,8,111,271,271492,1370.32,1390.33,0.0146024286298089,False,2012-04-19 16:16:12.247
2012-04-20,1383.9303,0.001573,0.020146,0.0743764014740818,2.9649922022984034,-0.7247682584483136,1.486070333574634,0.0262683978539253,-1.767354135519288,0.0098864436373721,0.1630943780956103,261,True,7,98,261,319344,1376.96,1387.4,0.0075819195909829,False,2012-04-20 16:17:30.753
2012-04-23,1363.399,0.001573,0.020321,0.0708347827509394,2.6876294075748626,-0.7431282869757609,1.3119509272386431,0.0385948075451175,-1.3404599450811323,0.0125005535404123,0.1769525259813007,316,True,9,100,316,316719,1358.79,1378.53,0.0145276312012894,False,2012-04-23 16:16:58.883
2012-04-24,1372.3339,0.001675,0.020246,0.0786338774070357,1.9209827032747653,-0.7608765578742729,1.098898581359759,0.0332360573172836,-0.9054694553338029,0.0095851122259811,0.1409432084065763,256,True,9,89,256,234561,1366.82,1375.51,0.006357823268609,False,2012-04-24 16:15:17.972
2012-04-25,1388.2805,0.001675,0.0199869999999999,0.0638281087046365,2.8424601342782183,-0.7262227293205057,1.3062047508755064,0.0263825807579543,-1.343313142331132,0.0137101588616426,0.2070916104281842,274,True,10,102,274,293138,1372.11,1391.29,0.0139784711138319,False,2012-04-25 16:19:58.797
2012-04-26,1395.5773,0.0016239999999999,0.01986,0.0543954813806945,3.442689172637619,-0.6927174176117524,1.4517814899529344,0.0242439299268379,-1.7331360249905057,0.0160608127200329,0.2289665881397681,327,True,10,106,327,345179,1387.63,1402.08,0.0104134387408745,False,2012-04-26 16:17:13.220
2012-04-27,1401.5357,0.001675,0.019817,0.0493978504288191,3.969796419007088,-0.644950128550051,1.549161235757359,0.0230779297716485,-2.00770171489532,0.0166831709124503,0.2287270927585741,275,True,12,93,275,260465,1397.31,1406.64,0.0066771153144256,False,2012-04-27 16:18:46.261
2012-04-30,1396.9849,0.001726,0.019905,0.0565759676223773,3.841122373889213,-0.6545259880679336,1.6542344776960267,0.0259395395525226,-2.3018612770807554,0.0124420060635102,0.1924759935947567,237,True,10,82,237,192249,1394.03,1403.26,0.0066210913681914,False,2012-04-30 16:17:03.401
2012-05-01,1408.9467,0.000966,0.019793,0.0554708254808869,3.4707587752093203,-0.7041495096441494,1.4827406581805955,0.0249169462125359,-1.8134681508100403,0.0135781621564491,0.2138244102593805,357,True,11,102,357,279953,1396.05,1415.31,0.0137960674760932,False,2012-05-01 16:17:41.341
2012-05-02,1399.3168,0.000966,0.019793,0.0590516216463895,3.397755438287811,-0.6941206105368425,1.5959992616852945,0.0269739241896121,-2.145927706122536,0.0148158045579626,0.1988098628131871,294,True,11,96,294,290918,1393.92,1405.5,0.0083075068870523,False,2012-05-02 16:19:47.687
2012-05-03,1395.6157,0.001578,0.020057,0.0538626773863016,4.22610291087057,-0.6741585956242845,1.7559152443900974,0.0277943107866265,-2.627979910102472,0.0138283885238867,0.1939312210055395,292,True,9,93,292,203719,1388.75,1403.07,0.0103114311431142,False,2012-05-03 16:19:08.754
2012-05-04,1373.1054,0.001827,0.020387,0.0566676388135289,4.461638259932246,-0.7171717323265052,1.706215231871662,0.0362860481205912,-2.405509406609945,0.0142104421028524,0.1917390780612349,427,True,12,110,427,426891,1367.97,1391.51,0.0172079797071573,False,2012-05-04 16:17:59.367
2012-05-07,1369.2045,0.001878,0.0203819999999999,0.071702595693426,2.023353181480296,-0.7560609296196754,1.1259752158291094,0.0369741703051019,-0.977660836428032,0.0105067213062963,0.1444637617981309,281,True,10,101,281,159482,1363.97,1373.85,0.00724356107539,False,2012-05-07 16:17:31.471
2012-05-08,1354.1122,0.001878,0.0203819999999999,0.0751206228673292,2.0147391275385163,-0.7471851384230714,1.1562003494494044,0.0402079983016513,-1.0341023317151792,0.010193055563089,0.1591487651357735,343,True,10,111,343,252056,1347.8,1369.16,0.0158480486719099,False,2012-05-08 16:14:57.417
2012-05-09,1353.5345,0.001573,0.020638,0.0883804148895728,1.4771411302583843,-0.7627276149186973,1.0626598042554665,0.0414689759901045,-0.8681451676948894,0.0089506885119031,0.1279959718618381,336,True,9,107,336,205721,1343.13,1363.7,0.0153149732341619,False,2012-05-09 16:19:17.090
2012-05-10,1360.558,0.0016239999999999,0.0205969999999999,0.0628623912758394,2.482735107331423,-0.7378266552874246,1.137813065146439,0.0388375546974639,-0.9824772397152732,0.0109093243394383,0.1455409597763467,284,True,10,101,284,315451,1354.58,1365.77,0.0082608631457721,False,2012-05-10 16:14:27.606
2012-05-11,1358.1765,0.001726,0.0206219999999999,0.0760772308025232,2.038688541403469,-0.7321007332646534,1.1736463414039535,0.0368735506809744,-1.067250177293263,0.0095732034564329,0.128602706678545,271,True,8,91,271,163016,1349.02,1365.64,0.0123200545581236,False,2012-05-11 16:15:20.592
2012-05-14,1340.7628,0.001777,0.020866,0.0752388044057446,2.2313935845689987,-0.7584006201826075,1.2663083440188023,0.0483054025266268,-1.267762051208401,0.0112683544478267,0.1581372843612202,376,True,10,114,376,348408,1336.63,1351.93,0.0114466980390983,False,2012-05-14 16:19:35.757
2012-05-15,1337.9286,0.001777,0.021016,0.0733627057900436,2.6763264987716866,-0.7566210382585763,1.316947166895719,0.0499644834934112,-1.3416647333396905,0.0121192110341611,0.1503305367542503,391,True,10,118,391,363937,1328.41,1344.93,0.0124359196332457,False,2012-05-15 16:17:56.049
2012-05-16,1333.0062,0.001827,0.021145,0.0909157561320709,2.019098115902621,-0.7556298423360306,1.3134230782683645,0.0496311101144329,-1.3579445187036931,0.0117992356452282,0.1576479451922418,392,True,10,110,392,603932,1324.8,1341.75,0.0127943840579709,False,2012-05-16 16:19:20.697
2012-05-17,1315.9622,0.001878,0.021494,0.0822849685264105,3.9858115772567047,-0.7562910171570348,1.8780590480248804,0.0589896233893024,-2.871161027494579,0.0128299928674338,0.1651067360181896,452,True,10,123,452,524983,1304.86,1326.36,0.0164768634182976,False,2012-05-17 16:19:10.292
2012-05-18,1303.4259,0.001878,0.021661,0.0997500616859325,3.229411105684511,-0.7631173499126338,1.8874450269533456,0.0618039812399548,-2.9181808157683844,0.0124560060892641,0.1666481583760027,481,True,10,127,481,551179,1291.98,1312.18,0.0156349169491787,False,2012-05-18 16:16:25.202
2012-05-21,1307.9247,0.001878,0.021326,0.0998459966044357,2.576971293136386,-0.7755073024327208,1.5407690703557304,0.0540630735495958,-1.8593687941964137,0.0138455606371373,0.2012393353685497,436,True,11,115,436,407099,1295.73,1315.95,0.015605102914959,False,2012-05-21 16:18:44.199
2012-05-23,1304.8663,0.001878,0.021284,0.1841789135723611,0.8535450465334431,-0.86830684961705,1.0226381167118244,0.0523687560477939,-0.731378719040707,0.0164480559246984,0.293226850899705,442,True,11,119,442,343314,1296.53,1320.62,0.0185803645114266,False,2012-05-23 16:19:35.389
2012-05-24,1317.8517,0.001878,0.021291,0.0938689069575002,2.4657079528418087,-0.757792016101615,1.472952976511335,0.0508237101870286,-1.706683850194249,0.0148896613062201,0.1767366714169217,381,True,10,113,381,371908,1310.5,1324.13,0.0104006104540252,False,2012-05-24 16:19:41.822
2012-05-25,1320.4847,0.001878,0.021364,0.095854009413794,3.335625871111996,-0.7512245858078934,1.7174923445373829,0.0418965449369433,-2.310313726243588,0.0137099747885581,0.200895750200878,337,True,9,108,337,247078,1314.26,1324.12,0.0075023206975788,False,2012-05-25 16:18:47.890
2012-05-29,1329.2614,0.001827,0.021156,0.0769314206946537,4.013988640897664,-0.7620683101144089,1.7936621659959315,0.0456796340767607,-2.599620268132297,0.0155495794131813,0.2242306498973488,375,True,11,115,375,365725,1318.9,1334.93,0.0121540677837592,False,2012-05-29 16:19:34.235
2012-05-31,1308.4651,0.001777,0.02156,0.1047150450144089,2.629455747029233,-0.8500825304049285,1.367516771861265,0.0575668896820248,-1.3194149674947306,0.0168673980377355,0.2913574564655931,436,True,11,123,436,433594,1298.97,1319.74,0.0159895917534662,False,2012-05-31 16:18:38.142
2012-06-01,1285.0416,0.000916,0.022105,0.1096777089996007,2.340254783394469,-0.8162941421699682,1.4704074462427186,0.0704045007505247,-1.6487504917299085,0.018515929951241,0.2647839596095031,573,True,15,129,573,617341,1277.25,1309.87,0.025539244470542,False,2012-06-01 16:18:54.474
2012-06-04,1274.2404,0.001827,0.022119,0.0978464344179931,2.859356110271862,-0.8116292358677191,1.502230514476443,0.0797674923108561,-1.697140918381351,0.0133401303236049,0.1828586794785896,435,True,13,120,435,267079,1266.74,1282.55,0.0124808563714731,False,2012-06-04 16:16:45.392
2012-06-05,1282.2448,0.001827,0.022119,0.0908223239137951,2.665566051756675,-0.7921109874098348,1.3968142523557563,0.0692840769597574,-1.4669042488516495,0.0143623412869589,0.1796318439492017,433,True,13,118,433,229068,1274.3,1287.44,0.0103115435925607,False,2012-06-05 16:18:13.062
2012-06-06,1307.3026,0.001726,0.021529,0.0887146245895409,2.1617357057411217,-0.7704681647927417,1.2822296014094634,0.0567023692665226,-1.2605576075374114,0.015066130868334,0.2024337196357078,457,True,12,126,457,381381,1285.61,1315.13,0.0229618624621776,False,2012-06-06 16:15:24.935
2012-06-07,1322.1477,0.001827,0.021535,0.0957043137322748,2.0812280105813463,-0.7756484955003883,1.333374933204164,0.0465993686581601,-1.3795237155510582,0.0135362166415403,0.2036820636741063,452,True,12,122,452,358580,1312.98,1329.05,0.0122393334247283,False,2012-06-07 16:19:07.126
2012-06-12,1314.9252,0.001675,0.0213989999999999,0.0727066544351277,4.1697038944241305,-0.7589791590664338,1.742739009415066,0.0614327742698859,-2.430808814639602,0.0190685474210041,0.2190589680017711,408,True,12,119,408,211815,1306.62,1324.31,0.0135387488328664,False,2012-06-12 16:18:08.975
2012-06-13,1321.1269,0.001675,0.021601,0.0831795199847451,3.658601839452377,-0.7662965786243091,1.8267021652609392,0.063292305742863,-2.728199310927095,0.0178850206618578,0.2228501728512702,448,True,11,125,448,223105,1310.51,1327.25,0.0127736530053186,False,2012-06-13 16:16:15.641
2012-06-14,1325.1,0.001675,0.021373,0.0805052585783387,3.840505456303332,-0.7711180499699322,1.8136124164439755,0.0635425053958457,-2.6708282274173136,0.0196424999492834,0.2068054326900419,416,True,11,120,416,285508,1314.24,1333.68,0.0147918188458728,False,2012-06-14 16:18:04.102
2012-06-15,1337.8592,0.0016239999999999,0.021135,0.0977361428623032,2.1868574092206523,-0.7977109289069229,1.4787085852450113,0.0517155518335165,-1.7591090637431506,0.0127312182264798,0.150586435246836,380,True,12,104,380,357316,1329.19,1343.32,0.0106305343856032,False,2012-06-15 16:18:45.815
2012-06-19,1358.3408,0.001675,0.0208579999999999,0.1014207059777415,2.2516615068873347,-0.7928582315769527,1.4225650175413855,0.0253089202412716,-1.566961029829685,0.0132697772855671,0.2551448124019624,423,True,12,111,423,412125,1344.83,1363.46,0.0138530520586246,False,2012-06-19 16:16:20.192
2012-06-20,1355.7695,0.001726,0.020895,0.0667768616888624,4.437520634135423,-0.7138967819621167,1.7698708171293656,0.0283237214790057,-2.539795306071899,0.0174439873785529,0.2330931346309734,387,True,12,109,387,476235,1346.45,1361.57,0.0112295295035091,False,2012-06-20 16:17:12.592
2012-06-21,1340.2532,0.001726,0.021389,0.0738835813594885,4.445203515393368,-0.7148123789259007,1.840447924473413,0.0276352935886641,-2.730393451520393,0.0148118619180541,0.208745818047446,442,True,11,114,442,382296,1324.41,1358.27,0.0255661011318246,False,2012-06-21 16:16:36.518
2012-06-22,1331.5695,0.001726,0.021237,0.0874839240580395,2.3268058002744723,-0.7449908641946044,1.256506250507612,0.0308881739492458,-1.1716917537066618,0.0121771676665061,0.2187226734553842,325,True,12,98,325,306485,1325.92,1337.79,0.0089522746470374,False,2012-06-22 16:19:35.250
2012-06-25,1313.6786,0.001726,0.0216029999999999,0.0780100670217013,2.266751155368282,-0.7325476253130498,1.2116189337038008,0.042593997452871,-1.114361621405938,0.015010913137618,0.2192984889946246,400,True,13,108,400,317120,1309.31,1334.9,0.0195446456530539,False,2012-06-25 16:16:23.311
2012-06-26,1318.27,0.001827,0.021503,0.0754617577581308,2.732657829209182,-0.7010938952328607,1.303249513170729,0.0364238734789968,-1.286036967292456,0.012867098529441,0.1923817780049835,366,True,11,107,366,204787,1310.36,1324.24,0.0105925089288441,False,2012-06-26 16:16:34.225
2012-06-27,1330.7276,0.00198,0.021342,0.0817743797604494,2.21281467605788,-0.7444085081826709,1.1754016147406647,0.0356268215682241,-1.019665860616056,0.0135921403550384,0.2059768674345506,346,True,10,107,346,265687,1320.71,1334.24,0.0102444897062943,False,2012-06-27 16:18:37.718
2012-06-28,1319.1467,0.002031,0.0215169999999999,0.0858805798890123,2.3978531825655347,-0.7354183414109441,1.2527299958857236,0.0367099409015047,-1.1574743989769614,0.0118733470434355,0.1787973921287746,402,True,13,109,402,204080,1313.41,1331.52,0.0137885351870321,False,2012-06-28 16:16:59.611
2012-06-29,1354.8166,0.002031,0.020989,0.0842355646838365,1.8983831491165903,-0.7359930991259959,1.1118316024172628,0.0272940987692724,-0.9163467590295064,0.0144047411422369,0.2541659450747209,479,True,13,114,479,404642,1330.12,1362.17,0.024095570324482,False,2012-06-29 16:18:01.389
2012-07-02,1360.6562,0.001272,0.020972,0.0609737585325303,3.4943692460922926,-0.6966806863364479,1.363734185486947,0.0266668656334685,-1.4336412753962835,0.0145919506056175,0.2183469988633752,391,True,13,93,391,387803,1355.8,1366.35,0.0077813836849092,False,2012-07-02 16:16:44.699
2012-07-03,1371.06,0.001726,0.020868,0.0526276714326624,4.971250097423416,-0.6823223153368985,1.5647737092970988,0.0215297573656684,-1.9252661278338192,0.0141268625765022,0.2176713659913547,356,True,12,95,356,221753,1363.83,1374.78,0.008028859901894,False,2012-07-03 13:15:48.899
2012-07-05,1369.2744,0.001726,0.020968,0.054409046406883,5.5733209303787,-0.6551335210962251,1.8934882276368856,0.0244143253100683,-2.9788195139166205,0.0144077296047747,0.2124846282635793,386,True,13,105,386,291447,1363.07,1373.85,0.0079086180460283,False,2012-07-05 16:15:44.719
2012-07-06,1352.6006,0.001675,0.021182,0.0573377339996255,4.279054401482212,-0.6681086173060161,1.4689993237941943,0.0275748788113656,-1.667256447223573,0.0151286663511738,0.235593002833667,394,True,13,101,394,240200,1348.03,1367.09,0.0141391512058337,False,2012-07-06 16:15:29.747
2012-07-09,1350.015,0.0016239999999999,0.021217,0.0843291523408116,1.7113515632935703,-0.7429859066158568,1.0244256008688986,0.0306984251894705,-0.7608141583362646,0.0105123075393013,0.1364045237978559,302,True,12,96,302,179452,1346.69,1354.66,0.0059182142883662,False,2012-07-09 16:19:42.244
2012-07-10,1348.4309,0.0016239999999999,0.021217,0.0581647274398779,4.807445292225589,-0.6832596150237327,1.6701467084332335,0.029980966858864,-2.2301425374815125,0.0134617449832802,0.1855360703566672,419,True,12,118,419,208579,1336.27,1361.49,0.018873431267633,False,2012-07-10 16:14:42.071
2012-07-11,1339.9115,0.001675,0.021402,0.0614613311164,3.521389475372529,-0.7276465905736158,1.286201265789696,0.0332393711696896,-1.2214551270476617,0.0119287589402915,0.187946401959565,336,True,11,106,336,195324,1333.45,1344.9,0.0085867486594923,False,2012-07-11 16:16:19.342
2012-07-12,1331.1709,0.001675,0.0215119999999999,0.0560876244891093,4.445330401841919,-0.6890522035030171,1.4390645352344014,0.0345235745922944,-1.5722506919523411,0.0174655649522425,0.2154471138979984,405,True,12,118,405,243574,1325.46,1341.29,0.0119430235540867,False,2012-07-12 16:14:15.582
2012-07-13,1351.6643,0.001675,0.021166,0.0660574657991685,2.414052967578904,-0.6933213708816969,1.1536394711489228,0.027317971482002,-1.011951586706317,0.0121778203467441,0.181406315756934,395,True,11,110,395,273186,1334.81,1357.59,0.0170660992950306,False,2012-07-13 16:16:53.986
2012-07-16,1353.5117,0.0016239999999999,0.021215,0.0601131054313115,2.751279326202701,-0.6834399006941051,1.1707525474986935,0.0287082103277981,-1.0398856390606597,0.0146275956235258,0.2066915509225217,342,True,11,103,342,203324,1348.66,1357.26,0.006376699835392,False,2012-07-16 16:16:20.886
2012-07-17,1356.5648,0.001675,0.021059,0.0489825717282307,5.667936127309842,-0.6455110827137808,1.676308075462491,0.0241966764359627,-2.254748588046791,0.0142103595960543,0.2140147724935466,451,True,10,118,451,262607,1345.4,1365.36,0.0148357365839153,False,2012-07-17 16:15:38.422
2012-07-18,1369.3587,0.001573,0.020814,0.0520492665079436,5.043284096221398,-0.6701956193467126,1.555322345155801,0.0224414361519386,-1.894029121341938,0.0141615634065616,0.232767051234235,411,True,10,106,411,501244,1358.96,1375.24,0.0119797492199917,False,2012-07-18 16:15:31.207
2012-07-19,1375.972,0.001573,0.020772,0.0503999538986251,6.1968074949297804,-0.62361963414667,1.976949913959415,0.0201283304137511,-3.283693338177907,0.0145728670238701,0.2130274802923727,379,True,12,97,379,308176,1371.21,1380.35,0.006665645670612,False,2012-07-19 16:15:19.520
2012-07-20,1366.1785,0.001522,0.020985,0.0586276404264756,4.337934450881103,-0.656603145487637,1.529907619392478,0.0228192193973874,-1.831971601515403,0.0094677959556687,0.1531159645783179,338,True,10,96,338,281169,1362.2,1376.51,0.0105050653354865,False,2012-07-20 16:19:01.647
2012-07-23,1344.0783,0.001522,0.021176,0.0656303960430729,4.548965982822003,-0.701398899460079,1.7493137170254989,0.0338823959802013,-2.462997602495418,0.0127750441516052,0.1717639061259169,450,True,11,114,450,274284,1337.59,1362.34,0.018503427806727,False,2012-07-23 16:15:53.913
2012-07-24,1337.0053,0.0016239999999999,0.021369,0.0786252186164694,2.8621158981375867,-0.727950016994071,1.3277158885736544,0.0361029812828183,-1.3127605043774475,0.0103587702344335,0.1784570269529369,448,True,12,115,448,289103,1329.47,1351.53,0.0165930784447938,False,2012-07-24 16:19:10.984
2012-07-25,1337.8249,0.001675,0.0213779999999999,0.0686327251643838,4.498728002351682,-0.7281098360962149,1.7917498984275435,0.0368921946558394,-2.592847773365672,0.0116132500399,0.1653460737437152,403,True,11,118,403,276079,1331.5,1343.98,0.0093728877206158,False,2012-07-25 16:17:33.137
2012-07-26,1357.7563,0.001675,0.021031,0.0593841033710496,5.718849063979771,-0.685884936618253,1.9566955708493288,0.0262459710373843,-3.149440109023773,0.0116283511647327,0.1700467683003044,421,True,12,113,421,305997,1338.17,1363.11,0.0186373928574095,False,2012-07-26 16:19:38.721
2012-07-27,1379.8243,0.001675,0.020647,0.0625129637472321,3.720388009526165,-0.6984286090277235,1.456034919239342,0.0240523246889463,-1.6548927245140246,0.0110185653369541,0.1830025581029253,484,True,12,114,484,450749,1360.05,1389.19,0.021425682879306,False,2012-07-27 16:19:05.715
2012-07-30,1385.1462,0.001675,0.020776,0.0590745249875384,4.553964016806003,-0.6637697258130513,1.6587957210553057,0.0266442877572355,-2.213556721985076,0.0127337642559135,0.2035026918143697,385,True,12,96,385,289068,1381.37,1391.74,0.0075070401123522,False,2012-07-30 16:17:53.972
2012-07-31,1382.8925,0.001573,0.020891,0.0603239673275861,3.6853934074034815,-0.6606056593691707,1.5091885820910744,0.0325533027125739,-1.8330150733190496,0.0126708724998013,0.1999297502326187,358,True,10,95,358,262516,1379.17,1387.13,0.0057715872590036,False,2012-07-31 16:14:59.646
2012-08-01,1380.2562,0.001573,0.020891,0.0573362977991106,3.914777475592767,-0.6498568711679407,1.4575458671078938,0.0339334301809975,-1.6755222604076268,0.0134071322948649,0.2005097081360013,366,True,10,96,366,300570,1373.35,1384.99,0.0084756252958095,False,2012-08-01 16:15:10.220
2012-08-02,1363.9809,0.001374,0.021145,0.0536357431510393,4.189512509234342,-0.682873122521489,1.3734123268354843,0.0321035025731808,-1.43684618575694,0.014033840646117,0.2250992974932678,475,True,10,113,475,369949,1354.85,1375.13,0.0149684466915158,False,2012-08-02 16:16:55.643
2012-08-03,1390.7413,0.001777,0.020756,0.0514858277560113,5.889424559490743,-0.614979300882751,1.826339475670125,0.0170379535215755,-2.7290720834871003,0.015306520699106,0.2552194042142602,434,True,12,99,434,387491,1365.45,1394.16,0.0210260353729538,False,2012-08-03 16:18:46.457
2012-08-06,1398.1124,0.001675,0.020711,0.0577749056663267,3.7938603212930015,-0.6329025919182124,1.4495914115286306,0.0188595972069035,-1.6629354160297207,0.0121447951513971,0.1991622047300283,330,True,11,105,330,214181,1391.04,1399.63,0.006175235794801,False,2012-08-06 16:16:02.508
2012-08-07,1404.0858,0.001675,0.020711,0.1007316326972996,1.1690535543657334,-0.6647810099478928,0.976234902867447,0.0210336697681773,-0.7175132390929303,0.0099146541685079,0.1718238106815378,369,True,12,98,369,278551,1394.46,1407.13,0.009085954419632,False,2012-08-07 16:14:43.233
2012-08-08,1400.7856,0.001726,0.020535,0.0615889654050482,3.011808149135604,-0.6879644866540171,1.092353405042478,0.0198347630569874,-0.8222476657003854,0.0126721991661903,0.2171888636853326,305,True,11,92,305,156656,1396.3,1404.14,0.0056148392179331,False,2012-08-08 16:17:30.987
2012-08-09,1403.1644,0.001726,0.020535,0.0572874407612718,4.011920373145645,-0.5948261740678491,1.4829298005094511,0.0137548637481966,-1.7394154918079598,0.0142396890981533,0.2191593430146544,326,True,13,83,326,170930,1398.8,1405.93,0.0050972261938806,False,2012-08-09 16:16:20.209
2012-08-10,1400.5476,0.0016239999999999,0.020849,0.0514018490879554,5.650499626021918,-0.6396009852274981,1.527929969627525,0.0128757469985193,-1.7536777339893148,0.0122555392916245,0.2043035843668494,332,True,10,103,332,144178,1395.79,1405.95,0.0072790319460664,False,2012-08-10 16:16:19.042
2012-08-14,1406.6735,0.001777,0.020931,0.0563564404198662,3.934399265017015,-0.6197289548576359,1.4242574684767473,0.0161765094214736,-1.5850518609779989,0.0159326597748911,0.2329268625851411,392,True,13,100,392,259598,1400.6,1409.72,0.00651149507354,False,2012-08-14 16:16:15.557
2012-08-15,1405.1751,0.001777,0.02095,0.0514344683740347,6.186311920097374,-0.5969929099445804,1.790149250516608,0.0126717173059032,-2.568255009512849,0.0163945138162814,0.2247203023625903,324,True,12,92,324,214928,1401.95,1407.73,0.0041228289168657,False,2012-08-15 16:16:54.186
2012-08-17,1416.225,0.001777,0.020771,0.0486984408753159,6.165928908074073,-0.6174268371280277,1.847468412098572,0.0113415780676503,-2.8125972849595247,0.0141067531169266,0.2183352603629531,297,True,10,92,297,276002,1414.68,1418.66,0.0028133570842876,False,2012-08-17 16:18:13.106
2012-08-21,1419.7868,0.001776,0.020752,0.0570355887809928,6.039467251887951,-0.6650871853906308,1.984245668856194,0.0109091892964029,-3.2483017331046566,0.0131599655522726,0.1931816553836621,453,True,11,106,453,363374,1410.86,1426.68,0.0112130190096821,False,2012-08-21 16:18:09.610
2012-08-22,1410.9235,0.001827,0.020755,0.0686309875881385,4.787119996210352,-0.6875400198502385,1.8295436292338336,0.0123462983075344,-2.6901403451844224,0.009984935210735,0.1852964138196053,389,True,12,96,389,305084,1406.78,1416.09,0.006617950212542,False,2012-08-22 16:16:48.311
2012-08-23,1404.7168,0.001777,0.0210449999999999,0.0898788228621802,2.580082541561068,-0.6784819322861848,1.5083657404168642,0.0172325054400529,-1.8113776434177729,0.009410752554726,0.1771668673864672,418,True,11,101,418,361077,1400.53,1413.49,0.0092536396935445,False,2012-08-23 16:18:16.138
2012-08-24,1406.1997,0.001777,0.0209229999999999,0.0737386771276486,3.1638086583755824,-0.7020677115556782,1.4345721425398104,0.017660663187876,-1.5914071018440294,0.0120111709779787,0.1876800318940521,405,True,12,118,405,181701,1398.1,1413.41,0.0109505757814176,False,2012-08-24 16:16:35.042
2012-08-27,1412.2386,0.001726,0.020935,0.0675492224603457,4.294779812640712,-0.6740416317443859,1.7708343624293246,0.015731291720312,-2.555636265195933,0.0128606960189297,0.2057301573839001,307,True,10,89,307,185220,1409.13,1416.07,0.004925024660606,False,2012-08-27 16:15:39.358
2012-08-28,1410.542,0.001726,0.020962,0.0590974256555403,6.144994933124137,-0.7201756943555827,1.925168226759013,0.0183669100997224,-2.97996593889449,0.012032065691512,0.217484020967601,333,True,11,94,333,196462,1405.6,1413.63,0.0057128628343769,False,2012-08-28 16:15:35.131
2012-08-29,1410.8754,0.001726,0.020975,0.0656553976680216,4.868751303954824,-0.6910447579479386,1.9049863345883309,0.0198794370898844,-2.989653328952578,0.0112434791737659,0.1779803495815215,331,True,11,102,331,159307,1406.73,1413.92,0.0051111442849729,False,2012-08-29 16:14:55.176
2012-08-31,1407.7185,0.001573,0.021052,0.0605591804750394,6.128381132940792,-0.694654265471072,1.938942966453237,0.0226510125205553,-3.0172403490593025,0.0113877638162924,0.1718247519823189,368,True,10,96,368,173626,1398.96,1413.05,0.0100717675987875,False,2012-08-31 16:15:36.087
2012-09-10,1435.7429,0.0016239999999999,0.020893,0.1466338791047224,0.6196483136873664,-0.734718591826384,0.7696339215043146,0.0193043664255167,-0.4106135012967527,0.0182851913369364,0.2718429354167451,365,True,12,100,365,219053,1429.08,1438.71,0.0067386010580234,False,2012-09-10 16:16:51.564
2012-09-12,1436.6067,0.001726,0.020829,0.0484157435980554,5.552207216609231,-0.6666454618793641,1.6857570433060447,0.0207260575266573,-2.304148327050686,0.0153767533535314,0.2049028840676939,305,True,12,91,305,195524,1433.17,1439.15,0.0041725685019919,False,2012-09-12 16:15:10.768
2012-09-14,1467.0459,0.0016239999999999,0.0202749999999999,0.0416968379421706,6.085338584096212,-0.5990761630419418,1.7706895192870906,0.0146444394019845,-2.627862620184552,0.0156209915426313,0.2187509878450692,406,True,11,105,406,379159,1460.07,1474.51,0.0098899367838529,False,2012-09-14 16:18:10.950
2012-10-16,1452.6941,0.001675,0.020634,0.0397061923644702,7.433397515797482,-0.6246751011861289,1.9972962913784555,0.0148311515266469,-3.398888652186471,0.010863419836697,0.1708115508885747,342,True,10,101,342,243286,1440.31,1455.47,0.0105255118689726,False,2012-10-16 16:16:22.890
2012-11-01,1423.9078,0.001017,0.0211039999999999,0.0399290280178588,7.0730899332640815,-0.6364172866578393,1.8834316438005,0.0265591837631234,-2.9824715446327783,0.0133101862042074,0.2299160017168766,435,True,11,122,435,358803,1412.2,1428.35,0.0114360572156917,False,2012-11-01 16:15:06.354
2012-11-05,1413.3842,0.001726,0.021313,0.0428598079596408,5.1982324686311285,-0.6561269598703043,1.537276420461201,0.0324449810951448,-1.9176283022358032,0.0114044458564233,0.1713759997481653,429,True,12,122,429,203659,1408.17,1419.8,0.0082589460079391,False,2012-11-05 16:16:31.265
2012-11-06,1427.8657,0.001675,0.0211589999999999,0.0472068977528499,4.682822243048666,-0.626857487155175,1.661469037353099,0.0265265532963969,-2.318356340438293,0.0109952308770038,0.1667112073954428,406,True,12,116,406,230786,1417.26,1433.31,0.0113246687269801,False,2012-11-06 16:15:54.402
2012-11-07,1400.7775,0.001827,0.021979,0.0533608044349284,3.397849537817993,-0.700209998456862,1.2424900115448347,0.0311885631432388,-1.1811574594150476,0.0093651472689515,0.1587126106721293,539,True,11,124,539,379572,1388.14,1428.27,0.0289091878340801,False,2012-11-07 16:18:56.332
2012-11-08,1389.4382,0.001827,0.021979,0.04801941323107,5.682634168711703,-0.7006834255350812,1.5168318450123015,0.0321586416594162,-1.755025329266692,0.0117655857406681,0.1898850846436973,570,True,14,138,570,448091,1377.51,1401.13,0.0171468809663815,False,2012-11-08 16:16:01.669
2012-11-09,1382.9213,0.001573,0.02222,0.0539384095076783,2.9085015656542663,-0.7197092291927264,1.0267290547280177,0.0322427237858909,-0.7404126548187221,0.009933671354531,0.1589549080234205,504,True,12,128,504,360201,1373.28,1391.36,0.0131655598275661,False,2012-11-09 16:16:33.877
2012-11-12,1380.4077,0.001472,0.0222169999999999,0.0485824615786009,3.60934085039353,-0.6572133582302032,1.1638865426273832,0.0303359928719342,-1.0039305577324864,0.0131282784686521,0.1874651507164041,425,True,11,108,425,257054,1377.22,1384.84,0.0055328850873497,False,2012-11-12 16:18:15.096
2012-11-13,1383.0119,0.001726,0.022331,0.0470777697916802,3.744274001384015,-0.6400349211567284,1.1678929886632612,0.0256241622839524,-1.0114298940205435,0.0143870991626333,0.2126797514069148,496,True,12,118,496,279927,1371.39,1388.79,0.0126878568459736,False,2012-11-13 16:16:23.998
2012-11-14,1364.9288,0.001675,0.022722,0.0431961938412991,4.86593247014883,-0.6289496354701999,1.285518623371164,0.0297029780000877,-1.2321786066356517,0.0169105167913286,0.236700282936652,589,True,14,138,589,477602,1352.5,1380.1,0.0204066543438077,False,2012-11-14 16:19:53.424
2012-11-16,1353.3825,0.001675,0.022754,0.0506108065499758,2.7778514502446487,-0.6782454558459725,0.987040194782339,0.0330755966531065,-0.6930697413701541,0.0138999878901198,0.2068811509840042,534,True,11,129,534,594957,1343.35,1362.01,0.0138906465180332,False,2012-11-16 16:19:02.186
2012-11-19,1381.7586,0.001675,0.0223669999999999,0.0389760284001632,5.407829790830002,-0.6472699270200915,1.2901234748942567,0.0223608221177501,-1.2428671254519537,0.01465248773458,0.245044188350585,464,True,12,124,464,323984,1359.88,1386.89,0.0198620466511751,False,2012-11-19 16:14:47.547
2012-11-20,1384.3385,0.001675,0.0223669999999999,0.0397031206411201,6.338469284420729,-0.6078791747372218,1.7049608912665457,0.0183664467426179,-2.4035776193896323,0.0197594084855264,0.2513246589085247,434,True,10,114,434,288255,1377.04,1389.73,0.009215418578981,False,2012-11-20 16:15:22.117
2012-11-23,1402.2915,0.001726,0.0218909999999999,0.0399303932740146,4.724249939148591,-0.6682666815918932,1.220574599655213,0.0201325736926506,-1.1125200373335975,0.0113186681900703,0.2120487340144806,348,True,10,114,348,234347,1391.03,1409.16,0.0130335075447689,False,2012-11-23 13:16:39.498
2012-12-10,1419.6034,0.001726,0.022262,0.0377351045437063,4.105923872986798,-0.6084359829613994,1.0625724243550616,0.0270169967288667,-0.8191852238084805,0.0155221909993109,0.1906767851976,314,True,11,89,314,195704,1415.75,1421.62,0.0041462122549884,False,2012-12-10 16:16:37.257
2012-12-11,1430.5186,0.001726,0.022118,0.0394470664946588,4.881757717896068,-0.5670690829070029,1.3926828438764471,0.0228463336555108,-1.5544234610104677,0.0156286910402985,0.2107795046947757,378,True,11,104,378,225103,1418.55,1434.27,0.0110817383948398,False,2012-12-11 16:18:24.306
2012-12-17,1424.9508,0.0013189999999999,0.022209,0.0377690691570736,7.592923585018879,-0.610087609640885,1.6445520983247126,0.0285772576035704,-2.1309962921303085,0.0110783515183819,0.1470329264416477,314,True,10,106,314,168672,1413.54,1430.67,0.0121185109724522,False,2012-12-17 16:19:13.937
2012-12-18,1441.5591,0.0015229999999999,0.022011,0.0374711572337759,8.361290132375188,-0.5865872665177371,1.992142569947709,0.0231776543287459,-3.342017584542964,0.0124419644103529,0.1741991439695307,410,True,10,116,410,294289,1430.47,1448.0,0.0122547134857773,False,2012-12-18 16:16:22.192
2012-12-28,1408.9909,0.00137,0.022795,0.0488928007612565,5.590941938970625,-0.7262259599191914,1.5993438461082967,0.0471475154453357,-2.011187117504792,0.0104226083270651,0.1640522012752049,455,True,12,141,455,256731,1401.58,1418.1,0.0117866978695471,False,2012-12-28 16:18:09.886
2013-01-07,1459.8643,0.00137,0.021879,0.0470711317763424,3.186711592685699,-0.6376354841758095,1.1302666801398449,0.0152578275530968,-0.9774985256093324,0.012406275320832,0.2174676446844107,370,True,12,102,370,375785,1456.65,1466.47,0.0067414958981224,False,2013-01-07 16:14:59.237
2013-01-08,1454.5807,0.001116,0.021962,0.041634022261814,4.97756995649675,-0.6302711292433714,1.4013023161610945,0.0128596616783176,-1.5491756645214028,0.0139380708308644,0.2086324612455939,372,True,13,110,372,358398,1451.64,1461.89,0.007060979306164,False,2013-01-08 16:15:00.490
2013-01-09,1461.6785,0.001116,0.021962,0.039801245978932,6.058518807666245,-0.602134575379818,1.6331961044395769,0.0100770071819682,-2.185056320892788,0.0132108317407638,0.2108091843926396,392,True,14,102,392,366094,1457.15,1464.73,0.0052019352846308,False,2013-01-09 16:16:39.645
2013-01-10,1466.5783,0.000913,0.0217419999999999,0.0390510591979983,6.517281816088843,-0.6050511941609313,1.7089708488208133,0.0092111677690332,-2.4115678460990844,0.012862824250213,0.226000592641538,441,True,12,133,441,353249,1461.02,1472.3,0.0077206335299995,False,2013-01-10 16:14:54.970
2013-01-11,1469.6807,0.000862,0.021759,0.0442928015790698,4.117109972607032,-0.6516321581208971,1.219822842051837,0.0124311527296312,-1.123251095799636,0.0085877523503939,0.1627350453602862,312,True,12,98,312,258367,1467.65,1472.75,0.0034749429359859,False,2013-01-11 16:16:16.302
2013-01-14,1468.89,0.0013189999999999,0.021779,0.0409336005872514,4.9556352640306764,-0.6292402594789358,1.384819546660783,0.0132907330328562,-1.5120211877059178,0.0095135319849161,0.182050888127217,302,True,10,92,302,261219,1465.69,1472.05,0.0043392531845067,False,2013-01-14 16:17:39.339
2013-01-15,1468.6916,0.00137,0.021755,0.0407300955676589,5.74535282336304,-0.6457969072246375,1.5542842407370814,0.0124186779761863,-1.9477819618726533,0.0097665346334926,0.1647433277710742,393,True,12,114,393,292257,1463.76,1473.23,0.0064696398316663,False,2013-01-15 16:18:08.115
2013-02-04,1501.3593,0.001268,0.0215169999999999,0.0391666385845436,4.923530874531169,-0.6791018651527088,1.5215343961802763,0.0152363558794105,-1.92939061011447,0.0068943419833734,0.1315516990493851,474,True,13,120,474,229944,1495.02,1513.17,0.0121403058153068,False,2013-02-04 16:14:33.796
2013-02-05,1509.7228,0.001015,0.021307,0.0359576246323982,6.6090250139671545,-0.6622854625976942,1.7879952307208005,0.0113548446365091,-2.7216372638036064,0.0082292865526227,0.1465815273806935,390,True,13,113,390,181846,1495.71,1514.96,0.0128701419392796,False,2013-02-05 16:15:29.639
2013-03-22,1554.5283,0.001269,0.02113,0.0413706169892017,4.506498453350811,-0.7395305513702023,1.3905221540413086,0.0140304511503529,-1.5606786179276684,0.0069768565580671,0.1522795433101789,333,True,10,102,333,176143,1548.36,1557.74,0.0060580226820636,False,2013-03-22 16:14:57.670
2013-03-25,1555.0283,0.001269,0.0212,0.0408516371871705,5.4687757699727,-0.7463674495130863,1.5759858510643503,0.0121723468540909,-2.036914515529197,0.0090211636980704,0.2121365615928351,410,True,11,113,410,224597,1546.22,1564.91,0.0120875425230562,False,2013-03-25 16:14:58.260
2013-03-26,1560.2891,0.001268,0.021092,0.0364906691556384,6.364946504179696,-0.7126663086639604,1.728835175530984,0.010347535941792,-2.52434874999853,0.0084801652774589,0.162568096791013,355,True,12,97,355,243626,1551.69,1563.86,0.0078430614362403,False,2013-03-26 16:16:33.790
2013-04-01,1562.8333,0.00137,0.021112,0.0397890181920252,4.719587551644751,-0.6809713574871038,1.60505377744497,0.0139097296482302,-2.20062211858787,0.0074045004057169,0.1690048122958676,390,True,12,118,390,167345,1558.55,1570.57,0.0077122966860223,False,2013-04-01 16:14:59.357
2013-04-02,1570.9103,0.001268,0.021004,0.0382982111182606,5.536428382903345,-0.682225820218291,1.81565471965963,0.0106542376828772,-2.8725314549231644,0.0080449714831649,0.1904416077784771,368,True,12,109,368,286889,1562.17,1573.64,0.0073423507044687,False,2013-04-02 16:17:05.868
2013-04-03,1559.6192,0.001472,0.021234,0.0405878923648072,4.672145322791912,-0.7002041494539083,1.5710888378321113,0.0136992313979672,-2.089055073412222,0.0087513193192436,0.1922571284794248,494,True,14,139,494,455747,1549.87,1571.47,0.0139366527515212,False,2013-04-03 16:20:00.635
2013-04-08,1554.7242,0.0013189999999999,0.021183,0.0403617930533864,4.424017310703929,-0.69896205139562,1.44169896989498,0.0140552599594001,-1.721373377477784,0.0082211329047204,0.1744100984084086,382,True,12,111,382,110577,1548.67,1563.07,0.0092983011228988,False,2013-04-08 16:17:19.604
2013-04-09,1567.4233,0.0013189999999999,0.021082,0.045754765012114,2.6432936422080617,-0.70176556928682,1.1458188341416489,0.0136491314532993,-1.0710142417592374,0.0075796609709504,0.1728044663045583,426,True,13,132,426,196714,1560.96,1573.88,0.0082769577695778,False,2013-04-09 16:17:09.232
2013-04-10,1583.655,0.000964,0.020838,0.0370048853525739,4.791978156093329,-0.6584639267218464,1.5947076195892735,0.0106750279441364,-2.1884391874195424,0.0080078800364487,0.1764353051383274,529,True,14,127,529,424213,1570.63,1588.89,0.0116259080751035,False,2013-04-10 16:14:48.900
2013-04-12,1586.0043,0.001218,0.020829,0.0372515577312525,4.136998027170778,-0.6461948184257463,1.3328424240899044,0.0123141491902389,-1.4682496857673923,0.0074380915118721,0.1392183070392503,418,True,11,122,418,256318,1580.03,1593.3,0.0083985747106067,False,2013-04-12 16:17:54.984
2013-04-19,1550.9297,0.001065,0.021292,0.0471064077777539,3.8091239746727976,-0.6962426203334332,1.5802119528129357,0.020769691239686,-2.138201521358959,0.0107096947368061,0.2102418799342344,438,True,12,137,438,266418,1539.4,1555.82,0.0106664934390021,False,2013-04-19 16:18:41.875
2013-04-26,1582.1339,0.001015,0.020953,0.0357183207547602,5.004965616684047,-0.6543668656090504,1.5082512975662827,0.0156900535691337,-1.917284042083841,0.0069792880272532,0.1628660888156669,461,True,14,130,461,194667,1577.56,1585.78,0.0052105783615203,False,2013-04-26 16:16:29.438
2013-04-29,1592.2695,0.001015,0.0208049999999999,0.0346221154745139,5.492597236584377,-0.6403608542953094,1.6746864839896742,0.0141372094897349,-2.4242441480976566,0.0078677066782417,0.16456698483676,471,True,13,131,471,232487,1582.34,1596.65,0.0090435683860612,False,2013-04-29 16:15:26.223
2013-04-30,1594.1838,0.001015,0.020756,0.034701157891596,5.458025608600905,-0.6534092289645858,1.6735952961233096,0.0158830609335984,-2.4221215983652,0.0116270469568345,0.1771325477973692,454,True,13,131,454,255231,1586.54,1597.57,0.0069522356826805,False,2013-04-30 16:16:08.405
2013-05-01,1588.9081,0.001015,0.020756,0.0349348122844779,5.676099349744336,-0.6477801795792887,1.7093853041653866,0.0175878356220077,-2.525411187513859,0.0073379189849694,0.1479838027700727,440,True,12,122,440,242486,1581.4,1597.55,0.0102124699633234,False,2013-05-01 16:15:58.572
2013-05-02,1595.3867,0.0013189999999999,0.020762,0.0329867433086019,7.8475763159068705,-0.6474930166861119,1.997790336180614,0.0136479633589483,-3.4734342562816827,0.0078167455786304,0.151219576622296,438,True,14,106,438,373784,1582.77,1598.56,0.0099761809991343,False,2013-05-02 16:18:54.083
2013-05-03,1616.16,0.001421,0.020555,0.0322552269982373,6.632485348636147,-0.5836727298808488,1.949943258636959,0.0103350665775398,-3.3744140709382378,0.0103615760567759,0.2120696354934297,527,True,16,117,527,707395,1602.86,1618.46,0.0097326029721873,False,2013-05-03 16:19:23.860
2013-05-06,1617.2807,0.001269,0.020516,0.0351652836646693,4.72482282946384,-0.608831771294019,1.4802779209542365,0.0114656320931158,-1.8589232531377928,0.0086492043518822,0.1666969298973885,377,True,14,108,377,258144,1614.21,1619.77,0.0034444093395531,False,2013-05-06 16:18:59.697
2013-05-07,1622.065,0.00137,0.0204309999999999,0.0343746259956146,5.48467436446665,-0.5933187390149022,1.6806142888008764,0.0096453364755741,-2.4473971277491224,0.008084282792902,0.1615895460067659,540,True,15,130,540,362073,1616.64,1626.01,0.0057959718923197,False,2013-05-07 16:14:59.179
2013-05-08,1629.8079,0.001015,0.020405,0.0343764748781533,6.037762901665667,-0.6111890488037149,1.71823562152841,0.0094306633957287,-2.537219641670409,0.0080136609339587,0.177223986663204,508,True,15,126,508,427366,1622.8,1632.78,0.0061498644318462,False,2013-05-08 16:17:26.422
2013-05-09,1629.6382,0.001421,0.020723,0.0347108034115131,6.757929566052905,-0.5901656643948285,1.9206370021053425,0.0095103605888764,-3.219700164583968,0.0087417946360252,0.1756232372125018,555,True,15,149,555,333129,1623.09,1635.01,0.0073440166595815,False,2013-05-09 16:17:20.094
2013-05-10,1628.8111,0.001421,0.020723,0.0353371389197929,7.094914350270067,-0.5969634132381579,1.719593691443076,0.0087192242311001,-2.455574515611773,0.0070583695405841,0.149867520569441,461,True,14,139,461,234889,1623.77,1633.7,0.0061153981167283,False,2013-05-10 16:17:55.514
2013-05-13,1632.7309,0.001065,0.020638,0.0357753844108721,6.294772279952622,-0.5633344842470847,1.7100389655016042,0.0110763424078624,-2.473837467345383,0.0082735948708102,0.1482559615080858,443,True,15,134,443,215388,1626.74,1636.0,0.0056923663277475,False,2013-05-13 16:17:21.978
2013-05-20,1668.1163,0.001065,0.0202959999999999,0.0351119516205854,7.267681507530651,-0.4948874801128265,1.946819789997497,0.0114962055125733,-3.27974233175342,0.008627506092651,0.154120845157141,523,True,13,125,523,314525,1663.59,1672.82,0.0055482420548331,False,2013-05-20 16:17:08.581
2013-05-22,1672.4409,0.001015,0.020439,0.0392463859494043,6.3012455455470455,-0.5266628643803486,1.835666854181369,0.0125846436331624,-2.8750705702551143,0.0089142891806274,0.1652559545954061,724,True,15,158,724,688581,1648.86,1687.1,0.0231917809880766,False,2013-05-22 16:19:55.436
2013-05-24,1643.3575,0.001015,0.0205169999999999,0.0382704042063609,8.400101668864085,-0.6339331141812259,1.7957614046166226,0.014003723094566,-2.581808449826754,0.007392785582486,0.1516975140954499,494,True,12,129,494,258434,1637.03,1649.66,0.0077151915358912,False,2013-05-24 16:14:53.782
2013-05-29,1647.0029,0.001218,0.020555,0.0414239409824833,5.440429518847296,-0.6460247755122921,1.5452045348191707,0.0192655834243229,-1.9369289918095485,0.0079436562941462,0.1515010653328639,513,True,12,148,513,238853,1640.32,1656.51,0.0098700253609051,False,2013-05-29 16:15:06.231
2013-05-30,1657.3644,0.001269,0.020487,0.0398934056117522,6.838450709098532,-0.6410315183482707,1.7927148260619383,0.0149979137328054,-2.6682082717942013,0.0091971249560505,0.1665529562290477,515,True,14,127,515,254368,1648.79,1661.91,0.0079573505419126,False,2013-05-30 16:15:02.672
2013-05-31,1646.8374,0.001269,0.020789,0.0463926645991338,4.323592493449713,-0.6775530616102274,1.3829199751632333,0.0176363191113096,-1.5113017048815869,0.0089374544762251,0.1586284861766543,606,True,13,156,606,375880,1630.74,1658.99,0.0173234237217458,False,2013-05-31 16:17:55.300
2013-06-07,1638.101,0.001269,0.020962,0.0401903176720504,8.236777987321135,-0.704948638318758,1.907876777703816,0.0186708520165651,-2.977916351092317,0.0098567970906263,0.2042472707102097,579,True,14,139,579,376741,1625.27,1644.4,0.0117703520030518,False,2013-06-07 16:22:35.433
2013-06-10,1643.859,0.001269,0.020962,0.0419657827716957,5.520074626786553,-0.6931755421666073,1.451451821576957,0.019338425624553,-1.643403885016518,0.0086312481880515,0.1793847374535594,451,True,13,120,451,164260,1639.32,1648.51,0.0056059829685479,False,2013-06-10 16:16:28.471
2013-06-11,1632.2283,0.000913,0.020871,0.0428499446194325,6.635367096169981,-0.7100442913223671,1.6634729784258768,0.0247888501799026,-2.198492124752081,0.008343104886991,0.1636052670931226,461,True,12,138,461,222891,1622.92,1639.62,0.0102900943977521,False,2013-06-11 16:15:04.757
2013-06-12,1620.1758,0.001218,0.02117,0.0462267775354995,5.618990759436262,-0.7292155058769297,1.5129298007234866,0.0311042288371238,-1.769460910296234,0.0090130943748284,0.1706364156087841,572,True,13,152,572,228878,1610.92,1637.67,0.0166054180219998,False,2013-06-12 16:17:53.725
2013-06-13,1621.2556,0.001167,0.020872,0.0454306936330859,5.6299861624806935,-0.7232155226756308,1.4827816695001548,0.0277065484281926,-1.687093126393319,0.0089358351921227,0.167089705395372,602,True,13,152,602,312715,1608.31,1639.24,0.0192313670871908,False,2013-06-13 16:13:43.240
2013-06-14,1631.6886,0.001116,0.020996,0.0500620460865189,3.7078859153044528,-0.7369926754385039,1.1841621918734275,0.0252342302053373,-1.0309913855114283,0.0058040392605535,0.1437922959399445,429,True,11,128,429,199209,1624.05,1640.68,0.0102398325174717,False,2013-06-14 16:14:45.309
2013-06-17,1640.9724,0.001116,0.020845,0.0480961254855253,4.376677762755191,-0.7234020253992158,1.3793174329503,0.0265732948563373,-1.481514095066241,0.0078682296718315,0.1551323159812149,477,True,12,125,477,205026,1630.41,1646.4,0.0098073490717058,False,2013-06-17 16:18:38.935
2013-06-18,1648.3562,0.001167,0.020685,0.0539079557614428,3.037646068613786,-0.727182850003496,1.2191366414293745,0.0257028634014693,-1.1587875707041897,0.0069869092083938,0.1481746465344506,455,True,12,123,455,225672,1640.22,1654.19,0.008517150138396,False,2013-06-18 16:15:39.648
2013-06-19,1646.4902,0.001167,0.0209759999999999,0.0471756617141605,4.594048926958025,-0.728757962892099,1.4785524817910365,0.0243829319685852,-1.7526628452574855,0.0091128968821574,0.1870208656081113,510,True,11,148,510,368098,1628.91,1652.45,0.0144513815987377,False,2013-06-19 16:15:56.409
2013-06-20,1598.1466,0.001167,0.0215309999999999,0.0471504847056425,4.858201289475884,-0.7596989515748287,1.3868563189517082,0.0387317132128644,-1.465237358223551,0.0138391424290833,0.2288364120126177,689,True,12,148,689,919045,1584.32,1623.05,0.0244458190264593,False,2013-06-20 16:21:19.611
2013-06-21,1589.6924,0.001218,0.021474,0.0456603713055889,5.874770261347845,-0.7689486698337097,1.5276947346160596,0.0398347590038034,-1.7973628192372844,0.0100516420677308,0.1833860368560585,604,True,12,139,604,602271,1577.7,1599.19,0.0136210939975913,False,2013-06-21 16:17:14.927
2013-06-24,1568.0385,0.001268,0.021705,0.0500989646890422,4.5562712915322745,-0.7642105607355378,1.4177427025374996,0.0433570863794132,-1.5534654215019883,0.0109951299405213,0.2057138100482924,707,True,13,157,707,739391,1560.33,1588.77,0.018226913537521,False,2013-06-24 16:19:50.471
2013-06-25,1585.852,0.00137,0.0215099999999999,0.0492408769205549,3.9430343589539927,-0.7768324033369746,1.1886967791633358,0.0355988488055337,-1.0246830936677425,0.013817463732517,0.2033215300329535,545,True,13,131,545,348108,1577.15,1593.76,0.0105316552008369,False,2013-06-25 16:22:37.678
2013-06-26,1601.0645,0.001573,0.021348,0.0541976022425081,2.845150651652077,-0.7833866802587227,1.0400007240722142,0.0305126045414611,-0.7732008193942255,0.0100291188786294,0.2099022783379211,514,True,12,135,514,397505,1593.2,1606.83,0.00855510921416,False,2013-06-26 16:19:55.582
2013-06-27,1615.7558,0.001472,0.021223,0.0447001280230851,3.7660441442886303,-0.7216465792443493,1.1891964173827776,0.0265746890411934,-1.0775028083354492,0.011587372927328,0.2302303390228161,529,True,14,124,529,506003,1607.5,1620.07,0.0078195956454121,False,2013-06-27 16:21:25.982
2013-06-28,1610.3097,0.001421,0.0213189999999999,0.0552106653860177,2.558620567313265,-0.7412837643399197,1.0406916051990864,0.0266337312228548,-0.8005127291484202,0.0099742997515928,0.2075648659889806,470,True,11,129,470,278390,1601.06,1615.91,0.0092751052427766,False,2013-06-28 16:14:59.089
2013-07-01,1621.972,0.0013189999999999,0.021252,0.044673373897893,3.8855674006667313,-0.6676572154606648,1.3010430851383916,0.0242506964112061,-1.3455502987955257,0.0104530655760874,0.1995638929821433,477,True,13,137,477,277416,1609.78,1626.56,0.0104237846165313,False,2013-07-01 16:17:49.006
2013-07-02,1617.351,0.001421,0.021294,0.0479516898728454,3.5120308158425417,-0.6763204945842242,1.273124044925457,0.0233942039440219,-1.2840292087570415,0.0091440135512073,0.1821251762901619,513,True,13,142,513,292490,1606.99,1624.26,0.0107467999178587,False,2013-07-02 16:20:50.332
2013-07-03,1611.8506,0.001472,0.021277,0.0398577017057158,5.893449642222485,-0.6620217639270072,1.4182874592421475,0.0249068117933994,-1.5417406013288226,0.008786989645098,0.1705531470753058,397,True,12,112,397,157269,1604.85,1618.97,0.0087983300619995,False,2013-07-03 13:17:26.130
2013-07-05,1624.5607,0.001015,0.021064,0.0398793310145227,5.317672264901687,-0.6636281562898281,1.4575622944792324,0.0211106813563882,-1.7003574173300422,0.011853294341307,0.2297011429774595,538,True,13,138,538,275756,1614.77,1631.9,0.0106083219282002,False,2013-07-05 16:16:36.262
2013-07-08,1641.3426,0.001015,0.020968,0.038831538709567,4.872641807282701,-0.6562401635823718,1.2816499147745957,0.0192726750267471,-1.264202146127023,0.0091963891709853,0.1719245937993368,479,True,13,134,479,492180,1635.46,1644.62,0.0056008707030437,False,2013-07-08 16:14:57.441
2013-07-09,1649.5933,0.001015,0.020968,0.0362018949882339,5.038532671650226,-0.6167487118259107,1.3680098196053698,0.0172540452152963,-1.5066420051889815,0.0099508243596153,0.1733399161895873,528,True,13,119,528,372841,1644.0,1654.17,0.0061861313868614,False,2013-07-09 16:17:20.184
2013-07-10,1651.0611,0.001015,0.02086,0.0360865080085858,5.280966091977077,-0.6359863686812455,1.3876803943652207,0.0173893886450443,-1.544513626563213,0.0095619719164171,0.1841675685665959,450,True,13,129,450,271654,1647.66,1657.92,0.0062270128545938,False,2013-07-10 16:22:15.114
2013-07-11,1670.7202,0.000913,0.020586,0.031309330808969,7.917872383975813,-0.5724373008695829,1.7543163357425997,0.0139482487966426,-2.581819234307144,0.0118429789720151,0.2018354994593217,564,True,14,123,564,477086,1658.26,1676.63,0.0110778768106329,False,2013-07-11 16:44:09.581
2013-07-12,1675.1706,0.000913,0.020586,0.0364459441228608,4.470585856377834,-0.5664054086315262,1.2904607191473203,0.0157490562388805,-1.3394194230262226,0.0098702333925715,0.1870624874511353,419,True,12,121,419,263123,1672.33,1680.19,0.0047000293004371,False,2013-07-12 16:16:22.244
2013-07-15,1681.5394,0.000964,0.020495,0.0328401111949412,7.11695970374289,-0.5487015154223203,1.672719391328859,0.0148356602661956,-2.3305466660459224,0.0100408558021961,0.1753215673869684,398,True,12,109,398,504974,1677.89,1684.49,0.0039335117319967,False,2013-07-15 16:12:19.608
2013-07-16,1677.0256,0.000862,0.020571,0.036339532513855,6.003983834407388,-0.5763487913457,1.5691400551454695,0.0154505974945385,-2.025836581135713,0.0098703090861278,0.1934673219445258,442,True,12,133,442,321667,1671.9,1683.73,0.0070757820443805,False,2013-07-16 16:16:49.166
2013-07-18,1689.6399,0.000964,0.0204309999999999,0.0338562886702276,7.365985523768024,-0.5600928237381829,1.916328492243307,0.0125100880816009,-3.17354502571669,0.0099604726641236,0.1874552214139623,487,True,13,107,487,414861,1681.05,1693.07,0.0071502929716547,False,2013-07-18 16:22:36.628
2013-07-19,1688.583,0.000964,0.0204,0.0351843049446922,6.7480892032303,-0.5629471012059014,1.836849904022616,0.0111935668824739,-2.8991639132670106,0.0097349633160405,0.185190413177983,388,True,12,109,388,242902,1684.12,1692.09,0.0047324418687504,False,2013-07-19 16:29:04.156
2013-07-26,1686.188,0.001015,0.020409,0.0336532766772096,6.797067815888603,-0.6221586612648673,1.6460508745883442,0.0112106175766859,-2.25199627412934,0.0092595258287022,0.1816642239662537,473,True,13,125,473,318262,1676.03,1691.83,0.0094270388954851,False,2013-07-26 16:15:17.732
2013-07-29,1685.9286,0.001065,0.020498,0.0317295392348549,8.086060940244355,-0.6202149749941773,1.719060841769528,0.0118570037059654,-2.442036201987537,0.0092382294588231,0.1826126068472901,401,True,12,108,401,199249,1681.87,1690.92,0.0053809152907182,False,2013-07-29 16:17:19.496
2013-07-30,1687.6663,0.001065,0.020496,0.0349140382830055,6.110049636219274,-0.6607551156535013,1.568385984757661,0.0131553335732426,-2.0331815833642097,0.0084621513391399,0.1726530367184681,476,True,13,129,476,252871,1682.42,1693.19,0.0064014930873383,False,2013-07-30 16:14:46.522
2013-07-31,1691.7537,0.001015,0.020522,0.0347769898240609,5.813088012246606,-0.6716862765084783,1.5233397513950118,0.0130005133806344,-1.916240592883674,0.0087167658754503,0.1857447126313573,486,True,13,129,486,259147,1685.0,1698.41,0.0079584569732937,False,2013-07-31 16:19:48.039
2013-08-01,1704.1194,0.0013189999999999,0.020289,0.0297686800055119,7.374353308182127,-0.6192454478217053,1.609272817737405,0.0118625974198644,-2.150709474150762,0.0097149603713209,0.1879423950041371,516,True,14,119,516,558223,1691.22,1707.85,0.0098331382079208,False,2013-08-01 16:20:47.229
2013-08-02,1704.5479,0.001421,0.020257,0.030809119737688,6.535685577781039,-0.5820677406016905,1.638018676144278,0.0083705117804564,-2.28038774432998,0.010651643459862,0.2344759772891418,523,True,14,125,523,393731,1700.68,1709.67,0.0052861208457792,False,2013-08-02 16:14:35.959
2013-08-05,1706.7732,0.001015,0.020289,0.0419400342136929,2.5157095882595684,-0.6041064815191134,0.9894213099942952,0.0103178686011031,-0.7679366362641838,0.0085882992647003,0.1763873812608214,392,True,13,104,392,239276,1703.59,1709.18,0.0032813059480274,False,2013-08-05 16:14:57.882
2013-08-06,1698.2367,0.001015,0.020289,0.0292014908708177,7.199607425023249,-0.5893331885104716,1.5534067819050996,0.0096392984699197,-1.9925940890781813,0.0088615162870135,0.172004005935707,434,True,13,109,434,217272,1693.29,1705.79,0.0073820786752416,False,2013-08-06 16:15:45.059
2013-08-07,1688.7259,0.001218,0.020539,0.0362461285760653,4.768155423144919,-0.6688364207684626,1.2519542261143262,0.0137565850076273,-1.2217350352095728,0.0073709136303689,0.1537276885289819,495,True,13,128,495,227743,1684.94,1695.05,0.0060002136574595,False,2013-08-07 16:17:20.870
2013-08-08,1696.6002,0.001015,0.020492,0.0332857697589095,6.849426126255198,-0.6381348734196535,1.7212291845666805,0.009409397301227,-2.506653063765699,0.0088287464648243,0.1830202618779316,471,True,14,136,471,240642,1688.44,1700.12,0.0069176281064176,False,2013-08-08 16:17:40.041
2013-08-09,1692.0925,0.001015,0.020492,0.0320093279235879,8.794180509126901,-0.6765843360302651,1.688987828401751,0.0098794721759751,-2.2896882690175246,0.0089596050332993,0.1649230764566881,411,True,11,117,411,160563,1686.03,1699.42,0.0079417329466262,False,2013-08-09 16:17:07.488
2013-08-12,1688.6081,0.001015,0.020492,0.0342429997309138,6.418249086038755,-0.6712657901142984,1.473018797261599,0.0137692295270353,-1.7302241736336812,0.008083586212804,0.1589372325595192,423,True,13,108,423,118252,1683.35,1691.49,0.0048355956871715,False,2013-08-12 16:15:38.077
2013-08-13,1689.6185,0.001065,0.020554,0.0352020127136582,6.322881925546107,-0.6699010368014905,1.492724964631348,0.0115231653700366,-1.7830714801735912,0.0079444673509151,0.1526574246831108,493,True,14,130,493,191552,1682.62,1696.76,0.0084035611130262,False,2013-08-13 16:19:27.065
2013-08-14,1688.5739,0.001065,0.020679,0.0328100058722137,9.301547302153471,-0.6859569512226784,1.878344261480981,0.0101707559113717,-2.917809521429876,0.0088468680171146,0.1843476444461665,462,True,13,116,462,278623,1684.83,1695.34,0.0062380180789753,False,2013-08-14 16:17:02.909
2013-08-15,1663.2319,0.001065,0.020996,0.0354699021785233,8.65715285407916,-0.6905730524584466,1.8162778069456529,0.0164257439469401,-2.684728342245887,0.0101042957929913,0.2000021655193244,627,True,13,129,627,416656,1658.59,1679.61,0.0126734153708873,False,2013-08-15 16:17:13.018
2013-08-16,1659.0374,0.001116,0.021071,0.0400627748971308,4.847968522230587,-0.7182945768563608,1.2772567537026072,0.0165481593551937,-1.2429386716499229,0.0084660854893991,0.1720701000529609,576,True,12,139,576,329777,1652.65,1663.56,0.0066015187728798,False,2013-08-16 16:22:00.715
2013-08-19,1652.7226,0.001116,0.0212049999999999,0.0362454170763164,8.058211287031666,-0.6902896518595952,1.7423886730702984,0.0164039281586878,-2.451771830068589,0.0077007181118256,0.1724693657609922,560,True,12,132,560,406844,1645.84,1659.06,0.0080323725270985,False,2013-08-19 16:20:08.049
2013-08-20,1654.5967,0.001167,0.021131,0.0368780727064351,5.74744622293264,-0.7075739039559732,1.333981788798848,0.0181819483253971,-1.3555979334757016,0.0083889612922269,0.1835132976265374,539,True,12,119,539,292932,1646.09,1658.92,0.0077942275331239,False,2013-08-20 16:14:45.954
2013-08-21,1648.291,0.0013189999999999,0.021242,0.0364028150988405,6.900264778028396,-0.6810113907813151,1.6339230876502435,0.0216191150000066,-2.167326530661286,0.0082121326299297,0.1763363898020587,530,True,13,120,530,545386,1639.45,1656.98,0.0106926103266338,False,2013-08-21 16:20:02.268
2013-08-22,1654.2297,0.001269,0.0210679999999999,0.0339371978104669,9.21948301544102,-0.6655705879075035,1.8119538622289884,0.0166419680046736,-2.657409961236024,0.0083152665062079,0.1672238261748223,462,True,14,102,462,281411,1645.03,1659.55,0.0088265867491779,False,2013-08-22 16:17:16.131
2013-08-23,1660.2952,0.001269,0.020996,0.0349372364446372,8.123732903095286,-0.6584516674584125,1.7829571548028096,0.0145573548246616,-2.611294661365492,0.0068523665967387,0.1384638611194571,394,True,13,100,394,280316,1654.89,1664.85,0.0060185269111541,False,2013-08-23 16:15:06.953
2013-08-26,1664.5705,0.001218,0.021088,0.0335904108919277,8.6402229736876,-0.6542513454487712,1.8771714016080168,0.0141867737201706,-2.943315191246928,0.0081824822464177,0.1736880240706309,506,True,12,139,506,165088,1656.02,1669.44,0.008103766862719,False,2013-08-26 16:27:55.117
2013-08-27,1637.6445,0.001218,0.021428,0.0359562825291842,8.918833841790216,-0.6815095477544505,1.8943682272454527,0.0255469355457817,-2.947254761504564,0.0090173765348972,0.1717795473389404,656,True,12,138,656,539976,1629.05,1652.54,0.0144194469169147,False,2013-08-27 16:16:41.204
2013-08-30,1633.3985,0.001116,0.021456,0.0394670583527106,7.192156104780711,-0.6879166053733461,1.650180675056091,0.0299002326395113,-2.155389770990208,0.009900756180417,0.1577670441196222,480,True,13,130,480,171311,1628.05,1640.08,0.0073892079481587,False,2013-08-30 16:20:50.600
2013-09-03,1641.1076,0.001116,0.021456,0.0394576862534153,6.446025081439773,-0.6742588295423053,1.5628937717856872,0.0266283771781459,-1.933946471396298,0.0090417779652521,0.1789630613668036,547,True,12,140,547,244240,1633.58,1651.35,0.0108779490444299,False,2013-09-03 16:16:08.004
2013-09-04,1651.118,0.001218,0.0212119999999999,0.0453483189190196,3.56457320188172,-0.7176743632008421,1.03510331945276,0.0236603164247294,-0.7481440772038765,0.0091297166604086,0.2173551663939134,501,True,12,128,501,208446,1637.48,1655.72,0.0111390673473874,False,2013-09-04 16:18:31.651
2013-09-05,1656.3251,0.001015,0.02119,0.0385471844531359,6.97364414500168,-0.6486083782346579,1.6789572921807376,0.0202936251689244,-2.281268894631052,0.0101234038106131,0.1805021981038398,451,True,13,118,451,286871,1653.07,1659.16,0.0036840545167478,False,2013-09-05 16:17:27.006
2013-09-06,1657.341,0.001015,0.02119,0.0391728778712509,6.95061719948184,-0.6752238406224279,1.7385128386714297,0.0201884214534609,-2.477875532855156,0.0100770072958145,0.2064695834545489,635,True,13,159,635,326624,1640.62,1664.83,0.0147566164011165,False,2013-09-06 16:14:57.860
2013-09-09,1667.9099,0.001065,0.0210029999999999,0.0407397541837408,5.148409032601269,-0.7038371777062046,1.3709393105008425,0.0211711960387497,-1.4599847562254715,0.0091069148992881,0.189598072867309,505,True,12,129,505,181162,1657.64,1672.4,0.0089042252841389,False,2013-09-09 16:19:07.243
2013-09-10,1681.2236,0.00137,0.020859,0.0369557701977383,6.792300019610163,-0.666588129751621,1.6477329056791594,0.0167732724465152,-2.2129943711802715,0.007795390014017,0.1620046002188621,426,True,12,114,426,257613,1674.32,1684.09,0.0058352047398346,False,2013-09-10 16:14:56.168
2013-09-11,1685.2903,0.00137,0.020859,0.0354931004452375,6.986369088749158,-0.6570466253660844,1.7282401055025811,0.0139683339640825,-2.49087806263862,0.0080527913634364,0.161110700838328,464,True,12,113,464,391359,1678.7,1689.13,0.0062131411211057,False,2013-09-11 16:14:57.796
2013-09-13,1686.7421,0.001065,0.020841,0.0366221136458079,7.603791431421299,-0.7310456884934763,1.5437987106133069,0.014183608665452,-1.8263806310102464,0.0094688447565736,0.2311138283705129,392,True,11,115,392,116222,1682.22,1688.73,0.0038698862217783,False,2013-09-13 16:20:10.782
2013-09-16,1701.2917,0.001015,0.020723,0.0365500416006568,5.021816418744937,-0.6533251578756174,1.4215469300108927,0.0172121432034442,-1.6537004761914158,0.0094810480307639,0.1755368107214011,419,True,10,119,419,355102,1692.34,1704.95,0.0074512213857735,False,2013-09-16 16:18:32.185
2013-09-17,1703.9453,0.001015,0.020638,0.0379706954981226,4.410800784075666,-0.6762532923082988,1.3175061795414418,0.0183841832521944,-1.40086018617985,0.0077965102032021,0.1466378169571385,370,True,10,109,370,301421,1698.82,1705.46,0.0039085953779682,False,2013-09-17 16:18:56.115
2013-09-20,1716.8772,0.001015,0.020598,0.0341709686369478,7.776253333437813,-0.597120356638898,1.9563918228307613,0.0103670966909144,-3.29602474689934,0.0099064080519605,0.1859758595581871,493,True,10,147,493,336227,1708.89,1725.23,0.0095617623135484,False,2013-09-20 16:16:52.007
2013-09-24,1701.842,0.000964,0.0207019999999999,0.0326936369255199,9.46872970263195,-0.6353061251818672,1.9975644707140137,0.0140093586134515,-3.371129392571488,0.0103834522181753,0.1786428778810592,481,True,11,136,481,281347,1694.9,1707.59,0.0074871673845062,False,2013-09-24 16:26:37.437
2013-11-05,1762.9211,0.001218,0.020049,0.0339385868510253,7.24263409233984,-0.6031562250103312,1.9405937194446792,0.0082977421717585,-3.274294451601988,0.011446723443129,0.1850320482011006,445,True,12,126,445,231117,1755.78,1766.96,0.0063675403524359,False,2013-11-05 16:17:04.388
2013-11-12,1767.2935,0.0013189999999999,0.020139,0.0348807009809701,7.717592957128475,-0.6324701435540395,1.9565620915196744,0.0086495878356451,-3.289745113510964,0.0088705771873398,0.1632622665918797,435,True,11,119,435,293018,1762.32,1771.74,0.0053452267465614,False,2013-11-12 16:21:07.365
2014-02-14,1836.3785,0.000964,0.019377,0.0338975946949394,6.844496601730914,-0.6451066123367442,1.932770222373209,0.012148305049426,-3.271576789099855,0.008341963546643,0.1574482977703041,572,True,16,125,572,353112,1825.59,1841.65,0.0087971559879271,False,2014-02-14 16:16:00.333
2014-03-28,1862.2039,0.001116,0.019588,0.03891751540737,4.482422858287232,-0.7006308400387519,1.571700792396112,0.0160934916752424,-2.121353859519084,0.0076011681861015,0.1705819423257982,525,True,14,135,525,290262,1851.68,1866.63,0.0080737492439297,False,2014-03-28 16:19:09.720
2014-03-31,1871.8936,0.001116,0.019442,0.0330163107797896,6.570483609925276,-0.6932778477429062,1.789293715981731,0.0143508661239686,-2.767705744374098,0.0076900601811297,0.1724429352309184,479,True,13,121,479,182328,1862.73,1875.18,0.0066837383839848,False,2014-03-31 16:17:52.244
2014-04-07,1850.8124,0.000964,0.019802,0.0337480077333931,6.698749309089712,-0.7224167412545667,1.6295926373282192,0.0202882068564774,-2.2034332766598976,0.0084005132657876,0.1867325934583817,695,True,15,159,695,262127,1841.48,1863.97,0.0122130025848774,False,2014-04-07 16:15:19.312
2014-04-09,1861.862,0.000862,0.01954,0.0310456730656828,9.262777617311457,-0.6991446385706065,1.9963322407464723,0.0138643963156447,-3.410204084269479,0.0119183994188314,0.1922705909045489,621,True,15,148,621,203363,1852.38,1872.42,0.0108185145596475,False,2014-04-09 16:15:12.711
2014-04-10,1852.8136,0.000862,0.01954,0.0308616038769277,8.8542780468312,-0.6920075972471765,1.9780805251367128,0.0195790077565699,-3.3662881205301693,0.010446364187098,0.204244810387612,778,True,15,155,778,322101,1830.87,1872.51,0.022743285978797,False,2014-04-10 16:14:59.046
2014-04-11,1824.914,0.000913,0.02016,0.0343166355570199,6.196220329145244,-0.7247220720709721,1.5125649652645148,0.027490674694016,-1.8625859044130912,0.0080595208544401,0.1553910998070894,733,True,16,148,733,462507,1814.36,1835.07,0.0114144932648427,False,2014-04-11 16:17:22.980
2014-04-14,1827.9915,0.000913,0.019996,0.029232280401825,10.544855924226376,-0.71903255767102,1.832433926811586,0.0309236152338312,-2.741313725782467,0.0106962224827711,0.2174912753339612,674,True,16,149,674,237195,1815.8,1834.18,0.0101222601608106,False,2014-04-14 16:16:13.347
2014-04-15,1831.1993,0.000862,0.019864,0.0342766680858674,7.330736948460539,-0.7036657923265284,1.8417571735123708,0.0256160083813221,-2.889523011769904,0.0095542414353382,0.1877746757858885,720,True,16,159,720,260712,1816.34,1843.99,0.0152229208187895,False,2014-04-15 16:14:58.042
2014-04-17,1863.5664,0.000913,0.01964,0.0312525907658348,7.761159389212039,-0.6792072742105271,1.9590043274441409,0.0122032848221548,-3.3525852784259484,0.009739769972303,0.2052589721298248,623,True,15,137,623,342274,1856.72,1869.58,0.006926192425352,False,2014-04-17 16:16:41.132
2014-04-21,1868.8532,0.000913,0.019568,0.0330515719285665,5.655402395520894,-0.6804858627983432,1.5778386442052712,0.0135513587755212,-2.115734909026436,0.0096171812488341,0.1976453988188371,529,True,13,135,529,238489,1863.18,1871.89,0.0046748032932941,False,2014-04-21 16:24:31.190
2014-04-22,1881.3756,0.000913,0.019488,0.0344487234146174,4.688792070394103,-0.6924990206158859,1.336791442214782,0.0127713122729501,-1.4639655576153603,0.00810491710852,0.1767901361014451,624,True,15,134,624,437444,1872.78,1884.88,0.006460983137368,False,2014-04-22 16:15:51.210
2014-04-23,1876.5761,0.000913,0.019541,0.0303430373072857,7.599317988708598,-0.6401596988074233,1.823071891157208,0.0115163295187552,-2.8624183418448927,0.009543284756624,0.1880940461409563,463,True,14,116,463,195313,1873.91,1879.69,0.0030844597659438,False,2014-04-23 16:32:02.583
2014-04-24,1878.1399,0.000913,0.019513,0.0303027246068878,6.978374860999184,-0.6620205178685449,1.6710537038818278,0.012806245255251,-2.3694929380242007,0.0089302235226796,0.190390846698781,555,True,14,139,555,243635,1870.24,1884.06,0.0073894259560269,False,2014-04-24 16:17:52.131
2014-04-25,1866.6431,0.000862,0.019673,0.0381420807520145,3.5816918797816486,-0.6886664716758407,1.2088341454675302,0.0164962885264286,-1.188053629433281,0.0080258318784561,0.1466760004043481,550,True,14,128,550,236616,1859.7,1874.44,0.0079260095714361,False,2014-04-25 16:15:01.890
2014-04-28,1864.239,0.000862,0.01962,0.0327474304179723,5.395453877505027,-0.6871636169347646,1.3987586923476043,0.0163424120697424,-1.60315137856403,0.0070013741889523,0.1579783654452797,598,True,13,146,598,200571,1850.61,1877.01,0.0142655664888875,False,2014-04-28 16:15:19.941
2014-04-29,1877.6457,0.000862,0.01953,0.0326370269342899,5.914467574819891,-0.6658405038260101,1.685744281826305,0.0130345224486631,-2.4556725086273232,0.0104493855465198,0.2067467251480101,478,True,13,132,478,206966,1871.38,1880.6,0.0049268454295758,False,2014-04-29 16:19:56.170
2014-04-30,1879.2211,0.001015,0.01948,0.0311204525888061,7.385413223809725,-0.685659878747955,1.7878152470140325,0.0122341600301192,-2.7366085532952216,0.008353773360348,0.199601123705739,487,True,13,131,487,162131,1872.69,1885.2,0.0066802300434134,False,2014-04-30 16:17:24.456
2014-05-01,1883.5776,0.001015,0.01948,0.032078289003328,7.217635570015737,-0.6758028941937413,1.868000030097832,0.0103414020280464,-3.0263653129741708,0.0103609760346379,0.2008868033493958,617,True,17,139,617,397154,1878.04,1888.59,0.0056175587314433,False,2014-05-01 16:19:26.491
2014-05-06,1874.8808,0.000913,0.0196469999999999,0.0318521765342007,8.04078738498543,-0.6656188257117882,1.9420888124375884,0.0106139487498201,-3.259475796874182,0.0087130421175784,0.1749923390032961,627,True,14,145,627,229757,1867.72,1882.14,0.0077206433512517,False,2014-05-06 16:30:58.373
2014-05-12,1893.6843,0.00137,0.019443,0.0279057013646215,7.098053184000404,-0.686837889651295,1.3817173413310753,0.0106813555205686,-1.5129905064891818,0.0080056650465683,0.2100375112341003,667,True,16,135,667,234412,1883.05,1897.13,0.0074772310878628,False,2014-05-12 16:15:10.206
2014-05-13,1898.875,0.000862,0.019472,0.0264022953487569,9.846027959392488,-0.6311990097551098,1.9835554389321528,0.0071567655835202,-3.414576702925329,0.009362917157818,0.1893684312531723,549,True,15,131,549,274775,1896.11,1902.17,0.0031960171087122,False,2014-05-13 16:14:57.723
2014-05-22,1893.5046,0.000761,0.0196,0.0266477133454616,8.594891744387139,-0.6740110799521485,1.9593833274760128,0.0081418254653981,-3.3811146011115647,0.0098509981148994,0.1990308998854777,610,True,15,123,610,257691,1885.68,1896.33,0.0056478299605446,False,2014-05-22 16:15:29.600
2014-05-23,1898.621,0.000761,0.019518,0.0299792966816693,6.08413161108151,-0.6839051332041174,1.4929469338492227,0.0078644896709048,-1.8640945740519248,0.0109618440751935,0.1984025015017112,532,True,14,125,532,221876,1893.58,1901.26,0.0040558096304355,False,2014-05-23 16:24:56.314
2014-05-27,1910.0932,0.000761,0.019402,0.0296305846637468,6.118010391644433,-0.6612528882122025,1.5726109210740236,0.00769747453371,-2.110544659314682,0.0087551153834836,0.2033995462085591,566,True,16,118,566,329951,1904.6,1912.28,0.0040323427491337,False,2014-05-27 16:38:57.595
2014-05-30,1920.2935,0.000913,0.019319,0.0348675611170358,4.138646424398494,-0.6356041629056498,1.3686177453025,0.0076888657075221,-1.5845055184678662,0.0081003466559404,0.181981117503354,530,True,15,118,530,204530,1916.64,1924.03,0.0038557058185155,False,2014-05-30 16:18:34.102
2014-06-02,1922.0197,0.001167,0.0193209999999999,0.0284501352004712,8.51049714735905,-0.6448911673097455,1.9395936401117704,0.0066993878265811,-3.2777738998308488,0.0107325716418875,0.2022753910905591,612,True,16,127,612,383358,1915.98,1925.86,0.0051566300274532,False,2014-06-02 16:20:05.600
2014-06-04,1926.2431,0.001218,0.0193419999999999,0.0274496109263196,8.935712354630516,-0.6360364091412157,1.9072652046939056,0.007601391377848,-3.147096906067856,0.0101997250279699,0.1932634485674978,545,True,15,123,545,324549,1918.6,1928.63,0.0052277702491401,False,2014-06-04 16:19:44.497
2014-06-05,1935.621,0.000964,0.019214,0.0276534799309317,8.420450207793769,-0.6377000409614515,1.8865143050247584,0.0063620796014719,-3.093226721401777,0.0102281445255631,0.2141088901677484,708,True,17,141,708,596373,1922.93,1941.74,0.0097819473407767,False,2014-06-05 16:27:57.329
2014-06-19,1956.7991,0.0008119999999999,0.0190989999999999,0.0307461184020205,6.1613911117981885,-0.679891311830168,1.8307882433238047,0.004582682402298,-2.972907870603655,0.009055286449818,0.174598295199808,425,True,13,108,425,430226,1952.29,1959.81,0.003851886758627,False,2014-06-19 16:25:00.814
2014-08-08,1918.9375,0.000862,0.019575,0.0363137486852989,7.963645761115527,-0.7576743251296718,1.669501371848744,0.0229144581967709,-2.208855169029048,0.0080710732280874,0.1597106099868315,736,True,18,166,736,248651,1909.01,1932.31,0.0122052791761173,False,2014-08-08 16:17:10.269
2014-10-01,1954.8089,0.001116,0.019865,0.0374680460432988,7.037013528126542,-0.781032045852227,1.6636173403683068,0.0274108317962516,-2.240296361415795,0.0092380395135724,0.1935921605844106,805,True,15,151,805,628436,1941.72,1971.44,0.0153060173454462,False,2014-10-01 16:20:49.429
2014-10-02,1940.8781,0.001116,0.019869,0.0350074329806514,7.951609988753302,-0.7718599153571505,1.5956320788358278,0.0269531542689914,-1.9893108234708248,0.0111639070525505,0.2232967620793766,814,True,18,160,814,433885,1926.12,1952.32,0.0136024754428591,False,2014-10-02 16:15:21.667
2014-10-03,1965.6305,0.001218,0.019651,0.0347262288667687,8.36632987577272,-0.7535272455477308,1.7941522780804895,0.0162280289270225,-2.637920224859473,0.0107044628998381,0.2155283472870128,691,True,17,144,691,368252,1950.86,1971.16,0.0104056672441898,False,2014-10-03 16:18:09.681
2014-10-06,1968.4709,0.000964,0.0196819999999999,0.0353228240542054,7.401118362064706,-0.7624064860695391,1.6856575103281717,0.0167640384112472,-2.318584438710648,0.0080545740102244,0.1745872225767215,658,True,15,147,658,192270,1958.48,1977.84,0.0098852171071441,False,2014-10-06 16:19:07.561
2014-10-07,1948.7529,0.000862,0.0199869999999999,0.0394840875735334,5.588336323560948,-0.7900263259449154,1.374293868765505,0.0247582566980703,-1.4473829161467822,0.0068375462778512,0.1562456084288194,736,True,17,148,736,306215,1934.87,1960.73,0.0133652390083054,False,2014-10-07 16:19:26.394
2014-10-08,1940.2424,0.000862,0.0199869999999999,0.0349171692071046,8.949790415214181,-0.7624446424227552,1.898375508133884,0.0233001420031289,-2.978826877290267,0.0132339260378548,0.250346165352518,784,True,17,159,784,445642,1925.25,1970.33,0.0234151408907934,False,2014-10-08 16:52:45.998
2014-10-09,1944.2874,0.000913,0.0200769999999999,0.035908923151288,8.60799898971557,-0.7614392636431898,1.7809755794047075,0.0271270973521328,-2.553666066019812,0.0128638916757209,0.2287443913724768,763,True,15,152,763,377389,1927.75,1966.99,0.0203553365322266,False,2014-10-09 16:21:01.309
2014-10-10,1922.3841,0.000761,0.020321,0.0396683273862685,7.049579086275459,-0.7807138394947453,1.6444717885818505,0.0385050784640246,-2.144997441182057,0.0100816282824726,0.1671824675799546,752,True,16,152,752,405821,1906.05,1936.98,0.0162272763043991,False,2014-10-10 16:47:18.607
2014-10-20,1894.8995,0.000913,0.02035,0.0476704217994162,6.833463621920528,-0.773183798097657,1.9520896682845208,0.0379490342929178,-3.159145886607337,0.0101033654806835,0.1750205621508411,806,True,17,150,806,373375,1882.3,1905.03,0.0120756521277161,False,2014-10-20 16:35:26.145
2014-10-21,1931.55,0.000964,0.0199629999999999,0.0427506185839873,6.430836916461533,-0.7510082229184346,1.6624972849867137,0.0237535867278291,-2.2140527102052494,0.0097329105102863,0.191451497595272,813,True,17,142,813,755356,1909.38,1942.45,0.0173197582461321,False,2014-10-21 16:17:36.250
2014-10-22,1941.8123,0.000913,0.020118,0.0451728305247737,5.648884732182388,-0.7733742347593068,1.663405898974205,0.0237308677063844,-2.2565669594204696,0.010360008384194,0.1933600101980666,826,True,19,161,826,577671,1926.86,1949.31,0.011651079995433,False,2014-10-22 16:14:58.913
2014-10-23,1953.4333,0.000964,0.019873,0.0403310246537971,6.200812093380667,-0.7537951423493664,1.5935168943242313,0.0237855585601761,-2.0391258816733444,0.0093549732772301,0.1845100929554422,716,True,16,144,716,456871,1931.02,1961.94,0.016012262949115,False,2014-10-23 16:21:03.588
2014-10-24,1957.9267,0.000913,0.019735,0.0471327477405768,4.000890390450391,-0.7555919877772345,1.2624729143490168,0.0251299718650729,-1.2166919444433073,0.0061339370383557,0.123592377180581,656,True,15,140,656,240081,1946.27,1965.24,0.009746849101101,False,2014-10-24 16:15:29.042
2014-10-27,1958.9942,0.000964,0.019766,0.0433907018792687,4.772279757843834,-0.7328735784641737,1.3509783399413584,0.0270517751398642,-1.4109973384765673,0.007666142464533,0.1670534931989027,631,True,15,142,631,353019,1951.37,1964.64,0.0068003505229661,False,2014-10-27 16:15:49.748
2014-10-28,1976.4321,0.000964,0.019533,0.0416505671990866,5.019166558132917,-0.7308211036818659,1.4648925174015786,0.0200109100556652,-1.7278078195132864,0.0114057409027331,0.1853683246968896,769,True,18,165,769,471110,1964.14,1985.05,0.0106458806398728,False,2014-10-28 16:16:49.445
2014-10-29,1983.4263,0.001015,0.019576,0.039617753325678,7.122276178260327,-0.7027099623364628,1.8697957559086564,0.0177596082217372,-2.9317990073186824,0.0116396294950983,0.1969502011477354,720,True,18,145,720,531447,1969.04,1991.4,0.011355787591923,False,2014-10-29 16:15:44.562
2014-10-31,2013.4369,0.000913,0.019239,0.0394593119197006,5.081811906670213,-0.6700939951039953,1.5001529185554423,0.0177397361016783,-1.8494091767653136,0.0093281781828321,0.1567147019332208,641,True,15,131,641,659724,2001.2,2018.19,0.0084899060563661,False,2014-10-31 16:41:56.365
2014-11-03,2019.3433,0.001218,0.01925,0.0361928359505214,6.831308213909786,-0.6611012842710131,1.705229061648405,0.0176398110368293,-2.413317317663327,0.0100722948150825,0.1534688800352452,622,True,18,132,622,368920,2013.68,2024.46,0.0053533828612291,False,2014-11-03 16:21:52.236
2014-11-04,2009.0822,0.000913,0.019309,0.0394956288616762,7.092845425130218,-0.6865415042560762,1.861370480121614,0.0183492640253127,-2.9044272832998046,0.0075911886020693,0.1551244095220275,594,True,16,126,594,282645,2001.03,2015.98,0.0074711523565365,False,2014-11-04 16:16:55.627
2014-12-12,2015.65,0.001878,0.019959,0.0626787933974233,4.335607880179704,-0.7893811821299009,1.874825308766754,0.0397187957350616,-2.9714685972443062,0.0080159364969734,0.1669636718065035,797,True,19,157,797,327043,2002.33,2031.68,0.0146579235191002,False,2014-12-12 16:18:39.097
2014-12-18,2043.7029,0.002387,0.019418,0.0502766203797758,5.199115322608821,-0.73554739320713,1.9144904922039696,0.0272131594640173,-3.14248594996844,0.0108549190507948,0.1675523348153535,797,True,18,171,797,326850,2018.98,2061.23,0.0209264083844318,False,2014-12-18 16:33:52.856
2015-01-05,2025.8542,0.002291,0.019889,0.0596195657116822,4.085409323654536,-0.8328768755285823,1.6312801711139056,0.0402140544004788,-2.173934337407931,0.0067946699868155,0.1480847194050219,841,True,20,177,841,367490,2017.35,2053.68,0.0180087738865342,False,2015-01-05 16:22:34.210
2015-01-06,2011.276,0.002444,0.020068,0.0625806144683865,3.710641853781066,-0.8106349499543153,1.663196341316085,0.0419996104423746,-2.301793575203748,0.0100219150856559,0.161680703474162,913,True,20,192,913,440574,1992.44,2030.24,0.018971713075425,False,2015-01-06 16:19:44.265
2015-01-07,2021.93,0.0026989999999999,0.019852,0.0579370801867918,3.63815813020528,-0.7902382484884605,1.569340341789639,0.0365972248175217,-2.041260589724557,0.0082934163686258,0.1210941046832188,743,True,19,177,743,373626,2007.48,2029.6,0.0110187897264231,False,2015-01-07 16:33:46.772
2015-01-08,2058.2001,0.0026989999999999,0.019852,0.0524594397436552,4.220873534668439,-0.7699433201136959,1.6897991837258848,0.0260412244287712,-2.4125719596056108,0.0101834191638399,0.1572145854903238,833,True,19,181,833,387953,2025.9,2064.07,0.0188410089343007,False,2015-01-08 16:43:16.497
2015-01-09,2046.7473,0.003619,0.019671,0.0503545419743831,4.756853622507751,-0.7931306898293436,1.659555517045778,0.0274777821426235,-2.2750661433559536,0.008061512460429,0.151913439636306,631,True,17,140,631,285645,2038.35,2064.28,0.0127210734172249,False,2015-01-09 16:23:36.703
2015-01-12,2030.3513,0.004743,0.019831,0.0555039252063453,3.477044206546584,-0.8116304241763904,1.3847956238018642,0.0363240448793538,-1.531679716542158,0.0068014374276417,0.1502069854355234,675,True,15,160,675,257995,2022.58,2049.3,0.013210849509043,False,2015-01-12 16:17:33.572
2015-01-13,2039.3496,0.001827,0.019894,0.0584514431712622,3.385897478532653,-0.8107824723120317,1.5116395803421925,0.0352843176532853,-1.8892330327567768,0.0105247639874406,0.1969295210435273,824,True,19,191,824,359140,2008.49,2056.89,0.0240977052412507,False,2015-01-13 16:19:57.423
2015-01-14,2002.7734,0.0016239999999999,0.020015,0.0527314644203239,3.8139499469913054,-0.8284085396866304,1.413642995149052,0.0520063790723234,-1.5961561858726454,0.0078696123420104,0.1323589969861454,829,True,17,176,829,354562,1988.44,2016.88,0.0143026694293013,False,2015-01-14 16:15:22.921
2015-01-15,2000.6599,0.001472,0.020206,0.0448712146295244,6.740313658114349,-0.8068925031726233,1.834365357163499,0.0581140447991694,-2.760004141914444,0.0101810322362698,0.1623584122200552,704,True,20,161,704,306467,1991.76,2021.27,0.0148160420934249,False,2015-01-15 16:44:34.454
2015-01-16,2004.3863,0.001573,0.019942,0.0525757909065588,4.752384319532339,-0.813806329986363,1.6898109136418584,0.052632343908668,-2.35574019528045,0.0088903585522558,0.1333266714666042,819,True,20,171,819,428460,1988.12,2020.39,0.0162314146027404,False,2015-01-16 16:23:35.261
2015-01-20,2016.4853,0.001573,0.01991,0.0539620753661413,4.017056292654572,-0.8210681757724037,1.5577601293131569,0.0468207157292457,-1.9930792316492256,0.0108002109461223,0.1555490110962785,753,True,17,164,753,239859,2004.63,2028.94,0.0121269261659258,False,2015-01-20 16:22:46.949
2015-01-21,2028.4491,0.001573,0.0198239999999999,0.0519148364511009,4.248562142300342,-0.8090361275591044,1.6023423826585577,0.0416051873711999,-2.1263742937241807,0.0094444074779446,0.152840968950523,753,True,18,162,753,366801,2012.06,2038.28,0.0130314205341788,False,2015-01-21 16:24:55.566
2015-01-22,2048.1098,0.001573,0.019527,0.0482061894154516,5.291827355323742,-0.7769195387663429,1.8726076597320425,0.0254100820668041,-2.9964617835979066,0.0107174888773886,0.1930066060977673,861,True,20,155,861,327203,2026.38,2064.62,0.0188710903186963,False,2015-01-22 16:17:00.182
2015-01-23,2057.7374,0.001472,0.019634,0.0545860794814816,3.625060126177494,-0.7682399381492441,1.619288204791539,0.0230803134620797,-2.226338649831655,0.0069624396358294,0.1393045499983303,660,True,19,141,660,378079,2050.54,2062.93,0.0060423108059339,False,2015-01-23 16:31:11.481
2015-01-26,2051.4653,0.001522,0.019584,0.0513789531175789,3.5614971835218,-0.7672982951655395,1.511311215402567,0.0236787654391395,-1.9180895961604725,0.0110556359071327,0.1889086829775473,677,True,19,153,677,329979,2041.11,2057.57,0.008064239555928,False,2015-01-26 16:31:01.984
2015-01-27,2030.8155,0.001472,0.019792,0.0546672904538813,2.776960730550189,-0.7793373039890951,1.313819031475716,0.0291020379967207,-1.4225026097957687,0.0088016466447166,0.1778878291073032,814,True,18,162,814,337020,2019.93,2046.58,0.0131935265083442,False,2015-01-27 16:17:57.581
2015-01-28,2022.9174,0.001472,0.020079,0.0562802116229723,2.8372832420225147,-0.7824166812943004,1.3944075415219244,0.032691611964012,-1.6250065892625367,0.0109341294308879,0.1948479399544938,847,True,19,173,847,340445,2001.57,2042.43,0.0204139750296017,False,2015-01-28 16:15:58.325
2015-01-29,2007.1407,0.001472,0.019895,0.0581204401263219,2.853976920699803,-0.7886751427332226,1.436914171448662,0.0404507293946007,-1.73297354662712,0.0112279041831931,0.2069147734659314,877,True,19,175,877,524641,1989.18,2024.63,0.0178214138489227,False,2015-01-29 16:21:17.654
2015-01-30,2010.1204,0.00137,0.0201589999999999,0.0518351306334526,4.116582843454456,-0.7929628321290767,1.5907643346451217,0.0427333772494572,-2.103763949471153,0.0111557283255567,0.2001289216626143,818,True,19,175,818,404459,1993.45,2023.3,0.0149740399809374,False,2015-01-30 16:29:29.423
2015-02-02,1997.0383,0.001421,0.019906,0.0518460311419191,4.493283503586311,-0.8002285366125491,1.6321832273109695,0.0457443267084194,-2.1981042546024376,0.0109920849609372,0.1964788759852733,911,True,20,179,911,406497,1980.9,2021.66,0.0205765056287545,False,2015-02-02 16:18:36.522
2015-02-03,2037.2019,0.001929,0.0196259999999999,0.0644078116382733,2.4172935527994674,-0.7855323356717165,1.446965122691004,0.0297935404634261,-1.7823228906379516,0.0100105791219956,0.1963700500528154,808,True,19,170,808,444677,2023.95,2050.3,0.0130190963215495,False,2015-02-03 16:16:14.600
2015-02-04,2045.5545,0.002342,0.019729,0.0696311478241571,2.0836005372097164,-0.7923445719308378,1.3235970373347186,0.027024866384752,-1.4617421232153582,0.0117149889589886,0.1968509155316943,727,True,18,157,727,291972,2036.81,2054.68,0.0087735233035972,False,2015-02-04 16:27:47.809
2015-02-05,2058.0254,0.002342,0.019729,0.0616883944862546,2.5992141419565,-0.7962893809727364,1.332199082475321,0.0258141550554032,-1.454071700661558,0.0098344141526072,0.1903401425291029,735,True,18,145,735,348548,2044.64,2063.53,0.0092387902026762,False,2015-02-05 16:17:05.684
2015-02-06,2064.7722,0.002444,0.019758,0.0571272231189007,2.8665906765137965,-0.7772339125254893,1.3835644560757985,0.0270693147762831,-1.5867298737807916,0.0108143590710755,0.203536703987419,809,True,18,163,809,529742,2049.99,2072.4,0.010931760642735,False,2015-02-06 16:18:12.903
2015-02-09,2050.0565,0.003414,0.019853,0.0640037167610933,2.4742217001387736,-0.7989924142066847,1.3824292819274395,0.0336735611184349,-1.5943919497307508,0.0091189183447683,0.1646031251360333,722,True,18,146,722,392594,2041.89,2056.14,0.0069788284383585,False,2015-02-09 16:15:08.471
2015-02-10,2060.0688,0.002291,0.019652,0.0626706087714365,2.8640077066073584,-0.7767211637503026,1.488166621916789,0.0273159506638064,-1.855661681588889,0.0102882557987656,0.1794471953080945,726,True,18,154,726,261023,2048.73,2070.85,0.0107969327339374,False,2015-02-10 16:30:49.649
2015-02-11,2066.2906,0.003414,0.0196849999999999,0.0594695103999408,2.767510074813244,-0.7863828550031114,1.4274936607866562,0.0277120732611899,-1.708573213233994,0.0125733588444529,0.2186603881866416,665,True,18,145,665,263154,2057.99,2073.47,0.0075219024387873,False,2015-02-11 16:21:05.846
2015-02-12,2082.8154,0.004948,0.019516,0.0563553524093729,3.077170468378452,-0.7692926776610106,1.480096002125399,0.0215256898948943,-1.843854123169224,0.0121163619924864,0.2121752231345661,758,True,20,164,758,361284,2073.86,2088.49,0.0070544781229204,False,2015-02-12 16:15:12.794
2015-02-13,2092.5233,0.002183,0.019442,0.0551390828005777,3.274688903502479,-0.7557032279277133,1.65061267542237,0.0198529749728597,-2.3633955190722817,0.0105041922319409,0.1965315807236461,702,True,17,152,702,359772,2086.75,2097.0,0.0049119444111656,False,2015-02-13 16:16:23.578
2015-02-17,2096.4876,0.002183,0.019428,0.0567391552859088,3.496007128278122,-0.7448243499010185,1.763406597836881,0.0208292478913937,-2.71288184663061,0.0098530860241028,0.1732090892438006,756,True,19,137,756,329221,2089.85,2101.29,0.0054740770868721,False,2015-02-17 16:17:17.728
2015-02-18,2096.4796,0.00198,0.019467,0.0498239198452177,4.2151484697167545,-0.7676872957318525,1.7225464960921193,0.0218119814836372,-2.547135992217518,0.0119816335026313,0.2081517642933726,676,True,19,148,676,536493,2092.16,2100.22,0.0038524778219639,False,2015-02-18 16:28:02.583
2015-03-03,2105.5513,0.002132,0.019444,0.0393818410495761,5.182013899382041,-0.7498042211419624,1.770796772243738,0.0150255233911322,-2.727566713184525,0.0131503972777868,0.234346049637567,738,True,19,142,738,306904,2098.28,2114.34,0.0076538879463179,False,2015-03-03 16:20:11.339
2015-03-04,2095.2729,0.001985,0.01957,0.0410617846824996,4.357910945072824,-0.7610652071174558,1.5920061492499615,0.017786339692693,-2.176596377465513,0.0117458203349083,0.2192706841820552,761,True,18,144,761,369527,2087.63,2106.29,0.0089383655149619,False,2015-03-04 16:20:47.171
2015-03-06,2081.6331,0.002495,0.019834,0.0421135418497289,3.478054637263592,-0.8054950011149413,1.2512783380342545,0.0217142037134685,-1.2727510801896775,0.0113670292368839,0.2222750600918184,901,True,20,170,901,382552,2067.27,2099.28,0.0154841892931258,False,2015-03-06 16:17:56.882
2015-03-09,2077.6148,0.0033629999999999,0.019761,0.044576415960669,3.036592001820162,-0.7883047056645629,1.2402504069510605,0.0206405986927589,-1.2675002955903183,0.0112239661815614,0.2053532972811372,739,True,17,151,739,236639,2072.31,2083.46,0.0053804691383045,False,2015-03-09 16:15:11.414
2015-03-10,2052.9642,0.0033629999999999,0.019761,0.0414722398006593,3.1785256250663703,-0.7912396280422175,1.0893349544786235,0.0265132016062267,-0.9230094891783585,0.0116298647714886,0.2388388425313521,981,True,20,158,981,422832,2044.16,2072.7,0.0139617251095802,False,2015-03-10 16:15:43.109
2015-03-11,2044.8064,0.003516,0.020171,0.0425331312622353,2.6987693334141016,-0.7696618712297776,1.1123515523403185,0.0277251407276155,-1.0077517553847215,0.0125013144718441,0.2226179983657599,817,True,18,151,817,351627,2039.73,2050.08,0.0050742009971906,False,2015-03-11 16:15:34.312
2015-03-12,2058.9954,0.005409,0.019926,0.0398721337815618,3.690811649095735,-0.7442460822979665,1.303012709013187,0.023374684740736,-1.4035210481793006,0.0186672726734286,0.2747634169058768,764,True,19,161,764,303217,2041.61,2066.4,0.0121423778292621,False,2015-03-12 16:16:46.855
2015-03-13,2049.1019,0.002342,0.020051,0.0394540814496693,2.8134590904552508,-0.7680214437445092,0.9808522388650398,0.0259593680843864,-0.7400662262662931,0.0146544089102251,0.2526601733099745,770,True,18,164,770,226070,2041.23,2064.04,0.0111746349015053,False,2015-03-13 16:24:04.662
2015-03-16,2074.9446,0.002393,0.019784,0.0520446489222608,1.8702889092551709,-0.7665215915018442,1.007950948558518,0.0232705117606139,-0.8212880553692488,0.0133382185158093,0.2293251552954516,818,True,19,154,818,219773,2057.66,2081.37,0.0115227977411234,False,2015-03-16 16:17:47.427
2015-03-17,2072.214,0.002546,0.01985,0.0460102837182011,2.45950155357974,-0.771538787609374,1.0742960160893185,0.0253428676497059,-0.9277872016142604,0.0147570328363311,0.2140839023176933,630,True,15,145,630,154350,2065.09,2078.71,0.0065953541976377,False,2015-03-17 16:15:00.082
2015-03-18,2077.5779,0.001934,0.019622,0.0499604227806329,2.191663386050233,-0.7882271035347633,1.0651029854801135,0.0199560242855248,-0.9154515109588446,0.0127841710062296,0.2596012651110707,801,True,20,167,801,494946,2061.39,2106.81,0.0220336763057937,False,2015-03-18 16:16:57.146
2015-03-19,2090.9967,0.002393,0.019719,0.0519240067416268,2.314675662995361,-0.8074057076093551,1.053451710903744,0.0185529951937517,-0.869386037745924,0.0093560491793978,0.1697829476185742,666,True,18,137,666,433714,2085.57,2098.18,0.0060463086829978,False,2015-03-19 16:15:31.645
2015-03-20,2108.8802,0.0021379999999999,0.019552,0.0409043662992978,5.736901052670182,-0.7470181313119585,1.9231403525759296,0.0097291738253302,-3.2291402115433736,0.0103147493314677,0.2099458342375244,776,True,19,148,776,374504,2094.13,2113.92,0.0094502251531662,False,2015-03-20 16:16:43.166
2015-03-23,2111.6602,0.0021379999999999,0.019584,0.0387462798366114,6.153689360389922,-0.7509023467862006,1.89400207534268,0.0116828167365068,-3.110378721431887,0.0111128276246258,0.2147455864254866,667,True,17,135,667,295502,2104.42,2114.8,0.0049324754564203,False,2015-03-23 16:15:14.800
2015-03-24,2101.3479,0.0021379999999999,0.01971,0.0423910462056805,3.302711858995564,-0.7697292353491058,1.2208146414302068,0.0149221440074425,-1.2103775666929044,0.0115788889240412,0.2335339059516541,805,True,20,161,805,329793,2091.5,2107.49,0.0076452306956729,False,2015-03-24 16:14:53.826
2015-03-25,2077.1432,0.002342,0.020004,0.0448700848302416,2.794502560842884,-0.7878204326407376,1.1072862837497308,0.0203874452509015,-0.9753037802535942,0.011308847077108,0.2251844889822699,964,True,20,180,964,283880,2061.05,2097.41,0.0176414934135511,False,2015-03-25 16:24:25.409
2015-03-26,2055.7608,0.002546,0.020054,0.0422058328438391,3.5788980750504207,-0.8018374460888069,1.1840513446895935,0.0256290204099641,-1.0998768390198028,0.0115226209573588,0.2207280104156845,897,True,20,165,897,476857,2045.5,2067.14,0.0105793204595452,False,2015-03-26 16:16:12.921
2015-03-27,2058.9076,0.002393,0.020023,0.0458201445613689,2.753577446751676,-0.8044317626687905,1.056691025992634,0.0229933829411346,-0.8642572910711919,0.0130623405042579,0.2476047463614732,678,True,18,150,678,198782,2052.98,2062.83,0.0047979035353484,False,2015-03-27 16:15:01.172
2015-03-30,2083.6192,0.002444,0.01979,0.054950131334413,2.1739922725071787,-0.799428707063879,1.013761835854455,0.0180061702516047,-0.7887907380464572,0.0088704801388142,0.1966875078358515,770,True,18,142,770,247693,2067.18,2088.97,0.0105409301560579,False,2015-03-30 16:14:45.835
2015-03-31,2077.4026,0.002291,0.019977,0.049036865455315,2.601512816358071,-0.7837340544462289,1.1388391628298673,0.0204254205563441,-1.0418145708829762,0.011283670740252,0.2198245919393364,780,True,18,144,780,271180,2067.07,2083.73,0.0080597173777374,False,2015-03-31 16:18:50.152
2015-04-01,2057.4553,0.002291,0.019977,0.0473359083098252,2.596397309272369,-0.7933462477948017,1.030789367073541,0.023460352030025,-0.8167210693366839,0.012076124249616,0.2125878724567557,850,True,19,155,850,379734,2048.38,2066.92,0.0090510549800328,False,2015-04-01 16:22:14.897
2015-04-02,2066.9218,0.001929,0.019994,0.0472957231510105,3.171116297284997,-0.7704736518956162,1.190035227768393,0.0170327696408478,-1.1162233663776728,0.0129009692369582,0.2599296621270889,759,True,19,145,759,251062,2057.37,2072.12,0.0071693472734608,False,2015-04-02 16:16:22.909
2015-04-06,2079.0063,0.002495,0.019867,0.0567497471845848,1.6598496672674516,-0.8002247910036345,0.8792131132400779,0.0191297135309344,-0.5846236005296198,0.0097696759688384,0.208791588491722,858,True,19,157,858,212971,2056.59,2086.92,0.0147477134479891,False,2015-04-06 16:17:32.299
2015-04-07,2086.225,0.002495,0.019867,0.0481099621989673,2.407364052619735,-0.7845043566957758,1.0156225077666678,0.0177051913362162,-0.7998526911408786,0.0118640497427146,0.2373114545300061,682,True,17,144,682,322653,2076.11,2089.8,0.0065940629350083,False,2015-04-07 16:17:36.255
2015-04-08,2081.5062,0.003567,0.019894,0.0568613259874313,1.5623891307566908,-0.777470046785027,0.9060057164185596,0.0177170253747921,-0.6431673228167559,0.0121127490368574,0.2362599735242062,682,True,18,145,682,225000,2073.31,2086.68,0.0064486256276194,False,2015-04-08 16:15:45.339
2015-04-09,2083.2892,0.0034649999999999,0.019806,0.0444856584191026,2.7036309245160024,-0.7726202345946221,1.0580382764161902,0.0155200452399924,-0.878899390763059,0.0119142622714664,0.247724522941774,780,True,19,139,780,270437,2074.31,2093.3,0.0091548514927857,False,2015-04-09 16:24:46.159
2015-04-10,2098.7972,0.0034649999999999,0.019806,0.0507218220397389,1.9301591941585527,-0.7966275792959789,0.9144005025792504,0.0138771606033755,-0.6403258968082338,0.0104325205492184,0.2190541789903295,729,True,19,142,729,356996,2091.96,2102.61,0.0050909195204498,False,2015-04-10 16:15:23.226
2015-04-13,2101.6339,0.0021379999999999,0.01979,0.0586149660401417,1.3794715260782928,-0.808255235327984,0.8369250696920166,0.0165961988486192,-0.5387282189701436,0.0113738252313839,0.2557669453712522,864,True,20,162,864,321643,2092.34,2107.65,0.0073171664261066,False,2015-04-13 16:15:15.648
2015-04-14,2092.6466,0.002087,0.01976,0.0381353395360732,3.2982824261902737,-0.7344854025746007,1.2143208279618245,0.0170057430000553,-1.223012832804632,0.0133537435395806,0.2614039809455306,769,True,19,160,769,256550,2083.25,2098.6,0.0073682947317892,False,2015-04-14 16:32:20.996
2015-04-15,2105.1266,0.001934,0.019658,0.0342502325144105,5.040325689592613,-0.7216955456747921,1.5367426465907703,0.0125152542300043,-2.0163133082169984,0.0151241427181896,0.2715128386893976,820,True,20,157,820,459283,2099.37,2111.91,0.0059732205375897,False,2015-04-15 16:19:54.728
2015-04-16,2104.9813,0.001985,0.019677,0.0373223815884457,4.430124271244017,-0.7026932324121866,1.5030213263870378,0.0120879562738372,-1.9283875305030416,0.0119180129877549,0.217231062868766,681,True,19,149,681,246693,2100.03,2111.3,0.0053665900010952,False,2015-04-16 16:14:56.772
2015-04-17,2082.1934,0.002036,0.019902,0.0442585605694996,2.815308404958272,-0.7419648041504141,1.163280527019462,0.0182901810474775,-1.1040185894173429,0.0107260497679113,0.2033119626692713,885,True,20,156,885,527046,2072.4,2099.36,0.0130090716077977,False,2015-04-17 16:16:31.979
2015-04-20,2100.5121,0.002087,0.019723,0.0445192688540029,3.35172917870948,-0.7251369872319351,1.4092179277146442,0.0125335719790599,-1.687462102926808,0.0094684292256551,0.1947513578079862,738,True,18,155,738,233142,2087.0,2103.94,0.0081169142309536,False,2015-04-20 16:22:15.175
2015-04-21,2099.6701,0.002036,0.019753,0.0397341174925045,4.390094199773177,-0.6938275218939063,1.652044152453663,0.0113568710080858,-2.3803768441824427,0.0093295671654562,0.2029141732179799,647,True,15,144,647,289199,2094.38,2109.61,0.0072718417861132,False,2015-04-21 16:15:01.480
2015-04-22,2103.9297,0.0021379999999999,0.019659,0.0355429206394314,5.245375074309772,-0.7212469030059108,1.5709999236191463,0.0114230705512433,-2.095168860030876,0.0103301919545968,0.2039871087759051,724,True,18,140,724,271211,2091.15,2109.95,0.0089902685125409,False,2015-04-22 16:17:07.183
2015-04-23,2111.786,0.002087,0.019616,0.0382393266672124,4.246676098128187,-0.7287591436330625,1.472304837432151,0.0108994617018942,-1.84290146519378,0.0092776397553462,0.2030706165725732,707,True,18,146,707,318433,2103.32,2120.46,0.0081490215468877,False,2015-04-23 16:18:43.210
2015-04-24,2117.7935,0.002087,0.019572,0.0432386463159962,3.31696089481665,-0.7434551296280343,1.281400186705581,0.0112879300843813,-1.3551446405391632,0.0081773052978373,0.1926700291081388,640,True,19,133,640,392860,2113.04,2120.9,0.0037197592094802,False,2015-04-24 16:14:38.771
2015-04-27,2118.7589,0.0021379999999999,0.019654,0.043928552879062,3.749740299611277,-0.6972128212269618,1.4967963312208223,0.0111301610275571,-1.910957927087666,0.0083387855564022,0.1805550104833624,746,True,19,151,746,342822,2107.05,2125.75,0.0088749673714434,False,2015-04-27 16:18:41.838
2015-04-28,2107.647,0.0021379999999999,0.019612,0.0396879318507436,3.9283485999344014,-0.7226513045958466,1.3780337659069908,0.014108879933604,-1.5871609969394815,0.0096092483220663,0.1944763360214585,678,True,16,148,678,209834,2094.93,2115.67,0.0099000921271834,False,2015-04-28 16:17:14.503
2015-04-29,2106.6281,0.00224,0.019695,0.0404251336046377,3.922283302504003,-0.738723297059176,1.411019599052359,0.0148852743807725,-1.673858655831952,0.008976717707452,0.1899213745542771,736,True,19,145,736,279626,2097.43,2113.64,0.0077285058380971,False,2015-04-29 16:15:51.890
2015-04-30,2091.2077,0.00224,0.0199039999999999,0.0426338371379652,3.3384922583343704,-0.766322130103885,1.220919644061662,0.0191274472545356,-1.2059793067992846,0.009659651891587,0.2015350731541407,842,True,20,164,842,302329,2077.59,2104.9,0.0131450382414239,False,2015-04-30 16:30:31.271
2015-05-01,2099.0886,0.002132,0.019689,0.0529922607181219,1.930970018466973,-0.7761600535033443,0.9733642537068046,0.0154584701490381,-0.7427850370792476,0.0081645203143474,0.172261563307118,787,True,20,161,787,380046,2089.4,2108.32,0.0090552311668421,False,2015-05-01 16:17:07.760
2015-05-04,2117.151,0.002132,0.019689,0.0491787440375464,2.053727191777309,-0.7692873660891185,0.9592109144795624,0.0143412298867492,-0.7180861306819879,0.0081513144436884,0.1858909443155871,725,True,20,125,725,211427,2111.38,2120.93,0.0045231081093879,False,2015-05-04 16:18:47.998
2015-05-05,2098.2834,0.002291,0.019874,0.0462306657824815,2.2704490926111007,-0.7543310041844908,0.984924293081221,0.0173127948132031,-0.7601471167482584,0.008767559330829,0.1817591544526831,896,True,18,162,896,215109,2088.48,2115.24,0.0128131464031255,False,2015-05-05 16:18:44.104
2015-05-06,2081.4213,0.002597,0.02,0.0467129357253714,2.348468070955833,-0.7930931486869964,0.9403197747466128,0.0220552259063823,-0.6647936026762266,0.0096039559274387,0.1952363760475974,976,True,20,177,976,383595,2067.96,2098.24,0.0146424495638213,False,2015-05-06 16:22:41.382
2015-05-07,2083.8517,0.002597,0.02,0.0442775906078712,3.524545219665536,-0.8446874914351113,1.0435092898188922,0.021805480153958,-0.7767948973077685,0.0108709638808512,0.2416069159991122,754,True,19,160,754,381259,2074.99,2092.87,0.0086169089971519,False,2015-05-07 16:20:52.574
2015-05-08,2113.9225,0.003619,0.0196849999999999,0.0491976333521022,2.8924678727648896,-0.7995772219315996,1.1026953899154306,0.0127578971026108,-0.9313319751666992,0.0075208247655652,0.2254656713269264,819,True,19,145,819,227214,2098.43,2117.64,0.0091544630986022,False,2015-05-08 16:15:56.248
2015-05-11,2111.5745,0.003874,0.0197999999999999,0.040429320847941,3.706069032806748,-0.7601425391291255,1.2225594998435183,0.0143612763969733,-1.194984022633709,0.0071944163310948,0.1712180877204509,774,True,18,154,774,234404,2104.58,2117.65,0.0062102652310676,False,2015-05-11 16:16:43.712
2015-05-12,2098.0207,0.003874,0.0197999999999999,0.0448604700298521,3.2252365201831217,-0.7544001252778699,1.1936417387796647,0.0171186434244566,-1.1354093480512222,0.0085390629376816,0.1718424321376501,809,True,19,148,809,372304,2085.61,2105.05,0.0093210139959052,False,2015-05-12 16:34:16.207
2015-05-13,2101.402,0.0021379999999999,0.01989,0.0391996401081245,4.627128759260721,-0.7454483735003343,1.381370913276244,0.0139750901023426,-1.5454220358516984,0.0081593473457931,0.1663656436675335,754,True,19,142,754,184915,2096.04,2110.11,0.0067126581553786,False,2015-05-13 16:15:19.391
2015-05-14,2117.448,0.001985,0.019686,0.0442458726309968,3.4740361274793568,-0.7644602421441273,1.2878799278782913,0.0124004719280884,-1.3512111886079263,0.0093290637673255,0.195445513215666,886,True,20,152,886,316506,2105.82,2121.44,0.0074175380611827,False,2015-05-14 16:14:59.370
2015-05-15,2120.0581,0.001934,0.019671,0.0394503564467525,4.903855262354226,-0.7645141158967825,1.4768443250663676,0.0103312402133846,-1.79415148435442,0.0073238636342827,0.1715946828947359,653,True,18,118,653,267772,2116.88,2123.8,0.00326896186841,False,2015-05-15 16:14:44.883
2015-05-18,2126.5584,0.001985,0.019618,0.0425431119126689,3.391862313941021,-0.7659540729075176,1.255702422244297,0.0123822262474296,-1.288187817201481,0.007858785542124,0.1772755930764497,822,True,19,133,822,384331,2120.01,2131.78,0.0055518606044311,False,2015-05-18 16:18:06.808
2015-05-19,2128.7401,0.002036,0.019651,0.0378746887760911,5.018052193171624,-0.7413252110109567,1.6516640771719584,0.0105428861962859,-2.347879893663183,0.0082297163366841,0.1757210407942598,691,True,19,138,691,235430,2124.5,2133.0,0.004000941397976,False,2015-05-19 16:19:47.145
2015-05-20,2127.6515,0.001934,0.019679,0.0326762807484739,6.37604427485778,-0.732698093189833,1.6916393293443006,0.0110958478062744,-2.444952795004529,0.0083027929476239,0.1863644474130594,796,True,19,154,796,337834,2122.68,2134.67,0.0056485197957301,False,2015-05-20 16:16:06.161
2015-05-21,2130.3743,0.001883,0.019643,0.0362585926089265,5.079768170567824,-0.7278901234587029,1.603047013859618,0.0093980798227397,-2.201389239355416,0.0079837293412842,0.1816719571068334,713,True,18,137,713,277815,2123.02,2134.21,0.0052707934922893,False,2015-05-21 16:19:45.199
2015-05-22,2129.0182,0.002036,0.019693,0.0366884883304589,4.345462406199972,-0.7344538890454219,1.3868782480344013,0.0092965102703891,-1.6045743813103388,0.0072429570458509,0.1694092391989596,678,True,19,140,678,233374,2126.06,2132.09,0.0028362322794277,False,2015-05-22 16:19:02.567
2015-05-26,2106.7428,0.002189,0.019899,0.0357992395034517,4.255269071021118,-0.749886133157316,1.3242041323416829,0.0170367353036835,-1.448845790860558,0.0088492927544271,0.1790896439489345,964,True,20,148,964,338013,2099.23,2123.29,0.0114613453504379,False,2015-05-26 16:24:53.679
2015-05-27,2118.5478,0.00224,0.019725,0.0337704343084961,5.834108771854441,-0.7417885842492367,1.6576696558722586,0.0126214200244125,-2.3538279139425886,0.0083975895089818,0.2001496071488782,850,True,17,160,850,359138,2105.89,2126.22,0.0096538755585524,False,2015-05-27 16:14:52.874
2015-05-28,2117.6527,0.002495,0.0197679999999999,0.0343078654923618,4.976993015161651,-0.7544739469865511,1.4747589958558611,0.0152472436314015,-1.833414082016607,0.0076072841073241,0.1606412390344152,700,True,17,132,700,200333,2112.87,2122.08,0.0043589998438142,False,2015-05-28 16:35:47.236
2015-05-29,2111.2946,0.002444,0.019897,0.0422021397732466,3.2084279726396168,-0.7888786919535699,1.182238312253194,0.0162271617052656,-1.1268823754518171,0.0070268410529929,0.163894056747824,766,True,18,142,766,248850,2104.89,2120.27,0.0073067951294367,False,2015-05-29 16:24:34.120
2015-06-01,2111.504,0.002031,0.019871,0.036665551625197,4.44897535132782,-0.7951112956915137,1.270603081610748,0.016935704734852,-1.2881839201520502,0.0082143592174473,0.1832157782573657,770,True,17,148,770,389659,2102.55,2119.15,0.0078951749066609,False,2015-06-01 16:41:25.576
2015-06-02,2110.127,0.002438,0.019902,0.0380991935592125,3.943237320918489,-0.7758287992350887,1.3080901537303005,0.0171911364745312,-1.4106315264069929,0.009130686738634,0.1967727608235425,796,True,20,154,796,305531,2099.14,2117.55,0.0087702582962547,False,2015-06-02 16:18:03.481
2015-06-03,2116.6032,0.002597,0.019896,0.0365211768023832,5.15205442059757,-0.7691465534070872,1.4682831077850698,0.014313638826936,-1.7795371038266952,0.0093312413642745,0.1892359952194278,739,True,19,132,739,235513,2109.67,2121.9,0.0057971151886313,False,2015-06-03 16:16:52.034
2015-06-04,2103.4443,0.001985,0.020057,0.0346161881060195,5.463135124701427,-0.775729063633537,1.438596544701002,0.0199724158434518,-1.6913341921751284,0.0091272174513623,0.1856949640887175,911,True,20,145,911,532146,2093.25,2112.89,0.0093825391138182,False,2015-06-04 16:18:21.752
2015-06-05,2094.3807,0.002393,0.02009,0.0367400459193534,4.345873983081316,-0.7860845389040136,1.210279954275509,0.0194988298975901,-1.145442348324866,0.0096358071703941,0.1924737078856916,757,True,19,142,757,204114,2085.67,2100.98,0.0073405668202544,False,2015-06-05 16:16:29.934
2015-06-08,2086.0677,0.0033629999999999,0.020236,0.0336502907672342,4.45326286225404,-0.76807412852731,1.157191789313369,0.0222847674932579,-1.0393856568987276,0.0119808098243137,0.1942567948534311,886,True,20,142,886,264232,2079.11,2092.98,0.0066711237019685,False,2015-06-08 16:16:23.469
2015-06-09,2080.0528,0.0033629999999999,0.020236,0.0360306094307208,4.5760323141618775,-0.747402568420127,1.2612463822890252,0.0208134090004499,-1.2609879707293057,0.0122369260502966,0.208156044383534,821,True,20,144,821,250571,2072.14,2085.6,0.0064957000974836,False,2015-06-09 16:17:46.172
2015-06-10,2101.5896,0.002291,0.02,0.0342486367736169,4.747197548670106,-0.746732179763205,1.2907510739859338,0.0158630159260706,-1.3408682459218273,0.0103615078192282,0.2168404824198899,930,True,20,150,930,293878,2084.71,2108.47,0.0113972686848529,False,2015-06-10 16:14:57.608
2015-06-11,2110.147,0.004334,0.01999,0.0301075507121064,8.235952361553707,-0.7310975799195707,1.8609041025682067,0.0108543339059823,-2.9670353721792404,0.0093787883257545,0.2053441274197668,776,True,19,125,776,252847,2106.79,2115.02,0.0039064168711642,False,2015-06-11 16:18:42.394
2015-06-12,2096.0511,0.004334,0.01999,0.0362655896718557,4.193903380416716,-0.7721981807097168,1.2250524459823429,0.0166531522921657,-1.1965647371721182,0.0085778026573985,0.1843951582026878,802,True,20,137,802,240721,2091.33,2103.64,0.0058862063854101,False,2015-06-12 16:18:25.121
2015-06-15,2082.4812,0.002495,0.02024,0.0323966936322308,6.110223976014543,-0.759087913098054,1.446948123735585,0.0232320973143567,-1.697756764431421,0.0110762990796035,0.2140822120427977,907,True,20,153,907,324398,2072.52,2087.98,0.0074595178816128,False,2015-06-15 16:18:32.447
2015-06-16,2091.6274,0.002495,0.020127,0.0323967313093737,7.644960617203146,-0.7631404716126696,1.69545880750336,0.0230096564734441,-2.3792370979681663,0.0101733813953688,0.1936325417967717,743,True,20,140,743,246438,2082.1,2097.37,0.0073339416934825,False,2015-06-16 16:15:06.219
2015-06-17,2099.7907,0.002342,0.020097,0.0312497443380235,6.865913463024643,-0.7482863244298065,1.6288498349476357,0.0212474626492814,-2.224035704075912,0.0117622855046812,0.2098660191026191,750,True,19,154,750,298936,2088.86,2106.79,0.0085836293480654,False,2015-06-17 16:13:53.232
2015-06-18,2119.2847,0.002189,0.019906,0.0472463158488879,2.4004240062157787,-0.7720789359812701,1.0489176955711963,0.0154516258185323,-0.873405950544542,0.0082317672857746,0.1732571816893087,870,True,20,142,870,389771,2104.17,2126.59,0.0106550326256908,False,2015-06-18 16:26:47.908
2015-06-19,2115.3259,0.002189,0.020012,0.0491908274068256,2.3119069460514834,-0.772905625124228,1.0837323079923984,0.0160968088973294,-0.9470264842588106,0.0081081391992076,0.1642019416482687,704,True,19,133,704,238493,2109.46,2121.56,0.0057360651541151,False,2015-06-19 16:15:04.208
2015-06-22,2124.907,0.002291,0.019886,0.0390261074047053,3.9239972591446937,-0.7471125314765816,1.3309422399879136,0.0127308166599478,-1.4651305692017444,0.007396367773361,0.1702666726496377,819,True,19,138,819,334515,2116.42,2129.86,0.0063503463395735,False,2015-06-22 16:16:49.408
2015-06-23,2123.499,0.002495,0.019878,0.03275212125061,5.558064881886151,-0.7409522816809324,1.4927987365939388,0.0111331473841985,-1.8643712381158737,0.0080726749506335,0.1813283977253836,749,True,19,132,749,233253,2119.89,2128.02,0.0038351046516564,False,2015-06-23 16:18:19.048
2015-06-24,2117.6209,0.002853,0.0200289999999999,0.0363726286385468,3.685667953860097,-0.7492760334955209,1.2395889377381386,0.0134546764671348,-1.2684658710212746,0.0095498258057467,0.2016862161151932,805,True,20,153,805,302075,2108.58,2125.1,0.0078346564986864,False,2015-06-24 16:18:03.481
2015-06-25,2108.31,0.002802,0.020095,0.0293304468570338,6.993095740839224,-0.7369140698182289,1.6265558874923884,0.0154767849898115,-2.2354628091504822,0.0090276490705396,0.1861513788761118,806,True,20,144,806,296576,2101.78,2115.81,0.0066752942743768,False,2015-06-25 16:14:59.161
2015-06-26,2102.793,0.002802,0.020116,0.0346671644890277,4.478384287670484,-0.7652829690860753,1.2915447622553626,0.0179952468989098,-1.3575821034177613,0.0074717360350521,0.163620065501508,832,True,19,151,832,203086,2095.39,2108.9,0.0064474871026396,False,2015-06-26 16:15:35.327
2015-07-01,2075.5726,0.002438,0.02039,0.0374531931554721,5.2329064774897365,-0.8044864039765197,1.4209064645406329,0.0273398847631319,-1.6269970668414724,0.0089914603907036,0.185279868169002,842,True,20,159,842,370311,2068.57,2082.78,0.0068694798822375,False,2015-07-01 16:24:17.415
2015-07-02,2077.1629,0.002438,0.02039,0.0385178683474345,5.965745633884512,-0.8099359592895268,1.5535935057062695,0.0264854526360684,-1.954077171132204,0.0090772328673561,0.2025835394938949,861,True,18,150,861,279720,2071.06,2085.03,0.0067453381360271,False,2015-07-02 16:19:13.392
2015-07-06,2068.9256,0.002438,0.02039,0.0442583511082088,3.4471011927053263,-0.8245041410014208,1.1899190749273891,0.0299541893753152,-1.110781375091498,0.0087791416492759,0.1969473777620513,956,True,20,178,956,333108,2058.4,2078.61,0.0098183054799845,False,2015-07-06 16:16:34.798
2015-07-07,2060.9259,0.002291,0.020282,0.0419838540856295,3.4237120539293504,-0.8239724300579282,1.1249858930396066,0.0300769456466746,-0.9781120049313592,0.0105247707774934,0.2346191497709699,1034,True,19,183,1034,470428,2044.02,2083.74,0.0194322951830216,False,2015-07-07 16:17:37.634
2015-07-08,2055.3403,0.003567,0.020637,0.0414892167647479,3.758255431481639,-0.8244238709199391,1.1931175025980365,0.0344970370778819,-1.1116752264977088,0.0097360256337448,0.1862334544674639,1020,True,20,187,1020,284728,2044.66,2073.38,0.014046345113613,False,2015-07-08 16:17:22.018
2015-07-09,2062.3146,0.0034649999999999,0.020582,0.0429562801762615,4.1538932456518864,-0.8316787075696835,1.3143390300296889,0.0346689308815481,-1.3706154816943776,0.010542577701527,0.1964533285693428,912,True,20,168,912,307014,2050.82,2074.22,0.0114100701182939,False,2015-07-09 16:36:45.814
2015-07-10,2074.5698,0.002393,0.020332,0.0452346172238172,3.5482949233611083,-0.8258340382540929,1.2347312014542753,0.0292022968531171,-1.2035496145338107,0.0073829995180281,0.1662173334336954,867,True,20,162,867,208886,2062.37,2081.31,0.0091836091486978,False,2015-07-10 16:18:03.753
2015-07-13,2095.6477,0.002495,0.020112,0.0331921378232772,5.519575615233411,-0.760535972275554,1.4976587107457953,0.018626371748379,-1.8765685847791025,0.0102196632493053,0.2269850842084487,872,True,19,150,872,430859,2085.65,2100.63,0.0071824131565698,False,2015-07-13 16:20:14.151
2015-07-14,2107.0971,0.002444,0.020023,0.0320423255409077,6.190600255853981,-0.7458020565344918,1.6510580795718055,0.0133955573463423,-2.3292703247359388,0.0095155965955999,0.2191121974278583,911,True,19,152,911,241854,2098.24,2111.95,0.006534047582736,False,2015-07-14 16:15:06.958
2015-07-15,2110.1316,0.002393,0.02004,0.0414178270557209,3.0517842444032115,-0.774512240579863,1.163858490467257,0.014925593136626,-1.1017700417405902,0.0078392771119471,0.1874001815461374,826,True,20,152,826,315812,2102.6,2114.14,0.0054884428802435,False,2015-07-15 16:17:34.125
2015-07-16,2121.0369,0.002495,0.019884,0.02973638343379,7.901617018575637,-0.726645400997093,1.989512738304787,0.0089645169390191,-3.4882299090543603,0.0098889567342485,0.2191987618913242,857,True,20,137,857,498289,2115.72,2124.29,0.0040506305182161,False,2015-07-16 16:17:41.592
2015-07-17,2122.8234,0.002546,0.019862,0.0369694985218715,3.844662095787645,-0.7741593229488782,1.3058950219295338,0.011483664673148,-1.4210913489657035,0.0083671431960821,0.179812498822216,803,True,20,149,803,320512,2119.88,2128.91,0.0042596750759476,False,2015-07-17 16:19:56.765
2015-07-20,2127.9872,0.002801,0.019833,0.0318417771931052,5.884913225168944,-0.741948322282345,1.670167277028436,0.0107622129573149,-2.4146865418234054,0.0081315530521983,0.1880029883361303,893,True,20,140,893,392232,2123.65,2132.81,0.0043133284674969,False,2015-07-20 16:15:51.699
2015-07-21,2120.0956,0.002852,0.019921,0.0313162474246718,5.608168731957632,-0.7280404268260242,1.6252570072344497,0.0129080025657843,-2.290206740346093,0.0092317999800292,0.1857179337815363,841,True,19,146,841,359688,2115.4,2128.49,0.0061879549966907,False,2015-07-21 16:15:22.092
2015-07-24,2088.6796,0.003159,0.020322,0.0327028636925588,5.917143438670956,-0.7472942270146472,1.5822394629977392,0.0163139002484636,-2.116466647619024,0.0092752746703722,0.1888235157773813,964,True,20,162,964,287589,2077.14,2106.01,0.013898918705528,False,2015-07-24 16:14:59.802
2015-07-27,2069.5541,0.003057,0.02044,0.0321278958969745,4.991455546288417,-0.7514659483510941,1.3254262414530984,0.0252518514556736,-1.4360247932014265,0.0110881043045532,0.19108004313799,984,True,20,159,984,478587,2063.56,2076.11,0.0060817228478939,False,2015-07-27 16:33:50.152
2015-07-30,2105.5687,0.003414,0.0201779999999999,0.0277383027413724,8.418674706657265,-0.7267099670992773,1.8351970356106653,0.0109586551438543,-2.9009086641253865,0.011304297570533,0.2328527552151015,859,True,20,144,859,282552,2094.97,2110.44,0.0073843539525626,False,2015-07-30 16:15:33.381
2015-07-31,2108.9038,0.003108,0.020228,0.0333716105767263,4.579669457871767,-0.7324336156624806,1.3426525621048837,0.0105091681655862,-1.4970540110903596,0.009336874706371,0.2140816497071717,797,True,20,139,797,244181,2102.09,2114.24,0.0057799618474945,False,2015-07-31 16:17:04.723
2015-08-03,2096.6859,0.003108,0.020228,0.0332679747569453,4.362161779461714,-0.7228449784698355,1.2652381521878897,0.0128033252075874,-1.3105870058221365,0.0106865581893132,0.2270574111487725,950,True,20,157,950,423703,2087.32,2105.68,0.0087959680355669,False,2015-08-03 16:16:15.077
2015-08-04,2096.8166,0.0021379999999999,0.020335,0.0303852704272809,5.436870932034771,-0.7137803927341753,1.409507431776091,0.011252875773146,-1.6563096131358328,0.0103860459688188,0.2245997792537538,911,True,20,160,911,239059,2088.62,2102.49,0.0066407484367667,False,2015-08-04 16:14:56.795
2015-08-05,2106.1365,0.002189,0.0203,0.0337754799990181,4.6967184426543485,-0.7202305950978628,1.3542101678144831,0.0089331020688343,-1.5166173389703468,0.0109193346862706,0.2350067330450095,921,True,19,154,921,271713,2097.29,2112.66,0.007328504880107,False,2015-08-05 16:31:58.105
2015-08-06,2083.5766,0.002495,0.020489,0.0333862641849721,4.464800088999888,-0.738042156912243,1.2199911717748804,0.0155204955802668,-1.190252468599771,0.0125345042502467,0.2338427529814246,1050,True,20,163,1050,404645,2075.53,2103.31,0.0133845331072062,False,2015-08-06 16:14:59.166
2015-08-07,2074.4414,0.002189,0.0205489999999999,0.0340652749331656,3.7174018503323696,-0.7654803257828264,1.0511310483873642,0.017778044185075,-0.851607848746658,0.0097524633841747,0.2147004165169384,1005,True,19,167,1005,306326,2067.91,2081.91,0.0067701205565038,False,2015-08-07 16:14:59.188
2015-08-10,2100.4236,0.002342,0.020301,0.0328274563421486,4.268934791669447,-0.7538042429870038,1.1657541160359453,0.0122870652740906,-1.0787061180527318,0.0092893968838408,0.223977431549367,980,True,20,155,980,281298,2085.77,2105.32,0.0093730372955791,False,2015-08-10 16:17:02.764
2015-08-11,2085.9145,0.002342,0.020301,0.0366341835595773,3.5903827870557823,-0.7513170832266262,1.0982837554227212,0.016619529004252,-0.9431657232851388,0.0093973369615002,0.2015195995898092,986,True,19,164,986,457473,2076.56,2097.35,0.0100117502022576,False,2015-08-11 16:18:01.523
2015-08-12,2064.878,0.006844,0.020492,0.0300851905559733,5.1093612254853005,-0.830986835350922,1.0153308053613632,0.0248841056851823,-0.7234644321397006,0.0139067420657468,0.3346960621495521,1169,True,20,174,1169,502119,2052.22,2089.04,0.0179415462279872,False,2015-08-12 16:16:45.456
2015-08-13,2087.1957,0.003721,0.020537,0.0319715404478088,4.332490876654645,-0.8280228068503356,0.9779062724695852,0.0183672871744872,-0.6792678631299048,0.0106294852586024,0.2738742604594629,947,True,20,170,947,294232,2078.38,2092.93,0.0070006447329169,False,2015-08-13 16:15:10.575
2015-08-14,2086.9041,0.0037719999999999,0.0204579999999999,0.0324019359067814,4.225913494363217,-0.8298833008534182,0.9676005938187966,0.0170761414196804,-0.6623953527745684,0.0152645392008708,0.2887121002692284,835,True,18,161,835,176396,2080.63,2092.44,0.0056761653922128,False,2015-08-14 16:15:48.530
2015-08-17,2093.1519,0.0037199999999999,0.020358,0.0346219635013266,4.047287927191532,-0.8156308957697906,1.048773716278263,0.0159064778362801,-0.8196761981669485,0.0103518864301655,0.2711698147356187,942,True,20,154,942,287926,2079.3,2102.87,0.0113355456163131,False,2015-08-17 16:47:24.821
2015-08-18,2098.509,0.0037199999999999,0.020434,0.0344785338970504,4.204183011663596,-0.8552259985993954,0.965946460326522,0.016127149595339,-0.6431444312632435,0.0094033175823631,0.2525936997453917,817,True,20,139,817,331195,2094.15,2103.47,0.0044504930401354,False,2015-08-18 16:15:11.108
2015-08-19,2081.1569,0.0038229999999999,0.020615,0.0329436795425151,4.499129145795192,-0.8110378459945055,1.1313736022361467,0.021365185566814,-0.9835704902378608,0.0102218005017223,0.2211859428207097,1053,True,20,169,1053,736591,2070.54,2096.11,0.012349435412984,False,2015-08-19 16:15:09.644
2015-08-20,2053.2784,0.003721,0.021059,0.0333762198691456,4.901404991982888,-0.8322954333461322,1.136173776938843,0.0316990290210701,-0.9637101100431782,0.0117601003072551,0.2732926521877613,1177,True,20,191,1177,699948,2035.73,2069.79,0.0167310989178328,False,2015-08-20 16:14:59.831
2015-08-21,2000.5745,0.003517,0.0217519999999999,0.0380742493936168,6.091482510300343,-0.8526115050952973,1.5610798069270897,0.0676548251929206,-1.9731129150474584,0.0132188971692696,0.2424299495123529,1239,True,19,203,1239,1213667,1970.89,2025.08,0.0274951925272337,False,2015-08-21 16:52:31.524
2015-08-25,1924.8064,0.003261,0.022963,0.053202153686705,4.657926379553414,-0.8531421452207918,1.869476468921314,0.1075145056703196,-2.999318837637788,0.0175537679060079,0.2268258050093391,1288,True,19,207,1288,823892,1867.08,1948.02,0.0433511151102257,True,2015-08-25 16:34:29.255
2015-08-27,1973.5569,0.0034649999999999,0.021596,0.0455264124308017,5.999479692703352,-0.799703639716565,1.9585483677168,0.0864336869499623,-3.289642134965675,0.0112316152488463,0.1539034252150724,1249,True,20,188,1249,818433,1948.35,1989.59,0.0211666281725562,False,2015-08-27 16:15:27.616
2015-08-28,1983.6487,0.00367,0.021593,0.057175403724435,3.505886970568338,-0.8335320327885916,1.602367775028195,0.0786177037898024,-2.1666814805398458,0.0078214187647926,0.1291620363522137,926,True,19,169,926,318526,1975.3,1993.43,0.0091783526552928,False,2015-08-28 16:17:17.897
2015-08-31,1975.675,0.0037719999999999,0.0217899999999999,0.0537331315737619,5.65047240147117,-0.8446331244823349,1.852944461441961,0.0914792468843729,-2.8261680231841164,0.0105192158958366,0.1596491936005593,1032,True,18,176,1032,426930,1965.98,1986.25,0.0103103795562518,False,2015-08-31 16:16:16.652
2015-09-01,1926.868,0.001929,0.022463,0.071455819742348,3.352614580816432,-0.8725539834310201,1.5884462991729724,0.1028481938113887,-2.044033999051539,0.0114733194026289,0.1883418596341215,1198,True,20,200,1198,563377,1903.07,1955.27,0.0274293641326908,False,2015-09-01 16:36:08.625
2015-09-02,1932.5686,0.002336,0.02205,0.0758472994590819,2.5466470922400486,-0.8413860198595131,1.3300271108845074,0.0799883175778405,-1.3826595064443272,0.0119671559725332,0.1747730260021042,1037,True,18,170,1037,481490,1919.64,1948.9,0.0152424412910754,False,2015-09-02 16:18:13.188
2015-09-03,1961.572,0.002393,0.022014,0.0599410965329378,3.977295603089632,-0.8385807832340316,1.391220176277589,0.064656063327179,-1.4586866595121968,0.0121389365995765,0.2103476247657313,1039,True,18,173,1039,435847,1944.73,1975.01,0.015570284821029,False,2015-09-03 16:17:28.608
2015-09-04,1921.2835,0.002189,0.022365,0.0846532785372017,1.8229217874813648,-0.8548307897396692,1.248933524629237,0.0767021201524962,-1.2512023372884211,0.0091450877730357,0.1403741830364235,1042,True,20,200,1042,299723,1911.27,1937.42,0.0136820020195995,False,2015-09-04 16:17:00.523
2015-09-08,1955.1099,0.002189,0.022365,0.0658924877846185,4.576430724456779,-0.836080549602948,1.636515075291689,0.0685592920891609,-2.07507678044012,0.0109835264735344,0.1909706417991937,1114,True,19,182,1114,424421,1936.75,1970.42,0.0173847941138505,False,2015-09-08 16:27:13.458
2015-09-09,1965.7337,0.003618,0.022144,0.0800974271863568,2.198627316452502,-0.8707114592997266,1.1716554099708778,0.0556683621889338,-1.0205676169350468,0.0137263245381212,0.2535643004409182,1022,True,18,167,1022,320427,1937.89,1988.58,0.0261573154307002,False,2015-09-09 16:38:27.299
2015-09-10,1948.967,0.002444,0.0220469999999999,0.0634124692659075,4.538550035884268,-0.8493116776667763,1.5486153302918586,0.070957284820682,-1.8226081118903728,0.0129659661237786,0.2218859729561442,951,True,19,163,951,379463,1937.47,1965.0,0.0142092522722931,False,2015-09-10 16:19:30.178
2015-09-11,1947.9312,0.004334,0.021969,0.0720317084401891,2.483743233082355,-0.8407561429276729,1.3071977720583268,0.0603830136097744,-1.3509494784628917,0.0099230088809422,0.1827062520578362,878,True,18,175,878,301630,1939.19,1961.05,0.0112727478998964,False,2015-09-11 16:16:21.502
2015-09-14,1952.6438,0.0037199999999999,0.022106,0.0665263563607111,3.0094800084586266,-0.8552955254549148,1.2970905942798503,0.0607181151426665,-1.282024530762946,0.0102164300796377,0.2129602100962556,892,True,17,180,892,232511,1948.28,1962.82,0.0074629929989529,False,2015-09-14 16:16:22.173
2015-09-15,1972.3828,0.004487,0.021827,0.057100112111194,4.208596406345248,-0.8519133363255909,1.340578767377814,0.0543265757631695,-1.3165287782780553,0.0115572046812493,0.2142333454662269,1054,True,18,178,1054,457155,1954.33,1983.19,0.0147672092225981,False,2015-09-15 16:18:30.382
2015-09-16,1985.8486,0.004642,0.0216509999999999,0.0430554229463762,6.192309964654862,-0.8268114140289418,1.5678630690285655,0.0553859912949295,-1.9249695541371223,0.0103808063647808,0.1830407592319398,839,True,18,164,839,537016,1977.97,1997.24,0.0097423115618537,False,2015-09-16 16:14:59.082
2015-09-17,1997.3583,0.003517,0.0217149999999999,0.0411356820899338,5.937559882524794,-0.8338351400887513,1.4600638178461052,0.0471422596423805,-1.6432952007483748,0.0147889760108968,0.2463106761359929,930,True,20,161,930,452636,1986.73,2020.85,0.0171739491526277,False,2015-09-17 16:28:25.890
2015-09-18,1967.5627,0.003414,0.022073,0.050162301744354,4.799660357249282,-0.859446865466707,1.3754748125870735,0.0554797984932774,-1.4104069378399404,0.0105402521567109,0.1988502722076119,1009,True,19,180,1009,495217,1953.45,1981.3,0.0142568276638765,False,2015-09-18 16:18:03.321
2015-09-22,1937.6533,0.0033629999999999,0.0222129999999999,0.0542007910063371,3.98862422471153,-0.8709884961321325,1.2049033717560511,0.0563363807976314,-1.0194189592562943,0.010677297717399,0.2115956578804602,1004,True,20,189,1004,452539,1929.22,1953.41,0.012538746229046,False,2015-09-22 16:17:12.415
2015-09-23,1940.6536,0.003261,0.022267,0.0502080226424325,4.067573628080044,-0.8492480400724819,1.2152725309034758,0.0510447762700281,-1.0684376667317308,0.011945829926997,0.2360845559292449,940,True,20,182,940,428970,1932.61,1949.52,0.0087498253656972,False,2015-09-23 16:37:21.700
2015-09-24,1920.5297,0.003159,0.022342,0.0505957992956965,4.044386977087288,-0.843940817059566,1.2036559852992557,0.060396137950712,-1.039529747413047,0.0123185316934341,0.2224968703350936,1031,True,19,186,1031,454613,1908.94,1937.13,0.0147673578006641,False,2015-09-24 16:15:30.049
2015-09-25,1941.7809,0.00321,0.0223519999999999,0.0543151302951708,2.8333296634009524,-0.847709598834254,1.01797550851039,0.0486427323728224,-0.7284887962533969,0.0109923579677129,0.1862327632698881,833,True,19,155,833,295731,1921.55,1952.73,0.0162264838281596,False,2015-09-25 16:15:05.800
2015-09-28,1891.7806,0.003159,0.022948,0.0617418745492794,3.3503466108108566,-0.8679709284243842,1.1513101520838196,0.0710181744194337,-0.9118017060086931,0.0100576707930438,0.1882430796775494,1037,True,19,191,1037,459241,1879.21,1924.84,0.0242814799836099,False,2015-09-28 16:45:24.663
2015-09-29,1885.4402,0.00321,0.0229219999999999,0.0568545157650303,3.2779343275662667,-0.8331830806816118,1.2146284263383964,0.0735488897464241,-1.102591476262588,0.0091913832925308,0.1447771143503817,983,True,19,191,983,470930,1871.93,1899.46,0.0147067465129571,False,2015-09-29 16:45:40.910
2015-09-30,1911.3499,0.003108,0.022497,0.051012626417941,3.7178943512737903,-0.8235174672076387,1.1880708381098424,0.064337029224813,-1.0321932051612173,0.0098437333460591,0.1602268193036257,1019,True,20,195,1019,371062,1895.81,1920.5,0.0130234569919982,False,2015-09-30 16:47:41.598
2015-10-01,1914.4008,0.003108,0.022497,0.0538118041235885,2.988921682020093,-0.8168877866375115,1.0662387147274186,0.0572575877332455,-0.8151864605963535,0.0112458070718371,0.1722118897553227,898,True,17,161,898,396133,1900.7,1927.17,0.0139264481506813,False,2015-10-01 16:26:42.168
2015-10-02,1924.0982,0.002285,0.0221519999999999,0.05904463434308,2.056559099592358,-0.8117667547991778,0.9208855638055532,0.0491787968798914,-0.6051726615447423,0.0112181473680386,0.1772781215782206,1014,True,20,176,1014,292401,1893.8,1951.36,0.0303939169922906,True,2015-10-02 16:45:18.192
2015-10-05,1979.4171,0.002285,0.0221519999999999,0.051364587844741,2.9301300466128195,-0.7875397907450652,1.1108358138556311,0.0394736292912344,-0.9329463609927836,0.0107758204271445,0.1775470652119338,1100,True,20,174,1100,446192,1959.83,1989.16,0.0149655837496109,False,2015-10-05 16:21:17.700
2015-10-06,1981.7015,0.002546,0.0218739999999999,0.0533797346701289,2.711244479306582,-0.8060526334979761,1.046075788584512,0.0379437823082663,-0.8048235336002338,0.0087445717473059,0.1573595042264675,974,True,19,172,974,448765,1971.99,1991.62,0.009954411533527,False,2015-10-06 16:14:34.159
2015-10-07,1990.0718,0.002444,0.021757,0.0562467727977285,2.703958536137484,-0.7842362552005407,1.10713800987828,0.0346374653059222,-0.9215766900440312,0.010675582499308,0.1606736694950554,949,True,19,180,949,415635,1976.46,1999.31,0.0115610738390858,False,2015-10-07 16:14:58.443
2015-10-08,2004.3437,0.00367,0.0215479999999999,0.0512614572714955,2.7868524279517044,-0.7962618067614845,1.0915347267384563,0.0311774854657592,-0.9057318263611768,0.0118181497482827,0.1989090666424944,988,True,20,184,988,406623,1987.84,2016.5,0.0144176593689633,False,2015-10-08 16:15:32.153
2015-10-09,2014.523,0.003669,0.021539,0.058744477781631,2.597559551515943,-0.7949194534863888,1.1384924454548335,0.0272447773086591,-0.9909804896367432,0.0108124931170549,0.1651831556348663,842,True,17,153,842,404452,2007.71,2020.13,0.0061861523825652,False,2015-10-09 16:31:01.148
2015-10-12,2014.8815,0.006898,0.021511,0.058434270997901,2.41423592682381,-0.7976579113549258,1.0731410433637705,0.0252238939462002,-0.8694834661500994,0.0087233625077622,0.1714431641561978,838,True,19,145,838,235903,2010.6,2018.57,0.0039639908485029,False,2015-10-12 16:20:37.030
2015-10-13,2013.9474,0.002291,0.021654,0.0573822976460382,2.2354520418054893,-0.8012475398644225,1.0498669634375286,0.026163989400548,-0.8456698920448842,0.008939767905161,0.1757711544199406,895,True,19,156,895,308004,2001.81,2022.33,0.0102507230955983,False,2015-10-13 16:17:46.795
2015-10-14,1996.9917,0.002087,0.021761,0.0501634108134774,3.247641790168012,-0.7861383861150872,1.234806034822873,0.0311508909519699,-1.1989203650445557,0.0105118416673597,0.1798530244667188,862,True,19,169,862,390979,1990.93,2009.54,0.0093473904155343,False,2015-10-14 16:15:51.283
2015-10-15,2010.2454,0.002087,0.021443,0.0557744977204386,2.7167538351964784,-0.792741702728805,1.1017461413047591,0.0245357617283935,-0.9107933987036084,0.0091730616213645,0.1741301241531123,876,True,19,151,876,351083,1997.48,2024.13,0.0133418106814586,False,2015-10-15 16:14:51.510
2015-10-16,2027.139,0.002087,0.0213459999999999,0.060834563752043,2.389595649191794,-0.8075339792552898,1.0789480848257766,0.0209848862197256,-0.8733889520244857,0.0071337115200524,0.1355319982306222,792,True,20,141,792,278712,2020.52,2033.54,0.0064438857323856,False,2015-10-16 16:38:38.022
2015-10-19,2029.6913,0.0021379999999999,0.021344,0.0641591960461717,2.2750770984298945,-0.785143483345306,1.164713496789717,0.0177929205517246,-1.0646232944474918,0.0115746527420232,0.1598429125298164,778,True,19,149,778,386032,2022.33,2034.44,0.0059881423902132,False,2015-10-19 16:15:35.384
2015-10-20,2031.9581,0.002189,0.021379,0.0440713363186094,3.3596589275502,-0.7749823560593146,1.16946381592665,0.0206502578027921,-1.071516299737954,0.009983435487805,0.1705304045365314,793,True,20,137,793,359561,2026.61,2039.1,0.0061630012681275,False,2015-10-20 16:17:08.647
2015-10-21,2030.249,0.002189,0.021509,0.0416253899434788,4.687880562780709,-0.737450817204949,1.4048684908051092,0.0194422540299434,-1.5833857635886217,0.0100942947306538,0.1928284814591774,783,True,17,137,783,449735,2017.22,2037.9,0.0102517325824649,False,2015-10-21 16:31:35.386
2015-10-22,2046.9828,0.0021379999999999,0.0211589999999999,0.0568582302146728,2.392606250911612,-0.7710774793334506,1.1081516310688582,0.0191560531538618,-0.9559213233857752,0.0110154806962553,0.1595878859022777,888,True,20,160,888,517804,2025.75,2055.19,0.014532889053437,False,2015-10-22 16:17:31.291
2015-10-23,2072.2821,0.002342,0.0209019999999999,0.0483520683294656,2.810672280947228,-0.7614550008729318,1.1750731455434835,0.0174827645056507,-1.1089932610172664,0.0093563156956194,0.1706965094753784,917,True,19,170,917,547089,2064.01,2079.71,0.0076065522938357,False,2015-10-23 16:27:54.628
2015-10-26,2070.5993,0.002444,0.020942,0.0590495555686377,2.108743849806859,-0.7593675236607755,1.1511400041186255,0.0204404326614955,-1.0760825348038432,0.0075899122817712,0.1505819069621194,755,True,20,137,755,229891,2066.64,2074.44,0.0037742422482871,False,2015-10-26 16:15:09.964
2015-10-27,2063.1484,0.00275,0.020996,0.0388081147196141,4.07433484357695,-0.7492767409632979,1.274217615795954,0.0240144514190631,-1.3073960243734144,0.010039810678701,0.1771942817978999,718,True,19,124,718,278354,2058.94,2070.33,0.0055319727626836,False,2015-10-27 16:14:25.029
2015-10-28,2078.4042,0.003108,0.0207629999999999,0.0500454663813153,2.597412593803452,-0.7582889936036563,1.2197221205284874,0.0203978182276641,-1.2277446020233187,0.0110063882206086,0.1799566226280788,910,True,19,178,910,407772,2063.12,2090.35,0.0131984567063476,False,2015-10-28 16:15:12.145
2015-10-29,2087.6357,0.003057,0.020791,0.050396763224057,2.481842497162949,-0.7357582637081561,1.1819571034861711,0.020011737019507,-1.146868937103572,0.0102871605136168,0.1856782055527597,752,True,16,138,752,571409,2082.65,2092.51,0.0047343528677405,False,2015-10-29 16:19:22.714
2015-10-30,2087.2301,0.00321,0.020892,0.0555833835661982,2.218487392844743,-0.7576774454367946,1.132609528696722,0.019094936365846,-1.0361822731080816,0.008936524090032,0.1772141334400702,723,True,18,141,723,309912,2079.34,2094.32,0.0072042090278645,False,2015-10-30 16:26:26.451
2015-11-02,2098.3328,0.002285,0.020651,0.0525963478391052,2.4985672295622563,-0.7700479673752838,1.1858594172781696,0.0173748791075127,-1.143431535336428,0.0092140309627731,0.1783960022082211,871,True,20,157,871,345574,2080.91,2106.19,0.0121485311714586,False,2015-11-02 16:28:33.496
2015-11-03,2108.2963,0.002342,0.020599,0.0522325031100739,2.505817229464146,-0.7595975249562117,1.2220681959383255,0.0163540161753014,-1.2316804630614284,0.0090070995494449,0.1769683112611336,865,True,20,153,865,468175,2097.6,2116.44,0.0089816933638444,False,2015-11-03 16:18:25.190
2015-11-04,2103.9542,0.002342,0.020599,0.041861626489933,3.4002935541827988,-0.7468875325895271,1.3310426565795328,0.0202321762739965,-1.4869909161916457,0.0127756252826752,0.2269728691916644,831,True,19,164,831,298477,2097.0,2114.55,0.0083690987124465,False,2015-11-04 16:15:51.851
2015-11-05,2098.9462,0.002291,0.020745,0.0414804456497422,3.5926400996869488,-0.7374228731497048,1.347665564444745,0.0221421846653467,-1.5181538488018749,0.0102724076704467,0.1795766772957131,736,True,20,132,736,277244,2090.59,2108.7,0.0086626263399325,False,2015-11-05 16:23:30.546
2015-11-06,2092.6026,0.002546,0.0207629999999999,0.0490585476464761,2.519016801541306,-0.7573726425129315,1.1280146401027331,0.0197913368471319,-1.0252584167247225,0.0110074504969115,0.2036436165794106,745,True,19,141,745,315052,2083.79,2101.85,0.0086669002154726,False,2015-11-06 16:15:09.865
2015-11-09,2077.9342,0.003618,0.021005,0.0444828402683507,2.9705933983907262,-0.7798658018432073,1.1381920343242935,0.0248121957900656,-1.03120024371361,0.0112709296418057,0.2089380930709572,941,True,20,152,941,462064,2068.24,2093.72,0.0123196534251344,False,2015-11-09 16:14:59.705
2015-11-10,2076.8042,0.003618,0.021005,0.0436120464097736,3.665115491029458,-0.7661752104851398,1.3297388824876255,0.0230016146925433,-1.4485191218155258,0.011171679332398,0.1929655334924963,761,True,18,147,761,197190,2070.02,2083.56,0.0065409996038685,False,2015-11-10 16:20:03.511
2015-11-11,2079.7133,0.004943,0.021051,0.0407764903472874,5.703078285507248,-0.723043583561613,1.7662828967579365,0.0181072638185515,-2.6546522380619844,0.011570457416391,0.2035830051469864,737,True,19,139,737,194354,2074.91,2086.93,0.0057930223479572,False,2015-11-11 16:14:58.695
2015-11-12,2057.2691,0.006538,0.021374,0.0452644214362085,3.637390396531034,-0.7708119978322794,1.3543730911449785,0.0274621948177036,-1.5050377263444077,0.0127114621136616,0.2041735294580358,940,True,19,168,940,342972,2045.66,2068.93,0.0113753018585687,False,2015-11-12 16:39:12.499
2015-11-13,2031.4448,0.004795,0.021617,0.0489171476473192,3.029104696250615,-0.786402228518078,1.2920378672522037,0.0384039732311131,-1.3730115270822634,0.0114881056072371,0.1911506821271009,1044,True,20,187,1044,374200,2022.11,2043.47,0.0105632235635055,False,2015-11-13 16:14:59.141
2015-11-16,2035.8338,0.004744,0.021301,0.0435350772186329,3.68981825859382,-0.7601319751395264,1.2873765807954265,0.0363392992211706,-1.3360654151593154,0.0116555016972516,0.1875488265711499,876,True,19,172,876,359201,2019.39,2053.19,0.0167377277296609,False,2015-11-16 16:16:39.962
2015-11-17,2056.7938,0.004846,0.021363,0.0479946029139443,3.689666329336692,-0.7581515691583912,1.341103579603787,0.0298139760376587,-1.4443906705031604,0.0098525565036611,0.1750221974343173,776,True,18,151,776,297854,2046.07,2066.53,0.0099996578807177,False,2015-11-17 16:21:35.452
2015-11-18,2066.5002,0.004744,0.021,0.0472605871015129,3.753496333106869,-0.7498287291648796,1.41101700958462,0.027607154964151,-1.6361841205651104,0.0107373735309306,0.1984841690009243,827,True,19,167,827,442658,2054.65,2085.27,0.0149027814956317,False,2015-11-18 16:15:04.600
2015-11-19,2083.0927,0.004642,0.021016,0.0585242791515663,2.589735529299346,-0.7794328184847792,1.237383753731229,0.0241932173008359,-1.2279937439070985,0.0090776839140559,0.1853133915179851,683,True,16,141,683,247268,2078.76,2086.72,0.0038292058727316,False,2015-11-19 16:18:14.629
2015-11-20,2092.0662,0.004744,0.020948,0.0563774897033194,2.9708010123992303,-0.7765868489280057,1.3365422456377372,0.0206366141886653,-1.4513725674000684,0.0101764363293987,0.1830057014096127,735,True,19,143,735,317916,2085.0,2097.02,0.0057649880095922,False,2015-11-20 16:14:54.311
2015-11-23,2089.83,0.004744,0.0209759999999999,0.0500389771842738,3.862179049104396,-0.7649455008152045,1.4660543633673608,0.0197903556472637,-1.7627964177090472,0.0087754230068695,0.1777955901387371,670,True,16,133,670,252782,2081.39,2095.58,0.0068175594194264,False,2015-11-23 16:14:46.477
2015-11-24,2082.3001,0.004795,0.020953,0.0465752826277119,4.137925201949642,-0.783389347348706,1.456146421459536,0.02289114532658,-1.7349123291831394,0.010230085676231,0.2019097647095621,772,True,18,158,772,272907,2070.32,2094.12,0.0114958074114144,False,2015-11-24 16:14:47.486
2015-11-25,2091.2014,0.004795,0.020966,0.0534027236614667,3.647623197747914,-0.7726536398799649,1.5017481959188357,0.0173786908775513,-1.8656616166445024,0.0084956698208851,0.1814441546429832,605,True,15,138,605,214964,2086.34,2092.98,0.003182606861777,False,2015-11-25 16:15:29.758
2015-11-27,2089.1535,0.004743,0.020831,0.0545289434963629,3.073122297113912,-0.7933643081882813,1.2915509829778218,0.0201949107412234,-1.3329557174375024,0.0170904623759402,0.173596839120464,548,True,16,127,548,88064,2084.13,2093.27,0.0043855229760139,False,2015-11-27 13:14:57.781
2015-11-30,2085.6019,0.004795,0.021017,0.0545102943305988,2.8376959192678304,-0.7966264913290738,1.2887969951712943,0.0239879445213039,-1.3516304152025005,0.0099014180433484,0.189639842731118,710,True,20,137,710,303036,2080.41,2093.81,0.0064410380646122,False,2015-11-30 16:30:01.464
2015-12-01,2094.9999,0.001827,0.020727,0.0558715729064431,2.721282138476168,-0.8087976162649977,1.2594722090806822,0.0215581146823791,-1.2821856186488283,0.0129144603458948,0.2009785098927625,782,True,20,155,782,281136,2085.71,2103.37,0.0084671406859053,False,2015-12-01 16:40:33.631
2015-12-02,2092.8867,0.002234,0.020963,0.0570160541624977,2.4459003517280813,-0.7987233016947646,1.197049863170321,0.0221618999929651,-1.1540172010556833,0.0106039417710902,0.2143200053995357,795,True,17,152,795,370814,2077.11,2104.21,0.0130469739204952,False,2015-12-02 16:14:46.470
2015-12-03,2061.4821,0.002342,0.021273,0.0540403435966697,2.429121236972167,-0.8256152331403285,1.0844294077311796,0.0316598968246919,-0.91344604778431,0.0155408465058223,0.2354411857638246,964,True,20,157,964,386571,2042.37,2084.87,0.0208091579880236,False,2015-12-03 16:14:48.049
2015-12-04,2078.9066,0.002342,0.021273,0.0523214572167157,2.508069904653826,-0.8013180654932527,1.12850109113791,0.0249457944887251,-1.0110629682736982,0.0153710139543792,0.2303488492298127,959,True,20,179,959,369077,2053.4,2093.83,0.0196892958020842,False,2015-12-04 16:26:37.911
2015-12-07,2074.6602,0.002342,0.021273,0.0488576824767732,2.6741781782567924,-0.7886513856248187,1.113813987007484,0.026652191219494,-0.9792733010143356,0.0097962981531625,0.1780283950268463,805,True,18,143,805,209568,2066.78,2089.11,0.0108042462187556,False,2015-12-07 16:15:42.707
2015-12-08,2064.5532,0.003516,0.021141,0.0530641275591526,2.512960298347788,-0.8027147466411584,1.1075427867596053,0.0301375327791511,-0.9599549328580058,0.0091917169365123,0.1700837129697115,815,True,19,150,815,266355,2052.34,2073.85,0.0104807195688823,False,2015-12-08 16:15:13.092
2015-12-09,2054.2709,0.003516,0.021141,0.0461656114843953,3.9191832396665753,-0.796477789033643,1.3493581285540506,0.0349776832913322,-1.4589043775376875,0.0116532933923883,0.2027370143730396,940,True,19,166,940,287236,2036.53,2080.28,0.0214826199466742,False,2015-12-09 16:16:20.524
2015-12-10,2055.7638,0.002444,0.021255,0.0514424807316636,2.920305875544134,-0.822757116093377,1.1600139714236188,0.0358072356480717,-1.0451768564315098,0.008683593556931,0.1483422999030071,770,True,20,175,770,237245,2045.76,2067.65,0.0107001798842485,False,2015-12-10 16:15:20.032
2015-12-11,2019.741,0.005051,0.0216869999999999,0.0539424771310175,3.510956502445338,-0.8379770382520929,1.3180893839241,0.0532393694779735,-1.3585802423311035,0.0118453828839917,0.1751627051726835,990,True,19,189,990,464365,2008.84,2038.3,0.0146651799048207,False,2015-12-11 16:24:58.435
2015-12-14,2009.2143,0.006692,0.021625,0.0516769705814144,4.871042575095615,-0.8171659509080638,1.6991411642912853,0.0655274189456523,-2.383639248481078,0.0124687246482108,0.1776254230370571,973,True,19,182,973,377982,1993.3,2022.92,0.0148597802638841,False,2015-12-14 16:21:36.401
2015-12-15,2046.7519,0.006743,0.0213989999999999,0.0481422063699874,3.690115420671648,-0.799071860823117,1.3592029616588617,0.0444566089942577,-1.4921320947601258,0.0094766687601658,0.1383567475006244,821,True,19,159,821,330390,2030.14,2053.87,0.0116888490448934,False,2015-12-15 16:15:43.317
2015-12-16,2057.2527,0.006846,0.021128,0.0525316371906093,2.4872938626437406,-0.7790141320247084,1.186009173347033,0.0333329032876685,-1.1452945217056525,0.0128264134418866,0.1984349421190767,849,True,19,156,849,409186,2042.68,2076.61,0.0166105312628508,False,2015-12-16 16:26:38.464
2015-12-17,2055.6834,0.006692,0.021442,0.0549118880280561,1.8346265943756097,-0.8060160230749135,0.9531249640674624,0.0320863069734931,-0.7069615768813066,0.0108184896237064,0.192821328596178,808,True,17,162,808,388226,2041.68,2076.37,0.0169909094471218,False,2015-12-17 16:18:14.412
2015-12-18,2019.9393,0.006486,0.02183,0.0637922693190715,1.7809787723976258,-0.8227832882463504,1.0090442738184917,0.038733531998542,-0.7909449915252094,0.0094613770564065,0.1758328564240185,1048,True,20,207,1048,389564,2005.33,2038.95,0.0167653204210778,False,2015-12-18 16:24:57.317
2015-12-21,2015.9687,0.006332,0.02169,0.0553298376639061,2.046039924358786,-0.8107616841775033,0.956822407014732,0.0377555256683453,-0.6890950048281806,0.0101438244137998,0.1906811010684852,895,True,19,182,895,275106,2005.95,2022.9,0.0084498616615569,False,2015-12-21 16:16:15.574
2015-12-22,2030.0644,0.006281,0.0215119999999999,0.0721109423295902,1.3134578494217457,-0.7950151442260088,0.8646040251810053,0.028836236962238,-0.5581107538951984,0.0099495238149775,0.2076873083875621,879,True,17,169,879,294989,2020.49,2042.73,0.0110072309192323,False,2015-12-22 16:15:36.949
2015-12-23,2057.4608,0.006178,0.021305,0.0632165611853379,1.5823446471947555,-0.7894303886936649,0.9175310704751004,0.0238895333819349,-0.6418024908758251,0.0101775139090787,0.2261541666590809,872,True,19,153,872,339233,2045.79,2064.72,0.0092531491502059,False,2015-12-23 16:15:01.889
2015-12-24,2062.5566,0.006178,0.0213019999999999,0.0671998336294049,1.7847929628637056,-0.7830509187441015,1.0128468184853885,0.02170466122012,-0.7859830973812256,0.0097666965317296,0.2078298416478624,676,True,18,125,676,122084,2058.73,2067.35,0.0041870473544369,False,2015-12-24 13:14:49.333
2015-12-28,2050.446,0.00628,0.021349,0.0461416514836365,2.907018977422516,-0.8038396368101951,1.0743811830756265,0.0306305725369653,-0.8860256135218882,0.0133576481687491,0.1969759468457647,834,True,20,150,834,156654,2044.2,2056.71,0.006119753448782,False,2015-12-28 16:14:58.295
2015-12-29,2075.5623,0.006383,0.021099,0.0458436057253222,3.3587793778904613,-0.7879996404424814,1.2348263290377794,0.0234746530480421,-1.2168389478482111,0.0117858245729607,0.2170559930886443,814,True,18,146,814,279583,2062.88,2081.53,0.0090407585511518,False,2015-12-29 16:14:58.620
2015-12-30,2071.1424,0.005973,0.021258,0.053600768912658,2.737348641729921,-0.7974604600501632,1.224964535674855,0.025704656082091,-1.2070901297036258,0.0099983125748732,0.183304459019459,690,True,20,126,690,234671,2062.0,2076.64,0.0070999030067895,False,2015-12-30 16:14:49.266
2015-12-31,2051.8307,0.005972,0.021461,0.0482091156616952,2.9764510095172887,-0.8131250976217382,1.207702237871669,0.032027995687477,-1.1715605534018607,0.0127701615753585,0.2245551167032621,918,True,20,170,918,281566,2043.65,2062.5,0.0092236929024049,False,2015-12-31 16:17:48.541
2016-01-04,2000.6555,0.005957,0.021815,0.0510491476654472,3.350709303292736,-0.8286009853595555,1.2816867858968446,0.0505099777227068,-1.3006193091270264,0.0093270736356635,0.155200446484838,1215,True,20,181,1215,396639,1989.68,2029.52,0.0200233203329178,False,2016-01-04 16:14:55.935
2016-01-05,2013.7412,0.005957,0.021815,0.0555972825971579,2.1897451573077245,-0.8387832756133552,0.9867136876206348,0.0393654843018392,-0.7301161406847207,0.0088640963738894,0.1788808608037069,992,True,20,191,992,270710,2004.18,2021.86,0.0088215629334689,False,2016-01-05 16:18:28.448
2016-01-06,1992.6694,0.006725,0.022079,0.0562281736012928,2.1410357796676207,-0.8395909594216716,0.9569109452912185,0.0427081661167113,-0.6749054942066726,0.0098424957364034,0.1902798747536085,1171,True,20,188,1171,393693,1979.05,2003.73,0.0124706298476542,False,2016-01-06 16:17:52.227
2016-01-07,1956.0789,0.004425,0.022616,0.049405831138071,3.302535917006294,-0.8289064094536897,1.15818154868019,0.0592610726680519,-1.0150554360171886,0.0126045457746099,0.2005623843229488,1301,True,20,204,1301,504342,1938.83,1977.58,0.0199862803855934,False,2016-01-07 16:22:00.632
2016-01-08,1941.3445,0.004884,0.022864,0.0604819707865785,1.9481030052336017,-0.8408461085547853,0.939853971826652,0.0558851928137362,-0.6476752702547638,0.010012180981373,0.1576806999300733,1186,True,20,198,1186,363145,1918.59,1960.22,0.021698226301607,False,2016-01-08 16:53:10.727
2016-01-11,1919.8414,0.0063649999999999,0.022845,0.0664147632252708,2.0097717002878537,-0.8372160228390413,1.093749399080855,0.0619902587798,-0.9293307247667952,0.0094755064254516,0.1529265255543647,1259,True,20,211,1259,609586,1901.1,1935.64,0.0181684288043764,False,2016-01-11 16:15:10.849
2016-01-12,1931.5984,0.007799,0.022668,0.0511711701618489,3.076496019719389,-0.8199219959575215,1.0770868060977932,0.0517351708932559,-0.8452601852153214,0.0120089650828507,0.1941516901680655,1113,True,20,183,1113,359368,1914.7,1947.32,0.017036611479605,False,2016-01-12 16:15:56.587
2016-01-13,1919.9815,0.0059219999999999,0.0232609999999999,0.0576898701629325,2.6639798968504644,-0.8444932657262321,0.9969627414435188,0.0530598797379191,-0.6865653990946452,0.0146922622196783,0.2532344350713983,1245,True,20,201,1245,414046,1886.41,1950.3,0.0338685651581573,True,2016-01-13 16:36:07.451
2016-01-14,1913.0453,0.0053069999999999,0.0228799999999999,0.0512620653624804,3.5898837065986338,-0.8196769871181611,1.178783905632305,0.0616072286874663,-1.0214817897550257,0.0130689097014263,0.2018704436562003,1226,True,20,191,1226,496928,1878.95,1934.41,0.029516485271029,False,2016-01-14 16:45:00.320
2016-01-15,1875.3006,0.004641,0.0233939999999999,0.0624283419381548,3.0236088664874763,-0.8315282479644069,1.3415566305630549,0.0799778679160986,-1.4222564165990632,0.0111502795848315,0.1478850001724453,1288,True,20,201,1288,518167,1858.07,1909.53,0.0276954043712023,False,2016-01-15 16:16:19.648
2016-01-19,1884.9927,0.00459,0.023395,0.0595504252367007,3.6630500001615744,-0.8409647427622756,1.3653967645686176,0.0735334968946151,-1.428035954348612,0.0114186846215954,0.1710863235672189,1209,True,20,190,1209,372368,1864.6,1901.42,0.0197468625978762,False,2016-01-19 16:15:00.459
2016-01-20,1840.352,0.004181,0.023681,0.073863523343565,2.7089714275725427,-0.8464669841300182,1.351588543024607,0.0842941709517451,-1.42660324108027,0.0136461170188799,0.1875729966377829,1362,True,20,197,1362,938217,1812.3,1876.11,0.0352094024168183,True,2016-01-20 16:20:58.046
2016-01-21,1872.8322,0.004385,0.0235599999999999,0.0521104330013236,6.127725483828452,-0.809972000784744,1.742598725796545,0.0878989977759864,-2.3980134625966496,0.0147332889307034,0.1832682346990052,1099,True,20,187,1099,456128,1848.99,1889.8,0.0220715093104884,False,2016-01-21 16:16:20.179
2016-01-22,1901.5555,0.00459,0.0230779999999999,0.0548019186249077,3.805133264560809,-0.7910428995735215,1.328872928149711,0.0583208328495945,-1.3488460521264047,0.0111280542878483,0.1512949378769001,1032,True,20,171,1032,367990,1884.3,1908.78,0.0129915618532081,False,2016-01-22 16:15:31.984
2016-01-25,1893.4928,0.004385,0.0234589999999999,0.0501914019776738,3.605893664562041,-0.7974520823662852,1.2729266669969113,0.0608621868686687,-1.258372582738304,0.0136868476232256,0.1927262001311506,1002,True,17,190,1002,245778,1876.15,1904.72,0.0152279934973216,False,2016-01-25 16:40:41.189
2016-01-26,1899.0357,0.004539,0.023132,0.0489407030954322,2.8345500966858883,-0.7764830591997193,1.1082229507435608,0.0570790867437182,-0.9507083591726992,0.0138148943904156,0.1828050457637953,1006,True,19,183,1006,387973,1881.09,1906.73,0.0136303951432414,False,2016-01-26 16:18:48.283
2016-01-27,1899.3086,0.004436,0.023452,0.050145397636639,2.5557967096665606,-0.8135474316693304,0.9019002181378796,0.0556024964423806,-0.5571011189078683,0.0136511195214591,0.2035414058966907,1183,True,20,190,1183,343417,1872.71,1916.9,0.0235968195823166,False,2016-01-27 16:19:59.906
2016-01-28,1891.2628,0.004487,0.023299,0.0543040022537669,2.4370840760984867,-0.8173546748404107,0.9513011553956734,0.0532951986877332,-0.6402870499349997,0.0125304321840686,0.1919140816288759,1051,True,19,181,1051,254155,1873.65,1902.94,0.0156325887972672,False,2016-01-28 16:40:03.831
2016-01-29,1922.0609,0.004487,0.022735,0.0529807707944949,2.437510833394599,-0.807204462253546,0.9861094982567488,0.0439860622197859,-0.7141295370058214,0.0123765613908658,0.1995057334292625,1152,True,20,194,1152,507084,1897.56,1940.24,0.0224920424123611,False,2016-01-29 16:15:16.550
2016-02-01,1935.0828,0.004487,0.022735,0.0560800683539039,2.169898118369605,-0.806337003738195,0.9865795939293228,0.0432243363932672,-0.7299632255593977,0.0126971771076875,0.2159867964724991,1037,True,19,183,1037,438600,1920.38,1947.18,0.0139555712931815,False,2016-02-01 16:15:50.536
2016-02-02,1909.1064,0.0045379999999999,0.0232439999999999,0.0568935369688819,1.984264809997461,-0.8259501257736147,0.907344808761519,0.0486800907005107,-0.5974909153391934,0.0130334001760369,0.2179546114722894,1071,True,18,184,1071,352366,1897.29,1931.31,0.0179308381955314,False,2016-02-02 16:15:42.452
2016-02-03,1894.175,0.006521,0.023151,0.06555356967905,1.494754629019234,-0.8341166811161586,0.8624752649776439,0.0506808100826905,-0.5478905792452673,0.0126161795888557,0.2053930633834914,1102,True,19,192,1102,429015,1872.23,1917.83,0.0243559819039327,False,2016-02-03 16:23:36.833
2016-02-04,1913.0835,0.006521,0.023151,0.0684562934487862,1.4851874714018742,-0.8226570242044694,0.9032646697587446,0.0479240830060547,-0.612546204896879,0.0135976549870117,0.1969339495856532,986,True,20,187,986,284210,1900.79,1927.35,0.0139731374849403,False,2016-02-04 16:18:35.353
2016-02-05,1886.6869,0.0054459999999999,0.0234459999999999,0.0670577868094602,1.4996897528014406,-0.837571864127386,0.8550668027616254,0.0535867702815859,-0.530007485737606,0.0113695079654253,0.1898999943658306,1143,True,20,196,1143,265183,1872.67,1912.05,0.0210287984535448,False,2016-02-05 16:16:50.021
2016-02-08,1841.6638,0.004884,0.023794,0.0721665386230523,1.5777918003900733,-0.8595431009412351,0.8541381195991884,0.0696575999568306,-0.5018243815484663,0.0087536343407378,0.1456197347793283,1252,True,20,198,1252,511764,1828.46,1866.67,0.0208973671833128,False,2016-02-08 16:17:47.994
2016-02-09,1849.3026,0.005803,0.0238229999999999,0.0718350509634455,1.8087297972006384,-0.863215867456449,0.9059720791645745,0.0729659010593344,-0.5609250139037608,0.0101629935435446,0.1487338566237345,1065,True,19,185,1065,348569,1834.96,1868.22,0.0181257357108601,False,2016-02-09 16:15:00.107
2016-02-10,1866.2112,0.005803,0.0238229999999999,0.0753008082519394,1.592031759300289,-0.8534807811982501,0.9157737493802282,0.0652638232417474,-0.5988790035777831,0.0128117225363055,0.1787782560388602,1024,True,20,192,1024,307480,1850.32,1881.6,0.0169051839681784,False,2016-02-10 16:16:56.962
2016-02-11,1823.0053,0.0062629999999999,0.024133,0.0781072295047545,1.7101544697496822,-0.8452421882989917,0.9997888266933312,0.0821729497398806,-0.7324268426661873,0.0094057655544965,0.1247869717241673,1257,True,20,184,1257,433784,1810.11,1839.89,0.0164520388263698,False,2016-02-11 16:21:14.887
2016-02-12,1855.2388,0.007696,0.023672,0.0778633175467601,1.7855534313044497,-0.8616248184864315,0.9370503019975474,0.0667530250080923,-0.6000050408369637,0.0117082510581546,0.1859799257162456,1082,True,20,183,1082,344247,1837.97,1864.78,0.0145867451590613,False,2016-02-12 16:38:08.625
2016-02-16,1887.2451,0.004897,0.023313,0.0680592555920074,2.3427311915161697,-0.8461561764436382,1.010339690010145,0.0603004286420091,-0.7018972073162615,0.0128086745296784,0.189950850297745,1043,True,20,173,1043,347764,1874.58,1895.77,0.0113038653991828,False,2016-02-16 16:14:56.690
2016-02-17,1918.433,0.005102,0.022975,0.0672206466709521,2.248676534258629,-0.8596350091815276,0.9587251239919522,0.0516154886032363,-0.6168388818000632,0.0121362877388873,0.2029826130960747,1088,True,20,177,1088,592810,1903.39,1930.68,0.0143375766395745,False,2016-02-17 16:19:01.044
2016-02-18,1921.3169,0.005051,0.023041,0.0770476725202116,1.5310681381408309,-0.8577161452299219,0.9072580188469668,0.0461473250103193,-0.5871866397349133,0.0097559342933082,0.1807292667809671,965,True,19,162,965,319199,1915.11,1930.0,0.0077750103127236,False,2016-02-18 16:51:12.658
2016-02-19,1913.5213,0.005102,0.02305,0.0738068178398616,1.8602044339553487,-0.8514002754530972,0.9732208308926938,0.0459050463099085,-0.6725672460797745,0.0104948858161681,0.1912760946006062,936,True,20,170,936,378190,1902.19,1918.75,0.0087057549456153,False,2016-02-19 16:23:07.044
2016-02-22,1942.541,0.0052549999999999,0.022706,0.0667342633311816,1.8245171404378089,-0.806630905885228,0.978719692912559,0.0383121732651631,-0.7143766226903914,0.0125387157800512,0.2037841531732655,975,True,20,159,975,463684,1927.62,1946.63,0.0098619022421433,False,2016-02-22 16:19:57.803
2016-02-23,1927.3161,0.0052549999999999,0.022999,0.0603175683861058,1.982674989408564,-0.8130431664716092,0.9840275170553742,0.0430302904789754,-0.7291298858000191,0.0112410431591476,0.1770252793222703,992,True,19,165,992,370207,1919.45,1940.79,0.0111177681106566,False,2016-02-23 16:20:23.130
2016-02-24,1908.5756,0.005358,0.0229029999999999,0.0634283461354089,1.898740931586932,-0.8372628275131384,0.9445129353313432,0.050271406972657,-0.6512366909479006,0.0116427373593025,0.1884541323165076,1109,True,20,186,1109,326718,1891.0,1932.03,0.0216975145425699,False,2016-02-24 16:18:37.508
2016-02-25,1938.5109,0.005306,0.022656,0.0666370015153258,1.930196876658203,-0.8217075750258261,0.9781723428844415,0.0408076408602502,-0.6995760679945379,0.0113932329832088,0.2145305813363111,984,True,19,164,984,259268,1925.5,1951.83,0.0136743702934303,False,2016-02-25 16:14:52.416
2016-02-26,1954.86,0.005665,0.022706,0.0680642770366281,1.677174127432996,-0.8292429307810276,0.9405087506899392,0.038877786849879,-0.6562454212278213,0.0093315616177962,0.1656213062070194,978,True,20,162,978,326533,1945.84,1962.96,0.008798256793981,False,2016-02-26 16:14:54.576
2016-02-29,1948.9444,0.005972,0.0229009999999999,0.054680297116323,2.477777955628164,-0.8192940374910824,1.0306659509613447,0.0425802978971242,-0.7913010328670061,0.0117440414046968,0.2037788857346371,935,True,19,161,935,349878,1931.81,1958.27,0.0136969991872906,False,2016-02-29 16:14:58.237
2016-03-01,1965.3978,0.005972,0.0229009999999999,0.0606042403270881,1.8673508759388608,-0.8238889815306465,0.9500047644477672,0.0354140240726496,-0.6761702899526634,0.0141177416562507,0.2301500253440886,1117,True,20,185,1117,555197,1940.75,1978.35,0.019373953368543,False,2016-03-01 16:20:41.055
2016-03-02,1978.2476,0.005359,0.022437,0.0659558924893909,1.6145340836928803,-0.8204814679248181,0.9005643421631436,0.0314458144654355,-0.5980400614867256,0.0147026589724382,0.2161833880489536,902,True,19,144,902,320984,1968.83,1986.51,0.0089799525606579,False,2016-03-02 16:52:40.226
2016-03-03,1986.1377,0.006469,0.022365,0.0603243639404582,1.7096544064444006,-0.854250195356759,0.7767161564575843,0.028770045371895,-0.3970203584487222,0.0124129274211387,0.2106368490615121,985,True,20,154,985,520225,1977.37,1993.66,0.0082382154073341,False,2016-03-03 16:17:24.301
2016-03-04,1999.8751,0.006469,0.022365,0.0710990832967856,1.2486652750924354,-0.874120372225178,0.7055830687239963,0.0280152644321225,-0.32028955406277,0.0126868806622801,0.2046291806532253,1003,True,20,166,1003,432940,1986.83,2009.12,0.0112188763004383,False,2016-03-04 16:21:23.652
2016-03-07,1997.9052,0.006469,0.022365,0.0653836639084747,1.5094436013116834,-0.845333965412378,0.8496678556746943,0.0307920210098883,-0.5245495587329115,0.0100510742380279,0.1894373059358813,911,True,20,157,911,268267,1989.39,2006.12,0.0084096129969486,False,2016-03-07 16:17:47.135
2016-03-08,1985.656,0.004986,0.022719,0.0668638603203956,1.5159458180700145,-0.8415395936671428,0.8813849530714166,0.0341493029846431,-0.5741154566352606,0.0103209669413436,0.1686876663738113,939,True,20,149,939,267099,1977.43,1994.78,0.0087740147565273,False,2016-03-08 16:15:23.707
2016-03-09,1987.081,0.004986,0.022719,0.0644498867014203,1.8106595446579337,-0.8377984063372966,0.9565876690167658,0.0351822988755216,-0.6816663634988314,0.0096725740386294,0.166876168142107,779,True,19,135,779,280763,1979.86,1992.68,0.0064752053175478,False,2016-03-09 16:15:00.996
2016-03-10,1985.9353,0.006059,0.022638,0.0709742708110803,1.5077261021691788,-0.8405352821614718,0.9118988610899031,0.033810852157153,-0.6175400114884828,0.0104011990331608,0.1849997661258691,933,True,20,159,933,281188,1969.25,2005.08,0.0181947441919512,False,2016-03-10 16:14:55.830
2016-03-11,2015.2203,0.006212,0.022289,0.0797786767350958,1.279006677134876,-0.8563601566662724,0.8539712588227129,0.02706072897735,-0.5251919904209041,0.0101954177381085,0.1728117850565287,935,True,20,164,935,420487,1999.39,2022.37,0.0114935055191831,False,2016-03-11 16:15:51.824
2016-03-14,2018.3319,0.0068779999999999,0.022355,0.0597544058442788,2.1448219998898,-0.815735682482735,1.0568602744849134,0.0272745323914738,-0.8606285112940206,0.012269344542173,0.1984631454777337,810,True,19,134,810,316078,2012.08,2024.55,0.0061975666971492,False,2016-03-14 16:19:20.977
2016-03-15,2010.6654,0.0069289999999999,0.0224049999999999,0.0625630519979168,1.9009406314336728,-0.8105068179180333,1.0382471301487055,0.0285328923721485,-0.8400998081233478,0.0115255818326974,0.189009157951928,838,True,18,140,838,285671,2005.23,2015.93,0.0053360462390847,False,2016-03-15 16:14:59.496
2016-03-16,2017.5545,0.006264,0.022306,0.0628217508627561,1.698837907675023,-0.8213942059857385,0.9260480205307008,0.0243632429281492,-0.6441169927444966,0.0109664745323917,0.2139196515646952,907,True,20,162,907,539275,2010.09,2031.97,0.010885084747449,False,2016-03-16 16:20:16.509
2016-03-17,2036.926,0.0063149999999999,0.02216,0.0699234490204183,1.3955491930533246,-0.81994093471207,0.865712816280375,0.0200355644725493,-0.5542954545601979,0.0106591831273089,0.2049324953259444,957,True,19,163,957,527929,2022.16,2046.19,0.0118833326739724,False,2016-03-17 16:19:55.850
2016-03-18,2048.5868,0.006059,0.022063,0.0589372602659135,1.7317246614112534,-0.8070489652159077,0.912808559649664,0.0189868717908733,-0.6290932524127019,0.0128044580111257,0.2077975022987631,811,True,20,136,811,512727,2042.49,2052.31,0.0048078570764116,False,2016-03-18 16:40:56.530
2016-03-21,2049.5862,0.00611,0.022027,0.0604477713285386,1.8217157542757705,-0.7857692996989615,1.03260941070273,0.0188177733265525,-0.8460448803917229,0.0148153954673818,0.2201505037141606,801,True,19,148,801,303222,2043.15,2053.9,0.005261483493625,False,2016-03-21 16:48:54.109
2016-03-22,2049.7133,0.00611,0.0220549999999999,0.0695866548758575,1.452397102658752,-0.821541388614655,0.9099945456705214,0.01901543437152,-0.6259551612992786,0.0119894313272881,0.1853857222129347,857,True,20,150,857,275493,2040.64,2056.53,0.0077867727771681,False,2016-03-22 16:16:44.495
2016-03-23,2041.9264,0.006058,0.022197,0.0615947817370335,1.780395540314152,-0.8056956480458611,0.9796894986414106,0.0204471669270954,-0.7404653643257824,0.0136056116873327,0.211869329777473,810,True,18,133,810,336245,2034.86,2048.37,0.006639277395005,False,2016-03-23 16:47:10.603
2016-03-24,2028.0854,0.006058,0.022206,0.0591604175325992,1.7876236125402527,-0.7956310671424939,1.0230979065680996,0.0238820931829867,-0.8352162078059981,0.0124692814159353,0.2129787889732075,898,True,20,164,898,368598,2022.49,2036.03,0.0066947178972454,False,2016-03-24 16:17:59.789
2016-03-28,2037.0768,0.00616,0.022191,0.0653492998002544,1.6225733516645378,-0.7914039342974436,0.9987780365957348,0.0216556069928049,-0.7854895015743719,0.0097535903351565,0.1860062035109281,719,True,17,139,719,252811,2031.97,2042.62,0.0052412191124868,False,2016-03-28 16:15:00.867
2016-03-29,2041.7565,0.005802,0.022007,0.0613729611649266,1.9594033592999325,-0.7938314069557963,1.0228136719708945,0.0192872523027709,-0.8056390350171013,0.0100151305537724,0.1922546594907155,877,True,19,169,877,319939,2028.41,2055.9,0.013552486923255,False,2016-03-29 16:17:11.235
2016-03-30,2066.5793,0.006047,0.021882,0.0538111328835068,2.5334207406098983,-0.7868148350795281,1.169364880258764,0.0143397091052877,-1.0947617429370105,0.0102352276040597,0.2089978667246343,886,True,20,152,886,693517,2060.3,2072.21,0.0057807115468619,False,2016-03-30 16:15:13.392
2016-03-31,2063.4489,0.005804,0.021927,0.0493969270000928,3.365892148801735,-0.7710738598071674,1.3640907658487254,0.014038744365623,-1.5282141599446726,0.0096676378940032,0.1926870609398052,773,True,19,144,773,373645,2057.46,2067.8,0.0050256141067142,False,2016-03-31 16:21:36.942
2016-04-05,2049.084,0.005037,0.022115,0.0461465466063787,3.273822625264312,-0.7587510398401115,1.2000445545143332,0.0201525965199452,-1.137955716103951,0.0110552950328214,0.2053158271049438,881,True,18,135,881,242785,2042.58,2058.3,0.0076961489880447,False,2016-04-05 16:20:20.495
2016-04-06,2056.5078,0.005037,0.022115,0.0619724502715762,1.91100703690849,-0.7856674351663825,1.0563621800636769,0.018837390996551,-0.8790414783419962,0.0105655710956408,0.2055879788230795,859,True,19,162,859,264230,2043.09,2067.33,0.011864381892134,False,2016-04-06 16:20:38.078
2016-04-07,2047.0026,0.004425,0.022139,0.0507093518360598,2.8122926309157585,-0.8082998702485238,1.1055883908856805,0.0228396406380904,-0.9371066170870572,0.0113117773770521,0.2091427174737234,1004,True,19,168,1004,318095,2033.9,2059.34,0.0125079895766753,False,2016-04-07 16:14:59.500
2016-04-08,2050.5325,0.004935,0.022079,0.0568581316909539,2.573968702220065,-0.8194504932304533,1.1007242900589476,0.0203154271572882,-0.9188918598473298,0.0095542696948002,0.1929563280816508,849,True,19,154,849,219467,2041.7,2060.63,0.009271685360239,False,2016-04-08 16:22:39.158
2016-04-11,2053.6845,0.006007,0.022143,0.0500441719122636,3.580315268288802,-0.8054417402641753,1.29225463524247,0.0200328081480465,-1.3115742167329545,0.0100875478282356,0.20684077301873,959,True,20,154,959,285047,2041.91,2062.92,0.0102893859180865,False,2016-04-11 16:16:31.595
2016-04-12,2054.1387,0.006007,0.022143,0.0515572205527868,2.9627078337071007,-0.8042154964515378,1.2040274098161547,0.0212728947324244,-1.1441840411567858,0.0114179882355641,0.2181908449491264,973,True,20,168,973,237986,2039.89,2065.01,0.0123143895013948,False,2016-04-12 16:17:01.715
2016-04-13,2077.415,0.005241,0.0217249999999999,0.0490818380796796,3.3390015177816155,-0.7830686646738008,1.3850951580877249,0.0158545149550772,-1.5907199332709352,0.0112582166799666,0.2192844169962901,934,True,20,155,934,345811,2068.87,2083.18,0.0069168193264921,False,2016-04-13 16:33:30.963
2016-04-19,2098.7584,0.005037,0.021525,0.0460037543719404,3.498722150786627,-0.7079125237619149,1.5317834286406262,0.0135485761325091,-2.024451763377122,0.0109817617366622,0.1954976435590633,917,True,20,158,917,474107,2091.71,2104.05,0.0058994793733357,False,2016-04-19 16:21:32.580
2016-04-21,2096.3622,0.005241,0.0216279999999999,0.043344092854925,3.734693911418912,-0.7126421734888762,1.3645534894781544,0.0156611904562575,-1.5382523862844786,0.0131669605682594,0.2157255110233641,949,True,20,170,949,388826,2088.59,2103.66,0.0072153941175623,False,2016-04-21 16:19:10.924
2016-04-22,2087.7109,0.005292,0.021627,0.0452306168965794,3.6324629492185454,-0.713207321770717,1.404723399148975,0.0149280260510895,-1.644650748022404,0.0123830671579275,0.1958900471436203,929,True,20,173,929,320671,2081.22,2094.32,0.0062943850241687,False,2016-04-22 16:15:44.843
2016-04-25,2082.0209,0.005343,0.0216489999999999,0.0506986487347242,2.707251012750885,-0.7268027760688928,1.2753370603468932,0.0179120204744818,-1.351976681229888,0.0112064261811306,0.1975379578693759,960,True,19,168,960,265312,2077.53,2087.92,0.0050011311509339,False,2016-04-25 16:14:57.491
2016-04-26,2090.8084,0.005445,0.021609,0.0427556445700941,4.2764495367920645,-0.6757759432606485,1.6271923534542043,0.0147386180819199,-2.2820702423057817,0.011809632180513,0.2049696181121272,781,True,19,143,781,226313,2086.03,2096.82,0.0051725047099033,False,2016-04-26 16:14:58.023
2016-04-27,2089.9318,0.005702,0.0215759999999999,0.0424334379235546,4.152825869188438,-0.6724118200023639,1.612246834069386,0.0156944957050625,-2.24690249651168,0.0131174542289604,0.2365031683281116,884,True,18,160,884,234164,2082.35,2099.89,0.0084231757389487,False,2016-04-27 16:15:30.538
2016-04-29,2061.3293,0.0054969999999999,0.021854,0.0444717097710457,4.299584717790646,-0.7420054685673871,1.5801125609680085,0.0244534831493254,-2.11433593791766,0.0122893093274411,0.2025253795187027,1104,True,19,178,1104,401523,2052.29,2073.24,0.0102081089904446,False,2016-04-29 16:22:10.724
2016-05-02,2074.8334,0.0053069999999999,0.0216829999999999,0.0467915622369479,4.032981289046225,-0.7490285607165903,1.6203416573205296,0.019119728673891,-2.2480880964745347,0.0118217630753121,0.2229029243211766,970,True,20,173,970,213824,2066.13,2083.39,0.0083537821918271,False,2016-05-02 16:17:26.111
2016-05-03,2060.6783,0.0053069999999999,0.0216829999999999,0.0510764797491857,3.014794640136278,-0.7431190567448831,1.3806309141265567,0.0225354303501263,-1.5981715262721832,0.0111116026114655,0.2022591810511868,1022,True,19,151,1022,344423,2054.92,2074.78,0.0096646098144941,False,2016-05-03 16:15:29.065
2016-05-04,2050.5149,0.0054969999999999,0.022011,0.0501773060273008,3.11495991286857,-0.7578000865088231,1.2858265570835916,0.025564595011273,-1.3407493412798814,0.0117152100594173,0.2127663651078793,935,True,20,155,935,481665,2045.56,2059.08,0.0066094370245801,False,2016-05-04 16:19:17.661
2016-05-05,2053.4592,0.005037,0.0220339999999999,0.0516396535404852,2.7449731308235084,-0.7546394062254526,1.2165722331463318,0.024112262309995,-1.1965490755553183,0.0120812679834879,0.20558359614011,980,True,19,177,980,317225,2045.87,2060.23,0.0070190188037364,False,2016-05-05 16:17:35.580
2016-05-06,2048.6953,0.005037,0.0220339999999999,0.0503552880407761,2.8333513993461006,-0.7447099132945474,1.1862423715989483,0.0220983788022182,-1.12182251250708,0.0118960744350519,0.1984073928605615,1015,True,18,175,1015,353316,2039.51,2057.72,0.0089286152065937,False,2016-05-06 16:31:41.608
2016-05-09,2059.1586,0.005803,0.0219609999999999,0.0521114735095937,2.579226385823429,-0.7301205045451306,1.16447959608179,0.0188080624106895,-1.0871981547306429,0.0122332557569384,0.2096916542503449,916,True,20,152,916,238993,2054.31,2064.11,0.0047704582073786,False,2016-05-09 16:16:04.703
2016-05-10,2077.6554,0.0062629999999999,0.0216929999999999,0.0508700527541083,2.9563762985965694,-0.7090671987248786,1.3033295767145658,0.0145911301050206,-1.3978859489977635,0.0115107651248003,0.2158154124211812,1047,True,20,162,1047,368475,2063.87,2084.86,0.0101702142092283,False,2016-05-10 16:16:01.323
2016-05-11,2074.9056,0.0062629999999999,0.0216929999999999,0.048292820801028,2.4836517638813262,-0.7300789742570878,1.126746199094283,0.018038170793058,-1.0296718980428574,0.0141328238212402,0.2425102368217175,997,True,20,167,997,411156,2064.46,2082.51,0.0087432064559256,False,2016-05-11 16:20:35.974
2016-05-12,2062.5988,0.007901,0.021936,0.0508442909204065,2.3674431357089625,-0.7592803621183521,1.0825043082771135,0.0200779686653893,-0.9310736423795,0.0128523900037443,0.2370253668825539,971,True,19,167,971,267353,2053.13,2073.99,0.0101600970225945,False,2016-05-12 16:16:19.520
2016-05-13,2053.6029,0.005241,0.022146,0.0573604504373074,1.9153801049950865,-0.7856559081066794,0.982477719211558,0.0204145479968202,-0.7455283375847945,0.0119778260381198,0.246396678158149,1095,True,20,168,1095,431620,2043.18,2066.69,0.0115065730870504,False,2016-05-13 16:33:07.837
2016-05-16,2061.5341,0.005343,0.0219329999999999,0.0452044508982396,3.2561207220923705,-0.7609216829890659,1.2295505061365102,0.0184825214079535,-1.217412148539418,0.0141897569725306,0.2724619767878004,1033,True,20,164,1033,302201,2047.34,2071.88,0.0119862846425118,False,2016-05-16 16:15:00.690
2016-05-17,2052.5997,0.005598,0.0221689999999999,0.0495070370177949,2.5194455005761744,-0.7898235455777574,1.115557726917526,0.0232223968170797,-0.9950084787627146,0.0130689962987441,0.2449479533699179,1046,True,20,180,1046,342931,2040.82,2065.66,0.0121715780911593,False,2016-05-17 16:26:03.129
2016-05-18,2047.985,0.006058,0.022177,0.0537614544033195,2.0593973626076005,-0.8120172484647469,1.005689863406111,0.0252210008190883,-0.7899797065415123,0.0119149843775705,0.2425943489143485,1097,True,20,179,1097,478755,2034.49,2060.61,0.0128385983710905,False,2016-05-18 16:20:54.807
2016-05-19,2033.1383,0.006161,0.02226,0.0475086227757627,2.713053668428501,-0.8081633521266672,1.0814326666542584,0.0292169840828711,-0.9117097258994026,0.0126015718925301,0.2347411436127997,1085,True,20,154,1085,393092,2025.91,2043.19,0.0085295003233114,False,2016-05-19 16:17:50.778
2016-05-20,2053.3384,0.0062629999999999,0.02214,0.0492109121988903,2.847095638660957,-0.7814098262775526,1.1464116735637246,0.0215477049257982,-1.034043378291204,0.0119812062177986,0.2341147883438334,918,True,19,139,918,459576,2044.27,2058.34,0.0068826524871961,False,2016-05-20 16:18:52.949
2016-05-23,2051.8904,0.006467,0.022182,0.0394062214002115,6.791994871054008,-0.7295469760847245,1.89256128157925,0.0169037328814395,-3.0464944972571826,0.0144825869227446,0.2549338771522569,878,True,20,135,878,412345,2047.26,2055.52,0.0040346609614803,False,2016-05-23 16:16:04.347
2016-05-24,2072.4933,0.0063649999999999,0.0218849999999999,0.0443285558917035,3.434496813579498,-0.7650214409255329,1.1927462823042392,0.0164671184677776,-1.1181511260293104,0.0140329963600236,0.2416889906310712,1063,True,20,164,1063,523678,2055.1,2079.67,0.0119556225974406,False,2016-05-24 16:15:40.482
2016-05-25,2090.6037,0.006725,0.02174,0.0425070219369439,3.8582048274493967,-0.7330295876744002,1.4227108046683392,0.0133574650220795,-1.696104439244804,0.0127538963048405,0.2546663974218131,984,True,20,155,984,522686,2081.27,2094.72,0.0064624003613178,False,2016-05-25 16:19:34.295
2016-05-31,2097.5682,0.006725,0.0217039999999999,0.043002189633584,3.696544088638939,-0.7408627606979161,1.3909180266872476,0.0151517623909083,-1.6167339771864353,0.0125580889470273,0.2383350399411735,903,True,19,141,903,489313,2088.66,2103.44,0.0070763072975017,False,2016-05-31 16:22:40.190
2016-06-01,2093.5533,0.00659,0.021674,0.0407259074540574,4.804988854825942,-0.7342802293992625,1.6549058929029905,0.0149931762634855,-2.347338451526206,0.0119458021928248,0.2409670333889796,892,True,18,134,892,455804,2085.1,2100.97,0.0076111457484053,False,2016-06-01 16:15:14.810
2016-06-02,2097.7314,0.00659,0.021674,0.0431291625760832,4.193703757289847,-0.7616152114963893,1.5048139680982986,0.0139088335612827,-1.902723216295577,0.0165139468680776,0.2400428963317021,947,True,20,143,947,351936,2088.59,2105.26,0.0079814611771578,False,2016-06-02 16:14:56.885
2016-06-03,2095.7498,0.00659,0.021674,0.0464637536578666,2.686151027886304,-0.8098184974825807,1.0542939444352868,0.0164003008368698,-0.8619184019778466,0.0128744140204825,0.2615764349994334,917,True,20,148,917,340025,2085.39,2102.74,0.0083197867065631,False,2016-06-03 16:21:02.740
2016-06-06,2108.4666,0.005855,0.021584,0.0437095831343083,4.134242324093896,-0.7647149716771443,1.6065131729833346,0.0137100813970133,-2.2194725578442647,0.013209139814832,0.2481317030359333,925,True,20,138,925,429922,2101.56,2113.36,0.0056148765678829,False,2016-06-06 16:17:25.248
2016-06-17,2070.6271,0.004934,0.022038,0.0628457393438989,3.4778165086191546,-0.8393904702280707,1.6481212174431414,0.0344701460489987,-2.279171647813087,0.0082777864637549,0.1671738343506444,873,True,20,141,873,379504,2062.85,2076.49,0.0066122112611193,False,2016-06-17 16:32:38.659
2016-06-27,2001.4487,0.004425,0.022829,0.05609120249208,4.381572765513219,-0.8621913183056934,1.6130236496800243,0.0626574720578559,-2.1103099239786967,0.0110201004385611,0.1918694758918496,1308,True,20,189,1308,851899,1991.68,2024.99,0.0167245742287918,False,2016-06-27 16:43:36.323
2016-06-28,2023.3394,0.004374,0.022441,0.0484328818228225,3.3666506693881915,-0.782592850852901,1.3198661303945092,0.036662958762305,-1.4159334141441664,0.0132548342606751,0.2269418149016337,1116,True,20,175,1116,603390,2013.69,2036.09,0.0111238571974832,False,2016-06-28 16:16:53.335
2016-06-29,2063.3502,0.004527,0.02207,0.0482848764288477,2.7941990629948465,-0.7941204812478435,1.127876195873175,0.0262401266179389,-1.0022696002687277,0.0127062057728182,0.2115249012157796,1073,True,20,164,1073,681831,2050.44,2073.11,0.0110561635551393,False,2016-06-29 16:39:10.024
2016-06-30,2088.7374,0.004323,0.0217729999999999,0.0481961383098403,4.062959999516317,-0.7773646749820657,1.608055024368077,0.0204554693009295,-2.1942029972273422,0.0125464434584718,0.2492836526493911,1128,True,20,177,1128,648067,2070.01,2098.93,0.0139709470002558,False,2016-06-30 16:57:38.395
2016-07-01,2103.9324,0.006384,0.0217309999999999,0.0472515477354623,4.570550026103097,-0.7672850586344504,1.7072384282427804,0.0157253624100057,-2.482731925397421,0.0095494694726903,0.1853450070611154,912,True,19,149,912,467092,2097.93,2108.7,0.0051336317226979,False,2016-07-01 16:15:24.711
2016-07-06,2089.8323,0.005752,0.021793,0.0487463211053425,4.755281714224419,-0.755863860720992,1.9249617274340984,0.0197271252002609,-3.241872673310173,0.0117762216555245,0.2244655163567924,997,True,19,171,997,376577,2074.02,2100.72,0.0128735499175514,False,2016-07-06 16:19:56.617
2016-07-07,2100.8191,0.004475,0.021819,0.0513061737652218,4.15390312726988,-0.7507385979733491,1.8500720369147856,0.0161830144344514,-2.9965247904708106,0.0103596307200615,0.2172660584891652,914,True,20,171,914,437990,2089.46,2109.05,0.0093756281527286,False,2016-07-07 16:14:57.700
2016-09-06,2181.9569,0.00565,0.02108,0.0423708507889958,4.804348456851197,-0.7459767092961256,1.9965309866055416,0.0086020945898179,-3.5790073172689283,0.009794068760753,0.2203197643177623,860,True,19,127,860,369948,2175.11,2186.57,0.0052686990543007,False,2016-09-06 16:18:20.491
2016-09-08,2181.2277,0.0053939999999999,0.021088,0.0429225987641249,4.449075472264396,-0.767809687455007,1.8591043519731167,0.0096168237996971,-3.0743372287907533,0.0089123563025526,0.1873553839098541,777,True,20,124,777,257825,2177.58,2184.94,0.0033798987867266,False,2016-09-08 16:15:10.292
2016-09-09,2147.466,0.005598,0.02162,0.046454175506322,5.004494367640104,-0.7846926003228862,1.934713789676756,0.0181953427705229,-3.2781581286158863,0.0118787232671711,0.2372394810645255,1202,True,20,160,1202,457691,2127.81,2168.06,0.0189161626273022,False,2016-09-09 16:21:54.256
2016-09-15,2142.5508,0.005958,0.021431,0.0472121405535554,3.8948852362402464,-0.8212213086913506,1.4212176907631355,0.024860411525466,-1.6520879861114148,0.0113227111607074,0.2146770995685816,1011,True,19,159,1011,327924,2122.36,2151.31,0.0136404756968657,False,2016-09-15 16:54:57.661
2016-09-16,2136.2979,0.006009,0.021513,0.0540293026675897,3.2869049588609687,-0.8070410266205179,1.4575079773918882,0.0221862137010105,-1.7691511384371912,0.0107368301371917,0.2054944003597502,888,True,19,142,888,442003,2131.24,2145.28,0.0065877141945536,False,2016-09-16 16:20:41.219
2016-09-19,2147.3679,0.0060599999999999,0.021496,0.0476103296170356,3.926782747287531,-0.8049268253882657,1.4837822722763214,0.0193754658045858,-1.827698989655787,0.0083369737729075,0.1876196147877178,909,True,18,147,909,267210,2135.99,2153.61,0.0082491022898048,False,2016-09-19 16:24:59.283
2016-09-20,2144.7754,0.0060599999999999,0.02149,0.0517684775227228,2.88380627665123,-0.8077472016384225,1.26177954550954,0.0218759846922199,-1.2935071006408485,0.0075852871623317,0.1675294496607149,889,True,20,146,889,269611,2139.18,2150.78,0.0054226385811386,False,2016-09-20 16:25:37.117
2016-09-21,2149.2963,0.006008,0.021256,0.0527204349713223,2.7603988229069296,-0.7969344492599292,1.2733216339436269,0.0171339757487066,-1.3302891301929085,0.0093085698110422,0.2002513148620047,927,True,18,172,927,534689,2139.58,2165.11,0.0119322483851971,False,2016-09-21 16:24:42.511
2016-09-22,2176.9258,0.005804,0.021174,0.0436105385191206,4.612478168233881,-0.7652461010404725,1.6957308599562868,0.0083379301173074,-2.4731978357593545,0.0101041279160329,0.2146121137196223,942,True,20,144,942,614258,2171.54,2179.99,0.0038912476859738,False,2016-09-22 16:16:22.215
2016-09-23,2169.7841,0.005752,0.021288,0.0417728597168027,5.494696551244288,-0.7666249280751388,1.7911239579569351,0.0075224033684418,-2.749066656324262,0.0087165118388536,0.1874164304445321,833,True,19,146,833,332320,2163.97,2173.2,0.0042653086687893,False,2016-09-23 16:20:47.973
2016-09-26,2150.2947,0.005701,0.021472,0.0501944326337711,3.2747632562304214,-0.7890686717840237,1.39871103024747,0.0166803841905822,-1.6276427788231256,0.0096237825881216,0.2109537319833858,965,True,19,153,965,338330,2145.08,2157.32,0.0057060808920881,False,2016-09-26 16:15:03.792
2016-09-27,2154.7409,0.005701,0.0213399999999999,0.0533594802619946,2.677540783592308,-0.7909027964476991,1.235206241295966,0.0143657848081637,-1.2399900893509497,0.009052606633242,0.1973337628339651,971,True,20,162,971,379396,2141.61,2161.13,0.00911463805268,False,2016-09-27 16:17:30.131
2016-09-28,2161.8385,0.005803,0.021241,0.0518533413068037,3.3711955691791182,-0.7882904899415346,1.4308002289789197,0.0107797497622698,-1.69757378632487,0.0082245831290622,0.196954309219557,971,True,19,158,971,320545,2151.84,2172.4,0.0095546137259274,False,2016-09-28 16:19:31.471
2016-09-29,2162.6752,0.005701,0.021443,0.0494222545685266,3.499560036497217,-0.7919449502135159,1.4510863838887715,0.0133573936572511,-1.759739399504176,0.0115694940403039,0.24640241180634,1015,True,20,169,1015,469878,2145.28,2172.67,0.0127675641408113,False,2016-09-29 16:19:59.805
2016-09-30,2169.0208,0.005854,0.021274,0.0514928870004045,3.229050542697332,-0.8179426023601432,1.3291236144394378,0.0115395307705518,-1.434023313033138,0.0081689019916508,0.2079895615087565,878,True,20,155,878,331401,2158.02,2175.3,0.0080073400617233,False,2016-09-30 16:17:34.845
2016-10-03,2159.3428,0.006622,0.021362,0.0470175928691283,3.737985209850325,-0.7925210424601649,1.4671254203004025,0.0138699925465384,-1.8009548653965013,0.009703769400807,0.2456346837212353,936,True,20,138,936,283558,2154.8,2164.37,0.0044412474475588,False,2016-10-03 16:42:08.353
2016-10-04,2157.2884,0.006622,0.021362,0.0507291003965718,2.797915448686316,-0.801506532065534,1.1958799552751245,0.0145274218779489,-1.1462574000337786,0.0141947431153063,0.2338764679018319,1026,True,20,160,1026,364636,2144.05,2165.44,0.0099764464448124,False,2016-10-04 16:26:47.867
2016-10-05,2160.3275,0.004986,0.021402,0.0591836431736059,2.1238783955998977,-0.8178523264638089,1.036880942919712,0.0127940063664316,-0.823724367571441,0.0115121812603745,0.2170572408090137,878,True,20,146,878,265536,2155.97,2163.94,0.0036967119208524,False,2016-10-05 16:31:34.207
2016-10-06,2158.2863,0.0053939999999999,0.021349,0.0491033420202281,3.412125152226844,-0.7878316322302129,1.2715081170384697,0.0114803712939414,-1.2816393949634797,0.0101735874274074,0.2127561336246718,909,True,20,141,909,242316,2150.42,2162.93,0.0058174682155112,False,2016-10-06 16:17:11.915
2016-10-07,2153.9626,0.0053939999999999,0.021349,0.0548900462132713,2.6632776871460515,-0.7948720718473129,1.1381564493773686,0.0119382097693253,-1.003025232606856,0.0092442053592976,0.2008934421790619,970,True,20,132,970,289988,2144.85,2165.81,0.0097722451453481,False,2016-10-07 16:24:57.875
2016-10-11,2140.261,0.007186,0.021559,0.0453847369250289,3.2971894173435707,-0.7587008931080442,1.2360252369426068,0.015882670026748,-1.2284742377627726,0.010714921080653,0.2213213781711213,1150,True,19,150,1150,513339,2128.85,2161.56,0.0153651032247457,False,2016-10-11 16:42:11.142
2016-10-12,2140.0523,0.007186,0.021559,0.0492311682800595,2.9145864005389663,-0.781332826815266,1.1413738769428683,0.0164298846051448,-1.0157573398641806,0.0120999115618663,0.2241090466243676,969,True,20,142,969,367413,2132.77,2145.36,0.0059031212929665,False,2016-10-12 16:16:11.193
2016-10-13,2124.8281,0.00652,0.021577,0.0513539643202539,2.7193649648848104,-0.7820928397342237,1.1693178901009544,0.0213820626802114,-1.0880039853492611,0.010263896513986,0.2082375624849203,1143,True,19,149,1143,383856,2114.74,2138.18,0.0110841049017846,False,2016-10-13 16:16:55.541
2016-10-14,2140.9514,0.006571,0.021573,0.0516168531183461,2.9657424041498994,-0.7679037229465359,1.179432189959318,0.0152031598155056,-1.0848957105885206,0.0103469151163852,0.2151142239444874,997,True,20,144,997,283837,2132.98,2149.18,0.0075950079231872,False,2016-10-14 16:25:09.977
2016-10-17,2128.634,0.006418,0.021642,0.0549041117741481,2.333977958418686,-0.7965906574388371,1.0407412754204686,0.020403488572047,-0.8268524289489886,0.0086457053011554,0.1770121292862423,895,True,20,138,895,212514,2124.43,2135.52,0.0052202237776721,False,2016-10-17 16:17:17.742
2016-10-18,2139.682,0.006418,0.0215099999999999,0.0564300571899361,2.4995102983658737,-0.7745059328226169,1.09132068676912,0.0160582055710718,-0.9088858232029824,0.008824703831011,0.2032384810012633,972,True,19,124,972,377158,2135.54,2144.37,0.0041347855811644,False,2016-10-18 16:19:30.285
2016-10-19,2144.2342,0.0063149999999999,0.0214679999999999,0.0470074851263942,3.338993129728796,-0.7693630937094764,1.2408857702607237,0.0140120281715743,-1.2258821550698316,0.0107699871201925,0.2161944339010617,912,True,20,149,912,451361,2138.17,2148.31,0.004742373150872,False,2016-10-19 16:15:05.581
2016-10-20,2140.3668,0.006469,0.0215689999999999,0.0439887036100585,3.596247041363569,-0.7582522633094124,1.2725459437267572,0.0140551882168278,-1.3029846884732392,0.0094841733722722,0.2157911088063404,960,True,19,141,960,277556,2133.44,2147.18,0.0064403029848507,False,2016-10-20 16:14:58.675
2016-10-21,2137.3228,0.006417,0.0215709999999999,0.0394253523717001,4.6209440315110815,-0.7463838476985434,1.3642195184055006,0.0122459999186202,-1.4967302009340782,0.0099736003354804,0.2198507095235652,996,True,20,141,996,428367,2130.12,2142.62,0.0058682139973333,False,2016-10-21 16:29:27.699
2016-10-24,2151.2261,0.006468,0.021469,0.0428471163690032,3.371845121161498,-0.7554384023819063,1.3201736223232692,0.0130538209213281,-1.4539107125088164,0.0102110470757912,0.2016767155451664,932,True,20,133,932,295871,2146.99,2154.75,0.0036143624329876,False,2016-10-24 16:16:10.881
2016-10-25,2145.5318,0.006519,0.021551,0.0416095759691645,2.7911612484785824,-0.7501786522042195,1.1724202192568858,0.0163623385653508,-1.142291098500849,0.0088831945728773,0.1681302899364872,914,True,20,145,914,285011,2141.96,2151.43,0.0044211843358419,False,2016-10-25 16:16:34.648
2016-10-26,2138.4251,0.006468,0.021589,0.0367165783370988,4.075888718747671,-0.7496543476258396,1.3223449750999967,0.0185118308595301,-1.4492908583018185,0.0091973699936345,0.1870906083572476,947,True,19,143,947,296596,2131.61,2145.65,0.006586570714155,False,2016-10-26 16:40:31.159
2016-10-27,2136.7118,0.006519,0.021658,0.0411956984374667,3.49428677683546,-0.7705278769365753,1.2774173632315755,0.0198777193344065,-1.3438959512604287,0.0092386748377849,0.1956873082122332,968,True,20,141,968,348566,2132.53,2147.13,0.006846328070414,False,2016-10-27 16:14:52.320
2016-10-28,2132.697,0.006417,0.0216869999999999,0.0430440358691745,3.742639158526104,-0.7803486451647808,1.3547496600970914,0.023337109407999,-1.513150053163235,0.011936320698816,0.1901687239021009,993,True,20,156,993,376945,2119.4,2140.72,0.0100594507879587,False,2016-10-28 16:28:15.045
2016-10-31,2128.7665,0.006417,0.02169,0.0394705939361746,5.32949935636526,-0.7923429727043251,1.6009574645197775,0.0285010244759262,-2.1423477932452,0.008281874217724,0.163212320008215,943,True,20,143,943,263219,2125.54,2133.24,0.0036226088429291,False,2016-10-31 16:14:59.204
2016-11-01,2114.7476,0.006128,0.02184,0.0402945544191097,5.451944717857732,-0.7859256010840951,1.7635103909097076,0.0375423087067395,-2.6706015325991173,0.0108779801021357,0.1910716288159669,1169,True,20,173,1169,494663,2097.85,2131.43,0.0160068641704602,False,2016-11-01 16:16:35.069
2016-11-02,2103.4942,0.004642,0.022002,0.0410468557795182,4.620152034667445,-0.786723455646398,1.548524485938466,0.0377870252471572,-2.0186426550581054,0.0096194750525986,0.1747863357266275,1045,True,20,160,1045,485080,2094.0,2111.74,0.0084718242597898,False,2016-11-02 16:17:04.603
2016-11-03,2094.1586,0.0068779999999999,0.02215,0.0409852064083577,4.632388747129605,-0.7929644596770544,1.6281949216384144,0.0442659521035076,-2.2712998849194017,0.0121014255387793,0.1954348952968409,1086,True,20,172,1086,552238,2085.23,2102.4,0.008234103672017,False,2016-11-03 16:17:57.240
2016-11-04,2092.902,0.005088,0.022189,0.0425098910863489,5.819587346387419,-0.7997026399908744,1.9520421243215185,0.0520710283079195,-3.315688406600819,0.0112923224114471,0.1584055198816413,997,True,19,151,997,393471,2084.6,2099.05,0.0069317854744317,False,2016-11-04 16:34:14.714
2016-11-11,2160.2296,0.007186,0.02139,0.0436076840222228,4.858504780922757,-0.6962734940176823,1.857530420028028,0.0168724962546855,-3.026682978715625,0.0099791799166464,0.1949156673497971,970,True,19,153,970,445249,2152.58,2165.92,0.0061972145053843,False,2016-11-11 16:18:30.674
2016-11-14,2163.4518,0.007647,0.02141,0.0400847193263767,5.134276530383343,-0.6718789258358522,1.8273816544057688,0.0163832188746195,-2.9277116435299253,0.0112222050677639,0.2167890615513795,1040,True,20,163,1040,528495,2156.11,2171.36,0.0070729229955799,False,2016-11-14 16:14:57.151
2016-12-06,2206.757,0.00519,0.021131,0.0417875962650238,5.239589537479993,-0.6402305072916493,1.960451625110492,0.0059150813852758,-3.405470870025054,0.0087456847377408,0.1649235828268364,966,True,20,153,966,361548,2202.3,2212.76,0.0047495799845616,False,2016-12-06 16:17:19.204
2016-12-16,2259.6108,0.008826,0.020654,0.0452912579614862,4.786154831661039,-0.6605010574989428,1.9914128111940648,0.0080648598763787,-3.5321830383391024,0.0069118897672498,0.1458638708325127,956,True,19,157,956,584618,2254.29,2267.98,0.0060728655141975,False,2016-12-16 16:18:54.234
2016-12-21,2268.5573,0.008569,0.0206,0.0431623156891742,4.7897761653887,-0.6030477480665907,1.808369027952092,0.0049962218940885,-2.856722879394414,0.0079530335020133,0.1811202988250458,768,True,18,130,768,384989,2265.15,2271.22,0.0026797342339357,False,2016-12-21 16:15:45.312
2016-12-22,2259.9906,0.008518,0.0206499999999999,0.0395602567586576,5.776843949126252,-0.6028985005411648,1.9870833596658333,0.0041896812187786,-3.4914334184965923,0.0087588876842053,0.1793768652312501,825,True,18,126,825,425253,2256.08,2263.18,0.0031470515229956,False,2016-12-22 16:14:31.321
2016-12-27,2270.9586,0.008568,0.020587,0.0450921764548763,4.130265255995285,-0.6105079131588587,1.807364140187424,0.007236429303321,-2.894079835777857,0.0070314987140679,0.1546910955081045,805,True,19,139,805,133041,2266.15,2273.82,0.003384595017982,False,2016-12-27 16:14:59.272
2016-12-28,2257.7529,0.008517,0.020772,0.0375270560094239,6.174640421221559,-0.6224555963996923,1.9447001940810973,0.0082750891441898,-3.31842669100859,0.0095369413919133,0.1769240372265806,923,True,19,159,923,317015,2249.13,2271.27,0.0098438062717582,False,2016-12-28 16:27:10.605
2017-01-04,2268.3277,0.009136,0.020697,0.0387706583883605,4.52564320455769,-0.6222504725268877,1.66692984116904,0.0077636857088068,-2.4277307620368176,0.009562825828239,0.211973690833044,1009,True,20,162,1009,382406,2261.73,2272.78,0.0048856406379187,False,2017-01-04 16:17:08.463
2017-01-05,2267.0397,0.01073,0.020621,0.0352040280466727,5.899894212530435,-0.6067040613154296,1.952733347575359,0.0061075224045156,-3.397767444072221,0.0096576239872675,0.1870090163660816,918,True,19,158,918,335514,2260.46,2271.38,0.0048308751316104,False,2017-01-05 16:15:02.205
2017-12-20,2684.2161,0.017063,0.018878,0.0403265030629797,3.398716535140745,-0.7460119305002901,1.975092472532708,0.0037654647639339,-3.6268735695262575,0.0070715891378852,0.1776342252682114,905,True,20,159,905,463335,2676.11,2691.0,0.0055640463209658,False,2017-12-20 16:15:44.814
2018-01-25,2840.5662,0.017682,0.01784,0.0292009878960619,5.994145247218257,-0.6140803574955546,1.9627237704896447,0.0096131369094043,-3.5022146736225754,0.0088018970813041,0.1777389356064636,1071,True,20,189,1071,404242,2830.94,2848.56,0.0062240810472846,False,2018-01-25 16:20:23.669
2018-01-29,2861.8919,0.017731,0.017776,0.0283022130169467,5.603114379087595,-0.5981862672064774,1.6135747961063682,0.0130774720979806,-2.2864625491991983,0.0103408451476298,0.1840224091734816,1249,True,20,180,1249,575490,2851.49,2870.54,0.0066807178001677,False,2018-01-29 16:26:24.356
2018-01-30,2826.4462,0.017757,0.017982,0.0341439225483764,5.453963106033148,-0.6786120164924528,1.8736720026095075,0.019538604542636,-3.138207385614526,0.0069547116193898,0.1398527625214652,1222,True,20,174,1222,608323,2818.27,2837.71,0.0068978486802186,False,2018-01-30 16:16:07.611
2018-02-02,2783.397,0.018656,0.018415,0.0352775081448384,4.912521556276913,-0.7048920427801125,1.6805988363587745,0.0205216767685475,-2.4778094103439603,0.0111947960053752,0.1724321262309219,1358,True,20,178,1358,546968,2759.97,2807.21,0.0171161280738558,False,2018-02-02 16:14:59.099
2018-03-07,2715.3169,0.023089,0.018799,0.0515330957285628,3.4605245016712405,-0.7383678717924493,1.831480278541897,0.0339811785981642,-2.997656929856584,0.0122019037570602,0.1316377351065686,1013,True,19,186,1013,238531,2701.78,2730.6,0.0106670417280458,False,2018-03-07 16:14:54.095
2018-03-19,2713.0157,0.0206,0.018919,0.0498984403981905,4.317845714378265,-0.7496113050645986,1.909320653483052,0.0290390694401959,-3.2145978237619737,0.0102215823408927,0.1507480481397845,1250,True,20,192,1250,571282,2694.61,2740.3,0.0169560715650873,False,2018-03-19 16:20:03.203
2018-03-23,2627.8931,0.0201259999999999,0.019851,0.0573521670812015,3.169695589086437,-0.7703481035160962,1.8099619740892143,0.050710356431776,-2.91238452560526,0.0103128429679509,0.147170213040293,1338,True,20,184,1338,730419,2585.92,2657.63,0.0277309429526049,False,2018-03-23 16:16:45.170
2018-03-26,2625.463,0.020282,0.019326,0.0469639987685362,4.698468466208391,-0.7248983194768072,1.8973355115445985,0.0506392667077895,-3.1585643088461683,0.0095070708104697,0.1153870751407418,1387,True,20,179,1387,635871,2601.81,2661.36,0.0228879126454277,False,2018-03-26 16:50:48.606
2018-03-27,2654.2783,0.0202809999999999,0.019668,0.0484788195272329,4.711227260214861,-0.7068305702681789,1.9413251192482008,0.0461737819586562,-3.311953746424568,0.0155307252644456,0.1694921182505167,1358,True,20,194,1358,710454,2596.45,2674.64,0.0301141943807892,True,2018-03-27 16:24:47.254
2018-03-28,2612.5934,0.021061,0.019784,0.0430606375136319,4.926895952326963,-0.7213558157851033,1.6785675162303666,0.0595439450450785,-2.3932783452027184,0.0172537527410974,0.1601955681218523,1288,True,20,197,1288,781281,2593.14,2632.65,0.015236354381175,False,2018-03-28 16:22:12.318
2018-04-02,2578.1696,0.0208219999999999,0.019531,0.0437459953638546,2.7390237872351006,-0.7318504686567637,1.1468561217913202,0.0550698531910686,-1.0756363202944792,0.0133450075651533,0.1561801519743575,1425,True,20,192,1425,792064,2553.8,2638.14,0.0330252956378729,True,2018-04-02 16:17:00.436
2018-04-03,2597.2264,0.0208219999999999,0.019531,0.0477086767516708,2.137850481431793,-0.7361933313320165,1.0478974280294096,0.0489326094835157,-0.8941009845465849,0.0101151815713546,0.1174604241012289,1263,True,20,215,1263,666109,2575.49,2619.14,0.0169482312103717,False,2018-04-03 16:16:52.061
2018-04-04,2609.021,0.020585,0.01951,0.0435952467400663,2.6634331794271744,-0.7343738405577693,1.1405432493400616,0.0491384211195168,-1.068612850349572,0.0154899860272227,0.1843434043249773,1284,True,20,211,1284,460152,2573.61,2649.82,0.0296121012896282,False,2018-04-04 16:22:40.250
2018-04-05,2663.4984,0.022307,0.019388,0.0399988478932417,3.8829327264269,-0.686608609833201,1.4202429502185774,0.0385911965919911,-1.7064643666374886,0.0109106305347256,0.1529849274303956,1278,True,20,176,1278,559889,2649.58,2672.07,0.0084881377425856,False,2018-04-05 16:21:01.060
2018-04-06,2617.6926,0.022803,0.019825,0.0449118783926257,3.567168040815317,-0.7234596539615081,1.3537155910906624,0.0432118303558653,-1.512129467051624,0.0185045636939968,0.18605292828932,1351,True,20,194,1351,587952,2586.27,2656.86,0.0272941340231298,False,2018-04-06 16:15:01.531
2018-04-09,2635.6444,0.024708,0.0197679999999999,0.0399064259216993,3.382345136140964,-0.6963387230614866,1.3065543134702848,0.044979117945116,-1.4371295628137482,0.0154940862761227,0.1495845705313175,1226,True,20,200,1226,509160,2610.79,2653.51,0.0163628633478756,False,2018-04-09 16:21:15.804
2018-04-10,2654.1884,0.026098,0.019447,0.0364379744028268,4.080199590929299,-0.6768142979453072,1.4517155917149018,0.0473258278019818,-1.8101297427227347,0.0148494706312733,0.1605266069758082,1173,True,20,213,1173,418015,2635.78,2665.28,0.0111921328790718,False,2018-04-10 16:25:20.198
2018-04-11,2648.4739,0.026098,0.019447,0.0457546128852062,2.467669253344982,-0.6456844390937105,1.2999823702570676,0.0394472916475566,-1.464139660148133,0.0107342169137983,0.143583731415221,1112,True,20,192,1112,595579,2639.27,2661.33,0.0083583718225115,False,2018-04-11 16:19:20.531
2018-04-12,2666.5463,0.0269309999999999,0.019422,0.0402562269466466,3.2959208743398274,-0.6561563119830771,1.2914465255736458,0.0342541246104597,-1.4024714509850134,0.0143384737181117,0.1688960673495358,1127,True,20,182,1127,615729,2655.83,2674.57,0.0070561745292432,False,2018-04-12 16:20:25.912
2018-04-13,2660.1489,0.020915,0.019483,0.0390084063044246,3.361975204836889,-0.6765970297441126,1.2666269712849412,0.0303905935144872,-1.3420532948351056,0.0137501411164702,0.1876215869959152,1140,True,20,205,1140,540335,2645.05,2680.14,0.0132662898621953,False,2018-04-13 16:15:18.868
2018-04-16,2675.9192,0.020992,0.019326,0.0330593807093602,6.749667104464883,-0.6499650392564932,1.7544113555698928,0.0260551863192006,-2.631679575616689,0.0117132972381147,0.1748957791268611,1202,True,20,175,1202,633718,2665.22,2686.4,0.0079468111450462,False,2018-04-16 16:42:27.980
2018-04-23,2671.3263,0.022057,0.019385,0.035599239007881,3.95293111149,-0.677717401889153,1.4900154925418052,0.0246530643319286,-1.938703489175356,0.0144916052223378,0.1779824414316511,1212,True,20,197,1212,292576,2658.02,2682.86,0.009345302142196,False,2018-04-23 16:46:32.311
2018-04-24,2641.837,0.022082,0.019652,0.0325788860635802,6.738085589216666,-0.6628986763130412,1.8608554110726128,0.0295732378946588,-3.02374421552274,0.0146844860511792,0.2093989972924315,1333,True,20,186,1333,699939,2617.32,2683.55,0.0253045099567497,False,2018-04-24 16:15:02.270
2018-04-25,2630.5661,0.022475,0.019616,0.0380773432022953,3.3426572912390644,-0.7148638118781605,1.249795203055642,0.033232822615166,-1.307429031808564,0.0190230470332737,0.157030111144001,1214,True,20,197,1214,634070,2612.67,2645.22,0.0124585194456245,False,2018-04-25 16:15:02.656
2018-04-26,2661.5511,0.022291,0.019413,0.0342799068181989,4.1594849563398615,-0.6923255629388984,1.3394612993992832,0.0267337834851131,-1.5089830591583544,0.0130648835034508,0.1607635252433468,1151,True,20,189,1151,427443,2647.16,2676.48,0.0110760210943048,False,2018-04-26 16:14:57.227
2018-04-27,2669.3476,0.022288,0.019406,0.0369203228936494,5.169604145183051,-0.6563526695583293,1.7027843660273771,0.0207889186574669,-2.517747688642243,0.0134950368706926,0.1935067741164916,1058,True,20,183,1058,253470,2659.03,2677.32,0.0068784481559065,False,2018-04-27 16:17:49.332
2018-04-30,2670.3856,0.022339,0.019569,0.0333146460531955,6.340664674006018,-0.6500091857851408,1.749842960160711,0.0204203181252251,-2.6394763865109776,0.0110681628805585,0.1800330890616742,1162,True,20,182,1162,501496,2648.04,2682.88,0.0131569009531578,False,2018-04-30 16:19:28.517
2018-05-02,2648.1754,0.018317,0.019655,0.0356187488455512,3.7535934439161984,-0.6639895379981066,1.2808305910320863,0.0207293553123851,-1.3731303986292869,0.018178527523877,0.203442545487396,1107,True,20,193,1107,564662,2631.71,2660.86,0.01107644839287,False,2018-05-02 16:16:22.011
2018-05-03,2614.7157,0.020456,0.019702,0.0369257051700287,4.84310569530244,-0.6890906873051742,1.530545980570508,0.0270102820435333,-1.9849008126164875,0.0107622481893075,0.1891290301855751,1305,True,20,204,1305,916344,2594.62,2637.14,0.0163877562032204,False,2018-05-03 16:40:44.002
2018-05-04,2645.6585,0.020662,0.019483,0.0388831846726906,3.4233018884343003,-0.6674962864387662,1.32424410601721,0.0200243729890689,-1.487404693284596,0.0182698025679791,0.184904305701105,1209,True,20,206,1209,481039,2615.34,2670.93,0.0212553625914793,False,2018-05-04 16:14:54.177
2018-05-07,2677.9419,0.023088,0.019416,0.0311137606888746,4.412941588374538,-0.6313686657241853,1.3673163198689953,0.019857198722995,-1.5949475015507568,0.0165636038144157,0.1894527012426502,1144,True,20,182,1144,428462,2664.76,2683.24,0.0069349584953239,False,2018-05-07 16:14:49.455
2018-05-08,2666.4735,0.023088,0.019416,0.0381285387364253,2.71494485779507,-0.6830264802904885,1.1355890777807125,0.0211511685098141,-1.082528793219453,0.0096319658850016,0.1681501480982017,1009,True,19,187,1009,431594,2655.23,2676.24,0.007912685530067,False,2018-05-08 16:14:24.401
2018-05-09,2689.5503,0.024681,0.019111,0.0330531015230312,4.551104602610029,-0.64028846631523,1.4537230920654018,0.0154179671439638,-1.8124545834601848,0.013746018130542,0.1996058710312022,1202,True,20,199,1202,658420,2674.18,2701.24,0.0101189897463895,False,2018-05-09 16:19:09.108
2018-05-10,2718.2978,0.026066,0.018958,0.0247557408372799,7.634884783257076,-0.5661781164226704,1.7320014704284186,0.0131572376687379,-2.621814635532596,0.0134978854419751,0.2071541107947054,1188,True,20,185,1188,656794,2704.77,2726.11,0.0078897651186606,False,2018-05-10 16:16:45.145
2018-05-16,2718.8016,0.022768,0.01903,0.0347164376866785,5.355836505182214,-0.7017027104435896,1.942154626371672,0.0132742931858304,-3.400093464152493,0.009786355611854,0.1510578779584757,1031,True,20,179,1031,395287,2712.68,2727.7,0.0055369597593524,False,2018-05-16 16:16:56.761
2018-06-28,2707.2549,0.023069,0.019289,0.0423010886404019,5.27808937595821,-0.8021593900544948,1.9213059636360912,0.0284346650307215,-3.2448787528148646,0.0087751343530327,0.1469714887836482,1182,True,20,199,1182,511654,2691.99,2724.34,0.0120171323073265,False,2018-06-28 16:21:59.242
2018-10-10,2833.367,0.026497,0.018894,0.0529214064465043,3.693204710281812,-0.7856134886580911,1.881660335144503,0.0292564148391893,-3.1497464417301866,0.0118555889850445,0.2131812264497652,1420,True,20,201,1420,931227,2784.86,2873.75,0.031919019268473,True,2018-10-10 16:20:48.456
2018-10-11,2761.6344,0.026497,0.018894,0.0626065382966527,2.121837524647277,-0.7820676972311853,1.673633048025566,0.0473669681895045,-2.5353657749511376,0.0139608741180215,0.1781050621873767,1441,True,20,218,1441,1158647,2710.56,2795.14,0.0312038840682367,True,2018-10-11 16:19:47.760
2018-10-12,2754.4646,0.026806,0.019043,0.0544747457125309,2.8959904268834995,-0.77202695030328,1.7304613999220788,0.0485880646931208,-2.678979972439476,0.0142169574086555,0.1685542314995508,1334,True,20,211,1334,808806,2729.44,2775.76,0.0169705140981299,False,2018-10-12 16:16:41.053
2018-10-15,2763.1026,0.026542,0.019157,0.0464846291426142,5.330455747784582,-0.7918622394758126,1.9797654565720808,0.0446443124494035,-3.4239027458422937,0.0086201479445233,0.1625667192175072,1242,True,19,202,1242,504103,2749.14,2775.94,0.0097485031682635,False,2018-10-15 16:20:58.249
2018-10-18,2779.5843,0.0265119999999999,0.019044,0.0522932891488356,3.086320367734455,-0.7560148362823463,1.681927145639384,0.0371748771659554,-2.506091236446889,0.0107230261618759,0.1727770271540671,1181,True,20,203,1181,431388,2755.26,2805.83,0.0183539847419116,False,2018-10-18 16:19:58.251
2018-10-22,2761.0581,0.026585,0.019135,0.0540917665983612,3.509903008762755,-0.7663287029782057,1.6942533863748326,0.0388289994587829,-2.490780828576826,0.0174501616205616,0.1631052783485116,1199,True,20,220,1199,475806,2749.27,2778.41,0.0105991772361389,False,2018-10-22 16:34:52.593
2018-10-23,2721.0992,0.026452,0.019244,0.0533967575741695,3.979458731088721,-0.7381598780538428,1.9838461475112377,0.05203530152307,-3.5106651507144657,0.0113841323683847,0.1342417979996217,1437,True,20,227,1437,961816,2691.43,2753.43,0.0230360811910397,False,2018-10-23 16:59:40.860
2018-10-26,2658.1831,0.026103,0.019839,0.0466904927502212,4.700465584887852,-0.7265875306555649,1.875205135551924,0.074511621390695,-3.0774601917725675,0.0118189271344439,0.1312548972896592,1359,True,20,203,1359,751207,2628.16,2692.02,0.0242983684402775,False,2018-10-26 16:18:59.278
2018-10-29,2672.352,0.026312,0.019973,0.0478540556959723,4.226619967166972,-0.7157885632784685,1.6473440994804602,0.0614349809652436,-2.3092207674640544,0.0155440721415169,0.1809442886108789,1349,True,20,206,1349,663594,2603.54,2706.8,0.0396613841154736,True,2018-10-29 16:57:31.040
2018-10-30,2660.2526,0.0263899999999999,0.019687,0.046057711036835,4.951916128015856,-0.7213996663374437,1.74592507665302,0.0676991411296572,-2.592106529080259,0.010595959799748,0.124070136384363,1237,True,20,223,1237,815829,2635.38,2685.43,0.0189915685783452,False,2018-10-30 16:15:57.715
2018-10-31,2720.6224,0.026546,0.019479,0.0474844182315255,3.2699143548494387,-0.7033816476486378,1.3979003994024546,0.0477670398957742,-1.6435855650356626,0.0087221095343115,0.1162980928801664,1290,True,20,210,1290,712139,2706.63,2736.67,0.0110986725189625,False,2018-10-31 16:45:12.584
2018-11-01,2729.7628,0.017639,0.019279,0.0491910328713496,3.8231149482126967,-0.6963338817019371,1.5554992047864358,0.0392814817200844,-2.0434518299142765,0.0121503379998556,0.1657954538047056,1210,True,19,206,1210,545325,2708.89,2741.66,0.0120972058666095,False,2018-11-01 16:15:29.869
2018-11-02,2726.7095,0.017639,0.019279,0.0465629115417721,4.843585642399384,-0.707889534346144,1.6332822650741832,0.0412469185562618,-2.216548057781774,0.0153408968308786,0.1653605014104015,1085,True,20,200,1085,305398,2700.53,2756.55,0.0207440761628272,False,2018-11-02 16:17:17.166
2018-11-05,2729.9604,0.022483,0.019315,0.0473910750424287,4.606103043250292,-0.685342264140622,1.6999115063173147,0.0400552276966889,-2.453122779358334,0.0118554164720195,0.1599959594708936,1040,True,20,208,1040,468434,2718.11,2744.1,0.0095617910974905,False,2018-11-05 16:16:02.007
2018-11-06,2748.2577,0.022979,0.0191789999999999,0.0433336922203152,4.5459754872073335,-0.690891824079721,1.561636726154242,0.0403782111070579,-2.044721459266259,0.0144633007148475,0.1671112584071452,969,True,19,201,969,424533,2737.22,2756.68,0.0071094029708975,False,2018-11-06 16:43:04.399
2018-11-07,2799.54,0.023291,0.018781,0.0425167048036456,3.7430365262745218,-0.6709000413647394,1.3836963520827332,0.0249810093243198,-1.5963324366533096,0.0095102339183553,0.154743921659095,1241,True,20,198,1241,913445,2775.41,2815.12,0.0143077959652808,False,2018-11-07 16:39:38.329
2018-11-09,2778.6381,0.025146,0.019068,0.0429925186013838,5.405577353389568,-0.692910188361721,1.9205376878220937,0.0268622830581523,-3.223666240511393,0.0093924092348541,0.1558482951882116,1205,True,20,206,1205,463813,2764.24,2793.87,0.0107190403148786,False,2018-11-09 16:16:47.004
2018-11-12,2743.1703,0.026936,0.019451,0.0493772952814945,2.8968442398167675,-0.7325275842595603,1.3962369553422622,0.0363674175778907,-1.6634009686355724,0.0126810544929711,0.1497038369516976,1259,True,20,197,1259,467853,2722.0,2775.93,0.0198126377663481,False,2018-11-12 16:17:19.512
2018-11-13,2734.1311,0.027174,0.019485,0.0509104662570344,3.143727099867637,-0.7221190558232289,1.533571953127612,0.0387908371044946,-2.031745710541366,0.0087720262892377,0.1364947997298102,1282,True,20,213,1282,599193,2714.98,2754.51,0.0145599599260399,False,2018-11-13 16:22:49.204
2018-11-14,2712.7025,0.02704,0.019658,0.0514381117176883,2.7162094931973053,-0.7275750818666529,1.3389145041794617,0.0421322468760324,-1.5132586747826762,0.0091716952877546,0.138665954548638,1178,True,20,196,1178,556858,2685.75,2746.8,0.0227310807037142,False,2018-11-14 16:18:31.671
2018-11-15,2702.2118,0.026854,0.019475,0.0524830591916153,2.5197122030328365,-0.7182951440419992,1.3539308594948691,0.0446703325183193,-1.5686443628972992,0.0132201046801716,0.1533554840289125,1277,True,20,213,1277,567482,2670.75,2735.31,0.0241729851165402,False,2018-11-15 16:15:30.848
2018-11-16,2731.8534,0.026587,0.019438,0.0527563515494414,2.875384988894069,-0.7053248409991397,1.3102360722645012,0.0338786401628504,-1.4133289224349426,0.0141001138027798,0.1608343051310558,1122,True,20,177,1122,526878,2712.21,2746.75,0.012735002083172,False,2018-11-16 16:17:41.507
2018-11-19,2700.6197,0.026532,0.01976,0.0520802583486457,2.1366781867932154,-0.7273768091368026,1.1122286413225178,0.0389070068211239,-1.0144950466259208,0.0111980627142259,0.152735244462585,1318,True,20,201,1318,425859,2681.11,2733.05,0.0193725732998646,False,2018-11-19 16:27:34.385
2018-11-20,2649.2779,0.026531,0.020133,0.0472337029940078,3.695719897132096,-0.7093167638559078,1.287430845434285,0.0540473648415957,-1.3083531098352723,0.010702633618304,0.1099789198463883,1470,True,20,212,1470,670957,2631.67,2669.19,0.0142571067041079,False,2018-11-20 16:18:50.056
2018-11-21,2661.659,0.026555,0.020084,0.0533237779748593,2.379662913561924,-0.6944218249549217,1.2030915007919567,0.0431072319188361,-1.193643925562277,0.0116158935589899,0.1434241025528366,1165,True,19,197,1165,580662,2649.92,2670.68,0.0078341987682646,False,2018-11-21 16:20:26.609
2018-11-23,2639.3846,0.0265499999999999,0.020221,0.0493819174327915,3.0534044937644462,-0.7046288023028485,1.2429557580680464,0.0465529749461168,-1.2433730793145306,0.0178292595241195,0.1428525024485574,1013,True,20,189,1013,206526,2631.21,2647.55,0.0062100706519054,False,2018-11-23 13:14:59.081
2018-11-27,2673.8426,0.026758,0.019858,0.0501091625894689,1.699946337365562,-0.6745954411696168,0.9370530700966424,0.0364589136310652,-0.7077026813526966,0.0175262986862277,0.1421343537556276,1137,True,19,210,1137,526476,2655.89,2682.49,0.0100154750384993,False,2018-11-27 16:17:30.525
2018-11-28,2717.5829,0.026704,0.019421,0.0418276717279598,2.3929591423831384,-0.6394568831876379,1.0644392117638033,0.0362078913459975,-0.9328470166083026,0.0108430251952296,0.1664344960567785,1346,True,20,219,1346,584297,2684.43,2744.0,0.0221909306631202,False,2018-11-28 16:35:39.619
2018-11-29,2739.0099,0.026729,0.019485,0.0372231522229929,4.557068155035062,-0.610372106217968,1.4567218383429903,0.040560337314251,-1.782781631054534,0.0174656355296779,0.1877613485480308,1131,True,19,191,1131,591526,2723.0,2753.75,0.0112926918839515,False,2018-11-29 16:17:08.386
2018-11-30,2747.2736,0.026777,0.019335,0.046063358824623,2.402889346447198,-0.6774206489366988,1.1603346237669747,0.0371876794014369,-1.1250061307499246,0.0179750112798886,0.164369305735217,1085,True,20,227,1085,648794,2732.76,2760.88,0.0102899632605863,False,2018-11-30 16:21:41.343
2018-12-03,2786.4783,0.020267,0.019166,0.047519523452,2.1667820875940715,-0.6703339585186382,1.1535259598250622,0.0268149781211885,-1.124693235536731,0.0170220427522401,0.1829639665081183,1257,True,20,226,1257,607025,2773.45,2800.12,0.0096161820115741,False,2018-12-03 16:23:46.913
2018-12-04,2737.8006,0.020865,0.019815,0.0489741251164124,2.520924078220565,-0.6938635095856724,1.2022333072541769,0.0330116049086747,-1.198444822639814,0.0169053995983336,0.2358584101197599,1348,True,20,197,1348,963431,2697.21,2785.89,0.0328784188105486,True,2018-12-04 16:17:13.798
2018-12-06,2654.6771,0.023083,0.0198829999999999,0.0503732386117851,3.396820824355649,-0.7162915440857258,1.4568669466161968,0.0614086090913473,-1.7802435683293043,0.012435543978029,0.1537989563421212,1364,True,20,206,1364,790558,2621.56,2695.97,0.0283838630433785,False,2018-12-06 16:47:12.362
2018-12-07,2657.7569,0.0234209999999999,0.020363,0.056607648861178,2.722334524314611,-0.7370252367542891,1.2513890493712183,0.049583672655273,-1.257764639216074,0.0172715115975528,0.1788163422777773,1277,True,20,226,1277,512547,2623.24,2708.54,0.0325170399963403,True,2018-12-07 16:28:01.957
2018-12-10,2616.2088,0.026465,0.020329,0.0560532272425253,2.1111171082045987,-0.723566211001877,1.0865416446407408,0.0569499345610755,-0.9439028915350548,0.0105554189908795,0.1163872493424388,1329,True,20,226,1329,650598,2583.23,2647.4,0.0248409936397455,False,2018-12-10 16:33:11.213
2018-12-11,2654.1586,0.027254,0.020345,0.0550320432200146,2.525111034510377,-0.7302938794806114,1.094436339226259,0.0480073332515347,-0.9198668614459532,0.0110245288537045,0.1148223321840025,1242,True,19,210,1242,380626,2621.36,2674.35,0.0202146977141635,False,2018-12-11 16:14:59.050
2018-12-12,2669.8328,0.026909,0.0202369999999999,0.0551315543460722,2.256452103402171,-0.7226010908349012,0.993517098772406,0.0412680582929824,-0.738272802017087,0.0148508925175195,0.1415052643258742,1162,True,20,221,1162,595212,2650.32,2685.44,0.0132512300401459,False,2018-12-12 16:17:14.245
2018-12-13,2650.1904,0.026775,0.020272,0.056121664707665,2.5685321112207653,-0.6936077577120798,1.0700045714723372,0.0400813812076682,-0.8566091870980941,0.0130272991301404,0.1516414512189434,1211,True,20,205,1211,438888,2637.27,2670.19,0.0124826051181714,False,2018-12-13 16:15:24.769
2018-12-14,2611.613,0.026666,0.020679,0.0588469725048281,2.032268465833196,-0.7051132584722996,0.9216079947359308,0.0442063508944462,-0.6101756028985529,0.0157208528328902,0.1408916618057688,1227,True,20,228,1227,587069,2593.93,2634.78,0.0157483046959634,False,2018-12-14 16:33:45.504
2018-12-17,2569.4571,0.026453,0.021123,0.0507046340193862,3.623282149918849,-0.6604397358609928,1.269932639332142,0.0548333421165375,-1.2452945177198798,0.0158946827123221,0.2392629746013142,1319,True,20,226,1319,558727,2530.54,2601.05,0.0278636180419991,False,2018-12-17 16:45:28.246
2018-12-18,2560.4719,0.026241,0.021139,0.0526575634688132,4.196713632730799,-0.6623788562428805,1.4055071221817297,0.0633012260733086,-1.533472841551656,0.0160667792102955,0.1437228399404999,1243,True,20,231,1243,764877,2528.96,2573.9,0.0177701505757308,False,2018-12-18 16:48:40.323
2018-12-19,2546.8985,0.026187,0.021431,0.0547922003621384,3.239299032183168,-0.6615191795031663,1.254803550878183,0.0585948305286109,-1.2195553080879735,0.0139087406476942,0.1335252398169847,1302,True,19,212,1302,827665,2489.17,2585.04,0.0385148463142333,True,2018-12-19 16:29:44.717
2018-12-20,2477.4846,0.026291,0.021775,0.0576790556303805,3.502610947919592,-0.6601371415750577,1.3548662617351408,0.0719666272586469,-1.4316080037548866,0.0110492077087576,0.1135996342693935,1414,True,20,220,1414,1075039,2441.18,2509.5,0.0279864655617365,False,2018-12-20 16:51:26.951
2018-12-21,2451.0791,0.0261819999999999,0.022232,0.0588640924773281,3.4641834134586094,-0.6875983463060201,1.469778623089132,0.0783617575311546,-1.7524171752732771,0.0159989042293936,0.1323107639978507,1485,True,20,241,1485,897642,2408.55,2504.32,0.0397625127151191,True,2018-12-21 16:43:38.956
2018-12-24,2376.271,0.025811,0.022894,0.0562353219958483,5.130952631924551,-0.6968801720907931,1.8740491775236,0.1265218971855478,-2.934978772973436,0.0128423917626302,0.1064771613725861,1378,True,20,234,1378,876141,2351.1,2410.27,0.0251669431330014,False,2018-12-24 13:23:36.934
2018-12-26,2398.8303,0.026046,0.021815,0.0498082188318483,5.995644461863862,-0.6879442677868497,1.9213727914980927,0.1287018876907446,-3.094408661120225,0.0147892658326108,0.1203852387538473,1471,True,20,224,1471,1004752,2346.64,2467.76,0.0516142228888967,True,2018-12-26 16:20:11.445
2018-12-28,2492.7036,0.025778,0.021654,0.0509318004363788,3.999930410531676,-0.6916043015135187,1.443871414659749,0.0914691262681809,-1.6773173472143417,0.0102042666388231,0.1021615174874499,1398,True,20,237,1398,535734,2473.17,2520.25,0.0190362975452555,False,2018-12-28 16:30:57.581
2018-12-31,2496.8199,0.02596,0.0214849999999999,0.04977587524825,4.171549983140862,-0.6645754915359839,1.4363552298054096,0.0749583592611987,-1.6478312430840325,0.0147945903607398,0.1082703410514042,1240,True,20,229,1240,641885,2482.85,2509.2,0.0106128038343031,False,2018-12-31 16:24:50.291
2019-01-02,2502.1508,0.025569,0.021456,0.0592956533533024,4.1433531611612535,-0.6728589563791437,1.4819904912901938,0.0584625627228533,-1.7049301507454944,0.0144462947612001,0.1618616341478689,1355,True,20,210,1355,897889,2467.51,2519.34,0.0210049807295613,False,2019-01-02 16:18:33.037
2019-01-03,2462.1104,0.025438,0.022053,0.0578951381529376,3.4478276327516086,-0.7151717831784571,1.1996617506429454,0.0609013614421794,-1.0399634017043555,0.0090352716969399,0.107421690526675,1340,True,19,202,1340,626355,2443.96,2493.02,0.0200739782975172,False,2019-01-03 16:15:53.599
2019-01-04,2521.9073,0.024109,0.021321,0.0559459464927381,4.13077389205239,-0.6831983515054816,1.3125810873830157,0.0474468395155296,-1.2606690006788546,0.0171482637311304,0.1358400983209186,1378,True,20,215,1378,590551,2478.31,2538.01,0.0240889961304278,False,2019-01-04 16:35:08.359
2019-01-07,2551.1461,0.019303,0.021173,0.0524198906818168,3.561799124931645,-0.6841426133813474,1.199100093256593,0.0442716508761449,-1.0644227921289542,0.008992040041961,0.1270878399905597,1384,True,20,231,1384,441855,2524.61,2566.16,0.0164579875703572,False,2019-01-07 16:48:12.454
2019-01-08,2567.0264,0.018987,0.020973,0.051612466547134,4.148140574393264,-0.6917626137365537,1.347719975173338,0.0426829731378152,-1.3881575982238592,0.0113119654941309,0.1392825125945164,1210,True,20,211,1210,559322,2547.56,2579.82,0.0126630972381416,False,2019-01-08 16:19:39.093
2019-01-09,2585.4291,0.018987,0.020973,0.0478918968665837,5.582530616295479,-0.6842717186738476,1.546742497778339,0.0391286449590816,-1.857696393373236,0.0095950671086546,0.1434740445353881,1203,True,20,202,1203,501785,2569.24,2595.32,0.0101508617334309,False,2019-01-09 16:37:14.515
2019-01-10,2582.8318,0.017028,0.020802,0.0498884035057655,4.463482094961852,-0.6924290611599427,1.53315056750334,0.0390686135465744,-1.9051986710473805,0.0106345583922064,0.1505528884192332,1233,True,20,231,1233,506058,2562.07,2597.82,0.0139535609877949,False,2019-01-10 16:41:23.348
2019-01-11,2588.3353,0.01518,0.0208049999999999,0.0553822399965926,3.273083711141394,-0.696251711855611,1.3044241996752286,0.0324826175542589,-1.3389810774596191,0.0096183870586502,0.1413741154018185,1098,True,20,209,1098,560013,2577.4,2596.27,0.0073213315744549,False,2019-01-11 16:15:31.123
2019-01-14,2583.7961,0.025664,0.020948,0.0463403119833013,5.052320725610096,-0.6816274306592138,1.6381292621957837,0.0344609550618586,-2.21521524233316,0.0109858033988417,0.1480184073196507,1118,True,19,209,1118,317504,2570.44,2589.32,0.0073450459843451,False,2019-01-14 16:36:58.856
2019-01-15,2604.5787,0.025584,0.0207249999999999,0.0455918795811727,4.463225444688469,-0.6832956565044687,1.5729991040991498,0.0314265734447412,-2.0673525074610017,0.0126076081322796,0.1365964840598199,1213,True,20,204,1213,587918,2585.23,2612.98,0.0107340546102281,False,2019-01-15 16:19:04.014
2019-01-18,2665.5088,0.0257859999999999,0.020264,0.0459578474263798,3.262371261831017,-0.6567599254953359,1.4370550948899714,0.028590637811095,-1.7652642243503522,0.0086172814196603,0.1187669915029871,1314,True,20,220,1314,947979,2647.58,2675.4,0.0105077089266425,False,2019-01-18 16:20:32.731
2019-01-22,2634.5011,0.0258639999999999,0.0205589999999999,0.0446184031033672,4.37918129347605,-0.6839020081706201,1.6249324682793211,0.0398685551856682,-2.249621374038248,0.0100748646507361,0.1229777407217412,1178,True,20,212,1178,535738,2617.29,2655.43,0.0145723248092493,False,2019-01-22 16:20:37.231
2019-01-23,2635.8495,0.0257839999999999,0.020514,0.0564502574475373,2.395037096500728,-0.707215581840459,1.3867849227956663,0.0403746114114254,-1.6527715007056454,0.0086074875204582,0.1255079761643223,1127,True,19,244,1127,361807,2612.93,2653.19,0.0154079902638035,False,2019-01-23 16:14:54.202
2019-01-24,2638.4495,0.025703,0.020485,0.0503338232865537,3.425043538284002,-0.6946869796339143,1.5737257470569626,0.0362471551264942,-2.131821654540515,0.0081028982451148,0.115453775623294,1010,True,20,210,1010,302128,2627.01,2647.13,0.007658897377627,False,2019-01-24 16:15:03.788
2019-01-25,2665.9212,0.025831,0.020316,0.0500463506985535,2.518246609740698,-0.6706679872786263,1.292157223489064,0.0298967701261207,-1.4176121842619138,0.0096444992948479,0.1241981934882492,1056,True,20,200,1056,326182,2657.56,2672.38,0.0055765438974098,False,2019-01-25 16:17:08.226
2019-01-28,2636.8098,0.025908,0.020477,0.0479806967627527,3.2955964942478007,-0.6916084447136818,1.4153651534565672,0.0368844213469021,-1.687008485533343,0.0109686261589496,0.1269775402658695,1149,True,20,208,1149,360347,2624.06,2643.93,0.007572235390959,False,2019-01-28 16:17:34.385
2019-01-29,2641.5355,0.025828,0.020486,0.049054076359422,3.8834777683821695,-0.683279946393243,1.6263297177035914,0.0349392290332208,-2.2639475207051696,0.0082437202248255,0.1297351641914731,960,True,20,201,960,271491,2631.3,2650.93,0.0074601907802225,False,2019-01-29 16:15:46.155
2019-01-30,2665.8392,0.025706,0.020191,0.0450308230822962,2.8923726980812785,-0.6667911770648057,1.3114218788762102,0.0311845514088009,-1.4593354978844857,0.013059018472689,0.1482594079848791,1161,True,20,236,1161,444498,2648.43,2690.43,0.0158584519885365,False,2019-01-30 16:19:22.796
2019-01-31,2697.6477,0.025442,0.02004,0.0399422658506595,4.182353411657204,-0.6379268993159912,1.4460346968229936,0.0263849174322791,-1.7569110007163171,0.0123164037707308,0.1643046523640163,1226,True,20,200,1226,536529,2678.75,2708.9,0.0112552496500233,False,2019-01-31 16:34:01.845
2019-02-01,2706.094,0.0258639999999999,0.020075,0.0438175505902993,2.903938435979688,-0.6532001536690569,1.2248801218565424,0.0233765883058338,-1.2458443742599887,0.0118436083748464,0.1481373069460536,1169,True,20,216,1169,599532,2696.93,2716.65,0.007312017738688,False,2019-02-01 16:17:08.266
2019-02-04,2713.7093,0.02395,0.019941,0.0399276450146376,4.700260667037942,-0.6262275697634822,1.6117686667704982,0.0204183952060745,-2.22245755640364,0.0111832126688398,0.1603703974117631,1098,True,20,216,1098,311930,2698.96,2724.99,0.009644455642173,False,2019-02-04 16:16:48.174
2019-02-05,2733.0508,0.024001,0.019847,0.0401833209057382,3.2366509293879373,-0.6324035962716127,1.2882226380474109,0.0206091715098702,-1.3993987992669277,0.0094946522113979,0.1306151128542242,1135,True,20,204,1135,458628,2724.05,2738.98,0.0054808098236081,False,2019-02-05 16:15:04.488
2019-02-06,2732.1744,0.024001,0.019847,0.0406078223255013,3.888845414819059,-0.6278081822918887,1.4558727559545863,0.018832217569638,-1.8037303942181768,0.0120555948548658,0.1555516258456235,1030,True,20,185,1030,580446,2724.18,2738.08,0.0051024528481966,False,2019-02-06 16:17:48.917
2019-02-07,2700.5247,0.019145,0.0200999999999999,0.045301811926209,3.65080103583312,-0.7007847820157117,1.3831984880389177,0.0239656445624236,-1.5824622535025057,0.0063853293222213,0.1225522817518847,1251,True,20,220,1251,513074,2687.35,2719.31,0.0118927568050311,False,2019-02-07 16:15:52.579
2019-02-11,2709.7234,0.018411,0.020118,0.0430694718986256,4.4377298866741945,-0.6934029342798536,1.4743617465723575,0.0211218660368849,-1.7914811944602818,0.0167085050465043,0.139173970011387,1002,True,20,184,1002,320763,2703.91,2718.274,0.0053123069924665,False,2019-02-11 16:14:56.600
2019-02-12,2740.9888,0.015777,0.019857,0.04564757129465,2.579135660075926,-0.6687911060102703,1.1688309176592977,0.0199762487346078,-1.1307031562324954,0.0130292688114929,0.1317081771893912,1163,True,20,216,1163,425356,2725.83,2748.18,0.0081993374495108,False,2019-02-12 16:37:45.102
2019-02-13,2755.3974,0.025398,0.0198069999999999,0.0447389673942055,2.853853727407864,-0.655252839461511,1.255229481160655,0.0203673218886771,-1.320244112658182,0.0084876356101643,0.1129498407808443,1160,True,20,202,1160,609198,2748.63,2761.85,0.0048096688168286,False,2019-02-13 16:21:24.291
2019-02-14,2748.3316,0.0252389999999999,0.019887,0.0453940659699843,3.242915742005171,-0.6713201182389832,1.4289465354933122,0.022300415673472,-1.747469939042973,0.0093453584185679,0.1283944521593763,963,True,20,221,963,412239,2731.24,2759.094,0.0101982982088721,False,2019-02-14 16:18:19.373
2019-02-15,2768.2711,0.025339,0.019681,0.0423672504766426,3.571696622600508,-0.6674213185995731,1.3862246910997449,0.0182891045995351,-1.618972963341994,0.0176830295978927,0.1593990807664531,1031,True,20,188,1031,405105,2749.3257,2775.63,0.0095675459622699,False,2019-02-15 16:16:03.418
2019-02-19,2779.6992,0.025338,0.019657,0.0399181202773323,4.830718900804084,-0.6661391431543383,1.7107034669160144,0.0174221850223649,-2.5408399155019112,0.0131688337913532,0.1607539329946943,1109,True,20,196,1109,356513,2767.29,2787.32,0.0072381282771232,False,2019-02-19 16:27:47.476
2019-02-20,2782.9704,0.025311,0.019641,0.0424137060007769,3.6438000040935097,-0.6710589859786105,1.4656602182733118,0.0163221500482566,-1.839065751230468,0.0126307965423577,0.1437365554390339,1004,True,20,178,1004,360883,2774.06,2789.8,0.0056739940736683,False,2019-02-20 16:15:53.915
2019-02-21,2774.1637,0.025388,0.019725,0.0424408400155577,2.952221759385715,-0.7064761728135568,1.2599588310152792,0.0182959174876573,-1.3369067130923138,0.0123218300934368,0.1349430705287599,1050,True,20,204,1050,624018,2764.57,2781.579,0.0061524938778905,False,2019-02-21 16:15:37.042
2019-02-22,2787.1012,0.025332,0.019603,0.0456775180640407,2.198332085442965,-0.6878958130489713,1.141065011300863,0.0163055143008715,-1.1012006529278755,0.010258339259432,0.1237633504348977,981,True,20,190,981,422836,2779.11,2794.19,0.0054261975956331,False,2019-02-22 16:20:17.769
2019-02-25,2805.3378,0.025383,0.019589,0.0368475293228654,4.906790070195759,-0.6651068179320199,1.7617778888263125,0.0149057700765775,-2.742255147571932,0.0100193124082144,0.1460079134322409,1108,True,20,186,1108,468685,2794.99,2813.47,0.0066118304537763,False,2019-02-25 16:16:43.389
2019-02-28,2788.7456,0.025363,0.019726,0.0390018377083324,5.073243234605653,-0.71935538686583,1.8443104577914613,0.0173890316564008,-3.00574944613698,0.0073238554544108,0.1306330748017962,886,True,20,176,886,356343,2782.51,2793.67,0.0040107672569011,False,2019-02-28 16:42:32.589
2019-03-04,2796.2495,0.024054,0.019676,0.056364177142649,2.380539600338789,-0.7354432368807172,1.615685044870972,0.0170609291389488,-2.342083852762542,0.0144369959769853,0.1813804067377284,1219,True,20,230,1219,442898,2767.66,2816.78,0.0177478447497165,False,2019-03-04 16:14:39.708
2019-03-06,2778.0857,0.021134,0.019834,0.0470468268486932,3.6912202900232782,-0.7358390508694119,1.8330617983636648,0.0198509485835212,-3.012795152930017,0.0088059529823832,0.1445413359539335,1136,True,20,210,1136,358375,2768.71,2790.048,0.0077068382026286,False,2019-03-06 16:16:47.513
2019-03-07,2751.4458,0.019118,0.020009,0.0549383931016013,2.898282553723168,-0.7586375573945553,1.6968968746847666,0.0246861848005375,-2.561005030803016,0.0084414553250601,0.1695475272508135,1267,True,20,202,1267,477211,2739.09,2774.231,0.0128294433552749,False,2019-03-07 16:15:09.976
2019-03-08,2730.2717,0.019118,0.020009,0.0412450319557016,6.796737811768794,-0.7664818088343962,1.9403966565668047,0.0256220514755626,-3.204475848333778,0.0099667439561525,0.1628505250923029,1258,True,20,206,1258,404451,2722.31,2744.13,0.0080152517531066,False,2019-03-08 16:14:56.820
2019-03-11,2774.5053,0.019118,0.020009,0.0391334050296534,5.651581249325768,-0.7241711126633378,1.8235714283860307,0.0162581127522476,-2.883081518250149,0.0062304014930948,0.1359691105969919,1119,True,20,199,1119,346546,2749.0,2783.95,0.0127137140778463,False,2019-03-11 16:15:18.378
2019-03-13,2812.2679,0.025162,0.019545,0.0362024583594329,5.143236132408856,-0.6784365814193384,1.8420854713485149,0.0127812195814037,-3.020883299920756,0.007285532002686,0.1316804255317698,1171,True,20,183,1171,777879,2797.0144,2821.24,0.0086612353515234,False,2019-03-13 16:14:52.038
2019-03-14,2808.8139,0.025134,0.01959,0.0386871162372231,3.962024481516297,-0.662350415889985,1.662158558897868,0.0135090293688192,-2.456212471615148,0.0057713162024536,0.1141079474469275,867,True,20,179,867,407572,2803.53,2815.431,0.0042450054039013,False,2019-03-14 16:15:51.357
2019-03-15,2822.944,0.025104,0.019496,0.0369495114717062,4.9003131261246775,-0.6647668246885,1.8045608519221816,0.0105131393913141,-2.894311516152717,0.0088088090123062,0.1342990767880145,1057,True,20,190,1057,503442,2812.46,2830.73,0.0064960923888695,False,2019-03-15 16:22:37.296
2019-03-18,2828.7138,0.025077,0.019416,0.0382409153009148,4.070852841921287,-0.6687865404070968,1.5754016630776215,0.0133067082113713,-2.170544122566935,0.0058845352870875,0.1233228848307328,1126,True,20,185,1126,455329,2822.02,2835.3,0.0047058490017788,False,2019-03-18 16:39:03.617
2019-03-19,2840.4328,0.024944,0.019417,0.0399185828039662,3.156412785886458,-0.6664843245805699,1.3059898632270588,0.0132580101400216,-1.453610472538019,0.006430837420147,0.1333645352504882,1193,True,20,206,1193,739295,2823.29,2852.41,0.0103142078922107,False,2019-03-19 16:16:35.695
2019-03-20,2825.0663,0.024628,0.019514,0.0417918931497444,3.133806092871472,-0.6911872406060466,1.3223533482964962,0.0154597296378899,-1.4866829989803492,0.0154008602378794,0.1857605251130763,1164,True,20,204,1164,451590,2812.47,2843.4,0.0109974506394736,False,2019-03-20 16:14:57.827
2019-03-21,2847.3876,0.0247319999999999,0.019308,0.0412408488456513,2.651703285633852,-0.6822272993619306,1.16144228283121,0.0156716271669182,-1.1302311875754865,0.006895725647618,0.1248743293432392,1122,True,20,188,1122,343959,2810.668,2860.27,0.0176477620266783,False,2019-03-21 16:15:55.082
2019-03-22,2816.7085,0.0244139999999999,0.019692,0.047290173018177,1.9344634365090567,-0.7379064780378221,0.9936499695595556,0.0231549990644067,-0.8043780407860046,0.0071603081826988,0.1284508352714353,1272,True,20,232,1272,473623,2800.48,2846.13,0.0163007770096554,False,2019-03-22 16:14:51.429
2019-03-25,2796.9224,0.024098,0.019713,0.0511414158380941,1.806251302079834,-0.7594139198213141,1.025213069920692,0.0270603661854277,-0.8663133408406821,0.0113072381965084,0.1300155374601348,1241,True,20,212,1241,333117,2785.06,2809.78,0.0088759308596584,False,2019-03-25 16:22:24.531
2019-03-26,2817.684,0.0242019999999999,0.019573,0.0468176082483034,2.261774715838444,-0.7370780370850589,1.040901980290597,0.0205527452614335,-0.8716951673888022,0.014415700847628,0.1560810208392739,1135,True,20,213,1135,374002,2804.0,2829.87,0.0092261055634808,False,2019-03-26 16:21:03.514
2019-03-27,2806.6813,0.023878,0.019665,0.0493883663356153,1.9878691526476204,-0.7483834692251634,1.010115696363455,0.0213727355425993,-0.8239785001633679,0.0115284795036489,0.1659401711682549,1190,True,20,238,1190,376523,2787.72,2825.56,0.0135738165956409,False,2019-03-27 16:16:45.868
2019-03-28,2811.034,0.0239299999999999,0.0195779999999999,0.0424191170024728,3.5125841109796325,-0.7243232652774808,1.2227648974180223,0.0180657506454803,-1.1971525615883627,0.0176948564012351,0.1828168513877646,1094,True,20,205,1094,338264,2798.79,2819.65,0.0074532208561557,False,2019-03-28 16:17:46.705
2019-03-29,2828.8745,0.023874,0.019442,0.0453070327128026,2.753960479492048,-0.7245556178647494,1.11925481574567,0.0144758082746054,-1.0031837875016494,0.0143446987878316,0.1734497413786059,1145,True,20,192,1145,435686,2819.23,2836.03,0.0059590739315344,False,2019-03-29 16:31:09.076
2019-04-01,2860.958,0.025622,0.019218,0.0384665869224713,3.735969716335712,-0.695371598743415,1.2925217756891836,0.0136040840487362,-1.383192532964424,0.0109508010584609,0.1737990744825137,1240,True,20,178,1240,542944,2851.081,2869.38,0.0064182673168526,False,2019-04-01 16:18:10.251
2019-04-02,2865.7977,0.025568,0.019222,0.0365276865003666,5.061061754433436,-0.6893804093041245,1.5932678178709276,0.0118168401277929,-2.168764585213307,0.012536601699584,0.1773080359408266,1012,True,20,184,1012,441056,2858.76,2872.59,0.004837761826806,False,2019-04-02 16:19:35.607
2019-04-03,2878.7607,0.025279,0.019184,0.0378156119135147,3.769418042891564,-0.6983705371167126,1.2990454971344187,0.0135829348782595,-1.4024335039256337,0.0099144572758783,0.1571978066804985,1174,True,20,198,1174,542072,2865.2,2885.25,0.0069977662990368,False,2019-04-03 16:18:44.523
2019-04-04,2875.9841,0.024001,0.0191339999999999,0.041630080187845,2.971871825129081,-0.7129842576546073,1.222597090905455,0.0140370614753891,-1.24730512191424,0.0123664622365412,0.144886116998832,974,True,20,193,974,281824,2867.14,2881.28,0.0049317438283447,False,2019-04-04 16:15:22.871
2019-04-05,2889.6642,0.024001,0.0191339999999999,0.0423379855949054,3.006636279760709,-0.7171605208250188,1.2226712759467042,0.0120042307302327,-1.2403352020218836,0.0055334362985268,0.1163861685113669,931,True,20,168,931,384628,2881.795,2893.23,0.0039680129919026,False,2019-04-05 16:14:43.896
2019-04-08,2888.9059,0.024001,0.0191339999999999,0.0377697189570727,4.792013580567791,-0.7113105260735824,1.68337717210635,0.0123227611663056,-2.471772691215729,0.0122547693571347,0.1387644231570914,1018,True,20,194,1018,361618,2880.79,2895.77,0.0051999625102836,False,2019-04-08 16:14:59.825
2019-04-09,2881.082,0.016846,0.019155,0.0423088195732037,3.980447288334885,-0.7289580701472628,1.545828313903986,0.0146020974315912,-2.052769123781624,0.0135279106242093,0.1359083444651274,1062,True,20,203,1062,484505,2873.33,2891.511,0.006327501540025,False,2019-04-09 16:16:47.498
2019-04-12,2904.0157,0.0155299999999999,0.018985,0.0384382339960268,4.989316061934031,-0.6742529009578255,1.8346356463143103,0.0090426340360443,-2.982326958189617,0.0051384851439853,0.1051053588774503,1012,True,20,186,1012,394518,2898.44,2910.54,0.0041746594719918,False,2019-04-12 16:14:57.322
2019-05-03,2939.9736,0.02533,0.0187939999999999,0.044373495091645,3.273968796407753,-0.6914881185457463,1.642633334820757,0.0134688384048933,-2.407689396029163,0.0038837632480536,0.0857941455101957,1057,True,20,212,1057,289441,2922.379,2947.76,0.0086850473535431,False,2019-05-03 16:15:02.592
2019-05-07,2887.0063,0.019664,0.0192,0.0513178498009996,3.160656218987896,-0.802814258626775,1.6254095895100815,0.0379590245074506,-2.317560171434099,0.0103114669314234,0.1577750550956984,1367,True,20,201,1367,634798,2862.63,2914.3565,0.018069572386232,False,2019-05-07 16:28:52.679
2019-05-08,2888.376,0.017784,0.019234,0.04687027831939,4.166152101777777,-0.805173467953558,1.7617252832524697,0.0372840012717748,-2.713138556588521,0.007707049766394,0.1530464878393923,1197,True,20,215,1197,461052,2871.7395,2897.96,0.0091305287265783,False,2019-05-08 16:48:47.225
2019-05-09,2854.7325,0.017444,0.019322,0.0447849368784672,4.722275542052849,-0.7994908280508863,1.6724556293351514,0.0428463305155019,-2.374134207947704,0.0151994746267609,0.2179113150432664,1323,True,20,200,1323,665510,2836.46,2875.95,0.0139222834096019,False,2019-05-09 16:17:25.849
2019-05-10,2856.634,0.017444,0.019322,0.0497619891962698,2.878353031801398,-0.7536818443046268,1.4322220645079036,0.0272452752976171,-1.7647948971201777,0.0132748287830202,0.2085436605031663,1250,True,20,232,1250,536361,2825.47,2891.3,0.0232987786102845,False,2019-05-10 16:20:04.106
2019-05-13,2816.2269,0.023173,0.019747,0.0469961415573927,2.933955348584316,-0.8061189322007892,1.2321937721280525,0.0388998572282877,-1.2425323303008824,0.0074504501962001,0.1281678643106009,1340,True,20,223,1340,688152,2801.43,2849.9304,0.0173127295702553,False,2019-05-13 16:14:59.980
2019-05-14,2840.3434,0.023172,0.0196,0.049090413236555,2.829454540625211,-0.8004584183076967,1.250458629274359,0.029850194338714,-1.2858485982600312,0.0168181171227426,0.1645268644808867,1231,True,20,198,1231,483560,2820.23,2852.52,0.0114494207919211,False,2019-05-14 16:31:03.995
2019-05-15,2842.1559,0.0230399999999999,0.0195049999999999,0.0418026741920911,4.126495307758837,-0.767099640130388,1.411268214774085,0.0267161453242378,-1.6466808962207613,0.0186718023142162,0.2026346334603672,1172,True,19,205,1172,320558,2815.14,2858.68,0.0154663711218625,False,2019-05-15 16:33:44.544
2019-05-16,2881.5903,0.023249,0.019354,0.042232436250624,3.490834078327364,-0.7262527004250664,1.377248123825451,0.0201977343394432,-1.6019595392317925,0.0072142571346418,0.167873455638144,1219,True,20,194,1219,485537,2857.18,2892.15,0.0122393408885685,False,2019-05-16 16:25:38.818
2019-05-17,2867.3379,0.023246,0.019479,0.0494444242361818,2.465440382845321,-0.7340377319577733,1.271600743245419,0.0208017332335986,-1.373163889785465,0.007077440327837,0.1463566174905345,1122,True,20,200,1122,491063,2851.939,2885.48,0.0117607704793125,False,2019-05-17 16:30:09.017
2019-05-20,2843.2125,0.02335,0.019612,0.0450213665413059,2.512815109970826,-0.737530180636309,1.1931601959149696,0.0260021543100851,-1.1973705128827916,0.0098372975084694,0.1347896314017459,1157,True,20,214,1157,296770,2831.29,2853.76,0.0079363117165673,False,2019-05-20 16:23:24.497
2019-05-21,2863.4655,0.023611,0.019449,0.0431136582484609,3.2588697130190325,-0.7080443938928273,1.3557579623652272,0.0192258505375333,-1.5570760623499873,0.0118417324229131,0.1684258294462057,1100,True,20,205,1100,306897,2855.39,2868.88,0.0047243984184297,False,2019-05-21 16:16:24.417
2019-05-22,2857.3009,0.023562,0.0195049999999999,0.0400017521062698,4.321798665383488,-0.705905120541473,1.4681659627026638,0.0179192693971437,-1.8097522563068835,0.0098219954375742,0.1649307893221256,1065,True,19,190,1065,494128,2849.711,2865.47,0.0055300344491073,False,2019-05-22 16:17:52.258
2019-05-23,2815.6548,0.023114,0.019748,0.0460719659053889,2.9336088071506814,-0.7502971821153406,1.2429945656706098,0.026907217582012,-1.2747212404010784,0.0121868447536479,0.1564530473187206,1306,True,20,215,1306,609107,2805.51,2835.118,0.0105535178987064,False,2019-05-23 16:15:41.478
2019-05-24,2829.5652,0.023215,0.019733,0.0457791250029022,2.965292714241747,-0.726595472366936,1.222315574618387,0.0219635571579058,-1.222558352283741,0.0101382392396076,0.1669492264233261,1062,True,20,212,1062,298219,2820.52,2841.21,0.0073355267822954,False,2019-05-24 16:14:58.140
2019-05-28,2825.6129,0.023056,0.019901,0.0452041595312565,2.755373830417528,-0.712055281326511,1.1682128800452023,0.0239182616448934,-1.1156126167066198,0.0092527402805104,0.1608903773376417,1228,True,20,241,1228,384554,2801.58,2840.5,0.0138921608520905,False,2019-05-28 16:15:25.029
2019-05-29,2779.5164,0.0230019999999999,0.020042,0.0430892669147435,2.7501115667801144,-0.7194255990304204,1.0505657806588014,0.0309656706631207,-0.8666878767986129,0.0123114714227849,0.144638666989994,1390,True,20,195,1390,849481,2766.09,2792.01,0.0093706278537575,False,2019-05-29 16:15:58.819
2019-05-30,2788.0028,0.0229219999999999,0.0200289999999999,0.0424770810791213,3.1564448170280834,-0.7161587440524994,1.068798792011049,0.0273705961555186,-0.8741777329749296,0.0098913456198097,0.1446936040317615,1302,True,20,206,1302,510975,2776.84,2799.0,0.0079802941473041,False,2019-05-30 16:47:26.939
2019-05-31,2757.294,0.022,0.020303,0.0515232536037155,2.187585146568381,-0.7440857949408025,0.9600849562419016,0.0310403404022765,-0.6963401146292858,0.0160999092042151,0.1647470963790809,1371,True,20,196,1371,891384,2750.52,2768.89,0.0066787371115279,False,2019-05-31 16:30:40.070
2019-06-03,2745.3425,0.0253019999999999,0.02036,0.0437541338020207,2.4928716102502464,-0.7132381584301125,0.9897024869292852,0.0341199985526124,-0.7613641366617158,0.0130906219605161,0.138709318495381,1431,True,20,209,1431,503694,2728.81,2762.99,0.0125256063998591,False,2019-06-03 16:14:59.011
2019-06-04,2785.1392,0.0253019999999999,0.02036,0.0406800445463522,2.800097485126462,-0.6903134424860754,1.0385757103179123,0.0287065243130005,-0.8508233252042092,0.0144284052449875,0.1613438342514904,1370,True,20,228,1370,432687,2760.7634,2804.49,0.0158385901522746,False,2019-06-04 16:18:52.906
2019-06-05,2815.9899,0.023812,0.019791,0.0382315904423864,3.5286475891694336,-0.6261900945817193,1.2199095930918933,0.024476453647299,-1.2183677964283486,0.0133498271036471,0.1991359382886489,1303,True,20,192,1303,452950,2800.92,2827.18,0.0093754909101293,False,2019-06-05 16:35:56.282
2019-06-06,2835.2097,0.020346,0.019697,0.0399037411313791,2.499806019985997,-0.6386000139319715,1.079684151590113,0.0238798050750758,-0.9662146425944932,0.0158489388377168,0.1973466338819596,1205,True,20,206,1205,416670,2822.45,2852.08,0.0104979716204007,False,2019-06-06 16:30:48.882
2019-06-07,2875.4215,0.020346,0.019697,0.0432058183490794,2.0803347000732937,-0.6598162841926059,1.0398359510167177,0.0240689902572448,-0.9014936787135348,0.0096058124071108,0.1473608466219901,1262,True,20,205,1262,473738,2846.323,2884.97,0.013577868709911,False,2019-06-07 16:15:37.233
2019-06-10,2894.5869,0.020346,0.019697,0.0357756991136019,3.0447169707030155,-0.6204357898981111,1.226684586995218,0.0260183050745766,-1.286901319511731,0.0087604748810707,0.1468387980836866,1310,True,20,192,1310,359419,2884.8677,2904.77,0.006898860561266,False,2019-06-10 16:14:50.327
2019-06-11,2889.9072,0.015712,0.019414,0.0392689820329369,3.017019677259609,-0.6555147552427109,1.21085224338527,0.0259541948416061,-1.2292125723124916,0.0128526923633514,0.1615397053537681,1217,True,20,228,1217,403187,2878.71,2910.49,0.0110396670730985,False,2019-06-11 16:15:05.296
2019-06-12,2879.8562,0.0154499999999999,0.019445,0.0392956310175584,3.759287928193945,-0.6841478939931593,1.3290284408172237,0.0251993550369116,-1.4708694138709189,0.009264017244651,0.1507005424476526,1076,True,20,196,1076,352481,2874.68,2888.57,0.0048318421528659,False,2019-06-12 16:20:03.936
2019-06-13,2888.2039,0.019975,0.019393,0.0369666066275667,4.123144191172896,-0.6878616112986882,1.3160851373499942,0.0242894038790283,-1.4272427899859026,0.0141123898904782,0.168899673245811,1115,True,20,198,1115,295619,2882.01,2895.22,0.0045836065801296,False,2019-06-13 16:14:49.191
2019-06-14,2884.9911,0.0200769999999999,0.019442,0.0422361794612116,2.6932249738612657,-0.7056728947460574,1.097527532586058,0.0238743956918906,-0.977063618133598,0.0084480188706257,0.1198332594905366,1109,True,20,195,1109,266177,2879.68,2894.44,0.0051255695077232,False,2019-06-14 16:22:04.956
2019-06-17,2892.8599,0.020442,0.019427,0.0394588546206828,3.689445521292935,-0.6826508101872083,1.3271537552888966,0.0226150036547519,-1.4701745012661656,0.0081841689229997,0.1491060886480985,1013,True,19,173,1013,334581,2887.42,2897.21,0.0033905701283498,False,2019-06-17 16:14:55.023
2019-06-18,2921.2024,0.020729,0.019243,0.0425899709795102,2.514076404333159,-0.6866297492394259,1.122737502531689,0.0225959839089211,-1.046390617389453,0.006406400854175,0.1247270098618082,1201,True,20,201,1201,513399,2904.952,2930.79,0.0088944671030708,False,2019-06-18 16:16:04.330
2019-06-19,2921.2793,0.019338,0.019186,0.0426863636737646,2.712600649959466,-0.694503359531105,1.1419531099952691,0.0222072087805795,-1.0724747897361468,0.0059050346435533,0.1131864174009808,1145,True,20,201,1145,583293,2911.43,2931.74,0.0069759533974713,False,2019-06-19 16:16:48.242
2019-06-20,2948.8595,0.019259,0.019006,0.0397399215376272,2.73619605117715,-0.6454847247791082,1.2120891192044938,0.0211534463207023,-1.2516876001232349,0.0083051949287242,0.1436402189778894,1279,True,20,213,1279,866004,2931.5,2958.927,0.0093559611120586,False,2019-06-20 16:22:05.661
2019-06-21,2953.9412,0.0192829999999999,0.019045,0.0410530081042739,2.657876582915536,-0.6617281413841498,1.185226310571788,0.0213488572459994,-1.1865337494744297,0.009524630661029,0.1165876156762316,1160,True,20,197,1160,517922,2945.898,2964.15,0.0061957338645126,False,2019-06-21 16:14:47.783
2019-06-24,2950.7886,0.019177,0.0190779999999999,0.0376315309409229,2.918197375452757,-0.6375573886564714,1.223401075162364,0.0238197775673693,-1.2770777210562874,0.0136359748611915,0.1541045477257561,1168,True,20,176,1168,300832,2944.07,2954.92,0.0036853743287352,False,2019-06-24 16:21:43.187
2019-06-25,2930.4092,0.019307,0.019261,0.0440253566290306,2.0981976014572035,-0.6989763629383617,1.006803118793983,0.0249686983062277,-0.8289047246486307,0.0131011187295252,0.1247008641448663,1266,True,20,213,1266,585286,2916.05,2947.686,0.0108489223435812,False,2019-06-25 16:43:17.981
2019-06-26,2921.4393,0.01962,0.019285,0.0415994795057085,3.2016533291761986,-0.6909841479575238,1.2666858543843345,0.0246661257107724,-1.3381188295944737,0.0108195964269157,0.1392033291054206,1128,True,20,200,1128,353229,2913.01,2932.59,0.0067215697852049,False,2019-06-26 16:14:58.412
2019-06-27,2925.2412,0.019384,0.019229,0.0371983124576056,4.542063726378547,-0.692498858262914,1.4964355752490424,0.0246664499713846,-1.901405219478561,0.0110887759554381,0.153406608099279,1045,True,20,182,1045,395931,2915.853,2929.3,0.004611686528779,False,2019-06-27 16:14:46.079
2019-06-28,2935.096,0.019251,0.019082,0.0354634940391246,5.314320120766998,-0.6870300748326305,1.663541910625794,0.0236718510166594,-2.3904429685588764,0.0100434923174872,0.1544348299476131,1091,True,20,183,1091,474020,2929.05,2943.98,0.0050972158208291,False,2019-06-28 16:26:33.476
2019-07-05,2980.1417,0.023679,0.018815,0.0341079483241128,5.83560073494434,-0.6903707322367545,1.9421986670780933,0.0140308153437768,-3.37405492578465,0.0061620901103888,0.1288135353016994,1153,True,20,201,1153,281025,2968.07,2994.03,0.0087464244441675,False,2019-07-05 16:14:54.829
2019-07-08,2975.3235,0.017679,0.01891,0.0355196180807689,6.023887874472454,-0.70900318474843,1.8431956055973349,0.0153393737216927,-2.9694376471680526,0.0068740672492788,0.1398554681678012,1098,True,20,173,1098,415977,2970.09,2981.8352,0.0039544929614927,False,2019-07-08 16:15:39.691
2019-07-12,3007.0054,0.015789,0.018768,0.0371500810641234,6.032169640947936,-0.718157024576257,1.9743667110410807,0.0088257767876182,-3.4499327273596534,0.005470776785815,0.1311837456316895,1107,True,20,191,1107,390890,3001.87,3013.92,0.0040141645041258,False,2019-07-12 16:17:05.011
2019-07-25,3006.0557,0.019855,0.018782,0.0336777729069283,7.273242305375995,-0.709148537265261,1.99486856902898,0.0108704472379691,-3.4896074023846944,0.0059880432564249,0.1344297804938242,1120,True,20,174,1120,323843,2997.35,3025.235,0.0093032178424274,False,2019-07-25 16:16:46.700
2019-07-26,3021.5912,0.019852,0.018645,0.0343775677288742,6.354085383896042,-0.7263342344104748,1.770613775462824,0.0081811922375087,-2.698197140578844,0.0072477810487737,0.1369062695282711,1028,True,20,176,1028,326872,3012.61,3027.98,0.0051018883957762,False,2019-07-26 16:14:47.428
2019-07-29,3020.0871,0.019826,0.018674,0.0341515234329017,7.120826425865654,-0.7388088201072716,1.9356020234543017,0.0100008253798826,-3.260181052111235,0.0085636797274354,0.1434588870167823,1042,True,20,177,1042,303184,3014.3,3025.56,0.0037355273197756,False,2019-07-29 16:15:37.325
2019-07-30,3011.0586,0.019772,0.018702,0.0363150527161981,6.277426397356612,-0.7484682874140822,1.823765372639851,0.0138547562047752,-2.870189993356057,0.0070163164052357,0.120302049701369,1025,True,20,196,1025,401491,3001.04,3017.14,0.0053648068669527,False,2019-07-30 16:17:52.980
2019-07-31,3000.9597,0.01985,0.01891,0.0374221464785917,6.679496452287529,-0.7476604764353757,1.9371800817257203,0.0153692474291282,-3.252744479753393,0.0075517805652212,0.1507934646526393,1169,True,20,219,1169,419760,2958.11,3017.696,0.0201432671536891,False,2019-07-31 16:16:43.237
2019-08-02,2927.3111,0.025245,0.019213,0.0444943803860986,4.881110405431594,-0.809767964215603,1.5769721562263042,0.0329810963241341,-2.0524772153414035,0.0068672454392196,0.1359013815271381,1369,True,20,209,1369,539689,2914.17,2959.462,0.0155419896574324,False,2019-08-02 16:18:17.469
2019-08-05,2857.3681,0.023783,0.019806,0.0529432381274711,3.208966831123602,-0.8291442831917156,1.446276352054568,0.050879906545317,-1.7519290963456022,0.0100484189460027,0.1532540230867988,1534,True,20,172,1534,909475,2822.13,2895.221,0.0258992321402629,False,2019-08-05 16:15:51.716
2019-08-06,2865.8662,0.023783,0.019806,0.0476124560680757,3.925685520881621,-0.8003739393850003,1.5515035517542912,0.0464331516094892,-2.033340212306066,0.0088997142803305,0.1333329641377995,1459,True,20,230,1459,776450,2847.42,2884.4,0.0129871954260347,False,2019-08-06 16:26:25.336
2019-08-07,2861.7149,0.019951,0.019541,0.0489738549291432,3.738566892483635,-0.7941341288430485,1.4789066955095227,0.044087218997691,-1.820980948752113,0.0121928601400219,0.1690820392531168,1459,True,20,236,1459,508692,2825.77,2892.16,0.0234944811502704,False,2019-08-07 16:16:57.350
2019-08-08,2920.1407,0.017756,0.019209,0.0429970531491765,4.999088336874201,-0.7902239629365201,1.5683555632692685,0.031394471068672,-2.0298470390016474,0.0092918067045933,0.1426218942624945,1312,True,20,202,1312,446458,2886.1426,2938.7,0.0182102575250437,False,2019-08-08 16:15:00.611
2019-08-09,2916.2766,0.017756,0.019209,0.055043770394531,2.9592556939912664,-0.796656849051317,1.435589815890284,0.03131249241106,-1.735140937570372,0.0082537265523311,0.1614456081363482,1282,True,20,240,1282,367542,2900.15,2935.63,0.0122338499732772,False,2019-08-09 16:28:23.025
2019-08-12,2891.3873,0.017756,0.019209,0.0466885852514504,4.969709536104536,-0.807537165373196,1.571889250410624,0.0407701731549403,-2.006778400853748,0.0080282871708638,0.1215393465927476,1336,True,20,227,1336,293544,2873.14,2907.58,0.0119868854284859,False,2019-08-12 16:19:31.945
2019-08-13,2926.0524,0.018535,0.019315,0.0461586936791464,4.345083620248292,-0.7921517744524704,1.4865421776599983,0.0320071571187682,-1.808680878287496,0.0095566730726384,0.1543761809500022,1278,True,20,225,1278,506880,2871.031,2943.31,0.0251752767559807,False,2019-08-13 16:14:58.006
2019-08-14,2858.5096,0.0177699999999999,0.019922,0.0573693205524823,2.466242693501615,-0.8081459137543422,1.222017707146784,0.0453418504944156,-1.21035394129286,0.0091362997648807,0.139039532990039,1419,True,20,194,1419,676277,2839.82,2905.8943,0.0232670732652069,False,2019-08-14 16:23:32.184
2019-08-15,2845.587,0.017013,0.01995,0.0512255813876371,3.739673866913895,-0.7873972738535486,1.372773372130418,0.0476288802748749,-1.5013727951646842,0.0110153545926389,0.1453367754750816,1303,True,20,215,1303,494718,2825.52,2865.64,0.0141991562615022,False,2019-08-15 16:15:30.043
2019-08-16,2884.8803,0.017038,0.019676,0.0487121954042389,4.354711420474326,-0.765303279670758,1.4622023408635358,0.0334512920278497,-1.7137805783403712,0.0111223314656493,0.1557831168135371,1239,True,20,217,1239,684820,2865.13,2893.63,0.0099471926230223,False,2019-08-16 16:16:40.488
2019-08-19,2924.0676,0.017428,0.019446,0.0504446859770028,3.623243437804865,-0.7530820090961978,1.3144975633565483,0.0248726510485381,-1.3623570891936971,0.0076814990844862,0.1247030172188402,1259,True,20,201,1259,478625,2914.88,2931.0,0.0055302448128224,False,2019-08-19 16:16:50.079
2019-08-20,2911.7282,0.017193,0.0196,0.0471014887706958,3.679241415518212,-0.7506888198714857,1.3154836856439869,0.0267863836913277,-1.3839018307600672,0.0102135936706128,0.137858303695436,1156,True,20,200,1156,388491,2899.6,2926.218,0.0091798868809491,False,2019-08-20 16:18:48.976
2019-08-21,2924.1674,0.017714,0.019442,0.0478380137353141,3.272307876200134,-0.743249124129201,1.1989548828107888,0.0219250488860282,-1.1244113927601551,0.0083076158641635,0.1375410378552491,1149,True,20,192,1149,534267,2916.6812,2928.73,0.0041309965586915,False,2019-08-21 16:14:58.065
2019-08-22,2923.6433,0.017869,0.019449,0.0553236820058938,1.974982418587324,-0.7655720506085707,1.0463318009048568,0.0251343633498914,-0.8762836389984885,0.0088126605819079,0.1409115356632886,1300,True,20,229,1300,381940,2904.52,2939.04,0.011884924187129,False,2019-08-22 16:26:16.142
2019-08-23,2871.4062,0.017216,0.019968,0.0464684699524616,3.3800705185641573,-0.9445769381394682,0.7929696321704539,0.035132345062158,-0.3146674268863448,0.0146938828308359,0.3037149747564894,1442,True,20,236,1442,561766,2835.09,2932.589,0.0343900899089621,True,2019-08-23 16:17:13.862
2019-08-26,2868.4085,0.01745,0.019759,0.0557506900380129,2.902789480439382,-0.7769844246032934,1.2333764123516238,0.0379230123604323,-1.1975523414062017,0.0098747107945066,0.1380085031768246,1337,True,20,231,1337,546344,2856.0,2879.27,0.0081477591036414,False,2019-08-26 16:20:48.834
2019-08-27,2879.0119,0.017475,0.019825,0.0536818475770822,3.205800747645271,-0.7611356714037476,1.2957716075963297,0.0359067150954827,-1.3348374448575964,0.0124413514401571,0.1548044200891755,1343,True,20,229,1343,460306,2860.64,2898.79,0.0133361765199395,False,2019-08-27 16:14:55.480
2019-08-28,2879.5181,0.017344,0.019699,0.0533115993312196,3.723747616077498,-0.7584994356708505,1.358909557894948,0.0368074008505229,-1.449597304700427,0.0104686468940911,0.1305218131935825,1283,True,20,253,1283,587915,2853.27,2890.03,0.0128834635348216,False,2019-08-28 16:16:20.080
2019-08-29,2922.9101,0.017526,0.019483,0.0504689771250951,3.854551920408858,-0.7545407606879965,1.350047557186336,0.0297442409694658,-1.4335578212675808,0.0067738529151914,0.1014462123988066,1200,True,20,211,1200,558547,2905.87,2930.5,0.0084759469625275,False,2019-08-29 16:14:52.634
2019-08-30,2928.0272,0.0176279999999999,0.019486,0.0508738673133843,5.366361486538747,-0.7732190635410472,1.6222807045012155,0.028436466730108,-2.085779559753304,0.0075120463269578,0.1196588435918899,1173,True,19,225,1173,606034,2913.32,2945.2793,0.0109700616478793,False,2019-08-30 16:34:57.705
2019-09-03,2902.8427,0.0176279999999999,0.019486,0.0546365983304628,4.786154783790933,-0.7901120595439556,1.574833532904065,0.036096659968251,-1.9571022234202813,0.0077423880917158,0.1272897267119906,1182,True,18,225,1182,460222,2891.85,2914.35,0.0077804865397583,False,2019-09-03 16:14:52.087
2019-09-04,2931.7901,0.024179,0.019434,0.0480693071244694,6.756272454611169,-0.784719155034776,1.8166019651909733,0.0265442462684196,-2.650504028661113,0.0078020077671169,0.1432213954465383,1124,True,19,203,1124,490306,2921.88,2938.82,0.0057976371377332,False,2019-09-04 16:19:50.597
2019-09-06,2980.884,0.0235979999999999,0.019204,0.0481759766788268,4.57027862752556,-0.7455266751352541,1.5353008817775933,0.0185386229893961,-1.9167935244362315,0.006960482689238,0.1291135528019368,1069,True,19,195,1069,434642,2972.51,2989.692,0.0057803001503777,False,2019-09-06 16:14:59.290
2019-09-09,2979.9318,0.017598,0.019193,0.0506537685812175,3.9547724296534974,-0.7569507351769247,1.4984638015367375,0.020038510495629,-1.844745509629836,0.0092588427148753,0.1276483204835045,1165,True,19,209,1165,438320,2969.39,2991.339,0.0073917538619043,False,2019-09-09 16:20:04.730
2019-09-10,2963.512,0.015842,0.019197,0.0535797850935657,3.58741706807132,-0.7593264719371358,1.4863738173269476,0.0209140094779527,-1.82488105373858,0.0071459781492026,0.1225286466404329,1187,True,20,210,1187,311595,2957.01,2979.39,0.0075684559741089,False,2019-09-10 16:14:59.660
2019-09-11,2990.5726,0.015842,0.019197,0.0468434586653929,4.531760096371071,-0.753013113121921,1.5610175927418946,0.0178998870914455,-2.012209291338029,0.0075695198281817,0.1209662740942953,1207,True,20,218,1207,447011,2975.42,3000.93,0.0085735795282682,False,2019-09-11 16:15:03.591
2019-09-12,3012.7517,0.015449,0.01902,0.0432410332771167,5.475356963693256,-0.7190296677893214,1.7740227735010905,0.0159783353529795,-2.6736366155581948,0.0069763691231933,0.1178342588175674,1194,True,20,202,1194,582781,3000.97,3020.52,0.0065145602921723,False,2019-09-12 16:14:39.362
2019-09-13,3010.8561,0.0186549999999999,0.0190159999999999,0.0455673645371776,4.645808006236663,-0.7211813657215687,1.6051561178401914,0.014658413388443,-2.153131708659945,0.0061960307740168,0.1212808142146817,1091,True,20,211,1091,474900,3002.93,3023.1104,0.0067202365689511,False,2019-09-13 16:16:36.993
2019-09-16,2997.1968,0.018576,0.0190779999999999,0.0453891112425892,5.377080998879752,-0.72671916456597,1.8029857231313948,0.0180635690982227,-2.7626356625785067,0.0063245585230937,0.1016939816926303,1130,True,20,193,1130,412324,2990.67,3002.1,0.0038218860656642,False,2019-09-16 16:21:11.403
2019-09-17,2998.6327,0.018367,0.019029,0.0450538478326474,5.217467463839902,-0.7200154574945412,1.742102600599641,0.0179716268223939,-2.564787500640768,0.0075138570127092,0.1184095606156637,1019,True,20,184,1019,453649,2991.572,3006.21,0.0048930796250266,False,2019-09-17 16:15:00.140
2019-09-18,2997.5696,0.018549,0.019023,0.0483274068000197,4.321449566422405,-0.7259005052620962,1.5598144427180385,0.0189583947718431,-2.0153321933872554,0.0068412089952597,0.1169212510134969,1190,True,20,232,1190,536934,2978.58,3007.78,0.0098033291031298,False,2019-09-18 16:25:10.002
2019-09-19,3015.9708,0.018757,0.019026,0.0475843359829432,3.733783329288336,-0.6988294130986565,1.4879122475347093,0.0155935752902998,-1.858543655507053,0.007352837854644,0.1201384153149673,1168,True,20,201,1168,632110,2997.5354,3021.93,0.0081382191516401,False,2019-09-19 16:14:33.659
2019-09-20,3004.1201,0.018181,0.0191339999999999,0.0539940696267647,3.24581206171684,-0.7564269778934615,1.253556881020957,0.0158779263857742,-1.220895649043526,0.0087893612104313,0.1611490106618878,1202,True,20,210,1202,485504,2984.68,3016.31,0.01059745098302,False,2019-09-20 16:15:25.939
2019-09-23,2992.3151,0.018023,0.019103,0.0468844705975351,5.773031289891895,-0.7575950417200302,1.7451697167921774,0.0173829179726502,-2.5042863088693146,0.0121577935525801,0.1382333713075058,1201,True,20,213,1201,450576,2982.57,2999.14,0.005555611435775,False,2019-09-23 16:21:24.964
2019-09-24,2979.1227,0.017814,0.019269,0.0520265240002636,3.464485012290317,-0.7754383699392193,1.347956773164813,0.0220024045216033,-1.4564972370399434,0.009826640524719,0.1729088355192186,1333,True,20,214,1333,609194,2957.76,3007.96,0.0169723033647084,False,2019-09-24 16:14:30.845
2019-09-25,2974.0245,0.0180479999999999,0.019151,0.052354389595893,4.491045674772919,-0.7804251324818613,1.610958157791966,0.0236962984254865,-2.124934276256461,0.008727497444572,0.1508100847813807,1194,True,20,218,1194,504885,2952.86,2989.81,0.0125132921980724,False,2019-09-25 16:15:41.114
2019-09-26,2974.3108,0.017709,0.019202,0.0551509745666289,3.910719430549083,-0.771058068861782,1.5701538210689512,0.022456056521536,-2.03402304611456,0.0072757388441222,0.1236151117450224,1130,True,19,213,1130,376582,2963.71,2991.842,0.0094921567899692,False,2019-09-26 16:16:44.485
2019-09-27,2965.872,0.0175239999999999,0.019316,0.0562059987254247,3.360717915589994,-0.7850720650908577,1.4190722086721657,0.024403403433406,-1.6359809196653718,0.0108053560112328,0.166363794298781,1242,True,20,226,1242,588196,2945.54,2989.426,0.0148991356423608,False,2019-09-27 16:18:14.742
2019-09-30,2977.6238,0.017446,0.019223,0.0489776570570199,5.858415701707006,-0.7600729768559924,1.8212860869289649,0.0210138065791204,-2.743220060169687,0.0077864455996535,0.1459358789890019,1128,True,20,210,1128,508809,2965.305,2983.85,0.0062539941085317,False,2019-09-30 16:14:58.614
2019-10-01,2955.7118,0.025854,0.019466,0.0538579124248181,4.265108525411327,-0.7850815940971465,1.5727662080247986,0.0252493763842541,-2.014173862216808,0.0092350118442429,0.1631911977133519,1366,True,20,198,1366,433201,2938.71,2992.5,0.0183039496922119,False,2019-10-01 16:14:49.204
2019-10-02,2892.2823,0.025854,0.019466,0.0638039723119486,2.15332278519738,-0.8011941489911056,1.1827946052345284,0.0384214831845217,-1.1242219834410605,0.0083025169981314,0.1398929145253412,1477,True,20,222,1477,974213,2874.93,2926.973,0.0181023537964402,False,2019-10-02 16:15:29.279
2019-10-03,2890.9537,0.025854,0.019466,0.0535235515793655,3.200687113634445,-0.7768431763312746,1.289174989686294,0.0375953206508224,-1.3193478704006083,0.0104946761484634,0.1600297745823741,1453,True,20,226,1453,734643,2855.94,2911.13,0.0193246356716176,False,2019-10-03 16:17:03.913
2019-10-04,2936.2028,0.0240459999999999,0.019438,0.0625579756104349,2.257035378481685,-0.800072646918198,1.1249374068226763,0.0271150987786714,-0.9830930409510356,0.0080898031691393,0.1378131679788599,1298,True,20,227,1298,407095,2901.165,2953.72,0.0181151365055072,False,2019-10-04 16:15:02.735
2019-10-07,2948.1853,0.019322,0.0195259999999999,0.0676969427289616,1.880481269275904,-0.8059037246381493,1.113234057875487,0.0263879258944814,-0.9846844020358104,0.0072787395772236,0.1310793531831897,1227,True,20,199,1227,366278,2935.68,2959.75,0.0081991225201656,False,2019-10-07 16:16:40.802
2019-10-10,2939.2441,0.016206,0.019547,0.0623868225028947,2.388246907511184,-0.7915452119153144,1.2334141391352171,0.0297276708782031,-1.2233201667946936,0.0086401327313264,0.1464102468734817,1253,True,20,202,1253,583100,2911.604,2948.41,0.0126411421333396,False,2019-10-10 16:39:04.149
2019-10-11,2983.3759,0.016206,0.019547,0.0562738785832835,2.4960884232709906,-0.7732611100421124,1.1994686315642973,0.0225719275968724,-1.157795844378145,0.0076388365164953,0.1421333879765862,1288,True,20,196,1288,558852,2968.07,2993.28,0.0084937349860347,False,2019-10-11 16:55:33.981
2019-10-14,2968.4342,0.01636,0.019372,0.0517391472153907,2.858690756097772,-0.7344188946861143,1.2171469285570184,0.0193559826302604,-1.1856342019497452,0.0086417812334595,0.1632916129570118,1145,True,20,168,1145,575853,2961.2583,2972.84,0.0039110738836933,False,2019-10-14 16:18:47.143
2019-10-15,2994.496,0.016255,0.019181,0.0535793971985606,2.2660386628712765,-0.7195480430994232,1.10214705860395,0.0156377815773112,-0.9719021676187886,0.0074257481827848,0.1338651146823703,1190,True,20,194,1190,591355,2975.304,3003.26,0.0093960146593423,False,2019-10-15 16:41:51.535
2019-10-16,2990.1298,0.015812,0.019237,0.0535453698257106,2.771195953459394,-0.705989313424566,1.2427641528616356,0.0156741247887963,-1.2476933152629064,0.0072162969455153,0.1317629749298855,1109,True,20,182,1109,728023,2985.24,2997.641,0.0041541048625906,False,2019-10-16 16:40:25.982
2019-10-17,3000.3865,0.01576,0.019187,0.0588974429496338,2.205186766190269,-0.7172834330562388,1.166848390764793,0.0149036951776869,-1.1017754435204294,0.00720026785127,0.11984188851571,1132,True,20,208,1132,423451,2991.79,3008.25,0.0055017230487433,False,2019-10-17 16:49:25.201
2019-10-18,2991.2843,0.0156539999999999,0.019267,0.0545725355561602,3.198577019435856,-0.7134725279768034,1.40537818970592,0.0150676108784465,-1.625978939856528,0.0105695166637303,0.155290988160154,1170,True,20,214,1170,561662,2976.31,3000.901,0.0082622441882733,False,2019-10-18 16:14:57.449
2019-10-21,3002.0014,0.015758,0.019136,0.047272160386984,4.086731521560909,-0.7048295237007305,1.480559518868101,0.0142096434735712,-1.805679233019403,0.0102025902085013,0.1397622337202698,1055,True,20,180,1055,401584,2995.2188,3007.3,0.0040334949820695,False,2019-10-21 16:16:06.190
2019-10-22,3009.3529,0.015731,0.019207,0.0523397154638546,2.9461677630311423,-0.6996553992620543,1.2884349317780628,0.0138186586024828,-1.351661408574279,0.0064538302808241,0.1165949028476372,1177,True,20,200,1177,369212,2995.04,3014.48,0.0064907313424862,False,2019-10-22 16:25:18.969
2019-10-23,2998.1342,0.015757,0.019154,0.0514857245834527,3.4732309536450314,-0.7173520119259561,1.3606012100134186,0.0139254272444404,-1.493592028101797,0.0106745328255867,0.1453106431148497,1073,True,20,186,1073,373186,2987.5674,3004.77,0.005758062562873,False,2019-10-23 16:18:52.357
2019-10-24,3007.3778,0.015808,0.019118,0.0558181733950702,2.672663776387505,-0.6972100266006395,1.3431351169900354,0.01323703059481,-1.5056455222975942,0.0073303740411722,0.1355357277491654,1151,True,20,212,1151,274537,3000.5,3016.07,0.0051891351441426,False,2019-10-24 16:20:12.249
2019-10-25,3019.4408,0.015859,0.019042,0.0531313683448114,2.920509453725366,-0.6859054413047361,1.2563873226886733,0.0110198503665225,-1.2681677775320397,0.0053861066042196,0.1216332301332753,1226,True,20,223,1226,367929,3002.0,3027.39,0.0084576948700865,False,2019-10-25 16:14:55.982
2019-10-28,3039.6739,0.015936,0.0189359999999999,0.0467135321956712,3.490074816863392,-0.6592849667669531,1.3858117109635544,0.0122468057938455,-1.5944066535980352,0.0072077618765844,0.1284668965056244,1118,True,20,185,1118,641864,3030.1043,3044.05,0.0046023828288683,False,2019-10-28 16:42:25.509
2019-10-29,3040.0888,0.015754,0.018954,0.0461142849537965,4.188231484345138,-0.6711207925726996,1.586622156310286,0.0125500355113335,-2.131095266651593,0.0092828822786185,0.1445804113242109,1092,True,20,210,1092,425967,3032.866,3047.77,0.0049141636986269,False,2019-10-29 16:14:22.720
2019-10-30,3036.8672,0.0154679999999999,0.018904,0.0520452842454762,3.22750589644452,-0.6937862563284003,1.3228178264098087,0.011543532760106,-1.4138940782987597,0.0082993210533394,0.1478869087856041,1110,True,20,197,1110,438280,3025.96,3050.1,0.0079776335443957,False,2019-10-30 16:17:06.924
2019-10-31,3032.4609,0.014948,0.018967,0.0488165105123981,3.438878920273817,-0.7020040537135855,1.4136856262906172,0.0138101073929724,-1.6627589120558723,0.0112473042053808,0.162652144030161,1143,True,20,205,1143,707589,3023.23,3046.33,0.0076408344717404,False,2019-10-31 16:30:10.592
2019-11-01,3061.2395,0.025665,0.0187939999999999,0.0483268471116426,2.833352453645781,-0.6627180952236826,1.273020381324626,0.011250666080235,-1.3467269095864214,0.0057450690391641,0.1222558844075845,1178,True,20,191,1178,385894,3043.603,3066.95,0.0076708427478877,False,2019-11-01 16:14:56.013
2019-11-04,3080.1344,0.024098,0.018725,0.0443282461696702,3.4580899854911555,-0.6379763588797747,1.4371530112661806,0.0123789658153699,-1.7588266494840037,0.0061944347423723,0.1231816829721753,1080,True,20,183,1080,420157,3074.91,3087.578,0.0041197953761249,False,2019-11-04 16:15:40.400
2019-11-05,3077.0028,0.024098,0.018725,0.0409428463889424,5.215058713457759,-0.6513546090274819,1.8346037381293463,0.0116463740752684,-2.9387321803293376,0.0072084446696536,0.1199080485646583,1037,True,19,184,1037,345124,3072.18,3086.672,0.0047171715198979,False,2019-11-05 16:30:14.767
2019-11-06,3073.667,0.020551,0.0187379999999999,0.0435422289866448,5.544479390024443,-0.6682653629463412,1.8633859316808683,0.009839161721875,-2.989369147961823,0.0065529962742717,0.1264888389301936,1016,True,20,188,1016,258481,3066.08,3079.506,0.0043788811772687,False,2019-11-06 16:17:00.239
2019-11-07,3091.9057,0.019583,0.018728,0.0393381170385851,6.217244913371179,-0.6550367694553583,1.8093416811896128,0.0080076841111087,-2.78456790317057,0.0076694148696792,0.1454827258994487,1066,True,19,195,1066,426056,3080.24,3097.77,0.0056911149780536,False,2019-11-07 16:14:56.747
2019-11-08,3084.844,0.019583,0.018728,0.0405823136658649,6.059235735537967,-0.6706950464378233,1.657787904389298,0.0067692243791797,-2.2564651255494206,0.0081894837357878,0.1512544347196799,1054,True,19,188,1054,360796,3073.61,3093.09,0.0063378242522635,False,2019-11-08 16:43:57.863
2019-11-11,3084.3533,0.015735,0.018726,0.0455697844495121,4.758788340377869,-0.6814979392232239,1.486710268124927,0.0088363665691571,-1.776593503524349,0.0061478927438221,0.1320826189892326,1092,True,20,194,1092,328495,3075.82,3088.33,0.0040672080941015,False,2019-11-11 16:14:44.815
2019-11-12,3095.7721,0.015318,0.0187,0.0436799298144748,4.5105512630070175,-0.6788039262906232,1.387029866556208,0.0083745280450993,-1.5298107255334574,0.0065370056715177,0.1291226210490489,1112,True,20,196,1112,388353,3084.73,3102.6,0.0057930515798789,False,2019-11-12 16:15:56.628
2019-11-13,3091.6388,0.015604,0.018691,0.0435541906105669,4.450580904724981,-0.700712252519828,1.4224360006163637,0.0107048485262958,-1.635641277745193,0.0061797324028287,0.129325514077047,1088,True,19,202,1088,469098,3078.9,3098.06,0.006223001721394,False,2019-11-13 16:16:49.437
2019-11-14,3091.4815,0.015422,0.018688,0.0409194428988137,6.733179283773546,-0.698687184146748,1.9426112197400447,0.0087369313122329,-3.222702460600212,0.0061079580773291,0.1220692197124804,884,True,17,181,884,403162,3083.36,3098.17,0.0048032017020394,False,2019-11-14 16:15:53.607
2019-11-15,3113.4297,0.015342,0.018555,0.0429017844238016,4.92456123193014,-0.7003465307835836,1.6288132258103367,0.0077411022664842,-2.230487595866519,0.006410302685515,0.1235350640240624,1132,True,20,189,1132,528570,3104.6,3120.46,0.0051085486052953,False,2019-11-15 16:16:02.426
2019-11-20,3108.6693,0.015237,0.01866,0.0488471774774244,4.418644649713533,-0.7294214329452077,1.726478911838299,0.0102354054689558,-2.5490527941939,0.0057966191690068,0.1217457710905089,1130,True,20,205,1130,545065,3091.41,3118.97,0.0089150258296375,False,2019-11-20 16:15:59.475
2019-11-21,3102.7325,0.0153929999999999,0.018724,0.0508217985517253,3.894686295600269,-0.7344953034063988,1.6699336914512373,0.0121105217053294,-2.3928086091696312,0.0062618129335096,0.1195117590817346,1052,True,19,201,1052,422824,3094.69,3116.309,0.0069858370305264,False,2019-11-21 16:34:03.493
2019-11-22,3107.5923,0.0155729999999999,0.018685,0.0436432465101851,5.232095234577159,-0.7267952916602942,1.7390034361979214,0.0089502838251956,-2.567441706933346,0.0074268309028685,0.1246856280893798,1019,True,19,176,1019,311840,3099.3,3115.417,0.0052002064982414,False,2019-11-22 16:19:21.299
2019-11-25,3129.4906,0.015676,0.018553,0.0425814684688423,4.849004660370007,-0.7027646517268002,1.7679484790735722,0.0083434721167173,-2.712686346556928,0.006500848547797,0.1294683062183473,1109,True,20,185,1109,445777,3118.6,3133.77,0.0048643622138138,False,2019-11-25 16:24:34.093
2019-11-26,3137.9536,0.01578,0.018521,0.0401963073909463,5.577697089499697,-0.7015953838933927,1.944052632078569,0.0077857718018037,-3.330934982805379,0.0065266319209342,0.1235975166721265,1053,True,20,172,1053,315761,3131.25,3142.68,0.0036502994011975,False,2019-11-26 16:14:58.411
2019-11-27,3149.3376,0.0158309999999999,0.018453,0.0402015358927247,5.475243641153812,-0.6902999994680358,1.985170098738838,0.0073245259881691,-3.500673913404252,0.0077065017683814,0.1451512554155715,1137,True,20,188,1137,429634,3143.43,3154.26,0.003445281110125,False,2019-11-27 16:25:32.587
2019-12-02,3120.1127,0.025373,0.018702,0.0446828417483427,4.2360577091273015,-0.7410341803378653,1.565240003236421,0.0173253800728936,-2.071418075223987,0.0070153078685739,0.1431350626206056,1260,True,20,203,1260,516654,3110.9,3150.067,0.0125902471953454,False,2019-12-02 16:14:57.994
2019-12-04,3114.7543,0.024226,0.018725,0.0424283791717372,4.438979359873007,-0.7545085851952159,1.479643198959943,0.0185287427956524,-1.812666597395999,0.0072791965124295,0.1413629856625015,1091,True,20,205,1091,371108,3102.56,3119.37,0.0054181063379918,False,2019-12-04 16:54:49.805
2019-12-05,3112.3942,0.024226,0.018725,0.0506179478260436,3.055043841886599,-0.764457498742628,1.288751881552288,0.0183081198192135,-1.3516013126147794,0.0065320604800568,0.1450266187964944,1001,True,20,206,1001,270549,3103.76,3122.17,0.0059315153233496,False,2019-12-05 16:17:50.691
2019-12-06,3146.6341,0.0201319999999999,0.01855,0.045541357549949,4.137627619883605,-0.7564854979804656,1.4564568769616708,0.0136640903519508,-1.7444002767576154,0.0053024493689591,0.1156816293370881,1147,True,20,188,1147,315391,3125.8945,3150.6,0.0079034977028176,False,2019-12-06 16:23:53.918
2019-12-09,3143.2028,0.018187,0.018606,0.0422083835543529,6.369867058297164,-0.7635407675741168,1.8939982046786072,0.0165529812089854,-3.0495056153520976,0.0058781260144561,0.1108651475270154,1097,True,20,192,1097,324505,3135.46,3148.85,0.0042705057631096,False,2019-12-09 16:26:12.930
2020-01-02,3244.0059,0.01566,0.018165,0.0398294205393232,5.454345428495467,-0.7474732347855653,1.7753853950489498,0.0113032009212116,-2.717506465276553,0.0069476785000142,0.1274661443405736,1145,True,20,216,1145,424758,3235.53,3258.14,0.0069880359631959,False,2020-01-02 16:29:37.885
2020-01-03,3238.4378,0.01566,0.018165,0.0466036349861837,4.428341946129712,-0.7819400443006483,1.5542187064140447,0.0116906338976677,-2.002842124064476,0.0074916322117919,0.1506000887425634,1165,True,20,212,1165,410084,3217.1992,3246.12,0.0089894340393967,False,2020-01-03 16:15:36.005
2020-01-06,3233.4125,0.001599,0.0181,0.0443044941057362,4.814045832741445,-0.8082321033385063,1.4979115226097357,0.0152719639860465,-1.8171711991241413,0.0069699391326098,0.1461962048922087,1110,True,20,213,1110,389990,3214.64,3246.66,0.0099606798895055,False,2020-01-06 16:16:05.946
2020-01-07,3238.8793,0.001472,0.018204,0.0494785112209723,3.731279827666115,-0.7964049829871384,1.4485400016381853,0.0130239821979846,-1.729031794702423,0.0074376804120042,0.1527553454430981,1039,True,19,207,1039,371148,3232.54,3245.588,0.0040364543052833,False,2020-01-07 16:16:29.537
2020-01-08,3254.4711,0.001472,0.018204,0.0437901202808121,4.554337022825557,-0.7912733992632102,1.53831427699164,0.0125215770622111,-1.9675408827385383,0.0061759175634025,0.1360758592104291,1179,True,20,210,1179,376650,3236.91,3267.07,0.0093175281364017,False,2020-01-08 16:16:58.125
2020-01-09,3271.1822,0.001167,0.018008,0.0425282067454549,4.487147510606842,-0.7758135281629939,1.4469226647592788,0.0114185376636194,-1.7119245237372094,0.0049239602767512,0.1107220312501605,1066,True,20,196,1066,484151,3263.77,3275.58,0.0036185147850491,False,2020-01-09 16:14:14.052
2020-01-10,3274.2252,0.001116,0.01806,0.041213638844315,5.149666844269459,-0.7751939034255381,1.5757107439575109,0.0085551331589689,-2.058391329646601,0.0087044443378621,0.13369439956853,1188,True,20,224,1188,453478,3260.87,3297.5981,0.011263282498229,False,2020-01-10 16:16:42.387
2020-01-13,3280.1039,0.015186,0.017935,0.0400992167372438,6.716274905627319,-0.802107718122979,1.9374447335721976,0.0060290321359232,-3.21505736943132,0.0100806729132013,0.2438856432372354,1123,True,20,203,1123,471655,3240.198,3288.13,0.0147929231485237,False,2020-01-13 16:16:20.171
2020-01-14,3285.439,0.01516,0.017971,0.0386121028867444,4.322150602707726,-0.7560161195497855,1.3499332504471426,0.0095608925870226,-1.4885451331352777,0.0064824922179932,0.1344503493427577,1137,True,20,186,1137,442380,3277.23,3294.22,0.0051842562163777,False,2020-01-14 16:22:13.399
2020-01-15,3291.6073,0.0153929999999999,0.017937,0.0417108143538664,3.496772148420285,-0.7551294508980382,1.2335009773882522,0.01028171985613,-1.2298182333767147,0.0088080428168106,0.1356827665771405,1132,True,20,210,1132,467413,3280.69,3298.64,0.005471409977779,False,2020-01-15 16:20:25.187
2020-01-16,3308.5551,0.015341,0.017795,0.0364379589492812,4.156810287304175,-0.7293135560168429,1.336580159211834,0.0097830283937184,-1.483515156781253,0.0078985006602176,0.1457355278841745,1129,True,20,199,1129,580108,3302.82,3316.99,0.0042902731605112,False,2020-01-16 16:33:13.478
2020-01-17,3324.036,0.015469,0.01773,0.037098249368987,3.943373793920708,-0.7442651370953419,1.313331279153693,0.0110497627705615,-1.432254520079478,0.0060616923549145,0.1179772090005105,1074,True,20,181,1074,607208,3318.87,3329.86,0.0033113680258642,False,2020-01-17 16:16:08.634
2020-01-21,3324.2397,0.015312,0.017779,0.0384750067344646,3.6166479031732,-0.7582586533695557,1.2625998343627147,0.0137358100144819,-1.3158572368712025,0.0043631367105838,0.0975192800577246,1120,True,20,208,1120,373437,3315.788,3329.77,0.004216795524925,False,2020-01-21 16:14:49.088
2020-01-22,3329.5243,0.015364,0.017774,0.0388475474217291,3.329306907274673,-0.7768162643112199,1.1505548475730345,0.0138373614227324,-1.0651056413501223,0.0078558106985885,0.1215911591648722,1103,True,20,202,1103,498880,3320.11,3337.72,0.0053040411311673,False,2020-01-22 16:15:20.091
2020-01-23,3313.564,0.015363,0.017758,0.0421596693076529,3.2654183685142435,-0.8001136639831296,1.216507998528194,0.0157613143841927,-1.2045537933476798,0.0084611735548396,0.1391036079105979,1091,True,20,233,1091,403013,3302.04,3326.86,0.0075165655170743,False,2020-01-23 16:16:47.871
2020-01-24,3304.5642,0.0152059999999999,0.017922,0.0420716523129836,3.837154965231776,-0.807879160857679,1.3371525564837925,0.0177195437354285,-1.4651060601746009,0.0092786561622197,0.1850214111131729,1171,True,20,232,1171,498949,3281.55,3335.927,0.0165705230759853,False,2020-01-24 16:30:16.741
2020-01-28,3275.4627,0.015309,0.018023,0.0409952406698848,4.254336642615949,-0.8129516584399291,1.3921406466098525,0.0252262615413282,-1.5892404708337966,0.0068430468117669,0.1395558958099234,1176,True,20,222,1176,346102,3253.26,3285.77,0.009993053122099,False,2020-01-28 16:15:47.771
2020-01-29,3284.0611,0.0148799999999999,0.018039,0.0409562203876464,3.8322209185957865,-0.8046243946946785,1.2744589059328266,0.0234830861019396,-1.3103389338791818,0.0069723594538561,0.1321021511291911,1024,True,19,212,1024,346535,3271.89,3293.45,0.0065894635822107,False,2020-01-29 16:17:38.266
2020-01-30,3260.1173,0.014671,0.017995,0.0468958656598808,2.8067426734671432,-0.8140036393913761,1.2220077796779338,0.0273606169795985,-1.230053758879854,0.0114283956780509,0.170390005592722,1255,True,20,254,1255,388721,3242.84,3285.81,0.0132507308408678,False,2020-01-30 16:18:39.242
2020-01-31,3236.4127,0.014229,0.018332,0.0548945953614665,2.165239984720756,-0.8323693634412561,1.0980898696122268,0.0304667207976212,-0.9680814161015696,0.0083933660868078,0.1490855407315998,1378,True,20,210,1378,562294,3214.68,3280.658,0.0205239712817451,False,2020-01-31 16:36:22.937
2020-02-03,3254.0975,0.009186,0.018461,0.0478606313031256,2.8774173227123745,-0.8051531667932803,1.235782227617899,0.0268597982963432,-1.251727694921129,0.0083984787003442,0.1295892866336121,1219,True,20,238,1219,400352,3237.36,3268.34,0.0095695257864432,False,2020-02-03 16:14:55.206
2020-02-04,3299.8811,0.0013189999999999,0.0181899999999999,0.046086504361217,2.489038646324017,-0.7812452619671537,1.1076122869658709,0.022219782405857,-0.9973827973796678,0.0051144901275825,0.1159960171591034,1193,True,20,212,1193,533251,3281.3496,3306.89,0.0077835046896557,False,2020-02-04 16:17:38.582
2020-02-05,3327.0584,0.0013189999999999,0.0181899999999999,0.0429315779450093,2.687936545022088,-0.7597725497807587,1.1136683511945746,0.020018698835023,-1.0094624818647326,0.0055283806227271,0.1223771153594615,1263,True,20,225,1263,468857,3313.75,3337.58,0.0071912485854395,False,2020-02-05 16:16:19.659
2020-02-06,3343.8872,0.001548,0.017946,0.0401043757423288,4.118225399620022,-0.7588413882829347,1.443397556076203,0.0190479386243162,-1.753078787250827,0.005802055745206,0.1312790130842038,1133,True,20,210,1133,480564,3334.47,3351.2402,0.0050293449933573,False,2020-02-06 16:47:27.301
2020-02-07,3333.0071,0.001446,0.018053,0.0460959612900886,3.181043349871667,-0.7981047473059756,1.2290017403289644,0.0196171684305292,-1.217178775496066,0.0115108859115041,0.1302844247074596,1136,True,20,197,1136,420485,3322.12,3347.853,0.0077459574006959,False,2020-02-07 16:14:54.282
2020-02-10,3339.0681,0.001116,0.0179299999999999,0.0450725497445393,3.1827426368823626,-0.7958843664556884,1.2438326214258306,0.0195518892998972,-1.2602109384731606,0.0044971742058705,0.1058353194518705,1191,True,20,218,1191,422996,3317.77,3352.26,0.0103955367611379,False,2020-02-10 16:15:59.549
2020-02-11,3366.0726,0.001167,0.017901,0.0412681004544252,3.3805962399081286,-0.7673776833357845,1.2523316289085464,0.0174910331285703,-1.2893129383159716,0.0055038232011412,0.1255066237372884,1249,True,20,221,1249,554940,3352.72,3375.63,0.0068332577727934,False,2020-02-11 16:14:55.327
2020-02-12,3375.4368,0.001065,0.0177879999999999,0.041505698011877,3.5618338965079737,-0.7558916327704581,1.2856752772149571,0.0161198601302789,-1.3572881142879023,0.0046013697482607,0.1088886337549393,1120,True,20,190,1120,530460,3369.72,3381.47,0.0034869366000735,False,2020-02-12 16:15:02.337
2020-02-13,3374.577,0.014769,0.017838,0.0407596398103519,3.622584642375488,-0.7494466501982783,1.4232750026646284,0.01720947238684,-1.7304012427985227,0.0047278216452984,0.1014595152290929,1124,True,20,226,1124,371553,3356.0483,3385.09,0.0086535405345626,False,2020-02-13 16:31:28.612
2020-02-14,3374.697,0.01469,0.017817,0.040812347119006,3.5543608256295403,-0.7445210905387175,1.337474284291919,0.0158564834694305,-1.498713845538601,0.0060968748923714,0.1116491958112285,1101,True,20,211,1101,409155,3366.3,3388.626,0.0066322074681401,False,2020-02-14 16:14:50.646
2020-02-18,3367.948,0.0145849999999999,0.01787,0.0419752506522124,3.3843490950726136,-0.7561307162058771,1.4027063978562957,0.0193818754558289,-1.683467435466462,0.0051798759579383,0.1110004748620196,1166,True,20,212,1166,529507,3355.68,3376.959,0.0063411886711486,False,2020-02-18 16:49:44.378
2020-02-19,3387.3458,0.0146629999999999,0.017802,0.0390819964837937,4.194354624572551,-0.7414716915496905,1.5712134431418792,0.0170509525370595,-2.140864178531102,0.00944540586102,0.1229178168221779,1100,True,20,201,1100,606035,3377.0806,3393.51,0.0048649712417287,False,2020-02-19 16:16:54.612
2020-02-20,3369.0191,0.014507,0.017873,0.0376538871177463,6.692151488676652,-0.7592871353530959,1.953982368195692,0.0199952677900587,-3.314076061760665,0.0077311928236741,0.1546144863733682,1259,True,20,236,1259,417665,3341.02,3389.15,0.0144057802706958,False,2020-02-20 16:15:48.581
2020-02-21,3339.0539,0.014194,0.018056,0.0460692962644034,3.8365880754530366,-0.8179628388575514,1.4104593241489949,0.025992159626047,-1.6358976796937916,0.0054415953314202,0.1409863981099224,1274,True,20,223,1274,502372,3328.45,3366.221,0.0113479247096996,False,2020-02-21 16:17:58.287
2020-02-24,3238.5117,0.0134169999999999,0.01869,0.0474992938161658,4.173806711093948,-0.8399657892424048,1.58038186799236,0.0570494953376654,-2.1011011060747484,0.0083272795713322,0.1120238329293599,1548,True,20,219,1548,909657,3214.65,3266.521,0.016135815718663,False,2020-02-24 16:52:33.580
2020-02-26,3145.7743,0.012519,0.01935,0.0428635615484831,4.957111570828198,-0.807257578510331,1.5765723487741476,0.0750853381747353,-2.060621457081448,0.0109383375028809,0.1334659833204294,1474,True,20,214,1474,608421,3108.99,3182.51,0.0236475511339697,False,2020-02-26 16:32:16.817
2020-04-08,2715.234,0.001116,0.022037,0.2402608207667964,0.9614389599803156,-0.8218606545168703,1.984101563657403,0.187102322234393,-3.4746667876236605,0.0183051006269178,0.1104014796601236,1462,True,20,288,1462,414017,2659.3362,2760.6,0.0380786002160988,True,2020-04-08 16:14:58.751
2020-04-09,2797.3879,0.001192,0.021724,0.2492695004435691,0.7608759572552644,-0.7964980981622811,1.9215823026431007,0.1805308719582231,-3.3131522063020764,0.0168908453782513,0.1044284300313128,1502,True,20,281,1502,475374,2710.557,2818.57,0.0398490052044655,True,2020-04-09 16:14:56.213
2020-04-13,2748.4812,0.002183,0.021949,0.2021036932366029,1.044470175881752,-0.8192185921547823,1.8403299615465647,0.1885094893200542,-2.964631807323608,0.0175859478308887,0.1096530553565412,1425,True,20,298,1425,298275,2721.36,2787.476,0.0242952053385072,False,2020-04-13 16:14:49.050
2020-04-14,2833.4634,0.002107,0.021306,0.1767664658453042,0.9306773256536462,-0.8179724766692281,1.473740121398409,0.1422588135219314,-1.8428848620230889,0.0147794488112009,0.0992417535048471,1522,True,20,298,1522,462552,2792.6699,2850.38,0.0206648483589129,False,2020-04-14 16:14:53.735
2020-04-15,2780.6062,0.001522,0.0217939999999999,0.2944487519032254,0.540416134547171,-0.8511506970195193,1.5931779370028365,0.163517594008443,-2.219966226301054,0.0189238821831418,0.1233115075619073,1457,True,20,319,1457,461222,2761.65,2804.509,0.0155193453189217,False,2020-04-15 16:14:44.517
2020-04-16,2785.9279,0.001446,0.021638,0.23856957949976,1.0143631750618332,-0.8351969001791285,1.9500096175021109,0.1694357617413759,-3.318545116081643,0.0199732916329858,0.1361406821376367,1350,True,20,301,1350,272997,2764.32,2808.241,0.0158885367830061,False,2020-04-16 16:14:59.595
2020-04-20,2848.4931,0.001167,0.021446,0.3712066786578972,0.4302271622876253,-0.8612587311524025,1.5090442961068904,0.1514227164073346,-1.957808295650337,0.0188883778213485,0.1227205299432057,1374,True,20,298,1374,317508,2818.767,2868.98,0.0178138171760915,False,2020-04-20 16:14:47.522
2020-04-29,2936.0637,0.001396,0.020579,0.2015289608221043,1.232375276010102,-0.8435087146113073,1.7246850200307533,0.0962603632028949,-2.47781980088414,0.0194977555365422,0.1599899400383017,1443,True,20,297,1443,377633,2888.265,2954.86,0.0230570948302875,False,2020-04-29 16:14:55.945
2020-05-15,2845.0452,0.001395,0.0211529999999999,0.244484065467747,1.0408511142052863,-0.8643476428566744,1.7280480200623418,0.1002210061385212,-2.4772069357462945,0.0199881004847339,0.1651480942060737,1322,True,20,256,1322,281455,2813.875,2865.01,0.0181724490249213,False,2020-05-15 16:14:56.172
2020-05-19,2950.3755,0.001421,0.02073,0.1617988968130905,1.201961870961488,-0.8151668995596069,1.5188050358271592,0.084823562324447,-1.9178165273880043,0.0180536387987913,0.1580760466454259,1367,True,20,285,1367,278967,2922.35,2964.21,0.0143240884904272,False,2020-05-19 16:14:30.327
2020-05-20,2969.8378,0.0015229999999999,0.020404,0.1334851900498733,1.5739596825130997,-0.7920060455980371,1.6324131490487894,0.0811642129141474,-2.2445720744851863,0.0192756532150018,0.1677562745359038,1343,True,20,270,1343,281487,2952.6592,2980.26,0.0093477770817573,False,2020-05-20 16:14:55.481
2020-05-28,3053.0014,0.0016239999999999,0.020002,0.1366490026073964,1.497254346221597,-0.8039287602420075,1.5549205568766322,0.0741818058687279,-2.0085813120759948,0.0172955170701036,0.1598763268020608,1419,True,20,274,1419,395620,3023.45,3068.65,0.0149498089930377,False,2020-05-28 16:14:59.816
2020-05-29,3021.3575,0.001573,0.019911,0.1431988487401568,1.8602099580998868,-0.8162234300288117,1.647834594898386,0.0782082912848746,-2.182599003314169,0.0149408284950148,0.1317595117241758,1362,True,20,250,1362,282679,2999.62,3049.17,0.0165187590428121,False,2020-05-29 16:14:59.893
2020-06-01,3051.3235,0.015293,0.019838,0.1464715814743822,1.4186862081480345,-0.7743809580151568,1.942719985440149,0.0815584100240988,-3.3585665167819,0.0183718330311559,0.1594087175753642,1259,True,20,286,1259,247740,3031.68,3062.16,0.0100538315389486,False,2020-06-01 16:14:42.015
2020-06-02,3066.6691,0.014876,0.019654,0.1428097123288983,2.0184835988579626,-0.7708423964445325,1.927735073409008,0.0701966405832287,-3.1396443890642223,0.0144422736298628,0.1348818725355588,1316,True,20,258,1316,299794,3051.8,3081.07,0.0095910610131726,False,2020-06-02 16:14:33.455
2020-06-03,3115.3703,0.0038229999999999,0.019396,0.1247937280248574,1.4953525444519002,-0.7619812122612243,1.4574518603743378,0.0615534667697773,-1.7509446878414,0.0180128899489055,0.1554137042282453,1479,True,20,259,1479,554047,3090.9094,3130.94,0.0129510751754806,False,2020-06-03 16:14:50.353
2020-06-05,3193.8206,0.001421,0.018982,0.1174896869853232,0.9959615026642756,-0.7588959467836613,1.0899151077256792,0.055361742988623,-0.9538845316537632,0.0171652848542745,0.1625246684730908,1539,True,20,263,1539,467857,3135.598,3211.72,0.0242767089403679,False,2020-06-05 16:14:55.154
2020-06-08,3212.7004,0.001192,0.018757,0.09128232262228,1.8961390763566293,-0.7235368287448796,1.4706800129924742,0.0648558148950912,-1.8167317428061485,0.0168965494002832,0.154718708293882,1453,True,20,276,1453,326810,3196.11,3233.13,0.0115828303781784,False,2020-06-08 16:14:59.612
2020-06-09,3209.3264,0.001192,0.018757,0.1135453538639721,1.3183702986982166,-0.7547493959527894,1.3811905006016247,0.072414407312575,-1.6082975547732874,0.0166312535930306,0.1400575612860683,1350,True,20,255,1350,331682,3193.19,3222.69,0.009238410492329,False,2020-06-09 16:14:55.460
2020-06-10,3199.8987,0.001192,0.019009,0.1214034782027922,1.4065250927745832,-0.7578308148659567,1.599352627648296,0.0774171699508869,-2.2164147506808307,0.0164887639177334,0.1403068368391228,1381,True,20,299,1381,260566,3181.72,3223.27,0.0130589743912099,False,2020-06-10 16:14:59.054
2020-06-16,3131.0194,0.001776,0.019411,0.2108820916124724,0.648785247921879,-0.8048761520285891,1.457718296786107,0.1074102447662889,-1.851308252606825,0.0157658698541415,0.114109552382015,1439,True,20,275,1439,288844,3077.22,3167.727,0.0294119367481038,False,2020-06-16 16:20:48.655
2020-06-17,3128.7147,0.001777,0.019478,0.1803206517673307,1.1640981777978,-0.7749996487960003,1.8752371191139088,0.1117981302132346,-3.0966923686193084,0.017361267523169,0.1246442151365084,1238,True,19,259,1238,255629,3108.18,3149.344,0.0132437632312156,False,2020-06-17 16:14:56.941
2020-06-24,3061.3536,0.00165,0.019846,0.2690770707124667,0.8119188894478864,-0.8049156864924468,1.783830815104494,0.1082765660559448,-2.7451148640588503,0.0180060367459999,0.1367627632193731,1439,True,20,301,1439,325616,3032.18,3116.471,0.0277988114162088,False,2020-06-24 16:14:58.391
2020-06-25,3057.2426,0.00165,0.019637,0.2440625750006055,0.8585600762122739,-0.8052700840879893,1.735635479131742,0.1027187301706697,-2.593345750434705,0.0188619726222046,0.1476774079933107,1493,True,20,311,1493,195014,3024.01,3086.22,0.0205720219179168,False,2020-06-25 16:33:17.105
2020-06-26,3028.147,0.0015229999999999,0.020108,0.1961371112721203,1.30117804084081,-0.8088634674816476,1.8814413742742748,0.1079884734565878,-3.0294030404686048,0.0193840478093933,0.1498701612998912,1479,True,20,290,1479,297200,3004.63,3090.658,0.028631811570809,False,2020-06-26 16:22:02.115
2020-06-29,3038.1752,0.001472,0.019829,0.2089884213039699,1.1601867514251896,-0.7798024890688593,1.9827865310626565,0.1034403989535507,-3.446511232567219,0.0197937208831227,0.157450234875472,1446,True,20,304,1446,207792,2999.74,3053.89,0.0180515644689207,False,2020-06-29 16:19:47.972
2020-07-10,3165.2833,0.001269,0.018969,0.1597396591440484,1.4737969977848384,-0.7607169452002902,1.7154075197599468,0.0708837982034625,-2.4717752987016284,0.0191599160808331,0.1575683579948399,1366,True,20,267,1366,227132,3127.869,3186.82,0.0188470169306962,False,2020-07-10 16:17:41.145
2020-07-16,3209.1604,0.00137,0.018802,0.1424617531156214,1.847556820291542,-0.7276739832338549,1.995761930018335,0.0755664556262435,-3.4566533141115965,0.0195067738207608,0.1486605762374007,1283,True,20,267,1283,257679,3199.09,3220.39,0.006658143409532,False,2020-07-16 16:43:17.930
2020-07-21,3268.2198,0.00137,0.018563,0.1038862896811659,2.4041167015145155,-0.6835892982082653,1.979667981082924,0.0598375650264241,-3.4195757871632084,0.0199455411025302,0.1645145013595069,1256,True,19,262,1256,295582,3247.77,3281.359,0.0103421732450266,False,2020-07-21 16:57:34.197
2020-07-23,3253.4661,0.001345,0.018691,0.1316893435829578,1.589177021151773,-0.7400481352239818,1.7392557331450855,0.0592050592812792,-2.606455147772855,0.018378419236898,0.1514836513715797,1408,True,20,284,1408,290220,3222.66,3286.7275,0.0198803162604805,False,2020-07-23 16:23:16.966
2020-07-24,3214.9989,0.0013189999999999,0.018808,0.1421787713884832,2.0487800926890247,-0.7632239113541093,1.823755724364958,0.0630238668796812,-2.7434988693065363,0.0171802608631134,0.1432422239337756,1367,True,20,259,1367,277368,3200.1,3229.252,0.0091097153213961,False,2020-07-24 16:17:29.485
2020-07-31,3246.8625,0.001065,0.018506,0.108677604215035,3.382725441510233,-0.7519297302246641,1.906469417709843,0.0521137080793266,-2.89937264726175,0.0199930753191254,0.1779112850272825,1299,True,20,266,1299,257755,3220.29,3272.17,0.0161103503100652,False,2020-07-31 16:18:11.668
2020-08-03,3295.2474,0.001065,0.018506,0.1244263298034871,2.38148485717159,-0.742729329754085,1.878464432980428,0.051604501605633,-2.9359897854515937,0.0190320523860889,0.1640917217608287,1263,True,20,242,1263,326708,3284.53,3302.69,0.0055289493473951,False,2020-08-03 16:14:52.004
2020-09-08,3356.1232,0.00198,0.017555,0.1736009880932571,1.4566351172329823,-0.7664873135205739,1.839570101691632,0.0973039601228436,-2.878271567751794,0.0190678824754129,0.1362131152549697,1490,True,20,272,1490,288020,3329.27,3400.1516,0.0212904330378731,False,2020-09-08 16:14:59.640
2020-09-09,3404.5915,0.001345,0.017706,0.1293294179170025,2.033170719138726,-0.7151553802720497,1.826981548738312,0.0770981081234601,-2.81196400816603,0.0180317055051486,0.1411850481160883,1436,True,20,282,1436,263450,3351.979,3424.66,0.0216830117372452,False,2020-09-09 16:14:59.558
2020-09-10,3378.5634,0.001269,0.018026,0.1249144676410438,2.205885615746134,-0.7085348157922056,1.85444690642914,0.0820572185623837,-2.887879274028676,0.0194273276277293,0.1500916729425042,1412,True,20,316,1412,282744,3329.48,3425.55,0.0288543556351141,False,2020-09-10 16:20:04.712
2020-09-15,3410.3237,0.001243,0.017697,0.1198685055916332,2.336094871548108,-0.6810054509886352,1.7872168542482063,0.0628097538717681,-2.6340956817633545,0.0177848983548586,0.1441929988210781,1156,True,20,280,1156,243171,3389.31,3419.48,0.0089015168279089,False,2020-09-15 16:21:55.042
2020-10-09,3470.5162,0.0013189999999999,0.01725,0.096191005619165,4.2767225537431415,-0.6599921825403993,1.7670958658913225,0.0454626357389624,-2.299863312852769,0.0188410615941706,0.1847773892786333,1342,True,20,259,1342,307076,3456.4768,3482.25,0.0074564944280834,False,2020-10-09 16:16:35.105
2020-10-12,3528.842,0.000913,0.016977,0.0992807503379977,2.6536381531419138,-0.665716597352077,1.5050340302823897,0.0484914814589739,-1.7382170583691172,0.017230501525317,0.1686235200405324,1439,True,20,243,1439,354316,3496.1187,3549.85,0.0153688431688545,False,2020-10-12 16:16:41.033
2020-10-13,3518.3542,0.001269,0.017085,0.1037233468953724,2.967189156694228,-0.6841645749626067,1.691128264108522,0.0535480673844369,-2.244381225258737,0.0170294518659906,0.1592731292503172,1361,True,20,247,1361,311736,3500.86,3540.299,0.0112655176156715,False,2020-10-13 16:15:40.444
2020-10-14,3498.742,0.001218,0.017208,0.1121691805351623,2.392145902576478,-0.7062059929296322,1.6909035767182663,0.0593921713820224,-2.3225048145335268,0.0157583753617666,0.1558718022745497,1315,True,20,265,1315,222391,3480.55,3527.81,0.0135783137722484,False,2020-10-14 16:31:10.113
2020-10-15,3465.4918,0.001192,0.017238,0.1169026212417845,2.491629782925904,-0.7018609920327423,1.839988867540289,0.0667171410476692,-2.803002927095922,0.0185582511404543,0.1703210763711465,1343,True,20,263,1343,273810,3440.89,3489.07,0.0140021912935317,False,2020-10-15 16:14:56.424
2020-10-16,3500.1373,0.001192,0.017236,0.1123319247717773,2.906933924938898,-0.6885106301923839,1.9678574950687155,0.0627939737201393,-3.219380154952592,0.0154625546698926,0.1589766165464534,1205,True,19,270,1205,246782,3480.45,3515.76,0.0101452398396759,False,2020-10-16 16:49:30.737
2020-10-19,3457.8207,0.001192,0.017522,0.1367680794598652,1.519244758132959,-0.7304849012856455,1.630839908277042,0.07950367845486,-2.244070430830446,0.0083948868372082,0.0743838446893783,1298,True,19,280,1298,211424,3419.93,3502.42,0.0241203767328572,False,2020-10-19 16:14:27.965
2020-10-21,3446.3951,0.001218,0.017477,0.1228751320317135,2.213155032437641,-0.7243490722120444,1.9619019120690568,0.0873338073372607,-3.305175678945368,0.0124183075303164,0.1091703460355967,1310,True,20,266,1310,253001,3432.5413,3464.79,0.0093949925671688,False,2020-10-21 16:15:46.220
2020-10-22,3444.1345,0.001192,0.017391,0.1025370534525264,2.8263405845367755,-0.7348998077112974,1.938834327699574,0.0849726044083933,-3.1794692790828747,0.0110053298698191,0.0994850472498112,1206,True,19,251,1206,232444,3415.39,3460.51,0.0132107899829889,False,2020-10-22 16:15:35.728
2020-10-26,3392.6955,0.001192,0.01766,0.1747623577683323,1.0296190819518185,-0.783297475513461,1.6344568155421886,0.0970363959872357,-2.3115717651419807,0.0123591245104593,0.1034794714032028,1422,True,20,242,1422,295798,3364.87,3438.19,0.0217898462644916,False,2020-10-26 16:17:49.436
2020-10-29,3306.1655,0.001167,0.0181549999999999,0.1771471645780691,1.238658238211976,-0.8048616595042392,1.9112097472361893,0.1330359575307264,-3.213873108369583,0.0145423325109547,0.0980225822809384,1387,True,20,274,1387,255122,3259.88,3341.05,0.0248996895591249,False,2020-10-29 16:15:31.401
2020-11-04,3457.3039,0.003542,0.017827,0.122761433263513,1.82276190688262,-0.7465812866140642,1.828027034392554,0.0816097940500827,-2.894153110095947,0.0109604010747752,0.0913327418534994,1358,True,20,267,1358,362941,3384.419,3486.19,0.0300704493149341,True,2020-11-04 16:16:39.635
2020-11-05,3514.1494,0.001446,0.017061,0.1280205259139361,1.59694958850596,-0.7245905235582709,1.6909463926648214,0.070437696771276,-2.4504150505090188,0.0097918604625363,0.0892932465811147,1320,True,20,267,1320,476931,3491.876,3529.05,0.010645853403729,False,2020-11-05 16:17:51.120
2020-11-06,3508.0305,0.001802,0.017068,0.1440009984778018,1.483390937005484,-0.7167181925386841,1.6813042584735365,0.0628490282991012,-2.3995644574378243,0.0117689385164905,0.1181228758971969,1306,True,20,267,1306,351046,3472.406,3521.58,0.0141613624674072,False,2020-11-06 16:15:44.492
2020-11-09,3609.2258,0.0012939999999999,0.016869,0.0870004813554196,2.2431008774287644,-0.6460282485722002,1.4749016292667234,0.0506460260518757,-1.785033103883502,0.0106281369233697,0.1047822399329615,1479,True,20,241,1479,503356,3547.48,3674.398,0.035776945888349,True,2020-11-09 16:21:29.117
2020-11-16,3616.6162,0.001065,0.016514,0.096969433870435,2.465504274871302,-0.6693397706024735,1.7295827820375655,0.0481612930074378,-2.51329949244199,0.0106351465197377,0.1092723952373944,1322,True,20,242,1322,241965,3600.89,3638.6265,0.0104797702790142,False,2020-11-16 16:15:53.792
2020-11-17,3610.1324,0.001065,0.016604,0.1038310924734733,2.794066339920936,-0.7003099539641806,1.9497170340907544,0.0459205999634162,-3.221174591988948,0.0122938753261398,0.1270622214702289,1302,True,20,260,1302,247205,3575.399,3623.11,0.0133442449360197,False,2020-11-17 16:15:31.107
2020-11-18,3606.1949,0.000989,0.01681,0.0893766468968148,3.739654363307293,-0.6845561423853155,1.910604392201868,0.0434496340478,-2.9819336084101704,0.0109190970634156,0.1150975239924034,1275,True,20,278,1275,290664,3567.33,3623.981,0.0158805044669263,False,2020-11-18 16:15:13.666
2020-11-19,3567.8873,0.000964,0.016749,0.0947548849867783,3.440440104571297,-0.6980023610370538,1.9467299311722712,0.0469426237279275,-3.13776041209689,0.0117865911636354,0.1230099844006847,1211,True,19,246,1211,223027,3543.84,3585.22,0.0116765993950065,False,2020-11-19 16:16:19.372
2020-11-20,3570.7075,0.000964,0.016864,0.0904791950017249,3.5231998563182545,-0.7032912620993056,1.91892380931052,0.0459214796947629,-3.044716012279058,0.012238035165542,0.1258370819541286,1237,True,20,255,1237,309753,3556.85,3584.9407,0.00789763414257,False,2020-11-20 16:14:52.638
2020-11-24,3625.2684,0.000964,0.016511,0.0876503005872337,3.313958719728034,-0.6700040441586718,1.9016665973012024,0.0431880103062461,-3.035396891455441,0.0110805666486369,0.1163216535854158,1320,True,20,265,1320,296536,3596.7,3642.12,0.012628242555676,False,2020-11-24 16:15:20.530
2020-12-01,3666.4199,0.001065,0.016585,0.0756873246753814,3.937646704752308,-0.6480548233604246,1.9414061981522683,0.0409282649991898,-3.1729981370249765,0.011353317335844,0.1291695542029043,1285,True,20,242,1285,294177,3651.73,3678.45,0.0073170798498245,False,2020-12-01 16:14:45.554
2021-01-04,3706.4353,0.000609,0.015858,0.1171514929702008,1.997501441162378,-0.7537455758385568,1.8593133430102304,0.0591943790710369,-2.989025555411277,0.0145728639604102,0.1463069873863365,1484,True,20,255,1484,277839,3662.71,3775.517,0.0307987801382036,True,2021-01-04 16:21:05.770
2021-01-06,3757.9774,0.0004059999999999,0.01566,0.0998171419788805,2.859565551085694,-0.7519126041595292,1.971417923194572,0.0441358299029248,-3.3156213066715243,0.0130494625135357,0.1434632157014397,1406,True,20,280,1406,323657,3705.34,3782.86,0.0209211570328229,False,2021-01-06 16:15:09.944
2021-01-11,3804.5773,0.001142,0.015484,0.1195162463052444,2.1454168165810588,-0.7593353398334332,1.9426026605582456,0.0505039303236637,-3.2608807674521447,0.0094345671407878,0.1179003143289492,1327,True,20,270,1327,276839,3789.02,3817.81,0.0075982707929755,False,2021-01-11 16:15:46.927
2021-01-20,3841.7756,0.000913,0.0152889999999999,0.1052497961458631,2.6430396686048003,-0.7516131949064048,1.905950776614104,0.0404260553533684,-3.0762895902237366,0.0103859247766823,0.1159832940347032,1320,True,20,243,1320,355105,3810.7249,3859.75,0.0128650325821209,False,2021-01-20 16:47:16.290
2021-02-08,3904.7946,0.000583,0.014748,0.0985846967121927,3.728622577352956,-0.7410186246826823,1.9893798677818049,0.0342086706139867,-3.2224620064504004,0.0124871242744131,0.1291821723070446,1303,True,20,268,1303,267146,3894.3,3915.77,0.0055131859384227,False,2021-02-08 16:16:43.783
2021-02-09,3912.4957,0.000609,0.0147649999999999,0.1016805372359136,3.5494978155157817,-0.7340169301315227,1.993180669492209,0.0336302461810386,-3.250939491638717,0.0124968805945984,0.1319991417751801,1209,True,20,243,1209,333177,3902.66,3918.35,0.0040203348485392,False,2021-02-09 16:44:18.724
2021-05-04,4148.363,0.000583,0.013871,0.0987424545719685,2.502385897090148,-0.7844233875921843,1.619801908280489,0.0322140279471453,-2.1295747705391967,0.007452201161084,0.1138548082256236,1383,True,20,268,1383,278422,4128.59,4189.681,0.0147970614665053,False,2021-05-04 16:14:38.366000
2021-05-10,4218.2474,0.000761,0.013715,0.0786988792320081,3.2865909436596845,-0.7434826195942349,1.916080178505712,0.026013634669708,-3.1540612029423114,0.0072944402254032,0.109068288682894,1295,True,20,273,1295,239803,4188.21,4238.485,0.0120039348552245,False,2021-05-10 16:17:21.853000
2021-05-11,4143.2237,0.001269,0.0138369999999999,0.0872652060828328,2.8878530932234123,-0.7881842212045548,1.8360223014007355,0.0431650194530652,-2.8669597006066776,0.0067073760590276,0.0836574583434451,1433,True,20,265,1433,343605,4111.53,4161.74,0.0122119989395674,False,2021-05-11 16:16:22.972000
2021-05-13,4111.1292,0.0003549999999999,0.013987,0.1049130424665886,2.1949576188231315,-0.7962314377409032,1.8093706825346128,0.0489690007166452,-2.813262903063866,0.0085254351669279,0.1097025239776305,1445,True,20,316,1445,324716,4049.154,4131.57,0.0203538813292849,False,2021-05-13 16:48:56.492000
2021-05-14,4165.6164,0.0004059999999999,0.0137779999999999,0.0940522333964511,2.3647827236913472,-0.7748319961516366,1.6721384080933634,0.0305245913323134,-2.35122066249998,0.0073179180885631,0.1120471145904054,1431,True,20,303,1431,333902,4128.438,4183.02,0.0132209809133625,False,2021-05-14 16:15:40.704000
2021-05-17,4156.0576,0.0004059999999999,0.0138129999999999,0.1091123455530774,2.369905970777729,-0.7902915538704594,1.8769426425791595,0.0338336950431042,-3.005741685108436,0.0077757963429182,0.1202264220988099,1389,True,20,254,1389,281647,4142.69,4171.92,0.0070558019064907,False,2021-05-17 16:15:49.078000
2021-05-18,4156.9938,0.0003799999999999,0.0139379999999999,0.1116851988072011,2.0301101708453064,-0.79171804187881,1.7089172711643517,0.0308806899497214,-2.466931723621056,0.0087449006882444,0.1284634098590563,1376,True,20,284,1376,359937,4125.99,4175.324,0.0119568879226561,False,2021-05-18 16:16:56.683000
2021-05-19,4087.0792,0.000431,0.013991,0.1353313764037369,1.8586854360649463,-0.8113682570711315,1.743042858983609,0.0445024218234416,-2.535121491525255,0.0112173203906368,0.1488090573716,1470,True,20,255,1470,376451,4061.41,4116.63,0.0135962633666633,False,2021-05-19 16:18:34.035000
2021-06-01,4206.9354,0.001015,0.013736,0.0805517138645849,3.0247297842363694,-0.7524760276532626,1.918329071814159,0.0241657904115373,-3.1926920915723818,0.0055822483135826,0.0990582150747046,1328,True,20,271,1328,294287,4197.72,4233.84,0.0086046711071723,False,2021-06-01 16:14:55.458000
2021-06-18,4180.5353,0.000761,0.013922,0.0903738691993826,2.6565937222682847,-0.8204152434630166,1.7245216225526532,0.0279330659720125,-2.4938015195072856,0.0058996426636579,0.0972324910943162,1450,True,20,251,1450,463775,4164.54,4219.127,0.013107570103781,False,2021-06-18 16:30:23.990000
2021-07-19,4251.6613,0.0007099999999999,0.013694,0.1484871985175725,1.4980038854166569,-0.8585272371136671,1.7270487735048912,0.0424949803973184,-2.537828665436833,0.0090877769140708,0.1330128256724655,1552,True,20,251,1552,483734,4233.13,4295.739,0.0147902379563111,False,2021-07-19 16:14:53.251000
2021-09-17,4439.7413,0.000634,0.013381,0.1159851142484634,2.3145443308274505,-0.8442054699111338,1.88622016386746,0.0292071737184471,-3.0209211292918754,0.0055710723094444,0.0879034992449325,1440,True,20,273,1440,356907,4421.6533,4476.4189,0.0123857743437278,False,2021-09-17 16:14:51.767000
2021-09-22,4395.1394,0.0007099999999999,0.013451,0.0999878985575744,2.781083269388184,-0.8226274846445675,1.9796473991193844,0.0389002100990498,-3.3628544812006367,0.0065794391096112,0.0946547763108536,1372,True,19,264,1372,377590,4367.6115,4416.8654,0.0112770790167577,False,2021-09-22 16:16:56.125000
2021-09-28,4367.6339,0.000735,0.013593,0.1861498136183988,1.146522681466244,-0.8353402453714829,1.8685543218976617,0.0433090106600095,-3.064645286954014,0.0091161206292651,0.1272170909886452,1508,True,20,302,1508,528324,4345.1624,4429.5552,0.0194222429983284,False,2021-09-28 16:16:39.622000
2021-09-29,4370.114,0.000685,0.013581,0.1146654251906393,2.394538971125856,-0.8569641378391336,1.8785800184232389,0.0430099615098525,-2.979921227099652,0.0060372112840601,0.0958183575212626,1354,True,19,258,1354,318091,4355.1243,4387.4955,0.0074328992171359,False,2021-09-29 16:14:21.925000
2021-09-30,4336.9555,0.000685,0.013752,0.2150391023926495,0.8591099653929262,-0.856679018269192,1.5563712197284378,0.0420761701056035,-2.052806901969636,0.0084591615149874,0.1263869087086376,1529,True,20,291,1529,843732,4304.462,4397.834,0.0216919094651084,False,2021-09-30 16:14:59.609000
2021-10-01,4329.4301,0.000685,0.013752,0.1293622803936278,1.487080651895892,-0.8340523328093111,1.484825013819163,0.0400512797428611,-1.819961033146088,0.0078167917782308,0.1045914016648004,1552,True,20,276,1552,416944,4270.7065,4375.825,0.0246138431662301,False,2021-10-01 16:14:51.736000
2021-10-04,4299.371,0.000685,0.013752,0.1564890781336065,1.1611617724310392,-0.837574584356653,1.464968928180375,0.0475856039830722,-1.7827156898705208,0.0062269970527511,0.0907003887451777,1539,True,20,265,1539,350869,4278.0439,4353.7371,0.0176934135715625,False,2021-10-04 16:16:31.607000
2021-10-05,4355.0807,0.0004059999999999,0.013654,0.1269647109168992,1.6713521705102656,-0.8155947231481296,1.602708144433262,0.0379631417786082,-2.144267905894374,0.0058167912157991,0.0977836476992375,1474,True,20,277,1474,357596,4300.0739,4369.5348,0.01615342006099,False,2021-10-05 16:15:11.466000
2021-10-06,4324.4439,0.0004059999999999,0.0135979999999999,0.112036067239822,1.877552780709464,-0.8179679858696769,1.5423621927189697,0.0431688842735886,-1.9581738743571069,0.0076237011152427,0.1120028538180111,1474,True,20,288,1474,405721,4284.702,4365.7774,0.0189220627245487,False,2021-10-06 16:18:51.077000
2021-10-07,4418.4777,0.0004059999999999,0.0135979999999999,0.1077842629079718,2.252947934984268,-0.8096577108526054,1.7075293395263598,0.0301349871505957,-2.429991780258693,0.0054011389780519,0.1005179922263819,1507,True,20,287,1507,400002,4381.8794,4430.7317,0.0111487093871183,False,2021-10-07 16:14:59.289000
2021-10-08,4399.7381,0.0007099999999999,0.013523,0.0984229629225932,2.6840504714279576,-0.8188643351355037,1.5882617292987495,0.0243413026461942,-1.994230920691609,0.0058395591089602,0.1169064187687587,1387,True,20,277,1387,250995,4386.062,4416.3896,0.0069145397397485,False,2021-10-08 16:44:34.065000
2021-10-11,4391.6894,0.0015229999999999,0.0136169999999999,0.1034671737503948,2.547742129979014,-0.8271065231554358,1.6219673413462794,0.025959292390432,-2.103562701126438,0.00711274534195,0.1383093963047604,1381,True,20,284,1381,268720,4355.7726,4416.4881,0.0139390885557246,False,2021-10-11 16:30:29.199000
2021-10-12,4356.9359,0.002514,0.01365,0.1095093548392301,1.901190918894276,-0.8190081334053811,1.449159219568289,0.0305015710401987,-1.6836660617511416,0.0050385737309088,0.0924606792749956,1437,True,20,268,1437,269026,4328.3261,4374.4459,0.010655343182206,False,2021-10-12 16:17:02.488000
2021-10-13,4351.2521,0.0009379999999999,0.013621,0.0973533517907582,2.0725018151358685,-0.7990079641307026,1.4720390303858666,0.0303921155578788,-1.7633689103875478,0.0057877416506423,0.0894500483226701,1419,True,20,288,1419,280762,4329.0711,4373.802,0.0103326785277331,False,2021-10-13 16:16:56.223000
2021-10-14,4426.4021,0.0009379999999999,0.013407,0.0879607963166415,2.686817829492209,-0.7647653145274008,1.7806766676996784,0.0228987060669528,-2.69814012321026,0.0062096956423126,0.1007410859443192,1525,True,20,285,1525,387131,4383.0967,4440.4947,0.0130953077079043,False,2021-10-14 16:14:53.936000
2021-10-20,4533.7298,0.000862,0.013122,0.0801073397505761,2.922644352828124,-0.7514150543767262,1.7697843740381205,0.016636162650472,-2.6638862023052914,0.0081075602958748,0.1268187581439339,1370,True,20,280,1370,395675,4513.4193,4541.3003,0.0061773564889042,False,2021-10-20 16:28:44.144000
2021-10-22,4544.4197,0.001091,0.013103,0.0783273513331514,3.4448092654524096,-0.7880203310894679,1.8167177077862755,0.0138738962079288,-2.7608176585626456,0.0067615115741089,0.124478728934541,1363,True,20,284,1363,302118,4523.9881,4560.006,0.0079615372993577,False,2021-10-22 16:14:36.300000
2021-10-25,4561.9904,0.001116,0.013042,0.0771042994638474,3.212987907427154,-0.7836598963791724,1.7004287685980235,0.0149676640557575,-2.395987633499823,0.0062907400913015,0.1134748458843705,1325,True,20,253,1325,262694,4537.6531,4572.1675,0.0076062226969264,False,2021-10-25 16:14:53.130000
2021-10-27,4573.4249,0.001091,0.013085,0.0931271248048392,2.8403068916730376,-0.8007081986959462,1.9425086359686168,0.017938665672636,-3.244320572042896,0.0059887492417236,0.1346324803651696,1208,True,19,300,1208,379629,4552.1802,4584.5106,0.0071021793030072,False,2021-10-27 16:19:48.566000
2021-11-29,4654.0986,0.001802,0.012963,0.1969090169087643,1.1012581546207283,-0.8287099975906789,1.8431540527267591,0.0409393630719719,-2.963521540904821,0.009838781745022,0.1281257316791861,1389,True,20,284,1389,339658,4623.1607,4673.4299,0.0108733403967549,False,2021-11-29 16:14:51.046000
2021-12-14,4627.3888,0.002387,0.013024,0.11319646439486623,2.286144454135696,-0.7960361725618682,1.771754955548571,0.03922037348122066,-2.621548683902734,0.008475781591381001,0.11274268750516388,1362,True,19,285,1362,344373,4606.4075,4684.3458,0.016919540878656436,False,2021-12-14 16:14:58.682000
2021-12-16,4695.0529,0.0023610000000000003,0.012945,0.11505836760487934,2.114264892711778,-0.7764364673325478,1.7954676204171316,0.029904713070082068,-2.737176241486912,0.010713611330683314,0.14160232407002435,1336,True,20,311,1336,415867,4651.4263,4752.0101,0.021624291886555458,False,2021-12-16 16:20:47.623000
2021-12-17,4634.0721,0.002438,0.0131,0.12883839540925093,1.5956229621394231,-0.7883941991308338,1.5074570795014448,0.03704990586789933,-1.861271842298627,0.009410656058411519,0.11023296703328447,1417,True,20,301,1417,361753,4598.9508,4672.3694,0.015964206444652573,False,2021-12-17 16:15:49.807000
2021-12-20,4549.9044,0.002438,0.013222000000000001,0.15239278098182005,1.3599794910536191,-0.8231849321228432,1.5261375583821426,0.05427414943373385,-1.9145937336648053,0.007992479298794266,0.08302273060897235,1571,True,20,298,1571,315997,4530.4786,4580.7986,0.011106994302986006,False,2021-12-20 16:19:43.993000
2021-12-21,4621.4998,0.002514,0.012999,0.0984547774350549,2.611222007841021,-0.7780519791182453,1.751805787546407,0.03973815820738168,-2.5546489540500774,0.008882589071811614,0.09619314779909593,1412,True,20,255,1412,472392,4582.2365,4651.8396,0.015189765958173451,False,2021-12-21 16:14:40.198000
2021-12-22,4675.2719,0.002539,0.012873,0.10668206672515639,2.4811107558486256,-0.7591523260620054,1.9395864312605633,0.03085781082981002,-3.2326154779141953,0.010084595397960307,0.133708601113987,1349,True,20,319,1349,284458,4636.2891,4699.0655,0.013540225522174598,False,2021-12-22 16:15:01.047000
2021-12-31,4775.115,0.0037619999999999997,0.012701,0.08947857235839071,2.747275095130787,-0.7568809851833636,1.7748638135297914,0.019302771763902285,-2.658497049801384,0.00894381986635467,0.12110843442563457,1270,True,20,286,1270,632004,4764.8545,4786.8279,0.0046115573938301235,False,2021-12-31 16:14:54.810000
2022-01-04,4797.6339,0.016649,0.012645,0.08634059841843152,2.715055571903252,-0.7435269476104422,1.7947444020081573,0.01764554871171427,-2.752268422904771,0.008239303223757176,0.11260912742844642,1432,True,20,312,1432,360572,4774.1444,4817.5538,0.00909260306412163,False,2022-01-04 16:14:51.739000
2022-01-05,4754.2118,0.016649,0.012645,0.09373718529317998,2.4097583579256763,-0.7644344541053621,1.6290632946803654,0.020565308550406534,-2.2020792866575105,0.010145661461205368,0.13140679407065395,1437,True,20,294,1437,574640,4698.5306,4797.3266,0.021026999377209643,False,2022-01-05 16:27:40.534000
2022-01-06,4699.5636,0.020943999999999997,0.012922,0.13493115481952292,1.3782198717095149,-0.8024262251221983,1.5619003104913867,0.029821525806343143,-2.067602982143131,0.00776083909923665,0.103233626428306,1522,True,20,288,1522,437282,4671.3788,4724.5317,0.011378417866690471,False,2022-01-06 16:14:46.376000
2022-01-07,4684.2783,0.026602,0.012912999999999999,0.10982624994405085,1.901743962455655,-0.7989185753106872,1.553039583315702,0.02735153117128372,-1.9942091318449204,0.006737260550799536,0.0914068760052754,1534,True,20,283,1534,308887,4662.8341,4707.751,0.009632961207004964,False,2022-01-07 16:15:26.099000
2022-01-10,4613.8834,0.026602,0.012912999999999999,0.09241164937734164,2.4577707475140382,-0.804427168935091,1.6365166531627056,0.03770965765910101,-2.223933458940555,0.008891759576452721,0.1153000903335784,1592,True,20,218,1592,503366,4581.7313,4688.7576,0.023359357629723743,False,2022-01-10 16:14:40.665000
2022-01-11,4683.4146,0.046258,0.012814,0.09902809289341565,1.7149889264604385,-0.759305422085532,1.5214048178361192,0.02817536289990275,-1.9750084542935482,0.007479294648314055,0.08810043252528625,1412,True,20,296,1412,351592,4637.12,4716.6488,0.017150472707197606,False,2022-01-11 16:16:12.408000
2022-01-12,4727.8001,0.046153000000000007,0.01278,0.09799555785921382,1.7664012636818032,-0.7339761614754455,1.611352598818218,0.02444814982784593,-2.250258243242788,0.005191653297600533,0.07183615096957041,1424,True,20,278,1424,367206,4705.3815,4748.1816,0.009095989347516209,False,2022-01-12 16:14:48.624000
2022-01-13,4697.1879,0.004399,0.012982,0.11603582386005244,1.6929527666357813,-0.7855210661571544,1.5832324964743896,0.028677116925600037,-2.1137387998270523,0.008018918850701435,0.12298333086831204,1446,True,20,281,1446,322471,4651.0133,4744.1486,0.020024733104934578,False,2022-01-13 16:16:03.992000
2022-01-14,4641.3405,0.004756,0.012972999999999998,0.1274057436276418,1.3044944685144484,-0.8105692826635108,1.3361630736228212,0.03476298854729594,-1.4529315836747272,0.008086207062417755,0.09831252646936241,1438,True,20,303,1438,341339,4613.8514,4674.5221,0.01314968661539484,False,2022-01-14 16:15:00
2022-01-18,4585.7735,0.00542,0.01322,0.13872122044341118,1.1821223275824697,-0.8162587576228616,1.3678790601927318,0.04537571409522854,-1.543122219322459,0.0055113834259949744,0.07037783777776697,1568,True,20,271,1568,493151,4568.1929,4638.7731,0.015450354559239488,False,2022-01-18 16:27:52.339000
2022-01-19,4576.9319,0.005343,0.013351,0.14199072787929162,1.0670771566160095,-0.8334911718876448,1.2502164348299762,0.04517030987459549,-1.260011009576432,0.005413466867116711,0.07118733665158737,1578,True,20,270,1578,481988,4529.9171,4611.4329,0.017994987148881814,False,2022-01-19 16:15:38.585000
2022-01-20,4555.7082,0.0053939999999999995,0.013508,0.12705340597122108,1.1390942758761702,-0.8154824854039046,1.2349996511151244,0.04605894211571318,-1.2357725233097008,0.00998294720275792,0.10756749120309125,1527,True,20,298,1527,495039,4450.8826,4602.0157,0.03395575969584108,True,2022-01-20 16:45:31.534000
2022-01-21,4444.3592,0.00547,0.013768,0.11253839952730907,1.4598635624053262,-0.8635506783912886,1.217445215998827,0.06360691970547143,-1.153591436275768,0.008479976492704445,0.07187796088562494,1600,True,20,222,1600,740905,4390.9244,4494.5665,0.023603708594937434,False,2022-01-21 16:15:29.955000
2022-01-24,4304.8352,0.005496,0.01373,0.14035025676991728,1.4501576713478292,-0.8382556553925926,1.6947870572858048,0.10689741862541112,-2.465243166482412,0.017278143628735972,0.11799652205561945,1600,True,20,239,1600,895092,4221.8055,4431.9939,0.04978637694228216,True,2022-01-24 16:42:18.186000
2022-01-25,4340.068,0.005879,0.0139,0.1400683814869305,1.2219106426458697,-0.8346353837350751,1.560618838648086,0.09632876046038603,-2.0932290674691765,0.012983788935556108,0.08974017368869659,1575,True,20,299,1575,714484,4286.3612,4411.2251,0.029130512846187395,False,2022-01-25 16:21:56.743000
