date,reason,detail,iv_rmse,n_maturities,n_strikes,n_cells
2012-01-06,iv_miss,calibration rejected (iv_rmse=0.0231 > 0.02),0.0230983664115177,8.0,99.0,267.0
2012-01-18,pegged,calibration rejected (boundary-pegged),0.0132386009546814,9.0,107.0,313.0
2012-01-20,pegged,calibration rejected (boundary-pegged),0.0134747597008018,7.0,95.0,241.0
2012-01-23,pegged,calibration rejected (boundary-pegged),0.0129946635293483,9.0,103.0,315.0
2012-01-24,pegged,calibration rejected (boundary-pegged),0.015564361912103,8.0,91.0,260.0
2012-01-31,pegged,calibration rejected (boundary-pegged),0.0160357318629717,9.0,103.0,322.0
2012-02-01,pegged,calibration rejected (boundary-pegged),0.0161728032758311,11.0,111.0,371.0
2012-02-02,pegged,calibration rejected (boundary-pegged),0.0175341150447873,9.0,90.0,267.0
2012-02-03,pegged,calibration rejected (boundary-pegged),0.0184323653404904,10.0,99.0,345.0
2012-02-15,pegged,calibration rejected (boundary-pegged),0.0136364991765755,7.0,110.0,347.0
2012-02-16,pegged,calibration rejected (boundary-pegged),0.0108449022859996,8.0,101.0,325.0
2012-02-17,pegged,calibration rejected (boundary-pegged),0.0130124111783425,9.0,95.0,269.0
2012-02-21,pegged,calibration rejected (boundary-pegged),0.0135941392885911,9.0,101.0,324.0
2012-02-22,pegged,calibration rejected (boundary-pegged),0.0152170642903334,7.0,98.0,286.0
2012-02-23,pegged,calibration rejected (boundary-pegged),0.0167834758449623,10.0,101.0,346.0
2012-02-24,pegged,calibration rejected (boundary-pegged),0.0175301799770083,8.0,90.0,283.0
2012-02-27,pegged,calibration rejected (boundary-pegged),0.0163207353088736,11.0,102.0,380.0
2012-02-28,pegged,calibration rejected (boundary-pegged),0.0188506676802111,9.0,100.0,301.0
2012-02-29,pegged,calibration rejected (boundary-pegged),0.0185500201452859,10.0,112.0,412.0
2012-03-01,pegged,calibration rejected (boundary-pegged),0.0163357812217623,9.0,96.0,304.0
2012-03-02,iv_miss,calibration rejected (iv_rmse=0.0202 > 0.02),0.0201917746979642,10.0,93.0,315.0
2012-03-05,pegged,calibration rejected (boundary-pegged),0.0159116591633781,8.0,94.0,269.0
2012-03-06,pegged,calibration rejected (boundary-pegged),0.0135171359611328,11.0,113.0,350.0
2012-03-07,pegged,calibration rejected (boundary-pegged),0.0128536334889726,8.0,109.0,292.0
2012-03-08,pegged,calibration rejected (boundary-pegged),0.0106640710177244,8.0,102.0,289.0
2012-03-09,pegged,calibration rejected (boundary-pegged),0.0156594733349461,9.0,91.0,261.0
2012-03-12,pegged,calibration rejected (boundary-pegged),0.0172010772518815,9.0,89.0,248.0
2012-03-13,pegged,calibration rejected (boundary-pegged),0.0182478714310406,10.0,119.0,430.0
2012-03-14,iv_miss,calibration rejected (iv_rmse=0.0240 > 0.02),0.0239583076748751,9.0,109.0,368.0
2012-03-15,iv_miss,calibration rejected (iv_rmse=0.0235 > 0.02),0.0235242087322114,10.0,115.0,385.0
2012-03-16,pegged,calibration rejected (boundary-pegged),0.0147895652421529,8.0,93.0,252.0
2012-03-19,pegged,calibration rejected (boundary-pegged),0.0123220585356758,12.0,110.0,369.0
2012-03-21,pegged,calibration rejected (boundary-pegged),0.0184659278388287,9.0,100.0,272.0
2012-04-02,iv_miss,calibration rejected (iv_rmse=0.0416 > 0.02),0.0416169360616488,9.0,122.0,364.0
2012-04-03,pegged,calibration rejected (boundary-pegged),0.0134223076411072,11.0,111.0,340.0
2012-04-04,pegged,calibration rejected (boundary-pegged),0.0168158492080239,10.0,104.0,320.0
2012-04-18,pegged,calibration rejected (boundary-pegged),0.0141087760438148,7.0,99.0,231.0
2012-05-22,iv_miss,calibration rejected (iv_rmse=0.0247 > 0.02),0.024689502254022,9.0,113.0,387.0
2012-05-30,pegged,calibration rejected (boundary-pegged),0.0146488492370717,9.0,101.0,339.0
2012-06-08,iv_miss,calibration rejected (iv_rmse=0.0217 > 0.02),0.021732486676473,11.0,116.0,373.0
2012-06-11,iv_miss,calibration rejected (iv_rmse=0.0209 > 0.02),0.0209036650294326,12.0,124.0,392.0
2012-06-18,pegged,calibration rejected (boundary-pegged),0.015499768796577,11.0,104.0,352.0
2012-08-13,pegged,calibration rejected (boundary-pegged),0.0145803556860677,11.0,92.0,335.0
2012-08-16,pegged,calibration rejected (boundary-pegged),0.0187248109345175,12.0,108.0,452.0
2012-08-20,pegged,calibration rejected (boundary-pegged),0.01172370334389,12.0,95.0,349.0
2012-08-30,pegged,calibration rejected (boundary-pegged),0.0130877805941854,11.0,95.0,379.0
2012-09-04,pegged,calibration rejected (boundary-pegged),0.0106577297286131,10.0,95.0,358.0
2012-09-05,pegged,calibration rejected (boundary-pegged),0.0155517423900885,10.0,92.0,335.0
2012-09-06,iv_miss,calibration rejected (iv_rmse=0.0229 > 0.02),0.0228853572647577,13.0,106.0,458.0
2012-09-07,iv_miss,calibration rejected (iv_rmse=0.0257 > 0.02),0.0257376615361012,12.0,90.0,362.0
2012-09-11,pegged,calibration rejected (boundary-pegged),0.0151407904174148,11.0,90.0,308.0
2012-09-13,pegged,calibration rejected (boundary-pegged),0.016057144602841,11.0,116.0,488.0
2012-09-17,pegged,calibration rejected (boundary-pegged),0.0138214219712197,10.0,97.0,312.0
2012-09-18,pegged,calibration rejected (boundary-pegged),0.0127568042851436,9.0,91.0,289.0
2012-09-19,pegged,calibration rejected (boundary-pegged),0.0167026912347621,11.0,103.0,373.0
2012-09-20,pegged,calibration rejected (boundary-pegged),0.015853339310409,8.0,104.0,351.0
2012-09-21,pegged,calibration rejected (boundary-pegged),0.0129693855923735,10.0,101.0,337.0
2012-09-24,pegged,calibration rejected (boundary-pegged),0.0138559428369057,11.0,111.0,339.0
2012-09-25,pegged,calibration rejected (boundary-pegged),0.0129674330788795,11.0,118.0,456.0
2012-09-26,pegged,calibration rejected (boundary-pegged),0.0126392271261165,10.0,110.0,398.0
2012-09-27,pegged,calibration rejected (boundary-pegged),0.014380349329915,13.0,120.0,460.0
2012-09-28,pegged,calibration rejected (boundary-pegged),0.0128761409326721,11.0,95.0,338.0
2012-10-01,pegged,calibration rejected (boundary-pegged),0.0134493850545311,12.0,116.0,391.0
2012-10-02,pegged,calibration rejected (boundary-pegged),0.0141974359649173,11.0,108.0,341.0
2012-10-03,pegged,calibration rejected (boundary-pegged),0.0134418987122875,9.0,96.0,306.0
2012-10-04,pegged,calibration rejected (boundary-pegged),0.0141789272000092,14.0,101.0,393.0
2012-10-05,pegged,calibration rejected (boundary-pegged),0.0158880300214708,12.0,112.0,436.0
2012-10-08,pegged,calibration rejected (boundary-pegged),0.0120064670555717,10.0,96.0,247.0
2012-10-09,pegged,calibration rejected (boundary-pegged),0.0109508114280702,11.0,114.0,372.0
2012-10-10,pegged,calibration rejected (boundary-pegged),0.0120929328195484,12.0,107.0,393.0
2012-10-11,pegged,calibration rejected (boundary-pegged),0.0129492702697668,11.0,105.0,355.0
2012-10-12,pegged,calibration rejected (boundary-pegged),0.0102803689637238,10.0,106.0,350.0
2012-10-15,pegged,calibration rejected (boundary-pegged),0.0117754249400929,10.0,108.0,368.0
2012-10-17,pegged,calibration rejected (boundary-pegged),0.0139692162673848,10.0,113.0,357.0
2012-10-18,pegged,calibration rejected (boundary-pegged),0.0114181118811269,12.0,109.0,371.0
2012-10-19,pegged,calibration rejected (boundary-pegged),0.0126837548687774,10.0,109.0,440.0
2012-10-22,pegged,calibration rejected (boundary-pegged),0.0101673569674909,10.0,111.0,393.0
2012-10-23,pegged,calibration rejected (boundary-pegged),0.0117969026591911,12.0,106.0,445.0
2012-10-24,pegged,calibration rejected (boundary-pegged),0.0120762054796604,11.0,102.0,362.0
2012-10-25,pegged,calibration rejected (boundary-pegged),0.0139891204707628,12.0,109.0,396.0
2012-10-26,pegged,calibration rejected (boundary-pegged),0.0128229753433257,11.0,111.0,371.0
2012-10-31,pegged,calibration rejected (boundary-pegged),0.0137499936121119,12.0,110.0,394.0
2012-11-02,pegged,calibration rejected (boundary-pegged),0.0144772177407534,12.0,117.0,463.0
2012-11-15,pegged,calibration rejected (boundary-pegged),0.0159652393602697,12.0,118.0,534.0
2012-11-21,pegged,calibration rejected (boundary-pegged),0.0177474215397421,10.0,101.0,362.0
2012-11-26,pegged,calibration rejected (boundary-pegged),0.0150624788899071,10.0,119.0,395.0
2012-11-27,pegged,calibration rejected (boundary-pegged),0.0147224391122942,9.0,118.0,425.0
2012-11-28,pegged,calibration rejected (boundary-pegged),0.014273746689553,9.0,121.0,432.0
2012-11-29,pegged,calibration rejected (boundary-pegged),0.0138737889932925,11.0,116.0,418.0
2012-11-30,pegged,calibration rejected (boundary-pegged),0.0180195695228963,11.0,110.0,337.0
2012-12-03,pegged,calibration rejected (boundary-pegged),0.0141594876880887,10.0,117.0,414.0
2012-12-04,pegged,calibration rejected (boundary-pegged),0.0119405374489768,9.0,108.0,366.0
2012-12-05,pegged,calibration rejected (boundary-pegged),0.0132113608544584,10.0,120.0,415.0
2012-12-06,pegged,calibration rejected (boundary-pegged),0.0170317034123772,10.0,102.0,375.0
2012-12-07,iv_miss,calibration rejected (iv_rmse=0.0301 > 0.02),0.0300740810026644,11.0,108.0,403.0
2012-12-12,pegged,calibration rejected (boundary-pegged),0.0138017767044446,12.0,114.0,411.0
2012-12-13,pegged,calibration rejected (boundary-pegged),0.0127268826158266,11.0,111.0,414.0
2012-12-14,pegged,calibration rejected (boundary-pegged),0.0136613483217351,11.0,91.0,318.0
2012-12-19,pegged,calibration rejected (boundary-pegged),0.0129325262315209,10.0,116.0,379.0
2012-12-20,pegged,calibration rejected (boundary-pegged),0.0159446604968053,11.0,116.0,401.0
2012-12-21,pegged,calibration rejected (boundary-pegged),0.0095865805892404,11.0,112.0,423.0
2012-12-24,pegged,calibration rejected (boundary-pegged),0.0087941009098483,10.0,94.0,257.0
2012-12-26,pegged,calibration rejected (boundary-pegged),0.0113102491454391,12.0,121.0,410.0
2012-12-27,pegged,calibration rejected (boundary-pegged),0.0107987957676239,15.0,142.0,553.0
2012-12-31,pegged,calibration rejected (boundary-pegged),0.0151008970556306,13.0,124.0,508.0
2013-01-02,pegged,calibration rejected (boundary-pegged),0.0131397459403261,12.0,116.0,495.0
2013-01-03,pegged,calibration rejected (boundary-pegged),0.0140866059439327,13.0,106.0,428.0
2013-01-04,pegged,calibration rejected (boundary-pegged),0.0151380790084077,13.0,102.0,448.0
2013-01-16,pegged,calibration rejected (boundary-pegged),0.0137129534008652,10.0,115.0,358.0
2013-01-17,pegged,calibration rejected (boundary-pegged),0.0119950508723865,14.0,129.0,484.0
2013-01-18,no_trades,no trades after IV/DTM filter,,,,
2013-01-22,pegged,calibration rejected (boundary-pegged),0.0096350563133224,12.0,111.0,430.0
2013-01-23,pegged,calibration rejected (boundary-pegged),0.0114124728266831,11.0,102.0,356.0
2013-01-24,pegged,calibration rejected (boundary-pegged),0.0106955787561758,15.0,121.0,528.0
2013-01-25,pegged,calibration rejected (boundary-pegged),0.0092085956036424,13.0,123.0,418.0
2013-01-28,pegged,calibration rejected (boundary-pegged),0.0089580572492954,13.0,107.0,362.0
2013-01-29,pegged,calibration rejected (boundary-pegged),0.0090276250630289,13.0,117.0,430.0
2013-01-30,pegged,calibration rejected (boundary-pegged),0.0083939580393635,12.0,115.0,407.0
2013-01-31,pegged,calibration rejected (boundary-pegged),0.0088834426943369,13.0,101.0,393.0
2013-02-01,pegged,calibration rejected (boundary-pegged),0.0113589207439135,15.0,108.0,459.0
2013-02-06,pegged,calibration rejected (boundary-pegged),0.0079407623353465,13.0,98.0,360.0
2013-02-07,pegged,calibration rejected (boundary-pegged),0.0094120010879594,12.0,117.0,440.0
2013-02-08,pegged,calibration rejected (boundary-pegged),0.0072169700491608,11.0,93.0,362.0
2013-02-11,pegged,calibration rejected (boundary-pegged),0.0062579501284272,10.0,89.0,308.0
2013-02-12,pegged,calibration rejected (boundary-pegged),0.0090060889875828,11.0,95.0,346.0
2013-02-13,no_trades,no trades after IV/DTM filter,,,,
2013-02-14,pegged,calibration rejected (boundary-pegged),0.0100551143702596,12.0,104.0,385.0
2013-02-15,pegged,calibration rejected (boundary-pegged),0.0123014322922132,11.0,121.0,434.0
2013-02-19,pegged,calibration rejected (boundary-pegged),0.0106566368888487,13.0,106.0,437.0
2013-02-20,pegged,calibration rejected (boundary-pegged),0.0116843604591493,12.0,120.0,503.0
2013-02-21,pegged,calibration rejected (boundary-pegged),0.0094578558909127,12.0,118.0,528.0
2013-02-22,pegged,calibration rejected (boundary-pegged),0.0086534486100355,10.0,113.0,419.0
2013-02-25,pegged,calibration rejected (boundary-pegged),0.0142177274318708,12.0,140.0,525.0
2013-02-26,pegged,calibration rejected (boundary-pegged),0.0076778247222513,10.0,122.0,474.0
2013-02-27,pegged,calibration rejected (boundary-pegged),0.0090393384095233,11.0,122.0,472.0
2013-02-28,pegged,calibration rejected (boundary-pegged),0.0100962277155647,12.0,123.0,462.0
2013-03-01,pegged,calibration rejected (boundary-pegged),0.0097385489112129,12.0,105.0,446.0
2013-03-04,pegged,calibration rejected (boundary-pegged),0.0084469844769678,12.0,118.0,412.0
2013-03-05,pegged,calibration rejected (boundary-pegged),0.0088970249142938,13.0,110.0,459.0
2013-03-06,pegged,calibration rejected (boundary-pegged),0.0101927842315226,11.0,105.0,376.0
2013-03-07,pegged,calibration rejected (boundary-pegged),0.0123405788062341,12.0,108.0,375.0
2013-03-08,pegged,calibration rejected (boundary-pegged),0.0095646719687969,12.0,117.0,428.0
2013-03-11,pegged,calibration rejected (boundary-pegged),0.0112345446593692,14.0,119.0,420.0
2013-03-12,pegged,calibration rejected (boundary-pegged),0.0096010335789543,12.0,110.0,450.0
2013-03-13,pegged,calibration rejected (boundary-pegged),0.0104879159666648,11.0,116.0,370.0
2013-03-14,pegged,calibration rejected (boundary-pegged),0.0090596619689454,11.0,112.0,325.0
2013-03-15,pegged,calibration rejected (boundary-pegged),0.010370295816189,10.0,106.0,364.0
2013-03-18,pegged,calibration rejected (boundary-pegged),0.0090971318466312,12.0,112.0,426.0
2013-03-19,pegged,calibration rejected (boundary-pegged),0.0091463967735813,13.0,125.0,467.0
2013-03-20,pegged,calibration rejected (boundary-pegged),0.0103882092807238,11.0,107.0,361.0
2013-03-21,pegged,calibration rejected (boundary-pegged),0.0112851232918742,13.0,115.0,414.0
2013-03-27,pegged,calibration rejected (boundary-pegged),0.009492759035977,13.0,125.0,426.0
2013-03-28,pegged,calibration rejected (boundary-pegged),0.0101741827000767,15.0,116.0,438.0
2013-04-04,pegged,calibration rejected (boundary-pegged),0.0090016500999028,15.0,113.0,394.0
2013-04-05,pegged,calibration rejected (boundary-pegged),0.0106489908259867,14.0,120.0,510.0
2013-04-11,pegged,calibration rejected (boundary-pegged),0.0090023678730201,13.0,123.0,492.0
2013-04-15,pegged,calibration rejected (boundary-pegged),0.0118522368888487,12.0,150.0,546.0
2013-04-16,pegged,calibration rejected (boundary-pegged),0.0101916267078653,11.0,132.0,463.0
2013-04-17,pegged,calibration rejected (boundary-pegged),0.0116315294928364,15.0,139.0,517.0
2013-04-18,pegged,calibration rejected (boundary-pegged),0.0092799169013034,14.0,146.0,537.0
2013-04-22,pegged,calibration rejected (boundary-pegged),0.0082849708926274,14.0,159.0,523.0
2013-04-23,pegged,calibration rejected (boundary-pegged),0.0091831930345677,15.0,129.0,477.0
2013-04-24,pegged,calibration rejected (boundary-pegged),0.0097232604073995,14.0,113.0,370.0
2013-04-25,pegged,calibration rejected (boundary-pegged),0.0100434809876215,14.0,122.0,429.0
2013-05-14,pegged,calibration rejected (boundary-pegged),0.0097488032616328,15.0,145.0,619.0
2013-05-15,pegged,calibration rejected (boundary-pegged),0.0104528182530724,15.0,143.0,615.0
2013-05-16,pegged,calibration rejected (boundary-pegged),0.0109888766409804,15.0,137.0,597.0
2013-05-17,pegged,calibration rejected (boundary-pegged),0.0090944484876664,14.0,136.0,576.0
2013-05-21,pegged,calibration rejected (boundary-pegged),0.008536599247098,14.0,125.0,521.0
2013-05-23,pegged,calibration rejected (boundary-pegged),0.008991762014438,14.0,152.0,664.0
2013-05-28,pegged,calibration rejected (boundary-pegged),0.0098527877165035,12.0,136.0,517.0
2013-06-03,pegged,calibration rejected (boundary-pegged),0.0072340332255901,13.0,143.0,587.0
2013-06-04,pegged,calibration rejected (boundary-pegged),0.0087628376048082,13.0,150.0,531.0
2013-06-05,pegged,calibration rejected (boundary-pegged),0.0082496156606589,13.0,144.0,586.0
2013-06-06,pegged,calibration rejected (boundary-pegged),0.0096228143014092,14.0,147.0,646.0
2013-07-17,pegged,calibration rejected (boundary-pegged),0.011021157368925,12.0,106.0,347.0
2013-07-22,pegged,calibration rejected (boundary-pegged),0.0098205505223974,13.0,110.0,408.0
2013-07-23,pegged,calibration rejected (boundary-pegged),0.0095973957352542,12.0,110.0,397.0
2013-07-24,pegged,calibration rejected (boundary-pegged),0.0099130367198408,14.0,132.0,499.0
2013-07-25,pegged,calibration rejected (boundary-pegged),0.0100789380219935,14.0,120.0,425.0
2013-08-28,pegged,calibration rejected (boundary-pegged),0.0088908092134293,12.0,120.0,521.0
2013-08-29,pegged,calibration rejected (boundary-pegged),0.009422960765272,13.0,112.0,497.0
2013-09-12,pegged,calibration rejected (boundary-pegged),0.008707207747545,12.0,121.0,471.0
2013-09-18,iv_miss,calibration rejected (iv_rmse=0.0290 > 0.02),0.0290335575497657,10.0,142.0,495.0
2013-09-19,pegged,calibration rejected (boundary-pegged),0.0138652942576932,12.0,111.0,479.0
2013-09-23,pegged,calibration rejected (boundary-pegged),0.0096846505818162,11.0,124.0,445.0
2013-09-25,pegged,calibration rejected (boundary-pegged),0.0116280330136268,13.0,142.0,475.0
2013-09-26,pegged,calibration rejected (boundary-pegged),0.0121872822271035,13.0,142.0,486.0
2013-09-27,pegged,calibration rejected (boundary-pegged),0.0094246426366194,11.0,112.0,386.0
2013-09-30,pegged,calibration rejected (boundary-pegged),0.009265239623339,11.0,125.0,465.0
2013-10-01,pegged,calibration rejected (boundary-pegged),0.007517768324117,11.0,118.0,482.0
2013-10-02,pegged,calibration rejected (boundary-pegged),0.0076690708302544,10.0,129.0,450.0
2013-10-03,pegged,calibration rejected (boundary-pegged),0.009173902213321,12.0,132.0,536.0
2013-10-04,pegged,calibration rejected (boundary-pegged),0.0087993288968818,13.0,141.0,531.0
2013-10-07,pegged,calibration rejected (boundary-pegged),0.0066205080446403,12.0,119.0,477.0
2013-10-08,pegged,calibration rejected (boundary-pegged),0.0093245981332596,12.0,150.0,604.0
2013-10-09,pegged,calibration rejected (boundary-pegged),0.00921601722495,11.0,155.0,601.0
2013-10-10,pegged,calibration rejected (boundary-pegged),0.0089736866647732,11.0,135.0,530.0
2013-10-11,pegged,calibration rejected (boundary-pegged),0.0091653767558994,10.0,125.0,401.0
2013-10-14,pegged,calibration rejected (boundary-pegged),0.0121906423690501,11.0,115.0,390.0
2013-10-15,pegged,calibration rejected (boundary-pegged),0.013272883121624,10.0,116.0,405.0
2013-10-16,pegged,calibration rejected (boundary-pegged),0.0096216448413055,11.0,128.0,476.0
2013-10-17,pegged,calibration rejected (boundary-pegged),0.0099769836877059,12.0,125.0,567.0
2013-10-18,pegged,calibration rejected (boundary-pegged),0.0084377691261609,11.0,127.0,509.0
2013-10-21,pegged,calibration rejected (boundary-pegged),0.0133418545943783,11.0,95.0,375.0
2013-10-22,pegged,calibration rejected (boundary-pegged),0.01195908409917,13.0,111.0,480.0
2013-10-23,pegged,calibration rejected (boundary-pegged),0.0123251550745332,12.0,116.0,416.0
2013-10-24,pegged,calibration rejected (boundary-pegged),0.0137439797867098,13.0,120.0,439.0
2013-10-25,pegged,calibration rejected (boundary-pegged),0.0093187963027746,13.0,115.0,405.0
2013-10-28,pegged,calibration rejected (boundary-pegged),0.0088543751811184,12.0,117.0,429.0
2013-10-29,pegged,calibration rejected (boundary-pegged),0.0093977492115297,12.0,110.0,419.0
2013-10-30,pegged,calibration rejected (boundary-pegged),0.0101473335977502,12.0,142.0,512.0
2013-10-31,pegged,calibration rejected (boundary-pegged),0.0137744199903555,13.0,135.0,536.0
2013-11-01,pegged,calibration rejected (boundary-pegged),0.0122203621486382,12.0,122.0,522.0
2013-11-04,pegged,calibration rejected (boundary-pegged),0.0119067078838148,10.0,98.0,346.0
2013-11-06,pegged,calibration rejected (boundary-pegged),0.0115631383184108,12.0,115.0,415.0
2013-11-07,pegged,calibration rejected (boundary-pegged),0.0136860657439119,13.0,141.0,583.0
2013-11-08,pegged,calibration rejected (boundary-pegged),0.009670814987495,11.0,118.0,443.0
2013-11-11,pegged,calibration rejected (boundary-pegged),0.0109921651067301,10.0,111.0,343.0
2013-11-13,pegged,calibration rejected (boundary-pegged),0.0116537818482424,13.0,141.0,542.0
2013-11-14,pegged,calibration rejected (boundary-pegged),0.0101395351077204,12.0,129.0,540.0
2013-11-15,pegged,calibration rejected (boundary-pegged),0.0111417658304999,12.0,120.0,462.0
2013-11-18,pegged,calibration rejected (boundary-pegged),0.0123876972589593,13.0,128.0,503.0
2013-11-19,pegged,calibration rejected (boundary-pegged),0.0156244076017069,12.0,118.0,471.0
2013-11-20,pegged,calibration rejected (boundary-pegged),0.0188624720185969,11.0,129.0,497.0
2013-11-21,pegged,calibration rejected (boundary-pegged),0.0181422762224717,12.0,118.0,458.0
2013-11-22,pegged,calibration rejected (boundary-pegged),0.0143108990796971,11.0,123.0,425.0
2013-11-25,pegged,calibration rejected (boundary-pegged),0.014849355717021,12.0,123.0,451.0
2013-11-26,pegged,calibration rejected (boundary-pegged),0.0179570505981353,12.0,102.0,373.0
2013-11-27,pegged,calibration rejected (boundary-pegged),0.0147200663545161,12.0,119.0,391.0
2013-11-29,pegged,calibration rejected (boundary-pegged),0.010248698484259,11.0,115.0,359.0
2013-12-02,pegged,calibration rejected (boundary-pegged),0.011039795609634,11.0,109.0,396.0
2013-12-03,pegged,calibration rejected (boundary-pegged),0.0104431375476991,11.0,113.0,447.0
2013-12-04,pegged,calibration rejected (boundary-pegged),0.0119227774336904,13.0,129.0,533.0
2013-12-05,pegged,calibration rejected (boundary-pegged),0.0134326161880459,14.0,123.0,474.0
2013-12-06,pegged,calibration rejected (boundary-pegged),0.0153286208605951,12.0,127.0,478.0
2013-12-09,pegged,calibration rejected (boundary-pegged),0.0186231405803934,12.0,114.0,358.0
2013-12-10,pegged,calibration rejected (boundary-pegged),0.0163434756814003,12.0,100.0,357.0
2013-12-11,pegged,calibration rejected (boundary-pegged),0.0125967101262019,13.0,137.0,529.0
2013-12-12,pegged,calibration rejected (boundary-pegged),0.0131784098354739,13.0,121.0,498.0
2013-12-13,pegged,calibration rejected (boundary-pegged),0.0127820159446013,11.0,114.0,409.0
2013-12-16,pegged,calibration rejected (boundary-pegged),0.0137100374270422,10.0,115.0,391.0
2013-12-17,pegged,calibration rejected (boundary-pegged),0.0108041237019578,9.0,105.0,345.0
2013-12-18,pegged,calibration rejected (boundary-pegged),0.014069676524206,14.0,128.0,475.0
2013-12-19,pegged,calibration rejected (boundary-pegged),0.0184061913434511,13.0,119.0,456.0
2013-12-20,pegged,calibration rejected (boundary-pegged),0.0127591681610425,11.0,124.0,419.0
2013-12-23,pegged,calibration rejected (boundary-pegged),0.0126954435385111,13.0,104.0,366.0
2013-12-24,iv_miss,calibration rejected (iv_rmse=0.0249 > 0.02),0.0249035536610758,12.0,100.0,314.0
2013-12-26,pegged,calibration rejected (boundary-pegged),0.0150303483401286,13.0,110.0,386.0
2013-12-27,iv_miss,calibration rejected (iv_rmse=0.0220 > 0.02),0.0220029123854765,12.0,95.0,327.0
2013-12-30,pegged,calibration rejected (boundary-pegged),0.011754114962103,14.0,97.0,343.0
2013-12-31,pegged,calibration rejected (boundary-pegged),0.0106999864552421,13.0,106.0,384.0
2014-01-02,pegged,calibration rejected (boundary-pegged),0.0095866143966153,15.0,130.0,551.0
2014-01-03,pegged,calibration rejected (boundary-pegged),0.0112153223282266,15.0,118.0,490.0
2014-01-06,pegged,calibration rejected (boundary-pegged),0.0101173193655175,13.0,129.0,427.0
2014-01-07,pegged,calibration rejected (boundary-pegged),0.0136244003983073,14.0,119.0,406.0
2014-01-08,pegged,calibration rejected (boundary-pegged),0.0155117231936244,14.0,121.0,416.0
2014-01-09,pegged,calibration rejected (boundary-pegged),0.0105863133461431,13.0,121.0,474.0
2014-01-10,pegged,calibration rejected (boundary-pegged),0.0097035877004601,12.0,123.0,437.0
2014-01-13,pegged,calibration rejected (boundary-pegged),0.0086531315268926,12.0,165.0,580.0
2014-01-14,pegged,calibration rejected (boundary-pegged),0.0093813995532741,13.0,142.0,490.0
2014-01-15,pegged,calibration rejected (boundary-pegged),0.0112682918966914,13.0,113.0,420.0
2014-01-16,pegged,calibration rejected (boundary-pegged),0.0102368630919812,14.0,124.0,420.0
2014-01-17,pegged,calibration rejected (boundary-pegged),0.0070722124242392,11.0,141.0,502.0
2014-01-21,pegged,calibration rejected (boundary-pegged),0.0122246289210385,16.0,125.0,523.0
2014-01-22,pegged,calibration rejected (boundary-pegged),0.0136964554266035,14.0,112.0,420.0
2014-01-23,pegged,calibration rejected (boundary-pegged),0.0089026222055817,17.0,143.0,641.0
2014-01-24,pegged,calibration rejected (boundary-pegged),0.0103686928116565,18.0,174.0,763.0
2014-01-27,pegged,calibration rejected (boundary-pegged),0.0085082240868894,16.0,146.0,741.0
2014-01-28,pegged,calibration rejected (boundary-pegged),0.0114434369445376,16.0,137.0,556.0
2014-01-29,pegged,calibration rejected (boundary-pegged),0.0085382230037998,14.0,135.0,614.0
2014-01-30,pegged,calibration rejected (boundary-pegged),0.0094001704996611,17.0,131.0,580.0
2014-01-31,pegged,calibration rejected (boundary-pegged),0.0073569559500142,16.0,136.0,556.0
2014-02-03,pegged,calibration rejected (boundary-pegged),0.0085650724757959,16.0,168.0,870.0
2014-02-04,pegged,calibration rejected (boundary-pegged),0.0086845776780978,15.0,145.0,661.0
2014-02-05,pegged,calibration rejected (boundary-pegged),0.0091107013698628,17.0,148.0,669.0
2014-02-06,pegged,calibration rejected (boundary-pegged),0.0100811821888897,18.0,133.0,650.0
2014-02-07,pegged,calibration rejected (boundary-pegged),0.0112958382115266,17.0,140.0,688.0
2014-02-10,pegged,calibration rejected (boundary-pegged),0.0139536573507033,16.0,122.0,481.0
2014-02-11,pegged,calibration rejected (boundary-pegged),0.0102188127961123,15.0,142.0,631.0
2014-02-12,pegged,calibration rejected (boundary-pegged),0.0105251412158311,15.0,113.0,538.0
2014-02-13,pegged,calibration rejected (boundary-pegged),0.010712969485414,16.0,131.0,618.0
2014-02-18,pegged,calibration rejected (boundary-pegged),0.0104643161372235,16.0,103.0,472.0
2014-02-19,pegged,calibration rejected (boundary-pegged),0.0099077068259473,17.0,129.0,614.0
2014-02-20,pegged,calibration rejected (boundary-pegged),0.0113966160856811,15.0,123.0,515.0
2014-02-21,pegged,calibration rejected (boundary-pegged),0.0089462652122911,15.0,126.0,503.0
2014-02-24,pegged,calibration rejected (boundary-pegged),0.0100281284825215,15.0,121.0,610.0
2014-02-25,pegged,calibration rejected (boundary-pegged),0.0143353910509147,17.0,126.0,522.0
2014-02-26,pegged,calibration rejected (boundary-pegged),0.008997422386057,14.0,121.0,526.0
2014-02-27,pegged,calibration rejected (boundary-pegged),0.0120449423288582,16.0,119.0,576.0
2014-02-28,pegged,calibration rejected (boundary-pegged),0.0083004790338741,15.0,141.0,619.0
2014-03-03,pegged,calibration rejected (boundary-pegged),0.0077461332471577,15.0,139.0,609.0
2014-03-04,pegged,calibration rejected (boundary-pegged),0.0082031099142738,15.0,129.0,574.0
2014-03-05,pegged,calibration rejected (boundary-pegged),0.0101138298349039,15.0,109.0,450.0
2014-03-06,pegged,calibration rejected (boundary-pegged),0.0126109268413412,16.0,133.0,583.0
2014-03-07,pegged,calibration rejected (boundary-pegged),0.0117531709088205,16.0,131.0,613.0
2014-03-10,pegged,calibration rejected (boundary-pegged),0.009070288558478,17.0,135.0,595.0
2014-03-11,pegged,calibration rejected (boundary-pegged),0.0095098986299335,16.0,134.0,624.0
2014-03-12,pegged,calibration rejected (boundary-pegged),0.0101287637951749,14.0,121.0,558.0
2014-03-13,pegged,calibration rejected (boundary-pegged),0.0103011274602015,18.0,140.0,692.0
2014-03-14,pegged,calibration rejected (boundary-pegged),0.0154959458658411,16.0,133.0,637.0
2014-03-17,pegged,calibration rejected (boundary-pegged),0.010847501496248,13.0,119.0,463.0
2014-03-18,pegged,calibration rejected (boundary-pegged),0.0084163056831155,14.0,128.0,504.0
2014-03-19,pegged,calibration rejected (boundary-pegged),0.0101641453603203,11.0,122.0,458.0
2014-03-20,pegged,calibration rejected (boundary-pegged),0.0100620322723801,14.0,132.0,510.0
2014-03-21,pegged,calibration rejected (boundary-pegged),0.006552686145108,12.0,127.0,497.0
2014-03-24,pegged,calibration rejected (boundary-pegged),0.0083878137195106,15.0,140.0,566.0
2014-03-25,pegged,calibration rejected (boundary-pegged),0.008653517367878,15.0,137.0,544.0
2014-03-26,pegged,calibration rejected (boundary-pegged),0.0084425687647514,14.0,131.0,571.0
2014-03-27,pegged,calibration rejected (boundary-pegged),0.0088578189701108,13.0,122.0,553.0
2014-04-01,pegged,calibration rejected (boundary-pegged),0.0091824665609574,16.0,129.0,555.0
2014-04-02,pegged,calibration rejected (boundary-pegged),0.0096826802566228,14.0,128.0,540.0
2014-04-03,pegged,calibration rejected (boundary-pegged),0.0100965825634788,14.0,141.0,550.0
2014-04-04,pegged,calibration rejected (boundary-pegged),0.0110549187647284,15.0,146.0,683.0
2014-04-08,pegged,calibration rejected (boundary-pegged),0.0100880902129377,16.0,144.0,582.0
2014-04-16,pegged,calibration rejected (boundary-pegged),0.0099647611047262,14.0,141.0,613.0
2014-05-02,pegged,calibration rejected (boundary-pegged),0.0085636878716917,16.0,143.0,614.0
2014-05-05,pegged,calibration rejected (boundary-pegged),0.0087416064142068,14.0,159.0,626.0
2014-05-07,pegged,calibration rejected (boundary-pegged),0.0109711212716562,14.0,147.0,631.0
2014-05-08,pegged,calibration rejected (boundary-pegged),0.0086622346657104,15.0,150.0,661.0
2014-05-09,pegged,calibration rejected (boundary-pegged),0.0082273353041689,14.0,138.0,568.0
2014-05-14,pegged,calibration rejected (boundary-pegged),0.0079551190934977,13.0,135.0,584.0
2014-05-15,pegged,calibration rejected (boundary-pegged),0.0089732786537583,14.0,131.0,705.0
2014-05-16,pegged,calibration rejected (boundary-pegged),0.00981635824572,14.0,137.0,644.0
2014-05-19,pegged,calibration rejected (boundary-pegged),0.0084721977344307,13.0,130.0,604.0
2014-05-20,pegged,calibration rejected (boundary-pegged),0.008781827902852,14.0,137.0,667.0
2014-05-21,pegged,calibration rejected (boundary-pegged),0.0097324359426868,12.0,130.0,595.0
2014-05-28,pegged,calibration rejected (boundary-pegged),0.0112810284728952,13.0,117.0,533.0
2014-05-29,pegged,calibration rejected (boundary-pegged),0.0121398339186245,15.0,130.0,617.0
2014-06-03,pegged,calibration rejected (boundary-pegged),0.0131136965931553,14.0,114.0,519.0
2014-06-06,pegged,calibration rejected (boundary-pegged),0.0123057628273585,16.0,121.0,604.0
2014-06-09,pegged,calibration rejected (boundary-pegged),0.0130053942098795,16.0,124.0,588.0
2014-06-10,pegged,calibration rejected (boundary-pegged),0.0113778925833745,14.0,114.0,505.0
2014-06-11,pegged,calibration rejected (boundary-pegged),0.0128216435047228,16.0,124.0,567.0
2014-06-12,pegged,calibration rejected (boundary-pegged),0.0129494864968943,17.0,131.0,635.0
2014-06-13,pegged,calibration rejected (boundary-pegged),0.0154135543580809,14.0,119.0,486.0
2014-06-16,pegged,calibration rejected (boundary-pegged),0.0108199476867271,14.0,131.0,494.0
2014-06-17,pegged,calibration rejected (boundary-pegged),0.0119438178772924,14.0,119.0,473.0
2014-06-18,pegged,calibration rejected (boundary-pegged),0.0104379988107811,13.0,130.0,521.0
2014-06-20,pegged,calibration rejected (boundary-pegged),0.0095323201742757,14.0,110.0,436.0
2014-06-23,pegged,calibration rejected (boundary-pegged),0.0106363682648248,13.0,97.0,399.0
2014-06-24,pegged,calibration rejected (boundary-pegged),0.0102284468983459,14.0,137.0,602.0
2014-06-25,pegged,calibration rejected (boundary-pegged),0.0129376910711311,16.0,134.0,525.0
2014-06-26,pegged,calibration rejected (boundary-pegged),0.01033032390324,16.0,132.0,568.0
2014-06-27,pegged,calibration rejected (boundary-pegged),0.0087200080523427,13.0,131.0,470.0
2014-06-30,pegged,calibration rejected (boundary-pegged),0.0095489537127234,13.0,111.0,452.0
2014-07-01,pegged,calibration rejected (boundary-pegged),0.010220124167406,15.0,138.0,642.0
2014-07-02,pegged,calibration rejected (boundary-pegged),0.0140337279843732,16.0,113.0,474.0
2014-07-03,pegged,calibration rejected (boundary-pegged),0.0113876401283859,15.0,113.0,461.0
2014-07-07,pegged,calibration rejected (boundary-pegged),0.0087932097258855,15.0,119.0,562.0
2014-07-08,pegged,calibration rejected (boundary-pegged),0.0105478148500851,14.0,129.0,633.0
2014-07-09,pegged,calibration rejected (boundary-pegged),0.0095299488774089,15.0,125.0,541.0
2014-07-10,pegged,calibration rejected (boundary-pegged),0.010568211891557,15.0,146.0,620.0
2014-07-11,pegged,calibration rejected (boundary-pegged),0.009257361466605,15.0,119.0,471.0
2014-07-14,pegged,calibration rejected (boundary-pegged),0.0127702439339244,14.0,125.0,518.0
2014-07-15,pegged,calibration rejected (boundary-pegged),0.0093073876940446,13.0,134.0,560.0
2014-07-16,pegged,calibration rejected (boundary-pegged),0.0109774879811866,13.0,108.0,471.0
2014-07-17,pegged,calibration rejected (boundary-pegged),0.0126262442677009,16.0,143.0,694.0
2014-07-18,pegged,calibration rejected (boundary-pegged),0.0100115179945884,12.0,134.0,555.0
2014-07-21,pegged,calibration rejected (boundary-pegged),0.0104698358199572,15.0,131.0,566.0
2014-07-22,pegged,calibration rejected (boundary-pegged),0.0100394342528008,16.0,119.0,514.0
2014-07-23,pegged,calibration rejected (boundary-pegged),0.0113239449497729,17.0,118.0,548.0
2014-07-24,pegged,calibration rejected (boundary-pegged),0.0099161522430243,17.0,120.0,532.0
2014-07-25,pegged,calibration rejected (boundary-pegged),0.0090000210615394,15.0,134.0,572.0
2014-07-28,pegged,calibration rejected (boundary-pegged),0.0095639109394419,13.0,121.0,525.0
2014-07-29,pegged,calibration rejected (boundary-pegged),0.0098161563930695,15.0,139.0,624.0
2014-07-30,pegged,calibration rejected (boundary-pegged),0.0123145399337474,16.0,137.0,634.0
2014-07-31,pegged,calibration rejected (boundary-pegged),0.0115520566958313,18.0,161.0,920.0
2014-08-01,pegged,calibration rejected (boundary-pegged),0.0105458842506718,17.0,150.0,877.0
2014-08-04,pegged,calibration rejected (boundary-pegged),0.0090042748240012,17.0,146.0,706.0
2014-08-05,pegged,calibration rejected (boundary-pegged),0.00831230180224,15.0,151.0,753.0
2014-08-06,pegged,calibration rejected (boundary-pegged),0.0092923878009683,18.0,144.0,664.0
2014-08-07,pegged,calibration rejected (boundary-pegged),0.0096845302998271,17.0,158.0,785.0
2014-08-11,pegged,calibration rejected (boundary-pegged),0.0084314413394222,16.0,136.0,665.0
2014-08-12,pegged,calibration rejected (boundary-pegged),0.0091660250879746,14.0,132.0,620.0
2014-08-13,pegged,calibration rejected (boundary-pegged),0.0113101347282098,18.0,139.0,658.0
2014-08-14,pegged,calibration rejected (boundary-pegged),0.0105087011558945,15.0,127.0,657.0
2014-08-15,pegged,calibration rejected (boundary-pegged),0.0104039890607954,15.0,138.0,674.0
2014-08-18,pegged,calibration rejected (boundary-pegged),0.0092070968952639,16.0,119.0,603.0
2014-08-19,pegged,calibration rejected (boundary-pegged),0.008104465215428,15.0,117.0,617.0
2014-08-20,pegged,calibration rejected (boundary-pegged),0.0086223148216984,15.0,127.0,592.0
2014-08-21,pegged,calibration rejected (boundary-pegged),0.0093638122395026,16.0,128.0,646.0
2014-08-22,pegged,calibration rejected (boundary-pegged),0.0087558230251307,15.0,124.0,543.0
2014-08-25,pegged,calibration rejected (boundary-pegged),0.0082829915110879,16.0,130.0,636.0
2014-08-26,pegged,calibration rejected (boundary-pegged),0.0089096220903796,16.0,119.0,578.0
2014-08-27,pegged,calibration rejected (boundary-pegged),0.0146702774405482,16.0,119.0,519.0
2014-08-28,pegged,calibration rejected (boundary-pegged),0.0122512628961768,16.0,124.0,565.0
2014-08-29,pegged,calibration rejected (boundary-pegged),0.0096421372565653,15.0,123.0,519.0
2014-09-02,pegged,calibration rejected (boundary-pegged),0.0081115442761477,15.0,139.0,626.0
2014-09-03,pegged,calibration rejected (boundary-pegged),0.0098233426271256,14.0,125.0,576.0
2014-09-04,pegged,calibration rejected (boundary-pegged),0.0097854813148148,18.0,139.0,702.0
2014-09-05,pegged,calibration rejected (boundary-pegged),0.013070872964304,17.0,136.0,673.0
2014-09-08,pegged,calibration rejected (boundary-pegged),0.0114902028817552,15.0,139.0,584.0
2014-09-09,pegged,calibration rejected (boundary-pegged),0.0122478202418245,16.0,147.0,692.0
2014-09-10,pegged,calibration rejected (boundary-pegged),0.0139291840802093,18.0,150.0,638.0
2014-09-11,pegged,calibration rejected (boundary-pegged),0.0156065177208598,17.0,140.0,622.0
2014-09-12,pegged,calibration rejected (boundary-pegged),0.0091361906136583,17.0,144.0,686.0
2014-09-15,pegged,calibration rejected (boundary-pegged),0.0144234547081672,16.0,136.0,629.0
2014-09-16,pegged,calibration rejected (boundary-pegged),0.0118167214877223,14.0,139.0,612.0
2014-09-17,pegged,calibration rejected (boundary-pegged),0.0110656733893265,15.0,128.0,612.0
2014-09-18,pegged,calibration rejected (boundary-pegged),0.0116864943683311,15.0,124.0,554.0
2014-09-19,pegged,calibration rejected (boundary-pegged),0.0065345799474397,14.0,124.0,574.0
2014-09-22,pegged,calibration rejected (boundary-pegged),0.0067370944866835,15.0,127.0,673.0
2014-09-23,pegged,calibration rejected (boundary-pegged),0.0085409286251773,15.0,124.0,636.0
2014-09-24,pegged,calibration rejected (boundary-pegged),0.0093194206179103,15.0,131.0,615.0
2014-09-25,pegged,calibration rejected (boundary-pegged),0.0082048328181997,18.0,151.0,787.0
2014-09-26,pegged,calibration rejected (boundary-pegged),0.0079403615337358,15.0,125.0,586.0
2014-09-29,pegged,calibration rejected (boundary-pegged),0.0100318306081492,15.0,134.0,621.0
2014-09-30,pegged,calibration rejected (boundary-pegged),0.0090426390424221,16.0,140.0,653.0
2014-10-13,pegged,calibration rejected (boundary-pegged),0.0108548981609529,19.0,171.0,947.0
2014-10-14,pegged,calibration rejected (boundary-pegged),0.0097018332048636,19.0,173.0,929.0
2014-10-15,pegged,calibration rejected (boundary-pegged),0.0137567579469812,20.0,183.0,1129.0
2014-10-16,pegged,calibration rejected (boundary-pegged),0.0142633983005876,19.0,157.0,978.0
2014-10-17,pegged,calibration rejected (boundary-pegged),0.0091402168768633,14.0,139.0,804.0
2014-10-30,pegged,calibration rejected (boundary-pegged),0.0081204142154767,17.0,134.0,712.0
2014-11-05,pegged,calibration rejected (boundary-pegged),0.0073788382327323,16.0,129.0,546.0
2014-11-06,pegged,calibration rejected (boundary-pegged),0.0073361667504553,17.0,127.0,615.0
2014-11-07,pegged,calibration rejected (boundary-pegged),0.0074221679231757,15.0,121.0,599.0
2014-11-10,pegged,calibration rejected (boundary-pegged),0.0079488854192538,14.0,130.0,575.0
2014-11-11,pegged,calibration rejected (boundary-pegged),0.0080089217435701,16.0,127.0,546.0
2014-11-12,pegged,calibration rejected (boundary-pegged),0.0081156065971377,14.0,122.0,536.0
2014-11-13,pegged,calibration rejected (boundary-pegged),0.008895859726546,15.0,144.0,613.0
2014-11-14,pegged,calibration rejected (boundary-pegged),0.007634197870642,14.0,119.0,447.0
2014-11-17,pegged,calibration rejected (boundary-pegged),0.0102045677149238,16.0,130.0,531.0
2014-11-18,pegged,calibration rejected (boundary-pegged),0.0096627822176913,18.0,145.0,684.0
2014-11-19,pegged,calibration rejected (boundary-pegged),0.0131881431103298,20.0,137.0,583.0
2014-11-20,pegged,calibration rejected (boundary-pegged),0.0120467459282501,15.0,136.0,540.0
2014-11-21,pegged,calibration rejected (boundary-pegged),0.0083293716323409,18.0,134.0,601.0
2014-11-24,pegged,calibration rejected (boundary-pegged),0.0081008203257643,18.0,121.0,538.0
2014-11-25,pegged,calibration rejected (boundary-pegged),0.0093957126174586,16.0,120.0,508.0
2014-11-26,pegged,calibration rejected (boundary-pegged),0.0128765450613176,15.0,124.0,494.0
2014-11-28,pegged,calibration rejected (boundary-pegged),0.0090420833986324,15.0,122.0,461.0
2014-12-01,pegged,calibration rejected (boundary-pegged),0.0082207940359625,17.0,126.0,606.0
2014-12-02,pegged,calibration rejected (boundary-pegged),0.0120126884914057,14.0,125.0,483.0
2014-12-03,pegged,calibration rejected (boundary-pegged),0.0095294664823094,16.0,131.0,559.0
2014-12-04,pegged,calibration rejected (boundary-pegged),0.0098315316438955,17.0,135.0,562.0
2014-12-05,pegged,calibration rejected (boundary-pegged),0.0124606849264537,17.0,127.0,583.0
2014-12-08,pegged,calibration rejected (boundary-pegged),0.0088966249613848,16.0,133.0,695.0
2014-12-09,pegged,calibration rejected (boundary-pegged),0.0083942269607939,16.0,139.0,694.0
2014-12-10,pegged,calibration rejected (boundary-pegged),0.0109386757503255,17.0,148.0,778.0
2014-12-11,pegged,calibration rejected (boundary-pegged),0.0101650220024374,17.0,146.0,705.0
2014-12-15,pegged,calibration rejected (boundary-pegged),0.010068652332795,18.0,160.0,838.0
2014-12-16,pegged,calibration rejected (boundary-pegged),0.0112906442702034,19.0,182.0,900.0
2014-12-17,pegged,calibration rejected (boundary-pegged),0.012263026793322,19.0,185.0,840.0
2014-12-19,pegged,calibration rejected (boundary-pegged),0.0081559054402325,17.0,144.0,693.0
2014-12-22,pegged,calibration rejected (boundary-pegged),0.0106898868521979,17.0,155.0,625.0
2014-12-23,pegged,calibration rejected (boundary-pegged),0.0111471274907931,15.0,127.0,546.0
2014-12-24,pegged,calibration rejected (boundary-pegged),0.0094712366235438,15.0,133.0,438.0
2014-12-26,pegged,calibration rejected (boundary-pegged),0.0099965011751756,14.0,129.0,439.0
2014-12-29,pegged,calibration rejected (boundary-pegged),0.0083743659069555,13.0,120.0,479.0
2014-12-30,pegged,calibration rejected (boundary-pegged),0.0077078468586857,17.0,119.0,546.0
2014-12-31,pegged,calibration rejected (boundary-pegged),0.0135502551362579,16.0,154.0,662.0
2015-01-02,pegged,calibration rejected (boundary-pegged),0.014349292588189,20.0,185.0,751.0
2015-02-19,pegged,calibration rejected (boundary-pegged),0.0115957147896557,20.0,144.0,681.0
2015-02-20,pegged,calibration rejected (boundary-pegged),0.0103505149809883,20.0,154.0,779.0
2015-02-23,pegged,calibration rejected (boundary-pegged),0.0090189828918904,16.0,133.0,597.0
2015-02-24,pegged,calibration rejected (boundary-pegged),0.0109109525392706,18.0,141.0,695.0
2015-02-25,pegged,calibration rejected (boundary-pegged),0.0100405411046592,18.0,129.0,634.0
2015-02-26,pegged,calibration rejected (boundary-pegged),0.0130193635811003,20.0,135.0,667.0
2015-02-27,pegged,calibration rejected (boundary-pegged),0.0121441975315733,18.0,132.0,595.0
2015-03-02,pegged,calibration rejected (boundary-pegged),0.0128411754737604,18.0,135.0,623.0
2015-03-05,pegged,calibration rejected (boundary-pegged),0.0111031660648497,17.0,134.0,606.0
2015-06-29,pegged,calibration rejected (boundary-pegged),0.0115527035093406,20.0,193.0,1199.0
2015-06-30,pegged,calibration rejected (boundary-pegged),0.0094446668654214,20.0,163.0,963.0
2015-07-22,pegged,calibration rejected (boundary-pegged),0.0096941754470979,20.0,132.0,744.0
2015-07-23,pegged,calibration rejected (boundary-pegged),0.0098956135201206,20.0,170.0,942.0
2015-07-28,pegged,calibration rejected (boundary-pegged),0.0128250061157414,19.0,164.0,1017.0
2015-07-29,pegged,calibration rejected (boundary-pegged),0.0111087598042275,19.0,139.0,885.0
2015-08-24,iv_miss,calibration rejected (iv_rmse=0.0373 > 0.02),0.0372557018582941,20.0,191.0,1376.0
2015-08-26,pegged,calibration rejected (boundary-pegged),0.0144006165775184,20.0,192.0,1242.0
2015-09-21,iv_miss,calibration rejected (iv_rmse=0.0696 > 0.02),0.0695568626277962,20.0,188.0,1018.0
2016-04-01,pegged,calibration rejected (boundary-pegged),0.0116206257263313,20.0,185.0,951.0
2016-04-04,pegged,calibration rejected (boundary-pegged),0.0111385050881643,18.0,149.0,848.0
2016-04-14,pegged,calibration rejected (boundary-pegged),0.0124964919942512,20.0,147.0,871.0
2016-04-15,pegged,calibration rejected (boundary-pegged),0.0108202308819325,19.0,138.0,783.0
2016-04-18,pegged,calibration rejected (boundary-pegged),0.0104963095276767,20.0,168.0,961.0
2016-04-20,pegged,calibration rejected (boundary-pegged),0.011725065756852,20.0,167.0,956.0
2016-04-28,pegged,calibration rejected (boundary-pegged),0.0136257970174053,20.0,184.0,1050.0
2016-05-26,pegged,calibration rejected (boundary-pegged),0.0106017841207559,18.0,133.0,806.0
2016-05-27,pegged,calibration rejected (boundary-pegged),0.0146929569568154,19.0,140.0,810.0
2016-06-07,pegged,calibration rejected (boundary-pegged),0.0134087167117256,18.0,136.0,878.0
2016-06-08,pegged,calibration rejected (boundary-pegged),0.0125655457747145,19.0,136.0,828.0
2016-06-09,pegged,calibration rejected (boundary-pegged),0.0119340280960239,20.0,141.0,917.0
2016-06-10,pegged,calibration rejected (boundary-pegged),0.0110410452018713,20.0,144.0,1039.0
2016-06-13,pegged,calibration rejected (boundary-pegged),0.0115563207314102,20.0,159.0,1058.0
2016-06-14,pegged,calibration rejected (boundary-pegged),0.0115076239647573,20.0,164.0,1058.0
2016-06-15,pegged,calibration rejected (boundary-pegged),0.0123694241937505,20.0,144.0,916.0
2016-06-16,pegged,calibration rejected (boundary-pegged),0.0128590002462009,20.0,171.0,1041.0
2016-06-20,pegged,calibration rejected (boundary-pegged),0.010070176748835,19.0,148.0,937.0
2016-06-21,pegged,calibration rejected (boundary-pegged),0.0100561743310135,18.0,136.0,807.0
2016-06-22,pegged,calibration rejected (boundary-pegged),0.0110070921487896,18.0,141.0,843.0
2016-06-23,pegged,calibration rejected (boundary-pegged),0.0096805898538077,19.0,139.0,829.0
2016-06-24,pegged,calibration rejected (boundary-pegged),0.0133830879877562,20.0,180.0,1204.0
2016-07-05,pegged,calibration rejected (boundary-pegged),0.0123923818028524,19.0,152.0,913.0
2016-07-08,pegged,calibration rejected (boundary-pegged),0.0124173494055429,20.0,181.0,1112.0
2016-07-11,pegged,calibration rejected (boundary-pegged),0.0130100580212863,19.0,153.0,925.0
2016-07-12,pegged,calibration rejected (boundary-pegged),0.0137825005449173,20.0,146.0,994.0
2016-07-13,pegged,calibration rejected (boundary-pegged),0.0129269501118521,20.0,158.0,866.0
2016-07-14,pegged,calibration rejected (boundary-pegged),0.0133123061392735,20.0,145.0,912.0
2016-07-15,pegged,calibration rejected (boundary-pegged),0.0112712517128936,20.0,143.0,893.0
2016-07-18,pegged,calibration rejected (boundary-pegged),0.009018665165673,19.0,136.0,756.0
2016-07-19,pegged,calibration rejected (boundary-pegged),0.0120920774018522,19.0,147.0,837.0
2016-07-20,pegged,calibration rejected (boundary-pegged),0.0093320525715545,19.0,137.0,836.0
2016-07-21,pegged,calibration rejected (boundary-pegged),0.0097032209830034,20.0,163.0,927.0
2016-07-22,pegged,calibration rejected (boundary-pegged),0.0092609867416923,19.0,162.0,856.0
2016-07-25,pegged,calibration rejected (boundary-pegged),0.0107278809565676,20.0,141.0,800.0
2016-07-26,pegged,calibration rejected (boundary-pegged),0.0084403862555722,20.0,149.0,804.0
2016-07-27,pegged,calibration rejected (boundary-pegged),0.011262288962956,19.0,163.0,850.0
2016-07-28,pegged,calibration rejected (boundary-pegged),0.009426438072219,20.0,158.0,853.0
2016-07-29,pegged,calibration rejected (boundary-pegged),0.0093257188377077,19.0,154.0,820.0
2016-08-01,pegged,calibration rejected (boundary-pegged),0.0102348456777997,19.0,153.0,864.0
2016-08-02,pegged,calibration rejected (boundary-pegged),0.0108276835020485,19.0,161.0,971.0
2016-08-03,pegged,calibration rejected (boundary-pegged),0.0130036639271788,16.0,148.0,715.0
2016-08-04,pegged,calibration rejected (boundary-pegged),0.0101118386009346,17.0,151.0,743.0
2016-08-05,pegged,calibration rejected (boundary-pegged),0.0089707933847585,19.0,146.0,779.0
2016-08-08,pegged,calibration rejected (boundary-pegged),0.0088120040834263,18.0,136.0,758.0
2016-08-09,pegged,calibration rejected (boundary-pegged),0.0090629830658233,17.0,136.0,779.0
2016-08-10,pegged,calibration rejected (boundary-pegged),0.0078466583553829,17.0,138.0,785.0
2016-08-11,pegged,calibration rejected (boundary-pegged),0.0074763203603442,20.0,146.0,813.0
2016-08-12,pegged,calibration rejected (boundary-pegged),0.0081458059641548,19.0,130.0,707.0
2016-08-15,pegged,calibration rejected (boundary-pegged),0.0067625361588756,19.0,123.0,712.0
2016-08-16,pegged,calibration rejected (boundary-pegged),0.009651076782067,17.0,126.0,739.0
2016-08-17,pegged,calibration rejected (boundary-pegged),0.0082050538239229,20.0,156.0,902.0
2016-08-18,pegged,calibration rejected (boundary-pegged),0.0099424745795987,18.0,136.0,718.0
2016-08-19,pegged,calibration rejected (boundary-pegged),0.0071682964502101,18.0,133.0,772.0
2016-08-22,pegged,calibration rejected (boundary-pegged),0.0083423582138732,18.0,134.0,789.0
2016-08-23,pegged,calibration rejected (boundary-pegged),0.0071139418170878,19.0,125.0,750.0
2016-08-24,pegged,calibration rejected (boundary-pegged),0.0084596110821173,19.0,143.0,837.0
2016-08-25,pegged,calibration rejected (boundary-pegged),0.0077938032599111,19.0,127.0,738.0
2016-08-26,pegged,calibration rejected (boundary-pegged),0.0095383921119471,20.0,145.0,872.0
2016-08-29,pegged,calibration rejected (boundary-pegged),0.008103373051004,18.0,142.0,783.0
2016-08-30,pegged,calibration rejected (boundary-pegged),0.0077255630011187,20.0,138.0,834.0
2016-08-31,pegged,calibration rejected (boundary-pegged),0.0096252438779425,20.0,154.0,960.0
2016-09-01,pegged,calibration rejected (boundary-pegged),0.0099053821172228,20.0,143.0,880.0
2016-09-02,pegged,calibration rejected (boundary-pegged),0.009078458485061,20.0,133.0,860.0
2016-09-07,pegged,calibration rejected (boundary-pegged),0.0110054915984962,19.0,128.0,785.0
2016-09-12,pegged,calibration rejected (boundary-pegged),0.013168270043304,19.0,174.0,1053.0
2016-09-13,pegged,calibration rejected (boundary-pegged),0.012301655639409,20.0,160.0,1147.0
2016-09-14,iv_miss,calibration rejected (iv_rmse=0.0649 > 0.02),0.0649084108180676,19.0,163.0,971.0
2016-10-10,pegged,calibration rejected (boundary-pegged),0.0107338306886606,20.0,127.0,841.0
2016-11-07,pegged,calibration rejected (boundary-pegged),0.0095905000705608,19.0,163.0,999.0
2016-11-08,pegged,calibration rejected (boundary-pegged),0.01030449643234,20.0,169.0,968.0
2016-11-09,pegged,calibration rejected (boundary-pegged),0.0099105902188361,19.0,179.0,1128.0
2016-11-10,pegged,calibration rejected (boundary-pegged),0.0111981191074849,20.0,177.0,1087.0
2016-11-15,pegged,calibration rejected (boundary-pegged),0.0120733013751813,20.0,166.0,1039.0
2016-11-16,pegged,calibration rejected (boundary-pegged),0.0122893821852113,20.0,142.0,867.0
2016-11-17,pegged,calibration rejected (boundary-pegged),0.0115156080700603,20.0,152.0,961.0
2016-11-18,pegged,calibration rejected (boundary-pegged),0.0094629136966077,19.0,143.0,906.0
2016-11-21,pegged,calibration rejected (boundary-pegged),0.0107008583588093,20.0,149.0,977.0
2016-11-22,pegged,calibration rejected (boundary-pegged),0.0104429103282991,20.0,153.0,917.0
2016-11-23,pegged,calibration rejected (boundary-pegged),0.0102812491016172,19.0,150.0,902.0
2016-11-25,pegged,calibration rejected (boundary-pegged),0.0092759992777451,19.0,139.0,783.0
2016-11-28,pegged,calibration rejected (boundary-pegged),0.0098027768264112,19.0,143.0,921.0
2016-11-29,pegged,calibration rejected (boundary-pegged),0.0104180200973137,20.0,156.0,919.0
2016-11-30,pegged,calibration rejected (boundary-pegged),0.0102092838598404,18.0,166.0,895.0
2016-12-01,pegged,calibration rejected (boundary-pegged),0.0111892037311094,19.0,153.0,924.0
2016-12-02,pegged,calibration rejected (boundary-pegged),0.0088843850233504,19.0,148.0,893.0
2016-12-05,pegged,calibration rejected (boundary-pegged),0.008302885872448,19.0,150.0,897.0
2016-12-07,pegged,calibration rejected (boundary-pegged),0.0116264781300815,20.0,188.0,1142.0
2016-12-08,pegged,calibration rejected (boundary-pegged),0.0137364202576661,20.0,175.0,1186.0
2016-12-09,pegged,calibration rejected (boundary-pegged),0.010082332237816,20.0,142.0,969.0
2016-12-12,pegged,calibration rejected (boundary-pegged),0.0089611653133095,20.0,139.0,979.0
2016-12-13,pegged,calibration rejected (boundary-pegged),0.0102893307232237,20.0,157.0,1008.0
2016-12-14,pegged,calibration rejected (boundary-pegged),0.0104810781714218,20.0,168.0,1016.0
2016-12-15,pegged,calibration rejected (boundary-pegged),0.0082441744118766,20.0,156.0,971.0
2016-12-19,pegged,calibration rejected (boundary-pegged),0.0087238340314084,20.0,160.0,942.0
2016-12-20,pegged,calibration rejected (boundary-pegged),0.0086523714177384,20.0,146.0,902.0
2016-12-23,pegged,calibration rejected (boundary-pegged),0.0070139127401499,19.0,142.0,745.0
2016-12-29,pegged,calibration rejected (boundary-pegged),0.0085029604230831,19.0,149.0,938.0
2016-12-30,pegged,calibration rejected (boundary-pegged),0.008601537690354,20.0,173.0,1018.0
2017-01-03,pegged,calibration rejected (boundary-pegged),0.0098404519265787,20.0,154.0,1131.0
2017-01-06,pegged,calibration rejected (boundary-pegged),0.0109066767252227,19.0,162.0,1022.0
2017-01-09,pegged,calibration rejected (boundary-pegged),0.0103340454725569,19.0,138.0,886.0
2017-01-10,pegged,calibration rejected (boundary-pegged),0.0104673521352559,19.0,170.0,970.0
2017-01-11,pegged,calibration rejected (boundary-pegged),0.0092308884475532,20.0,160.0,996.0
2017-01-12,pegged,calibration rejected (boundary-pegged),0.009287105050688,19.0,135.0,969.0
2017-01-13,pegged,calibration rejected (boundary-pegged),0.0103694703793011,20.0,135.0,892.0
2017-01-17,pegged,calibration rejected (boundary-pegged),0.0080792548661818,19.0,131.0,963.0
2017-01-18,pegged,calibration rejected (boundary-pegged),0.0077950698764644,18.0,135.0,832.0
2017-01-19,pegged,calibration rejected (boundary-pegged),0.0077843905401178,19.0,138.0,879.0
2017-01-20,pegged,calibration rejected (boundary-pegged),0.0100631465849314,20.0,147.0,930.0
2017-01-23,pegged,calibration rejected (boundary-pegged),0.0080615425491117,19.0,141.0,894.0
2017-01-24,pegged,calibration rejected (boundary-pegged),0.0097891639379556,20.0,155.0,1017.0
2017-01-25,pegged,calibration rejected (boundary-pegged),0.012075750483484,19.0,139.0,1003.0
2017-01-26,pegged,calibration rejected (boundary-pegged),0.0103868184151814,20.0,126.0,856.0
2017-01-27,pegged,calibration rejected (boundary-pegged),0.0081207120296529,20.0,125.0,831.0
2017-01-30,pegged,calibration rejected (boundary-pegged),0.0087903998388427,19.0,146.0,977.0
2017-01-31,pegged,calibration rejected (boundary-pegged),0.0113480104983753,20.0,149.0,959.0
2017-02-01,pegged,calibration rejected (boundary-pegged),0.0096051051336141,20.0,158.0,976.0
2017-02-02,pegged,calibration rejected (boundary-pegged),0.009946785386311,19.0,137.0,853.0
2017-02-03,pegged,calibration rejected (boundary-pegged),0.0077740025661344,20.0,128.0,884.0
2017-02-06,pegged,calibration rejected (boundary-pegged),0.0079575094822472,20.0,129.0,844.0
2017-02-07,pegged,calibration rejected (boundary-pegged),0.0099922701107129,20.0,137.0,904.0
2017-02-08,pegged,calibration rejected (boundary-pegged),0.0084686986607936,20.0,144.0,893.0
2017-02-09,pegged,calibration rejected (boundary-pegged),0.0084448222455331,20.0,152.0,927.0
2017-02-10,pegged,calibration rejected (boundary-pegged),0.0093404579846712,20.0,140.0,931.0
2017-02-13,pegged,calibration rejected (boundary-pegged),0.0105127071027142,20.0,147.0,978.0
2017-02-14,pegged,calibration rejected (boundary-pegged),0.0095758318276536,20.0,162.0,970.0
2017-02-15,pegged,calibration rejected (boundary-pegged),0.0127685304597731,20.0,153.0,1033.0
2017-02-16,pegged,calibration rejected (boundary-pegged),0.0127518703175324,20.0,140.0,940.0
2017-02-17,pegged,calibration rejected (boundary-pegged),0.011539088741295,19.0,151.0,936.0
2017-02-21,pegged,calibration rejected (boundary-pegged),0.0114775207536302,20.0,153.0,1055.0
2017-02-22,pegged,calibration rejected (boundary-pegged),0.0092230950518661,20.0,126.0,826.0
2017-02-23,pegged,calibration rejected (boundary-pegged),0.0101106262213791,19.0,149.0,898.0
2017-02-24,pegged,calibration rejected (boundary-pegged),0.0108630383493372,20.0,153.0,912.0
2017-02-27,pegged,calibration rejected (boundary-pegged),0.0099789597995751,20.0,136.0,877.0
2017-02-28,pegged,calibration rejected (boundary-pegged),0.0108821040823593,20.0,145.0,885.0
2017-03-01,pegged,calibration rejected (boundary-pegged),0.0115994189008422,20.0,177.0,1158.0
2017-03-02,pegged,calibration rejected (boundary-pegged),0.0114429317949879,19.0,148.0,944.0
2017-03-03,pegged,calibration rejected (boundary-pegged),0.0108679522420591,20.0,139.0,846.0
2017-03-06,pegged,calibration rejected (boundary-pegged),0.012612834536496,20.0,157.0,937.0
2017-03-07,pegged,calibration rejected (boundary-pegged),0.0093098029327177,20.0,137.0,862.0
2017-03-08,pegged,calibration rejected (boundary-pegged),0.0107352031676356,20.0,154.0,952.0
2017-03-09,pegged,calibration rejected (boundary-pegged),0.010109132985204,20.0,153.0,931.0
2017-03-10,pegged,calibration rejected (boundary-pegged),0.0099256190920236,20.0,146.0,889.0
2017-03-13,pegged,calibration rejected (boundary-pegged),0.0081849308060703,20.0,132.0,795.0
2017-03-14,pegged,calibration rejected (boundary-pegged),0.0117640376952119,20.0,141.0,884.0
2017-03-15,pegged,calibration rejected (boundary-pegged),0.0094304148300758,19.0,162.0,960.0
2017-03-16,pegged,calibration rejected (boundary-pegged),0.0109080590363033,20.0,137.0,934.0
2017-03-17,pegged,calibration rejected (boundary-pegged),0.0126928982918536,19.0,128.0,844.0
2017-03-20,pegged,calibration rejected (boundary-pegged),0.0128276721542683,19.0,138.0,889.0
2017-03-21,pegged,calibration rejected (boundary-pegged),0.0106958106332754,19.0,158.0,1072.0
2017-03-22,pegged,calibration rejected (boundary-pegged),0.0083753958144931,20.0,140.0,960.0
2017-03-23,pegged,calibration rejected (boundary-pegged),0.0098534211891219,19.0,155.0,831.0
2017-03-24,pegged,calibration rejected (boundary-pegged),0.0085333677997385,20.0,160.0,916.0
2017-03-27,pegged,calibration rejected (boundary-pegged),0.0090131848212551,19.0,161.0,1039.0
2017-03-28,pegged,calibration rejected (boundary-pegged),0.0098867086689315,20.0,175.0,1028.0
2017-03-29,pegged,calibration rejected (boundary-pegged),0.0083705384846646,20.0,142.0,893.0
2017-03-30,pegged,calibration rejected (boundary-pegged),0.0099288564041921,20.0,134.0,811.0
2017-03-31,pegged,calibration rejected (boundary-pegged),0.008346483986321,19.0,129.0,834.0
2017-04-03,pegged,calibration rejected (boundary-pegged),0.0112859751841336,19.0,166.0,1078.0
2017-04-04,pegged,calibration rejected (boundary-pegged),0.0089026354676208,20.0,150.0,917.0
2017-04-05,pegged,calibration rejected (boundary-pegged),0.0086707474408689,20.0,174.0,1041.0
2017-04-06,pegged,calibration rejected (boundary-pegged),0.0075486228288122,19.0,143.0,890.0
2017-04-07,pegged,calibration rejected (boundary-pegged),0.0070939423430964,20.0,144.0,886.0
2017-04-10,pegged,calibration rejected (boundary-pegged),0.0071544958273569,19.0,152.0,939.0
2017-04-11,pegged,calibration rejected (boundary-pegged),0.0059581508270112,19.0,143.0,1054.0
2017-04-12,pegged,calibration rejected (boundary-pegged),0.0077215174550533,20.0,148.0,894.0
2017-04-13,pegged,calibration rejected (boundary-pegged),0.0115258725445683,18.0,168.0,1090.0
2017-04-17,pegged,calibration rejected (boundary-pegged),0.0113550275106807,20.0,148.0,1015.0
2017-04-18,pegged,calibration rejected (boundary-pegged),0.0122716797517911,19.0,139.0,970.0
2017-04-19,pegged,calibration rejected (boundary-pegged),0.0119988509403836,20.0,169.0,1025.0
2017-04-20,pegged,calibration rejected (boundary-pegged),0.0101283151077114,19.0,150.0,988.0
2017-04-21,pegged,calibration rejected (boundary-pegged),0.0174097145131782,20.0,150.0,944.0
2017-04-24,pegged,calibration rejected (boundary-pegged),0.0123459732931781,20.0,140.0,1027.0
2017-04-25,pegged,calibration rejected (boundary-pegged),0.0094601512441547,20.0,136.0,940.0
2017-04-26,pegged,calibration rejected (boundary-pegged),0.0078744906179924,20.0,144.0,952.0
2017-04-27,pegged,calibration rejected (boundary-pegged),0.0080387496275511,20.0,146.0,843.0
2017-04-28,pegged,calibration rejected (boundary-pegged),0.0093046563815817,20.0,130.0,847.0
2017-05-01,pegged,calibration rejected (boundary-pegged),0.0100917436101089,20.0,137.0,930.0
2017-05-02,pegged,calibration rejected (boundary-pegged),0.0081641115104615,20.0,125.0,792.0
2017-05-03,pegged,calibration rejected (boundary-pegged),0.0091824608235005,20.0,140.0,948.0
2017-05-04,pegged,calibration rejected (boundary-pegged),0.0125486413121848,19.0,132.0,840.0
2017-05-05,pegged,calibration rejected (boundary-pegged),0.0093367138408379,19.0,148.0,878.0
2017-05-08,pegged,calibration rejected (boundary-pegged),0.0077915761906076,20.0,129.0,849.0
2017-05-09,pegged,calibration rejected (boundary-pegged),0.0106590321290677,20.0,142.0,937.0
2017-05-10,pegged,calibration rejected (boundary-pegged),0.0087920488314676,20.0,141.0,852.0
2017-05-11,pegged,calibration rejected (boundary-pegged),0.0070709619436328,20.0,139.0,979.0
2017-05-12,pegged,calibration rejected (boundary-pegged),0.0081596115442742,20.0,125.0,718.0
2017-05-15,pegged,calibration rejected (boundary-pegged),0.0092953004385979,20.0,136.0,888.0
2017-05-16,pegged,calibration rejected (boundary-pegged),0.0091767963413267,20.0,134.0,844.0
2017-05-17,pegged,calibration rejected (boundary-pegged),0.0117770461131011,19.0,141.0,1213.0
2017-05-18,pegged,calibration rejected (boundary-pegged),0.0150373051888277,20.0,158.0,1106.0
2017-05-19,pegged,calibration rejected (boundary-pegged),0.0094285857962019,20.0,153.0,979.0
2017-05-22,pegged,calibration rejected (boundary-pegged),0.0130071252294904,20.0,135.0,980.0
2017-05-23,pegged,calibration rejected (boundary-pegged),0.0084549009362061,20.0,126.0,833.0
2017-05-24,pegged,calibration rejected (boundary-pegged),0.0082122321907228,19.0,138.0,836.0
2017-05-25,pegged,calibration rejected (boundary-pegged),0.0089172191237226,20.0,131.0,931.0
2017-05-26,pegged,calibration rejected (boundary-pegged),0.0087873183454542,20.0,117.0,763.0
2017-05-30,pegged,calibration rejected (boundary-pegged),0.0101708903118094,20.0,122.0,842.0
2017-05-31,pegged,calibration rejected (boundary-pegged),0.0090072018191303,19.0,151.0,946.0
2017-06-01,pegged,calibration rejected (boundary-pegged),0.0096449855876022,20.0,150.0,984.0
2017-06-02,pegged,calibration rejected (boundary-pegged),0.0101948546830953,20.0,152.0,1027.0
2017-06-05,pegged,calibration rejected (boundary-pegged),0.0079510762208189,19.0,117.0,728.0
2017-06-06,pegged,calibration rejected (boundary-pegged),0.0080248279606059,19.0,133.0,814.0
2017-06-07,pegged,calibration rejected (boundary-pegged),0.0082255033415216,20.0,132.0,740.0
2017-06-08,pegged,calibration rejected (boundary-pegged),0.006803000964104,20.0,135.0,797.0
2017-06-09,pegged,calibration rejected (boundary-pegged),0.0092084143258595,20.0,176.0,1022.0
2017-06-12,pegged,calibration rejected (boundary-pegged),0.0069982030742613,20.0,133.0,881.0
2017-06-13,pegged,calibration rejected (boundary-pegged),0.0090493953257536,20.0,143.0,849.0
2017-06-14,pegged,calibration rejected (boundary-pegged),0.009242239030865,19.0,141.0,818.0
2017-06-15,pegged,calibration rejected (boundary-pegged),0.0100006171871941,20.0,158.0,998.0
2017-06-16,pegged,calibration rejected (boundary-pegged),0.0100573833904951,20.0,139.0,907.0
2017-06-19,pegged,calibration rejected (boundary-pegged),0.0091706765776215,20.0,141.0,960.0
2017-06-20,pegged,calibration rejected (boundary-pegged),0.0096779801370848,20.0,141.0,945.0
2017-06-21,pegged,calibration rejected (boundary-pegged),0.0058386460923403,20.0,147.0,896.0
2017-06-22,pegged,calibration rejected (boundary-pegged),0.0091207955758828,20.0,141.0,859.0
2017-06-23,pegged,calibration rejected (boundary-pegged),0.0063356662495327,19.0,144.0,815.0
2017-06-26,pegged,calibration rejected (boundary-pegged),0.0073713943911481,20.0,147.0,901.0
2017-06-27,pegged,calibration rejected (boundary-pegged),0.0065856457906977,20.0,173.0,1022.0
2017-06-28,pegged,calibration rejected (boundary-pegged),0.0069378176582046,19.0,150.0,937.0
2017-06-29,pegged,calibration rejected (boundary-pegged),0.0093681525501846,20.0,151.0,1112.0
2017-06-30,pegged,calibration rejected (boundary-pegged),0.0058819692359482,19.0,147.0,920.0
2017-07-03,pegged,calibration rejected (boundary-pegged),0.0085814933510694,19.0,144.0,863.0
2017-07-05,pegged,calibration rejected (boundary-pegged),0.0070510441505777,20.0,148.0,945.0
2017-07-06,pegged,calibration rejected (boundary-pegged),0.0099466914057711,20.0,167.0,1103.0
2017-07-07,pegged,calibration rejected (boundary-pegged),0.0072662789572908,20.0,162.0,967.0
2017-07-10,pegged,calibration rejected (boundary-pegged),0.0080976452419864,19.0,139.0,839.0
2017-07-11,pegged,calibration rejected (boundary-pegged),0.0103448151864354,20.0,151.0,964.0
2017-07-12,pegged,calibration rejected (boundary-pegged),0.0079326062958873,20.0,136.0,934.0
2017-07-13,pegged,calibration rejected (boundary-pegged),0.0088720142456031,20.0,138.0,861.0
2017-07-14,pegged,calibration rejected (boundary-pegged),0.0074695842846557,20.0,146.0,935.0
2017-07-17,pegged,calibration rejected (boundary-pegged),0.0084336835391515,19.0,119.0,772.0
2017-07-18,pegged,calibration rejected (boundary-pegged),0.0064982425059945,19.0,133.0,829.0
2017-07-19,pegged,calibration rejected (boundary-pegged),0.0085149772634281,20.0,143.0,880.0
2017-07-20,pegged,calibration rejected (boundary-pegged),0.0076683855993607,20.0,136.0,840.0
2017-07-21,pegged,calibration rejected (boundary-pegged),0.0080563293790011,20.0,139.0,844.0
2017-07-24,pegged,calibration rejected (boundary-pegged),0.008486238470726,20.0,125.0,786.0
2017-07-25,pegged,calibration rejected (boundary-pegged),0.0084044740231529,20.0,118.0,785.0
2017-07-26,pegged,calibration rejected (boundary-pegged),0.0072654942411328,18.0,114.0,707.0
2017-07-27,pegged,calibration rejected (boundary-pegged),0.0096598078531167,19.0,147.0,943.0
2017-07-28,pegged,calibration rejected (boundary-pegged),0.0085586934379113,20.0,131.0,848.0
2017-07-31,pegged,calibration rejected (boundary-pegged),0.0126026251708055,20.0,126.0,824.0
2017-08-01,pegged,calibration rejected (boundary-pegged),0.0068488174286086,20.0,123.0,793.0
2017-08-02,pegged,calibration rejected (boundary-pegged),0.0080962707565573,20.0,140.0,886.0
2017-08-03,pegged,calibration rejected (boundary-pegged),0.0091957306142428,19.0,120.0,759.0
2017-08-04,pegged,calibration rejected (boundary-pegged),0.0060809390189385,19.0,125.0,750.0
2017-08-07,pegged,calibration rejected (boundary-pegged),0.0058888652124177,20.0,113.0,750.0
2017-08-08,pegged,calibration rejected (boundary-pegged),0.007572915053736,20.0,154.0,977.0
2017-08-09,pegged,calibration rejected (boundary-pegged),0.0066879751124513,20.0,132.0,970.0
2017-08-10,pegged,calibration rejected (boundary-pegged),0.0091027160965088,18.0,148.0,1119.0
2017-08-11,pegged,calibration rejected (boundary-pegged),0.0122105648899786,20.0,142.0,1023.0
2017-08-14,pegged,calibration rejected (boundary-pegged),0.0152893463470908,20.0,133.0,947.0
2017-08-15,pegged,calibration rejected (boundary-pegged),0.0065943783792619,20.0,142.0,859.0
2017-08-16,pegged,calibration rejected (boundary-pegged),0.0087497359582238,20.0,142.0,968.0
2017-08-17,pegged,calibration rejected (boundary-pegged),0.0102580305957379,20.0,153.0,1191.0
2017-08-18,pegged,calibration rejected (boundary-pegged),0.0097929082107768,20.0,150.0,1044.0
2017-08-21,pegged,calibration rejected (boundary-pegged),0.0094067748270793,20.0,137.0,950.0
2017-08-22,pegged,calibration rejected (boundary-pegged),0.0084398778665874,20.0,150.0,1006.0
2017-08-23,pegged,calibration rejected (boundary-pegged),0.0076663224723003,19.0,122.0,829.0
2017-08-24,pegged,calibration rejected (boundary-pegged),0.0078018410730942,20.0,151.0,910.0
2017-08-25,pegged,calibration rejected (boundary-pegged),0.0092826014707006,20.0,156.0,1000.0
2017-08-28,pegged,calibration rejected (boundary-pegged),0.0102314581788671,19.0,134.0,906.0
2017-08-29,pegged,calibration rejected (boundary-pegged),0.0077937008820619,20.0,152.0,1003.0
2017-08-30,pegged,calibration rejected (boundary-pegged),0.0065243331701261,20.0,139.0,1003.0
2017-08-31,pegged,calibration rejected (boundary-pegged),0.0105783134504532,20.0,154.0,1061.0
2017-09-01,pegged,calibration rejected (boundary-pegged),0.0104987526441152,19.0,122.0,844.0
2017-09-05,pegged,calibration rejected (boundary-pegged),0.0093284964637935,20.0,153.0,1128.0
2017-09-06,pegged,calibration rejected (boundary-pegged),0.0124068825669274,20.0,136.0,925.0
2017-09-07,pegged,calibration rejected (boundary-pegged),0.0083205463671785,20.0,130.0,911.0
2017-09-08,pegged,calibration rejected (boundary-pegged),0.0097492611437722,20.0,139.0,918.0
2017-09-11,pegged,calibration rejected (boundary-pegged),0.0096324801511016,20.0,134.0,986.0
2017-09-12,pegged,calibration rejected (boundary-pegged),0.0084238784873811,20.0,126.0,924.0
2017-09-13,pegged,calibration rejected (boundary-pegged),0.010478286713535,19.0,126.0,761.0
2017-09-14,pegged,calibration rejected (boundary-pegged),0.010129877300921,20.0,125.0,838.0
2017-09-15,pegged,calibration rejected (boundary-pegged),0.012617199737342,20.0,123.0,863.0
2017-09-18,pegged,calibration rejected (boundary-pegged),0.009888632392942,19.0,133.0,892.0
2017-09-19,pegged,calibration rejected (boundary-pegged),0.0091567373127591,19.0,124.0,791.0
2017-09-20,pegged,calibration rejected (boundary-pegged),0.0068774293988003,20.0,139.0,906.0
2017-09-21,pegged,calibration rejected (boundary-pegged),0.0069393931186312,19.0,131.0,800.0
2017-09-22,pegged,calibration rejected (boundary-pegged),0.0080940705874092,18.0,126.0,761.0
2017-09-25,pegged,calibration rejected (boundary-pegged),0.0098111170920055,20.0,154.0,1040.0
2017-09-26,pegged,calibration rejected (boundary-pegged),0.0087275982959774,19.0,135.0,870.0
2017-09-27,pegged,calibration rejected (boundary-pegged),0.0079233124948612,20.0,157.0,981.0
2017-09-28,pegged,calibration rejected (boundary-pegged),0.0073300657486687,19.0,142.0,830.0
2017-09-29,pegged,calibration rejected (boundary-pegged),0.0096006455858584,20.0,154.0,945.0
2017-10-02,pegged,calibration rejected (boundary-pegged),0.0108271140883235,20.0,140.0,1000.0
2017-10-03,pegged,calibration rejected (boundary-pegged),0.0074094906189223,20.0,112.0,804.0
2017-10-04,pegged,calibration rejected (boundary-pegged),0.0081867770499959,20.0,134.0,932.0
2017-10-05,pegged,calibration rejected (boundary-pegged),0.0085127962260056,20.0,144.0,1051.0
2017-10-06,pegged,calibration rejected (boundary-pegged),0.007950536092111,20.0,117.0,854.0
2017-10-09,pegged,calibration rejected (boundary-pegged),0.0108782466632811,20.0,132.0,826.0
2017-10-10,pegged,calibration rejected (boundary-pegged),0.0094394785863885,18.0,134.0,777.0
2017-10-11,pegged,calibration rejected (boundary-pegged),0.0073465419754495,19.0,129.0,762.0
2017-10-12,pegged,calibration rejected (boundary-pegged),0.0077580420138732,20.0,129.0,841.0
2017-10-13,pegged,calibration rejected (boundary-pegged),0.007355340027097,20.0,126.0,854.0
2017-10-16,pegged,calibration rejected (boundary-pegged),0.0099673228129838,20.0,127.0,787.0
2017-10-17,pegged,calibration rejected (boundary-pegged),0.0128882846707487,18.0,117.0,716.0
2017-10-18,pegged,calibration rejected (boundary-pegged),0.0097153364188935,19.0,121.0,822.0
2017-10-19,pegged,calibration rejected (boundary-pegged),0.010787371818087,19.0,143.0,888.0
2017-10-20,pegged,calibration rejected (boundary-pegged),0.0096217291855893,20.0,135.0,968.0
2017-10-23,pegged,calibration rejected (boundary-pegged),0.011078745628502,20.0,152.0,965.0
2017-10-24,pegged,calibration rejected (boundary-pegged),0.0107011384601601,19.0,120.0,748.0
2017-10-25,pegged,calibration rejected (boundary-pegged),0.0120283207550692,20.0,172.0,1078.0
2017-10-26,pegged,calibration rejected (boundary-pegged),0.0127808257506003,20.0,132.0,825.0
2017-10-27,pegged,calibration rejected (boundary-pegged),0.0079786317362137,20.0,159.0,971.0
2017-10-30,pegged,calibration rejected (boundary-pegged),0.0116160939451033,19.0,147.0,849.0
2017-10-31,pegged,calibration rejected (boundary-pegged),0.0084466977511966,20.0,125.0,767.0
2017-11-01,pegged,calibration rejected (boundary-pegged),0.0082152397186789,20.0,151.0,973.0
2017-11-02,pegged,calibration rejected (boundary-pegged),0.0088773999147167,20.0,156.0,917.0
2017-11-03,pegged,calibration rejected (boundary-pegged),0.0114787223501482,20.0,147.0,905.0
2017-11-06,pegged,calibration rejected (boundary-pegged),0.0063051037711605,20.0,142.0,893.0
2017-11-07,pegged,calibration rejected (boundary-pegged),0.009928831720228,20.0,157.0,1015.0
2017-11-08,pegged,calibration rejected (boundary-pegged),0.007761846665048,20.0,149.0,899.0
2017-11-09,pegged,calibration rejected (boundary-pegged),0.0076485054044679,20.0,164.0,1083.0
2017-11-10,pegged,calibration rejected (boundary-pegged),0.0076887884938897,20.0,149.0,941.0
2017-11-13,pegged,calibration rejected (boundary-pegged),0.0113080732010425,20.0,151.0,910.0
2017-11-14,pegged,calibration rejected (boundary-pegged),0.0090185088034682,20.0,148.0,952.0
2017-11-15,pegged,calibration rejected (boundary-pegged),0.0064916509220231,20.0,162.0,1114.0
2017-11-16,pegged,calibration rejected (boundary-pegged),0.0121492014227126,20.0,170.0,1070.0
2017-11-17,pegged,calibration rejected (boundary-pegged),0.0119364108154419,20.0,135.0,886.0
2017-11-20,pegged,calibration rejected (boundary-pegged),0.0143772967350174,20.0,138.0,886.0
2017-11-21,pegged,calibration rejected (boundary-pegged),0.0102504434981729,20.0,144.0,1015.0
2017-11-22,pegged,calibration rejected (boundary-pegged),0.0130181066872686,20.0,127.0,833.0
2017-11-24,pegged,calibration rejected (boundary-pegged),0.0099897999519981,20.0,127.0,768.0
2017-11-27,pegged,calibration rejected (boundary-pegged),0.0096872505491595,20.0,137.0,894.0
2017-11-28,pegged,calibration rejected (boundary-pegged),0.0126606201781673,20.0,162.0,1103.0
2017-11-29,pegged,calibration rejected (boundary-pegged),0.0121239466196116,20.0,151.0,1070.0
2017-11-30,pegged,calibration rejected (boundary-pegged),0.0133489616025183,20.0,172.0,1185.0
2017-12-01,pegged,calibration rejected (boundary-pegged),0.0119269304139381,20.0,159.0,1148.0
2017-12-04,pegged,calibration rejected (boundary-pegged),0.0086248963736542,20.0,164.0,1030.0
2017-12-05,pegged,calibration rejected (boundary-pegged),0.0093363589588347,20.0,175.0,1020.0
2017-12-06,pegged,calibration rejected (boundary-pegged),0.0082170597221483,19.0,145.0,879.0
2017-12-07,pegged,calibration rejected (boundary-pegged),0.0091187000867969,20.0,149.0,907.0
2017-12-08,pegged,calibration rejected (boundary-pegged),0.008878837941009,19.0,146.0,865.0
2017-12-11,pegged,calibration rejected (boundary-pegged),0.0112060558387827,19.0,131.0,876.0
2017-12-12,pegged,calibration rejected (boundary-pegged),0.0085163437990722,19.0,136.0,914.0
2017-12-13,pegged,calibration rejected (boundary-pegged),0.0079623916056186,20.0,138.0,853.0
2017-12-14,pegged,calibration rejected (boundary-pegged),0.006885571724546,19.0,158.0,931.0
2017-12-15,pegged,calibration rejected (boundary-pegged),0.0090339242340715,20.0,171.0,998.0
2017-12-18,pegged,calibration rejected (boundary-pegged),0.0082687939864905,20.0,141.0,920.0
2017-12-19,pegged,calibration rejected (boundary-pegged),0.0078741303775019,20.0,156.0,972.0
2017-12-21,pegged,calibration rejected (boundary-pegged),0.0068150328784973,20.0,158.0,932.0
2017-12-22,pegged,calibration rejected (boundary-pegged),0.0071580434403842,20.0,141.0,850.0
2017-12-26,pegged,calibration rejected (boundary-pegged),0.0080928602626479,19.0,123.0,739.0
2017-12-27,pegged,calibration rejected (boundary-pegged),0.0115696341792963,20.0,155.0,845.0
2017-12-28,pegged,calibration rejected (boundary-pegged),0.0111579248792634,20.0,130.0,806.0
2017-12-29,pegged,calibration rejected (boundary-pegged),0.010318855707261,20.0,174.0,970.0
2018-01-02,pegged,calibration rejected (boundary-pegged),0.0112149413352801,20.0,153.0,935.0
2018-01-03,pegged,calibration rejected (boundary-pegged),0.0065313679454197,20.0,161.0,984.0
2018-01-04,pegged,calibration rejected (boundary-pegged),0.0099682871179534,20.0,148.0,968.0
2018-01-05,pegged,calibration rejected (boundary-pegged),0.0075867863860647,20.0,161.0,1022.0
2018-01-08,pegged,calibration rejected (boundary-pegged),0.0089384353496478,20.0,149.0,966.0
2018-01-09,pegged,calibration rejected (boundary-pegged),0.00889385641871,20.0,165.0,1063.0
2018-01-10,pegged,calibration rejected (boundary-pegged),0.0070566344991342,19.0,159.0,971.0
2018-01-11,pegged,calibration rejected (boundary-pegged),0.0065175934084268,19.0,165.0,1022.0
2018-01-12,pegged,calibration rejected (boundary-pegged),0.0075287638815463,20.0,166.0,1109.0
2018-01-16,pegged,calibration rejected (boundary-pegged),0.0098402201863299,20.0,187.0,1239.0
2018-01-17,pegged,calibration rejected (boundary-pegged),0.0073597665127881,20.0,195.0,1115.0
2018-01-18,pegged,calibration rejected (boundary-pegged),0.006963531845572,20.0,180.0,1036.0
2018-01-19,pegged,calibration rejected (boundary-pegged),0.0136784708420506,20.0,178.0,1009.0
2018-01-22,pegged,calibration rejected (boundary-pegged),0.0103060696379393,20.0,209.0,1135.0
2018-01-23,pegged,calibration rejected (boundary-pegged),0.0077396648374392,20.0,166.0,1081.0
2018-01-24,pegged,calibration rejected (boundary-pegged),0.0104134197299873,20.0,199.0,1221.0
2018-01-26,pegged,calibration rejected (boundary-pegged),0.0101938038455765,20.0,198.0,1192.0
2018-01-31,pegged,calibration rejected (boundary-pegged),0.0084849830617391,20.0,203.0,1175.0
2018-02-01,pegged,calibration rejected (boundary-pegged),0.0089465719487765,20.0,200.0,1144.0
2018-02-05,iv_miss,calibration rejected (iv_rmse=0.0394 > 0.02),0.0394214712901239,20.0,155.0,1452.0
2018-02-06,iv_miss,calibration rejected (iv_rmse=0.0448 > 0.02),0.044786049775524,20.0,177.0,1437.0
2018-02-07,pegged,calibration rejected (boundary-pegged),0.0153842631288699,20.0,177.0,1360.0
2018-02-08,iv_miss,calibration rejected (iv_rmse=0.0255 > 0.02),0.0254737065275303,20.0,189.0,1386.0
2018-02-09,iv_miss,calibration rejected (iv_rmse=0.0270 > 0.02),0.0269835987992956,20.0,196.0,1437.0
2018-02-12,pegged,calibration rejected (boundary-pegged),0.0147381501180129,20.0,215.0,1381.0
2018-02-13,pegged,calibration rejected (boundary-pegged),0.0129632496054749,20.0,214.0,1214.0
2018-02-14,pegged,calibration rejected (boundary-pegged),0.0102720580966168,20.0,192.0,1267.0
2018-02-15,pegged,calibration rejected (boundary-pegged),0.010509060651824,20.0,217.0,1328.0
2018-02-16,pegged,calibration rejected (boundary-pegged),0.0103580296376184,20.0,202.0,1235.0
2018-02-20,pegged,calibration rejected (boundary-pegged),0.0103490789231243,20.0,187.0,1212.0
2018-02-21,pegged,calibration rejected (boundary-pegged),0.0105222936132323,20.0,194.0,1177.0
2018-02-22,pegged,calibration rejected (boundary-pegged),0.0084775463359865,19.0,196.0,1138.0
2018-02-23,pegged,calibration rejected (boundary-pegged),0.0106513555087367,20.0,202.0,1119.0
2018-02-26,pegged,calibration rejected (boundary-pegged),0.0084470099744676,20.0,181.0,1224.0
2018-02-27,pegged,calibration rejected (boundary-pegged),0.0116997159743385,20.0,192.0,1216.0
2018-02-28,pegged,calibration rejected (boundary-pegged),0.0082394871467754,20.0,197.0,1142.0
2018-03-01,pegged,calibration rejected (boundary-pegged),0.0105377092634308,20.0,182.0,1343.0
2018-03-02,pegged,calibration rejected (boundary-pegged),0.0154001082706572,20.0,188.0,1243.0
2018-03-05,pegged,calibration rejected (boundary-pegged),0.0109546965244447,19.0,176.0,1210.0
2018-03-06,pegged,calibration rejected (boundary-pegged),0.0117021727265841,20.0,181.0,1110.0
2018-03-08,pegged,calibration rejected (boundary-pegged),0.0108652150528018,20.0,185.0,1042.0
2018-03-09,pegged,calibration rejected (boundary-pegged),0.0099405414386336,20.0,166.0,1171.0
2018-03-12,pegged,calibration rejected (boundary-pegged),0.0145966073361298,20.0,171.0,1213.0
2018-03-13,pegged,calibration rejected (boundary-pegged),0.0163730972196011,20.0,194.0,1219.0
2018-03-14,pegged,calibration rejected (boundary-pegged),0.0132710037330479,18.0,181.0,1102.0
2018-03-15,pegged,calibration rejected (boundary-pegged),0.0126461979604926,20.0,184.0,1079.0
2018-03-16,pegged,calibration rejected (boundary-pegged),0.0134899700482313,19.0,181.0,1038.0
2018-03-20,pegged,calibration rejected (boundary-pegged),0.0073082977426355,20.0,182.0,1047.0
2018-03-21,pegged,calibration rejected (boundary-pegged),0.0138289247880701,20.0,197.0,1084.0
2018-03-22,pegged,calibration rejected (boundary-pegged),0.0106478707409961,20.0,175.0,1398.0
2018-03-29,iv_miss,calibration rejected (iv_rmse=0.0218 > 0.02),0.0217898609673712,20.0,214.0,1273.0
2018-04-17,pegged,calibration rejected (boundary-pegged),0.0109710617229969,20.0,178.0,1087.0
2018-04-18,pegged,calibration rejected (boundary-pegged),0.017859172116099,20.0,156.0,1076.0
2018-04-19,pegged,calibration rejected (boundary-pegged),0.012428640579076,20.0,174.0,1111.0
2018-04-20,pegged,calibration rejected (boundary-pegged),0.0147533490690946,20.0,180.0,1186.0
2018-05-01,iv_miss,calibration rejected (iv_rmse=0.0219 > 0.02),0.021876261675269,20.0,206.0,1218.0
2018-05-11,pegged,calibration rejected (boundary-pegged),0.0097427366656106,20.0,153.0,1070.0
2018-05-14,pegged,calibration rejected (boundary-pegged),0.0171387981063665,20.0,152.0,1105.0
2018-05-15,pegged,calibration rejected (boundary-pegged),0.0081898303956086,19.0,173.0,1095.0
2018-05-17,pegged,calibration rejected (boundary-pegged),0.0095454680720953,19.0,193.0,986.0
2018-05-18,pegged,calibration rejected (boundary-pegged),0.0113777264682958,20.0,161.0,955.0
2018-05-21,pegged,calibration rejected (boundary-pegged),0.0145722083796625,20.0,160.0,1049.0
2018-05-22,pegged,calibration rejected (boundary-pegged),0.0162628531139786,20.0,184.0,1026.0
2018-05-23,pegged,calibration rejected (boundary-pegged),0.0121370237820751,20.0,186.0,1064.0
2018-05-24,pegged,calibration rejected (boundary-pegged),0.0170169906476645,20.0,169.0,1020.0
2018-05-25,pegged,calibration rejected (boundary-pegged),0.0162899384118061,19.0,164.0,933.0
2018-05-29,pegged,calibration rejected (boundary-pegged),0.0133311809810654,20.0,175.0,1263.0
2018-05-30,pegged,calibration rejected (boundary-pegged),0.0100274777903717,20.0,190.0,1034.0
2018-05-31,pegged,calibration rejected (boundary-pegged),0.0125744882428962,19.0,178.0,1026.0
2018-06-01,pegged,calibration rejected (boundary-pegged),0.0107164979824525,20.0,171.0,1026.0
2018-06-04,iv_miss,calibration rejected (iv_rmse=0.0383 > 0.02),0.0383094242085808,20.0,158.0,963.0
2018-06-05,pegged,calibration rejected (boundary-pegged),0.0134755852360315,20.0,164.0,947.0
2018-06-06,pegged,calibration rejected (boundary-pegged),0.0058184944353135,20.0,179.0,1061.0
2018-06-07,pegged,calibration rejected (boundary-pegged),0.007476943574657,20.0,173.0,956.0
2018-06-08,pegged,calibration rejected (boundary-pegged),0.0140383266891736,20.0,178.0,901.0
2018-06-11,pegged,calibration rejected (boundary-pegged),0.0149708999869216,20.0,171.0,1018.0
2018-06-12,pegged,calibration rejected (boundary-pegged),0.0102521754242747,20.0,169.0,942.0
2018-06-13,pegged,calibration rejected (boundary-pegged),0.0071779200058688,20.0,178.0,1003.0
2018-06-14,pegged,calibration rejected (boundary-pegged),0.0124988386495232,20.0,172.0,945.0
2018-06-15,pegged,calibration rejected (boundary-pegged),0.0107879151959511,20.0,169.0,1008.0
2018-06-18,pegged,calibration rejected (boundary-pegged),0.0131165057220524,19.0,193.0,970.0
2018-06-19,pegged,calibration rejected (boundary-pegged),0.0099831020613929,20.0,183.0,1083.0
2018-06-20,pegged,calibration rejected (boundary-pegged),0.0052995058574066,19.0,172.0,875.0
2018-06-21,pegged,calibration rejected (boundary-pegged),0.0086823423772351,20.0,174.0,1070.0
2018-06-22,pegged,calibration rejected (boundary-pegged),0.0073389008551225,17.0,177.0,840.0
2018-06-25,pegged,calibration rejected (boundary-pegged),0.0081523280904828,20.0,181.0,1309.0
2018-06-26,pegged,calibration rejected (boundary-pegged),0.0160167693108873,20.0,198.0,1113.0
2018-06-27,pegged,calibration rejected (boundary-pegged),0.0106230000737026,20.0,189.0,1223.0
2018-06-29,pegged,calibration rejected (boundary-pegged),0.0159526823032366,20.0,202.0,1095.0
2018-07-02,pegged,calibration rejected (boundary-pegged),0.0121475630813316,20.0,190.0,1164.0
2018-07-03,pegged,calibration rejected (boundary-pegged),0.0133206539324691,20.0,196.0,1061.0
2018-07-05,pegged,calibration rejected (boundary-pegged),0.0114061277379239,20.0,189.0,1078.0
2018-07-06,pegged,calibration rejected (boundary-pegged),0.0127438172754085,20.0,177.0,1043.0
2018-07-09,pegged,calibration rejected (boundary-pegged),0.0141749863711959,20.0,184.0,1165.0
2018-07-10,pegged,calibration rejected (boundary-pegged),0.0135128667552522,20.0,162.0,1031.0
2018-07-11,pegged,calibration rejected (boundary-pegged),0.0082886162311529,20.0,158.0,996.0
2018-07-12,pegged,calibration rejected (boundary-pegged),0.0140186043072226,20.0,198.0,1076.0
2018-07-13,pegged,calibration rejected (boundary-pegged),0.0111995057702972,20.0,160.0,945.0
2018-07-16,pegged,calibration rejected (boundary-pegged),0.0145170545932347,20.0,173.0,1031.0
2018-07-17,pegged,calibration rejected (boundary-pegged),0.0108854635473866,20.0,183.0,957.0
2018-07-18,pegged,calibration rejected (boundary-pegged),0.0080482544132327,20.0,174.0,938.0
2018-07-19,pegged,calibration rejected (boundary-pegged),0.0077414531391805,20.0,171.0,992.0
2018-07-20,pegged,calibration rejected (boundary-pegged),0.0076126704163301,20.0,162.0,933.0
2018-07-23,pegged,calibration rejected (boundary-pegged),0.0107445882554065,20.0,192.0,965.0
2018-07-24,pegged,calibration rejected (boundary-pegged),0.0112179296997391,20.0,187.0,972.0
2018-07-25,pegged,calibration rejected (boundary-pegged),0.0124818633759265,20.0,201.0,1057.0
2018-07-26,pegged,calibration rejected (boundary-pegged),0.0096084187558781,19.0,160.0,981.0
2018-07-27,pegged,calibration rejected (boundary-pegged),0.0099163529045519,20.0,194.0,1127.0
2018-07-30,pegged,calibration rejected (boundary-pegged),0.0107013827624612,20.0,191.0,1069.0
2018-07-31,pegged,calibration rejected (boundary-pegged),0.0161826824896292,20.0,179.0,1005.0
2018-08-01,pegged,calibration rejected (boundary-pegged),0.0118341510828926,20.0,171.0,947.0
2018-08-02,pegged,calibration rejected (boundary-pegged),0.0104217854279625,20.0,186.0,972.0
2018-08-03,pegged,calibration rejected (boundary-pegged),0.0131643092542743,19.0,167.0,891.0
2018-08-06,pegged,calibration rejected (boundary-pegged),0.0120348881249109,19.0,157.0,982.0
2018-08-07,pegged,calibration rejected (boundary-pegged),0.0070891230325366,20.0,148.0,947.0
2018-08-08,pegged,calibration rejected (boundary-pegged),0.0149469405125074,20.0,149.0,904.0
2018-08-09,pegged,calibration rejected (boundary-pegged),0.007107615276324,20.0,171.0,845.0
2018-08-10,pegged,calibration rejected (boundary-pegged),0.0086736054731368,19.0,169.0,1044.0
2018-08-13,pegged,calibration rejected (boundary-pegged),0.0096246908418462,19.0,207.0,1067.0
2018-08-14,pegged,calibration rejected (boundary-pegged),0.0130190761368528,20.0,169.0,928.0
2018-08-15,pegged,calibration rejected (boundary-pegged),0.0128621659747609,20.0,199.0,1182.0
2018-08-16,pegged,calibration rejected (boundary-pegged),0.0125182024986749,20.0,190.0,1050.0
2018-08-17,pegged,calibration rejected (boundary-pegged),0.0091617657871775,20.0,201.0,1015.0
2018-08-20,iv_miss,calibration rejected (iv_rmse=0.0204 > 0.02),0.0203833249054482,20.0,158.0,1002.0
2018-08-21,pegged,calibration rejected (boundary-pegged),0.0151781117282974,20.0,165.0,989.0
2018-08-22,pegged,calibration rejected (boundary-pegged),0.0099838672635357,20.0,177.0,934.0
2018-08-23,pegged,calibration rejected (boundary-pegged),0.0088518197791139,20.0,175.0,978.0
2018-08-24,pegged,calibration rejected (boundary-pegged),0.0190516358339556,20.0,180.0,939.0
2018-08-27,pegged,calibration rejected (boundary-pegged),0.0164565088042694,20.0,170.0,1134.0
2018-08-28,pegged,calibration rejected (boundary-pegged),0.0158038308523152,20.0,188.0,1044.0
2018-08-29,pegged,calibration rejected (boundary-pegged),0.0101112275123943,20.0,205.0,1139.0
2018-08-30,pegged,calibration rejected (boundary-pegged),0.0113779193736226,20.0,181.0,1037.0
2018-08-31,pegged,calibration rejected (boundary-pegged),0.0100716613552243,19.0,187.0,978.0
2018-09-04,pegged,calibration rejected (boundary-pegged),0.0082249985299523,20.0,180.0,973.0
2018-09-05,pegged,calibration rejected (boundary-pegged),0.0084496127067083,20.0,190.0,1094.0
2018-09-06,pegged,calibration rejected (boundary-pegged),0.0091838192331753,20.0,183.0,1186.0
2018-09-07,pegged,calibration rejected (boundary-pegged),0.0117504602727875,20.0,198.0,1021.0
2018-09-10,pegged,calibration rejected (boundary-pegged),0.0112787048452753,20.0,168.0,1013.0
2018-09-11,pegged,calibration rejected (boundary-pegged),0.0161579074838716,20.0,177.0,1037.0
2018-09-12,pegged,calibration rejected (boundary-pegged),0.0144407280770052,20.0,177.0,1032.0
2018-09-13,pegged,calibration rejected (boundary-pegged),0.0162017164923494,20.0,162.0,1068.0
2018-09-14,pegged,calibration rejected (boundary-pegged),0.0181291068407131,20.0,163.0,990.0
2018-09-17,pegged,calibration rejected (boundary-pegged),0.0197883255900148,20.0,184.0,1102.0
2018-09-18,pegged,calibration rejected (boundary-pegged),0.0109947387787511,20.0,186.0,977.0
2018-09-19,pegged,calibration rejected (boundary-pegged),0.0137521404680477,20.0,162.0,890.0
2018-09-20,pegged,calibration rejected (boundary-pegged),0.0125845489177032,20.0,177.0,1136.0
2018-09-21,pegged,calibration rejected (boundary-pegged),0.0120420454313377,20.0,178.0,1036.0
2018-09-24,pegged,calibration rejected (boundary-pegged),0.0115266567581369,20.0,180.0,1088.0
2018-09-25,pegged,calibration rejected (boundary-pegged),0.014638555320497,19.0,177.0,966.0
2018-09-26,pegged,calibration rejected (boundary-pegged),0.0102500529521504,20.0,201.0,1029.0
2018-09-27,pegged,calibration rejected (boundary-pegged),0.0152904825898818,19.0,178.0,1016.0
2018-09-28,pegged,calibration rejected (boundary-pegged),0.0138312305097593,20.0,167.0,906.0
2018-10-01,pegged,calibration rejected (boundary-pegged),0.0195252237957562,19.0,193.0,1040.0
2018-10-02,pegged,calibration rejected (boundary-pegged),0.0097727216625906,20.0,169.0,935.0
2018-10-03,pegged,calibration rejected (boundary-pegged),0.0082680628070108,19.0,176.0,923.0
2018-10-04,pegged,calibration rejected (boundary-pegged),0.0112105839899231,20.0,209.0,1273.0
2018-10-05,pegged,calibration rejected (boundary-pegged),0.0098079862481502,20.0,184.0,1225.0
2018-10-08,pegged,calibration rejected (boundary-pegged),0.0095511826828008,20.0,214.0,1251.0
2018-10-09,pegged,calibration rejected (boundary-pegged),0.0113052297139242,20.0,195.0,1140.0
2018-10-16,pegged,calibration rejected (boundary-pegged),0.0072299550753445,20.0,192.0,1323.0
2018-10-17,pegged,calibration rejected (boundary-pegged),0.0148135503317404,20.0,203.0,1184.0
2018-10-19,pegged,calibration rejected (boundary-pegged),0.0112244542440894,20.0,211.0,1182.0
2018-10-24,pegged,calibration rejected (boundary-pegged),0.01234792815557,19.0,218.0,1356.0
2018-10-25,pegged,calibration rejected (boundary-pegged),0.0095933788192688,19.0,217.0,1311.0
2018-11-08,pegged,calibration rejected (boundary-pegged),0.011078773582145,20.0,194.0,1104.0
2018-11-26,iv_miss,calibration rejected (iv_rmse=0.0238 > 0.02),0.0237717294083257,20.0,223.0,1250.0
2018-12-27,pegged,calibration rejected (boundary-pegged),0.0105815113301287,20.0,235.0,1475.0
2019-01-16,pegged,calibration rejected (boundary-pegged),0.015041431926807,20.0,205.0,1165.0
2019-01-17,pegged,calibration rejected (boundary-pegged),0.0141454392026999,20.0,218.0,1152.0
2019-02-08,iv_miss,calibration rejected (iv_rmse=0.0206 > 0.02),0.0205691181860995,19.0,208.0,1043.0
2019-02-26,pegged,calibration rejected (boundary-pegged),0.0137920380361812,20.0,185.0,1010.0
2019-02-27,pegged,calibration rejected (boundary-pegged),0.0073809273345395,20.0,204.0,1010.0
2019-03-01,pegged,calibration rejected (boundary-pegged),0.0156148867655094,19.0,202.0,1031.0
2019-03-05,pegged,calibration rejected (boundary-pegged),0.0081666219132258,20.0,195.0,971.0
2019-03-12,pegged,calibration rejected (boundary-pegged),0.0084238916632807,20.0,179.0,1023.0
2019-04-10,pegged,calibration rejected (boundary-pegged),0.0115169492622647,19.0,171.0,902.0
2019-04-11,pegged,calibration rejected (boundary-pegged),0.0089316397752458,20.0,200.0,1020.0
2019-04-15,pegged,calibration rejected (boundary-pegged),0.0086334526628995,20.0,181.0,1047.0
2019-04-16,pegged,calibration rejected (boundary-pegged),0.013527139003768,20.0,177.0,1015.0
2019-04-17,pegged,calibration rejected (boundary-pegged),0.0082417041447126,19.0,199.0,1001.0
2019-04-18,pegged,calibration rejected (boundary-pegged),0.0053757372256878,20.0,196.0,1010.0
2019-04-22,pegged,calibration rejected (boundary-pegged),0.0052738583897001,20.0,181.0,933.0
2019-04-23,pegged,calibration rejected (boundary-pegged),0.0069130694641984,20.0,195.0,1167.0
2019-04-24,pegged,calibration rejected (boundary-pegged),0.0067494753891011,20.0,177.0,982.0
2019-04-25,pegged,calibration rejected (boundary-pegged),0.0082783942492474,20.0,199.0,995.0
2019-04-26,pegged,calibration rejected (boundary-pegged),0.0067959111657944,20.0,200.0,966.0
2019-04-29,pegged,calibration rejected (boundary-pegged),0.0058686922840292,20.0,179.0,1051.0
2019-04-30,pegged,calibration rejected (boundary-pegged),0.0112548447454055,20.0,206.0,1137.0
2019-05-01,pegged,calibration rejected (boundary-pegged),0.0074072616844673,20.0,225.0,1123.0
2019-05-02,pegged,calibration rejected (boundary-pegged),0.0066013946139268,20.0,225.0,1161.0
2019-05-06,pegged,calibration rejected (boundary-pegged),0.0095697043102844,20.0,198.0,1190.0
2019-07-01,pegged,calibration rejected (boundary-pegged),0.0075791544567435,20.0,192.0,1274.0
2019-07-02,pegged,calibration rejected (boundary-pegged),0.0079969509006557,19.0,187.0,1194.0
2019-07-03,pegged,calibration rejected (boundary-pegged),0.0070571437523461,20.0,199.0,1156.0
2019-07-09,pegged,calibration rejected (boundary-pegged),0.0083129274150977,20.0,193.0,1127.0
2019-07-10,pegged,calibration rejected (boundary-pegged),0.0066375289511913,20.0,191.0,1200.0
2019-07-11,pegged,calibration rejected (boundary-pegged),0.0052749663371811,20.0,182.0,1045.0
2019-07-15,pegged,calibration rejected (boundary-pegged),0.0061004942967655,20.0,146.0,999.0
2019-07-16,pegged,calibration rejected (boundary-pegged),0.0052336243424835,20.0,198.0,1091.0
2019-07-17,pegged,calibration rejected (boundary-pegged),0.0065157400339386,20.0,201.0,1103.0
2019-07-18,pegged,calibration rejected (boundary-pegged),0.0075439264526529,20.0,203.0,1094.0
2019-07-19,pegged,calibration rejected (boundary-pegged),0.0082826371919696,20.0,218.0,1145.0
2019-07-22,pegged,calibration rejected (boundary-pegged),0.0112883060427631,20.0,196.0,1084.0
2019-07-23,pegged,calibration rejected (boundary-pegged),0.0125506944062557,19.0,201.0,1099.0
2019-07-24,pegged,calibration rejected (boundary-pegged),0.008046870435411,20.0,208.0,1065.0
2019-08-01,pegged,calibration rejected (boundary-pegged),0.0140807387168017,20.0,207.0,1341.0
2019-09-05,pegged,calibration rejected (boundary-pegged),0.0080341170419038,18.0,219.0,1137.0
2019-10-08,iv_miss,calibration rejected (iv_rmse=0.0339 > 0.02),0.0338501783523091,20.0,225.0,1425.0
2019-10-09,iv_miss,calibration rejected (iv_rmse=0.0312 > 0.02),0.0312193725519879,19.0,206.0,1197.0
2019-11-18,pegged,calibration rejected (boundary-pegged),0.0056406405541218,20.0,189.0,1093.0
2019-11-19,pegged,calibration rejected (boundary-pegged),0.0060751334996877,20.0,193.0,1052.0
2019-11-29,pegged,calibration rejected (boundary-pegged),0.007429599800331,19.0,184.0,966.0
2019-12-03,pegged,calibration rejected (boundary-pegged),0.0080802111768168,20.0,219.0,1322.0
2019-12-10,pegged,calibration rejected (boundary-pegged),0.0071641203094441,19.0,183.0,977.0
2019-12-11,pegged,calibration rejected (boundary-pegged),0.0075277011416391,20.0,198.0,1056.0
2019-12-12,pegged,calibration rejected (boundary-pegged),0.0074103127561262,20.0,225.0,1232.0
2019-12-13,iv_miss,calibration rejected (iv_rmse=0.0259 > 0.02),0.0259034887881126,20.0,206.0,1166.0
2019-12-16,pegged,calibration rejected (boundary-pegged),0.0080962058447715,20.0,192.0,1184.0
2019-12-17,pegged,calibration rejected (boundary-pegged),0.011462783939435,20.0,166.0,982.0
2019-12-18,pegged,calibration rejected (boundary-pegged),0.0088135858170615,20.0,183.0,1022.0
2019-12-19,pegged,calibration rejected (boundary-pegged),0.0055263054550747,20.0,201.0,1050.0
2019-12-20,pegged,calibration rejected (boundary-pegged),0.0055457828423043,20.0,204.0,1139.0
2019-12-23,pegged,calibration rejected (boundary-pegged),0.0117866509423366,20.0,178.0,984.0
2019-12-24,pegged,calibration rejected (boundary-pegged),0.0106361010869786,20.0,167.0,773.0
2019-12-26,pegged,calibration rejected (boundary-pegged),0.0049656564058214,20.0,181.0,924.0
2019-12-27,pegged,calibration rejected (boundary-pegged),0.0084963752751192,20.0,195.0,1032.0
2019-12-30,pegged,calibration rejected (boundary-pegged),0.0069699365391529,20.0,215.0,1139.0
2019-12-31,pegged,calibration rejected (boundary-pegged),0.008603521362376,19.0,219.0,1144.0
2020-01-27,iv_miss,calibration rejected (iv_rmse=0.0325 > 0.02),0.0324607213241413,20.0,196.0,1426.0
2020-02-25,iv_miss,calibration rejected (iv_rmse=0.0356 > 0.02),0.0356264513198135,20.0,214.0,1535.0
2020-02-27,iv_miss,calibration rejected (iv_rmse=0.0510 > 0.02),0.0510152543924796,20.0,188.0,1547.0
2020-02-28,iv_miss,calibration rejected (iv_rmse=0.0289 > 0.02),0.0289461881580623,20.0,281.0,1486.0
2020-03-02,iv_miss,calibration rejected (iv_rmse=0.0277 > 0.02),0.0277307198179111,20.0,232.0,1561.0
2020-03-03,iv_miss,calibration rejected (iv_rmse=0.0937 > 0.02),0.0936534464864858,20.0,271.0,1448.0
2020-03-04,iv_miss,calibration rejected (iv_rmse=0.0579 > 0.02),0.0579043818332825,20.0,256.0,1517.0
2020-03-05,iv_miss,calibration rejected (iv_rmse=0.0258 > 0.02),0.0257622018523368,20.0,300.0,1416.0
2020-03-06,iv_miss,calibration rejected (iv_rmse=0.0242 > 0.02),0.0241833063303591,20.0,287.0,1494.0
2020-03-09,iv_miss,calibration rejected (iv_rmse=0.1483 > 0.02),0.148316428226928,20.0,248.0,1576.0
2020-03-10,iv_miss,calibration rejected (iv_rmse=0.0858 > 0.02),0.0857829862728852,20.0,274.0,1556.0
2020-03-11,iv_miss,calibration rejected (iv_rmse=0.0268 > 0.02),0.026786323152234,20.0,269.0,1526.0
2020-03-12,iv_miss,calibration rejected (iv_rmse=0.1562 > 0.02),0.1561735438244873,20.0,274.0,1573.0
2020-03-13,iv_miss,calibration rejected (iv_rmse=0.2156 > 0.02),0.2155626573132298,20.0,286.0,1545.0
2020-03-16,iv_miss,calibration rejected (iv_rmse=0.0480 > 0.02),0.0480453246463878,20.0,312.0,1556.0
2020-03-17,iv_miss,calibration rejected (iv_rmse=0.1396 > 0.02),0.1395964211603353,20.0,309.0,1569.0
2020-03-18,iv_miss,calibration rejected (iv_rmse=0.0620 > 0.02),0.0620397584219262,20.0,298.0,1554.0
2020-03-19,iv_miss,calibration rejected (iv_rmse=0.0612 > 0.02),0.0612373145856841,20.0,355.0,1501.0
2020-03-20,iv_miss,calibration rejected (iv_rmse=0.0328 > 0.02),0.0327614323127646,20.0,337.0,1508.0
2020-03-23,iv_miss,calibration rejected (iv_rmse=0.0318 > 0.02),0.0317839613613425,20.0,276.0,1546.0
2020-03-24,iv_miss,calibration rejected (iv_rmse=0.1272 > 0.02),0.1272322660824953,20.0,301.0,1558.0
2020-03-25,iv_miss,calibration rejected (iv_rmse=0.0250 > 0.02),0.0249805513762085,20.0,292.0,1523.0
2020-03-26,iv_miss,calibration rejected (iv_rmse=0.1073 > 0.02),0.107344830092164,20.0,303.0,1564.0
2020-03-27,iv_miss,calibration rejected (iv_rmse=0.0301 > 0.02),0.0300866534674152,20.0,316.0,1464.0
2020-03-30,iv_miss,calibration rejected (iv_rmse=0.0286 > 0.02),0.028635007216059,20.0,280.0,1533.0
2020-03-31,iv_miss,calibration rejected (iv_rmse=0.0248 > 0.02),0.0247740879667161,20.0,295.0,1463.0
2020-04-01,iv_miss,calibration rejected (iv_rmse=0.0277 > 0.02),0.0277405755254133,20.0,327.0,1478.0
2020-04-02,iv_miss,calibration rejected (iv_rmse=0.0268 > 0.02),0.0268109150063342,20.0,309.0,1484.0
2020-04-03,iv_miss,calibration rejected (iv_rmse=0.0236 > 0.02),0.0235957741169231,20.0,317.0,1456.0
2020-04-06,iv_miss,calibration rejected (iv_rmse=0.0202 > 0.02),0.0201820656132487,20.0,281.0,1518.0
2020-04-07,iv_miss,calibration rejected (iv_rmse=0.0203 > 0.02),0.0202672563490244,20.0,262.0,1517.0
2020-04-17,iv_miss,calibration rejected (iv_rmse=0.1094 > 0.02),0.1094240115969004,20.0,294.0,1476.0
2020-04-21,iv_miss,calibration rejected (iv_rmse=0.0687 > 0.02),0.0687051657619849,20.0,326.0,1506.0
2020-04-22,iv_miss,calibration rejected (iv_rmse=0.0230 > 0.02),0.0230441962803053,20.0,293.0,1348.0
2020-04-23,iv_miss,calibration rejected (iv_rmse=0.0233 > 0.02),0.023336531150857,20.0,295.0,1418.0
2020-04-24,iv_miss,calibration rejected (iv_rmse=0.0273 > 0.02),0.0272681911358351,20.0,317.0,1337.0
2020-04-27,iv_miss,calibration rejected (iv_rmse=0.0224 > 0.02),0.0224459301160183,20.0,287.0,1442.0
2020-04-28,iv_miss,calibration rejected (iv_rmse=0.0234 > 0.02),0.0233880499955441,20.0,292.0,1372.0
2020-04-30,iv_miss,calibration rejected (iv_rmse=0.0207 > 0.02),0.0207361487550667,20.0,301.0,1372.0
2020-05-01,iv_miss,calibration rejected (iv_rmse=0.0247 > 0.02),0.0246706955439818,20.0,311.0,1427.0
2020-05-04,iv_miss,calibration rejected (iv_rmse=0.0223 > 0.02),0.0223200525689842,20.0,307.0,1418.0
2020-05-05,iv_miss,calibration rejected (iv_rmse=0.0220 > 0.02),0.0219786299927452,20.0,277.0,1356.0
2020-05-06,iv_miss,calibration rejected (iv_rmse=0.0231 > 0.02),0.0230667099670656,20.0,300.0,1265.0
2020-05-07,iv_miss,calibration rejected (iv_rmse=0.0224 > 0.02),0.0224461058185301,20.0,259.0,1218.0
2020-05-08,iv_miss,calibration rejected (iv_rmse=0.0259 > 0.02),0.0258565348787211,20.0,261.0,1303.0
2020-05-11,iv_miss,calibration rejected (iv_rmse=0.0251 > 0.02),0.0250848872213859,20.0,307.0,1369.0
2020-05-12,iv_miss,calibration rejected (iv_rmse=0.0228 > 0.02),0.0227675137485741,20.0,281.0,1343.0
2020-05-13,iv_miss,calibration rejected (iv_rmse=0.0230 > 0.02),0.0229714135047808,20.0,281.0,1465.0
2020-05-14,iv_miss,calibration rejected (iv_rmse=0.0259 > 0.02),0.0259070574980123,20.0,305.0,1437.0
2020-05-18,iv_miss,calibration rejected (iv_rmse=0.0202 > 0.02),0.0201667089818492,20.0,280.0,1495.0
2020-05-21,iv_miss,calibration rejected (iv_rmse=0.0211 > 0.02),0.0211170607580652,20.0,268.0,1241.0
2020-05-22,iv_miss,calibration rejected (iv_rmse=0.0219 > 0.02),0.0219156789369577,20.0,270.0,1226.0
2020-05-26,iv_miss,calibration rejected (iv_rmse=0.0202 > 0.02),0.020152112125371,20.0,268.0,1440.0
2020-05-27,iv_miss,calibration rejected (iv_rmse=0.0205 > 0.02),0.0204703369629642,20.0,282.0,1366.0
2020-06-04,iv_miss,calibration rejected (iv_rmse=0.0216 > 0.02),0.0215620506206752,20.0,260.0,1344.0
2020-06-11,iv_miss,calibration rejected (iv_rmse=0.0288 > 0.02),0.0287993303087843,20.0,242.0,1597.0
2020-06-12,iv_miss,calibration rejected (iv_rmse=0.0235 > 0.02),0.0234502431169841,20.0,259.0,1550.0
2020-06-15,iv_miss,calibration rejected (iv_rmse=0.0462 > 0.02),0.0462303806326955,20.0,305.0,1512.0
2020-06-18,iv_miss,calibration rejected (iv_rmse=0.0205 > 0.02),0.0204843498183475,19.0,291.0,1192.0
2020-06-19,iv_miss,calibration rejected (iv_rmse=0.0214 > 0.02),0.0214318419475312,20.0,283.0,1392.0
2020-06-22,iv_miss,calibration rejected (iv_rmse=0.0211 > 0.02),0.0210514949199244,19.0,295.0,1358.0
2020-06-23,pegged,calibration rejected (boundary-pegged),0.017952702534534,20.0,278.0,1306.0
2020-06-30,iv_miss,calibration rejected (iv_rmse=0.0200 > 0.02),0.0200460465671368,20.0,273.0,1441.0
2020-07-01,iv_miss,calibration rejected (iv_rmse=0.0217 > 0.02),0.0216836390991543,20.0,254.0,1388.0
2020-07-02,pegged,calibration rejected (boundary-pegged),0.0195768605928286,20.0,244.0,1403.0
2020-07-06,pegged,calibration rejected (boundary-pegged),0.0192169833995771,20.0,239.0,1308.0
2020-07-07,iv_miss,calibration rejected (iv_rmse=0.0216 > 0.02),0.0215570081650735,20.0,262.0,1375.0
2020-07-08,pegged,calibration rejected (boundary-pegged),0.0198882310828175,20.0,250.0,1330.0
2020-07-09,iv_miss,calibration rejected (iv_rmse=0.0202 > 0.02),0.0202044689588723,20.0,283.0,1339.0
2020-07-13,iv_miss,calibration rejected (iv_rmse=0.0213 > 0.02),0.0213477758733354,20.0,281.0,1548.0
2020-07-14,iv_miss,calibration rejected (iv_rmse=0.0211 > 0.02),0.0210745355984365,20.0,304.0,1404.0
2020-07-15,pegged,calibration rejected (boundary-pegged),0.017391273154914,20.0,286.0,1322.0
2020-07-17,pegged,calibration rejected (boundary-pegged),0.0168800851774617,20.0,261.0,1314.0
2020-07-20,pegged,calibration rejected (boundary-pegged),0.0186138021844444,20.0,274.0,1355.0
2020-07-22,pegged,calibration rejected (boundary-pegged),0.0184616519229464,20.0,248.0,1162.0
2020-07-27,pegged,calibration rejected (boundary-pegged),0.0181892912803765,20.0,265.0,1244.0
2020-07-28,pegged,calibration rejected (boundary-pegged),0.0167853686726093,20.0,277.0,1334.0
2020-07-29,iv_miss,calibration rejected (iv_rmse=0.0203 > 0.02),0.0202563891967698,20.0,304.0,1308.0
2020-07-30,iv_miss,calibration rejected (iv_rmse=0.0214 > 0.02),0.0213709697120062,20.0,317.0,1327.0
2020-08-04,pegged,calibration rejected (boundary-pegged),0.0195787340894533,20.0,241.0,1221.0
2020-08-05,pegged,calibration rejected (boundary-pegged),0.0199809692200423,20.0,223.0,1197.0
2020-08-06,iv_miss,calibration rejected (iv_rmse=0.0201 > 0.02),0.0200833927690512,20.0,275.0,1278.0
2020-08-07,pegged,calibration rejected (boundary-pegged),0.0186974225832092,20.0,258.0,1300.0
2020-08-10,pegged,calibration rejected (boundary-pegged),0.0192957515824412,20.0,267.0,1215.0
2020-08-11,pegged,calibration rejected (boundary-pegged),0.0189720976992866,20.0,254.0,1297.0
2020-08-12,pegged,calibration rejected (boundary-pegged),0.0183560110475899,20.0,258.0,1219.0
2020-08-13,pegged,calibration rejected (boundary-pegged),0.0193858917023375,20.0,263.0,1207.0
2020-08-14,pegged,calibration rejected (boundary-pegged),0.0180795403662455,19.0,243.0,1150.0
2020-08-17,iv_miss,calibration rejected (iv_rmse=0.0204 > 0.02),0.0203914851336723,20.0,208.0,1004.0
2020-08-18,pegged,calibration rejected (boundary-pegged),0.0146088021013342,20.0,235.0,1137.0
2020-08-19,pegged,calibration rejected (boundary-pegged),0.0159713913870948,20.0,254.0,1175.0
2020-08-20,pegged,calibration rejected (boundary-pegged),0.0174002276134727,20.0,279.0,1199.0
2020-08-21,pegged,calibration rejected (boundary-pegged),0.0171287375723378,20.0,255.0,1230.0
2020-08-24,pegged,calibration rejected (boundary-pegged),0.0184631547831813,20.0,239.0,1216.0
2020-08-25,pegged,calibration rejected (boundary-pegged),0.018950524858277,20.0,238.0,1177.0
2020-08-26,iv_miss,calibration rejected (iv_rmse=0.0202 > 0.02),0.0201892291323843,20.0,260.0,1320.0
2020-08-27,iv_miss,calibration rejected (iv_rmse=0.0215 > 0.02),0.0214986490477474,19.0,251.0,1342.0
2020-08-28,iv_miss,calibration rejected (iv_rmse=0.0251 > 0.02),0.025121898646223,20.0,258.0,1318.0
2020-08-31,pegged,calibration rejected (boundary-pegged),0.0198784663657484,19.0,232.0,1220.0
2020-09-01,iv_miss,calibration rejected (iv_rmse=0.0245 > 0.02),0.024481341017212,20.0,253.0,1266.0
2020-09-02,iv_miss,calibration rejected (iv_rmse=0.0255 > 0.02),0.0254809067119469,20.0,265.0,1452.0
2020-09-03,iv_miss,calibration rejected (iv_rmse=0.0305 > 0.02),0.0305494248322175,20.0,257.0,1409.0
2020-09-04,iv_miss,calibration rejected (iv_rmse=0.0270 > 0.02),0.0269503721764003,20.0,303.0,1473.0
2020-09-11,pegged,calibration rejected (boundary-pegged),0.0192801540420998,20.0,313.0,1370.0
2020-09-14,pegged,calibration rejected (boundary-pegged),0.0182914938369586,20.0,265.0,1330.0
2020-09-16,pegged,calibration rejected (boundary-pegged),0.017816793937089,19.0,287.0,1178.0
2020-09-17,pegged,calibration rejected (boundary-pegged),0.0174589543700985,20.0,283.0,1393.0
2020-09-18,pegged,calibration rejected (boundary-pegged),0.0193108396024251,20.0,307.0,1430.0
2020-09-21,iv_miss,calibration rejected (iv_rmse=0.0217 > 0.02),0.021717564143511,20.0,268.0,1473.0
2020-09-22,iv_miss,calibration rejected (iv_rmse=0.0225 > 0.02),0.0224668132829011,20.0,301.0,1394.0
2020-09-23,iv_miss,calibration rejected (iv_rmse=0.0234 > 0.02),0.0234166492167297,19.0,275.0,1402.0
2020-09-24,iv_miss,calibration rejected (iv_rmse=0.0267 > 0.02),0.0266928336882335,20.0,305.0,1391.0
2020-09-25,iv_miss,calibration rejected (iv_rmse=0.0240 > 0.02),0.0240317100364463,20.0,271.0,1399.0
2020-09-28,iv_miss,calibration rejected (iv_rmse=0.0225 > 0.02),0.0224682992192579,20.0,244.0,1352.0
2020-09-29,iv_miss,calibration rejected (iv_rmse=0.0221 > 0.02),0.0220769239125718,20.0,253.0,1234.0
2020-09-30,iv_miss,calibration rejected (iv_rmse=0.0233 > 0.02),0.0233216266050376,20.0,268.0,1365.0
2020-10-01,iv_miss,calibration rejected (iv_rmse=0.0214 > 0.02),0.0213919248179126,20.0,266.0,1316.0
2020-10-02,iv_miss,calibration rejected (iv_rmse=0.0221 > 0.02),0.0221045381792189,20.0,266.0,1304.0
2020-10-05,iv_miss,calibration rejected (iv_rmse=0.0245 > 0.02),0.0245302320129806,20.0,259.0,1301.0
2020-10-06,iv_miss,calibration rejected (iv_rmse=0.0228 > 0.02),0.0227816845692402,20.0,266.0,1377.0
2020-10-07,iv_miss,calibration rejected (iv_rmse=0.0219 > 0.02),0.0218654609701655,20.0,263.0,1298.0
2020-10-08,iv_miss,calibration rejected (iv_rmse=0.0204 > 0.02),0.0204254497342474,18.0,222.0,1204.0
2020-10-20,pegged,calibration rejected (boundary-pegged),0.0138412215035824,20.0,299.0,1374.0
2020-10-23,pegged,calibration rejected (boundary-pegged),0.0122567721543032,20.0,261.0,1256.0
2020-10-27,pegged,calibration rejected (boundary-pegged),0.0161112911317224,20.0,234.0,1231.0
2020-10-28,pegged,calibration rejected (boundary-pegged),0.012598574308772,20.0,267.0,1424.0
2020-10-30,pegged,calibration rejected (boundary-pegged),0.0125060834395364,20.0,277.0,1434.0
2020-11-02,pegged,calibration rejected (boundary-pegged),0.0116352281052342,19.0,267.0,1314.0
2020-11-03,pegged,calibration rejected (boundary-pegged),0.0088975970051041,20.0,247.0,1338.0
2020-11-10,pegged,calibration rejected (boundary-pegged),0.0129051842151632,20.0,263.0,1343.0
2020-11-11,pegged,calibration rejected (boundary-pegged),0.0128163002990508,20.0,258.0,1225.0
2020-11-12,pegged,calibration rejected (boundary-pegged),0.014942272248774,20.0,273.0,1238.0
2020-11-13,pegged,calibration rejected (boundary-pegged),0.0120646947823558,19.0,268.0,1234.0
2020-11-23,pegged,calibration rejected (boundary-pegged),0.0115684894945458,20.0,242.0,1279.0
2020-11-25,pegged,calibration rejected (boundary-pegged),0.0135100655230039,19.0,229.0,1197.0
2020-11-27,pegged,calibration rejected (boundary-pegged),0.014106503258925,20.0,230.0,1172.0
2020-11-30,pegged,calibration rejected (boundary-pegged),0.0121566247664623,20.0,259.0,1345.0
2020-12-02,pegged,calibration rejected (boundary-pegged),0.0113460207032583,20.0,264.0,1261.0
2020-12-03,pegged,calibration rejected (boundary-pegged),0.0125726819457503,20.0,248.0,1210.0
2020-12-04,pegged,calibration rejected (boundary-pegged),0.0162859890788505,20.0,250.0,1210.0
2020-12-07,pegged,calibration rejected (boundary-pegged),0.0113580269794836,20.0,234.0,1294.0
2020-12-08,pegged,calibration rejected (boundary-pegged),0.0118794526022416,20.0,255.0,1211.0
2020-12-09,pegged,calibration rejected (boundary-pegged),0.0117366370198723,20.0,266.0,1280.0
2020-12-10,pegged,calibration rejected (boundary-pegged),0.0111815718074027,20.0,260.0,1227.0
2020-12-11,pegged,calibration rejected (boundary-pegged),0.0121439018894246,20.0,250.0,1294.0
2020-12-14,pegged,calibration rejected (boundary-pegged),0.0144576592933736,20.0,256.0,1315.0
2020-12-15,pegged,calibration rejected (boundary-pegged),0.0164491405661287,20.0,281.0,1307.0
2020-12-16,pegged,calibration rejected (boundary-pegged),0.0150516841419366,19.0,272.0,1176.0
2020-12-17,pegged,calibration rejected (boundary-pegged),0.0125218662680775,20.0,243.0,1181.0
2020-12-18,pegged,calibration rejected (boundary-pegged),0.011515070181133,19.0,262.0,1183.0
2020-12-21,iv_miss,calibration rejected (iv_rmse=0.0579 > 0.02),0.0578653530376177,20.0,265.0,1333.0
2020-12-22,pegged,calibration rejected (boundary-pegged),0.0114367234689928,19.0,248.0,1189.0
2020-12-23,pegged,calibration rejected (boundary-pegged),0.0141168131634755,20.0,241.0,1288.0
2020-12-24,pegged,calibration rejected (boundary-pegged),0.0148161686086801,20.0,229.0,1099.0
2020-12-28,pegged,calibration rejected (boundary-pegged),0.0119494126394641,20.0,254.0,1283.0
2020-12-29,pegged,calibration rejected (boundary-pegged),0.0118004579383386,20.0,263.0,1294.0
2020-12-30,pegged,calibration rejected (boundary-pegged),0.0135244827936756,20.0,226.0,1172.0
2020-12-31,pegged,calibration rejected (boundary-pegged),0.0108156466952794,19.0,264.0,1265.0
2021-01-05,pegged,calibration rejected (boundary-pegged),0.0111439217856095,20.0,282.0,1280.0
2021-01-07,pegged,calibration rejected (boundary-pegged),0.0118516789820588,20.0,265.0,1327.0
2021-01-08,pegged,calibration rejected (boundary-pegged),0.0142311782592832,20.0,292.0,1293.0
2021-01-12,pegged,calibration rejected (boundary-pegged),0.0111388533504651,20.0,261.0,1281.0
2021-01-13,pegged,calibration rejected (boundary-pegged),0.0117130909492892,20.0,274.0,1199.0
2021-01-14,pegged,calibration rejected (boundary-pegged),0.0132056021270047,19.0,254.0,1121.0
2021-01-15,pegged,calibration rejected (boundary-pegged),0.0109741841221152,20.0,274.0,1264.0
2021-01-19,pegged,calibration rejected (boundary-pegged),0.0099509604632601,20.0,254.0,1263.0
2021-01-21,pegged,calibration rejected (boundary-pegged),0.0121784108421446,20.0,244.0,1207.0
2021-01-22,pegged,calibration rejected (boundary-pegged),0.0120807734327943,20.0,273.0,1242.0
2021-01-25,pegged,calibration rejected (boundary-pegged),0.0142552029557728,20.0,293.0,1375.0
2021-01-26,pegged,calibration rejected (boundary-pegged),0.0118473503613758,19.0,244.0,1187.0
2021-01-27,iv_miss,calibration rejected (iv_rmse=0.0206 > 0.02),0.0206126996364554,20.0,235.0,1441.0
2021-01-28,pegged,calibration rejected (boundary-pegged),0.0160210560216069,20.0,268.0,1359.0
2021-01-29,pegged,calibration rejected (boundary-pegged),0.0198357726214304,20.0,275.0,1435.0
2021-02-01,pegged,calibration rejected (boundary-pegged),0.0197150620775505,20.0,270.0,1413.0
2021-02-02,pegged,calibration rejected (boundary-pegged),0.0150081847840059,20.0,265.0,1327.0
2021-02-03,pegged,calibration rejected (boundary-pegged),0.0123010057267936,19.0,236.0,1161.0
2021-02-04,pegged,calibration rejected (boundary-pegged),0.0123982595475586,20.0,260.0,1247.0
2021-02-05,pegged,calibration rejected (boundary-pegged),0.0147995805987791,20.0,239.0,1222.0
2021-02-10,pegged,calibration rejected (boundary-pegged),0.0110186940725619,20.0,259.0,1243.0
2021-02-11,pegged,calibration rejected (boundary-pegged),0.0140953266035986,20.0,279.0,1257.0
2021-02-12,pegged,calibration rejected (boundary-pegged),0.0110947352183765,20.0,279.0,1274.0
2021-02-16,iv_miss,calibration rejected (iv_rmse=0.4755 > 0.02),0.475510418688661,20.0,251.0,1245.0
2021-02-17,iv_miss,calibration rejected (iv_rmse=0.5037 > 0.02),0.5036915971849065,20.0,282.0,1176.0
2021-02-18,iv_miss,calibration rejected (iv_rmse=0.3376 > 0.02),0.3376076972542915,19.0,261.0,1213.0
2021-02-19,iv_miss,calibration rejected (iv_rmse=0.2197 > 0.02),0.2197344697997386,20.0,291.0,1286.0
2021-02-22,iv_miss,calibration rejected (iv_rmse=0.2802 > 0.02),0.2802147261723902,20.0,283.0,1307.0
2021-02-23,iv_miss,calibration rejected (iv_rmse=0.3431 > 0.02),0.3431111334054817,20.0,300.0,1415.0
2021-02-24,iv_miss,calibration rejected (iv_rmse=0.2634 > 0.02),0.2633774406103603,20.0,245.0,1323.0
2021-02-25,iv_miss,calibration rejected (iv_rmse=0.3907 > 0.02),0.3906535577333318,20.0,284.0,1405.0
2021-02-26,iv_miss,calibration rejected (iv_rmse=0.3770 > 0.02),0.3769630429649135,20.0,264.0,1392.0
2021-03-01,iv_miss,calibration rejected (iv_rmse=0.3099 > 0.02),0.3098757813476098,20.0,249.0,1372.0
2021-03-02,iv_miss,calibration rejected (iv_rmse=0.3606 > 0.02),0.360625551496752,20.0,296.0,1260.0
2021-03-03,iv_miss,calibration rejected (iv_rmse=0.3806 > 0.02),0.3805920033368189,20.0,308.0,1329.0
2021-03-04,iv_miss,calibration rejected (iv_rmse=0.3295 > 0.02),0.3295265242198225,20.0,284.0,1513.0
2021-03-05,iv_miss,calibration rejected (iv_rmse=0.4335 > 0.02),0.4335455165087089,19.0,277.0,1426.0
2021-03-08,iv_miss,calibration rejected (iv_rmse=0.2645 > 0.02),0.2645215566911717,20.0,325.0,1465.0
2021-03-09,iv_miss,calibration rejected (iv_rmse=0.2946 > 0.02),0.294576637399272,20.0,282.0,1349.0
2021-03-10,iv_miss,calibration rejected (iv_rmse=0.3750 > 0.02),0.3750125712625179,20.0,296.0,1332.0
2021-03-11,iv_miss,calibration rejected (iv_rmse=0.3735 > 0.02),0.3735474576789097,20.0,303.0,1405.0
2021-03-12,iv_miss,calibration rejected (iv_rmse=0.3988 > 0.02),0.3987597127546581,20.0,289.0,1264.0
2021-03-15,iv_miss,calibration rejected (iv_rmse=0.4207 > 0.02),0.4207321359263051,20.0,309.0,1348.0
2021-03-16,iv_miss,calibration rejected (iv_rmse=0.3263 > 0.02),0.3263270621336634,20.0,273.0,1279.0
2021-03-17,iv_miss,calibration rejected (iv_rmse=0.3097 > 0.02),0.3096575897851008,20.0,322.0,1275.0
2021-03-18,iv_miss,calibration rejected (iv_rmse=0.2291 > 0.02),0.2291135861968875,20.0,274.0,1241.0
2021-03-19,iv_miss,calibration rejected (iv_rmse=0.2421 > 0.02),0.2420556029452172,20.0,315.0,1314.0
2021-03-22,iv_miss,calibration rejected (iv_rmse=0.2760 > 0.02),0.2759574038818393,19.0,254.0,1180.0
2021-03-23,iv_miss,calibration rejected (iv_rmse=0.1944 > 0.02),0.1943751783442997,20.0,271.0,1285.0
2021-03-24,iv_miss,calibration rejected (iv_rmse=0.2773 > 0.02),0.277305714122655,19.0,300.0,1174.0
2021-03-25,iv_miss,calibration rejected (iv_rmse=0.3419 > 0.02),0.3418502345405236,20.0,269.0,1319.0
2021-03-26,iv_miss,calibration rejected (iv_rmse=0.3241 > 0.02),0.3241222182594974,20.0,267.0,1309.0
2021-03-29,iv_miss,calibration rejected (iv_rmse=0.1956 > 0.02),0.1955951693106377,20.0,250.0,1388.0
2021-03-30,iv_miss,calibration rejected (iv_rmse=0.1543 > 0.02),0.1543136500323391,20.0,247.0,1219.0
2021-03-31,iv_miss,calibration rejected (iv_rmse=0.2181 > 0.02),0.2180820608530045,20.0,283.0,1345.0
2021-04-01,iv_miss,calibration rejected (iv_rmse=0.1726 > 0.02),0.1726087021924741,20.0,274.0,1400.0
2021-04-05,iv_miss,calibration rejected (iv_rmse=0.2128 > 0.02),0.2127648647262147,20.0,285.0,1400.0
2021-04-06,iv_miss,calibration rejected (iv_rmse=0.1834 > 0.02),0.1834347502314707,20.0,286.0,1312.0
2021-04-07,iv_miss,calibration rejected (iv_rmse=0.2035 > 0.02),0.2034754035305664,20.0,260.0,1254.0
2021-04-08,iv_miss,calibration rejected (iv_rmse=0.1850 > 0.02),0.1850490275325942,20.0,285.0,1307.0
2021-04-09,iv_miss,calibration rejected (iv_rmse=0.1632 > 0.02),0.1632380068687231,20.0,293.0,1369.0
2021-04-12,iv_miss,calibration rejected (iv_rmse=0.2107 > 0.02),0.2107026698851734,20.0,275.0,1329.0
2021-04-13,iv_miss,calibration rejected (iv_rmse=0.2566 > 0.02),0.2566276723430754,20.0,286.0,1316.0
2021-04-14,iv_miss,calibration rejected (iv_rmse=0.1670 > 0.02),0.1669896557973636,20.0,290.0,1279.0
2021-04-15,iv_miss,calibration rejected (iv_rmse=0.2114 > 0.02),0.2113678182169174,20.0,287.0,1306.0
2021-04-16,iv_miss,calibration rejected (iv_rmse=0.3166 > 0.02),0.3166157006515736,20.0,251.0,1224.0
2021-04-19,iv_miss,calibration rejected (iv_rmse=0.2120 > 0.02),0.2119881318249421,20.0,266.0,1309.0
2021-04-20,iv_miss,calibration rejected (iv_rmse=0.1867 > 0.02),0.1867339452211575,20.0,260.0,1284.0
2021-04-21,iv_miss,calibration rejected (iv_rmse=0.2256 > 0.02),0.2255545799798216,20.0,286.0,1257.0
2021-04-22,iv_miss,calibration rejected (iv_rmse=0.1942 > 0.02),0.1941901221578288,20.0,267.0,1233.0
2021-04-23,iv_miss,calibration rejected (iv_rmse=0.2108 > 0.02),0.2108214390491417,20.0,267.0,1303.0
2021-04-26,iv_miss,calibration rejected (iv_rmse=0.2596 > 0.02),0.25961706851207,20.0,248.0,1163.0
2021-04-27,iv_miss,calibration rejected (iv_rmse=0.2425 > 0.02),0.2425355959514867,20.0,247.0,1070.0
2021-04-28,iv_miss,calibration rejected (iv_rmse=0.1640 > 0.02),0.1639532041442379,20.0,258.0,1097.0
2021-04-29,iv_miss,calibration rejected (iv_rmse=0.2135 > 0.02),0.2134594668568038,20.0,277.0,1211.0
2021-04-30,iv_miss,calibration rejected (iv_rmse=0.2980 > 0.02),0.2980486080491649,20.0,261.0,1266.0
2021-05-03,iv_miss,calibration rejected (iv_rmse=0.2072 > 0.02),0.2071595183777234,20.0,237.0,1196.0
2021-05-05,pegged,calibration rejected (boundary-pegged),0.0059891681251481,20.0,260.0,1238.0
2021-05-06,pegged,calibration rejected (boundary-pegged),0.0072207084559274,19.0,263.0,1172.0
2021-05-07,pegged,calibration rejected (boundary-pegged),0.0069052308459906,20.0,282.0,1293.0
2021-05-12,iv_miss,calibration rejected (iv_rmse=0.0392 > 0.02),0.0392248893407483,20.0,254.0,1449.0
2021-05-20,pegged,calibration rejected (boundary-pegged),0.0084591944579472,20.0,258.0,1334.0
2021-05-21,pegged,calibration rejected (boundary-pegged),0.0104305776145396,20.0,273.0,1280.0
2021-05-24,pegged,calibration rejected (boundary-pegged),0.0073367248621767,20.0,287.0,1327.0
2021-05-25,pegged,calibration rejected (boundary-pegged),0.0071905043552978,20.0,246.0,1334.0
2021-05-26,pegged,calibration rejected (boundary-pegged),0.0071611123078038,20.0,264.0,1267.0
2021-05-27,pegged,calibration rejected (boundary-pegged),0.0071146906385771,20.0,258.0,1326.0
2021-05-28,pegged,calibration rejected (boundary-pegged),0.0074883688756772,20.0,242.0,1227.0
2021-06-02,pegged,calibration rejected (boundary-pegged),0.006652684231193,20.0,248.0,1248.0
2021-06-03,pegged,calibration rejected (boundary-pegged),0.0062205094227269,20.0,249.0,1263.0
2021-06-04,pegged,calibration rejected (boundary-pegged),0.0062267756010553,20.0,271.0,1229.0
2021-06-07,pegged,calibration rejected (boundary-pegged),0.0065915638357595,20.0,221.0,1231.0
2021-06-08,pegged,calibration rejected (boundary-pegged),0.006588490333581,20.0,231.0,1238.0
2021-06-09,pegged,calibration rejected (boundary-pegged),0.0082000826312031,20.0,262.0,1184.0
2021-06-10,pegged,calibration rejected (boundary-pegged),0.0059317758212179,20.0,247.0,1280.0
2021-06-11,pegged,calibration rejected (boundary-pegged),0.0079476715925132,20.0,257.0,1272.0
2021-06-14,pegged,calibration rejected (boundary-pegged),0.0057149952384454,20.0,238.0,1219.0
2021-06-15,pegged,calibration rejected (boundary-pegged),0.0045045992240243,20.0,225.0,1132.0
2021-06-16,iv_miss,calibration rejected (iv_rmse=0.0466 > 0.02),0.0466499331001048,19.0,256.0,1266.0
2021-06-17,pegged,calibration rejected (boundary-pegged),0.0056702267335608,20.0,264.0,1353.0
2021-06-21,pegged,calibration rejected (boundary-pegged),0.0079239054240814,19.0,265.0,1358.0
2021-06-22,pegged,calibration rejected (boundary-pegged),0.0063209439320954,20.0,233.0,1349.0
2021-06-23,pegged,calibration rejected (boundary-pegged),0.0051878820669849,19.0,228.0,1245.0
2021-06-24,pegged,calibration rejected (boundary-pegged),0.0057815406659785,20.0,220.0,1238.0
2021-06-25,pegged,calibration rejected (boundary-pegged),0.0084588441692483,20.0,230.0,1219.0
2021-06-28,pegged,calibration rejected (boundary-pegged),0.0048160350753658,20.0,257.0,1267.0
2021-06-29,pegged,calibration rejected (boundary-pegged),0.0065965535970387,20.0,241.0,1250.0
2021-06-30,pegged,calibration rejected (boundary-pegged),0.0088925692717401,20.0,230.0,1156.0
2021-07-01,pegged,calibration rejected (boundary-pegged),0.0059731550565194,20.0,265.0,1251.0
2021-07-02,pegged,calibration rejected (boundary-pegged),0.0062664982436659,20.0,279.0,1297.0
2021-07-06,pegged,calibration rejected (boundary-pegged),0.0064513526101239,20.0,259.0,1306.0
2021-07-07,pegged,calibration rejected (boundary-pegged),0.0064152595223365,19.0,269.0,1193.0
2021-07-08,pegged,calibration rejected (boundary-pegged),0.0074585343813472,20.0,277.0,1402.0
2021-07-09,pegged,calibration rejected (boundary-pegged),0.0068391488353051,20.0,272.0,1265.0
2021-07-12,pegged,calibration rejected (boundary-pegged),0.0055023327904571,20.0,258.0,1255.0
2021-07-13,pegged,calibration rejected (boundary-pegged),0.0066116079637903,20.0,277.0,1270.0
2021-07-14,pegged,calibration rejected (boundary-pegged),0.0054924546221786,20.0,261.0,1149.0
2021-07-15,pegged,calibration rejected (boundary-pegged),0.0064018519213325,20.0,248.0,1261.0
2021-07-16,pegged,calibration rejected (boundary-pegged),0.0069703955643709,20.0,257.0,1335.0
2021-07-20,pegged,calibration rejected (boundary-pegged),0.007273751082623,20.0,210.0,1425.0
2021-07-21,pegged,calibration rejected (boundary-pegged),0.006489888151312,20.0,245.0,1275.0
2021-07-22,pegged,calibration rejected (boundary-pegged),0.007381555272282,20.0,251.0,1181.0
2021-07-23,pegged,calibration rejected (boundary-pegged),0.0069000909359298,20.0,269.0,1364.0
2021-07-26,pegged,calibration rejected (boundary-pegged),0.0068103396061815,20.0,251.0,1337.0
2021-07-27,pegged,calibration rejected (boundary-pegged),0.0079110653736053,19.0,272.0,1352.0
2021-07-28,pegged,calibration rejected (boundary-pegged),0.0073414968482352,19.0,259.0,1160.0
2021-07-29,pegged,calibration rejected (boundary-pegged),0.0065393306772698,20.0,224.0,1189.0
2021-07-30,pegged,calibration rejected (boundary-pegged),0.0073049003390791,20.0,238.0,1260.0
2021-08-02,pegged,calibration rejected (boundary-pegged),0.0057235925817111,19.0,214.0,1229.0
2021-08-03,pegged,calibration rejected (boundary-pegged),0.0087892220441075,20.0,275.0,1325.0
2021-08-04,pegged,calibration rejected (boundary-pegged),0.0071763902672172,20.0,248.0,1129.0
2021-08-05,pegged,calibration rejected (boundary-pegged),0.0077062561330067,20.0,244.0,1136.0
2021-08-06,pegged,calibration rejected (boundary-pegged),0.0057730574692344,20.0,222.0,1222.0
2021-08-09,pegged,calibration rejected (boundary-pegged),0.0080409742962291,20.0,244.0,1274.0
2021-08-10,pegged,calibration rejected (boundary-pegged),0.0059354456242204,20.0,244.0,1202.0
2021-08-11,pegged,calibration rejected (boundary-pegged),0.0060724451726709,20.0,252.0,1247.0
2021-08-12,pegged,calibration rejected (boundary-pegged),0.0055297531057503,20.0,267.0,1323.0
2021-08-13,pegged,calibration rejected (boundary-pegged),0.0068225386267565,20.0,212.0,1143.0
2021-08-16,pegged,calibration rejected (boundary-pegged),0.0060642986685381,20.0,271.0,1267.0
2021-08-17,pegged,calibration rejected (boundary-pegged),0.0068688965500063,20.0,272.0,1394.0
2021-08-18,pegged,calibration rejected (boundary-pegged),0.0085960572323451,20.0,255.0,1252.0
2021-08-19,pegged,calibration rejected (boundary-pegged),0.010383103767186,20.0,275.0,1419.0
2021-08-20,pegged,calibration rejected (boundary-pegged),0.0090034700710954,20.0,264.0,1251.0
2021-08-23,pegged,calibration rejected (boundary-pegged),0.0072525600080237,20.0,275.0,1343.0
2021-08-24,pegged,calibration rejected (boundary-pegged),0.0105675279309017,20.0,273.0,1193.0
2021-08-25,pegged,calibration rejected (boundary-pegged),0.0069894869262148,19.0,237.0,1126.0
2021-08-26,pegged,calibration rejected (boundary-pegged),0.0077535485195249,20.0,280.0,1323.0
2021-08-27,pegged,calibration rejected (boundary-pegged),0.0076608718752822,20.0,259.0,1235.0
2021-08-30,pegged,calibration rejected (boundary-pegged),0.0067778698529871,20.0,278.0,1302.0
2021-08-31,pegged,calibration rejected (boundary-pegged),0.0064894184903356,19.0,254.0,1134.0
2021-09-01,pegged,calibration rejected (boundary-pegged),0.0059109143557744,20.0,270.0,1162.0
2021-09-02,pegged,calibration rejected (boundary-pegged),0.0053680186903302,20.0,268.0,1214.0
2021-09-03,pegged,calibration rejected (boundary-pegged),0.0071039353688212,20.0,258.0,1194.0
2021-09-07,pegged,calibration rejected (boundary-pegged),0.0055746020331028,20.0,258.0,1301.0
2021-09-08,pegged,calibration rejected (boundary-pegged),0.0070840618595752,20.0,301.0,1345.0
2021-09-09,pegged,calibration rejected (boundary-pegged),0.0061473717809021,20.0,256.0,1377.0
2021-09-10,pegged,calibration rejected (boundary-pegged),0.0080487894076122,20.0,259.0,1388.0
2021-09-13,pegged,calibration rejected (boundary-pegged),0.0068321516887896,20.0,278.0,1495.0
2021-09-14,pegged,calibration rejected (boundary-pegged),0.0066629156489208,20.0,299.0,1450.0
2021-09-15,pegged,calibration rejected (boundary-pegged),0.0066666285321129,20.0,304.0,1305.0
2021-09-16,pegged,calibration rejected (boundary-pegged),0.006272626957678,20.0,287.0,1389.0
2021-09-20,pegged,calibration rejected (boundary-pegged),0.0096438109838335,20.0,210.0,1582.0
2021-09-21,pegged,calibration rejected (boundary-pegged),0.0069097903662115,20.0,299.0,1502.0
2021-09-23,pegged,calibration rejected (boundary-pegged),0.0064255493387231,20.0,280.0,1431.0
2021-09-24,pegged,calibration rejected (boundary-pegged),0.007093378188659,20.0,258.0,1267.0
2021-09-27,pegged,calibration rejected (boundary-pegged),0.0060458774302534,20.0,262.0,1375.0
2021-10-15,pegged,calibration rejected (boundary-pegged),0.0073434007105541,19.0,286.0,1349.0
2021-10-18,pegged,calibration rejected (boundary-pegged),0.0079300805059028,20.0,278.0,1505.0
2021-10-19,pegged,calibration rejected (boundary-pegged),0.0078306628777706,20.0,271.0,1511.0
2021-10-21,pegged,calibration rejected (boundary-pegged),0.0071197395363841,20.0,283.0,1356.0
2021-10-26,no_trades,no trades after IV/DTM filter,,,,
2021-10-28,pegged,calibration rejected (boundary-pegged),0.0060301406082445,20.0,272.0,1325.0
2021-10-29,pegged,calibration rejected (boundary-pegged),0.0052916989612743,20.0,288.0,1352.0
2021-11-01,pegged,calibration rejected (boundary-pegged),0.005683943510167,20.0,281.0,1366.0
2021-11-02,pegged,calibration rejected (boundary-pegged),0.0068399444393464,20.0,297.0,1324.0
2021-11-03,pegged,calibration rejected (boundary-pegged),0.006770672338907,20.0,291.0,1267.0
2021-11-04,pegged,calibration rejected (boundary-pegged),0.0076999638701542,20.0,260.0,1394.0
2021-11-05,pegged,calibration rejected (boundary-pegged),0.0099879538347796,20.0,277.0,1449.0
2021-11-08,pegged,calibration rejected (boundary-pegged),0.0089599395635433,20.0,270.0,1324.0
2021-11-09,pegged,calibration rejected (boundary-pegged),0.0081683738318923,20.0,252.0,1307.0
2021-11-10,pegged,calibration rejected (boundary-pegged),0.0071014883503242,20.0,276.0,1408.0
2021-11-11,pegged,calibration rejected (boundary-pegged),0.0064670383348843,20.0,285.0,1281.0
2021-11-12,pegged,calibration rejected (boundary-pegged),0.0096231625594882,20.0,296.0,1275.0
2021-11-15,pegged,calibration rejected (boundary-pegged),0.0080935435962488,20.0,287.0,1330.0
2021-11-16,pegged,calibration rejected (boundary-pegged),0.0084954278738763,20.0,284.0,1334.0
2021-11-17,pegged,calibration rejected (boundary-pegged),0.0076033882041178,20.0,261.0,1193.0
2021-11-18,pegged,calibration rejected (boundary-pegged),0.0084385371349459,20.0,223.0,1151.0
2021-11-19,pegged,calibration rejected (boundary-pegged),0.0070774445030765,20.0,280.0,1237.0
2021-11-22,pegged,calibration rejected (boundary-pegged),0.0078938976046395,20.0,305.0,1396.0
2021-11-23,pegged,calibration rejected (boundary-pegged),0.0068600122504823,20.0,288.0,1352.0
2021-11-24,pegged,calibration rejected (boundary-pegged),0.0063918195828262,20.0,338.0,1278.0
2021-11-26,pegged,calibration rejected (boundary-pegged),0.0102187107164647,20.0,274.0,1514.0
2021-11-30,pegged,calibration rejected (boundary-pegged),0.0101690989385514,20.0,257.0,1462.0
2021-12-01,pegged,calibration rejected (boundary-pegged),0.017972783650517,20.0,266.0,1411.0
2021-12-02,iv_miss,calibration rejected (iv_rmse=0.0616 > 0.02),0.0616444873048437,20.0,271.0,1539.0
2021-12-03,pegged,calibration rejected (boundary-pegged),0.0185602524906766,20.0,272.0,1457.0
2021-12-06,pegged,calibration rejected (boundary-pegged),0.0110851284906692,20.0,295.0,1429.0
2021-12-07,pegged,calibration rejected (boundary-pegged),0.0081305232039709,20.0,270.0,1441.0
2021-12-08,pegged,calibration rejected (boundary-pegged),0.0083525186808888,20.0,282.0,1349.0
2021-12-09,pegged,calibration rejected (boundary-pegged),0.007889248218428242,20.0,285.0,1241.0
2021-12-10,pegged,calibration rejected (boundary-pegged),0.00841673236547299,20.0,311.0,1239.0
2021-12-13,pegged,calibration rejected (boundary-pegged),0.008051281183574491,20.0,322.0,1360.0
2021-12-15,iv_miss,calibration rejected (iv_rmse=0.0548 > 0.02),0.054846074863729034,20.0,307.0,1371.0
2021-12-23,pegged,calibration rejected (boundary-pegged),0.01015940884579055,20.0,279.0,1479.0
2021-12-27,pegged,calibration rejected (boundary-pegged),0.013097911443348974,20.0,281.0,1526.0
2021-12-28,pegged,calibration rejected (boundary-pegged),0.008287453712939897,20.0,307.0,1388.0
2021-12-29,pegged,calibration rejected (boundary-pegged),0.010008058443426915,20.0,311.0,1474.0
2021-12-30,pegged,calibration rejected (boundary-pegged),0.010508926131466903,20.0,313.0,1461.0
2022-01-03,pegged,calibration rejected (boundary-pegged),0.008145466105125242,20.0,286.0,1432.0
