date,reason,detail,iv_rmse,n_maturities,n_strikes,n_cells
2012-01-06,pegged,calibration rejected (boundary-pegged),0.01764656548127049,8.0,99.0,267.0
2012-01-23,pegged,calibration rejected (boundary-pegged),0.010201099094922476,9.0,103.0,315.0
2012-01-24,pegged,calibration rejected (boundary-pegged),0.010862415994651325,8.0,91.0,260.0
2012-01-25,pegged,calibration rejected (boundary-pegged),0.01105551478031691,8.0,105.0,317.0
2012-01-26,pegged,calibration rejected (boundary-pegged),0.010713812343121102,9.0,113.0,381.0
2012-01-31,pegged,calibration rejected (boundary-pegged),0.011836331783471463,9.0,103.0,322.0
2012-02-01,pegged,calibration rejected (boundary-pegged),0.012594941082968776,11.0,111.0,371.0
2012-02-02,pegged,calibration rejected (boundary-pegged),0.014805264099782937,9.0,90.0,267.0
2012-02-03,pegged,calibration rejected (boundary-pegged),0.015125535012068791,10.0,99.0,345.0
2012-02-15,pegged,calibration rejected (boundary-pegged),0.00986161178728743,7.0,110.0,347.0
2012-02-16,pegged,calibration rejected (boundary-pegged),0.010154683230228447,8.0,101.0,325.0
2012-02-17,pegged,calibration rejected (boundary-pegged),0.00948451364570876,9.0,95.0,269.0
2012-02-21,pegged,calibration rejected (boundary-pegged),0.010096837730901267,9.0,101.0,324.0
2012-02-22,pegged,calibration rejected (boundary-pegged),0.011309991504192375,7.0,98.0,286.0
2012-02-23,pegged,calibration rejected (boundary-pegged),0.012352855435502946,10.0,101.0,346.0
2012-02-24,pegged,calibration rejected (boundary-pegged),0.011714278413650584,8.0,90.0,283.0
2012-02-27,pegged,calibration rejected (boundary-pegged),0.012225283158709365,11.0,102.0,380.0
2012-02-28,pegged,calibration rejected (boundary-pegged),0.012999259865349163,9.0,100.0,301.0
2012-02-29,pegged,calibration rejected (boundary-pegged),0.01445243260163501,10.0,112.0,412.0
2012-03-01,pegged,calibration rejected (boundary-pegged),0.013323946842074448,9.0,96.0,304.0
2012-03-02,pegged,calibration rejected (boundary-pegged),0.015254932071975279,10.0,93.0,315.0
2012-03-05,pegged,calibration rejected (boundary-pegged),0.013095829866951897,8.0,94.0,269.0
2012-03-06,pegged,calibration rejected (boundary-pegged),0.01184907140386148,11.0,113.0,350.0
2012-03-07,pegged,calibration rejected (boundary-pegged),0.010598865295297619,8.0,109.0,292.0
2012-03-08,pegged,calibration rejected (boundary-pegged),0.009230469639630406,8.0,102.0,289.0
2012-03-09,pegged,calibration rejected (boundary-pegged),0.013224798360089449,9.0,91.0,261.0
2012-03-12,pegged,calibration rejected (boundary-pegged),0.0133953986360169,9.0,89.0,248.0
2012-03-13,pegged,calibration rejected (boundary-pegged),0.014045792454024278,10.0,119.0,430.0
2012-03-14,pegged,calibration rejected (boundary-pegged),0.018366575057615447,9.0,109.0,368.0
2012-03-15,pegged,calibration rejected (boundary-pegged),0.018473986642704242,10.0,115.0,385.0
2012-03-16,pegged,calibration rejected (boundary-pegged),0.00968914844704259,8.0,93.0,252.0
2012-03-19,pegged,calibration rejected (boundary-pegged),0.008181392629637282,12.0,110.0,369.0
2012-03-20,pegged,calibration rejected (boundary-pegged),0.010643668849719515,9.0,103.0,309.0
2012-03-21,pegged,calibration rejected (boundary-pegged),0.01402798178722531,9.0,100.0,272.0
2012-04-02,iv_miss,calibration rejected (iv_rmse=0.0404 > 0.02),0.0403680508931048,9.0,122.0,364.0
2012-04-03,pegged,calibration rejected (boundary-pegged),0.009711054005795108,11.0,111.0,340.0
2012-04-04,pegged,calibration rejected (boundary-pegged),0.012858612875201066,10.0,104.0,320.0
2012-04-05,pegged,calibration rejected (boundary-pegged),0.011940121099131265,9.0,100.0,269.0
2012-05-22,iv_miss,calibration rejected (iv_rmse=0.0209 > 0.02),0.020936767158020387,9.0,113.0,387.0
2012-06-14,pegged,calibration rejected (boundary-pegged),0.01675857701472093,11.0,120.0,416.0
2012-06-20,pegged,calibration rejected (boundary-pegged),0.01305016251843407,12.0,109.0,387.0
2012-07-17,pegged,calibration rejected (boundary-pegged),0.01145267844651417,10.0,118.0,451.0
2012-07-18,pegged,calibration rejected (boundary-pegged),0.011639966339614987,10.0,106.0,411.0
2012-07-19,pegged,calibration rejected (boundary-pegged),0.012112567879983428,12.0,97.0,379.0
2012-07-26,pegged,calibration rejected (boundary-pegged),0.009353204774752039,12.0,113.0,421.0
2012-08-03,pegged,calibration rejected (boundary-pegged),0.012771160452700587,12.0,99.0,434.0
2012-08-16,pegged,calibration rejected (boundary-pegged),0.015819773841929997,12.0,108.0,452.0
2012-08-30,pegged,calibration rejected (boundary-pegged),0.01010622506025055,11.0,95.0,379.0
2012-09-04,pegged,calibration rejected (boundary-pegged),0.009150495992430747,10.0,95.0,358.0
2012-09-05,pegged,calibration rejected (boundary-pegged),0.013154259323705689,10.0,92.0,335.0
2012-09-06,pegged,calibration rejected (boundary-pegged),0.019735724073570268,13.0,106.0,458.0
2012-09-07,iv_miss,calibration rejected (iv_rmse=0.0238 > 0.02),0.02382478668722314,12.0,90.0,362.0
2012-09-11,pegged,calibration rejected (boundary-pegged),0.012585534297550847,11.0,90.0,308.0
2012-09-12,pegged,calibration rejected (boundary-pegged),0.012956632783474172,12.0,91.0,305.0
2012-09-13,pegged,calibration rejected (boundary-pegged),0.013516850266416016,11.0,116.0,488.0
2012-09-17,pegged,calibration rejected (boundary-pegged),0.011260825636683111,10.0,97.0,312.0
2012-09-18,pegged,calibration rejected (boundary-pegged),0.010857952597293335,9.0,91.0,289.0
2012-09-19,pegged,calibration rejected (boundary-pegged),0.013300053369287032,11.0,103.0,373.0
2012-09-20,pegged,calibration rejected (boundary-pegged),0.013906670675142466,8.0,104.0,351.0
2012-09-21,pegged,calibration rejected (boundary-pegged),0.010808765627825847,10.0,101.0,337.0
2012-09-24,pegged,calibration rejected (boundary-pegged),0.011321130355516507,11.0,111.0,339.0
2012-09-25,pegged,calibration rejected (boundary-pegged),0.010810021551262494,11.0,118.0,456.0
2012-09-26,pegged,calibration rejected (boundary-pegged),0.010224582142453843,10.0,110.0,398.0
2012-09-27,pegged,calibration rejected (boundary-pegged),0.012268427726764345,13.0,120.0,460.0
2012-09-28,pegged,calibration rejected (boundary-pegged),0.010271662045801972,11.0,95.0,338.0
2012-10-01,pegged,calibration rejected (boundary-pegged),0.010887596132317587,12.0,116.0,391.0
2012-10-02,pegged,calibration rejected (boundary-pegged),0.01260965936320942,11.0,108.0,341.0
2012-10-03,pegged,calibration rejected (boundary-pegged),0.011827737974009562,9.0,96.0,306.0
2012-10-04,pegged,calibration rejected (boundary-pegged),0.011787920955495228,14.0,101.0,393.0
2012-10-05,pegged,calibration rejected (boundary-pegged),0.013511837471792205,12.0,112.0,436.0
2012-10-08,pegged,calibration rejected (boundary-pegged),0.010574914814398905,10.0,96.0,247.0
2012-10-09,pegged,calibration rejected (boundary-pegged),0.009177684851991316,11.0,114.0,372.0
2012-10-10,pegged,calibration rejected (boundary-pegged),0.010299615128867734,12.0,107.0,393.0
2012-10-11,pegged,calibration rejected (boundary-pegged),0.01098988197793043,11.0,105.0,355.0
2012-10-15,pegged,calibration rejected (boundary-pegged),0.010318740934456293,10.0,108.0,368.0
2012-10-17,pegged,calibration rejected (boundary-pegged),0.011821971451362896,10.0,113.0,357.0
2012-10-18,pegged,calibration rejected (boundary-pegged),0.010557928362583692,12.0,109.0,371.0
2012-10-19,pegged,calibration rejected (boundary-pegged),0.010633483048902723,10.0,109.0,440.0
2012-10-22,pegged,calibration rejected (boundary-pegged),0.009389272361844373,10.0,111.0,393.0
2012-10-23,pegged,calibration rejected (boundary-pegged),0.010326162556842048,12.0,106.0,445.0
2012-10-24,pegged,calibration rejected (boundary-pegged),0.009616575814136448,11.0,102.0,362.0
2012-10-25,pegged,calibration rejected (boundary-pegged),0.010943141953971178,12.0,109.0,396.0
2012-10-31,pegged,calibration rejected (boundary-pegged),0.01123942684638581,12.0,110.0,394.0
2012-11-02,pegged,calibration rejected (boundary-pegged),0.011937191028009367,12.0,117.0,463.0
2012-11-15,pegged,calibration rejected (boundary-pegged),0.012191726838774552,12.0,118.0,534.0
2012-11-20,pegged,calibration rejected (boundary-pegged),0.016673511300445497,10.0,114.0,434.0
2012-11-21,pegged,calibration rejected (boundary-pegged),0.015188179120342118,10.0,101.0,362.0
2012-11-26,pegged,calibration rejected (boundary-pegged),0.012192054717598067,10.0,119.0,395.0
2012-11-27,pegged,calibration rejected (boundary-pegged),0.011648087034701224,9.0,118.0,425.0
2012-11-28,pegged,calibration rejected (boundary-pegged),0.010900689257146707,9.0,121.0,432.0
2012-11-29,pegged,calibration rejected (boundary-pegged),0.011486712552934457,11.0,116.0,418.0
2012-11-30,pegged,calibration rejected (boundary-pegged),0.015572059472164114,11.0,110.0,337.0
2012-12-05,pegged,calibration rejected (boundary-pegged),0.011012797235249444,10.0,120.0,415.0
2012-12-06,pegged,calibration rejected (boundary-pegged),0.014498519577431368,10.0,102.0,375.0
2012-12-07,iv_miss,calibration rejected (iv_rmse=0.0286 > 0.02),0.0286261951305937,11.0,108.0,403.0
2012-12-11,pegged,calibration rejected (boundary-pegged),0.012441863392483968,11.0,104.0,378.0
2012-12-12,pegged,calibration rejected (boundary-pegged),0.01200543613896732,12.0,114.0,411.0
2012-12-13,pegged,calibration rejected (boundary-pegged),0.010316142172055901,11.0,111.0,414.0
2012-12-14,pegged,calibration rejected (boundary-pegged),0.0120979073500386,11.0,91.0,318.0
2012-12-19,pegged,calibration rejected (boundary-pegged),0.01099481899033786,10.0,116.0,379.0
2012-12-20,pegged,calibration rejected (boundary-pegged),0.014583508144220048,11.0,116.0,401.0
2012-12-21,pegged,calibration rejected (boundary-pegged),0.008547192620474318,11.0,112.0,423.0
2012-12-24,pegged,calibration rejected (boundary-pegged),0.007939858957202627,10.0,94.0,257.0
2012-12-26,pegged,calibration rejected (boundary-pegged),0.01059831807666108,12.0,121.0,410.0
2012-12-27,pegged,calibration rejected (boundary-pegged),0.00956775356162968,15.0,142.0,553.0
2012-12-31,pegged,calibration rejected (boundary-pegged),0.013083319587310079,13.0,124.0,508.0
2013-01-02,pegged,calibration rejected (boundary-pegged),0.011089539729955841,12.0,116.0,495.0
2013-01-03,pegged,calibration rejected (boundary-pegged),0.011421956747041863,13.0,106.0,428.0
2013-01-04,pegged,calibration rejected (boundary-pegged),0.012522877115330688,13.0,102.0,448.0
2013-01-08,pegged,calibration rejected (boundary-pegged),0.011286423941301998,13.0,110.0,372.0
2013-01-16,pegged,calibration rejected (boundary-pegged),0.011820367028216237,10.0,115.0,358.0
2013-01-17,pegged,calibration rejected (boundary-pegged),0.010364086770091159,14.0,129.0,484.0
2013-01-18,no_trades,no trades after IV/DTM filter,,,,
2013-01-23,pegged,calibration rejected (boundary-pegged),0.009627040739239656,11.0,102.0,356.0
2013-01-24,pegged,calibration rejected (boundary-pegged),0.00954971939941651,15.0,121.0,528.0
2013-01-28,pegged,calibration rejected (boundary-pegged),0.00823410392287885,13.0,107.0,362.0
2013-01-29,pegged,calibration rejected (boundary-pegged),0.007692492090033844,13.0,117.0,430.0
2013-01-30,pegged,calibration rejected (boundary-pegged),0.007093752000270378,12.0,115.0,407.0
2013-01-31,pegged,calibration rejected (boundary-pegged),0.007851635609864276,13.0,101.0,393.0
2013-02-01,pegged,calibration rejected (boundary-pegged),0.00985969223446619,15.0,108.0,459.0
2013-02-07,pegged,calibration rejected (boundary-pegged),0.008855266964264221,12.0,117.0,440.0
2013-02-08,pegged,calibration rejected (boundary-pegged),0.0066936210092780985,11.0,93.0,362.0
2013-02-11,pegged,calibration rejected (boundary-pegged),0.005609967159225277,10.0,89.0,308.0
2013-02-12,pegged,calibration rejected (boundary-pegged),0.00844562796343397,11.0,95.0,346.0
2013-02-13,no_trades,no trades after IV/DTM filter,,,,
2013-02-14,pegged,calibration rejected (boundary-pegged),0.009262311443681193,12.0,104.0,385.0
2013-02-15,pegged,calibration rejected (boundary-pegged),0.011430460809533813,11.0,121.0,434.0
2013-02-19,pegged,calibration rejected (boundary-pegged),0.009706679117470356,13.0,106.0,437.0
2013-02-20,pegged,calibration rejected (boundary-pegged),0.011015598606001773,12.0,120.0,503.0
2013-02-21,pegged,calibration rejected (boundary-pegged),0.009002501775279722,12.0,118.0,528.0
2013-02-22,pegged,calibration rejected (boundary-pegged),0.007907646763529088,10.0,113.0,419.0
2013-02-25,pegged,calibration rejected (boundary-pegged),0.013177523670341649,12.0,140.0,525.0
2013-02-26,pegged,calibration rejected (boundary-pegged),0.007248218563316044,10.0,122.0,474.0
2013-02-27,pegged,calibration rejected (boundary-pegged),0.008269212617900795,11.0,122.0,472.0
2013-02-28,pegged,calibration rejected (boundary-pegged),0.00960605113656272,12.0,123.0,462.0
2013-03-01,pegged,calibration rejected (boundary-pegged),0.00943490136076734,12.0,105.0,446.0
2013-03-04,pegged,calibration rejected (boundary-pegged),0.008187942519927771,12.0,118.0,412.0
2013-03-05,pegged,calibration rejected (boundary-pegged),0.008107572429541706,13.0,110.0,459.0
2013-03-06,pegged,calibration rejected (boundary-pegged),0.0092166279252303,11.0,105.0,376.0
2013-03-07,pegged,calibration rejected (boundary-pegged),0.011579655309119622,12.0,108.0,375.0
2013-03-08,pegged,calibration rejected (boundary-pegged),0.008802543691786168,12.0,117.0,428.0
2013-03-11,pegged,calibration rejected (boundary-pegged),0.01041957689726787,14.0,119.0,420.0
2013-03-12,pegged,calibration rejected (boundary-pegged),0.008532205399636604,12.0,110.0,450.0
2013-03-13,pegged,calibration rejected (boundary-pegged),0.009567103181484845,11.0,116.0,370.0
2013-03-14,pegged,calibration rejected (boundary-pegged),0.007880131184496944,11.0,112.0,325.0
2013-03-15,pegged,calibration rejected (boundary-pegged),0.009518529348804641,10.0,106.0,364.0
2013-03-18,pegged,calibration rejected (boundary-pegged),0.007726502673941404,12.0,112.0,426.0
2013-03-19,pegged,calibration rejected (boundary-pegged),0.008481318034984978,13.0,125.0,467.0
2013-03-20,pegged,calibration rejected (boundary-pegged),0.009448924069087176,11.0,107.0,361.0
2013-03-21,pegged,calibration rejected (boundary-pegged),0.010440545943607516,13.0,115.0,414.0
2013-03-27,pegged,calibration rejected (boundary-pegged),0.008352984326932263,13.0,125.0,426.0
2013-04-04,pegged,calibration rejected (boundary-pegged),0.008220966577052492,15.0,113.0,394.0
2013-04-05,pegged,calibration rejected (boundary-pegged),0.00954375728374417,14.0,120.0,510.0
2013-04-16,pegged,calibration rejected (boundary-pegged),0.00961352133429416,11.0,132.0,463.0
2013-04-17,pegged,calibration rejected (boundary-pegged),0.01069793897281752,15.0,139.0,517.0
2013-04-18,pegged,calibration rejected (boundary-pegged),0.008983293860229405,14.0,146.0,537.0
2013-04-22,pegged,calibration rejected (boundary-pegged),0.007874516421598933,14.0,159.0,523.0
2013-04-23,pegged,calibration rejected (boundary-pegged),0.008012200405825372,15.0,129.0,477.0
2013-04-24,pegged,calibration rejected (boundary-pegged),0.008552400776532729,14.0,113.0,370.0
2013-04-25,pegged,calibration rejected (boundary-pegged),0.00869098139925755,14.0,122.0,429.0
2013-04-30,pegged,calibration rejected (boundary-pegged),0.01039417825985011,13.0,131.0,454.0
2013-05-09,pegged,calibration rejected (boundary-pegged),0.00793287601924648,15.0,149.0,555.0
2013-05-14,pegged,calibration rejected (boundary-pegged),0.00858793244115318,15.0,145.0,619.0
2013-05-15,pegged,calibration rejected (boundary-pegged),0.009350652497087834,15.0,143.0,615.0
2013-05-16,pegged,calibration rejected (boundary-pegged),0.010170059059517372,15.0,137.0,597.0
2013-05-21,pegged,calibration rejected (boundary-pegged),0.007756074570393225,14.0,125.0,521.0
2013-05-23,pegged,calibration rejected (boundary-pegged),0.008461342279932303,14.0,152.0,664.0
2013-05-28,pegged,calibration rejected (boundary-pegged),0.008873071665948362,12.0,136.0,517.0
2013-06-07,pegged,calibration rejected (boundary-pegged),0.008641125053774212,14.0,139.0,579.0
2013-07-23,pegged,calibration rejected (boundary-pegged),0.008415473853231891,12.0,110.0,397.0
2013-07-24,pegged,calibration rejected (boundary-pegged),0.008689759607314931,14.0,132.0,499.0
2013-07-25,pegged,calibration rejected (boundary-pegged),0.008378620403644918,14.0,120.0,425.0
2013-08-08,pegged,calibration rejected (boundary-pegged),0.008028048400574528,14.0,136.0,471.0
2013-08-14,pegged,calibration rejected (boundary-pegged),0.008128047881941547,13.0,116.0,462.0
2013-08-29,pegged,calibration rejected (boundary-pegged),0.008504388783560171,13.0,112.0,497.0
2013-09-12,pegged,calibration rejected (boundary-pegged),0.007523512386713948,12.0,121.0,471.0
2013-09-19,pegged,calibration rejected (boundary-pegged),0.011889671542083423,12.0,111.0,479.0
2013-09-20,pegged,calibration rejected (boundary-pegged),0.008623764094913569,10.0,147.0,493.0
2013-09-23,pegged,calibration rejected (boundary-pegged),0.008143957899160639,11.0,124.0,445.0
2013-09-24,pegged,calibration rejected (boundary-pegged),0.009091335923391713,11.0,136.0,481.0
2013-09-25,pegged,calibration rejected (boundary-pegged),0.010532058451637625,13.0,142.0,475.0
2013-09-26,pegged,calibration rejected (boundary-pegged),0.011627021123748464,13.0,142.0,486.0
2013-09-27,pegged,calibration rejected (boundary-pegged),0.00854358515365566,11.0,112.0,386.0
2013-09-30,pegged,calibration rejected (boundary-pegged),0.007872357716089616,11.0,125.0,465.0
2013-10-01,pegged,calibration rejected (boundary-pegged),0.007079535348386407,11.0,118.0,482.0
2013-10-02,pegged,calibration rejected (boundary-pegged),0.0071656614500774365,10.0,129.0,450.0
2013-10-03,pegged,calibration rejected (boundary-pegged),0.008673433622873405,12.0,132.0,536.0
2013-10-04,pegged,calibration rejected (boundary-pegged),0.00835367018592199,13.0,141.0,531.0
2013-10-07,pegged,calibration rejected (boundary-pegged),0.0065252751136836646,12.0,119.0,477.0
2013-10-08,pegged,calibration rejected (boundary-pegged),0.008815389965006633,12.0,150.0,604.0
2013-10-09,pegged,calibration rejected (boundary-pegged),0.008625417529963023,11.0,155.0,601.0
2013-10-10,pegged,calibration rejected (boundary-pegged),0.008547393168793382,11.0,135.0,530.0
2013-10-11,pegged,calibration rejected (boundary-pegged),0.008713806636985613,10.0,125.0,401.0
2013-10-14,pegged,calibration rejected (boundary-pegged),0.011604743365154173,11.0,115.0,390.0
2013-10-15,pegged,calibration rejected (boundary-pegged),0.012890414965548986,10.0,116.0,405.0
2013-10-16,pegged,calibration rejected (boundary-pegged),0.00902684237841998,11.0,128.0,476.0
2013-10-17,pegged,calibration rejected (boundary-pegged),0.009069093270885939,12.0,125.0,567.0
2013-10-18,pegged,calibration rejected (boundary-pegged),0.0073280870275311,11.0,127.0,509.0
2013-10-21,pegged,calibration rejected (boundary-pegged),0.012672888551542855,11.0,95.0,375.0
2013-10-22,pegged,calibration rejected (boundary-pegged),0.010470772309922879,13.0,111.0,480.0
2013-10-23,pegged,calibration rejected (boundary-pegged),0.011697777471669614,12.0,116.0,416.0
2013-10-24,pegged,calibration rejected (boundary-pegged),0.013069995853095354,13.0,120.0,439.0
2013-10-25,pegged,calibration rejected (boundary-pegged),0.008083110882679486,13.0,115.0,405.0
2013-10-28,pegged,calibration rejected (boundary-pegged),0.00818845223577843,12.0,117.0,429.0
2013-10-29,pegged,calibration rejected (boundary-pegged),0.008647923278514822,12.0,110.0,419.0
2013-10-30,pegged,calibration rejected (boundary-pegged),0.009313744727857681,12.0,142.0,512.0
2013-10-31,pegged,calibration rejected (boundary-pegged),0.012835993593068277,13.0,135.0,536.0
2013-11-01,pegged,calibration rejected (boundary-pegged),0.011089575792863472,12.0,122.0,522.0
2013-11-04,pegged,calibration rejected (boundary-pegged),0.011263027374639084,10.0,98.0,346.0
2013-11-05,pegged,calibration rejected (boundary-pegged),0.01059394319034361,12.0,126.0,445.0
2013-11-06,pegged,calibration rejected (boundary-pegged),0.01065071686940101,12.0,115.0,415.0
2013-11-07,pegged,calibration rejected (boundary-pegged),0.012274393099634056,13.0,141.0,583.0
2013-11-11,pegged,calibration rejected (boundary-pegged),0.010404972203199359,10.0,111.0,343.0
2013-11-12,pegged,calibration rejected (boundary-pegged),0.008287234017525987,11.0,119.0,435.0
2013-11-13,pegged,calibration rejected (boundary-pegged),0.010947099172155927,13.0,141.0,542.0
2013-11-14,pegged,calibration rejected (boundary-pegged),0.009506883958509472,12.0,129.0,540.0
2013-11-15,pegged,calibration rejected (boundary-pegged),0.010340481559718973,12.0,120.0,462.0
2013-11-18,pegged,calibration rejected (boundary-pegged),0.011563979246685698,13.0,128.0,503.0
2013-11-19,pegged,calibration rejected (boundary-pegged),0.014621417040749797,12.0,118.0,471.0
2013-11-20,pegged,calibration rejected (boundary-pegged),0.017384347684504843,11.0,129.0,497.0
2013-11-21,pegged,calibration rejected (boundary-pegged),0.01663101054374545,12.0,118.0,458.0
2013-11-22,pegged,calibration rejected (boundary-pegged),0.013173478406252976,11.0,123.0,425.0
2013-11-25,pegged,calibration rejected (boundary-pegged),0.013816651486117857,12.0,123.0,451.0
2013-11-26,pegged,calibration rejected (boundary-pegged),0.01711885335933202,12.0,102.0,373.0
2013-11-27,pegged,calibration rejected (boundary-pegged),0.013959858458768695,12.0,119.0,391.0
2013-11-29,pegged,calibration rejected (boundary-pegged),0.00961709200514203,11.0,115.0,359.0
2013-12-02,pegged,calibration rejected (boundary-pegged),0.010797484905284125,11.0,109.0,396.0
2013-12-03,pegged,calibration rejected (boundary-pegged),0.009752925934846926,11.0,113.0,447.0
2013-12-04,pegged,calibration rejected (boundary-pegged),0.011140274866467726,13.0,129.0,533.0
2013-12-05,pegged,calibration rejected (boundary-pegged),0.012734517095154975,14.0,123.0,474.0
2013-12-06,pegged,calibration rejected (boundary-pegged),0.014396159088384252,12.0,127.0,478.0
2013-12-09,pegged,calibration rejected (boundary-pegged),0.017576035628257745,12.0,114.0,358.0
2013-12-10,pegged,calibration rejected (boundary-pegged),0.015563533743212824,12.0,100.0,357.0
2013-12-11,pegged,calibration rejected (boundary-pegged),0.01203585273456574,13.0,137.0,529.0
2013-12-12,pegged,calibration rejected (boundary-pegged),0.012582792825512536,13.0,121.0,498.0
2013-12-13,pegged,calibration rejected (boundary-pegged),0.012411226979363872,11.0,114.0,409.0
2013-12-16,pegged,calibration rejected (boundary-pegged),0.013261498139999535,10.0,115.0,391.0
2013-12-17,pegged,calibration rejected (boundary-pegged),0.010513659380306331,9.0,105.0,345.0
2013-12-18,pegged,calibration rejected (boundary-pegged),0.012925056687681166,14.0,128.0,475.0
2013-12-19,pegged,calibration rejected (boundary-pegged),0.017096229024218985,13.0,119.0,456.0
2013-12-20,pegged,calibration rejected (boundary-pegged),0.012009865619603613,11.0,124.0,419.0
2013-12-23,pegged,calibration rejected (boundary-pegged),0.011971405988254046,13.0,104.0,366.0
2013-12-24,iv_miss,calibration rejected (iv_rmse=0.0237 > 0.02),0.023715215583962616,12.0,100.0,314.0
2013-12-26,pegged,calibration rejected (boundary-pegged),0.013896339273253497,13.0,110.0,386.0
2013-12-27,iv_miss,calibration rejected (iv_rmse=0.0205 > 0.02),0.020534075786713818,12.0,95.0,327.0
2013-12-30,pegged,calibration rejected (boundary-pegged),0.011139672961731127,14.0,97.0,343.0
2013-12-31,pegged,calibration rejected (boundary-pegged),0.009660984264070341,13.0,106.0,384.0
2014-01-02,pegged,calibration rejected (boundary-pegged),0.008408003888125596,15.0,130.0,551.0
2014-01-03,pegged,calibration rejected (boundary-pegged),0.010214396790488548,15.0,118.0,490.0
2014-01-06,pegged,calibration rejected (boundary-pegged),0.009614921214054202,13.0,129.0,427.0
2014-01-07,pegged,calibration rejected (boundary-pegged),0.012647441593379272,14.0,119.0,406.0
2014-01-08,pegged,calibration rejected (boundary-pegged),0.014405431344904886,14.0,121.0,416.0
2014-01-09,pegged,calibration rejected (boundary-pegged),0.010067261218387255,13.0,121.0,474.0
2014-01-10,pegged,calibration rejected (boundary-pegged),0.009190589759346453,12.0,123.0,437.0
2014-01-13,pegged,calibration rejected (boundary-pegged),0.008086325231263031,12.0,165.0,580.0
2014-01-14,pegged,calibration rejected (boundary-pegged),0.0086737587292796,13.0,142.0,490.0
2014-01-15,pegged,calibration rejected (boundary-pegged),0.01070969446452337,13.0,113.0,420.0
2014-01-16,pegged,calibration rejected (boundary-pegged),0.009358115951076119,14.0,124.0,420.0
2014-01-17,pegged,calibration rejected (boundary-pegged),0.006853694539253458,11.0,141.0,502.0
2014-01-21,pegged,calibration rejected (boundary-pegged),0.011875229162256239,16.0,125.0,523.0
2014-01-22,pegged,calibration rejected (boundary-pegged),0.01278308394303456,14.0,112.0,420.0
2014-01-23,pegged,calibration rejected (boundary-pegged),0.008409071090099713,17.0,143.0,641.0
2014-01-24,pegged,calibration rejected (boundary-pegged),0.009756553882300179,18.0,174.0,763.0
2014-01-27,pegged,calibration rejected (boundary-pegged),0.008052201368538292,16.0,146.0,741.0
2014-01-28,pegged,calibration rejected (boundary-pegged),0.010964847078536772,16.0,137.0,556.0
2014-01-29,pegged,calibration rejected (boundary-pegged),0.007975214417819032,14.0,135.0,614.0
2014-01-30,pegged,calibration rejected (boundary-pegged),0.008916122752246222,17.0,131.0,580.0
2014-01-31,pegged,calibration rejected (boundary-pegged),0.006950338130685584,16.0,136.0,556.0
2014-02-03,pegged,calibration rejected (boundary-pegged),0.007887175538881188,16.0,168.0,870.0
2014-02-04,pegged,calibration rejected (boundary-pegged),0.008173668066002174,15.0,145.0,661.0
2014-02-05,pegged,calibration rejected (boundary-pegged),0.008445058833102754,17.0,148.0,669.0
2014-02-06,pegged,calibration rejected (boundary-pegged),0.00918348710747302,18.0,133.0,650.0
2014-02-07,pegged,calibration rejected (boundary-pegged),0.009708935917654695,17.0,140.0,688.0
2014-02-10,pegged,calibration rejected (boundary-pegged),0.010846462234985369,16.0,122.0,481.0
2014-02-11,pegged,calibration rejected (boundary-pegged),0.008256911679249624,15.0,142.0,631.0
2014-02-12,pegged,calibration rejected (boundary-pegged),0.009380897849778747,15.0,113.0,538.0
2014-02-13,pegged,calibration rejected (boundary-pegged),0.00945533109394207,16.0,131.0,618.0
2014-02-18,pegged,calibration rejected (boundary-pegged),0.009256264936433225,16.0,103.0,472.0
2014-02-19,pegged,calibration rejected (boundary-pegged),0.008598455678667214,17.0,129.0,614.0
2014-02-20,pegged,calibration rejected (boundary-pegged),0.010802273226444151,15.0,123.0,515.0
2014-02-21,pegged,calibration rejected (boundary-pegged),0.008212409554993817,15.0,126.0,503.0
2014-02-24,pegged,calibration rejected (boundary-pegged),0.008504162477769138,15.0,121.0,610.0
2014-02-25,pegged,calibration rejected (boundary-pegged),0.012348392769475816,17.0,126.0,522.0
2014-02-26,pegged,calibration rejected (boundary-pegged),0.007500371012364664,14.0,121.0,526.0
2014-02-27,pegged,calibration rejected (boundary-pegged),0.01065913009648322,16.0,119.0,576.0
2014-02-28,pegged,calibration rejected (boundary-pegged),0.006927623378387827,15.0,141.0,619.0
2014-03-03,pegged,calibration rejected (boundary-pegged),0.00686339521111522,15.0,139.0,609.0
2014-03-04,pegged,calibration rejected (boundary-pegged),0.007227776989538899,15.0,129.0,574.0
2014-03-05,pegged,calibration rejected (boundary-pegged),0.008518050073305935,15.0,109.0,450.0
2014-03-06,pegged,calibration rejected (boundary-pegged),0.011438065345386108,16.0,133.0,583.0
2014-03-07,pegged,calibration rejected (boundary-pegged),0.010601589204984697,16.0,131.0,613.0
2014-03-10,pegged,calibration rejected (boundary-pegged),0.008381970571320417,17.0,135.0,595.0
2014-03-11,pegged,calibration rejected (boundary-pegged),0.008505849972361881,16.0,134.0,624.0
2014-03-12,pegged,calibration rejected (boundary-pegged),0.008634011405943401,14.0,121.0,558.0
2014-03-13,pegged,calibration rejected (boundary-pegged),0.009798760250196317,18.0,140.0,692.0
2014-03-14,pegged,calibration rejected (boundary-pegged),0.015046279782840684,16.0,133.0,637.0
2014-03-17,pegged,calibration rejected (boundary-pegged),0.010515277645509951,13.0,119.0,463.0
2014-03-18,pegged,calibration rejected (boundary-pegged),0.00791811035256103,14.0,128.0,504.0
2014-03-19,pegged,calibration rejected (boundary-pegged),0.009167404299323431,11.0,122.0,458.0
2014-03-20,pegged,calibration rejected (boundary-pegged),0.00951460647017443,14.0,132.0,510.0
2014-03-21,pegged,calibration rejected (boundary-pegged),0.006073097244122602,12.0,127.0,497.0
2014-03-24,pegged,calibration rejected (boundary-pegged),0.007815078694120512,15.0,140.0,566.0
2014-03-25,pegged,calibration rejected (boundary-pegged),0.0070885752498257735,15.0,137.0,544.0
2014-03-26,pegged,calibration rejected (boundary-pegged),0.007198612451802477,14.0,131.0,571.0
2014-03-27,pegged,calibration rejected (boundary-pegged),0.007473721963127581,13.0,122.0,553.0
2014-04-01,pegged,calibration rejected (boundary-pegged),0.00769801672833373,16.0,129.0,555.0
2014-04-02,pegged,calibration rejected (boundary-pegged),0.007823316285265112,14.0,128.0,540.0
2014-04-03,pegged,calibration rejected (boundary-pegged),0.009091048997733081,14.0,141.0,550.0
2014-04-04,pegged,calibration rejected (boundary-pegged),0.009550549799690373,15.0,146.0,683.0
2014-04-08,pegged,calibration rejected (boundary-pegged),0.009187387111638875,16.0,144.0,582.0
2014-04-09,pegged,calibration rejected (boundary-pegged),0.010727573457701998,15.0,148.0,621.0
2014-04-21,pegged,calibration rejected (boundary-pegged),0.008363007476559707,13.0,135.0,529.0
2014-04-23,pegged,calibration rejected (boundary-pegged),0.008114831909673896,14.0,116.0,463.0
2014-05-01,pegged,calibration rejected (boundary-pegged),0.009161531351946374,17.0,139.0,617.0
2014-05-02,pegged,calibration rejected (boundary-pegged),0.007630846761517707,16.0,143.0,614.0
2014-05-06,pegged,calibration rejected (boundary-pegged),0.007695175741470938,14.0,145.0,627.0
2014-05-07,pegged,calibration rejected (boundary-pegged),0.010017875784399478,14.0,147.0,631.0
2014-05-08,pegged,calibration rejected (boundary-pegged),0.007718772829111104,15.0,150.0,661.0
2014-05-09,pegged,calibration rejected (boundary-pegged),0.007316958182981174,14.0,138.0,568.0
2014-05-14,pegged,calibration rejected (boundary-pegged),0.007103497922431184,13.0,135.0,584.0
2014-05-15,pegged,calibration rejected (boundary-pegged),0.007860896987826415,14.0,131.0,705.0
2014-05-16,pegged,calibration rejected (boundary-pegged),0.008451429633977589,14.0,137.0,644.0
2014-05-19,pegged,calibration rejected (boundary-pegged),0.007725499406852764,13.0,130.0,604.0
2014-05-20,pegged,calibration rejected (boundary-pegged),0.00790747355139902,14.0,137.0,667.0
2014-05-21,pegged,calibration rejected (boundary-pegged),0.008457108923719892,12.0,130.0,595.0
2014-05-22,pegged,calibration rejected (boundary-pegged),0.008657527739467406,15.0,123.0,610.0
2014-05-23,pegged,calibration rejected (boundary-pegged),0.009355275119130231,14.0,125.0,532.0
2014-05-28,pegged,calibration rejected (boundary-pegged),0.009965062513127215,13.0,117.0,533.0
2014-05-29,pegged,calibration rejected (boundary-pegged),0.010493900884322773,15.0,130.0,617.0
2014-06-02,pegged,calibration rejected (boundary-pegged),0.008610731167962467,16.0,127.0,612.0
2014-06-03,pegged,calibration rejected (boundary-pegged),0.01100611656445973,14.0,114.0,519.0
2014-06-04,pegged,calibration rejected (boundary-pegged),0.008548382172506926,15.0,123.0,545.0
2014-06-06,pegged,calibration rejected (boundary-pegged),0.010926227369779083,16.0,121.0,604.0
2014-06-09,pegged,calibration rejected (boundary-pegged),0.011333513434487356,16.0,124.0,588.0
2014-06-10,pegged,calibration rejected (boundary-pegged),0.010339478244123809,14.0,114.0,505.0
2014-06-11,pegged,calibration rejected (boundary-pegged),0.011874565808947992,16.0,124.0,567.0
2014-06-12,pegged,calibration rejected (boundary-pegged),0.012105503535115147,17.0,131.0,635.0
2014-06-13,pegged,calibration rejected (boundary-pegged),0.014697697083144563,14.0,119.0,486.0
2014-06-16,pegged,calibration rejected (boundary-pegged),0.010353885014878541,14.0,131.0,494.0
2014-06-17,pegged,calibration rejected (boundary-pegged),0.011298609172263944,14.0,119.0,473.0
2014-06-18,pegged,calibration rejected (boundary-pegged),0.009759344749072182,13.0,130.0,521.0
2014-06-19,pegged,calibration rejected (boundary-pegged),0.008216354250041734,13.0,108.0,425.0
2014-06-20,pegged,calibration rejected (boundary-pegged),0.00870629816488742,14.0,110.0,436.0
2014-06-23,pegged,calibration rejected (boundary-pegged),0.00915593086764579,13.0,97.0,399.0
2014-06-24,pegged,calibration rejected (boundary-pegged),0.008985657089227468,14.0,137.0,602.0
2014-06-25,pegged,calibration rejected (boundary-pegged),0.011857943675749619,16.0,134.0,525.0
2014-06-26,pegged,calibration rejected (boundary-pegged),0.00963686544895019,16.0,132.0,568.0
2014-06-27,pegged,calibration rejected (boundary-pegged),0.008123306847840179,13.0,131.0,470.0
2014-06-30,pegged,calibration rejected (boundary-pegged),0.009154658596009821,13.0,111.0,452.0
2014-07-01,pegged,calibration rejected (boundary-pegged),0.009359786283239687,15.0,138.0,642.0
2014-07-02,pegged,calibration rejected (boundary-pegged),0.012800374087903275,16.0,113.0,474.0
2014-07-03,pegged,calibration rejected (boundary-pegged),0.01035054147182455,15.0,113.0,461.0
2014-07-07,pegged,calibration rejected (boundary-pegged),0.00828577360575519,15.0,119.0,562.0
2014-07-08,pegged,calibration rejected (boundary-pegged),0.009558987103877675,14.0,129.0,633.0
2014-07-09,pegged,calibration rejected (boundary-pegged),0.008832644981460757,15.0,125.0,541.0
2014-07-10,pegged,calibration rejected (boundary-pegged),0.009762613853645845,15.0,146.0,620.0
2014-07-11,pegged,calibration rejected (boundary-pegged),0.008644147209277713,15.0,119.0,471.0
2014-07-14,pegged,calibration rejected (boundary-pegged),0.011789212356783004,14.0,125.0,518.0
2014-07-15,pegged,calibration rejected (boundary-pegged),0.008708388555806945,13.0,134.0,560.0
2014-07-16,pegged,calibration rejected (boundary-pegged),0.009787619791691562,13.0,108.0,471.0
2014-07-17,pegged,calibration rejected (boundary-pegged),0.01142645828373505,16.0,143.0,694.0
2014-07-18,pegged,calibration rejected (boundary-pegged),0.009318054729821727,12.0,134.0,555.0
2014-07-21,pegged,calibration rejected (boundary-pegged),0.009876949650081348,15.0,131.0,566.0
2014-07-22,pegged,calibration rejected (boundary-pegged),0.008892430273330004,16.0,119.0,514.0
2014-07-23,pegged,calibration rejected (boundary-pegged),0.010491778644881282,17.0,118.0,548.0
2014-07-24,pegged,calibration rejected (boundary-pegged),0.009120224910575021,17.0,120.0,532.0
2014-07-28,pegged,calibration rejected (boundary-pegged),0.009038273935132214,13.0,121.0,525.0
2014-07-29,pegged,calibration rejected (boundary-pegged),0.009165994816515862,15.0,139.0,624.0
2014-07-30,pegged,calibration rejected (boundary-pegged),0.011382475682244717,16.0,137.0,634.0
2014-07-31,pegged,calibration rejected (boundary-pegged),0.010641602104959182,18.0,161.0,920.0
2014-08-01,pegged,calibration rejected (boundary-pegged),0.009731846966858712,17.0,150.0,877.0
2014-08-04,pegged,calibration rejected (boundary-pegged),0.008470765519245789,17.0,146.0,706.0
2014-08-05,pegged,calibration rejected (boundary-pegged),0.007773525437830419,15.0,151.0,753.0
2014-08-06,pegged,calibration rejected (boundary-pegged),0.008606178087564895,18.0,144.0,664.0
2014-08-07,pegged,calibration rejected (boundary-pegged),0.008601740148977594,17.0,158.0,785.0
2014-08-12,pegged,calibration rejected (boundary-pegged),0.008426036782699846,14.0,132.0,620.0
2014-08-13,pegged,calibration rejected (boundary-pegged),0.010156840470118273,18.0,139.0,658.0
2014-08-14,pegged,calibration rejected (boundary-pegged),0.009467497477545762,15.0,127.0,657.0
2014-08-19,pegged,calibration rejected (boundary-pegged),0.007095869208957964,15.0,117.0,617.0
2014-08-20,pegged,calibration rejected (boundary-pegged),0.007534410053446156,15.0,127.0,592.0
2014-08-21,pegged,calibration rejected (boundary-pegged),0.008223137544092434,16.0,128.0,646.0
2014-08-22,pegged,calibration rejected (boundary-pegged),0.008125101534566503,15.0,124.0,543.0
2014-08-25,pegged,calibration rejected (boundary-pegged),0.007394815224270841,16.0,130.0,636.0
2014-08-26,pegged,calibration rejected (boundary-pegged),0.00795709170891521,16.0,119.0,578.0
2014-08-27,pegged,calibration rejected (boundary-pegged),0.013524831424020575,16.0,119.0,519.0
2014-08-28,pegged,calibration rejected (boundary-pegged),0.011426935568814531,16.0,124.0,565.0
2014-08-29,pegged,calibration rejected (boundary-pegged),0.008777667224565567,15.0,123.0,519.0
2014-09-02,pegged,calibration rejected (boundary-pegged),0.007095836784292978,15.0,139.0,626.0
2014-09-03,pegged,calibration rejected (boundary-pegged),0.009161770401283865,14.0,125.0,576.0
2014-09-04,pegged,calibration rejected (boundary-pegged),0.008538799612832005,18.0,139.0,702.0
2014-09-05,pegged,calibration rejected (boundary-pegged),0.01193089757175661,17.0,136.0,673.0
2014-09-08,pegged,calibration rejected (boundary-pegged),0.011030668257611178,15.0,139.0,584.0
2014-09-09,pegged,calibration rejected (boundary-pegged),0.011734912126980707,16.0,147.0,692.0
2014-09-10,pegged,calibration rejected (boundary-pegged),0.013045949624817815,18.0,150.0,638.0
2014-09-11,pegged,calibration rejected (boundary-pegged),0.015001815306590541,17.0,140.0,622.0
2014-09-12,pegged,calibration rejected (boundary-pegged),0.00861219693600714,17.0,144.0,686.0
2014-09-15,pegged,calibration rejected (boundary-pegged),0.013313623843281738,16.0,136.0,629.0
2014-09-16,pegged,calibration rejected (boundary-pegged),0.011276891457128919,14.0,139.0,612.0
2014-09-17,pegged,calibration rejected (boundary-pegged),0.010271904690422945,15.0,128.0,612.0
2014-09-18,pegged,calibration rejected (boundary-pegged),0.011078763222860593,15.0,124.0,554.0
2014-09-19,pegged,calibration rejected (boundary-pegged),0.006186565350863942,14.0,124.0,574.0
2014-09-22,pegged,calibration rejected (boundary-pegged),0.006168472982815743,15.0,127.0,673.0
2014-09-23,pegged,calibration rejected (boundary-pegged),0.008120497269408614,15.0,124.0,636.0
2014-09-24,pegged,calibration rejected (boundary-pegged),0.008906995908440378,15.0,131.0,615.0
2014-09-25,pegged,calibration rejected (boundary-pegged),0.007524938765641202,18.0,151.0,787.0
2014-09-26,pegged,calibration rejected (boundary-pegged),0.00720238963947836,15.0,125.0,586.0
2014-09-29,pegged,calibration rejected (boundary-pegged),0.009018457950336607,15.0,134.0,621.0
2014-09-30,pegged,calibration rejected (boundary-pegged),0.00796501546807755,16.0,140.0,653.0
2014-10-14,pegged,calibration rejected (boundary-pegged),0.009115138817799451,19.0,173.0,929.0
2014-10-15,pegged,calibration rejected (boundary-pegged),0.012969748610544223,20.0,183.0,1129.0
2014-10-16,pegged,calibration rejected (boundary-pegged),0.01347209116735516,19.0,157.0,978.0
2014-10-17,pegged,calibration rejected (boundary-pegged),0.008385691061294383,14.0,139.0,804.0
2014-10-29,pegged,calibration rejected (boundary-pegged),0.01022490890079419,18.0,145.0,720.0
2014-11-03,pegged,calibration rejected (boundary-pegged),0.008303847831023099,18.0,132.0,622.0
2014-11-07,pegged,calibration rejected (boundary-pegged),0.0064169508206028915,15.0,121.0,599.0
2014-11-10,pegged,calibration rejected (boundary-pegged),0.0062555095294771134,14.0,130.0,575.0
2014-11-11,pegged,calibration rejected (boundary-pegged),0.0070113197788157205,16.0,127.0,546.0
2014-11-12,pegged,calibration rejected (boundary-pegged),0.007347317633917389,14.0,122.0,536.0
2014-11-13,pegged,calibration rejected (boundary-pegged),0.007951960601003396,15.0,144.0,613.0
2014-11-14,pegged,calibration rejected (boundary-pegged),0.007156211327861423,14.0,119.0,447.0
2014-11-17,pegged,calibration rejected (boundary-pegged),0.009591793570000572,16.0,130.0,531.0
2014-11-18,pegged,calibration rejected (boundary-pegged),0.008528236911385073,18.0,145.0,684.0
2014-11-19,pegged,calibration rejected (boundary-pegged),0.010264950898839059,20.0,137.0,583.0
2014-11-20,pegged,calibration rejected (boundary-pegged),0.011332940831499553,15.0,136.0,540.0
2014-11-21,pegged,calibration rejected (boundary-pegged),0.007378407419056895,18.0,134.0,601.0
2014-11-24,pegged,calibration rejected (boundary-pegged),0.007701031920313441,18.0,121.0,538.0
2014-11-25,pegged,calibration rejected (boundary-pegged),0.008848313501319888,16.0,120.0,508.0
2014-11-26,pegged,calibration rejected (boundary-pegged),0.012325383185741149,15.0,124.0,494.0
2014-11-28,pegged,calibration rejected (boundary-pegged),0.008410514744802896,15.0,122.0,461.0
2014-12-01,pegged,calibration rejected (boundary-pegged),0.006805444135962296,17.0,126.0,606.0
2014-12-02,pegged,calibration rejected (boundary-pegged),0.010924689286667164,14.0,125.0,483.0
2014-12-03,pegged,calibration rejected (boundary-pegged),0.00900525330561622,16.0,131.0,559.0
2014-12-04,pegged,calibration rejected (boundary-pegged),0.008641386801548592,17.0,135.0,562.0
2014-12-05,pegged,calibration rejected (boundary-pegged),0.01156074706782549,17.0,127.0,583.0
2014-12-08,pegged,calibration rejected (boundary-pegged),0.007588721134626271,16.0,133.0,695.0
2014-12-09,pegged,calibration rejected (boundary-pegged),0.007602578212370851,16.0,139.0,694.0
2014-12-10,pegged,calibration rejected (boundary-pegged),0.010042562848250917,17.0,148.0,778.0
2014-12-11,pegged,calibration rejected (boundary-pegged),0.00987990952937158,17.0,146.0,705.0
2014-12-16,pegged,calibration rejected (boundary-pegged),0.009988614573924273,19.0,182.0,900.0
2014-12-17,pegged,calibration rejected (boundary-pegged),0.01129901540420757,19.0,185.0,840.0
2014-12-18,pegged,calibration rejected (boundary-pegged),0.009558497677420022,18.0,171.0,797.0
2014-12-19,pegged,calibration rejected (boundary-pegged),0.007047267768323145,17.0,144.0,693.0
2014-12-22,pegged,calibration rejected (boundary-pegged),0.00903667842739388,17.0,155.0,625.0
2014-12-23,pegged,calibration rejected (boundary-pegged),0.009691662788039651,15.0,127.0,546.0
2014-12-24,pegged,calibration rejected (boundary-pegged),0.008587019147977113,15.0,133.0,438.0
2014-12-26,pegged,calibration rejected (boundary-pegged),0.008476314574161535,14.0,129.0,439.0
2014-12-29,pegged,calibration rejected (boundary-pegged),0.007540883451566709,13.0,120.0,479.0
2014-12-30,pegged,calibration rejected (boundary-pegged),0.006680260071985669,17.0,119.0,546.0
2014-12-31,pegged,calibration rejected (boundary-pegged),0.012370321733205935,16.0,154.0,662.0
2015-01-02,pegged,calibration rejected (boundary-pegged),0.013039304042740327,20.0,185.0,751.0
2015-01-08,pegged,calibration rejected (boundary-pegged),0.008995924446612248,19.0,181.0,833.0
2015-02-11,pegged,calibration rejected (boundary-pegged),0.010040422993040672,18.0,145.0,665.0
2015-02-12,pegged,calibration rejected (boundary-pegged),0.00955543808974368,20.0,164.0,758.0
2015-02-13,pegged,calibration rejected (boundary-pegged),0.008273164926056452,17.0,152.0,702.0
2015-02-17,pegged,calibration rejected (boundary-pegged),0.008338788775610308,19.0,137.0,756.0
2015-02-18,pegged,calibration rejected (boundary-pegged),0.009427594640585587,19.0,148.0,676.0
2015-02-19,pegged,calibration rejected (boundary-pegged),0.008916519348732653,20.0,144.0,681.0
2015-02-20,pegged,calibration rejected (boundary-pegged),0.008478574086221114,20.0,154.0,779.0
2015-02-23,pegged,calibration rejected (boundary-pegged),0.007328232350717777,16.0,133.0,597.0
2015-02-24,pegged,calibration rejected (boundary-pegged),0.007971408594416245,18.0,141.0,695.0
2015-02-25,pegged,calibration rejected (boundary-pegged),0.008299957841599313,18.0,129.0,634.0
2015-02-26,pegged,calibration rejected (boundary-pegged),0.010772208862532363,20.0,135.0,667.0
2015-02-27,pegged,calibration rejected (boundary-pegged),0.009497853706907282,18.0,132.0,595.0
2015-03-02,pegged,calibration rejected (boundary-pegged),0.008489867166878337,18.0,135.0,623.0
2015-03-03,pegged,calibration rejected (boundary-pegged),0.009511582912177857,19.0,142.0,738.0
2015-03-04,pegged,calibration rejected (boundary-pegged),0.0088701270739432,18.0,144.0,761.0
2015-03-05,pegged,calibration rejected (boundary-pegged),0.008658292540598467,17.0,134.0,606.0
2015-03-12,pegged,calibration rejected (boundary-pegged),0.013176428475891008,19.0,161.0,764.0
2015-03-20,pegged,calibration rejected (boundary-pegged),0.0080335240843664,19.0,148.0,776.0
2015-03-23,pegged,calibration rejected (boundary-pegged),0.008201202097595194,17.0,135.0,667.0
2015-08-14,pegged,calibration rejected (boundary-pegged),0.011028004292813082,18.0,161.0,835.0
2015-08-24,iv_miss,calibration rejected (iv_rmse=0.0345 > 0.02),0.03447002368559767,20.0,191.0,1376.0
2015-08-25,pegged,calibration rejected (boundary-pegged),0.01621799459476331,19.0,207.0,1288.0
2015-08-26,pegged,calibration rejected (boundary-pegged),0.01404354039912072,20.0,192.0,1242.0
2015-09-21,iv_miss,calibration rejected (iv_rmse=0.0689 > 0.02),0.06886723408905915,20.0,188.0,1018.0
2015-11-27,pegged,calibration rejected (boundary-pegged),0.014702300745970672,16.0,127.0,548.0
2016-03-02,pegged,calibration rejected (boundary-pegged),0.017570346391895326,19.0,144.0,902.0
2016-04-14,pegged,calibration rejected (boundary-pegged),0.009321445357527582,20.0,147.0,871.0
2016-04-21,pegged,calibration rejected (boundary-pegged),0.009018368622174738,20.0,170.0,949.0
2016-04-28,pegged,calibration rejected (boundary-pegged),0.009834201645542787,20.0,184.0,1050.0
2016-05-24,pegged,calibration rejected (boundary-pegged),0.01001279358183181,20.0,164.0,1063.0
2016-05-27,pegged,calibration rejected (boundary-pegged),0.012036776289571597,19.0,140.0,810.0
2016-05-31,pegged,calibration rejected (boundary-pegged),0.009201616571064984,19.0,141.0,903.0
2016-06-02,pegged,calibration rejected (boundary-pegged),0.0137368307575637,20.0,143.0,947.0
2016-06-06,pegged,calibration rejected (boundary-pegged),0.009900019037737347,20.0,138.0,925.0
2016-06-07,pegged,calibration rejected (boundary-pegged),0.010339423819051063,18.0,136.0,878.0
2016-06-09,pegged,calibration rejected (boundary-pegged),0.009068431700513094,20.0,141.0,917.0
2016-06-10,pegged,calibration rejected (boundary-pegged),0.008516488311936717,20.0,144.0,1039.0
2016-06-13,pegged,calibration rejected (boundary-pegged),0.010482310349093948,20.0,159.0,1058.0
2016-06-14,pegged,calibration rejected (boundary-pegged),0.010366564916714192,20.0,164.0,1058.0
2016-06-15,pegged,calibration rejected (boundary-pegged),0.010781511460114572,20.0,144.0,916.0
2016-06-16,pegged,calibration rejected (boundary-pegged),0.011574198224797353,20.0,171.0,1041.0
2016-06-20,pegged,calibration rejected (boundary-pegged),0.008859756679004193,19.0,148.0,937.0
2016-06-21,pegged,calibration rejected (boundary-pegged),0.008917959127940725,18.0,136.0,807.0
2016-06-22,pegged,calibration rejected (boundary-pegged),0.009831253135810984,18.0,141.0,843.0
2016-06-23,pegged,calibration rejected (boundary-pegged),0.008375320295418489,19.0,139.0,829.0
2016-06-30,pegged,calibration rejected (boundary-pegged),0.009739440405168404,20.0,177.0,1128.0
2016-07-01,pegged,calibration rejected (boundary-pegged),0.007124013300791265,19.0,149.0,912.0
2016-07-05,pegged,calibration rejected (boundary-pegged),0.009037619180062234,19.0,152.0,913.0
2016-07-08,pegged,calibration rejected (boundary-pegged),0.009539606207594083,20.0,181.0,1112.0
2016-07-11,pegged,calibration rejected (boundary-pegged),0.00989433671933234,19.0,153.0,925.0
2016-07-12,pegged,calibration rejected (boundary-pegged),0.01073573242036794,20.0,146.0,994.0
2016-07-13,pegged,calibration rejected (boundary-pegged),0.00886732774395715,20.0,158.0,866.0
2016-07-14,pegged,calibration rejected (boundary-pegged),0.009857385847447202,20.0,145.0,912.0
2016-07-15,pegged,calibration rejected (boundary-pegged),0.008441678440060931,20.0,143.0,893.0
2016-07-18,pegged,calibration rejected (boundary-pegged),0.006232703475856943,19.0,136.0,756.0
2016-07-19,pegged,calibration rejected (boundary-pegged),0.009104798569070411,19.0,147.0,837.0
2016-07-21,pegged,calibration rejected (boundary-pegged),0.007165163169645192,20.0,163.0,927.0
2016-07-22,pegged,calibration rejected (boundary-pegged),0.006469990873778933,19.0,162.0,856.0
2016-07-25,pegged,calibration rejected (boundary-pegged),0.008139348379955988,20.0,141.0,800.0
2016-07-26,pegged,calibration rejected (boundary-pegged),0.006732625085899375,20.0,149.0,804.0
2016-07-27,pegged,calibration rejected (boundary-pegged),0.00811671878317168,19.0,163.0,850.0
2016-07-28,pegged,calibration rejected (boundary-pegged),0.007309436634883299,20.0,158.0,853.0
2016-07-29,pegged,calibration rejected (boundary-pegged),0.006651689449159129,19.0,154.0,820.0
2016-08-01,pegged,calibration rejected (boundary-pegged),0.00830590059733914,19.0,153.0,864.0
2016-08-02,pegged,calibration rejected (boundary-pegged),0.008078319367584531,19.0,161.0,971.0
2016-08-03,pegged,calibration rejected (boundary-pegged),0.011793681769702911,16.0,148.0,715.0
2016-08-04,pegged,calibration rejected (boundary-pegged),0.00893386259274864,17.0,151.0,743.0
2016-08-05,pegged,calibration rejected (boundary-pegged),0.00690971277723568,19.0,146.0,779.0
2016-08-08,pegged,calibration rejected (boundary-pegged),0.006838687762176372,18.0,136.0,758.0
2016-08-09,pegged,calibration rejected (boundary-pegged),0.007574479495674167,17.0,136.0,779.0
2016-08-10,pegged,calibration rejected (boundary-pegged),0.00594484734853363,17.0,138.0,785.0
2016-08-11,pegged,calibration rejected (boundary-pegged),0.006230663140411657,20.0,146.0,813.0
2016-08-12,pegged,calibration rejected (boundary-pegged),0.007734653466339311,19.0,130.0,707.0
2016-08-15,pegged,calibration rejected (boundary-pegged),0.006021396282747589,19.0,123.0,712.0
2016-08-16,pegged,calibration rejected (boundary-pegged),0.009127458259344324,17.0,126.0,739.0
2016-08-18,pegged,calibration rejected (boundary-pegged),0.00916559366280032,18.0,136.0,718.0
2016-08-22,pegged,calibration rejected (boundary-pegged),0.007514331891584496,18.0,134.0,789.0
2016-09-12,pegged,calibration rejected (boundary-pegged),0.011669227540621673,19.0,174.0,1053.0
2016-09-14,iv_miss,calibration rejected (iv_rmse=0.0637 > 0.02),0.06365934444297372,19.0,163.0,971.0
2016-11-04,pegged,calibration rejected (boundary-pegged),0.010396306961165846,19.0,151.0,997.0
2016-11-08,pegged,calibration rejected (boundary-pegged),0.009517253165819332,20.0,169.0,968.0
2016-11-11,pegged,calibration rejected (boundary-pegged),0.008286976215571595,19.0,153.0,970.0
2016-11-15,pegged,calibration rejected (boundary-pegged),0.009661606465569319,20.0,166.0,1039.0
2016-11-17,pegged,calibration rejected (boundary-pegged),0.009382499762142105,20.0,152.0,961.0
2016-11-22,pegged,calibration rejected (boundary-pegged),0.008680742441088306,20.0,153.0,917.0
2016-11-23,pegged,calibration rejected (boundary-pegged),0.008520969956323421,19.0,150.0,902.0
2016-11-25,pegged,calibration rejected (boundary-pegged),0.0075856451926653926,19.0,139.0,783.0
2016-11-28,pegged,calibration rejected (boundary-pegged),0.008025232452375864,19.0,143.0,921.0
2016-11-29,pegged,calibration rejected (boundary-pegged),0.008636974359511204,20.0,156.0,919.0
2016-11-30,pegged,calibration rejected (boundary-pegged),0.008692399288620704,18.0,166.0,895.0
2016-12-01,pegged,calibration rejected (boundary-pegged),0.009290152724541974,19.0,153.0,924.0
2016-12-07,pegged,calibration rejected (boundary-pegged),0.008848820871381441,20.0,188.0,1142.0
2016-12-08,pegged,calibration rejected (boundary-pegged),0.009850376263127427,20.0,175.0,1186.0
2016-12-12,pegged,calibration rejected (boundary-pegged),0.00679668329764101,20.0,139.0,979.0
2016-12-14,pegged,calibration rejected (boundary-pegged),0.007857234467139132,20.0,168.0,1016.0
2016-12-19,pegged,calibration rejected (boundary-pegged),0.007211679236332554,20.0,160.0,942.0
2016-12-20,pegged,calibration rejected (boundary-pegged),0.006623520237865617,20.0,146.0,902.0
2016-12-23,pegged,calibration rejected (boundary-pegged),0.006322577286048274,19.0,142.0,745.0
2017-01-03,pegged,calibration rejected (boundary-pegged),0.008508279997150231,20.0,154.0,1131.0
2017-01-06,pegged,calibration rejected (boundary-pegged),0.0084393528320133,19.0,162.0,1022.0
2017-01-09,pegged,calibration rejected (boundary-pegged),0.00822487529863191,19.0,138.0,886.0
2017-01-12,pegged,calibration rejected (boundary-pegged),0.007411071809991529,19.0,135.0,969.0
2017-01-13,pegged,calibration rejected (boundary-pegged),0.007923464736368376,20.0,135.0,892.0
2017-01-17,pegged,calibration rejected (boundary-pegged),0.006605945015121246,19.0,131.0,963.0
2017-01-18,pegged,calibration rejected (boundary-pegged),0.0062526206342516134,18.0,135.0,832.0
2017-01-19,pegged,calibration rejected (boundary-pegged),0.006430920735680657,19.0,138.0,879.0
2017-01-20,pegged,calibration rejected (boundary-pegged),0.008669952595157866,20.0,147.0,930.0
2017-01-23,pegged,calibration rejected (boundary-pegged),0.006181875129133151,19.0,141.0,894.0
2017-01-24,pegged,calibration rejected (boundary-pegged),0.00814253344014947,20.0,155.0,1017.0
2017-01-25,pegged,calibration rejected (boundary-pegged),0.008949781420244989,19.0,139.0,1003.0
2017-01-26,pegged,calibration rejected (boundary-pegged),0.00846795553165304,20.0,126.0,856.0
2017-01-30,pegged,calibration rejected (boundary-pegged),0.006805675276377001,19.0,146.0,977.0
2017-01-31,pegged,calibration rejected (boundary-pegged),0.010291982244437513,20.0,149.0,959.0
2017-02-01,pegged,calibration rejected (boundary-pegged),0.008313480573718276,20.0,158.0,976.0
2017-02-02,pegged,calibration rejected (boundary-pegged),0.009254206130145947,19.0,137.0,853.0
2017-02-03,pegged,calibration rejected (boundary-pegged),0.006354454716219663,20.0,128.0,884.0
2017-02-06,pegged,calibration rejected (boundary-pegged),0.006913174683629607,20.0,129.0,844.0
2017-02-07,pegged,calibration rejected (boundary-pegged),0.00879985153222407,20.0,137.0,904.0
2017-02-08,pegged,calibration rejected (boundary-pegged),0.0076916333918094545,20.0,144.0,893.0
2017-02-09,pegged,calibration rejected (boundary-pegged),0.006882061695702174,20.0,152.0,927.0
2017-02-10,pegged,calibration rejected (boundary-pegged),0.00760046851009739,20.0,140.0,931.0
2017-02-13,pegged,calibration rejected (boundary-pegged),0.008500622169729768,20.0,147.0,978.0
2017-02-14,pegged,calibration rejected (boundary-pegged),0.007787649991234121,20.0,162.0,970.0
2017-02-15,pegged,calibration rejected (boundary-pegged),0.010441384554884655,20.0,153.0,1033.0
2017-02-16,pegged,calibration rejected (boundary-pegged),0.010870474446829035,20.0,140.0,940.0
2017-02-17,pegged,calibration rejected (boundary-pegged),0.010566090944238384,19.0,151.0,936.0
2017-02-21,pegged,calibration rejected (boundary-pegged),0.010081279065871848,20.0,153.0,1055.0
2017-02-22,pegged,calibration rejected (boundary-pegged),0.007465731315415233,20.0,126.0,826.0
2017-02-23,pegged,calibration rejected (boundary-pegged),0.007799774816997136,19.0,149.0,898.0
2017-02-24,pegged,calibration rejected (boundary-pegged),0.009950905498036577,20.0,153.0,912.0
2017-02-27,pegged,calibration rejected (boundary-pegged),0.008904258620950732,20.0,136.0,877.0
2017-02-28,pegged,calibration rejected (boundary-pegged),0.009091073204011646,20.0,145.0,885.0
2017-03-01,pegged,calibration rejected (boundary-pegged),0.008975172995394997,20.0,177.0,1158.0
2017-03-02,pegged,calibration rejected (boundary-pegged),0.009954922325770048,19.0,148.0,944.0
2017-03-03,pegged,calibration rejected (boundary-pegged),0.009182176313415254,20.0,139.0,846.0
2017-03-06,pegged,calibration rejected (boundary-pegged),0.011398856353427208,20.0,157.0,937.0
2017-03-07,pegged,calibration rejected (boundary-pegged),0.008370454954169921,20.0,137.0,862.0
2017-03-08,pegged,calibration rejected (boundary-pegged),0.009796668329366532,20.0,154.0,952.0
2017-03-09,pegged,calibration rejected (boundary-pegged),0.009070139055265459,20.0,153.0,931.0
2017-03-10,pegged,calibration rejected (boundary-pegged),0.009026598242355723,20.0,146.0,889.0
2017-03-13,pegged,calibration rejected (boundary-pegged),0.007697257765458736,20.0,132.0,795.0
2017-03-14,pegged,calibration rejected (boundary-pegged),0.010922423577160573,20.0,141.0,884.0
2017-03-15,pegged,calibration rejected (boundary-pegged),0.008740615138979885,19.0,162.0,960.0
2017-03-16,pegged,calibration rejected (boundary-pegged),0.010324231107766918,20.0,137.0,934.0
2017-03-17,pegged,calibration rejected (boundary-pegged),0.0118459356222167,19.0,128.0,844.0
2017-03-20,pegged,calibration rejected (boundary-pegged),0.011877001034186133,19.0,138.0,889.0
2017-03-21,pegged,calibration rejected (boundary-pegged),0.009348953709522335,19.0,158.0,1072.0
2017-03-22,pegged,calibration rejected (boundary-pegged),0.007194723217997767,20.0,140.0,960.0
2017-03-23,pegged,calibration rejected (boundary-pegged),0.008067359305249724,19.0,155.0,831.0
2017-03-24,pegged,calibration rejected (boundary-pegged),0.007692728241134503,20.0,160.0,916.0
2017-03-27,pegged,calibration rejected (boundary-pegged),0.008075896707925951,19.0,161.0,1039.0
2017-03-28,pegged,calibration rejected (boundary-pegged),0.008243051023199735,20.0,175.0,1028.0
2017-03-29,pegged,calibration rejected (boundary-pegged),0.007126376039406752,20.0,142.0,893.0
2017-03-30,pegged,calibration rejected (boundary-pegged),0.009304348820300191,20.0,134.0,811.0
2017-03-31,pegged,calibration rejected (boundary-pegged),0.008059859111031286,19.0,129.0,834.0
2017-04-03,pegged,calibration rejected (boundary-pegged),0.010610094890601631,19.0,166.0,1078.0
2017-04-04,pegged,calibration rejected (boundary-pegged),0.008444081920828534,20.0,150.0,917.0
2017-04-05,pegged,calibration rejected (boundary-pegged),0.00815013095353212,20.0,174.0,1041.0
2017-04-06,pegged,calibration rejected (boundary-pegged),0.00712062491734515,19.0,143.0,890.0
2017-04-07,pegged,calibration rejected (boundary-pegged),0.006622615459609695,20.0,144.0,886.0
2017-04-10,pegged,calibration rejected (boundary-pegged),0.006834400496129145,19.0,152.0,939.0
2017-04-11,pegged,calibration rejected (boundary-pegged),0.0057046442050464885,19.0,143.0,1054.0
2017-04-12,pegged,calibration rejected (boundary-pegged),0.007192653954355639,20.0,148.0,894.0
2017-04-13,pegged,calibration rejected (boundary-pegged),0.010812101763919009,18.0,168.0,1090.0
2017-04-17,pegged,calibration rejected (boundary-pegged),0.010789014218053845,20.0,148.0,1015.0
2017-04-18,pegged,calibration rejected (boundary-pegged),0.011840496016113693,19.0,139.0,970.0
2017-04-19,pegged,calibration rejected (boundary-pegged),0.011491470771027653,20.0,169.0,1025.0
2017-04-20,pegged,calibration rejected (boundary-pegged),0.009591674751216507,19.0,150.0,988.0
2017-04-21,pegged,calibration rejected (boundary-pegged),0.016722594366145503,20.0,150.0,944.0
2017-04-24,pegged,calibration rejected (boundary-pegged),0.011444556660291472,20.0,140.0,1027.0
2017-04-25,pegged,calibration rejected (boundary-pegged),0.007874203555788429,20.0,136.0,940.0
2017-04-26,pegged,calibration rejected (boundary-pegged),0.005960420519627587,20.0,144.0,952.0
2017-04-27,pegged,calibration rejected (boundary-pegged),0.007077100609085613,20.0,146.0,843.0
2017-04-28,pegged,calibration rejected (boundary-pegged),0.008793266725726138,20.0,130.0,847.0
2017-05-01,pegged,calibration rejected (boundary-pegged),0.0097118805524472,20.0,137.0,930.0
2017-05-02,pegged,calibration rejected (boundary-pegged),0.007507742098694054,20.0,125.0,792.0
2017-05-03,pegged,calibration rejected (boundary-pegged),0.008647558136739883,20.0,140.0,948.0
2017-05-04,pegged,calibration rejected (boundary-pegged),0.011854350134623895,19.0,132.0,840.0
2017-05-05,pegged,calibration rejected (boundary-pegged),0.009051867051646208,19.0,148.0,878.0
2017-05-08,pegged,calibration rejected (boundary-pegged),0.00724507718371445,20.0,129.0,849.0
2017-05-09,pegged,calibration rejected (boundary-pegged),0.009920583842632436,20.0,142.0,937.0
2017-05-10,pegged,calibration rejected (boundary-pegged),0.00821484743473216,20.0,141.0,852.0
2017-05-11,pegged,calibration rejected (boundary-pegged),0.006576794465061198,20.0,139.0,979.0
2017-05-12,pegged,calibration rejected (boundary-pegged),0.007771282848350226,20.0,125.0,718.0
2017-05-15,pegged,calibration rejected (boundary-pegged),0.00849637906346207,20.0,136.0,888.0
2017-05-16,pegged,calibration rejected (boundary-pegged),0.008550654387359016,20.0,134.0,844.0
2017-05-17,pegged,calibration rejected (boundary-pegged),0.011364569508897417,19.0,141.0,1213.0
2017-05-18,pegged,calibration rejected (boundary-pegged),0.014240758088148264,20.0,158.0,1106.0
2017-05-19,pegged,calibration rejected (boundary-pegged),0.00906898116893765,20.0,153.0,979.0
2017-05-22,pegged,calibration rejected (boundary-pegged),0.012420636849994868,20.0,135.0,980.0
2017-05-23,pegged,calibration rejected (boundary-pegged),0.007427180310948974,20.0,126.0,833.0
2017-05-24,pegged,calibration rejected (boundary-pegged),0.007378789320140967,19.0,138.0,836.0
2017-05-25,pegged,calibration rejected (boundary-pegged),0.008219991429973095,20.0,131.0,931.0
2017-05-26,pegged,calibration rejected (boundary-pegged),0.007864313110642163,20.0,117.0,763.0
2017-05-30,pegged,calibration rejected (boundary-pegged),0.009239086109460155,20.0,122.0,842.0
2017-05-31,pegged,calibration rejected (boundary-pegged),0.007747265473161143,19.0,151.0,946.0
2017-06-01,pegged,calibration rejected (boundary-pegged),0.008006358955197364,20.0,150.0,984.0
2017-06-02,pegged,calibration rejected (boundary-pegged),0.008499573362872841,20.0,152.0,1027.0
2017-06-05,pegged,calibration rejected (boundary-pegged),0.007065382346442783,19.0,117.0,728.0
2017-06-06,pegged,calibration rejected (boundary-pegged),0.007280282118889667,19.0,133.0,814.0
2017-06-07,pegged,calibration rejected (boundary-pegged),0.007508608451633955,20.0,132.0,740.0
2017-06-08,pegged,calibration rejected (boundary-pegged),0.005956178810994925,20.0,135.0,797.0
2017-06-09,pegged,calibration rejected (boundary-pegged),0.008641326909104397,20.0,176.0,1022.0
2017-06-12,pegged,calibration rejected (boundary-pegged),0.006788758779942014,20.0,133.0,881.0
2017-06-13,pegged,calibration rejected (boundary-pegged),0.00852796193668364,20.0,143.0,849.0
2017-06-14,pegged,calibration rejected (boundary-pegged),0.00873972936432818,19.0,141.0,818.0
2017-06-15,pegged,calibration rejected (boundary-pegged),0.009528306127371851,20.0,158.0,998.0
2017-06-16,pegged,calibration rejected (boundary-pegged),0.009622858524007055,20.0,139.0,907.0
2017-06-19,pegged,calibration rejected (boundary-pegged),0.008894016171741119,20.0,141.0,960.0
2017-06-20,pegged,calibration rejected (boundary-pegged),0.009263708345865977,20.0,141.0,945.0
2017-06-21,pegged,calibration rejected (boundary-pegged),0.005506317551525275,20.0,147.0,896.0
2017-06-22,pegged,calibration rejected (boundary-pegged),0.00869041003062331,20.0,141.0,859.0
2017-06-23,pegged,calibration rejected (boundary-pegged),0.005773744425005454,19.0,144.0,815.0
2017-06-26,pegged,calibration rejected (boundary-pegged),0.0069009887009132825,20.0,147.0,901.0
2017-06-29,pegged,calibration rejected (boundary-pegged),0.00861731869378877,20.0,151.0,1112.0
2017-06-30,pegged,calibration rejected (boundary-pegged),0.0056834542570361295,19.0,147.0,920.0
2017-07-03,pegged,calibration rejected (boundary-pegged),0.008126487161259263,19.0,144.0,863.0
2017-07-05,pegged,calibration rejected (boundary-pegged),0.006489191966397828,20.0,148.0,945.0
2017-07-06,pegged,calibration rejected (boundary-pegged),0.009481092169133195,20.0,167.0,1103.0
2017-07-07,pegged,calibration rejected (boundary-pegged),0.0070295127337618385,20.0,162.0,967.0
2017-07-10,pegged,calibration rejected (boundary-pegged),0.007728885485280697,19.0,139.0,839.0
2017-07-11,pegged,calibration rejected (boundary-pegged),0.009987882448358725,20.0,151.0,964.0
2017-07-12,pegged,calibration rejected (boundary-pegged),0.0075161508373829886,20.0,136.0,934.0
2017-07-13,pegged,calibration rejected (boundary-pegged),0.008466923356970971,20.0,138.0,861.0
2017-07-14,pegged,calibration rejected (boundary-pegged),0.0071829968070498545,20.0,146.0,935.0
2017-07-17,pegged,calibration rejected (boundary-pegged),0.008069119470206942,19.0,119.0,772.0
2017-07-18,pegged,calibration rejected (boundary-pegged),0.0061407714485597715,19.0,133.0,829.0
2017-07-19,pegged,calibration rejected (boundary-pegged),0.007605091465712433,20.0,143.0,880.0
2017-07-20,pegged,calibration rejected (boundary-pegged),0.0067869300927842985,20.0,136.0,840.0
2017-07-21,pegged,calibration rejected (boundary-pegged),0.007288403003754953,20.0,139.0,844.0
2017-07-24,pegged,calibration rejected (boundary-pegged),0.007926880346525514,20.0,125.0,786.0
2017-07-25,pegged,calibration rejected (boundary-pegged),0.007916059828267678,20.0,118.0,785.0
2017-07-26,pegged,calibration rejected (boundary-pegged),0.007012496664969772,18.0,114.0,707.0
2017-07-27,pegged,calibration rejected (boundary-pegged),0.009350711408716546,19.0,147.0,943.0
2017-07-28,pegged,calibration rejected (boundary-pegged),0.008240618344239344,20.0,131.0,848.0
2017-07-31,pegged,calibration rejected (boundary-pegged),0.01208580471142913,20.0,126.0,824.0
2017-08-01,pegged,calibration rejected (boundary-pegged),0.00652594725218327,20.0,123.0,793.0
2017-08-02,pegged,calibration rejected (boundary-pegged),0.007851499792298268,20.0,140.0,886.0
2017-08-03,pegged,calibration rejected (boundary-pegged),0.008895734248144799,19.0,120.0,759.0
2017-08-04,pegged,calibration rejected (boundary-pegged),0.005909347112628966,19.0,125.0,750.0
2017-08-07,pegged,calibration rejected (boundary-pegged),0.005687559289974326,20.0,113.0,750.0
2017-08-08,pegged,calibration rejected (boundary-pegged),0.007213508175313687,20.0,154.0,977.0
2017-08-09,pegged,calibration rejected (boundary-pegged),0.00631544908145558,20.0,132.0,970.0
2017-08-10,pegged,calibration rejected (boundary-pegged),0.007988873569838772,18.0,148.0,1119.0
2017-08-11,pegged,calibration rejected (boundary-pegged),0.011148973827681036,20.0,142.0,1023.0
2017-08-14,pegged,calibration rejected (boundary-pegged),0.014774694641933223,20.0,133.0,947.0
2017-08-15,pegged,calibration rejected (boundary-pegged),0.006171483881155199,20.0,142.0,859.0
2017-08-16,pegged,calibration rejected (boundary-pegged),0.007981189305465906,20.0,142.0,968.0
2017-08-17,pegged,calibration rejected (boundary-pegged),0.009775073742816031,20.0,153.0,1191.0
2017-08-18,pegged,calibration rejected (boundary-pegged),0.009364765311313356,20.0,150.0,1044.0
2017-08-21,pegged,calibration rejected (boundary-pegged),0.00899496678939732,20.0,137.0,950.0
2017-08-22,pegged,calibration rejected (boundary-pegged),0.007893255277087934,20.0,150.0,1006.0
2017-08-23,pegged,calibration rejected (boundary-pegged),0.0069715683710589,19.0,122.0,829.0
2017-08-24,pegged,calibration rejected (boundary-pegged),0.007256958706589142,20.0,151.0,910.0
2017-08-25,pegged,calibration rejected (boundary-pegged),0.0086716802616921,20.0,156.0,1000.0
2017-08-28,pegged,calibration rejected (boundary-pegged),0.009651531142699897,19.0,134.0,906.0
2017-08-29,pegged,calibration rejected (boundary-pegged),0.0069979623028101545,20.0,152.0,1003.0
2017-08-30,pegged,calibration rejected (boundary-pegged),0.005737056430790814,20.0,139.0,1003.0
2017-08-31,pegged,calibration rejected (boundary-pegged),0.009775451170476932,20.0,154.0,1061.0
2017-09-01,pegged,calibration rejected (boundary-pegged),0.009840667629645684,19.0,122.0,844.0
2017-09-05,pegged,calibration rejected (boundary-pegged),0.008704773688504069,20.0,153.0,1128.0
2017-09-06,pegged,calibration rejected (boundary-pegged),0.011957627758701527,20.0,136.0,925.0
2017-09-07,pegged,calibration rejected (boundary-pegged),0.007841112824987383,20.0,130.0,911.0
2017-09-08,pegged,calibration rejected (boundary-pegged),0.009296686539293313,20.0,139.0,918.0
2017-09-11,pegged,calibration rejected (boundary-pegged),0.00918104084376794,20.0,134.0,986.0
2017-09-12,pegged,calibration rejected (boundary-pegged),0.007963324652357828,20.0,126.0,924.0
2017-09-13,pegged,calibration rejected (boundary-pegged),0.00990740527106717,19.0,126.0,761.0
2017-09-14,pegged,calibration rejected (boundary-pegged),0.009642389312630405,20.0,125.0,838.0
2017-09-15,pegged,calibration rejected (boundary-pegged),0.012050233717183459,20.0,123.0,863.0
2017-09-18,pegged,calibration rejected (boundary-pegged),0.009463120307005031,19.0,133.0,892.0
2017-09-19,pegged,calibration rejected (boundary-pegged),0.008468313995577048,19.0,124.0,791.0
2017-09-20,pegged,calibration rejected (boundary-pegged),0.005890330905859841,20.0,139.0,906.0
2017-09-21,pegged,calibration rejected (boundary-pegged),0.006161609115056858,19.0,131.0,800.0
2017-09-22,pegged,calibration rejected (boundary-pegged),0.00743869004392896,18.0,126.0,761.0
2017-09-25,pegged,calibration rejected (boundary-pegged),0.009232597248856483,20.0,154.0,1040.0
2017-09-26,pegged,calibration rejected (boundary-pegged),0.008183232780614008,19.0,135.0,870.0
2017-09-27,pegged,calibration rejected (boundary-pegged),0.007146010533526912,20.0,157.0,981.0
2017-09-28,pegged,calibration rejected (boundary-pegged),0.006667607911024239,19.0,142.0,830.0
2017-09-29,pegged,calibration rejected (boundary-pegged),0.009141937442762767,20.0,154.0,945.0
2017-10-02,pegged,calibration rejected (boundary-pegged),0.009977933971066381,20.0,140.0,1000.0
2017-10-03,pegged,calibration rejected (boundary-pegged),0.006501618094238183,20.0,112.0,804.0
2017-10-04,pegged,calibration rejected (boundary-pegged),0.007448098146601377,20.0,134.0,932.0
2017-10-05,pegged,calibration rejected (boundary-pegged),0.007949776654332136,20.0,144.0,1051.0
2017-10-06,pegged,calibration rejected (boundary-pegged),0.007610450690030024,20.0,117.0,854.0
2017-10-09,pegged,calibration rejected (boundary-pegged),0.010521052427350214,20.0,132.0,826.0
2017-10-10,pegged,calibration rejected (boundary-pegged),0.00901933458996519,18.0,134.0,777.0
2017-10-11,pegged,calibration rejected (boundary-pegged),0.007006690572016884,19.0,129.0,762.0
2017-10-12,pegged,calibration rejected (boundary-pegged),0.007384907440701304,20.0,129.0,841.0
2017-10-13,pegged,calibration rejected (boundary-pegged),0.006870844556295284,20.0,126.0,854.0
2017-10-16,pegged,calibration rejected (boundary-pegged),0.009651517223598598,20.0,127.0,787.0
2017-10-17,pegged,calibration rejected (boundary-pegged),0.012670088123488042,18.0,117.0,716.0
2017-10-18,pegged,calibration rejected (boundary-pegged),0.009349888577357102,19.0,121.0,822.0
2017-10-19,pegged,calibration rejected (boundary-pegged),0.010952734883303646,19.0,143.0,888.0
2017-10-20,pegged,calibration rejected (boundary-pegged),0.0090442089077562,20.0,135.0,968.0
2017-10-23,pegged,calibration rejected (boundary-pegged),0.010662289743399394,20.0,152.0,965.0
2017-10-24,pegged,calibration rejected (boundary-pegged),0.010111274789754151,19.0,120.0,748.0
2017-10-25,pegged,calibration rejected (boundary-pegged),0.01156589621280485,20.0,172.0,1078.0
2017-10-26,pegged,calibration rejected (boundary-pegged),0.012426544537032213,20.0,132.0,825.0
2017-10-27,pegged,calibration rejected (boundary-pegged),0.007367117532077385,20.0,159.0,971.0
2017-10-30,pegged,calibration rejected (boundary-pegged),0.011099648960996121,19.0,147.0,849.0
2017-10-31,pegged,calibration rejected (boundary-pegged),0.0076816317511774175,20.0,125.0,767.0
2017-11-01,pegged,calibration rejected (boundary-pegged),0.006574426776139962,20.0,151.0,973.0
2017-11-02,pegged,calibration rejected (boundary-pegged),0.0074901801238096925,20.0,156.0,917.0
2017-11-03,pegged,calibration rejected (boundary-pegged),0.009966430573727893,20.0,147.0,905.0
2017-11-06,pegged,calibration rejected (boundary-pegged),0.004883261219728064,20.0,142.0,893.0
2017-11-07,pegged,calibration rejected (boundary-pegged),0.009001601866279572,20.0,157.0,1015.0
2017-11-08,pegged,calibration rejected (boundary-pegged),0.006787613613692302,20.0,149.0,899.0
2017-11-09,pegged,calibration rejected (boundary-pegged),0.0068481460305037664,20.0,164.0,1083.0
2017-11-10,pegged,calibration rejected (boundary-pegged),0.006921483953748101,20.0,149.0,941.0
2017-11-13,pegged,calibration rejected (boundary-pegged),0.010854699076004268,20.0,151.0,910.0
2017-11-14,pegged,calibration rejected (boundary-pegged),0.00824560117039634,20.0,148.0,952.0
2017-11-15,pegged,calibration rejected (boundary-pegged),0.005799374576419424,20.0,162.0,1114.0
2017-11-16,pegged,calibration rejected (boundary-pegged),0.011334374981645046,20.0,170.0,1070.0
2017-11-17,pegged,calibration rejected (boundary-pegged),0.011173793619229768,20.0,135.0,886.0
2017-11-20,pegged,calibration rejected (boundary-pegged),0.01333074783892539,20.0,138.0,886.0
2017-11-21,pegged,calibration rejected (boundary-pegged),0.008958981449998387,20.0,144.0,1015.0
2017-11-22,pegged,calibration rejected (boundary-pegged),0.011736880052330775,20.0,127.0,833.0
2017-11-24,pegged,calibration rejected (boundary-pegged),0.008971284819047918,20.0,127.0,768.0
2017-11-27,pegged,calibration rejected (boundary-pegged),0.007871487372117812,20.0,137.0,894.0
2017-11-28,pegged,calibration rejected (boundary-pegged),0.010871627892608688,20.0,162.0,1103.0
2017-11-29,pegged,calibration rejected (boundary-pegged),0.010578270646462844,20.0,151.0,1070.0
2017-11-30,pegged,calibration rejected (boundary-pegged),0.011885480800178996,20.0,172.0,1185.0
2017-12-01,pegged,calibration rejected (boundary-pegged),0.009951359655887487,20.0,159.0,1148.0
2017-12-04,pegged,calibration rejected (boundary-pegged),0.007127821389541185,20.0,164.0,1030.0
2017-12-05,pegged,calibration rejected (boundary-pegged),0.008497407883577482,20.0,175.0,1020.0
2017-12-06,pegged,calibration rejected (boundary-pegged),0.006976744639879695,19.0,145.0,879.0
2017-12-07,pegged,calibration rejected (boundary-pegged),0.007733807371938266,20.0,149.0,907.0
2017-12-08,pegged,calibration rejected (boundary-pegged),0.00765294404979566,19.0,146.0,865.0
2017-12-11,pegged,calibration rejected (boundary-pegged),0.009790056499231689,19.0,131.0,876.0
2017-12-12,pegged,calibration rejected (boundary-pegged),0.007079777956748673,19.0,136.0,914.0
2017-12-13,pegged,calibration rejected (boundary-pegged),0.006289441272337687,20.0,138.0,853.0
2017-12-14,pegged,calibration rejected (boundary-pegged),0.00523184126536202,19.0,158.0,931.0
2017-12-15,pegged,calibration rejected (boundary-pegged),0.008117954733312227,20.0,171.0,998.0
2017-12-18,pegged,calibration rejected (boundary-pegged),0.007163341356053562,20.0,141.0,920.0
2017-12-19,pegged,calibration rejected (boundary-pegged),0.006676193057292029,20.0,156.0,972.0
2017-12-20,pegged,calibration rejected (boundary-pegged),0.006434460010514724,20.0,159.0,905.0
2017-12-21,pegged,calibration rejected (boundary-pegged),0.006130849725744664,20.0,158.0,932.0
2017-12-22,pegged,calibration rejected (boundary-pegged),0.00661111978428357,20.0,141.0,850.0
2017-12-26,pegged,calibration rejected (boundary-pegged),0.007704490747229288,19.0,123.0,739.0
2017-12-27,pegged,calibration rejected (boundary-pegged),0.010839514024865523,20.0,155.0,845.0
2017-12-28,pegged,calibration rejected (boundary-pegged),0.01095833992785396,20.0,130.0,806.0
2017-12-29,pegged,calibration rejected (boundary-pegged),0.009970313029891008,20.0,174.0,970.0
2018-01-02,pegged,calibration rejected (boundary-pegged),0.010594065107547675,20.0,153.0,935.0
2018-01-03,pegged,calibration rejected (boundary-pegged),0.005821459079849683,20.0,161.0,984.0
2018-01-04,pegged,calibration rejected (boundary-pegged),0.008663391505979886,20.0,148.0,968.0
2018-01-05,pegged,calibration rejected (boundary-pegged),0.006258473907716979,20.0,161.0,1022.0
2018-01-08,pegged,calibration rejected (boundary-pegged),0.007828975133853664,20.0,149.0,966.0
2018-01-09,pegged,calibration rejected (boundary-pegged),0.007142624288005387,20.0,165.0,1063.0
2018-01-10,pegged,calibration rejected (boundary-pegged),0.006263521431208894,19.0,159.0,971.0
2018-01-11,pegged,calibration rejected (boundary-pegged),0.005541116614966719,19.0,165.0,1022.0
2018-01-12,pegged,calibration rejected (boundary-pegged),0.005931448088006043,20.0,166.0,1109.0
2018-01-16,pegged,calibration rejected (boundary-pegged),0.007457537748116064,20.0,187.0,1239.0
2018-01-17,pegged,calibration rejected (boundary-pegged),0.006368748893565734,20.0,195.0,1115.0
2018-01-18,pegged,calibration rejected (boundary-pegged),0.0061666501924964034,20.0,180.0,1036.0
2018-01-19,pegged,calibration rejected (boundary-pegged),0.013104928473705063,20.0,178.0,1009.0
2018-01-22,pegged,calibration rejected (boundary-pegged),0.009133301234963047,20.0,209.0,1135.0
2018-01-24,pegged,calibration rejected (boundary-pegged),0.008165856024790486,20.0,199.0,1221.0
2018-01-26,pegged,calibration rejected (boundary-pegged),0.007766791712773853,20.0,198.0,1192.0
2018-01-29,pegged,calibration rejected (boundary-pegged),0.0081580569677365,20.0,180.0,1249.0
2018-01-31,pegged,calibration rejected (boundary-pegged),0.007367388442472366,20.0,203.0,1175.0
2018-02-01,pegged,calibration rejected (boundary-pegged),0.007620729042842025,20.0,200.0,1144.0
2018-02-02,pegged,calibration rejected (boundary-pegged),0.010178747290763672,20.0,178.0,1358.0
2018-02-05,iv_miss,calibration rejected (iv_rmse=0.0357 > 0.02),0.03569055989937058,20.0,155.0,1452.0
2018-02-06,iv_miss,calibration rejected (iv_rmse=0.0377 > 0.02),0.03772639747701647,20.0,177.0,1437.0
2018-02-07,pegged,calibration rejected (boundary-pegged),0.015106512645993069,20.0,177.0,1360.0
2018-02-08,iv_miss,calibration rejected (iv_rmse=0.0239 > 0.02),0.023925124599528374,20.0,189.0,1386.0
2018-02-09,iv_miss,calibration rejected (iv_rmse=0.0261 > 0.02),0.026067920783719698,20.0,196.0,1437.0
2018-02-12,pegged,calibration rejected (boundary-pegged),0.01417957719746911,20.0,215.0,1381.0
2018-02-13,pegged,calibration rejected (boundary-pegged),0.012127259886110273,20.0,214.0,1214.0
2018-02-15,pegged,calibration rejected (boundary-pegged),0.00809153730107081,20.0,217.0,1328.0
2018-02-16,pegged,calibration rejected (boundary-pegged),0.009549240924556042,20.0,202.0,1235.0
2018-02-20,pegged,calibration rejected (boundary-pegged),0.010005037861858489,20.0,187.0,1212.0
2018-02-21,pegged,calibration rejected (boundary-pegged),0.009998999443522028,20.0,194.0,1177.0
2018-02-22,pegged,calibration rejected (boundary-pegged),0.008047618057061699,19.0,196.0,1138.0
2018-02-23,pegged,calibration rejected (boundary-pegged),0.009883053211030836,20.0,202.0,1119.0
2018-02-26,pegged,calibration rejected (boundary-pegged),0.006536719260627415,20.0,181.0,1224.0
2018-02-27,pegged,calibration rejected (boundary-pegged),0.009866875704697037,20.0,192.0,1216.0
2018-02-28,pegged,calibration rejected (boundary-pegged),0.00698293111051009,20.0,197.0,1142.0
2018-03-01,pegged,calibration rejected (boundary-pegged),0.009820201988774322,20.0,182.0,1343.0
2018-03-02,pegged,calibration rejected (boundary-pegged),0.014886578593149655,20.0,188.0,1243.0
2018-03-05,pegged,calibration rejected (boundary-pegged),0.00989940395018315,19.0,176.0,1210.0
2018-03-06,pegged,calibration rejected (boundary-pegged),0.01126396307031143,20.0,181.0,1110.0
2018-03-07,pegged,calibration rejected (boundary-pegged),0.011287127227083133,19.0,186.0,1013.0
2018-03-08,pegged,calibration rejected (boundary-pegged),0.010524879243882616,20.0,185.0,1042.0
2018-03-09,pegged,calibration rejected (boundary-pegged),0.007981688462182399,20.0,166.0,1171.0
2018-03-12,pegged,calibration rejected (boundary-pegged),0.012620314002488154,20.0,171.0,1213.0
2018-03-13,pegged,calibration rejected (boundary-pegged),0.014370375081507786,20.0,194.0,1219.0
2018-03-14,pegged,calibration rejected (boundary-pegged),0.01173364361167897,18.0,181.0,1102.0
2018-03-15,pegged,calibration rejected (boundary-pegged),0.011661611562821991,20.0,184.0,1079.0
2018-03-16,pegged,calibration rejected (boundary-pegged),0.013032816828922222,19.0,181.0,1038.0
2018-03-19,pegged,calibration rejected (boundary-pegged),0.009588688705504774,20.0,192.0,1250.0
2018-03-20,pegged,calibration rejected (boundary-pegged),0.007018010961007174,20.0,182.0,1047.0
2018-03-21,pegged,calibration rejected (boundary-pegged),0.013555966082083553,20.0,197.0,1084.0
2018-03-22,pegged,calibration rejected (boundary-pegged),0.01021997870961209,20.0,175.0,1398.0
2018-03-27,pegged,calibration rejected (boundary-pegged),0.014281842615966909,20.0,194.0,1358.0
2018-03-28,pegged,calibration rejected (boundary-pegged),0.014723784317352004,20.0,197.0,1288.0
2018-03-29,pegged,calibration rejected (boundary-pegged),0.01704134768026949,20.0,214.0,1273.0
2018-04-06,pegged,calibration rejected (boundary-pegged),0.015099847767119158,20.0,194.0,1351.0
2018-04-09,pegged,calibration rejected (boundary-pegged),0.012718842568686831,20.0,200.0,1226.0
2018-04-10,pegged,calibration rejected (boundary-pegged),0.011946029920164752,20.0,213.0,1173.0
2018-04-12,pegged,calibration rejected (boundary-pegged),0.01134568130644168,20.0,182.0,1127.0
2018-04-13,pegged,calibration rejected (boundary-pegged),0.010514082597617345,20.0,205.0,1140.0
2018-04-16,pegged,calibration rejected (boundary-pegged),0.00877058204046906,20.0,175.0,1202.0
2018-04-18,pegged,calibration rejected (boundary-pegged),0.016051519234167293,20.0,156.0,1076.0
2018-04-19,pegged,calibration rejected (boundary-pegged),0.01062965887661189,20.0,174.0,1111.0
2018-04-20,pegged,calibration rejected (boundary-pegged),0.013754152622895989,20.0,180.0,1186.0
2018-04-23,pegged,calibration rejected (boundary-pegged),0.011316153989476796,20.0,197.0,1212.0
2018-04-24,pegged,calibration rejected (boundary-pegged),0.012329756307304467,20.0,186.0,1333.0
2018-04-25,pegged,calibration rejected (boundary-pegged),0.014994139669141633,20.0,197.0,1214.0
2018-04-26,pegged,calibration rejected (boundary-pegged),0.01056855847221524,20.0,189.0,1151.0
2018-04-27,pegged,calibration rejected (boundary-pegged),0.011479498299806006,20.0,183.0,1058.0
2018-04-30,pegged,calibration rejected (boundary-pegged),0.008690192793596003,20.0,182.0,1162.0
2018-05-01,pegged,calibration rejected (boundary-pegged),0.016209046222887786,20.0,206.0,1218.0
2018-05-02,pegged,calibration rejected (boundary-pegged),0.013561718329829204,20.0,193.0,1107.0
2018-05-04,pegged,calibration rejected (boundary-pegged),0.013949759608953236,20.0,206.0,1209.0
2018-05-07,pegged,calibration rejected (boundary-pegged),0.012356464008270689,20.0,182.0,1144.0
2018-05-09,pegged,calibration rejected (boundary-pegged),0.010591797340483607,20.0,199.0,1202.0
2018-05-10,pegged,calibration rejected (boundary-pegged),0.009895738567121695,20.0,185.0,1188.0
2018-05-11,pegged,calibration rejected (boundary-pegged),0.007835142275530277,20.0,153.0,1070.0
2018-05-14,pegged,calibration rejected (boundary-pegged),0.015303356181309449,20.0,152.0,1105.0
2018-05-15,pegged,calibration rejected (boundary-pegged),0.006957080757468909,19.0,173.0,1095.0
2018-05-16,pegged,calibration rejected (boundary-pegged),0.008754257726305885,20.0,179.0,1031.0
2018-05-17,pegged,calibration rejected (boundary-pegged),0.008467457791044608,19.0,193.0,986.0
2018-05-18,pegged,calibration rejected (boundary-pegged),0.010962817419198207,20.0,161.0,955.0
2018-05-21,pegged,calibration rejected (boundary-pegged),0.01364582941345327,20.0,160.0,1049.0
2018-05-22,pegged,calibration rejected (boundary-pegged),0.015600484089189294,20.0,184.0,1026.0
2018-05-23,pegged,calibration rejected (boundary-pegged),0.01124447685338181,20.0,186.0,1064.0
2018-05-24,pegged,calibration rejected (boundary-pegged),0.015941539846749963,20.0,169.0,1020.0
2018-05-25,pegged,calibration rejected (boundary-pegged),0.0159749806766776,19.0,164.0,933.0
2018-05-29,pegged,calibration rejected (boundary-pegged),0.012570082433010787,20.0,175.0,1263.0
2018-05-30,pegged,calibration rejected (boundary-pegged),0.009651751360002916,20.0,190.0,1034.0
2018-05-31,pegged,calibration rejected (boundary-pegged),0.012079271337883514,19.0,178.0,1026.0
2018-06-01,pegged,calibration rejected (boundary-pegged),0.010507500497504747,20.0,171.0,1026.0
2018-06-04,iv_miss,calibration rejected (iv_rmse=0.0381 > 0.02),0.03812626362372136,20.0,158.0,963.0
2018-06-05,pegged,calibration rejected (boundary-pegged),0.013031053494454919,20.0,164.0,947.0
2018-06-06,pegged,calibration rejected (boundary-pegged),0.0053339715491976265,20.0,179.0,1061.0
2018-06-07,pegged,calibration rejected (boundary-pegged),0.00715283888962422,20.0,173.0,956.0
2018-06-08,pegged,calibration rejected (boundary-pegged),0.013812366300990607,20.0,178.0,901.0
2018-06-11,pegged,calibration rejected (boundary-pegged),0.014590301716270267,20.0,171.0,1018.0
2018-06-12,pegged,calibration rejected (boundary-pegged),0.009913985194662979,20.0,169.0,942.0
2018-06-13,pegged,calibration rejected (boundary-pegged),0.006527539450371159,20.0,178.0,1003.0
2018-06-14,pegged,calibration rejected (boundary-pegged),0.0121087484236394,20.0,172.0,945.0
2018-06-15,pegged,calibration rejected (boundary-pegged),0.010432303959887857,20.0,169.0,1008.0
2018-06-18,pegged,calibration rejected (boundary-pegged),0.01259653322744791,19.0,193.0,970.0
2018-06-19,pegged,calibration rejected (boundary-pegged),0.009767052882536932,20.0,183.0,1083.0
2018-06-20,pegged,calibration rejected (boundary-pegged),0.004993799095001739,19.0,172.0,875.0
2018-06-21,pegged,calibration rejected (boundary-pegged),0.008545438727658438,20.0,174.0,1070.0
2018-06-22,pegged,calibration rejected (boundary-pegged),0.007151305884299813,17.0,177.0,840.0
2018-06-25,pegged,calibration rejected (boundary-pegged),0.007804712032143026,20.0,181.0,1309.0
2018-06-26,pegged,calibration rejected (boundary-pegged),0.015709132350189746,20.0,198.0,1113.0
2018-06-27,pegged,calibration rejected (boundary-pegged),0.010032665733953594,20.0,189.0,1223.0
2018-06-28,pegged,calibration rejected (boundary-pegged),0.008027234356102066,20.0,199.0,1182.0
2018-06-29,pegged,calibration rejected (boundary-pegged),0.0155427494483913,20.0,202.0,1095.0
2018-07-02,pegged,calibration rejected (boundary-pegged),0.01126877165293036,20.0,190.0,1164.0
2018-07-03,pegged,calibration rejected (boundary-pegged),0.012484973803528546,20.0,196.0,1061.0
2018-07-05,pegged,calibration rejected (boundary-pegged),0.01059094552578878,20.0,189.0,1078.0
2018-07-06,pegged,calibration rejected (boundary-pegged),0.011258901662918357,20.0,177.0,1043.0
2018-07-09,pegged,calibration rejected (boundary-pegged),0.01279218632731467,20.0,184.0,1165.0
2018-07-10,pegged,calibration rejected (boundary-pegged),0.01253135460131684,20.0,162.0,1031.0
2018-07-11,pegged,calibration rejected (boundary-pegged),0.007596748332929886,20.0,158.0,996.0
2018-07-12,pegged,calibration rejected (boundary-pegged),0.012804059905539912,20.0,198.0,1076.0
2018-07-13,pegged,calibration rejected (boundary-pegged),0.010612484098977856,20.0,160.0,945.0
2018-07-16,pegged,calibration rejected (boundary-pegged),0.013849774691366851,20.0,173.0,1031.0
2018-07-17,pegged,calibration rejected (boundary-pegged),0.010249893348044093,20.0,183.0,957.0
2018-07-18,pegged,calibration rejected (boundary-pegged),0.006898929107341434,20.0,174.0,938.0
2018-07-19,pegged,calibration rejected (boundary-pegged),0.0067686435376938265,20.0,171.0,992.0
2018-07-20,pegged,calibration rejected (boundary-pegged),0.007552848333038711,20.0,162.0,933.0
2018-07-23,pegged,calibration rejected (boundary-pegged),0.010392386837231614,20.0,192.0,965.0
2018-07-24,pegged,calibration rejected (boundary-pegged),0.010738216429114003,20.0,187.0,972.0
2018-07-25,pegged,calibration rejected (boundary-pegged),0.011979691666544034,20.0,201.0,1057.0
2018-07-26,pegged,calibration rejected (boundary-pegged),0.008954970563076653,19.0,160.0,981.0
2018-07-27,pegged,calibration rejected (boundary-pegged),0.00959365301900623,20.0,194.0,1127.0
2018-07-30,pegged,calibration rejected (boundary-pegged),0.010441977232076636,20.0,191.0,1069.0
2018-07-31,pegged,calibration rejected (boundary-pegged),0.015444775718212837,20.0,179.0,1005.0
2018-08-01,pegged,calibration rejected (boundary-pegged),0.011226647802279962,20.0,171.0,947.0
2018-08-02,pegged,calibration rejected (boundary-pegged),0.009778189280576482,20.0,186.0,972.0
2018-08-03,pegged,calibration rejected (boundary-pegged),0.012807868575572262,19.0,167.0,891.0
2018-08-06,pegged,calibration rejected (boundary-pegged),0.01133720256487102,19.0,157.0,982.0
2018-08-07,pegged,calibration rejected (boundary-pegged),0.006175534811123075,20.0,148.0,947.0
2018-08-08,pegged,calibration rejected (boundary-pegged),0.013863150998673858,20.0,149.0,904.0
2018-08-09,pegged,calibration rejected (boundary-pegged),0.006428572833936868,20.0,171.0,845.0
2018-08-10,pegged,calibration rejected (boundary-pegged),0.008503527783720316,19.0,169.0,1044.0
2018-08-13,pegged,calibration rejected (boundary-pegged),0.009487734859169568,19.0,207.0,1067.0
2018-08-14,pegged,calibration rejected (boundary-pegged),0.012691279972700555,20.0,169.0,928.0
2018-08-15,pegged,calibration rejected (boundary-pegged),0.012724685244298012,20.0,199.0,1182.0
2018-08-16,pegged,calibration rejected (boundary-pegged),0.012354333576083796,20.0,190.0,1050.0
2018-08-17,pegged,calibration rejected (boundary-pegged),0.008990661489471604,20.0,201.0,1015.0
2018-08-20,pegged,calibration rejected (boundary-pegged),0.019223948578407462,20.0,158.0,1002.0
2018-08-21,pegged,calibration rejected (boundary-pegged),0.014406336999249472,20.0,165.0,989.0
2018-08-22,pegged,calibration rejected (boundary-pegged),0.00980251854668584,20.0,177.0,934.0
2018-08-23,pegged,calibration rejected (boundary-pegged),0.008365598835143253,20.0,175.0,978.0
2018-08-24,pegged,calibration rejected (boundary-pegged),0.018035298253706488,20.0,180.0,939.0
2018-08-27,pegged,calibration rejected (boundary-pegged),0.015483086997958884,20.0,170.0,1134.0
2018-08-28,pegged,calibration rejected (boundary-pegged),0.014983395646777774,20.0,188.0,1044.0
2018-08-29,pegged,calibration rejected (boundary-pegged),0.009446391540391333,20.0,205.0,1139.0
2018-08-30,pegged,calibration rejected (boundary-pegged),0.010646429059901345,20.0,181.0,1037.0
2018-08-31,pegged,calibration rejected (boundary-pegged),0.009917251162292121,19.0,187.0,978.0
2018-09-04,pegged,calibration rejected (boundary-pegged),0.008016731420356372,20.0,180.0,973.0
2018-09-05,pegged,calibration rejected (boundary-pegged),0.00812796008379164,20.0,190.0,1094.0
2018-09-06,pegged,calibration rejected (boundary-pegged),0.009187394226396993,20.0,183.0,1186.0
2018-09-07,pegged,calibration rejected (boundary-pegged),0.011520202665138327,20.0,198.0,1021.0
2018-09-10,pegged,calibration rejected (boundary-pegged),0.01102464692634964,20.0,168.0,1013.0
2018-09-11,pegged,calibration rejected (boundary-pegged),0.015608119684562508,20.0,177.0,1037.0
2018-09-12,pegged,calibration rejected (boundary-pegged),0.014425765412319802,20.0,177.0,1032.0
2018-09-13,pegged,calibration rejected (boundary-pegged),0.0158682814769841,20.0,162.0,1068.0
2018-09-14,pegged,calibration rejected (boundary-pegged),0.017388466127433454,20.0,163.0,990.0
2018-09-17,pegged,calibration rejected (boundary-pegged),0.018839381726030006,20.0,184.0,1102.0
2018-09-18,pegged,calibration rejected (boundary-pegged),0.010652151088771373,20.0,186.0,977.0
2018-09-19,pegged,calibration rejected (boundary-pegged),0.0133309529325629,20.0,162.0,890.0
2018-09-20,pegged,calibration rejected (boundary-pegged),0.011963184616432556,20.0,177.0,1136.0
2018-09-21,pegged,calibration rejected (boundary-pegged),0.011787611177157244,20.0,178.0,1036.0
2018-09-24,pegged,calibration rejected (boundary-pegged),0.011488844658081207,20.0,180.0,1088.0
2018-09-25,pegged,calibration rejected (boundary-pegged),0.014251567090948441,19.0,177.0,966.0
2018-09-26,pegged,calibration rejected (boundary-pegged),0.009910052295801879,20.0,201.0,1029.0
2018-09-27,pegged,calibration rejected (boundary-pegged),0.014751481379626091,19.0,178.0,1016.0
2018-09-28,pegged,calibration rejected (boundary-pegged),0.013680581913930387,20.0,167.0,906.0
2018-10-01,pegged,calibration rejected (boundary-pegged),0.01846988626689708,19.0,193.0,1040.0
2018-10-02,pegged,calibration rejected (boundary-pegged),0.009472580964733903,20.0,169.0,935.0
2018-10-03,pegged,calibration rejected (boundary-pegged),0.007725489472068968,19.0,176.0,923.0
2018-10-04,pegged,calibration rejected (boundary-pegged),0.010703098789176775,20.0,209.0,1273.0
2018-10-05,pegged,calibration rejected (boundary-pegged),0.009404555655784921,20.0,184.0,1225.0
2018-10-08,pegged,calibration rejected (boundary-pegged),0.008955445945359757,20.0,214.0,1251.0
2018-10-09,pegged,calibration rejected (boundary-pegged),0.010797169579421319,20.0,195.0,1140.0
2018-10-10,pegged,calibration rejected (boundary-pegged),0.010893106406675073,20.0,201.0,1420.0
2018-10-12,pegged,calibration rejected (boundary-pegged),0.013011612008929004,20.0,211.0,1334.0
2018-10-15,pegged,calibration rejected (boundary-pegged),0.008148479546676633,19.0,202.0,1242.0
2018-10-16,pegged,calibration rejected (boundary-pegged),0.006916354547260478,20.0,192.0,1323.0
2018-10-17,pegged,calibration rejected (boundary-pegged),0.014340874686868524,20.0,203.0,1184.0
2018-10-18,pegged,calibration rejected (boundary-pegged),0.00992688876647382,20.0,203.0,1181.0
2018-10-19,pegged,calibration rejected (boundary-pegged),0.010810947256163191,20.0,211.0,1182.0
2018-10-22,pegged,calibration rejected (boundary-pegged),0.015458231657495733,20.0,220.0,1199.0
2018-10-23,pegged,calibration rejected (boundary-pegged),0.010880643185544811,20.0,227.0,1437.0
2018-10-24,pegged,calibration rejected (boundary-pegged),0.011846861407957016,19.0,218.0,1356.0
2018-10-25,pegged,calibration rejected (boundary-pegged),0.009170451819693476,19.0,217.0,1311.0
2018-10-26,pegged,calibration rejected (boundary-pegged),0.011292855241015773,20.0,203.0,1359.0
2018-10-29,pegged,calibration rejected (boundary-pegged),0.014448494589801962,20.0,206.0,1349.0
2018-10-30,pegged,calibration rejected (boundary-pegged),0.009682911145072881,20.0,223.0,1237.0
2018-11-01,pegged,calibration rejected (boundary-pegged),0.01095255904284533,19.0,206.0,1210.0
2018-11-02,pegged,calibration rejected (boundary-pegged),0.013853667024805304,20.0,200.0,1085.0
2018-11-05,pegged,calibration rejected (boundary-pegged),0.011003476084406865,20.0,208.0,1040.0
2018-11-06,pegged,calibration rejected (boundary-pegged),0.012505714220747461,19.0,201.0,969.0
2018-11-08,pegged,calibration rejected (boundary-pegged),0.009868323725595995,20.0,194.0,1104.0
2018-11-09,pegged,calibration rejected (boundary-pegged),0.008466454797804805,20.0,206.0,1205.0
2018-11-12,pegged,calibration rejected (boundary-pegged),0.011465899499229822,20.0,197.0,1259.0
2018-11-16,pegged,calibration rejected (boundary-pegged),0.012504525957403954,20.0,177.0,1122.0
2018-11-23,pegged,calibration rejected (boundary-pegged),0.014782785635192988,20.0,189.0,1013.0
2018-11-26,pegged,calibration rejected (boundary-pegged),0.018261170111199876,20.0,223.0,1250.0
2018-11-27,pegged,calibration rejected (boundary-pegged),0.014396101408027046,19.0,210.0,1137.0
2018-11-29,pegged,calibration rejected (boundary-pegged),0.014399925828836474,19.0,191.0,1131.0
2018-11-30,pegged,calibration rejected (boundary-pegged),0.014252988755359438,20.0,227.0,1085.0
2018-12-03,pegged,calibration rejected (boundary-pegged),0.01296689934124478,20.0,226.0,1257.0
2018-12-07,pegged,calibration rejected (boundary-pegged),0.015135782081170446,20.0,226.0,1277.0
2018-12-18,pegged,calibration rejected (boundary-pegged),0.014290726916737861,20.0,231.0,1243.0
2018-12-21,pegged,calibration rejected (boundary-pegged),0.01475045438307272,20.0,241.0,1485.0
2018-12-24,pegged,calibration rejected (boundary-pegged),0.012260725069173263,20.0,234.0,1378.0
2018-12-26,pegged,calibration rejected (boundary-pegged),0.01416161462532434,20.0,224.0,1471.0
2018-12-27,pegged,calibration rejected (boundary-pegged),0.010404265173075123,20.0,235.0,1475.0
2018-12-31,pegged,calibration rejected (boundary-pegged),0.013114881601621393,20.0,229.0,1240.0
2019-01-04,pegged,calibration rejected (boundary-pegged),0.014296146030575779,20.0,215.0,1378.0
2019-01-15,pegged,calibration rejected (boundary-pegged),0.011099261500638254,20.0,204.0,1213.0
2019-01-16,pegged,calibration rejected (boundary-pegged),0.014572320357354628,20.0,205.0,1165.0
2019-01-17,pegged,calibration rejected (boundary-pegged),0.013799194485583454,20.0,218.0,1152.0
2019-01-28,pegged,calibration rejected (boundary-pegged),0.009851271015648259,20.0,208.0,1149.0
2019-01-30,pegged,calibration rejected (boundary-pegged),0.011120555530252768,20.0,236.0,1161.0
2019-01-31,pegged,calibration rejected (boundary-pegged),0.010253295399026363,20.0,200.0,1226.0
2019-02-01,pegged,calibration rejected (boundary-pegged),0.009373152181560295,20.0,216.0,1169.0
2019-02-04,pegged,calibration rejected (boundary-pegged),0.009654617317744937,20.0,216.0,1098.0
2019-02-05,pegged,calibration rejected (boundary-pegged),0.008118857837515698,20.0,204.0,1135.0
2019-02-06,pegged,calibration rejected (boundary-pegged),0.00995049131977358,20.0,185.0,1030.0
2019-02-08,pegged,calibration rejected (boundary-pegged),0.01564664284624352,19.0,208.0,1043.0
2019-02-11,pegged,calibration rejected (boundary-pegged),0.013652161080168812,20.0,184.0,1002.0
2019-02-12,pegged,calibration rejected (boundary-pegged),0.009863845050892923,20.0,216.0,1163.0
2019-02-13,pegged,calibration rejected (boundary-pegged),0.007400758319395655,20.0,202.0,1160.0
2019-02-14,pegged,calibration rejected (boundary-pegged),0.00795904613290668,20.0,221.0,963.0
2019-02-15,pegged,calibration rejected (boundary-pegged),0.013549594953524364,20.0,188.0,1031.0
2019-02-19,pegged,calibration rejected (boundary-pegged),0.011507031688733101,20.0,196.0,1109.0
2019-02-20,pegged,calibration rejected (boundary-pegged),0.010123278153763215,20.0,178.0,1004.0
2019-02-21,pegged,calibration rejected (boundary-pegged),0.009130411029153396,20.0,204.0,1050.0
2019-02-22,pegged,calibration rejected (boundary-pegged),0.008015912978865839,20.0,190.0,981.0
2019-02-25,pegged,calibration rejected (boundary-pegged),0.008992262164045053,20.0,186.0,1108.0
2019-02-26,pegged,calibration rejected (boundary-pegged),0.013538152110511154,20.0,185.0,1010.0
2019-02-27,pegged,calibration rejected (boundary-pegged),0.007007813353899382,20.0,204.0,1010.0
2019-02-28,pegged,calibration rejected (boundary-pegged),0.006769553836627502,20.0,176.0,886.0
2019-03-01,pegged,calibration rejected (boundary-pegged),0.015157315883698026,19.0,202.0,1031.0
2019-03-04,pegged,calibration rejected (boundary-pegged),0.012308091372982267,20.0,230.0,1219.0
2019-03-05,pegged,calibration rejected (boundary-pegged),0.007871823850834804,20.0,195.0,971.0
2019-03-06,pegged,calibration rejected (boundary-pegged),0.00801353058926376,20.0,210.0,1136.0
2019-03-07,pegged,calibration rejected (boundary-pegged),0.007181106032540903,20.0,202.0,1267.0
2019-03-08,pegged,calibration rejected (boundary-pegged),0.009511545823435904,20.0,206.0,1258.0
2019-03-12,pegged,calibration rejected (boundary-pegged),0.008069611533313939,20.0,179.0,1023.0
2019-03-13,pegged,calibration rejected (boundary-pegged),0.006641409458450517,20.0,183.0,1171.0
2019-03-15,pegged,calibration rejected (boundary-pegged),0.007942951860719518,20.0,190.0,1057.0
2019-03-18,pegged,calibration rejected (boundary-pegged),0.00532914158755224,20.0,185.0,1126.0
2019-03-20,pegged,calibration rejected (boundary-pegged),0.011184809895134167,20.0,204.0,1164.0
2019-03-26,pegged,calibration rejected (boundary-pegged),0.010552797055413773,20.0,213.0,1135.0
2019-03-28,pegged,calibration rejected (boundary-pegged),0.012626766550439131,20.0,205.0,1094.0
2019-03-29,pegged,calibration rejected (boundary-pegged),0.01033017160000764,20.0,192.0,1145.0
2019-04-01,pegged,calibration rejected (boundary-pegged),0.008804822749814846,20.0,178.0,1240.0
2019-04-02,pegged,calibration rejected (boundary-pegged),0.010635578941861587,20.0,184.0,1012.0
2019-04-03,pegged,calibration rejected (boundary-pegged),0.00818396655828299,20.0,198.0,1174.0
2019-04-04,pegged,calibration rejected (boundary-pegged),0.009343015746978831,20.0,193.0,974.0
2019-04-08,pegged,calibration rejected (boundary-pegged),0.010671249439261305,20.0,194.0,1018.0
2019-04-09,pegged,calibration rejected (boundary-pegged),0.011128074831132238,20.0,203.0,1062.0
2019-04-10,pegged,calibration rejected (boundary-pegged),0.011141074117739526,19.0,171.0,902.0
2019-04-11,pegged,calibration rejected (boundary-pegged),0.008646494635451137,20.0,200.0,1020.0
2019-04-15,pegged,calibration rejected (boundary-pegged),0.008554702195465573,20.0,181.0,1047.0
2019-04-16,pegged,calibration rejected (boundary-pegged),0.012958643284080555,20.0,177.0,1015.0
2019-04-17,pegged,calibration rejected (boundary-pegged),0.0080252339788678,19.0,199.0,1001.0
2019-04-18,pegged,calibration rejected (boundary-pegged),0.005100756622685042,20.0,196.0,1010.0
2019-04-22,pegged,calibration rejected (boundary-pegged),0.004934615430938189,20.0,181.0,933.0
2019-04-23,pegged,calibration rejected (boundary-pegged),0.006604998572165872,20.0,195.0,1167.0
2019-04-24,pegged,calibration rejected (boundary-pegged),0.006505689344378003,20.0,177.0,982.0
2019-04-25,pegged,calibration rejected (boundary-pegged),0.008061656339392131,20.0,199.0,995.0
2019-04-26,pegged,calibration rejected (boundary-pegged),0.0067007648877097465,20.0,200.0,966.0
2019-04-29,pegged,calibration rejected (boundary-pegged),0.005753265783091591,20.0,179.0,1051.0
2019-04-30,pegged,calibration rejected (boundary-pegged),0.010916245087187982,20.0,206.0,1137.0
2019-05-01,pegged,calibration rejected (boundary-pegged),0.007250559435061854,20.0,225.0,1123.0
2019-05-02,pegged,calibration rejected (boundary-pegged),0.006416470953811502,20.0,225.0,1161.0
2019-05-06,pegged,calibration rejected (boundary-pegged),0.009449126261772944,20.0,198.0,1190.0
2019-05-14,pegged,calibration rejected (boundary-pegged),0.012815154570305883,20.0,198.0,1231.0
2019-05-15,pegged,calibration rejected (boundary-pegged),0.014736338879088259,19.0,205.0,1172.0
2019-05-21,pegged,calibration rejected (boundary-pegged),0.00983536158736386,20.0,205.0,1100.0
2019-05-22,pegged,calibration rejected (boundary-pegged),0.008444959051912697,19.0,190.0,1065.0
2019-05-31,pegged,calibration rejected (boundary-pegged),0.012622392245515222,20.0,196.0,1371.0
2019-06-04,pegged,calibration rejected (boundary-pegged),0.010876142776143198,20.0,228.0,1370.0
2019-06-06,pegged,calibration rejected (boundary-pegged),0.011721043000107591,20.0,206.0,1205.0
2019-06-11,pegged,calibration rejected (boundary-pegged),0.00999691601679116,20.0,228.0,1217.0
2019-06-13,pegged,calibration rejected (boundary-pegged),0.011234756756302191,20.0,198.0,1115.0
2019-06-21,pegged,calibration rejected (boundary-pegged),0.007865384580971871,20.0,197.0,1160.0
2019-06-24,pegged,calibration rejected (boundary-pegged),0.01011709508752375,20.0,176.0,1168.0
2019-06-25,pegged,calibration rejected (boundary-pegged),0.009533143329145583,20.0,213.0,1266.0
2019-06-26,pegged,calibration rejected (boundary-pegged),0.008983722065646368,20.0,200.0,1128.0
2019-06-27,pegged,calibration rejected (boundary-pegged),0.009416366869280096,20.0,182.0,1045.0
2019-06-28,pegged,calibration rejected (boundary-pegged),0.008714916782314048,20.0,183.0,1091.0
2019-07-01,pegged,calibration rejected (boundary-pegged),0.006930623342099708,20.0,192.0,1274.0
2019-07-02,pegged,calibration rejected (boundary-pegged),0.007281470651587968,19.0,187.0,1194.0
2019-07-03,pegged,calibration rejected (boundary-pegged),0.006488934690106827,20.0,199.0,1156.0
2019-07-08,pegged,calibration rejected (boundary-pegged),0.00634679636456019,20.0,173.0,1098.0
2019-07-09,pegged,calibration rejected (boundary-pegged),0.008115035731659961,20.0,193.0,1127.0
2019-07-10,pegged,calibration rejected (boundary-pegged),0.0063498787394939814,20.0,191.0,1200.0
2019-07-11,pegged,calibration rejected (boundary-pegged),0.004936393986220262,20.0,182.0,1045.0
2019-07-15,pegged,calibration rejected (boundary-pegged),0.005866975494834602,20.0,146.0,999.0
2019-07-16,pegged,calibration rejected (boundary-pegged),0.005063920251653671,20.0,198.0,1091.0
2019-07-17,pegged,calibration rejected (boundary-pegged),0.006283446420731912,20.0,201.0,1103.0
2019-07-18,pegged,calibration rejected (boundary-pegged),0.007276381410990721,20.0,203.0,1094.0
2019-07-19,pegged,calibration rejected (boundary-pegged),0.008059962783175837,20.0,218.0,1145.0
2019-07-22,pegged,calibration rejected (boundary-pegged),0.010866178300970525,20.0,196.0,1084.0
2019-07-23,pegged,calibration rejected (boundary-pegged),0.011982168029098787,19.0,201.0,1099.0
2019-07-24,pegged,calibration rejected (boundary-pegged),0.007622596652267251,20.0,208.0,1065.0
2019-07-25,pegged,calibration rejected (boundary-pegged),0.005434083690737813,20.0,174.0,1120.0
2019-07-26,pegged,calibration rejected (boundary-pegged),0.006347930893475881,20.0,176.0,1028.0
2019-07-29,pegged,calibration rejected (boundary-pegged),0.008039306656708553,20.0,177.0,1042.0
2019-07-30,pegged,calibration rejected (boundary-pegged),0.006474846146185555,20.0,196.0,1025.0
2019-07-31,pegged,calibration rejected (boundary-pegged),0.007147270560996657,20.0,219.0,1169.0
2019-08-01,pegged,calibration rejected (boundary-pegged),0.0130870444243071,20.0,207.0,1341.0
2019-09-09,pegged,calibration rejected (boundary-pegged),0.00786485686645091,19.0,209.0,1165.0
2019-09-11,pegged,calibration rejected (boundary-pegged),0.006631451163783482,20.0,218.0,1207.0
2019-09-12,pegged,calibration rejected (boundary-pegged),0.006113137753252642,20.0,202.0,1194.0
2019-09-13,pegged,calibration rejected (boundary-pegged),0.0054518975930602535,20.0,211.0,1091.0
2019-09-16,pegged,calibration rejected (boundary-pegged),0.005806973547641164,20.0,193.0,1130.0
2019-09-23,pegged,calibration rejected (boundary-pegged),0.011659786674085366,20.0,213.0,1201.0
2019-10-18,pegged,calibration rejected (boundary-pegged),0.008638995854618501,20.0,214.0,1170.0
2019-10-21,pegged,calibration rejected (boundary-pegged),0.008223768423968618,20.0,180.0,1055.0
2019-10-23,pegged,calibration rejected (boundary-pegged),0.008332804766534358,20.0,186.0,1073.0
2019-10-29,pegged,calibration rejected (boundary-pegged),0.007644726520857756,20.0,210.0,1092.0
2019-10-31,pegged,calibration rejected (boundary-pegged),0.009860606863707084,20.0,205.0,1143.0
2019-11-05,pegged,calibration rejected (boundary-pegged),0.006391327530587499,19.0,184.0,1037.0
2019-11-06,pegged,calibration rejected (boundary-pegged),0.005875587003244083,20.0,188.0,1016.0
2019-11-07,pegged,calibration rejected (boundary-pegged),0.0062095512608712385,19.0,195.0,1066.0
2019-11-08,pegged,calibration rejected (boundary-pegged),0.006802258151691735,19.0,188.0,1054.0
2019-11-18,pegged,calibration rejected (boundary-pegged),0.005088994346759275,20.0,189.0,1093.0
2019-11-19,pegged,calibration rejected (boundary-pegged),0.005333886357156516,20.0,193.0,1052.0
2019-11-27,pegged,calibration rejected (boundary-pegged),0.006395042283984824,20.0,188.0,1137.0
2019-11-29,pegged,calibration rejected (boundary-pegged),0.006801519803666636,19.0,184.0,966.0
2019-12-10,pegged,calibration rejected (boundary-pegged),0.007019278582354333,19.0,183.0,977.0
2019-12-11,pegged,calibration rejected (boundary-pegged),0.007239034689470582,20.0,198.0,1056.0
2019-12-12,pegged,calibration rejected (boundary-pegged),0.006777305240170742,20.0,225.0,1232.0
2019-12-13,pegged,calibration rejected (boundary-pegged),0.007124936535765567,20.0,206.0,1166.0
2019-12-16,pegged,calibration rejected (boundary-pegged),0.00770436187706607,20.0,192.0,1184.0
2019-12-17,pegged,calibration rejected (boundary-pegged),0.011071126340975745,20.0,166.0,982.0
2019-12-18,pegged,calibration rejected (boundary-pegged),0.00846344178648308,20.0,183.0,1022.0
2019-12-20,pegged,calibration rejected (boundary-pegged),0.004871859459251794,20.0,204.0,1139.0
2019-12-23,pegged,calibration rejected (boundary-pegged),0.011500230247874606,20.0,178.0,984.0
2019-12-24,pegged,calibration rejected (boundary-pegged),0.010392878032891377,20.0,167.0,773.0
2019-12-26,pegged,calibration rejected (boundary-pegged),0.00481839907243433,20.0,181.0,924.0
2019-12-27,pegged,calibration rejected (boundary-pegged),0.008449182121677687,20.0,195.0,1032.0
2019-12-30,pegged,calibration rejected (boundary-pegged),0.006689826510621311,20.0,215.0,1139.0
2019-12-31,pegged,calibration rejected (boundary-pegged),0.008262427005581217,19.0,219.0,1144.0
2020-01-02,pegged,calibration rejected (boundary-pegged),0.006347060757367623,20.0,216.0,1145.0
2020-01-10,pegged,calibration rejected (boundary-pegged),0.007672676528195602,20.0,224.0,1188.0
2020-01-15,pegged,calibration rejected (boundary-pegged),0.006837484402780675,20.0,210.0,1132.0
2020-01-16,pegged,calibration rejected (boundary-pegged),0.006347567877837428,20.0,199.0,1129.0
2020-01-22,pegged,calibration rejected (boundary-pegged),0.006047131226644971,20.0,202.0,1103.0
2020-01-23,pegged,calibration rejected (boundary-pegged),0.006726818694567048,20.0,233.0,1091.0
2020-02-07,pegged,calibration rejected (boundary-pegged),0.00828922754029681,20.0,197.0,1136.0
2020-02-19,pegged,calibration rejected (boundary-pegged),0.00787413919233136,20.0,201.0,1100.0
2020-02-20,pegged,calibration rejected (boundary-pegged),0.00727092789163597,20.0,236.0,1259.0
2020-02-28,iv_miss,calibration rejected (iv_rmse=0.0254 > 0.02),0.0253917484983213,20.0,281.0,1486.0
2020-03-02,iv_miss,calibration rejected (iv_rmse=0.0232 > 0.02),0.02322813920180232,20.0,232.0,1561.0
2020-03-03,iv_miss,calibration rejected (iv_rmse=0.0257 > 0.02),0.025705454450387254,20.0,271.0,1448.0
2020-03-04,iv_miss,calibration rejected (iv_rmse=0.0304 > 0.02),0.030381220180975776,20.0,256.0,1517.0
2020-03-05,iv_miss,calibration rejected (iv_rmse=0.0221 > 0.02),0.022105274156463586,20.0,300.0,1416.0
2020-03-06,iv_miss,calibration rejected (iv_rmse=0.0208 > 0.02),0.020802975608307142,20.0,287.0,1494.0
2020-03-09,iv_miss,calibration rejected (iv_rmse=0.0269 > 0.02),0.026949425421497083,20.0,248.0,1576.0
2020-03-10,iv_miss,calibration rejected (iv_rmse=0.0266 > 0.02),0.02661768864302159,20.0,274.0,1556.0
2020-03-11,iv_miss,calibration rejected (iv_rmse=0.0232 > 0.02),0.023178792472180507,20.0,269.0,1526.0
2020-03-12,iv_miss,calibration rejected (iv_rmse=0.0522 > 0.02),0.052229710810996456,20.0,274.0,1573.0
2020-03-13,iv_miss,calibration rejected (iv_rmse=0.0513 > 0.02),0.05127150597024739,20.0,286.0,1545.0
2020-03-16,iv_miss,calibration rejected (iv_rmse=0.0457 > 0.02),0.045719123644794094,20.0,312.0,1556.0
2020-03-17,iv_miss,calibration rejected (iv_rmse=0.0418 > 0.02),0.041778863016590256,20.0,309.0,1569.0
2020-03-18,iv_miss,calibration rejected (iv_rmse=0.0525 > 0.02),0.052456621279063406,20.0,298.0,1554.0
2020-03-19,iv_miss,calibration rejected (iv_rmse=0.0488 > 0.02),0.04877622029355063,20.0,355.0,1501.0
2020-03-20,iv_miss,calibration rejected (iv_rmse=0.0303 > 0.02),0.030304567950113874,20.0,337.0,1508.0
2020-03-23,iv_miss,calibration rejected (iv_rmse=0.0306 > 0.02),0.030592610193059252,20.0,276.0,1546.0
2020-03-24,iv_miss,calibration rejected (iv_rmse=0.0321 > 0.02),0.03205386248584789,20.0,301.0,1558.0
2020-03-25,iv_miss,calibration rejected (iv_rmse=0.0233 > 0.02),0.02326920183909308,20.0,292.0,1523.0
2020-03-26,iv_miss,calibration rejected (iv_rmse=0.0217 > 0.02),0.021679406262544422,20.0,303.0,1564.0
2020-03-27,iv_miss,calibration rejected (iv_rmse=0.0279 > 0.02),0.027937748785317764,20.0,316.0,1464.0
2020-03-30,iv_miss,calibration rejected (iv_rmse=0.0254 > 0.02),0.025431613943765124,20.0,280.0,1533.0
2020-03-31,iv_miss,calibration rejected (iv_rmse=0.0225 > 0.02),0.02245337535250382,20.0,295.0,1463.0
2020-04-01,iv_miss,calibration rejected (iv_rmse=0.0249 > 0.02),0.024855068301808284,20.0,327.0,1478.0
2020-04-02,iv_miss,calibration rejected (iv_rmse=0.0243 > 0.02),0.024289480980548787,20.0,309.0,1484.0
2020-04-03,iv_miss,calibration rejected (iv_rmse=0.0212 > 0.02),0.021246297618208544,20.0,317.0,1456.0
2020-04-06,pegged,calibration rejected (boundary-pegged),0.018829386414688155,20.0,281.0,1518.0
2020-04-07,pegged,calibration rejected (boundary-pegged),0.01958463835009157,20.0,262.0,1517.0
2020-04-08,pegged,calibration rejected (boundary-pegged),0.01718412212931678,20.0,288.0,1462.0
2020-04-13,pegged,calibration rejected (boundary-pegged),0.01647576660070387,20.0,298.0,1425.0
2020-04-16,pegged,calibration rejected (boundary-pegged),0.01794576382338272,20.0,301.0,1350.0
2020-04-17,iv_miss,calibration rejected (iv_rmse=0.0204 > 0.02),0.020410314850409835,20.0,294.0,1476.0
2020-04-21,iv_miss,calibration rejected (iv_rmse=0.0221 > 0.02),0.02212033444183192,20.0,326.0,1506.0
2020-04-22,iv_miss,calibration rejected (iv_rmse=0.0214 > 0.02),0.021366929226859125,20.0,293.0,1348.0
2020-04-23,iv_miss,calibration rejected (iv_rmse=0.0206 > 0.02),0.020640316733225406,20.0,295.0,1418.0
2020-04-24,iv_miss,calibration rejected (iv_rmse=0.0237 > 0.02),0.02370219961026823,20.0,317.0,1337.0
2020-05-01,iv_miss,calibration rejected (iv_rmse=0.0212 > 0.02),0.021203900378357742,20.0,311.0,1427.0
2020-05-08,iv_miss,calibration rejected (iv_rmse=0.0202 > 0.02),0.020174091899551706,20.0,261.0,1303.0
2020-05-14,iv_miss,calibration rejected (iv_rmse=0.0222 > 0.02),0.022179359077679085,20.0,305.0,1437.0
2020-06-02,pegged,calibration rejected (boundary-pegged),0.01194787437530368,20.0,258.0,1316.0
2020-06-04,pegged,calibration rejected (boundary-pegged),0.017328386540708018,20.0,260.0,1344.0
2020-06-11,iv_miss,calibration rejected (iv_rmse=0.0267 > 0.02),0.026729132692418892,20.0,242.0,1597.0
2020-06-12,iv_miss,calibration rejected (iv_rmse=0.0217 > 0.02),0.021721601969145556,20.0,259.0,1550.0
2020-06-15,iv_miss,calibration rejected (iv_rmse=0.0207 > 0.02),0.02066237825770233,20.0,305.0,1512.0
2020-06-22,pegged,calibration rejected (boundary-pegged),0.01788694959204021,19.0,295.0,1358.0
2020-06-23,pegged,calibration rejected (boundary-pegged),0.014972048414906779,20.0,278.0,1306.0
2020-07-02,pegged,calibration rejected (boundary-pegged),0.015565422202231512,20.0,244.0,1403.0
2020-07-07,pegged,calibration rejected (boundary-pegged),0.017230169325778866,20.0,262.0,1375.0
2020-07-08,pegged,calibration rejected (boundary-pegged),0.01533369418570396,20.0,250.0,1330.0
2020-07-15,pegged,calibration rejected (boundary-pegged),0.01389007465136193,20.0,286.0,1322.0
2020-07-16,pegged,calibration rejected (boundary-pegged),0.015212515979921837,20.0,267.0,1283.0
2020-07-17,pegged,calibration rejected (boundary-pegged),0.013491200867414767,20.0,261.0,1314.0
2020-07-20,pegged,calibration rejected (boundary-pegged),0.01350149428831139,20.0,274.0,1355.0
2020-07-21,pegged,calibration rejected (boundary-pegged),0.01542375907400733,19.0,262.0,1256.0
2020-07-22,pegged,calibration rejected (boundary-pegged),0.014758797161962873,20.0,248.0,1162.0
2020-07-24,pegged,calibration rejected (boundary-pegged),0.014059793655617199,20.0,259.0,1367.0
2020-07-27,pegged,calibration rejected (boundary-pegged),0.017352220464711573,20.0,265.0,1244.0
2020-07-28,pegged,calibration rejected (boundary-pegged),0.013649128636689793,20.0,277.0,1334.0
2020-07-29,pegged,calibration rejected (boundary-pegged),0.01720775739045867,20.0,304.0,1308.0
2020-07-30,pegged,calibration rejected (boundary-pegged),0.01719637103474508,20.0,317.0,1327.0
2020-07-31,pegged,calibration rejected (boundary-pegged),0.016028770751528337,20.0,266.0,1299.0
2020-08-03,pegged,calibration rejected (boundary-pegged),0.01540002922757665,20.0,242.0,1263.0
2020-08-04,pegged,calibration rejected (boundary-pegged),0.017441682262197254,20.0,241.0,1221.0
2020-08-05,pegged,calibration rejected (boundary-pegged),0.01616065354457138,20.0,223.0,1197.0
2020-08-06,pegged,calibration rejected (boundary-pegged),0.016128611880673473,20.0,275.0,1278.0
2020-08-07,pegged,calibration rejected (boundary-pegged),0.015129274242536494,20.0,258.0,1300.0
2020-08-10,pegged,calibration rejected (boundary-pegged),0.015779627378324224,20.0,267.0,1215.0
2020-08-11,pegged,calibration rejected (boundary-pegged),0.016436453342492253,20.0,254.0,1297.0
2020-08-12,pegged,calibration rejected (boundary-pegged),0.016012515450179066,20.0,258.0,1219.0
2020-08-13,pegged,calibration rejected (boundary-pegged),0.017039806861351033,20.0,263.0,1207.0
2020-08-14,pegged,calibration rejected (boundary-pegged),0.015158411726058281,19.0,243.0,1150.0
2020-08-17,pegged,calibration rejected (boundary-pegged),0.01855746742371244,20.0,208.0,1004.0
2020-08-18,pegged,calibration rejected (boundary-pegged),0.013630933878385086,20.0,235.0,1137.0
2020-08-19,pegged,calibration rejected (boundary-pegged),0.014080275666006666,20.0,254.0,1175.0
2020-08-20,pegged,calibration rejected (boundary-pegged),0.015014540738845946,20.0,279.0,1199.0
2020-08-21,pegged,calibration rejected (boundary-pegged),0.015361817436016287,20.0,255.0,1230.0
2020-08-24,pegged,calibration rejected (boundary-pegged),0.016242040478402314,20.0,239.0,1216.0
2020-08-25,pegged,calibration rejected (boundary-pegged),0.017409598238390056,20.0,238.0,1177.0
2020-08-26,pegged,calibration rejected (boundary-pegged),0.017490824895387738,20.0,260.0,1320.0
2020-08-27,pegged,calibration rejected (boundary-pegged),0.01725447581539318,19.0,251.0,1342.0
2020-08-28,pegged,calibration rejected (boundary-pegged),0.019997929368593514,20.0,258.0,1318.0
2020-08-31,pegged,calibration rejected (boundary-pegged),0.017742911431000156,19.0,232.0,1220.0
2020-09-01,iv_miss,calibration rejected (iv_rmse=0.0217 > 0.02),0.021731456021008632,20.0,253.0,1266.0
2020-09-02,iv_miss,calibration rejected (iv_rmse=0.0219 > 0.02),0.02186211727906052,20.0,265.0,1452.0
2020-09-03,iv_miss,calibration rejected (iv_rmse=0.0260 > 0.02),0.0260355295515905,20.0,257.0,1409.0
2020-09-04,iv_miss,calibration rejected (iv_rmse=0.0249 > 0.02),0.02486154220950121,20.0,303.0,1473.0
2020-09-10,pegged,calibration rejected (boundary-pegged),0.017063906582801606,20.0,316.0,1412.0
2020-09-11,pegged,calibration rejected (boundary-pegged),0.016946329736629028,20.0,313.0,1370.0
2020-09-14,pegged,calibration rejected (boundary-pegged),0.01646219793949392,20.0,265.0,1330.0
2020-09-15,pegged,calibration rejected (boundary-pegged),0.016114111709690175,20.0,280.0,1156.0
2020-09-16,pegged,calibration rejected (boundary-pegged),0.015861948089426925,19.0,287.0,1178.0
2020-09-17,pegged,calibration rejected (boundary-pegged),0.015570574883454433,20.0,283.0,1393.0
2020-09-18,pegged,calibration rejected (boundary-pegged),0.017220133236860828,20.0,307.0,1430.0
2020-09-21,pegged,calibration rejected (boundary-pegged),0.019224861101187093,20.0,268.0,1473.0
2020-09-22,pegged,calibration rejected (boundary-pegged),0.0196927970084121,20.0,301.0,1394.0
2020-09-23,iv_miss,calibration rejected (iv_rmse=0.0205 > 0.02),0.020539858934917717,19.0,275.0,1402.0
2020-09-24,iv_miss,calibration rejected (iv_rmse=0.0233 > 0.02),0.023257681270415644,20.0,305.0,1391.0
2020-09-25,iv_miss,calibration rejected (iv_rmse=0.0211 > 0.02),0.021063479796245146,20.0,271.0,1399.0
2020-09-29,pegged,calibration rejected (boundary-pegged),0.01921398687310728,20.0,253.0,1234.0
2020-09-30,pegged,calibration rejected (boundary-pegged),0.01967388370677865,20.0,268.0,1365.0
2020-10-05,iv_miss,calibration rejected (iv_rmse=0.0206 > 0.02),0.020599814149743864,20.0,259.0,1301.0
2020-10-16,pegged,calibration rejected (boundary-pegged),0.014280715443850353,19.0,270.0,1205.0
2020-10-20,pegged,calibration rejected (boundary-pegged),0.013118145822325015,20.0,299.0,1374.0
2020-10-21,pegged,calibration rejected (boundary-pegged),0.011571775009838654,20.0,266.0,1310.0
2020-10-22,pegged,calibration rejected (boundary-pegged),0.010285309869388555,19.0,251.0,1206.0
2020-10-23,pegged,calibration rejected (boundary-pegged),0.011716190008853773,20.0,261.0,1256.0
2020-10-27,pegged,calibration rejected (boundary-pegged),0.015706096604511697,20.0,234.0,1231.0
2020-10-28,pegged,calibration rejected (boundary-pegged),0.011895535189142195,20.0,267.0,1424.0
2020-10-30,pegged,calibration rejected (boundary-pegged),0.011830923558156334,20.0,277.0,1434.0
2020-11-02,pegged,calibration rejected (boundary-pegged),0.01059400546865709,19.0,267.0,1314.0
2020-11-03,pegged,calibration rejected (boundary-pegged),0.008253385529971,20.0,247.0,1338.0
2020-11-10,pegged,calibration rejected (boundary-pegged),0.011923948360222683,20.0,263.0,1343.0
2020-11-11,pegged,calibration rejected (boundary-pegged),0.012166457559171028,20.0,258.0,1225.0
2020-11-12,pegged,calibration rejected (boundary-pegged),0.014552120764728607,20.0,273.0,1238.0
2020-11-13,pegged,calibration rejected (boundary-pegged),0.011840926124898296,19.0,268.0,1234.0
2020-11-17,pegged,calibration rejected (boundary-pegged),0.0118936934429436,20.0,260.0,1302.0
2020-11-18,pegged,calibration rejected (boundary-pegged),0.010418235237150922,20.0,278.0,1275.0
2020-11-19,pegged,calibration rejected (boundary-pegged),0.011067363571975682,19.0,246.0,1211.0
2020-11-20,pegged,calibration rejected (boundary-pegged),0.011354613200609709,20.0,255.0,1237.0
2020-11-23,pegged,calibration rejected (boundary-pegged),0.01118589781283525,20.0,242.0,1279.0
2020-11-25,pegged,calibration rejected (boundary-pegged),0.01207319573470932,19.0,229.0,1197.0
2020-11-27,pegged,calibration rejected (boundary-pegged),0.013675042035372257,20.0,230.0,1172.0
2020-11-30,pegged,calibration rejected (boundary-pegged),0.010990108353554967,20.0,259.0,1345.0
2020-12-02,pegged,calibration rejected (boundary-pegged),0.0106365901470064,20.0,264.0,1261.0
2020-12-03,pegged,calibration rejected (boundary-pegged),0.011420394562128908,20.0,248.0,1210.0
2020-12-04,pegged,calibration rejected (boundary-pegged),0.01545596388070967,20.0,250.0,1210.0
2020-12-07,pegged,calibration rejected (boundary-pegged),0.010281265603745399,20.0,234.0,1294.0
2020-12-08,pegged,calibration rejected (boundary-pegged),0.01117934441701761,20.0,255.0,1211.0
2020-12-10,pegged,calibration rejected (boundary-pegged),0.01041050915566952,20.0,260.0,1227.0
2020-12-11,pegged,calibration rejected (boundary-pegged),0.011170149500205446,20.0,250.0,1294.0
2020-12-14,pegged,calibration rejected (boundary-pegged),0.013849451522025071,20.0,256.0,1315.0
2020-12-15,pegged,calibration rejected (boundary-pegged),0.015464029459199797,20.0,281.0,1307.0
2020-12-16,pegged,calibration rejected (boundary-pegged),0.01412899711791921,19.0,272.0,1176.0
2020-12-17,pegged,calibration rejected (boundary-pegged),0.011769461973331515,20.0,243.0,1181.0
2020-12-18,pegged,calibration rejected (boundary-pegged),0.010673953799179486,19.0,262.0,1183.0
2020-12-22,pegged,calibration rejected (boundary-pegged),0.011298109354261949,19.0,248.0,1189.0
2020-12-23,pegged,calibration rejected (boundary-pegged),0.013690601202981687,20.0,241.0,1288.0
2020-12-24,pegged,calibration rejected (boundary-pegged),0.014331408390647872,20.0,229.0,1099.0
2020-12-28,pegged,calibration rejected (boundary-pegged),0.010519647577168343,20.0,254.0,1283.0
2020-12-30,pegged,calibration rejected (boundary-pegged),0.012559709305597248,20.0,226.0,1172.0
2020-12-31,pegged,calibration rejected (boundary-pegged),0.009368776687556663,19.0,264.0,1265.0
2021-01-05,pegged,calibration rejected (boundary-pegged),0.010443791531996493,20.0,282.0,1280.0
2021-01-07,pegged,calibration rejected (boundary-pegged),0.010450923866012238,20.0,265.0,1327.0
2021-01-08,pegged,calibration rejected (boundary-pegged),0.013579264537811594,20.0,292.0,1293.0
2021-01-12,pegged,calibration rejected (boundary-pegged),0.010254260529848654,20.0,261.0,1281.0
2021-01-13,pegged,calibration rejected (boundary-pegged),0.011372097501024917,20.0,274.0,1199.0
2021-01-14,pegged,calibration rejected (boundary-pegged),0.012958058231907522,19.0,254.0,1121.0
2021-01-15,pegged,calibration rejected (boundary-pegged),0.009990276600872136,20.0,274.0,1264.0
2021-01-19,pegged,calibration rejected (boundary-pegged),0.009430822238620561,20.0,254.0,1263.0
2021-01-21,pegged,calibration rejected (boundary-pegged),0.011310714529495084,20.0,244.0,1207.0
2021-01-22,pegged,calibration rejected (boundary-pegged),0.011526213105930907,20.0,273.0,1242.0
2021-01-25,pegged,calibration rejected (boundary-pegged),0.013577751521822511,20.0,293.0,1375.0
2021-01-26,pegged,calibration rejected (boundary-pegged),0.011178481952261184,19.0,244.0,1187.0
2021-01-29,pegged,calibration rejected (boundary-pegged),0.01733840299848851,20.0,275.0,1435.0
2021-02-01,pegged,calibration rejected (boundary-pegged),0.016379715075312398,20.0,270.0,1413.0
2021-02-02,pegged,calibration rejected (boundary-pegged),0.013741623075520158,20.0,265.0,1327.0
2021-02-03,pegged,calibration rejected (boundary-pegged),0.01117801007959336,19.0,236.0,1161.0
2021-02-04,pegged,calibration rejected (boundary-pegged),0.011220059553496496,20.0,260.0,1247.0
2021-02-05,pegged,calibration rejected (boundary-pegged),0.013031020637470631,20.0,239.0,1222.0
2021-02-08,pegged,calibration rejected (boundary-pegged),0.011337125468767549,20.0,268.0,1303.0
2021-02-09,pegged,calibration rejected (boundary-pegged),0.011435412770084329,20.0,243.0,1209.0
2021-02-10,pegged,calibration rejected (boundary-pegged),0.010293207921919447,20.0,259.0,1243.0
2021-02-11,pegged,calibration rejected (boundary-pegged),0.013704384272144196,20.0,279.0,1257.0
2021-02-12,pegged,calibration rejected (boundary-pegged),0.010865067688309554,20.0,279.0,1274.0
2021-02-16,iv_miss,calibration rejected (iv_rmse=0.4411 > 0.02),0.44114768470767074,20.0,251.0,1245.0
2021-02-17,iv_miss,calibration rejected (iv_rmse=0.4696 > 0.02),0.46956979954452227,20.0,282.0,1176.0
2021-02-18,iv_miss,calibration rejected (iv_rmse=0.3215 > 0.02),0.32149130354768435,19.0,261.0,1213.0
2021-02-19,iv_miss,calibration rejected (iv_rmse=0.2175 > 0.02),0.21753449905722216,20.0,291.0,1286.0
2021-02-22,iv_miss,calibration rejected (iv_rmse=0.2625 > 0.02),0.26254739574647906,20.0,283.0,1307.0
2021-02-23,iv_miss,calibration rejected (iv_rmse=0.3322 > 0.02),0.3322480386866609,20.0,300.0,1415.0
2021-02-24,iv_miss,calibration rejected (iv_rmse=0.2548 > 0.02),0.2548076904729978,20.0,245.0,1323.0
2021-02-25,iv_miss,calibration rejected (iv_rmse=0.3602 > 0.02),0.360221402453726,20.0,284.0,1405.0
2021-02-26,iv_miss,calibration rejected (iv_rmse=0.3557 > 0.02),0.3556666978131868,20.0,264.0,1392.0
2021-03-01,iv_miss,calibration rejected (iv_rmse=0.2982 > 0.02),0.29820612358566906,20.0,249.0,1372.0
2021-03-02,iv_miss,calibration rejected (iv_rmse=0.3446 > 0.02),0.3446326668484769,20.0,296.0,1260.0
2021-03-03,iv_miss,calibration rejected (iv_rmse=0.3643 > 0.02),0.36433582170781237,20.0,308.0,1329.0
2021-03-04,iv_miss,calibration rejected (iv_rmse=0.3154 > 0.02),0.31542042421555916,20.0,284.0,1513.0
2021-03-05,iv_miss,calibration rejected (iv_rmse=0.4080 > 0.02),0.40802498957540906,19.0,277.0,1426.0
2021-03-08,iv_miss,calibration rejected (iv_rmse=0.2547 > 0.02),0.2547487005174625,20.0,325.0,1465.0
2021-03-09,iv_miss,calibration rejected (iv_rmse=0.2805 > 0.02),0.2805441728572877,20.0,282.0,1349.0
2021-03-10,iv_miss,calibration rejected (iv_rmse=0.3565 > 0.02),0.35647335365976024,20.0,296.0,1332.0
2021-03-11,iv_miss,calibration rejected (iv_rmse=0.3525 > 0.02),0.3524904277559344,20.0,303.0,1405.0
2021-03-12,iv_miss,calibration rejected (iv_rmse=0.3747 > 0.02),0.3746756442098607,20.0,289.0,1264.0
2021-03-15,iv_miss,calibration rejected (iv_rmse=0.3976 > 0.02),0.397623428955503,20.0,309.0,1348.0
2021-03-16,iv_miss,calibration rejected (iv_rmse=0.3082 > 0.02),0.3081600556574405,20.0,273.0,1279.0
2021-03-17,iv_miss,calibration rejected (iv_rmse=0.2818 > 0.02),0.28182605273216765,20.0,322.0,1275.0
2021-03-18,iv_miss,calibration rejected (iv_rmse=0.2196 > 0.02),0.21963933029522736,20.0,274.0,1241.0
2021-03-19,iv_miss,calibration rejected (iv_rmse=0.2294 > 0.02),0.22944533038078796,20.0,315.0,1314.0
2021-03-22,iv_miss,calibration rejected (iv_rmse=0.2658 > 0.02),0.2657866657322351,19.0,254.0,1180.0
2021-03-23,iv_miss,calibration rejected (iv_rmse=0.1820 > 0.02),0.18196255135052983,20.0,271.0,1285.0
2021-03-24,iv_miss,calibration rejected (iv_rmse=0.2592 > 0.02),0.259179458174363,19.0,300.0,1174.0
2021-03-25,iv_miss,calibration rejected (iv_rmse=0.3253 > 0.02),0.32532184232602473,20.0,269.0,1319.0
2021-03-26,iv_miss,calibration rejected (iv_rmse=0.3041 > 0.02),0.3040571432302418,20.0,267.0,1309.0
2021-03-29,iv_miss,calibration rejected (iv_rmse=0.1875 > 0.02),0.1875062950646242,20.0,250.0,1388.0
2021-03-30,iv_miss,calibration rejected (iv_rmse=0.1469 > 0.02),0.14685377290385987,20.0,247.0,1219.0
2021-03-31,iv_miss,calibration rejected (iv_rmse=0.2027 > 0.02),0.20270459443558655,20.0,283.0,1345.0
2021-04-01,iv_miss,calibration rejected (iv_rmse=0.1618 > 0.02),0.1617784512954372,20.0,274.0,1400.0
2021-04-05,iv_miss,calibration rejected (iv_rmse=0.1965 > 0.02),0.1964701350434914,20.0,285.0,1400.0
2021-04-06,iv_miss,calibration rejected (iv_rmse=0.1634 > 0.02),0.1634266138845903,20.0,286.0,1312.0
2021-04-07,iv_miss,calibration rejected (iv_rmse=0.1882 > 0.02),0.1881673412378557,20.0,260.0,1254.0
2021-04-08,iv_miss,calibration rejected (iv_rmse=0.1725 > 0.02),0.1725276943841349,20.0,285.0,1307.0
2021-04-09,iv_miss,calibration rejected (iv_rmse=0.1375 > 0.02),0.13752121557671163,20.0,293.0,1369.0
2021-04-12,iv_miss,calibration rejected (iv_rmse=0.1917 > 0.02),0.19166177144879928,20.0,275.0,1329.0
2021-04-13,iv_miss,calibration rejected (iv_rmse=0.2359 > 0.02),0.2358674840827456,20.0,286.0,1316.0
2021-04-14,iv_miss,calibration rejected (iv_rmse=0.1513 > 0.02),0.151261271632175,20.0,290.0,1279.0
2021-04-15,iv_miss,calibration rejected (iv_rmse=0.1919 > 0.02),0.19193718418320427,20.0,287.0,1306.0
2021-04-16,iv_miss,calibration rejected (iv_rmse=0.2794 > 0.02),0.27944452183743573,20.0,251.0,1224.0
2021-04-19,iv_miss,calibration rejected (iv_rmse=0.1988 > 0.02),0.19877609549564118,20.0,266.0,1309.0
2021-04-20,iv_miss,calibration rejected (iv_rmse=0.1690 > 0.02),0.16904288368973905,20.0,260.0,1284.0
2021-04-21,iv_miss,calibration rejected (iv_rmse=0.2002 > 0.02),0.20015364773375574,20.0,286.0,1257.0
2021-04-22,iv_miss,calibration rejected (iv_rmse=0.1783 > 0.02),0.17828519161637793,20.0,267.0,1233.0
2021-04-23,iv_miss,calibration rejected (iv_rmse=0.1977 > 0.02),0.19772035770600463,20.0,267.0,1303.0
2021-04-26,iv_miss,calibration rejected (iv_rmse=0.2438 > 0.02),0.24380322097322782,20.0,248.0,1163.0
2021-04-27,iv_miss,calibration rejected (iv_rmse=0.2068 > 0.02),0.20675951704125456,20.0,247.0,1070.0
2021-04-28,iv_miss,calibration rejected (iv_rmse=0.1485 > 0.02),0.1485417183852679,20.0,258.0,1097.0
2021-04-29,iv_miss,calibration rejected (iv_rmse=0.1932 > 0.02),0.19318449052590642,20.0,277.0,1211.0
2021-04-30,iv_miss,calibration rejected (iv_rmse=0.2712 > 0.02),0.2712344502331047,20.0,261.0,1266.0
2021-05-03,iv_miss,calibration rejected (iv_rmse=0.1926 > 0.02),0.19263610102783799,20.0,237.0,1196.0
2021-05-05,pegged,calibration rejected (boundary-pegged),0.005828106382712333,20.0,260.0,1238.0
2021-05-06,pegged,calibration rejected (boundary-pegged),0.006828917875051781,19.0,263.0,1172.0
2021-05-07,pegged,calibration rejected (boundary-pegged),0.006634341314496583,20.0,282.0,1293.0
2021-05-10,pegged,calibration rejected (boundary-pegged),0.007095095387312967,20.0,273.0,1295.0
2021-05-21,pegged,calibration rejected (boundary-pegged),0.009824052405373897,20.0,273.0,1280.0
2021-05-24,pegged,calibration rejected (boundary-pegged),0.006721859730860469,20.0,287.0,1327.0
2021-05-25,pegged,calibration rejected (boundary-pegged),0.007024609251080605,20.0,246.0,1334.0
2021-05-26,pegged,calibration rejected (boundary-pegged),0.007049797140799119,20.0,264.0,1267.0
2021-05-27,pegged,calibration rejected (boundary-pegged),0.006918671932212769,20.0,258.0,1326.0
2021-05-28,pegged,calibration rejected (boundary-pegged),0.007247012649825379,20.0,242.0,1227.0
2021-06-01,pegged,calibration rejected (boundary-pegged),0.004992274896809709,20.0,271.0,1328.0
2021-06-02,pegged,calibration rejected (boundary-pegged),0.0063898549729471035,20.0,248.0,1248.0
2021-06-03,pegged,calibration rejected (boundary-pegged),0.005759244501584525,20.0,249.0,1263.0
2021-06-04,pegged,calibration rejected (boundary-pegged),0.0054448746544538676,20.0,271.0,1229.0
2021-06-07,pegged,calibration rejected (boundary-pegged),0.006331085326417919,20.0,221.0,1231.0
2021-06-08,pegged,calibration rejected (boundary-pegged),0.006261939277649244,20.0,231.0,1238.0
2021-06-09,pegged,calibration rejected (boundary-pegged),0.008051997339552764,20.0,262.0,1184.0
2021-06-10,pegged,calibration rejected (boundary-pegged),0.0054573397787464105,20.0,247.0,1280.0
2021-06-11,pegged,calibration rejected (boundary-pegged),0.007913028177101827,20.0,257.0,1272.0
2021-06-14,pegged,calibration rejected (boundary-pegged),0.005719858519860531,20.0,238.0,1219.0
2021-06-15,pegged,calibration rejected (boundary-pegged),0.004275520619836188,20.0,225.0,1132.0
2021-06-16,pegged,calibration rejected (boundary-pegged),0.009435663143658651,19.0,256.0,1266.0
2021-06-17,pegged,calibration rejected (boundary-pegged),0.005478745200163846,20.0,264.0,1353.0
2021-06-21,pegged,calibration rejected (boundary-pegged),0.007287749413916563,19.0,265.0,1358.0
2021-06-22,pegged,calibration rejected (boundary-pegged),0.006073068104833019,20.0,233.0,1349.0
2021-06-23,pegged,calibration rejected (boundary-pegged),0.004751894247391629,19.0,228.0,1245.0
2021-06-24,pegged,calibration rejected (boundary-pegged),0.004871894161323767,20.0,220.0,1238.0
2021-06-25,pegged,calibration rejected (boundary-pegged),0.006701811468105531,20.0,230.0,1219.0
2021-06-28,pegged,calibration rejected (boundary-pegged),0.004694022026586079,20.0,257.0,1267.0
2021-06-29,pegged,calibration rejected (boundary-pegged),0.006571421503074224,20.0,241.0,1250.0
2021-06-30,pegged,calibration rejected (boundary-pegged),0.008852205376307938,20.0,230.0,1156.0
2021-07-01,pegged,calibration rejected (boundary-pegged),0.005714615370924454,20.0,265.0,1251.0
2021-07-02,pegged,calibration rejected (boundary-pegged),0.006016225445428393,20.0,279.0,1297.0
2021-07-06,pegged,calibration rejected (boundary-pegged),0.0057412521249853325,20.0,259.0,1306.0
2021-07-07,pegged,calibration rejected (boundary-pegged),0.006253666043157763,19.0,269.0,1193.0
2021-07-08,pegged,calibration rejected (boundary-pegged),0.007011288429481826,20.0,277.0,1402.0
2021-07-09,pegged,calibration rejected (boundary-pegged),0.00667145668674078,20.0,272.0,1265.0
2021-07-12,pegged,calibration rejected (boundary-pegged),0.0050711617596492335,20.0,258.0,1255.0
2021-07-13,pegged,calibration rejected (boundary-pegged),0.006413208564905045,20.0,277.0,1270.0
2021-07-14,pegged,calibration rejected (boundary-pegged),0.005396599614253999,20.0,261.0,1149.0
2021-07-15,pegged,calibration rejected (boundary-pegged),0.0062637013524778715,20.0,248.0,1261.0
2021-07-16,pegged,calibration rejected (boundary-pegged),0.006666112094262624,20.0,257.0,1335.0
2021-07-21,pegged,calibration rejected (boundary-pegged),0.006271582274307352,20.0,245.0,1275.0
2021-07-22,pegged,calibration rejected (boundary-pegged),0.0069598111571588205,20.0,251.0,1181.0
2021-07-23,pegged,calibration rejected (boundary-pegged),0.006403467354249104,20.0,269.0,1364.0
2021-07-26,pegged,calibration rejected (boundary-pegged),0.006604107943625164,20.0,251.0,1337.0
2021-07-27,pegged,calibration rejected (boundary-pegged),0.007351658548945705,19.0,272.0,1352.0
2021-07-28,pegged,calibration rejected (boundary-pegged),0.006999130708984279,19.0,259.0,1160.0
2021-07-29,pegged,calibration rejected (boundary-pegged),0.006220075268161512,20.0,224.0,1189.0
2021-07-30,pegged,calibration rejected (boundary-pegged),0.006784901270674729,20.0,238.0,1260.0
2021-08-02,pegged,calibration rejected (boundary-pegged),0.005530283545201821,19.0,214.0,1229.0
2021-08-03,pegged,calibration rejected (boundary-pegged),0.008349109673424641,20.0,275.0,1325.0
2021-08-04,pegged,calibration rejected (boundary-pegged),0.006698106960898373,20.0,248.0,1129.0
2021-08-05,pegged,calibration rejected (boundary-pegged),0.007405631483251215,20.0,244.0,1136.0
2021-08-06,pegged,calibration rejected (boundary-pegged),0.005480661489438702,20.0,222.0,1222.0
2021-08-09,pegged,calibration rejected (boundary-pegged),0.007814029738724328,20.0,244.0,1274.0
2021-08-10,pegged,calibration rejected (boundary-pegged),0.00564718546029047,20.0,244.0,1202.0
2021-08-11,pegged,calibration rejected (boundary-pegged),0.0058571599658321,20.0,252.0,1247.0
2021-08-12,pegged,calibration rejected (boundary-pegged),0.005556869385132059,20.0,267.0,1323.0
2021-08-13,pegged,calibration rejected (boundary-pegged),0.0066218152690509765,20.0,212.0,1143.0
2021-08-16,pegged,calibration rejected (boundary-pegged),0.005839154243007145,20.0,271.0,1267.0
2021-08-17,pegged,calibration rejected (boundary-pegged),0.006591585709110549,20.0,272.0,1394.0
2021-08-18,pegged,calibration rejected (boundary-pegged),0.00807878401230592,20.0,255.0,1252.0
2021-08-19,pegged,calibration rejected (boundary-pegged),0.008665370461611909,20.0,275.0,1419.0
2021-08-20,pegged,calibration rejected (boundary-pegged),0.008136844994765306,20.0,264.0,1251.0
2021-08-23,pegged,calibration rejected (boundary-pegged),0.006975422008063755,20.0,275.0,1343.0
2021-08-24,pegged,calibration rejected (boundary-pegged),0.010021043905946046,20.0,273.0,1193.0
2021-08-25,pegged,calibration rejected (boundary-pegged),0.006687171011353286,19.0,237.0,1126.0
2021-08-26,pegged,calibration rejected (boundary-pegged),0.007335735144215098,20.0,280.0,1323.0
2021-08-27,pegged,calibration rejected (boundary-pegged),0.007238437914226696,20.0,259.0,1235.0
2021-08-30,pegged,calibration rejected (boundary-pegged),0.006170719772441246,20.0,278.0,1302.0
2021-08-31,pegged,calibration rejected (boundary-pegged),0.006222193322101029,19.0,254.0,1134.0
2021-09-01,pegged,calibration rejected (boundary-pegged),0.005751490932782622,20.0,270.0,1162.0
2021-09-02,pegged,calibration rejected (boundary-pegged),0.004958935764772537,20.0,268.0,1214.0
2021-09-03,pegged,calibration rejected (boundary-pegged),0.006905087469090922,20.0,258.0,1194.0
2021-09-07,pegged,calibration rejected (boundary-pegged),0.005558325967295771,20.0,258.0,1301.0
2021-09-08,pegged,calibration rejected (boundary-pegged),0.00685678538283332,20.0,301.0,1345.0
2021-09-09,pegged,calibration rejected (boundary-pegged),0.005714814425346368,20.0,256.0,1377.0
2021-09-10,pegged,calibration rejected (boundary-pegged),0.007695598995559552,20.0,259.0,1388.0
2021-09-13,pegged,calibration rejected (boundary-pegged),0.006069020886393328,20.0,278.0,1495.0
2021-09-14,pegged,calibration rejected (boundary-pegged),0.0059070870752206935,20.0,299.0,1450.0
2021-09-15,pegged,calibration rejected (boundary-pegged),0.006209379402548669,20.0,304.0,1305.0
2021-09-16,pegged,calibration rejected (boundary-pegged),0.006030444784773856,20.0,287.0,1389.0
2021-09-23,pegged,calibration rejected (boundary-pegged),0.005759960175700204,20.0,280.0,1431.0
2021-09-24,pegged,calibration rejected (boundary-pegged),0.006553194215782085,20.0,258.0,1267.0
2021-09-27,pegged,calibration rejected (boundary-pegged),0.00495123760914116,20.0,262.0,1375.0
2021-10-15,pegged,calibration rejected (boundary-pegged),0.006014913780417043,19.0,286.0,1349.0
2021-10-18,pegged,calibration rejected (boundary-pegged),0.006512273038640317,20.0,278.0,1505.0
2021-10-19,pegged,calibration rejected (boundary-pegged),0.0063763502496603655,20.0,271.0,1511.0
2021-10-20,pegged,calibration rejected (boundary-pegged),0.006341930155940995,20.0,280.0,1370.0
2021-10-21,pegged,calibration rejected (boundary-pegged),0.006028353904117389,20.0,283.0,1356.0
2021-10-22,pegged,calibration rejected (boundary-pegged),0.005819977553430316,20.0,284.0,1363.0
2021-10-26,no_trades,no trades after IV/DTM filter,,,,
2021-10-27,pegged,calibration rejected (boundary-pegged),0.00568010619814904,19.0,300.0,1208.0
2021-10-28,pegged,calibration rejected (boundary-pegged),0.0058170361505782,20.0,272.0,1325.0
2021-10-29,pegged,calibration rejected (boundary-pegged),0.005031543959576598,20.0,288.0,1352.0
2021-11-01,pegged,calibration rejected (boundary-pegged),0.005274991785871829,20.0,281.0,1366.0
2021-11-02,pegged,calibration rejected (boundary-pegged),0.006256509070722742,20.0,297.0,1324.0
2021-11-03,pegged,calibration rejected (boundary-pegged),0.006030608130430828,20.0,291.0,1267.0
2021-11-04,pegged,calibration rejected (boundary-pegged),0.006065004737380751,20.0,260.0,1394.0
2021-11-05,pegged,calibration rejected (boundary-pegged),0.008113794991309525,20.0,277.0,1449.0
2021-11-08,pegged,calibration rejected (boundary-pegged),0.006684997506617121,20.0,270.0,1324.0
2021-11-09,pegged,calibration rejected (boundary-pegged),0.0072861447725686215,20.0,252.0,1307.0
2021-11-10,pegged,calibration rejected (boundary-pegged),0.006727267867385647,20.0,276.0,1408.0
2021-11-11,pegged,calibration rejected (boundary-pegged),0.0061695236154360004,20.0,285.0,1281.0
2021-11-12,pegged,calibration rejected (boundary-pegged),0.00847635956617381,20.0,296.0,1275.0
2021-11-15,pegged,calibration rejected (boundary-pegged),0.006945792626837866,20.0,287.0,1330.0
2021-11-16,pegged,calibration rejected (boundary-pegged),0.0073759329665036575,20.0,284.0,1334.0
2021-11-17,pegged,calibration rejected (boundary-pegged),0.006569292118685501,20.0,261.0,1193.0
2021-11-18,pegged,calibration rejected (boundary-pegged),0.007910524590885095,20.0,223.0,1151.0
2021-11-19,pegged,calibration rejected (boundary-pegged),0.006638773231587662,20.0,280.0,1237.0
2021-11-22,pegged,calibration rejected (boundary-pegged),0.0072489796270082275,20.0,305.0,1396.0
2021-11-23,pegged,calibration rejected (boundary-pegged),0.00662826962480786,20.0,288.0,1352.0
2021-11-24,pegged,calibration rejected (boundary-pegged),0.0061261240400063725,20.0,338.0,1278.0
2021-11-26,pegged,calibration rejected (boundary-pegged),0.008829776785714418,20.0,274.0,1514.0
2021-11-30,pegged,calibration rejected (boundary-pegged),0.0093392647853919,20.0,257.0,1462.0
2021-12-02,pegged,calibration rejected (boundary-pegged),0.009599027155480461,20.0,271.0,1539.0
2021-12-03,pegged,calibration rejected (boundary-pegged),0.01582045418595769,20.0,272.0,1457.0
2021-12-06,pegged,calibration rejected (boundary-pegged),0.009845199832197811,20.0,295.0,1429.0
2021-12-07,pegged,calibration rejected (boundary-pegged),0.007579577924556306,20.0,270.0,1441.0
2021-12-09,pegged,calibration rejected (boundary-pegged),0.007419803463832243,20.0,285.0,1241.0
2021-12-10,pegged,calibration rejected (boundary-pegged),0.0073469807222959396,20.0,311.0,1239.0
2021-12-13,pegged,calibration rejected (boundary-pegged),0.007373037212386184,20.0,322.0,1360.0
2021-12-23,pegged,calibration rejected (boundary-pegged),0.008603636469290656,20.0,279.0,1479.0
2021-12-27,pegged,calibration rejected (boundary-pegged),0.012417411550932424,20.0,281.0,1526.0
2021-12-28,pegged,calibration rejected (boundary-pegged),0.007004792972505192,20.0,307.0,1388.0
2021-12-29,pegged,calibration rejected (boundary-pegged),0.007609276363943957,20.0,311.0,1474.0
2021-12-30,pegged,calibration rejected (boundary-pegged),0.008622547800251734,20.0,313.0,1461.0
2021-12-31,pegged,calibration rejected (boundary-pegged),0.006946624294228878,20.0,286.0,1270.0
2022-01-03,pegged,calibration rejected (boundary-pegged),0.007036705987797917,20.0,286.0,1432.0
2022-01-04,pegged,calibration rejected (boundary-pegged),0.007222838981501731,20.0,312.0,1432.0
2022-11-03,pegged,calibration rejected (boundary-pegged),0.006501117555312388,20.0,272.0,1476.0
2023-01-12,pegged,calibration rejected (boundary-pegged),0.008714806511296257,20.0,225.0,1494.0
2023-04-24,pegged,calibration rejected (boundary-pegged),0.008085468428893615,20.0,244.0,1356.0
